Index, Time     , (odometrySubsystem).z[0], (odometrySubsystem).z[1], (odometrySubsystem).z[2], (odometrySubsystem).z[3], (odometrySubsystem).z[4], (odometrySubsystem).z[5], (odometrySubsystem).z[6], (odometrySubsystem).z[7]
  205,  2.049987, 0                       , -0.011635039            , 0                       , 0                       , 0.318295687             , 0.0820572302            ,             0.011717909 , 1.54368544
  206,  2.060002, -0.00166214828          , -0.00387834618          , -0.00831074174          , -0.0132971862           , 0.259007305             , -1.30883121             ,             0.0159789659, 1.54905272
  207,  2.070002, -0.149593353            , -0.184498474            , -0.185606569            , -0.147377163            , 0.230029166             , 0.853045344             ,             0.0426105782, 1.55106831
  208,  2.079984, -0.2277143              , -0.159012198            , -0.161228389            , -0.153471693            , 0.479388773             , -2.96788502             ,             0.103330649 , 1.55557394
  209,  2.090006, -0.21607928             , -0.324672997            , -0.322456777            , -0.202228054            , -0.35006234             , -3.39371538             ,             0.351537257 , 1.56362677
  210,  2.099988, -0.321348697            , -0.416645199            , -0.349051118            , -0.307497442            , -0.757542789            , -5.37807512             ,             0.65300709  , 1.57244444
  211,  2.110005, -0.367888838            , -0.479252815            , -0.631062269            , -0.472050101            , -0.614459872            , -5.3452754              ,             1.00880539  , 1.57771826
  212,  2.119986, -0.596157193            , -0.664859354            , -0.672616005            , -0.629954219            , 0.296519816             , -4.13921595             ,             1.32518899  , 1.57704782
  213,  2.130008, -0.722480416            , -0.800047398            , -0.867641509            , -0.823317468            , -1.14271569             , -5.06523466             ,             1.59150505  , 1.58874369
  214,  2.140004, -0.875398099            , -0.956843436            , -0.92415452             , -0.905870736            , 0.0413991734            , -2.5459342              ,             1.88445282  , 1.60398722
  215,  2.150009, -1.00670779             , -1.09036934             , -1.07873428             , -0.92304635             , -0.668247759            , -5.42521334             ,             2.19124889  , 1.62440872
  216,  2.159979, -1.02055907             , -1.22832763             , -1.1258285              , -1.14355814             , 0.476005733             , -2.80213118             ,             2.53106833  , 1.64962339
  217,  2.170003, -1.2266655              , -1.35575891             , -1.30589449             , -1.2399627              , -0.370102763            , -2.77824187             ,             2.85597396  , 1.67732954
  218,  2.179983, -1.42390716             , -1.39398849             , -1.50535214             , -1.43886638             , 1.55273485              , -2.65893102             ,             3.12655115  , 1.70916128
  219,  2.190001, -1.50756848             , -1.63056755             , -1.60286498             , -1.40673149             , 0.163289115             , -5.49106359             ,             3.41736841  , 1.74137354
  220,  2.199982, -1.59455419             , -1.67433727             , -1.74747205             , -1.68154013             , 3.37443757              , -1.12951255             ,             3.72629499  , 1.77770805
  221,  2.210004, -1.82503879             , -1.76021504             , -1.88986278             , -1.62447309             , 8.95356941              , -7.72343397             ,             4.03628683  , 1.81816816
  222,  2.219984, -1.67212141             , -1.87711954             , -1.87379515             , -1.76963401             , 3.28471899              , -3.89067531             ,             4.51246023  , 1.86217403
  223,  2.230003, -1.85883594             , -1.91922724             , -2.04333425             , -1.85883594             , 3.43610168              , -4.51007032             ,             4.72231722  , 1.90838432
  224,  2.240003, -1.89263296             , -2.03613162             , -2.01784801             , -1.79512024             , 0.0119179301            , -11.0203476             ,             5.13777065  , 1.96178722
  225,  2.249983, -1.86216021             , -2.11037445             , -2.07325315             , -2.03502369             , 8.05297756              , -5.6643014              ,             5.41580439  , 2.01576185
  226,  2.260005, -1.92587578             , -2.15469837             , -2.13586068             , -1.81949842             , 2.00409031              , -1.5488416              ,             5.83019257  , 2.07625818
  227,  2.269982, -1.88543022             , -2.20068431             , -2.14971185             , -1.94249725             , 2.94535732              , -1.71985567             ,             6.04750633  , 2.13435793
  228,  2.279985, -1.87988973             , -2.20290065             , -2.23448157             , -1.89374101             , 9.9053669               , 0.399867296             ,             6.44271946  , 2.20175886
  229,  2.289988, -1.80066085             , -2.16744161             , -2.2378056              , -1.77295828             , 5.89774036              , -0.692063868            ,             6.64085865  , 2.26762247
  230,  2.300003, -1.73140454             , -2.16134691             , -2.26107574             , -1.77517438             , 11.7008486              , 3.01928425              ,             6.93487167  , 2.33876133
  231,  2.309985, -1.67212141             , -2.04665875             , -2.20179248             , -1.67821598             , 7.12647343              , 3.255862                ,             7.27682161  , 2.41335058
  232,  2.320004, -1.64331055             , -2.02560472             , -2.16467142             , -1.65383756             , 11.1355553              , 4.99680042              ,             7.45258999  , 2.4918735
  233,  2.329989, -1.61062181             , -1.91424084             , -1.95247018             , -1.66547275             , 5.70141411              , 6.14327478              ,             7.74979877  , 2.57653022
  234,  2.339980, -1.73251259             , -1.87379515             , -1.90038955             , -1.76630962             , 7.50353622              , 4.27296448              ,             7.82969379  , 2.65399504
  235,  2.349984, -1.81839037             , -1.85772789             , -1.88653827             , -1.81118762             , 6.14285135              , 6.57405329              ,             7.99054861  , 2.73692703
  236,  2.360000, -1.92975426             , -1.90648425             , -1.90870035             , -1.86936295             , 5.64089537              , 5.04894686              ,             8.10453224  , 2.8177464
  237,  2.369980, -1.98183477             , -1.92476773             , -1.89595711             , -1.82725513             , 5.12424469              , 9.6199398               ,             8.25260353  , 2.89809036
  238,  2.380010, -1.97851062             , -1.96078086             , -1.98183477             , -1.88764644             , 7.07825089              , 7.04551649              ,             8.41558933  , 2.98159742
  239,  2.389978, -2.01507783             , -2.00011849             , -1.95025396             , -1.83002532             , 3.20975924              , 11.4822655              ,             8.5711174   , 3.06778455
  240,  2.400000, -2.03724003             , -2.00621295             , -1.96188891             , -1.88986278             , 3.34550953              , 9.36914635              ,             8.74369049  , -3.12077236
  241,  2.409982, -2.05829358             , -2.11868501             , -1.92975426             , -1.87157893             , -0.540773988            , 12.7865963              ,             8.84169483  , -3.02796483
  242,  2.420002, -2.09541512             , -2.09042859             , -1.98848367             , -1.92476773             , 5.37692547              , 9.92355824              ,             8.93863392  , -2.9403367
  243,  2.430008, -2.10594225             , -2.12422562             , -1.99568605             , -1.90870035             , -1.1983726              , 11.3958397              ,             9.01426792  , -2.85098314
  244,  2.439988, -2.14749575             , -2.09984732             , -2.07214475             , -1.94582176             , 1.86809087              , 12.6345253              ,             9.16233921  , -2.76095867
  245,  2.450008, -2.13253617             , -2.12422562             , -2.04998302             , -1.9629972              , -4.75779247             , 12.8989191              ,             9.20495033  , -2.67246771
  246,  2.459988, -2.18572497             , -2.14527941             , -2.09209061             , -1.97463214             , -2.00591397             , 11.1336975              ,             9.34982586  , -2.58243942
  247,  2.470009, -2.19181967             , -2.20179248             , -2.08156371             , -1.99901032             , -5.86951065             , 12.4413805              ,             9.35621738  , -2.48781443
  248,  2.479979, -2.21564388             , -2.1824007              , -2.13807678             , -2.01396966             , -4.76224899             , 13.2722006              ,             9.47978878  , -2.39241886
  249,  2.490008, -2.2621839              , -2.17907643             , -2.12200928             , -2.01064539             , -7.78535366             , 10.4709263              ,             9.53944302  , -2.29913187
  250,  2.499989, -2.28988647             , -2.24168396             , -2.12754989             , -2.05386138             , -7.01019859             , 11.6659651              ,             9.65342617  , -2.20546532
  251,  2.510009, -2.27714324             , -2.24500823             , -2.12090111             , -2.04998302             , -9.6137743              , 9.89152718              ,             9.66514397  , -2.11332846
  252,  2.520002, -2.29819703             , -2.3015213              , -2.15913057             , -2.07103682             , -8.61637211             , 10.8687506              ,             9.79404163  , -2.03883457
  253,  2.529983, -2.2727108              , -2.2704947              , -2.17076564             , -2.03280759             , -12.6220217             , 11.1363058              ,             9.80469418  , -1.94373035
  254,  2.540004, -2.29265666             , -2.29265666             , -2.20567083             , -2.09652328             , -11.5873747             , 7.86790037              ,             9.8845892   , -1.84775972
  255,  2.549984, -2.3319943              , -2.23448157             , -2.23448157             , -2.07768536             , -14.1095724             , 9.97263908              ,             9.9495697   , -1.7483387
  256,  2.560002, -2.32368326             , -2.25775146             , -2.2621839              , -2.11037445             , -13.8207703             , 3.95564604              ,            10.0007029   , -1.65150547
  257,  2.569982, -2.35526419             , -2.27714324             , -2.30429149             , -2.12754989             , -17.3373756             , 6.23585749              ,            10.0497046   , -1.55064678
  258,  2.580004, -2.35138583             , -2.24500823             , -2.27825117             , -2.18683314             , -11.804038              , 0.812040687             ,            10.0912504   , -1.44700861
  259,  2.589985, -2.38850713             , -2.3015213              , -2.32479167             , -2.12311745             , -16.6473942             , 0.0922973529            ,            10.181798    , -1.34451675
  260,  2.600002, -2.36911535             , -2.24500823             , -2.3258996              , -2.20677876             , -16.976099              , 1.65366387              ,            10.1935158   , -1.2404952
  261,  2.609983, -2.37354803             , -2.28545403             , -2.3386426              , -2.14195514             , -16.9345932             , -3.53330302             ,            10.2925854   , -1.13704872
  262,  2.620010, -2.41676378             , -2.2566433              , -2.37022352             , -2.18794107             , -15.7591486             , -2.89190841             ,            10.3064337   , -1.03101063
  263,  2.629981, -2.39681792             , -2.3258996              , -2.3608048              , -2.19514394             , -16.9249496             , -6.15943384             ,            10.3554354   , -0.922097206
  264,  2.640000, -2.46995258             , -2.32257533             , -2.42119622             , -2.21453571             , -11.3998451             , -9.15939045             ,            10.387394    , -0.813279629
  265,  2.649980, -2.46662807             , -2.31094003             , -2.41066933             , -2.21231937             , -15.3727322             , -10.795825              ,            10.4268084   , -0.706766129
  266,  2.660008, -2.4649663              , -2.35526419             , -2.45610118             , -2.20068431             , -13.7890987             , -11.3597507             ,            10.480072    , -0.601207256
  267,  2.669989, -2.50818181             , -2.32146716             , -2.46164179             , -2.25442719             , -9.25229359             , -11.9373245             ,            10.5375957   , -0.497856617
  268,  2.679999, -2.50097919             , -2.35138583             , -2.42119622             , -2.21342754             , -10.3753119             , -13.1519289             ,            10.5812721   , -0.389997959
  269,  2.689980, -2.51261425             , -2.36911535             , -2.45333099             , -2.25442719             , -8.27662754             , -13.9320507             ,            10.6441221   , -0.275046349
  270,  2.700007, -2.55305982             , -2.36689901             , -2.43837142             , -2.2311573              , -9.21013737             , -17.417078              ,            10.6931248   , -0.166899681
  271,  2.709988, -2.53366828             , -2.38518286             , -2.43393898             , -2.2439003              , -3.13743329             , -16.022913              ,            10.7240171   , -0.0593280792
  272,  2.719985, -2.55084372             , -2.3502779              , -2.45942545             , -2.25276494             , -6.17252159             , -17.8644218             ,            10.8049774   , 0.0475690365
  273,  2.730118, -2.54641128             , -2.38850713             , -2.43393898             , -2.29598093             , -1.07507789             , -20.3647728             ,            10.8422613   , 0.151977777
  274,  2.739982, -2.53145194             , -2.42562819             , -2.47327685             , -2.34584546             , 0.292954773             , -15.6048527             ,            10.8933945   , 0.263191462
  275,  2.750009, -2.52923584             , -2.43061495             , -2.49876285             , -2.32977796             , 1.54319715              , -16.939003              ,            10.9051123   , 0.373542547
  276,  2.759979, -2.53920865             , -2.46995258             , -2.46995258             , -2.37465596             , 2.53685093              , -19.2624092             ,            10.9530487   , 0.481781244
  277,  2.769983, -2.50596571             , -2.44668221             , -2.53145194             , -2.38850713             , 4.87064409              , -19.8167953             ,            11.0137691   , 0.589927912
  278,  2.780004, -2.54419518             , -2.43947983             , -2.50707364             , -2.3630209              , 5.10823154              , -19.0344906             ,            11.0393353   , 0.698170424
  279,  2.789985, -2.54973531             , -2.42452025             , -2.51372242             , -2.41177726             , 10.7044621              , -13.8795376             ,            11.1469269   , 0.806313276
  280,  2.800009, -2.53810048             , -2.41898012             , -2.55804634             , -2.40512848             , 8.05516434              , -13.9156256             ,            11.1682329   , 0.920310259
  281,  2.809989, -2.54641128             , -2.47770929             , -2.53699231             , -2.43393898             , 16.2885857              , -15.3690939             ,            11.1948643   , 1.03305745
  282,  2.820007, -2.54751921             , -2.47937131             , -2.55195165             , -2.42452025             , 13.8086767              , -12.297471              ,            11.2779551   , 1.14043379
  283,  2.829987, -2.56469488             , -2.45720935             , -2.56746507             , -2.45333099             , 13.2265015              , -8.41886425             ,            11.2971296   , 1.25260592
  284,  2.840042, -2.56857324             , -2.46385789             , -2.59405947             , -2.47770929             , 16.1575069              , -8.27393055             ,            11.3557196   , 1.36142302
  285,  2.850118, -2.57854605             , -2.46274996             , -2.5929513              , -2.46274996             , 18.3031559              , -8.87213516             ,            11.3780899   , 1.4700489
  286,  2.859983, -2.58464074             , -2.50485754             , -2.62286997             , -2.45720935             , 16.6609726              , -3.46145201             ,            11.4217653   , 1.58126259
  287,  2.870009, -2.6217618              , -2.49322248             , -2.58685684             , -2.48380351             , 20.4826717              , -1.88800955             ,            11.4771595   , 1.69372225
  288,  2.879988, -2.6045866              , -2.49322248             , -2.59184337             , -2.45333099             , 19.9676533              , -3.35516548             ,            11.4899426   , 1.80905771
  289,  2.890008, -2.62730241             , -2.55915451             , -2.61843753             , -2.50097919             , 19.2423649              , 2.37745094              ,            11.5197697   , 1.92708015
  290,  2.899978, -2.63782954             , -2.57522178             , -2.59184337             , -2.48601985             , 20.3445454              , 3.49341512              ,            11.559185    , 2.04509878
  291,  2.910010, -2.65168071             , -2.56968141             , -2.62397814             , -2.49654675             , 19.1803036              , 2.79914474              ,            11.5538588   , 2.16101265
  292,  2.919980, -2.66940999             , -2.58353257             , -2.62841058             , -2.55472183             , 14.1101923              , 9.26579857              ,            11.6252308   , 2.27931881
  293,  2.930000, -2.68104529             , -2.57632995             , -2.58464074             , -2.49987102             , 19.4232216              , 10.5991087              ,            11.684886    , 2.39772463
  294,  2.940012, -2.67827511             , -2.57632995             , -2.65445089             , -2.6068027              , 16.9093056              , 9.78677082              ,            11.6699724   , 2.5218811
  295,  2.950007, -2.68547773             , -2.60292435             , -2.62065387             , -2.62286997             , 11.5337763              , 15.0302696              ,            11.7317572   , 2.64498329
  296,  2.960007, -2.68990993             , -2.61234307             , -2.60791063             , -2.53145194             , 14.9400091              , 16.065403               ,            11.7924776   , 2.76588082
  297,  2.969987, -2.70653176             , -2.63782954             , -2.65057278             , -2.56857324             , 8.95677376              , 15.7806654              ,            11.777564    , 2.86319327
  298,  2.980009, -2.71428823             , -2.6749506              , -2.65168071             , -2.56137061             , 7.11405373              , 20.7970753              ,            11.8468056   , 2.98015785
  299,  2.989980, -2.70763969             , -2.65168071             , -2.60181642             , -2.54641128             , 9.37395477              , 22.2875729              ,            11.8574591   , 3.10268497
  300,  3.000009, -2.7281394              , -2.66109943             , -2.67827511             , -2.5824244              , 5.19733715              , 18.5027466              ,            11.9149828   , -3.05327702
  301,  3.009979, -2.75750422             , -2.70265317             , -2.65555906             , -2.56247854             , -1.59357083             , 23.0213928              ,            11.9767685   , -2.93630886
  302,  3.020001, -2.76526093             , -2.6622076              , -2.68436956             , -2.57078958             , -0.163743213            , 24.2353706              ,            11.9298964   , -2.81464839
  303,  3.029982, -2.78631473             , -2.6771667              , -2.71705866             , -2.57411361             , -0.373855382            , 20.5803738              ,            11.9991388   , -2.70017195
  304,  3.040002, -2.80349016             , -2.68104529             , -2.70265317             , -2.53255987             , -9.03936768             , 17.767849               ,            12.0822296   , -2.58387852
  305,  3.049983, -2.80736828             , -2.65666723             , -2.69101834             , -2.6045866              , -6.78676128             , 21.4830647              ,            12.0566635   , -2.46259737
  306,  3.060003, -2.83617902             , -2.64115357             , -2.70376134             , -2.59849191             , -9.46405602             , 19.385973               ,            12.1056652   , -2.34093285
  307,  3.069984, -2.82011151             , -2.69711256             , -2.71207213             , -2.54751921             , -12.5703239             , 16.3629265              ,            12.1589289   , -2.2248311
  308,  3.080002, -2.82565212             , -2.77135515             , -2.7109642              , -2.58020806             , -15.112999              , 14.4850674              ,            12.1781034   , -2.10834646
  309,  3.089982, -2.82121992             , -2.82343626             , -2.72592354             , -2.60181642             , -15.3992472             , 15.420661               ,            12.1866255   , -1.99224043
  310,  3.100004, -2.82676029             , -2.79462504             , -2.7214911              , -2.59960008             , -19.6733608             , 12.6421967              ,            12.2121916   , -1.87220907
  311,  3.109986, -2.81512547             , -2.78520656             , -2.7364502              , -2.62730241             , -19.248476              , 4.5152936               ,            12.255868    , -1.75188637
  312,  3.120006, -2.82454395             , -2.75030136             , -2.7386663              , -2.6217618              , -21.095871              , 7.6036005               ,            12.2750425   , -1.63089275
  313,  3.130008, -2.83839536             , -2.79905772             , -2.74476099             , -2.613451               , -24.6790943             , 5.23519182              ,            12.2803688   , -1.50664043
  314,  3.139988, -2.84670615             , -2.7746799              , -2.75750422             , -2.6356132              , -22.1033611             , -0.943953097            ,            12.3059349   , -1.38210058
  315,  3.150005, -2.87884068             , -2.73423386             , -2.78742266             , -2.64115357             , -19.4593639             , -2.72863173             ,            12.348546    , -1.25851917
  316,  3.159984, -2.90321898             , -2.76415277             , -2.80238223             , -2.62619424             , -23.812458              , -0.609824479            ,            12.3453493   , -1.13206244
  317,  3.170004, -2.90100265             , -2.76803112             , -2.79462504             , -2.60569453             , -25.0936375             , -7.25314331             ,            12.3847647   , -1.0056057
  318,  3.179986, -2.91762424             , -2.7214911              , -2.83728719             , -2.64004564             , -18.0592194             , -10.8253431             ,            12.4177876   , -0.872244358
  319,  3.190002, -2.93258381             , -2.75140953             , -2.82897663             , -2.65555906             , -22.1973152             , -11.5443249             ,            12.4401579   , -0.748758793
  320,  3.199982, -2.91153002             , -2.7746799              , -2.84227347             , -2.6622076              , -19.0589619             , -13.7362757             ,            12.4731817   , -0.61980629
  321,  3.210000, -2.91485429             , -2.7663691              , -2.86609745             , -2.67605877             , -13.9236822             , -17.1884785             ,            12.5402927   , -0.497378826
  322,  3.219980, -2.9187324              , -2.74808502             , -2.86166549             , -2.6993289              , -16.0775242             , -20.0380363             ,            12.5765123   , -0.367275715
  323,  3.230016, -2.93036771             , -2.75639582             , -2.87108421             , -2.67827511             , -12.6343307             , -21.0011177             ,            12.5935564   , -0.23372221
  324,  3.239999, -2.93479991             , -2.76526093             , -2.86886787             , -2.69600463             , -8.21326828             , -21.062048              ,            12.6457548   , -0.110239506
  325,  3.249979, -2.93036771             , -2.77357149             , -2.88271928             , -2.67384267             , -6.59028625             , -24.063179              ,            12.6766472   , 0.0213973522
  326,  3.260003, -2.96028614             , -2.77024746             , -2.89878654             , -2.65278888             , -2.57939506             , -22.3177376             ,            12.6862345   , 0.141238093
  327,  3.269986, -2.97302938             , -2.7630446              , -2.89878654             , -2.6749506              , -0.227395967            , -22.9852657             ,            12.7267141   , 0.27191329
  328,  3.280006, -2.97302938             , -2.78188229             , -2.88604355             , -2.6993289              , 2.6564064               , -27.556284              ,            12.7405624   , 0.400096774
  329,  3.290020, -2.95197558             , -2.77689576             , -2.91596198             , -2.70265317             , 6.35099649              , -22.9907608             ,            12.7458897   , 0.523679972
  330,  3.300008, -2.96250224             , -2.78299046             , -2.89657021             , -2.72370744             , 10.2230539              , -19.1218796             ,            12.7906303   , 0.650809526
  331,  3.309999, -2.93369198             , -2.77800393             , -2.89158392             , -2.75030136             , 12.8548145              , -21.3057327             ,            12.818327    , 0.777072668
  332,  3.319978, -2.92427301             , -2.79794979             , -2.87884068             , -2.74586868             , 14.8038378              , -24.0366058             ,            12.8257837   , 0.901326895
  333,  3.329980, -2.91374636             , -2.82786822             , -2.89767861             , -2.79074693             , 18.1203423              , -16.7067871             ,            12.8726559   , 1.03018177
  334,  3.339983, -2.90820551             , -2.84670615             , -2.90931392             , -2.78188229             , 18.9427395              , -11.5464821             ,            12.8960915   , 1.1587491
  335,  3.350008, -2.9431107              , -2.88604355             , -2.93147564             , -2.75362587             , 20.3512459              , -15.4457235             ,            12.8928957   , 1.28520727
  336,  3.359989, -2.9558537              , -2.85944915             , -2.91762424             , -2.80127382             , 24.1663761              , -12.8343315             ,            12.906744    , 1.41137409
  337,  3.369999, -2.96139431             , -2.83285475             , -2.93590808             , -2.82343626             , 24.654335               , -6.59959698             ,            12.9525509   , 1.5333271
  338,  3.379985, -2.98134017             , -2.81512547             , -2.93923235             , -2.80515218             , 24.2047672              , -4.60405397             ,            12.9909      , 1.65959311
  339,  3.389987, -2.97856998             , -2.83507109             , -2.92538095             , -2.82676029             , 24.4700661              , -3.50243258             ,            12.9887695   , 1.78988457
  340,  3.400005, -2.9697051              , -2.87551665             , -2.91596198             , -2.83728719             , 24.7074413              , 0.865924418             ,            13.0377712   , 1.92132998
  341,  3.409986, -2.99740767             , -2.90820551             , -2.92870522             , -2.83063865             , 23.5802536              , 6.53249121              ,            13.062273    , 2.05746794
  342,  3.420008, -2.99962401             , -2.91042185             , -2.93369198             , -2.81512547             , 24.4642773              , 5.44709396              ,            13.0814476   , 2.16293097
  343,  3.430007, -2.99020481             , -2.89158392             , -2.91762424             , -2.84781432             , 23.5193596              , 8.82795048              ,            13.1240578   , 2.29782629
  344,  3.439987, -2.99020481             , -2.92538095             , -2.94532704             , -2.86498952             , 17.5571728              , 14.0436068              ,            13.1698647   , 2.42821312
  345,  3.450008, -2.99629951             , -2.89767861             , -2.9580698              , -2.88271928             , 18.9402733              , 20.5136929              ,            13.1986265   , 2.56837988
  346,  3.459989, -3.03231263             , -2.88604355             , -2.97635365             , -2.84670615             , 18.0970306              , 19.1062927              ,            13.2316494   , 2.70567107
  347,  3.470001, -3.02732611             , -2.94532704             , -2.96139431             , -2.86886787             , 13.923358               , 20.7503052              ,            13.2561512   , 2.84324956
  348,  3.479981, -3.03563714             , -2.9580698              , -2.95696187             , -2.86166549             , 9.20797729              , 26.4790897              ,            13.2913046   , 2.97871971
  349,  3.490009, -3.05890727             , -2.95419168             , -2.9846642              , -2.83507109             , 7.26903772              , 26.1304016              ,            13.3040876   , 3.11064363
  350,  3.499979, -3.06666398             , -2.91984057             , -2.97192121             , -2.86775994             , 4.10278702              , 22.6281376              ,            13.2976961   , -3.03755093
  351,  3.509999, -3.06555557             , -2.94754314             , -2.98355627             , -2.86609745             , 0.466540396             , 23.4707222              ,            13.3243275   , -2.8958509
  352,  3.520003, -3.08882546             , -2.98798871             , -2.98798871             , -2.81789541             , -5.50065565             , 32.5470924              ,            13.3626776   , -2.76402307
  353,  3.529984, -3.08106899             , -2.97192121             , -2.99519157             , -2.83063865             , -6.8870573              , 27.9770699              ,            13.3509598   , -2.6329658
  354,  3.540006, -3.09602833             , -2.95086741             , -2.97081351             , -2.85113859             , -6.96101665             , 21.2726402              ,            13.3680038   , -2.50362968
  355,  3.549986, -3.0927043              , -2.91485429             , -2.97635365             , -2.82897663             , -11.1281424             , 20.0509148              ,            13.4074183   , -2.36729717
  356,  3.560003, -3.10987949             , -2.96028614             , -3.00571823             , -2.84670615             , -20.4033718             , 25.0063801              ,            13.4329844   , -2.23461056
  357,  3.569984, -3.11320376             , -2.98355627             , -2.96859717             , -2.89047599             , -21.5192986             , 19.8826656              ,            13.4255276   , -2.10460377
  358,  3.580005, -3.10156894             , -3.0334208              , -3.00793433             , -2.88936782             , -16.8715668             , 15.2339611              ,            13.4606819   , -1.97651768
  359,  3.589988, -3.0749743              , -3.07165003             , -3.01236677             , -2.88161111             , -19.8256893             , 11.5404406              ,            13.4809217   , -1.84651089
  360,  3.600007, -3.08660913             , -3.09824467             , -3.00793433             , -2.88161111             , -26.6085377             , 12.0437431              ,            13.4628124   , -1.7166996
  361,  3.609989, -3.0971365              , -3.11431193             , -2.99740767             , -2.90931392             , -28.4640465             , 8.38266754              ,            13.473465    , -1.58314657
  362,  3.619999, -3.08439302             , -3.07165003             , -3.00405622             , -2.91042185             , -24.2300625             , 3.75723076              ,            13.4937048   , -1.44710112
  363,  3.629981, -3.09935284             , -3.04727197             , -3.03674507             , -2.88825989             , -22.9950218             , -1.54646611             ,            13.5565557   , -1.31326056
  364,  3.640009, -3.11541986             , -3.02843428             , -2.99519157             , -2.89047599             , -24.2344074             , -4.35283232             ,            13.5395117   , -1.1772151
  365,  3.649978, -3.13093352             , -3.02843428             , -3.04505587             , -2.90100265             , -27.6742268             , -8.35002613             ,            13.5757303   , -1.03723955
  366,  3.660005, -3.15364909             , -2.99519157             , -3.08439302             , -2.92205667             , -24.5588951             , -12.7230511             ,            13.6002312   , -0.897071838
  367,  3.669984, -3.15641999             , -2.98023176             , -3.0727582              , -2.91485429             , -26.113615              , -12.9307842             ,            13.5842524   , -0.754795551
  368,  3.680002, -3.14921713             , -2.98134017             , -3.0971365              , -2.89767861             , -18.7191544             , -17.5518761             ,            13.607688    , -0.621052265
  369,  3.689983, -3.13204145             , -3.0068264              , -3.08550143             , -2.92427301             , -15.9449234             , -21.2927399             ,            13.6407118   , -0.481075287
  370,  3.700002, -3.13869023             , -3.00904274             , -3.08993387             , -2.94421864             , -15.4089832             , -24.5369797             ,            13.6737347   , -0.346085548
  371,  3.709984, -3.15032506             , -2.99519157             , -3.09381199             , -2.92205667             , -15.9314184             , -24.7739582             ,            13.6641474   , -0.201507092
  372,  3.720001, -3.15641999             , -2.99131298             , -3.0971365              , -2.92094874             , -10.5260496             , -26.4036694             ,            13.6694736   , -0.0623950958
  373,  3.729981, -3.14589262             , -3.04727197             , -3.11209559             , -2.94144845             , -2.51261163             , -23.643898              ,            13.7035618   , 0.0731710196
  374,  3.740001, -3.14090633             , -3.02621794             , -3.10987949             , -2.91153002             , 0.55646646              , -30.7586746             ,            13.7269974   , 0.212858796
  375,  3.749984, -3.14921713             , -2.98577261             , -3.10156894             , -2.93036771             , 1.40596247              , -32.9133759             ,            13.7088881   , 0.346508384
  376,  3.760001, -3.15531158             , -2.96471834             , -3.11320376             , -2.92316484             , 2.75947356              , -30.6465034             ,            13.7493687   , 0.481016517
  377,  3.769982, -3.17248702             , -2.98577261             , -3.1237309              , -2.97856998             , 10.4647131              , -22.4880943             ,            13.7738695   , 0.623486876
  378,  3.779999, -3.14700079             , -3.01236677             , -3.09824467             , -2.97192121             , 15.882287               , -20.9272423             ,            13.7845221   , 0.764036298
  379,  3.789979, -3.15364909             , -3.0334208              , -3.11431193             , -2.96471834             , 20.3738708              , -23.7533073             ,            13.8399162   , 0.903822303
  380,  3.799983, -3.14700079             , -3.07054186             , -3.1237309              , -2.99519157             , 19.4020252              , -24.4611073             ,            13.8505688   , 1.03325284
  381,  3.810004, -3.14367628             , -3.08217669             , -3.12151456             , -3.00571823             , 21.4275303              , -19.964407              ,            13.851634    , 1.17543423
  382,  3.819986, -3.1281631              , -3.10987949             , -3.11320376             , -3.00184011             , 23.2915878              , -11.3851261             ,            13.8803959   , 1.31138158
  383,  3.830009, -3.14589262             , -3.0910418              , -3.13093352             , -2.9940834              , 28.2813568              , -7.74827862             ,            13.9080925   , 1.45011187
  384,  3.839999, -3.12705517             , -3.03231263             , -3.14367628             , -2.99519157             , 30.8311901              , -9.07304096             ,            13.9198103   , 1.58548737
  385,  3.849978, -3.15752769             , -3.01236677             , -3.10655522             , -3.0217855              , 32.4371071              , -5.42775774             ,            13.9453773   , 1.71721697
  386,  3.860005, -3.17137909             , -3.05170441             , -3.11541986             , -3.03563714             , 26.1844292              , 0.584408104             ,            13.9698782   , 1.85383749
  387,  3.869986, -3.18079805             , -3.0600152              , -3.1237309              , -3.0312047              , 29.0927696              , 6.08003902              ,            13.9997053   , 1.99103022
  388,  3.880004, -3.19686556             , -3.08439302             , -3.13425779             , -3.04394746             , 27.2144241              , 9.80976009              ,            13.9922485   , 2.13388491
  389,  3.889989, -3.20850015             , -3.12594724             , -3.14589262             , -3.03452873             , 28.7151432              , 9.94117165              ,            14.0029011   , 2.2775979
  390,  3.900016, -3.20018959             , -3.10156894             , -3.12927103             , -3.00793433             , 24.417696               , 14.5497551              ,            14.0348597   , 2.39082432
  391,  3.909999, -3.20351362             , -3.05890727             , -3.1237309              , -3.03896117             , 24.1377697              , 18.0819168              ,            14.05723     , 2.53329515
  392,  3.919979, -3.19187856             , -3.0749743              , -3.14367628             , -3.04394746             , 17.0679646              , 24.0743752              ,            14.0891876   , 2.67509127
  393,  3.930008, -3.20018959             , -3.11098742             , -3.11652803             , -3.05779886             , 14.1683931              , 24.4657173              ,            14.0945139   , 2.8251338
  394,  3.939987, -3.21902728             , -3.13314962             , -3.15974402             , -3.05558276             , 12.1342926              , 25.9939232              ,            14.111558    , 2.97191763
  395,  3.950008, -3.22678399             , -3.13204145             , -3.15143299             , -3.02510977             , 9.98601723              , 29.310873               ,            14.1222105   , 3.11908436
  396,  3.959988, -3.23287868             , -3.11929846             , -3.15143299             , -3.04505587             , 3.03862476              , 30.4445591              ,            14.1211452   , -3.02546787
  397,  3.970000, -3.23398638             , -3.09602833             , -3.1663928              , -3.06666398             , -0.634970307            , 29.5385609              ,            14.1360598   , -2.87887621
  398,  3.979983, -3.24340558             , -3.11098742             , -3.15143299             , -3.04006934             , -7.42537594             , 25.5137825              ,            14.1552343   , -2.73104191
  399,  3.989999, -3.23287868             , -3.15974402             , -3.18301415             , -2.99962401             , -6.90745354             , 30.6649704              ,            14.1520386   , -2.58809233
  400,  3.999978, -3.23066235             , -3.17802763             , -3.1652844              , -3.00793433             , -12.4718132             , 31.3088741              ,            14.1712132   , -2.45233488
  401,  4.010008, -3.23398638             , -3.16085196             , -3.14367628             , -3.05281258             , -14.865366              , 27.6273079              ,            14.1637564   , -2.3138938
  402,  4.019988, -3.24063516             , -3.1652844              , -3.17802763             , -3.05170441             , -19.549099              , 21.4321365              ,            14.2031708   , -2.17315245
  403,  4.029979, -3.22567606             , -3.19908166             , -3.18079805             , -3.03009629             , -23.6654587             , 15.6457987              ,            14.2383251   , -2.02934027
  404,  4.040000, -3.23731112             , -3.22013545             , -3.19077063             , -3.03009629             , -24.7720146             , 17.531435               ,            14.2468472   , -1.89061117
  405,  4.049981, -3.25116181             , -3.22567606             , -3.19077063             , -3.03896117             , -27.8307896             , 13.9248419              ,            14.2404556   , -1.75734615
  406,  4.059983, -3.26390529             , -3.20628405             , -3.15974402             , -3.10655522             , -29.81707               , 11.7661324              ,            14.2361946   , -1.61995935
  407,  4.070003, -3.26889157             , -3.19908166             , -3.1652844              , -3.08882546             , -30.5206184             , 3.17427802              ,            14.2596302   , -1.47931337
  408,  4.079983, -3.27443194             , -3.17470336             , -3.17470336             , -3.06112361             , -29.9994831             , 0.46040228              ,            14.2873268   , -1.33847237
  409,  4.090001, -3.27554035             , -3.18301415             , -3.1652844              , -3.07386637             , -28.5110607             , -5.19046068             ,            14.2979794   , -1.19332218
  410,  4.099981, -3.26889157             , -3.17137909             , -3.19077063             , -3.08217669             , -28.8237228             , -6.41834259             ,            14.2979794   , -1.04979753
  411,  4.110002, -3.27775645             , -3.15143299             , -3.21404076             , -3.06666398             , -26.5305614             , -12.3029261             ,            14.3128929   , -0.905889511
  412,  4.119982, -3.28828335             , -3.16196036             , -3.21791911             , -3.07386637             , -26.6772861             , -17.0657825             ,            14.3139582   , -0.757956028
  413,  4.130000, -3.29160762             , -3.16085196             , -3.22678399             , -3.05779886             , -26.2980022             , -21.8715782             ,            14.3267412   , -0.606476307
  414,  4.139980, -3.29659438             , -3.17359519             , -3.23620272             , -3.0727582              , -18.0868835             , -24.5806332             ,            14.33846     , -0.464105129
  415,  4.150009, -3.31266141             , -3.17691946             , -3.24673009             , -3.10655522             , -16.5802937             , -23.0800095             ,            14.3224802   , -0.317704678
  416,  4.159989, -3.33482361             , -3.16085196             , -3.23177028             , -3.10655522             , -9.3772707              , -25.0484772             ,            14.3533735   , -0.175236702
  417,  4.170005, -3.34036398             , -3.12705517             , -3.22235155             , -3.09935284             , -8.79194641             , -29.7107449             ,            14.3618956   , -0.022892952
  418,  4.179985, -3.33260751             , -3.17027068             , -3.22456789             , -3.08217669             , -4.39525557             , -35.2904205             ,            14.3661566   , 0.120630383
  419,  4.190004, -3.32762122             , -3.19797325             , -3.24340558             , -3.0927043              , 0.023758499             , -32.2426262             ,            14.3246107   , 0.260128617
  420,  4.200015, -3.32097244             , -3.18966269             , -3.25614882             , -3.11209559             , 7.77831554              , -28.9713554             ,            14.3448515   , 0.401348948
  421,  4.209986, -3.30102634             , -3.15531158             , -3.21182466             , -3.10877156             , 8.25145721              , -27.9767303             ,            14.3672218   , 0.548515797
  422,  4.219989, -3.27775645             , -3.15143299             , -3.21902728             , -3.0949204              , 12.3998728              , -28.9352875             ,            14.3874617   , 0.692516446
  423,  4.230005, -3.24340558             , -3.20018959             , -3.22124362             , -3.09935284             , 16.8944225              , -27.7615318             ,            14.3885269   , 0.834987879
  424,  4.239986, -3.24562192             , -3.18301415             , -3.22345972             , -3.10766315             , 20.2098942              , -23.5877609             ,            14.3981142   , 0.975922465
  425,  4.250007, -3.23731112             , -3.16916275             , -3.24562192             , -3.12040639             , 21.4460335              , -16.4328766             ,            14.4151583   , 1.11877429
  426,  4.260002, -3.24174309             , -3.16085196             , -3.25337815             , -3.1281631              , 25.9371109              , -14.6833696             ,            14.4375296   , 1.26105106
  427,  4.270002, -3.25614882             , -3.1397984              , -3.26612163             , -3.1237309              , 27.6469231              , -13.8034601             ,            14.4375296   , 1.40457392
  428,  4.279983, -3.27332425             , -3.1663928              , -3.24562192             , -3.10987949             , 29.6077385              , -8.72680283             ,            14.4353991   , 1.55097532
  429,  4.290001, -3.28052688             , -3.19354081             , -3.22235155             , -3.12483883             , 30.9375019              , -5.20836258             ,            14.4481821   , 1.69219732
  430,  4.299982, -3.28385115             , -3.16805434             , -3.22013545             , -3.13647389             , 30.830883               , 1.76925552              ,            14.4833355   , 1.83543158
  431,  4.310003, -3.28274298             , -3.18855476             , -3.21791911             , -3.12483883             , 31.8168468              , 5.33418608              ,            14.5120974   , 1.9753108
  432,  4.319984, -3.28606725             , -3.20240593             , -3.21791911             , -3.16085196             , 31.2479477              , 8.88663864              ,            14.5014448   , 2.11480951
  433,  4.330001, -3.29881024             , -3.22124362             , -3.23177028             , -3.12262273             , 27.1249065              , 11.4969492              ,            14.5387297   , 2.2577548
  434,  4.339982, -3.30435109             , -3.23952723             , -3.22678399             , -3.15863609             , 26.1521912              , 17.3758698              ,            14.5184889   , 2.40578651
  435,  4.350002, -3.33925581             , -3.24174309             , -3.23952723             , -3.18523049             , 20.7984409              , 23.0979557              ,            14.548317    , 2.55803514
  436,  4.359982, -3.33814764             , -3.19686556             , -3.23398638             , -3.13093352             , 23.2179375              , 28.2032986              ,            14.5887966   , 2.70481634
  437,  4.370000, -3.33482361             , -3.20129752             , -3.21902728             , -3.15863609             , 18.3164215              , 24.203989               ,            14.5792093   , 2.85198116
  438,  4.379980, -3.33371544             , -3.23177028             , -3.23066235             , -3.19187856             , 11.2678785              , 25.2821827              ,            14.611167    , 2.96980929
  439,  4.390008, -3.33593154             , -3.25725651             , -3.24673009             , -3.16805434             , 6.4719305               , 28.4749947              ,            14.5941229   , 3.12637377
  440,  4.399988, -3.33593154             , -3.25226998             , -3.25614882             , -3.14589262             , 2.42875266              , 34.5775871              ,            14.6250153   , -3.00341415
  441,  4.410007, -3.33371544             , -3.24340558             , -3.23952723             , -3.14700079             , -2.0756588              , 36.9710732              ,            14.619689    , -2.85442924
  442,  4.419988, -3.33371544             , -3.26501346             , -3.25836468             , -3.12594724             , -5.51205254             , 31.7782993              ,            14.6250153   , -2.70869565
  443,  4.430008, -3.33039117             , -3.27775645             , -3.27886462             , -3.15254116             , -9.31228542             , 25.7887154              ,            14.6303425   , -2.5591321
  444,  4.439978, -3.33149934             , -3.27221584             , -3.25947309             , -3.15531158             , -14.3233843             , 23.2219353              ,            14.6516476   , -2.40315104
  445,  4.449979, -3.34867454             , -3.25947309             , -3.25005436             , -3.17027068             , -21.8059044             , 26.5170727              ,            14.6708221   , -2.25770903
  446,  4.460003, -3.34978318             , -3.25614882             , -3.25947309             , -3.14478445             , -24.0791016             , 25.7964725              ,            14.6505823   , -2.11878443
  447,  4.469985, -3.3603096              , -3.28606725             , -3.2699995              , -3.17359519             , -26.7342205             , 21.8460693              ,            14.6708221   , -1.97343874
  448,  4.480002, -3.36252618             , -3.29659438             , -3.27554035             , -3.17470336             , -28.0557137             , 17.6586514              ,            14.6729527   , -1.82646322
  449,  4.489983, -3.36862063             , -3.28606725             , -3.28828335             , -3.18633842             , -28.8915234             , 9.087183                ,            14.686801    , -1.6800704
  450,  4.500000, -3.3697288              , -3.24783802             , -3.28495955             , -3.18412232             , -27.9211197             , 3.02034736              ,            14.7059755   , -1.53960943
  451,  4.509982, -3.36585021             , -3.27110815             , -3.26889157             , -3.14700079             , -33.3343048             , 1.33730686              ,            14.7017145   , -1.40145922
  452,  4.519999, -3.38136363             , -3.28717566             , -3.25226998             , -3.17359519             , -32.2446594             , -3.75487566             ,            14.6804094   , -1.25899267
  453,  4.529981, -3.37305331             , -3.29049993             , -3.26889157             , -3.16306829             , -33.976265              , -5.26427794             ,            14.6857357   , -1.11162996
  454,  4.540003, -3.39632297             , -3.26390529             , -3.28052688             , -3.19187856             , -29.0050812             , -12.5622654             ,            14.7091713   , -0.966096401
  455,  4.550005, -3.37970138             , -3.23177028             , -3.29049993             , -3.18744659             , -26.1910362             , -14.8978224             ,            14.7230196   , -0.816529751
  456,  4.559986, -3.38801265             , -3.23287868             , -3.29548597             , -3.15974402             , -27.3811169             , -19.408247              ,            14.7208891   , -0.667162418
  457,  4.570006, -3.37416101             , -3.24673009             , -3.29437804             , -3.17581153             , -21.1713734             , -24.8598137             ,            14.7379341   , -0.517595768
  458,  4.579986, -3.3974309              , -3.28606725             , -3.29160762             , -3.17581153             , -18.8288879             , -26.3722725             ,            14.7176933   , -0.365252972
  459,  4.590005, -3.4218092              , -3.26612163             , -3.28828335             , -3.18633842             , -10.9558182             , -28.8915787             ,            14.7102365   , -0.211664677
  460,  4.599984, -3.40186357             , -3.2677834              , -3.28385115             , -3.19354081             , -7.91742802             , -29.4286556             ,            14.7421951   , -0.060564518
  461,  4.610004, -3.37970138             , -3.27664852             , -3.27775645             , -3.17802763             , -7.45232821             , -34.0791702             ,            14.7049103   , 0.0846848488
  462,  4.619984, -3.36585021             , -3.28939176             , -3.28495955             , -3.17470336             , -0.0197564401           , -33.9569511             ,            14.7187586   , 0.238460898
  463,  4.630003, -3.35421538             , -3.29160762             , -3.29659438             , -3.17802763             , 5.89729643              , -30.3763409             ,            14.6942577   , 0.389561057
  464,  4.639984, -3.34535074             , -3.30933738             , -3.30213475             , -3.22789216             , 10.1533642              , -29.1266384             ,            14.7123671   , 0.537111163
  465,  4.650000, -3.33039117             , -3.31155372             , -3.30601335             , -3.20739222             , 13.9423561              , -26.9281693             ,            14.7379341   , 0.683127999
  466,  4.659981, -3.32762122             , -3.25836468             , -3.30822945             , -3.19908166             , 19.3876781              , -28.830328              ,            14.7464561   , 0.828665257
  467,  4.670009, -3.33814764             , -3.24783802             , -3.30213475             , -3.18412232             , 19.3762169              , -28.8774509             ,            14.775218    , 0.979470134
  468,  4.679978, -3.33814764             , -3.23398638             , -3.30102634             , -3.20129752             , 24.0508366              , -21.480587              ,            14.7603045   , 1.1251992
  469,  4.690008, -3.33371544             , -3.23841906             , -3.30213475             , -3.20960832             , 28.4228592              , -14.0759211             ,            14.770957    , 1.27044535
  470,  4.699989, -3.33482361             , -3.26889157             , -3.30102634             , -3.22124362             , 28.8876343              , -8.71188068             ,            14.8093061   , 1.41492867
  471,  4.710006, -3.33703971             , -3.26501346             , -3.30213475             , -3.20850015             , 33.1485786              , -7.08750725             ,            14.8007841   , 1.56449533
  472,  4.719986, -3.36585021             , -3.26889157             , -3.30324244             , -3.22013545             , 35.0608292              , -3.76861048             ,            14.8039799   , 1.71003246
  473,  4.730007, -3.37859344             , -3.24673009             , -3.29770207             , -3.17581153             , 32.5776367              , -1.95235276             ,            14.8018494   , 1.85652447
  474,  4.739988, -3.3929987              , -3.25947309             , -3.2699995              , -3.23066235             , 32.2038116              , 4.57966709              ,            14.8061104   , 1.99563694
  475,  4.750006, -3.37305331             , -3.27221584             , -3.27886462             , -3.22900009             , 29.5424614              , 10.8322268              ,            14.8093061   , 2.13849068
  476,  4.759986, -3.36585021             , -3.27886462             , -3.28717566             , -3.20850015             , 25.5838833              , 15.5376177              ,            14.8391342   , 2.28354502
  477,  4.770008, -3.37416101             , -3.27775645             , -3.27886462             , -3.23620272             , 26.4335861              , 22.2715282              ,            14.8348732   , 2.43387461
  478,  4.779988, -3.37416101             , -3.26168919             , -3.29659438             , -3.21625686             , 25.0159225              , 23.331171               ,            14.8135672   , 2.58478284
  479,  4.790006, -3.38468838             , -3.27221584             , -3.25725651             , -3.21791911             , 19.5397129              , 22.4109821              ,            14.846591    , 2.73578739
  480,  4.799988, -3.37083721             , -3.29160762             , -3.25836468             , -3.24174309             , 15.9988985              , 27.8362656              ,            14.8370037   , 2.88765049
  481,  4.810004, -3.36474228             , -3.29770207             , -3.27110815             , -3.22900009             , 9.26924896              , 31.2604084              ,            14.8263512   , 3.0401845
  482,  4.819983, -3.35199928             , -3.29437804             , -3.30435109             , -3.21625686             , 6.4093976               , 32.5533142              ,            14.825285    , -3.08547926
  483,  4.830000, -3.36252618             , -3.29991841             , -3.28828335             , -3.20018959             , -0.817566812            , 33.7024689              ,            14.8370037   , -2.93294907
  484,  4.840001, -3.37416101             , -3.30435109             , -3.28385115             , -3.25448608             , -1.80751026             , 29.2947369              ,            14.7954578   , -2.78444052
  485,  4.849982, -3.37748528             , -3.30822945             , -3.29659438             , -3.20850015             , -7.05675077             , 29.1504879              ,            14.8093061   , -2.66545582
  486,  4.859984, -3.39022875             , -3.30213475             , -3.29659438             , -3.20129752             , -14.0078468             , 30.8158512              ,            14.8327427   , -2.50937939
  487,  4.870002, -3.37970138             , -3.30102634             , -3.29326987             , -3.21071649             , -17.5923347             , 29.043602               ,            14.8199587   , -2.3595252
  488,  4.879983, -3.37305331             , -3.26501346             , -3.29991841             , -3.1663928              , -24.0143566             , 28.3682346              ,            14.8125019   , -2.20852089
  489,  4.889999, -3.38247228             , -3.28606725             , -3.30102634             , -3.21514869             , -22.7949238             , 21.4866199              ,            14.8487215   , -2.07151747
  490,  4.899980, -3.40186357             , -3.30933738             , -3.30822945             , -3.22900009             , -25.0704174             , 14.1810112              ,            14.8178282   , -1.92262554
  491,  4.910009, -3.40297174             , -3.31266141             , -3.30822945             , -3.21902728             , -27.1371918             , 13.8861408              ,            14.8295469   , -1.77440834
  492,  4.919999, -3.3952148              , -3.30933738             , -3.30822945             , -3.20240593             , -34.2536354             , 10.6459265              ,            14.8455257   , -1.62944984
  493,  4.929981, -3.38912034             , -3.30933738             , -3.30601335             , -3.18633842             , -36.5709686             , 4.19292021              ,            14.8455257   , -1.48717117
  494,  4.940007, -3.4090662              , -3.30712128             , -3.30213475             , -3.21404076             , -34.3081779             , 0.554103196             ,            14.8146324   , -1.34547138
  495,  4.949987, -3.4090662              , -3.30324244             , -3.30324244             , -3.22789216             , -34.1335487             , -4.03666687             ,            14.8135672   , -1.1988759
  496,  4.960005, -3.38247228             , -3.30213475             , -3.29991841             , -3.23066235             , -26.317688              , -7.07949495             ,            14.8412647   , -1.05295515
  497,  4.969979, -3.37748528             , -3.28939176             , -3.29991841             , -3.23177028             , -26.5227184             , -11.1181307             ,            14.8370037   , -0.901766777
  498,  4.979982, -3.37083721             , -3.27886462             , -3.30102634             , -3.19797325             , -27.3642998             , -17.880785              ,            14.8572435   , -0.753162384
  499,  4.990010, -3.39022875             , -3.29160762             , -3.30601335             , -3.20739222             , -23.267498              , -23.959095              ,            14.8444605   , -0.603024483
  500,  4.999979, -3.40795827             , -3.30435109             , -3.30822945             , -3.24673009             , -22.560503              , -26.9561329             ,            14.825285    , -0.451153755
  501,  5.010007, -3.3929987              , -3.30102634             , -3.31487751             , -3.22456789             , -16.3691044             , -27.1343346             ,            14.8316774   , -0.294023037
  502,  5.020005, -3.39133668             , -3.28939176             , -3.31155372             , -3.22567606             , -10.734786              , -28.5546703             ,            14.8540478   , -0.142056465
  503,  5.029984, -3.37748528             , -3.28385115             , -3.30933738             , -3.19908166             , -8.10275078             , -31.1450729             ,            14.8231544   , 0.00645208359
  504,  5.039987, -3.37416101             , -3.29548597             , -3.31155372             , -3.21625686             , -2.94801545             , -33.5146866             ,            14.8263512   , 0.153426886
  505,  5.050010, -3.3697288              , -3.31044555             , -3.31376982             , -3.22235155             , 3.98610616              , -31.1508484             ,            14.8114367   , 0.313432813
  506,  5.060009, -3.36695838             , -3.29659438             , -3.31266141             , -3.23841906             , 7.85721064              , -33.0407677             ,            14.8178282   , 0.459065914
  507,  5.069989, -3.35199928             , -3.28939176             , -3.31155372             , -3.23398638             , 13.8156815              , -30.4358101             ,            14.8316774   , 0.611032605
  508,  5.080007, -3.34867454             , -3.24562192             , -3.30822945             , -3.22345972             , 14.9456844              , -32.0055237             ,            14.8359385   , 0.755991101
  509,  5.089987, -3.35199928             , -3.28606725             , -3.30933738             , -3.20351362             , 20.1942444              , -26.14184               ,            14.84233     , 0.903824806
  510,  5.100009, -3.36862063             , -3.28939176             , -3.30712128             , -3.24894619             , 23.3636246              , -22.3002319             ,            14.8348732   , 1.054829
  511,  5.109980, -3.36363411             , -3.28939176             , -3.31044555             , -3.23177028             , 25.0364742              , -18.210104              ,            14.8476563   , 1.20218754
  512,  5.119999, -3.35089111             , -3.27110815             , -3.31155372             , -3.2677834              , 30.5054951              , -12.8390541             ,            14.8860054   , 1.34580433
  513,  5.129980, -3.37305331             , -3.26058078             , -3.30933738             , -3.23731112             , 30.6897488              , -8.27167892             ,            14.8828096   , 1.49488807
  514,  5.140016, -3.40297174             , -3.29770207             , -3.30933738             , -3.23731112             , 33.04776                , -4.50872087             ,            14.8753529   , 1.64292121
  515,  5.150001, -3.39853907             , -3.29049993             , -3.32318854             , -3.22235155             , 35.5068321              , -3.71847153             ,            14.8721571   , 1.78701353
  516,  5.160008, -3.3558774              , -3.28606725             , -3.31875634             , -3.22789216             , 33.2569656              , 1.06909537              ,            14.8678961   , 1.93034983
  517,  5.169988, -3.34756684             , -3.26501346             , -3.30324244             , -3.25725651             , 29.8836327              , 10.8729572              ,            14.8881359   , 2.07301188
  518,  5.180009, -3.3580935              , -3.29881024             , -3.28717566             , -3.23731112             , 25.3414268              , 14.7194862              ,            14.8774834   , 2.21653318
  519,  5.189978, -3.39133668             , -3.31155372             , -3.29160762             , -3.23952723             , 25.1502609              , 19.1248226              ,            14.8913317   , 2.36637974
  520,  5.200007, -3.37526917             , -3.30435109             , -3.30102634             , -3.24894619             , 28.5548363              , 23.0018482              ,            14.9105062   , 2.51987982
  521,  5.209987, -3.37305331             , -3.29991841             , -3.30435109             , -3.25725651             , 24.6669769              , 26.1531582              ,            14.8934622   , 2.67068458
  522,  5.220005, -3.3697288              , -3.29326987             , -3.28274298             , -3.28939176             , 19.7329693              , 27.145813               ,            14.8753529   , 2.82245207
  523,  5.229985, -3.38912034             , -3.30435109             , -3.32540464             , -3.25836468             , 11.730979               , 29.7106972              ,            14.8817444   , 2.97306919
  524,  5.240005, -3.37970138             , -3.32208061             , -3.31598592             , -3.24783802             , 4.09324837              , 28.7619724              ,            14.8476563   , 3.13068676
  525,  5.249986, -3.36862063             , -3.29326987             , -3.29049993             , -3.23620272             , -2.70794559             , 31.1280937              ,            14.8828096   , -2.99660635
  526,  5.260003, -3.37083721             , -3.30213475             , -3.29326987             , -3.21625686             , -1.07867312             , 33.9657364              ,            14.8583088   , -2.84493494
  527,  5.269983, -3.38801265             , -3.28163481             , -3.31709409             , -3.22124362             , -6.08466721             , 34.1653442              ,            14.8444605   , -2.69776821
  528,  5.280005, -3.40297174             , -3.30324244             , -3.32318854             , -3.23177028             , -9.68949032             , 32.4742241              ,            14.850852    , -2.54552174
  529,  5.289986, -3.3929987              , -3.30712128             , -3.31598592             , -3.26612163             , -14.6470299             , 28.6049423              ,            14.855113    , -2.38953352
  530,  5.300003, -3.37637711             , -3.28495955             , -3.30435109             , -3.22013545             , -21.2334976             , 22.8136005              ,            14.8721571   , -2.23852921
  531,  5.309984, -3.37970138             , -3.30933738             , -3.29326987             , -3.19797325             , -25.7949409             , 22.1564369              ,            14.8753529   , -2.10076284
  532,  5.320002, -3.39853907             , -3.31875634             , -3.29881024             , -3.22678399             , -27.3283501             , 21.0260353              ,            14.8817444   , -1.98245287
  533,  5.330010, -3.40407968             , -3.31266141             , -3.30822945             , -3.24783802             , -26.1165905             , 16.4460545              ,            14.8657656   , -1.832798
  534,  5.339978, -3.3974309              , -3.30822945             , -3.31266141             , -3.25836468             , -30.1687222             , 11.5556335              ,            14.8732224   , -1.68553543
  535,  5.350007, -3.37859344             , -3.33039117             , -3.30933738             , -3.23398638             , -32.000267              , 7.07263947              ,            14.8902664   , -1.54392385
  536,  5.359988, -3.38357997             , -3.32429671             , -3.30601335             , -3.23620272             , -34.9847145             , 0.119519755             ,            14.8923969   , -1.40069056
  537,  5.370000, -3.39632297             , -3.31875634             , -3.30712128             , -3.23509479             , -34.0992126             , -4.5816493              ,            14.8806791   , -1.25630331
  538,  5.379981, -3.38579607             , -3.31487751             , -3.31155372             , -3.22900009             , -30.7189732             , -8.45782566             ,            14.8647003   , -1.10894489
  539,  5.390001, -3.37970138             , -3.30712128             , -3.30435109             , -3.26168919             , -28.6707764             , -10.3218899             ,            14.8881359   , -0.960823536
  540,  5.400008, -3.37748528             , -3.31266141             , -3.32097244             , -3.23398638             , -25.985611              , -14.1662712             ,            14.8902664   , -0.809152126
  541,  5.409979, -3.38690448             , -3.31376982             , -3.32429671             , -3.22235155             , -28.9954052             , -19.3373928             ,            14.8785486   , -0.658243656
  542,  5.420007, -3.38801265             , -3.31044555             , -3.31487751             , -3.25005436             , -23.4823112             , -25.719347              ,            14.8774834   , -0.507143497
  543,  5.429989, -3.39133668             , -3.31266141             , -3.31266141             , -3.25005436             , -18.6524639             , -29.1729755             ,            14.8476563   , -0.352983952
  544,  5.439981, -3.40795827             , -3.31266141             , -3.31487751             , -3.24562192             , -11.9325743             , -29.4639587             ,            14.8583088   , -0.199683189
  545,  5.450003, -3.39133668             , -3.31598592             , -3.31376982             , -3.25005436             , -5.78037882             , -30.4650879             ,            14.8444605   , -0.0456118584
  546,  5.459985, -3.37526917             , -3.31709409             , -3.31986427             , -3.23509479             , -4.27771187             , -30.3724365             ,            14.8444605   , 0.0982960463
  547,  5.469983, -3.37859344             , -3.31376982             , -3.32208061             , -3.22900009             , -1.75764155             , -35.179493              ,            14.8295469   , 0.252842546
  548,  5.479989, -3.38247228             , -3.31986427             , -3.32540464             , -3.23287868             , 5.27149439              , -33.6659775             ,            14.8146324   , 0.406913757
  549,  5.489981, -3.36695838             , -3.32208061             , -3.32540464             , -3.26058078             , 10.77917                , -34.4319687             ,            14.8284817   , 0.557435274
  550,  5.500009, -3.3558774              , -3.31986427             , -3.32651281             , -3.2699995              , 16.4628582              , -28.1774426             ,            14.8391342   , 0.70239377
  551,  5.509978, -3.38136363             , -3.28052688             , -3.32540464             , -3.27664852             , 19.6412849              , -25.5602646             ,            14.8306122   , 0.853302002
  552,  5.520008, -3.3929987              , -3.30324244             , -3.32540464             , -3.22900009             , 20.8974113              , -24.6091347             ,            14.8636351   , 0.999698162
  553,  5.530010, -3.37526917             , -3.31376982             , -3.31986427             , -3.23952723             , 25.6139317              , -20.9187508             ,            14.8295469   , 1.14792311
  554,  5.539979, -3.35310721             , -3.31487751             , -3.32208061             , -3.21293259             , 30.6939907              , -16.6817398             ,            14.8753529   , 1.29316926
  555,  5.549982, -3.34978318             , -3.31487751             , -3.31598592             , -3.27332425             , 32.4163246              , -11.5761089             ,            14.8764181   , 1.43823135
  556,  5.560009, -3.3929987              , -3.31044555             , -3.31986427             , -3.2699995              , 32.8514442              , -6.87395811             ,            14.8764181   , 1.59219921
  557,  5.570004, -3.38357997             , -3.32762122             , -3.30822945             , -3.26279688             , 30.7315979              , -3.11567497             ,            14.8764181   , 1.73476553
  558,  5.579986, -3.3603096              , -3.31986427             , -3.27664852             , -3.24894619             , 29.937685               , 2.63320851              ,            14.9041147   , 1.88135338
  559,  5.590005, -3.34756684             , -3.30213475             , -3.29160762             , -3.23620272             , 30.2921047              , 5.88912725              ,            14.8934622   , 2.02181482
  560,  5.599985, -3.34978318             , -3.30712128             , -3.30435109             , -3.23952723             , 32.3301773              , 10.9928551              ,            14.8860054   , 2.16600275
  561,  5.610007, -3.3941071              , -3.32762122             , -3.30102634             , -3.22235155             , 30.9784698              , 17.3544159              ,            14.913702    , 2.31394005
  562,  5.619987, -3.3719449              , -3.33593154             , -3.30324244             , -3.32762122             , 26.9670258              , 21.3899097              ,            14.8923969   , 2.46206117
  563,  5.630004, -3.37083721             , -3.32651281             , -3.27443194             , -3.23731112             , 23.6843185              , 25.28689                ,            14.917963    , 2.6186285
  564,  5.639986, -3.37305331             , -3.31598592             , -3.27443194             , -3.30324244             , 17.5955887              , 23.5414543              ,            14.8934622   , 2.76972103
  565,  5.650007, -3.38136363             , -3.30601335             , -3.33260751             , -3.2677834              , 14.3322353              , 27.3125229              ,            14.8721571   , 2.91947937
  566,  5.659987, -3.38136363             , -3.31044555             , -3.28828335             , -3.25947309             , 10.532011               , 29.2119331              ,            14.8838749   , 3.07402992
  567,  5.670003, -3.38912034             , -3.29991841             , -3.30102634             , -3.25005436             , 3.28023934              , 32.1737442              ,            14.8785486   , -3.051929
  568,  5.679983, -3.39022875             , -3.31598592             , -3.31044555             , -3.24451375             , -1.4866457              , 34.3110428              ,            14.8796139   , -2.89948702
  569,  5.690004, -3.38468838             , -3.29437804             , -3.29991841             , -3.23620272             , -7.42039919             , 33.5723572              ,            14.8796139   , -2.75001621
  570,  5.699984, -3.3974309              , -3.30822945             , -3.31044555             , -3.19686556             , -9.13869858             , 33.2832451              ,            14.8753529   , -2.59489441
  571,  5.710001, -3.38468838             , -3.29991841             , -3.31598592             , -3.21625686             , -12.3115578             , 31.3308163              ,            14.8955927   , -2.44360256
  572,  5.719981, -3.34978318             , -3.32540464             , -3.31376982             , -3.25226998             , -18.0492325             , 24.0438576              ,            14.8604393   , -2.29260588
  573,  5.730000, -3.36695838             , -3.32540464             , -3.29991841             , -3.28717566             , -23.2464333             , 21.1045227              ,            14.8828096   , -2.14937258
  574,  5.739981, -3.39632297             , -3.32208061             , -3.33482361             , -3.22456789             , -23.9637299             , 17.3856983              ,            14.8860054   , -2.00584412
  575,  5.750000, -3.3929987              , -3.35199928             , -3.31376982             , -3.25614882             , -29.9908543             , 15.1742287              ,            14.9147673   , -1.85293055
  576,  5.759980, -3.36141801             , -3.3719449              , -3.31044555             , -3.21182466             , -34.2010574             , 14.5348129              ,            14.9243546   , -1.70777273
  577,  5.770002, -3.36363411             , -3.38912034             , -3.31986427             , -3.2677834              , -31.3320541             , 9.92784786              ,            14.8881359   , -1.56223536
  578,  5.779984, -3.3974309              , -3.38912034             , -3.31376982             , -3.28939176             , -30.0302105             , 0.986958265             ,            14.8753529   , -1.44814634
  579,  5.789982, -3.37859344             , -3.34147191             , -3.30324244             , -3.2677834              , -29.1644936             , -4.59515285             ,            14.8828096   , -1.30462551
  580,  5.800000, -3.36363411             , -3.31598592             , -3.31875634             , -3.25725651             , -35.374157              , -7.82187653             ,            14.8785486   , -1.15717125
  581,  5.809981, -3.40186357             , -3.33149934             , -3.32540464             , -3.23731112             , -35.0961418             , -12.3433962             ,            14.8860054   , -1.01134634
  582,  5.819983, -3.38801265             , -3.33482361             , -3.30601335             , -3.26501346             , -34.4901237             , -13.8903542             ,            14.859374    , -0.861112595
  583,  5.830005, -3.36862063             , -3.33371544             , -3.31709409             , -3.25947309             , -24.5559788             , -18.2471027             ,            14.8742876   , -0.712508202
  584,  5.840004, -3.38468838             , -3.32540464             , -3.31986427             , -3.28606725             , -21.424366              , -20.6716499             ,            14.8572435   , -0.558532715
  585,  5.849984, -3.38801265             , -3.30213475             , -3.32872891             , -3.25116181             , -16.9726181             , -26.9657345             ,            14.8913317   , -0.405231953
  586,  5.860002, -3.3952148              , -3.29437804             , -3.32097244             , -3.25005436             , -17.4044361             , -32.5367966             ,            14.8753529   , -0.249531269
  587,  5.869983, -3.40574169             , -3.30435109             , -3.31155372             , -3.21902728             , -11.3512926             , -34.5113754             ,            14.8892012   , -0.098534584
  588,  5.880001, -3.41239047             , -3.27886462             , -3.30712128             , -3.25337815             , -9.51940918             , -31.9210033             ,            14.8497868   , 0.0501656532
  589,  5.889982, -3.39964747             , -3.33039117             , -3.31487751             , -3.26279688             , -2.69151092             , -28.528923              ,            14.8497868   , 0.200882316
  590,  5.900002, -3.36252618             , -3.33925581             , -3.31986427             , -3.30324244             , 3.71843696              , -30.6724892             ,            14.8433952   , 0.356295109
  591,  5.909982, -3.33814764             , -3.31709409             , -3.32208061             , -3.26501346             , 11.4944878              , -30.7732067             ,            14.8561783   , 0.505950093
  592,  5.920001, -3.3580935              , -3.31487751             , -3.31598592             , -3.24894619             , 14.0417738              , -30.833252              ,            14.8636351   , 0.654079199
  593,  5.929981, -3.3719449              , -3.33482361             , -3.31875634             , -3.24451375             , 18.4056931              , -29.3152733             ,            14.8689613   , 0.80047524
  594,  5.940000, -3.34978318             , -3.33149934             , -3.30435109             , -3.28717566             , 20.3740768              , -24.7726078             ,            14.8359385   , 0.953775883
  595,  5.949981, -3.34978318             , -3.32318854             , -3.31709409             , -3.25005436             , 24.126667               , -23.6049156             ,            14.8647003   , 1.09864616
  596,  5.960002, -3.33703971             , -3.32208061             , -3.33039117             , -3.28385115             , 27.4276428              , -16.0710487             ,            14.8647003   , 1.24839699
  597,  5.969984, -3.34978318             , -3.32762122             , -3.31875634             , -3.26612163             , 30.4094048              , -11.0861769             ,            14.8977232   , 1.39057612
  598,  5.980305, -3.3603096              , -3.33482361             , -3.31875634             , -3.26889157             , 33.5554123              , -4.929842               ,            14.9371386   , 1.54014277
  599,  5.989983, -3.3603096              , -3.33039117             , -3.31875634             , -3.2699995              , 33.2512817              , -6.10653448             ,            14.8732224   , 1.6911397
  600,  5.999987, -3.36585021             , -3.32429671             , -3.32208061             , -3.26612163             , 32.281662               , 0.0966856033            ,            14.8849401   , 1.83370543
  601,  6.009999, -3.37305331             , -3.32651281             , -3.2677834              , -3.28606725             , 28.6546974              , 3.82723045              ,            14.8838749   , 1.97550106
  602,  6.019980, -3.37416101             , -3.32651281             , -3.29991841             , -3.22789216             , 31.9410057              , 9.4254446               ,            14.9190283   , 2.11902952
  603,  6.030001, -3.37859344             , -3.32318854             , -3.32318854             , -3.27775645             , 29.8419266              , 16.0437889              ,            14.9211588   , 2.26571321
  604,  6.040010, -3.38579607             , -3.32429671             , -3.31266141             , -3.22678399             , 27.8343849              , 23.1475582              ,            14.9435301   , 2.41613913
  605,  6.049978, -3.3697288              , -3.29770207             , -3.30213475             , -3.27664852             , 25.785881               , 23.339674               ,            14.9062452   , 2.56877279
  606,  6.059999, -3.38468838             , -3.30102634             , -3.31598592             , -3.26501346             , 19.3140869              , 27.6486588              ,            14.9286165   , 2.71977687
  607,  6.069979, -3.3952148              , -3.29437804             , -3.29049993             , -3.30601335             , 14.2565336              , 25.3715725              ,            14.922224    , 2.87173605
  608,  6.079999, -3.38912034             , -3.30822945             , -3.30712128             , -3.23620272             , 13.8369713              , 28.4909687              ,            14.9435301   , 3.02321196
  609,  6.089979, -3.36363411             , -3.29991841             , -3.31155372             , -3.28052688             , 7.30826378              , 34.3671074              ,            14.9062452   , -3.10024357
  610,  6.100009, -3.37083721             , -3.31709409             , -3.31709409             , -3.19077063             , 0.840044796             , 36.4351234              ,            14.9424648   , -2.94550514
  611,  6.109979, -3.38136363             , -3.30435109             , -3.31487751             , -3.29881024             , -6.32428932             , 32.5122032              ,            14.9062452   , -2.79373789
  612,  6.120001, -3.36862063             , -3.32540464             , -3.31986427             , -3.22789216             , -9.36274624             , 29.8993721              ,            14.9211588   , -2.64637947
  613,  6.129982, -3.35920191             , -3.31875634             , -3.30324244             , -3.29326987             , -12.9364986             , 25.7608814              ,            14.9371386   , -2.485116
  614,  6.140006, -3.36252618             , -3.30933738             , -3.31155372             , -3.30102634             , -16.4081688             , 28.0190582              ,            14.9254208   , -2.33631992
  615,  6.149987, -3.37526917             , -3.33371544             , -3.31986427             , -3.22013545             , -21.3006496             , 28.0073185              ,            14.9435301   , -2.19079018
  616,  6.160001, -3.36862063             , -3.33039117             , -3.29326987             , -3.26501346             , -28.8901672             , 24.3063507              ,            14.9243546   , -2.04563236
  617,  6.169982, -3.36862063             , -3.32097244             , -3.32097244             , -3.24063516             , -28.3920822             , 16.8696613              ,            14.9296818   , -1.90029049
  618,  6.179999, -3.37970138             , -3.32762122             , -3.32540464             , -3.30435109             , -28.7267933             , 9.74915409              ,            14.9232893   , -1.74899864
  619,  6.189979, -3.3929987              , -3.35920191             , -3.32208061             , -3.24451375             , -30.1873131             , 7.84107685              ,            14.9445953   , -1.60192776
  620,  6.200000, -3.36862063             , -3.37305331             , -3.29548597             , -3.28385115             , -28.9168854             , 3.48728037              ,            14.9232893   , -1.46262789
  621,  6.209982, -3.38357997             , -3.33593154             , -3.30933738             , -3.22124362             , -36.9144592             , 2.05414081              ,            14.8892012   , -1.31680298
  622,  6.219986, -3.38912034             , -3.33593154             , -3.32208061             , -3.29326987             , -35.216465              , -2.96334887             ,            14.8796139   , -1.17011166
  623,  6.230002, -3.36141801             , -3.32872891             , -3.31044555             , -3.31155372             , -31.2922764             , -9.20257759             ,            14.8732224   , -1.02284908
  624,  6.240007, -3.38247228             , -3.32872891             , -3.32429671             , -3.26279688             , -27.7971573             , -14.3474531             ,            14.8870707   , -0.871177673
  625,  6.249989, -3.37305331             , -3.31986427             , -3.31598592             , -3.24562192             , -27.34688               , -17.820612              ,            14.8923969   , -0.751717567
  626,  6.260006, -3.38357997             , -3.31875634             , -3.31376982             , -3.21182466             , -25.2279472             , -23.5335369             ,            14.8817444   , -0.600816727
  627,  6.269986, -3.41239047             , -3.31709409             , -3.31487751             , -3.27775645             , -22.8392334             , -26.5112743             ,            14.8647003   , -0.448087215
  628,  6.280003, -3.36695838             , -3.31155372             , -3.32762122             , -3.25116181             , -13.9966955             , -28.8840618             ,            14.8625698   , -0.290185928
  629,  6.289985, -3.38468838             , -3.28274298             , -3.32208061             , -3.32208061             , -11.2787266             , -30.1543159             ,            14.8615046   , -0.139181614
  630,  6.300006, -3.38247228             , -3.35310721             , -3.31986427             , -3.22567606             , -3.95177889             , -31.5910721             ,            14.8774834   , 0.0100897551
  631,  6.309988, -3.34978318             , -3.34147191             , -3.32097244             , -3.2699995              , -3.13049722             , -32.2751808             ,            14.8647003   , 0.157835245
  632,  6.320000, -3.3580935              , -3.32097244             , -3.32872891             , -3.20018959             , 1.4046818               , -34.3126945             ,            14.8785486   , 0.317173958
  633,  6.330000, -3.37526917             , -3.31155372             , -3.31487751             , -3.28939176             , 4.60333586              , -33.5248947             ,            14.8497868   , 0.465303063
  634,  6.339982, -3.37859344             , -3.33039117             , -3.30102634             , -3.23287868             , 13.5367298              , -31.3378677             ,            14.8572435   , 0.615728617
  635,  6.350000, -3.34978318             , -3.33039117             , -3.30712128             , -3.27886462             , 17.2999516              , -27.9525414             ,            14.8934622   , 0.760687113
  636,  6.359980, -3.35920191             , -3.30933738             , -3.32097244             , -3.25725651             , 21.6458073              , -25.012022              ,            14.9041147   , 0.910728931
  637,  6.370003, -3.37637711             , -3.32540464             , -3.32318854             , -3.22900009             , 25.6472683              , -22.5842686             ,            14.9019842   , 1.06086683
  638,  6.379985, -3.37083721             , -3.30822945             , -3.31487751             , -3.29326987             , 27.4260559              , -17.6731777             ,            14.8849401   , 1.21138811
  639,  6.390003, -3.35920191             , -3.31875634             , -3.32651281             , -3.20240593             , 27.5756607              , -15.9329023             ,            14.8977232   , 1.35280442
  640,  6.400010, -3.35698581             , -3.31044555             , -3.32097244             , -3.30601335             , 31.7110405              , -9.7235384              ,            14.9030495   , 1.5033257
  641,  6.410004, -3.3719449              , -3.31709409             , -3.31986427             , -3.23620272             , 32.7904625              , -2.60992932             ,            14.9286165   , 1.65135908
  642,  6.419984, -3.3974309              , -3.31266141             , -3.32762122             , -3.28052688             , 34.4933434              , 2.18280768              ,            14.9019842   , 1.79468822
  643,  6.430003, -3.38912034             , -3.29049993             , -3.31487751             , -3.24451375             , 35.3950119              , 2.55527592              ,            14.8945274   , 1.93878794
  644,  6.439984, -3.39133668             , -3.29160762             , -3.30324244             , -3.24451375             , 34.9194374              , 7.00525188              ,            14.8913317   , 2.07981253
  645,  6.450002, -3.39853907             , -3.30822945             , -3.29548597             , -3.24174309             , 29.5691757              , 11.8580627              ,            14.8700266   , 2.22554159
  646,  6.459983, -3.38247228             , -3.30324244             , -3.30822945             , -3.25448608             , 27.3437119              , 16.6977158              ,            14.8828096   , 2.37452984
  647,  6.470001, -3.36862063             , -3.28717566             , -3.30822945             , -3.29770207             , 19.7868309              , 23.227438               ,            14.9158325   , 2.52821398
  648,  6.479982, -3.37305331             , -3.30435109             , -3.28274298             , -3.24451375             , 22.0385494              , 27.8676872              ,            14.935008    , 2.67940998
  649,  6.490002, -3.36585021             , -3.31376982             , -3.29659438             , -3.27110815             , 20.7996349              , 31.8515434              ,            14.9211588   , 2.83051014
  650,  6.499984, -3.35199928             , -3.31376982             , -3.31376982             , -3.27886462             , 13.9569473              , 30.3489857              ,            14.9105062   , 2.98246908
  651,  6.510002, -3.3697288              , -3.31709409             , -3.29437804             , -3.25005436             , 8.29917431              , 29.3080921              ,            14.9168978   , 3.14133263
  652,  6.519988, -3.39133668             , -3.30712128             , -3.31875634             , -3.28939176             , 2.86784077              , 28.3127174              ,            14.9062452   , -2.98529339
  653,  6.529978, -3.37416101             , -3.32208061             , -3.32872891             , -3.26279688             , -3.64213777             , 31.7496338              ,            14.8934622   , -2.83409739
  654,  6.539999, -3.3697288              , -3.32318854             , -3.31986427             , -3.24894619             , -10.4416485             , 33.5638084              ,            14.9254208   , -2.68607187
  655,  6.549978, -3.38357997             , -3.31155372             , -3.29049993             , -3.23731112             , -12.7365561             , 34.7284431              ,            14.9062452   , -2.5301795
  656,  6.560004, -3.38468838             , -3.31155372             , -3.33039117             , -3.24174309             , -17.2440071             , 31.6552448              ,            14.8742876   , -2.37841225
  657,  6.569986, -3.3580935              , -3.31487751             , -3.33371544             , -3.28939176             , -19.295435              , 24.9283714              ,            14.8774834   , -2.22443676
  658,  6.580001, -3.35421538             , -3.31598592             , -3.30324244             , -3.28163481             , -20.7991276             , 21.4232712              ,            14.8806791   , -2.08791637
  659,  6.589983, -3.37526917             , -3.31487751             , -3.30435109             , -3.24783802             , -27.6930828             , 13.0487194              ,            14.8955927   , -1.94027042
  660,  6.600001, -3.37859344             , -3.30822945             , -3.31266141             , -3.23731112             , -33.0317955             , 12.1445684              ,            14.9158325   , -1.78974915
  661,  6.609981, -3.39964747             , -3.31709409             , -3.31598592             , -3.23066235             , -34.816658              , 11.335535               ,            14.8913317   , -1.64555359
  662,  6.620008, -3.40075517             , -3.32208061             , -3.31598592             , -3.26168919             , -34.2271461             , 6.32936096              ,            14.90518     , -1.50241613
  663,  6.629989, -3.37748528             , -3.32208061             , -3.32318854             , -3.28385115             , -34.1466637             , 2.0926857               ,            14.8774834   , -1.35975409
  664,  6.640014, -3.3719449              , -3.32097244             , -3.30712128             , -3.30324244             , -31.2753696             , -2.94220281             ,            14.8338079   , -1.21249151
  665,  6.650002, -3.36695838             , -3.32208061             , -3.31155372             , -3.25448608             , -27.3505039             , -11.5571079             ,            14.8966579   , -1.06513309
  666,  6.660002, -3.36474228             , -3.32208061             , -3.31986427             , -3.25725651             , -30.8641453             , -17.597311              ,            14.8860054   , -0.914995193
  667,  6.669983, -3.38912034             , -3.32097244             , -3.31376982             , -3.24340558             , -28.3421669             , -21.7825508             ,            14.8700266   , -0.763990879
  668,  6.680003, -3.37083721             , -3.32097244             , -3.32540464             , -3.24174309             , -24.1546345             , -23.0489635             ,            14.8817444   , -0.615290642
  669,  6.689985, -3.33039117             , -3.31986427             , -3.31709409             , -3.30712128             , -22.2518806             , -21.161911              ,            14.8561783   , -0.463427544
  670,  6.700000, -3.35698581             , -3.32762122             , -3.33371544             , -3.26279688             , -13.4951134             , -26.4813461             ,            14.8657656   , -0.336974621
  671,  6.709981, -3.40407968             , -3.32429671             , -3.30435109             , -3.25725651             , -13.0783567             , -31.2662792             ,            14.8710918   , -0.185874462
  672,  6.720000, -3.34313416             , -3.31875634             , -3.32540464             , -3.25337815             , -7.73034668             , -33.7987633             ,            14.8710918   , -0.0326695442
  673,  6.729981, -3.33814764             , -3.32097244             , -3.31598592             , -3.25337815             , -4.32653379             , -33.4713135             ,            14.8615046   , 0.112867713
  674,  6.740001, -3.37748528             , -3.31598592             , -3.30601335             , -3.27664852             , -1.01374614             , -32.0938606             ,            14.838069    , 0.266938925
  675,  6.750016, -3.38247228             , -3.32318854             , -3.32872891             , -3.24174309             , 3.62399936              , -31.606102              ,            14.8519173   , 0.420914412
  676,  6.760008, -3.33593154             , -3.31986427             , -3.31266141             , -3.29659438             , 9.54932213              , -30.2049522             ,            14.8881359   , 0.573540449
  677,  6.769989, -3.36363411             , -3.32208061             , -3.30601335             , -3.24063516             , 15.9207487              , -30.2415009             ,            14.8955927   , 0.714573026
  678,  6.780009, -3.37637711             , -3.32318854             , -3.29770207             , -3.23731112             , 20.4029408              , -25.9353085             ,            14.8721571   , 0.868548393
  679,  6.789999, -3.40795827             , -3.31709409             , -3.32540464             , -3.22900009             , 25.0045967              , -23.6096992             ,            14.8785486   , 1.01638222
  680,  6.799979, -3.5038085              , -3.30601335             , -3.36141801             , -3.19354081             , 25.1102409              , -17.6059132             ,            14.8636351   , 1.16297758
  681,  6.809999, -3.51211929             , -3.25725651             , -3.35089111             , -3.14367628             , 26.4868984              , -15.4935198             ,            14.8391342   , 1.30889082
  682,  6.819980, -3.29991841             , -3.10267711             , -3.31155372             , -3.06666398             , 30.8695946              , -12.6867104             ,            14.8636351   , 1.45414484
  683,  6.829999, -3.23066235             , -3.01236677             , -3.0971365              , -2.89546227             , 32.0603256              , -9.20246315             ,            14.8242197   , 1.60523736
  684,  6.839980, -3.13536596             , -2.95197558             , -3.08660913             , -2.99962401             , 30.4679871              , 4.1092639               ,            14.7997189   , 1.74732828
  685,  6.850009, -3.31376982             , -3.13869023             , -3.32208061             , -3.07719064             , 31.6469917              , 8.33328533              ,            14.5270109   , 1.89007854
  686,  6.859989, -3.43122816             , -3.17137909             , -3.35199928             , -3.23177028             , 25.3667011              , 8.03330803              ,            14.4002447   , 2.02574015
  687,  6.870004, -3.38136363             , -3.20129752             , -3.4910655              , -3.29326987             , 34.1422386              , 7.12721872              ,            14.3661566   , 2.16446829
  688,  6.879984, -3.36141801             , -3.24340558             , -3.30601335             , -3.11652803             , 27.4378452              , 13.9552135              ,            14.3927879   , 2.30636764
  689,  6.890003, -3.32540464             , -3.21404076             , -3.37748528             , -3.27554035             , 26.809948               , 18.679697               ,            14.414093    , 2.45123053
  690,  6.899984, -3.29548597             , -3.1652844              , -3.37526917             , -3.24894619             , 21.4431038              , 20.2444439              ,            14.5046406   , 2.6022346
  691,  6.910001, -3.28385115             , -3.18412232             , -3.36585021             , -3.30213475             , 12.0220461              , 24.640419               ,            14.6005144   , 2.75026011
  692,  6.919983, -3.28828335             , -3.21902728             , -3.38801265             , -3.27221584             , 15.533494               , 25.8338032              ,            14.5962534   , 2.89943981
  693,  6.930010, -3.29049993             , -3.24340558             , -3.34147191             , -3.35310721             , 14.6776075              , 29.8165874              ,            14.6473866   , 3.05015278
  694,  6.940009, -3.28606725             , -3.25226998             , -3.3558774              , -3.29770207             , 7.88399506              , 33.1210442              ,            14.699584    , -3.07704449
  695,  6.949978, -3.29049993             , -3.28939176             , -3.36363411             , -3.31875634             , 1.89760804              , 32.8121414              ,            14.7304773   , -2.92613602
  696,  6.960007, -3.29548597             , -3.28939176             , -3.33925581             , -3.41128254             , -3.28731751             , 30.8626137              ,            14.7517824   , -2.77743578
  697,  6.969987, -3.32318854             , -3.2699995              , -3.37970138             , -3.23952723             , -10.7307224             , 28.3368969              ,            14.7869358   , -2.62988567
  698,  6.980009, -3.34147191             , -3.27886462             , -3.30822945             , -3.35421538             , -14.1750269             , 28.7850647              ,            14.8327427   , -2.47093391
  699,  6.989979, -3.33260751             , -3.30822945             , -3.31875634             , -3.20351362             , -16.4563694             , 30.1763382              ,            14.8338079   , -2.31906319
  700,  7.000007, -3.33482361             , -3.30213475             , -3.32540464             , -3.34645891             , -22.4108639             , 26.5203915              ,            14.8561783   , -2.17755508
  701,  7.009987, -3.34645891             , -3.34147191             , -3.31376982             , -3.29326987             , -23.0387325             , 23.5335732              ,            14.846591    , -2.03173018
  702,  7.020007, -3.32762122             , -3.38579607             , -3.31376982             , -3.31875634             , -25.9212475             , 19.0553112              ,            14.8604393   , -1.88427591
  703,  7.030004, -3.31598592             , -3.34424281             , -3.30213475             , -3.30435109             , -28.1821213             , 8.18858051              ,            14.8806791   , -1.73528814
  704,  7.039986, -3.3558774              , -3.32429671             , -3.30213475             , -3.23952723             , -32.4423981             , 4.16309786              ,            14.9073105   , -1.58821726
  705,  7.049989, -3.35698581             , -3.33482361             , -3.29548597             , -3.28495955             , -35.8369751             , 3.39985514              ,            14.900919    , -1.44968033
  706,  7.060004, -3.37526917             , -3.32429671             , -3.35199928             , -3.25005436             , -34.7257462             , 0.26670453              ,            14.8668308   , -1.30328417
  707,  7.069985, -3.35421538             , -3.31155372             , -3.29659438             , -3.31598592             , -34.063797              , -3.52048111             ,            14.8817444   , -1.15736341
  708,  7.080004, -3.34036398             , -3.31598592             , -3.29991841             , -3.29881024             , -29.5406437             , -8.9027071              ,            14.8849401   , -1.01058388
  709,  7.089985, -3.3558774              , -3.32208061             , -3.32097244             , -3.29659438             , -25.3617172             , -15.9592943             ,            14.9168978   , -0.859675407
  710,  7.100001, -3.36862063             , -3.32208061             , -3.28828335             , -3.26390529             , -23.5764084             , -20.7591305             ,            14.9158325   , -0.710108757
  711,  7.109981, -3.37083721             , -3.31598592             , -3.29049993             , -3.27221584             , -24.4653358             , -24.1820736             ,            14.9019842   , -0.557674408
  712,  7.119980, -3.37748528             , -3.33039117             , -3.31266141             , -3.25947309             , -22.5852013             , -27.3580036             ,            14.9073105   , -0.404181957
  713,  7.130005, -3.37526917             , -3.33482361             , -3.28274298             , -3.28052688             , -16.2743301             , -28.4879589             ,            14.9083757   , -0.247806549
  714,  7.139985, -3.38357997             , -3.34036398             , -3.32208061             , -3.2699995              , -10.993578              , -29.1122417             ,            14.9126368   , -0.0976686478
  715,  7.150006, -3.37748528             , -3.32318854             , -3.33814764             , -3.27221584             , -5.35335493             , -31.4120846             ,            14.9371386   , 0.0540027618
  716,  7.160005, -3.36695838             , -3.32872891             , -3.29437804             , -3.28717566             , 0.39158541              , -33.7678261             ,            14.922224    , 0.204623461
  717,  7.169987, -3.38468838             , -3.33039117             , -3.33703971             , -3.23509479             , 3.84399509              , -34.8130417             ,            14.8860054   , 0.332609773
  718,  7.180009, -3.38468838             , -3.32097244             , -3.32318854             , -3.30933738             , 7.84183693              , -31.1557236             ,            14.8923969   , 0.48208046
  719,  7.189978, -3.36585021             , -3.34535074             , -3.30601335             , -3.25005436             , 10.7409115              , -28.605135              ,            14.8966579   , 0.627905488
  720,  7.200000, -3.3697288              , -3.34147191             , -3.32318854             , -3.27110815             , 15.4156694              , -27.9748554             ,            14.8892012   , 0.777368546
  721,  7.209980, -3.3697288              , -3.35089111             , -3.32872891             , -3.23841906             , 24.7839775              , -26.1695309             ,            14.8977232   , 0.928276896
  722,  7.219999, -3.36585021             , -3.34424281             , -3.31376982             , -3.23509479             , 27.2867336              , -20.4429073             ,            14.9232893   , 1.07544374
  723,  7.229980, -3.38136363             , -3.31709409             , -3.32540464             , -3.26279688             , 28.1314373              , -19.9512711             ,            14.8796139   , 1.22759438
  724,  7.239999, -3.35089111             , -3.31266141             , -3.35310721             , -3.24562192             , 29.3627415              , -13.0899801             ,            14.8934622   , 1.36920249
  725,  7.249980, -3.36474228             , -3.30712128             , -3.35199928             , -3.26390529             , 29.9766941              , -8.3254509              ,            14.8977232   , 1.51809442
  726,  7.260000, -3.43676853             , -3.28495955             , -3.36585021             , -3.19908166             , 31.0597363              , -2.24605799             ,            14.8870707   , 1.66534948
  727,  7.269981, -3.44120073             , -3.17027068             , -3.40407968             , -3.15974402             , 36.7389374              , -0.553014755            ,            14.9073105   , 1.80954504
  728,  7.280008, -3.28939176             , -2.97302938             , -3.34036398             , -3.08106899             , 36.6252441              , 6.6712985               ,            14.9445953   , 1.95451117
  729,  7.289988, -3.17581153             , -2.92870522             , -3.26501346             , -2.82676029             , 30.4845142              , 13.2461691              ,            14.838069    , 2.09400272
  730,  7.300001, -3.09602833             , -2.78742266             , -3.13758206             , -2.97413754             , 25.9184608              , 15.2078781              ,            14.6974535   , 2.23877716
  731,  7.309983, -3.01846147             , -2.44335794             , -3.15641999             , -2.80349016             , 20.7661152              , 18.5603886              ,            14.4907923   , 2.38315678
  732,  7.320002, -2.68215322             , -2.40235829             , -3.18855476             , -2.77578759             , 20.3558254              , 22.5210209              ,            14.1989098   , 2.53051519
  733,  7.329983, -2.77578759             , -2.21453571             , -3.13093352             , -2.88382745             , 15.8999081              , 23.2932148              ,            14.0082273   , 2.67336893
  734,  7.340003, -2.55472183             , -2.29598093             , -3.14478445             , -2.85224652             , 8.78204632              , 25.4044151              ,            13.826067    , 2.81277227
  735,  7.350001, -2.50485754             , -2.38739896             , -3.13204145             , -2.96859717             , 9.73998165              , 27.9327431              ,            13.6066227   , 2.95159674
  736,  7.359983, -2.65057278             , -2.33975077             , -3.11098742             , -2.92427301             , 0.777005255             , 25.4513531              ,            13.4585514   , 3.09301281
  737,  7.370000, -2.37964225             , -2.46773624             , -3.10267711             , -2.97524548             , 3.95251179              , 26.7241325              ,            13.2337799   , -3.0498147
  738,  7.379981, -2.42562819             , -2.41898012             , -2.9580698              , -3.04283953             , -3.8289156              , 25.548418               ,            13.0825129   , -2.91645718
  739,  7.390002, -2.41898012             , -2.57300544             , -2.87108421             , -2.98688054             , -7.09419727             , 23.0896168              ,            12.9216576   , -2.78635836
  740,  7.399982, -2.31204844             , -2.54973531             , -2.89324594             , -2.91374636             , -7.31217813             , 22.3922977              ,            12.8321753   , -2.65740204
  741,  7.410009, -2.37798023             , -2.6644237              , -2.83950353             , -3.0134747              , -9.33453274             , 18.8960152              ,            12.6734514   , -2.52529049
  742,  7.419978, -2.40402055             , -2.69101834             , -2.76193666             , -2.88493538             , -19.5711346             , 15.1330242              ,            12.6745167   , -2.39413357
  743,  7.430000, -2.35969663             , -2.70653176             , -2.7281394              , -2.89989495             , -15.6503315             , 24.9429741              ,            12.5594683   , -2.27103567
  744,  7.439982, -2.38739896             , -2.75639582             , -2.72370744             , -2.89657021             , -17.6733799             , 16.0631657              ,            12.4135265   , -2.150805
  745,  7.450010, -2.58131623             , -2.74476099             , -2.62841058             , -2.63339686             , -19.077795              , 8.25811386              ,            12.402874    , -2.02933168
  746,  7.459979, -2.53477621             , -2.73534203             , -2.66553187             , -3.02289367             , -19.847723              , 15.5503645              ,            12.26439     , -1.90843773
  747,  7.470000, -2.50319552             , -2.81069303             , -2.67384267             , -2.60070825             , -20.9732304             , 6.44639921              ,            12.1706467   , -1.78495598
  748,  7.479981, -2.89158392             , -2.81069303             , -2.67051816             , -2.86388183             , -21.8001995             , 6.95709229              ,            12.0971432   , -1.66540003
  749,  7.490000, -2.91762424             , -3.0217855              , -3.06223154             , -2.87662458             , -21.6182976             , 1.55347407              ,            12.0896864   , -1.54891109
  750,  7.499980, -3.06333923             , -2.94975948             , -2.85501671             , -2.86498952             , -24.0583439             , 0.959097743             ,            12.0598593   , -1.43587637
  751,  7.510002, -2.98909664             , -3.10766315             , -3.10267711             , -2.98355627             , -26.428936              , 6.38980722              ,            12.2068653   , -1.31651592
  752,  7.519982, -3.18079805             , -3.22678399             , -3.13093352             , -3.15032506             , -20.2856445             , 2.05170393              ,            12.4689207   , -1.19360495
  753,  7.530010, -3.08771753             , -3.1663928              , -3.26058078             , -3.22678399             , -19.8456287             , -1.67271829             ,            12.7522812   , -1.06733656
  754,  7.539980, -3.26889157             , -3.20351362             , -3.16916275             , -3.1397984              , -24.2361317             , -6.85752583             ,            12.9951611   , -0.93330431
  755,  7.550005, -3.17913556             , -3.15641999             , -3.20517588             , -3.13093352             , -26.4946918             , -9.19695854             ,            13.2529554   , -0.800997257
  756,  7.559986, -3.12705517             , -3.18855476             , -3.20129752             , -3.09824467             , -23.7741318             , -13.3985996             ,            13.5469685   , -0.662364483
  757,  7.570004, -3.19354081             , -3.23620272             , -3.08328509             , -3.22789216             , -21.5351143             , -16.2266941             ,            13.6705389   , -0.524214745
  758,  7.579985, -3.19686556             , -3.18855476             , -3.23177028             , -3.11819053             , -15.701582              , -21.6748867             ,            13.8463078   , -0.380686283
  759,  7.590004, -3.19908166             , -3.18966269             , -3.15531158             , -3.12483883             , -15.3438187             , -25.8834362             ,            14.0412512   , -0.23342371
  760,  7.599985, -3.24562192             , -3.21404076             , -3.16085196             , -3.16805434             , -12.3030109             , -29.73246               ,            14.1083622   , -0.0918197632
  761,  7.610009, -3.26168919             , -3.23287868             , -3.22013545             , -3.18301415             , -8.83360291             , -28.5928154             ,            14.2638912   , 0.0512216091
  762,  7.620006, -3.26279688             , -3.25836468             , -3.1663928              , -3.16085196             , -0.945557177            , -30.4704189             ,            14.3331337   , 0.165310383
  763,  7.629987, -3.28385115             , -3.26279688             , -3.20018959             , -3.14478445             , 2.51345801              , -32.1691322             ,            14.3491125   , 0.32244873
  764,  7.639979, -3.26390529             , -3.28828335             , -3.22789216             , -3.15863609             , 6.23648834              , -29.4385109             ,            14.4364643   , 0.464723945
  765,  7.649981, -3.27886462             , -3.29326987             , -3.21791911             , -3.16196036             , 8.44232464              , -29.3572273             ,            14.4801397   , 0.611511111
  766,  7.660004, -3.30213475             , -3.2677834              , -3.21404076             , -3.20129752             , 14.7983866              , -28.2993202             ,            14.5579042   , 0.751773238
  767,  7.669983, -3.32651281             , -3.27664852             , -3.24063516             , -3.18633842             , 21.027298               , -22.9080544             ,            14.6559086   , 0.897977591
  768,  7.680004, -3.32208061             , -3.28052688             , -3.24894619             , -3.21625686             , 24.4424686              , -25.0486031             ,            14.6569738   , 1.04658175
  769,  7.689985, -3.31986427             , -3.29991841             , -3.25836468             , -3.15254116             , 26.165699               , -20.3060894             ,            14.7113018   , 1.19250274
  770,  7.700004, -3.33593154             , -3.30324244             , -3.30601335             , -3.20739222             , 26.9590244              , -13.8000832             ,            14.7240849   , 1.33631122
  771,  7.709984, -3.34756684             , -3.29437804             , -3.28495955             , -3.19187856             , 28.7837296              , -9.91216755             ,            14.7400646   , 1.48357379
  772,  7.720008, -3.3719449              , -3.29326987             , -3.26279688             , -3.23177028             , 28.7937241              , -1.39379835             ,            14.779479    , 1.63064456
  773,  7.729989, -3.38912034             , -3.29160762             , -3.29049993             , -3.18966269             , 33.2712631              , -0.128289461            ,            14.7677612   , 1.77407694
  774,  7.740005, -3.38912034             , -3.29991841             , -3.29326987             , -3.18079805             , 36.7094498              , 3.91365552              ,            14.7922621   , 1.91740656
  775,  7.749987, -3.3952148              , -3.29437804             , -3.29437804             , -3.19354081             , 35.6109352              , 8.50868225              ,            14.7922621   , 2.0561347
  776,  7.760004, -3.39022875             , -3.27886462             , -3.27443194             , -3.21625686             , 30.4821892              , 9.96004581              ,            14.7933273   , 2.20033026
  777,  7.770005, -3.40186357             , -3.26612163             , -3.29437804             , -3.21514869             , 22.4161491              , 13.7381887              ,            14.84233     , 2.35075617
  778,  7.779986, -3.3952148              , -3.24894619             , -3.30324244             , -3.21071649             , 20.6510563              , 21.4081936              ,            14.855113    , 2.49964786
  779,  7.790008, -3.3974309              , -3.24174309             , -3.30102634             , -3.21514869             , 22.9374466              , 29.1744823              ,            14.8604393   , 2.65314054
  780,  7.799979, -3.40574169             , -3.28939176             , -3.31155372             , -3.22900009             , 20.1570282              , 31.3145313              ,            14.8444605   , 2.80356598
  781,  7.809983, -3.40574169             , -3.24174309             , -3.31266141             , -3.24673009             , 17.8195648              , 30.1863861              ,            14.8647003   , 2.95485783
  782,  7.820001, -3.3719449              , -3.23731112             , -3.31487751             , -3.26501346             , 10.8490782              , 31.4185944              ,            14.8678961   , 3.11141729
  783,  7.830002, -3.37637711             , -3.27775645             , -3.31487751             , -3.25947309             , 3.55056                 , 28.9109554              ,            14.8657656   , -3.01683807
  784,  7.839983, -3.38136363             , -3.28163481             , -3.32318854             , -3.22567606             , -2.34188008             , 30.1514168              ,            14.8817444   , -2.86113739
  785,  7.850002, -3.38579607             , -3.26168919             , -3.32872891             , -3.23841906             , -6.40332603             , 33.4940834              ,            14.8742876   , -2.71684599
  786,  7.859982, -3.37637711             , -3.25116181             , -3.33039117             , -3.20240593             , -11.3958378             , 33.0912514              ,            14.8987885   , -2.56306601
  787,  7.870003, -3.3558774              , -3.29881024             , -3.32651281             , -3.24894619             , -15.3376904             , 30.4302654              ,            14.9041147   , -2.40583181
  788,  7.879983, -3.35310721             , -3.28163481             , -3.33260751             , -3.26058078             , -18.5461578             , 26.4880848              ,            14.8860054   , -2.25799799
  789,  7.890003, -3.38801265             , -3.29548597             , -3.33039117             , -3.27332425             , -20.2994137             , 23.0097332              ,            14.8998537   , -2.11543179
  790,  7.899983, -3.36862063             , -3.30324244             , -3.32872891             , -3.23952723             , -27.2377033             , 19.7767029              ,            14.913702    , -1.96720695
  791,  7.910003, -3.3558774              , -3.30601335             , -3.32762122             , -3.23731112             , -29.3062019             , 13.7165337              ,            14.9243546   , -1.81889391
  792,  7.919984, -3.37083721             , -3.30601335             , -3.32762122             , -3.26279688             , -30.7748928             , 10.4566813              ,            14.90518     , -1.67105246
  793,  7.930006, -3.38357997             , -3.34147191             , -3.33149934             , -3.25337815             , -32.7587852             , 4.65090179              ,            14.9211588   , -1.52868557
  794,  7.939987, -3.38579607             , -3.36585021             , -3.32651281             , -3.25947309             , -33.3986855             , 3.10146379              ,            14.8881359   , -1.38765287
  795,  7.950003, -3.38579607             , -3.33371544             , -3.32429671             , -3.24063516             , -32.0510864             , -4.11158895             ,            14.8732224   , -1.24316978
  796,  7.959984, -3.37859344             , -3.31709409             , -3.27886462             , -3.25836468             , -34.4231873             , -5.12557173             ,            14.8945274   , -1.09485674
  797,  7.970006, -3.3580935              , -3.30822945             , -3.31487751             , -3.24063516             , -30.213007              , -13.8780508             ,            14.9158325   , -0.945194244
  798,  7.979985, -3.37859344             , -3.30601335             , -3.32097244             , -3.27554035             , -25.6214523             , -21.0337563             ,            14.8998537   , -0.794285774
  799,  7.990005, -3.3941071              , -3.31598592             , -3.30933738             , -3.25005436             , -27.0724297             , -19.3245277             ,            14.8742876   , -0.643480778
  800,  8.000005, -3.4068501              , -3.27332425             , -3.30601335             , -3.29160762             , -20.0593433             , -24.4975109             ,            14.9030495   , -0.492476463
  801,  8.009985, -3.41128254             , -3.28717566             , -3.29437804             , -3.21902728             , -17.8869171             , -29.0478554             ,            14.8966579   , -0.334479332
  802,  8.020005, -3.39853907             , -3.29548597             , -3.30213475             , -3.22567606             , -17.3972874             , -29.2775879             ,            14.8742876   , -0.183379173
  803,  8.029985, -3.39632297             , -3.27554035             , -3.31266141             , -3.23177028             , -9.95434189             , -32.1738129             ,            14.8828096   , -0.0318036079
  804,  8.040005, -3.40407968             , -3.29659438             , -3.33703971             , -3.23287868             , -2.49605727             , -31.6122437             ,            14.8625698   , 0.115934253
  805,  8.049985, -3.40407968             , -3.28495955             , -3.36585021             , -3.25725651             , 2.74243093              , -30.9028835             ,            14.859374    , 0.271251321
  806,  8.060005, -3.4090662              , -3.25836468             , -3.37416101             , -3.18966269             , 4.48438025              , -29.4158535             ,            14.859374    , 0.424551964
  807,  8.069985, -3.3974309              , -3.23509479             , -3.36141801             , -3.22456789             , 7.16600227              , -34.3724251             ,            14.846591    , 0.542862177
  808,  8.080002, -3.35920191             , -3.22235155             , -3.44507957             , -3.14700079             , 13.5665483              , -32.1758804             ,            14.8817444   , 0.691658258
  809,  8.090009, -3.24562192             , -2.9697051              , -3.3580935              , -3.13314962             , 17.1337776              , -27.249876              ,            14.9168978   , 0.840358377
  810,  8.099988, -3.10046077             , -3.02289367             , -3.22124362             , -3.0910418              , 23.2592411              , -18.9765759             ,            14.8583088   , 0.989637256
  811,  8.109981, -3.08217669             , -2.87662458             , -3.17027068             , -2.98134017             , 27.4810352              , -19.3048706             ,            14.7326078   , 1.1355505
  812,  8.120002, -2.86498952             , -2.70874786             , -3.20018959             , -2.93812442             , 27.7289696              , -12.0890522             ,            14.6005144   , 1.27927101
  813,  8.130000, -2.76415277             , -2.688802               , -3.10766315             , -3.0068264              , 30.2193012              , -9.27550602             ,            14.3533735   , 1.4190501
  814,  8.139981, -2.70154524             , -2.53145194             , -3.11098742             , -2.97192121             , 24.7675838              , -4.78290892             ,            14.0806656   , 1.56171215
  815,  8.150009, -2.32368326             , -2.63893747             , -3.04616356             , -2.96471834             , 27.1398544              , 4.16109037              ,            13.8750696   , 1.69929075
  816,  8.159983, -2.52535725             , -2.48491168             , -3.00073195             , -2.99851584             , 30.048542               , 7.10171509              ,            13.6897135   , 1.83313513
  817,  8.169983, -2.40623689             , -2.7214911              , -2.9558537              , -2.98134017             , 26.3256207              , 4.43812609              ,            13.4095488   , 1.96198797
  818,  8.180002, -2.36800718             , -2.51981688             , -2.95419168             , -3.00904274             , 23.7104225              , 12.0625515              ,            13.326458    , 2.0867157
  819,  8.189982, -2.42950678             , -2.63893747             , -2.83507109             , -3.0334208              , 21.5966434              , 9.74203205              ,            13.0782518   , 2.21633911
  820,  8.200002, -2.34473729             , -2.76193666             , -2.78853083             , -2.87219238             , 21.4532509              , 17.3911266              ,            12.9408321   , 2.34605837
  821,  8.210013, -2.22617078             , -2.67827511             , -2.82565212             , -3.17913556             , 18.6290417              , 16.6656113              ,            12.8705254   , 2.47347355
  822,  8.219983, -2.24500823             , -2.8162334              , -2.65555906             , -3.04727197             , 16.2738876              , 19.4337387              ,            12.7235184   , 2.60760164
  823,  8.230001, -2.17630625             , -2.85003042             , -2.61954594             , -3.17581153             , 8.63356113              , 22.4268646              ,            12.701148    , 2.7345376
  824,  8.239981, -2.19015741             , -2.86775994             , -2.59960008             , -3.02843428             , 14.020031               , 19.5494633              ,            12.6116657   , 2.86348629
  825,  8.249999, -2.294873               , -2.90598917             , -2.44446611             , -3.08882546             , 6.87628365              , 22.7014313              ,            12.4859648   , 2.99033022
  826,  8.259980, -2.17076564             , -2.97746158             , -2.46274996             , -3.08660913             , 6.31327248              , 24.4005566              ,            12.4273748   , 3.12474585
  827,  8.269999, -2.32700753             , -3.0971365              , -2.30872393             , -3.068326               , -1.55145061             , 20.4307804              ,            12.3197832   , -3.03131199
  828,  8.279981, -2.36191273             , -3.05890727             , -2.2749269              , -2.99629951             , -2.66085243             , 20.1067562              ,            12.2239094   , -2.90639257
  829,  8.290002, -2.35969663             , -3.12705517             , -2.16023874             , -2.83174682             , -5.01652527             , 25.9705772              ,            12.1898212   , -2.78357792
  830,  8.299982, -2.52923584             , -3.12483883             , -2.12422562             , -3.01125908             , -3.41035891             , 23.5622673              ,            12.0790339   , -2.66286802
  831,  8.310003, -2.54197884             , -3.17359519             , -2.10704994             , -2.81290913             , -8.85243702             , 19.8245564              ,            12.1099262   , -2.53813624
  832,  8.319984, -2.62065387             , -3.23066235             , -1.97130799             , -2.71207213             , -7.41648722             , 21.6278934              ,            12.1046      , -2.40937948
  833,  8.330001, -2.70265317             , -3.26501346             , -2.04776692             , -2.71927476             , -14.0456152             , 18.2836075              ,            12.0800991   , -2.28934813
  834,  8.339981, -2.71428823             , -3.29548597             , -1.91811931             , -2.62841058             , -13.4049854             , 18.2365723              ,            12.0928822   , -2.1743927
  835,  8.350001, -2.78631473             , -3.30712128             , -1.94803786             , -2.54641128             , -17.4502411             , 15.3819675              ,            12.0683813   , -2.05579519
  836,  8.359981, -2.84559798             , -3.31875634             , -1.95745671             , -2.50319552             , -18.3764076             , 10.961957               ,            12.121644    , -1.93576002
  837,  8.369984, -3.01125908             , -3.29049993             , -1.95856488             , -2.37465596             , -21.1495399             , 6.83372974              ,            12.0854254   , -1.81419516
  838,  8.379987, -3.02843428             , -3.43898463             , -1.99568605             , -2.2378056              , -23.0410442             , 7.54045963              ,            12.0758381   , -1.69483089
  839,  8.389978, -3.20850015             , -3.32762122             , -2.00842905             , -2.3015213              , -21.7478809             , 1.61476254              ,            12.0087261   , -1.57786655
  840,  8.399981, -3.15143299             , -3.22900009             , -2.11148262             , -2.11369872             , -20.8177929             , 2.23128724              ,            11.9693117   , -1.46655703
  841,  8.409985, -3.28606725             , -3.14921713             , -2.15081978             , -2.15081978             , -23.319067              , 0.772890866             ,            11.8500013   , -1.3535223
  842,  8.419987, -3.24451375             , -3.10544705             , -2.19015741             , -2.14749575             , -22.5859489             , -2.12660003             ,            11.9021997   , -1.23664999
  843,  8.429980, -3.32097244             , -3.01679945             , -2.3015213              , -1.79401219             , -19.4722404             , 0.777589917             ,            11.819109    , -1.1185317
  844,  8.439982, -3.39022875             , -2.92538095             , -2.38296676             , -1.95413244             , -16.2421589             , -6.58970213             ,            11.8606548   , -1.00137568
  845,  8.660007, -2.11148262             , -1.90260577             , -3.37305331             , -3.18855476             , 18.4715061              , -6.53018332             ,            11.819109    , 1.59507573
  846,  8.669987, -1.98183477             , -1.92033529             , -3.29049993             , -3.24562192             , 22.3058987              , 6.7303195               ,            11.8894167   , 1.7071557
  847,  8.680008, -1.96410525             , -2.01673985             , -3.21293259             , -3.36862063             , 23.9335079              , -5.58510876             ,            11.8627853   , 1.82488728
  848,  8.689979, -1.82503879             , -2.18683314             , -3.1652844              , -3.43566036             , 18.607563               , 4.20372534              ,            11.9341574   , 1.93926382
  849,  8.700007, -1.8217144              , -2.3319943              , -2.99851584             , -3.48220086             , 19.5435562              , 1.82653666              ,            11.8936777   , 2.05373621
  850,  8.709989, -1.83889008             , -2.46773624             , -2.83950353             , -3.5038085              , 15.6196222              , 9.94706345              ,            11.9352226   , 2.16955042
  851,  8.719987, -1.79401219             , -2.59849191             , -2.69268012             , -3.52375436             , 19.9820042              , 8.65171719              ,            11.8798294   , 2.28623104
  852,  8.730001, -1.8749032              , -2.72038269             , -2.58685684             , -3.48663282             , 16.8100719              , 12.0779657              ,            11.8904819   , 2.40588284
  853,  8.739981, -1.85052526             , -2.80626035             , -2.43504715             , -3.47721457             , 15.5813408              , 11.7464781              ,            11.9139175   , 2.5291729
  854,  8.749999, -1.9120245              , -2.94975948             , -2.3630209              , -3.41349888             , 15.014473               , 18.8200665              ,            11.8904819   , 2.6503582
  855,  8.759979, -1.93972707             , -3.15974402             , -2.10926628             , -3.35089111             , 16.5561905              , 18.7463493              ,            11.8180437   , 2.77000999
  856,  8.770009, -2.03391552             , -3.19686556             , -2.10594225             , -3.27886462             , 8.21386719              , 22.0324612              ,            11.8510675   , 2.89138699
  857,  8.779979, -2.05109096             , -3.36252618             , -2.02671289             , -3.21791911             , 8.16378117              , 21.2440281              ,            11.8244352   , 3.01343107
  858,  8.790001, -2.13696885             , -3.32651281             , -1.9652133              , -3.20517588             , 4.996912                , 15.2822809              ,            11.8031301   , -3.14118147
  859,  8.799983, -2.21841407             , -3.38579607             , -1.92698407             , -3.12705517             , 2.49916792              , 19.1929741              ,            11.7786293   , -3.02201653
  860,  8.809999, -2.28545403             , -3.45560598             , -1.84830904             , -3.03009629             , -0.77616787             , 20.5501747              ,            11.7669115   , -2.90073562
  861,  8.819980, -2.3015213              , -3.45560598             , -1.83667397             , -2.91762424             , -3.68581271             , 24.5825214              ,            11.7328224   , -2.7824254
  862,  8.829999, -2.56137061             , -3.50768709             , -1.81839037             , -2.84781432             , -5.42322445             , 19.2882652              ,            11.7221699   , -2.66689491
  863,  8.840006, -2.48491168             , -3.55367327             , -1.80786347             , -2.72592354             , -0.847103059            , 17.7500458              ,            11.7317572   , -2.54456329
  864,  8.849987, -2.66719413             , -3.50491667             , -1.83334947             , -2.64115357             , -5.49989319             , 18.7710667              ,            11.7530632   , -2.42260742
  865,  8.859980, -2.82121992             , -3.48995757             , -1.8145119              , -2.51039815             , -10.4718304             , 20.910574               ,            11.7871513   , -2.30401373
  866,  8.870005, -2.75750422             , -3.52153802             , -1.78348505             , -2.45222306             , -13.8517742             , 15.7416401              ,            11.7583895   , -2.18925762
  867,  8.879985, -3.00571823             , -3.45560598             , -1.81617403             , -2.32479167             , -13.6041079             , 13.4511786              ,            11.819109    , -2.07841587
  868,  8.890002, -3.07719064             , -3.44397163             , -1.85163331             , -2.30041313             , -18.6864452             , 14.7426128              ,            11.7892818   , -1.95838833
  869,  8.899983, -3.08771753             , -3.44009304             , -1.90038955             , -2.12644172             , -17.4876766             , 13.1804247              ,            11.8127174   , -1.83989048
  870,  8.909987, -3.26612163             , -3.34867454             , -1.9075923              , -2.07214475             , -15.9657869             , 9.71299839              ,            11.8255005   , -1.72465134
  871,  8.920006, -3.32872891             , -3.29881024             , -1.95136201             , -1.95524049             , -17.3312168             , 2.61064744              ,            11.8553286   , -1.60691643
  872,  8.929986, -3.37637711             , -3.22900009             , -2.09319901             , -1.90537608             , -19.5283775             , 6.61014366              ,            11.8713074   , -1.49253225
  873,  8.940005, -3.51433539             , -3.15143299             , -2.13586068             , -1.78902566             , -21.7766647             , -1.24546325             ,            11.8627853   , -1.38074446
  874,  8.949987, -3.4993763              , -3.05392027             , -2.29154873             , -1.8217144              , -21.6437759             , 1.32985723              ,            11.9096565   , -1.26359272
  875,  8.960003, -3.5791595              , -2.98355627             , -2.3258996              , -1.66547275             , -23.6793404             , -5.33562136             ,            11.911787    , -1.14730406
  876,  8.969984, -3.63401031             , -2.92648911             , -2.40512848             , -1.6826483              , -20.7255039             , -6.0377059              ,            11.907526    , -1.02802944
  877,  8.980007, -3.62569952             , -2.83728719             , -2.51760077             , -1.66159427             , -18.8067741             , -5.57489347             ,            11.9213743   , -0.906940937
  878,  8.989987, -3.59079432             , -2.64835644             , -2.59849191             , -1.67101324             , -17.9565144             , -11.8414087             ,            11.9245701   , -0.785856247
  879,  9.000005, -3.66282105             , -2.6045866              , -2.74088264             , -1.65217555             , -16.2239017             , -10.6767817             ,            11.9330921   , -0.664856911
  880,  9.009986, -3.63401031             , -2.48601985             , -2.83507109             , -1.66381061             , -12.3623009             , -12.4287643             ,            11.9149828   , -0.569753647
  881,  9.020006, -3.57805133             , -2.35969663             , -2.96471834             , -1.70093179             , -14.6549797             , -17.0216618             ,            11.9053955   , -0.444636345
  882,  9.029987, -3.54591656             , -2.2993052              , -3.0312047              , -1.70924258             , -10.5460501             , -19.5762062             ,            11.9085913   , -0.321926117
  883,  9.040000, -3.53538966             , -2.12200928             , -3.13425779             , -1.75578272             , -12.2495861             , -18.5878868             ,            11.8500013   , -0.201596737
  884,  9.049981, -3.45671463             , -2.06272602             , -3.25337815             , -1.84720099             , -11.8574028             , -21.247282              ,            11.8840904   , -0.0793576241
  885,  9.060003, -3.3719449              , -1.95136201             , -3.33482361             , -1.91811931             , -6.01670456             , -23.3437557             ,            11.9107218   , 0.0374143124
  886,  9.069983, -3.31875634             , -1.92864621             , -3.34978318             , -1.97241604             , 0.503121912             , -21.9901409             ,            11.9341574   , 0.159844875
  887,  9.080003, -3.21182466             , -1.87878156             , -3.48774123             , -2.03834796             , 2.81976891              , -17.203516              ,            11.9650507   , 0.289747834
  888,  9.090008, -3.11098742             , -1.79955268             , -3.50990319             , -2.16134691             , 3.7815299               , -18.4043598             ,            11.974638    , 0.405569196
  889,  9.099988, -3.05059624             , -1.74968815             , -3.54702449             , -2.26550817             , 5.53787804              , -22.9051208             ,            12.0033998   , 0.53087914
  890,  9.110006, -2.97081351             , -1.73140454             , -3.63622642             , -2.30429149             , 6.36412382              , -23.6185284             ,            11.9799643   , 0.642855167
  891,  9.119986, -2.82232785             , -1.64995921             , -3.59079432             , -2.50596571             , 9.25778961              , -14.1057997             ,            12.0065956   , 0.763940692
  892,  9.130004, -2.6865859              , -1.61394608             , -3.62459111             , -2.50097919             , 11.7345018              , -16.0368195             ,            12.0172482   , 0.886091828
  893,  9.139985, -2.5929513              , -1.65937817             , -3.62348294             , -2.77024746             , 14.4018764              , -21.1785927             ,            11.9938126   , 1.00468552
  894,  9.150000, -2.45111465             , -1.64552689             , -3.6035378              , -2.8162334              , 17.6943455              , -16.5561409             ,            12.0268354   , 1.12452149
  895,  9.159981, -2.33753467             , -1.70702636             , -3.58192968             , -2.95917797             , 18.4093075              , -8.61779881             ,            12.0715771   , 1.24158907
  896,  9.170009, -2.20567083             , -1.79401219             , -3.58636165             , -2.97856998             , 20.2895088              , -8.71417904             ,            12.0726423   , 1.36018276
  897,  9.179979, -2.14638758             , -1.85994422             , -3.44729567             , -3.21791911             , 20.2350502              , -4.42762899             ,            12.0619898   , 1.47965038
  898,  9.190008, -2.04555058             , -1.85994422             , -3.43233657             , -3.25337815             , 19.2257156              , -2.97586751             ,            12.0843601   , 1.60045195
  899,  9.199988, -1.90537608             , -1.93086231             , -3.37637711             , -3.39632297             , 17.9624462              , -1.04909515             ,            12.0577288   , 1.71836329
  900,  9.210009, -1.83889008             , -2.02228045             , -3.30324244             , -3.42291737             , 22.6483288              , 1.43046892              ,            12.0705118   , 1.83619404
  901,  9.219982, -1.78459322             , -2.11979318             , -3.19464922             , -3.52153802             , 21.682436               , 2.98103523              ,            12.0832949   , 1.9494319
  902,  9.229984, -1.70093179             , -2.20456266             , -3.08328509             , -3.57472706             , 18.9446564              , 7.46037626              ,            12.0673161   , 2.06408453
  903,  9.240005, -1.68043208             , -2.27714324             , -3.01015043             , -3.51655197             , 20.4368744              , 12.8582554              ,            12.0598593   , 2.18220282
  904,  9.249984, -1.65383756             , -2.43504715             , -2.85224652             , -3.62902379             , 21.1909866              , 7.47860193              ,            12.0438795   , 2.3056922
  905,  9.259988, -1.59566236             , -2.63672137             , -2.70874786             , -3.56087565             , 17.3399124              , 8.5376997               ,            11.9842253   , 2.42447758
  906,  9.270008, -1.6422025              , -2.6993289              , -2.5929513              , -3.65617251             , 10.7374573              , 14.1381903              ,            12.0300312   , 2.55267096
  907,  9.279989, -1.64774299             , -2.87440848             , -2.49322248             , -3.53317356             , 11.7671118              , 16.1684513              ,            11.9309616   , 2.67231512
  908,  9.290008, -1.70203984             , -3.00904274             , -2.34362912             , -3.59190249             , 11.6905737              , 16.2540302              ,            11.9213743   , 2.79331255
  909,  9.299988, -1.72420192             , -3.03563714             , -2.18794107             , -3.51211929             , 4.14540529              , 19.9739246              ,            11.9021997   , 2.91276908
  910,  9.310008, -1.80675542             , -3.25836468             , -2.1580224              , -3.4993763              , 8.23108578              , 18.8385296              ,            11.907526    , 3.0387392
  911,  9.319989, -1.87878156             , -3.28163481             , -1.93418658             , -3.3952148              , 6.64300346              , 21.8685951              ,            11.9235048   , -3.11770248
  912,  9.329999, -1.85661983             , -3.40795827             , -1.88432217             , -3.29881024             , 3.35868359              , 24.9372997              ,            11.8851557   , -2.99650574
  913,  9.339980, -2.03834796             , -3.47832251             , -1.82614684             , -3.28274298             , 0.551378071             , 23.1001472              ,            11.8958082   , -2.87619448
  914,  9.350009, -2.09430695             , -3.58303785             , -1.68818855             , -3.14589262             , -6.61286736             , 22.2705059              ,            11.9405489   , -2.75558043
  915,  9.359989, -2.20567083             , -3.56198359             , -1.67655361             , -3.09381199             , -2.87807059             , 20.3171024              ,            11.9341574   , -2.63315296
  916,  9.370003, -2.35748053             , -3.60630774             , -1.57017612             , -2.91762424             , -8.44327831             , 21.0599957              ,            12.0002041   , -2.50602531
  917,  9.379984, -2.44335794             , -3.66614509             , -1.57682455             , -2.78742266             , -11.1259737             , 22.3572845              ,            11.8894167   , -2.38598633
  918,  9.390006, -2.71816659             , -3.53428149             , -1.49371743             , -2.74476099             , -9.48871136             , 17.2120667              ,            11.9235048   , -2.26508856
  919,  9.399986, -2.72370744             , -3.67002368             , -1.53305483             , -2.53810048             , -17.8173313             , 13.7049618              ,            11.8883514   , -2.15416622
  920,  9.410005, -2.89047599             , -3.59910536             , -1.59677041             , -2.36800718             , -15.3573704             , 19.3484669              ,            11.8116522   , -2.0406518
  921,  9.419986, -3.05890727             , -3.62126684             , -1.55521679             , -2.31426454             , -20.1043644             , 10.7040453              ,            11.8436098   , -1.91792536
  922,  9.430003, -3.03785324             , -3.58747005             , -1.64552689             , -2.15303612             , -18.4304371             , 9.14302635              ,            11.7413445   , -1.80182791
  923,  9.439984, -3.30435109             , -3.56309175             , -1.67932403             , -2.04333425             , -16.1198902             , 5.47720289              ,            11.7828903   , -1.68946409
  924,  9.449987, -3.28495955             , -3.63401031             , -1.70093179             , -1.96188891             , -21.0254974             , 5.97062302              ,            11.7381487   , -1.57614565
  925,  9.460010, -3.44951177             , -3.55478096             , -1.79512024             , -1.89263296             , -21.6078625             , 4.22022533              ,            11.773303    , -1.48745537
  926,  9.470004, -3.44230914             , -3.4068501              , -1.90537608             , -1.80897152             , -21.2926464             , -1.43391824             ,            11.8255005   , -1.37413263
  927,  9.479985, -3.56087565             , -3.30712128             , -1.92144358             , -1.72641802             , -18.3601894             , -0.5761742              ,            11.7935429   , -1.25611067
  928,  9.490022, -3.59688926             , -3.21404076             , -2.12311745             , -1.65383756             , -20.6871262             , -3.9286468              ,            11.8308268   , -1.14029646
  929,  9.500000, -3.55478096             , -3.0910418              , -2.2621839              , -1.57239223             , -19.0670376             , -6.72654247             ,            11.8414793   , -1.02476978
  930,  9.510000, -3.7071445              , -2.95696187             , -2.30872393             , -1.5097847              , -22.5046177             , -7.51736498             ,            11.8617201   , -0.90013361
  931,  9.519980, -3.64896941             , -2.78299046             , -2.56857324             , -1.51698732             , -17.9914894             , -13.4527521             ,            11.8542633   , -0.783461094
  932,  9.530009, -3.64065886             , -2.70265317             , -2.58907318             , -1.45437968             , -17.7052441             , -12.9706707             ,            11.8638506   , -0.660067081
  933,  9.539979, -3.64896941             , -2.52923584             , -2.80847669             , -1.47875798             , -18.9653721             , -17.8257256             ,            11.8563938   , -0.539644718
  934,  9.549999, -3.70825315             , -2.3319943              , -2.88493538             , -1.53083861             , -12.1663799             , -17.9010239             ,            11.8393488   , -0.415013313
  935,  9.559981, -3.71878004             , -2.25996757             , -3.02621794             , -1.5258522              , -15.4345179             , -19.628603              ,            11.8542633   , -0.291523933
  936,  9.569999, -3.67113161             , -2.11369872             , -3.17137909             , -1.5679599              , -7.93569756             , -20.0488586             ,            11.8585243   , -0.169479847
  937,  9.580001, -3.64896941             , -2.02671289             , -3.29548597             , -1.69428325             , -4.9710412              , -19.9918442             ,            11.8968735   , -0.0526995659
  938,  9.589984, -3.57361913             , -1.91313267             , -3.38690448             , -1.75467443             , -3.72161031             , -20.0231419             ,            11.8649158   , 0.0681980848
  939,  9.600004, -3.42845821             , -1.85551167             , -3.43787646             , -1.75689077             , 3.2190063               , -17.7312698             ,            11.8840904   , 0.189954519
  940,  9.609985, -3.29991841             , -1.76852596             , -3.50879502             , -1.93751073             , 2.75094986              , -21.7640533             ,            11.9501371   , 0.314969778
  941,  9.620004, -3.18633842             , -1.72198582             , -3.58636165             , -2.03613162             , 7.22120762              , -20.3016472             ,            11.916048    , 0.438256264
  942,  9.629985, -3.07054186             , -1.66768885             , -3.54093003             , -2.16245508             , 9.15959454              , -20.6402035             ,            11.9820948   , 0.557056785
  943,  9.640002, -2.96471834             , -1.59455419             , -3.62791562             , -2.34252119             , 10.1258755              , -18.9070854             ,            12.0023346   , 0.673250556
  944,  9.649983, -2.77024746             , -1.62225688             , -3.66503739             , -2.52092505             , 10.9044733              , -19.6394749             ,            11.9256353   , 0.79184413
  945,  9.660000, -2.62619424             , -1.61782444             , -3.65007758             , -2.61566734             , 14.3638821              , -13.185318              ,            11.9927473   , 0.916955233
  946,  9.669981, -2.52646542             , -1.60618937             , -3.61295652             , -2.89546227             , 14.3687325              , -13.3677502             ,            11.9575939   , 1.03219831
  947,  9.680005, -2.28656197             , -1.65494561             , -3.67888808             , -2.81512547             , 16.4459991              , -17.2542152             ,            11.9267006   , 1.15252471
  948,  9.689986, -2.2727108              , -1.63721597             , -3.65728068             , -3.12040639             , 19.6726837              , -14.6119881             ,            11.8979387   , 1.26757598
  949,  9.700009, -2.06383419             , -1.69317496             , -3.59467268             , -3.20960832             , 15.9459047              , -13.1249027             ,            11.9021997   , 1.38396144
  950,  9.710083, -2.02338839             , -1.70203984             , -3.52486277             , -3.37526917             , 16.6571465              , -0.634951532            ,            11.911787    , 1.50352502
  951,  9.719986, -1.88875461             , -1.85772789             , -3.43455267             , -3.34535074             , 23.7958527              , -4.8673377              ,            11.8883514   , 1.62259817
  952,  9.730001, -1.77739048             , -1.994578               , -3.32762122             , -3.462255               , 26.7229118              , 2.60729432              ,            11.9181786   , 1.73706293
  953,  9.739980, -1.82060635             , -2.06050992             , -3.22900009             , -3.59190249             , 24.8991451              , 1.223019                ,            11.8776989   , 1.85432196
  954,  9.750007, -1.68597245             , -2.19403577             , -3.10877156             , -3.45893073             , 21.9809551              , 3.74047852              ,            11.8840904   , 1.96533632
  955,  9.759987, -1.74414778             , -2.3319943              , -2.86775994             , -3.59688926             , 19.3266487              , 4.33358717              ,            11.8926125   , 2.08077145
  956,  9.770005, -1.67212141             , -2.44557405             , -2.88936782             , -3.54480839             , 17.7068977              , 6.84600782              ,            11.9448099   , 2.19831848
  957,  9.779986, -1.68375635             , -2.56968141             , -2.65445089             , -3.64176726             , 21.4429588              , 12.2547464              ,            11.9267006   , 2.31682014
  958,  9.790007, -1.70813453             , -2.84559798             , -2.57300544             , -3.57694316             , 18.9244671              , 14.2427006              ,            11.9927473   , 2.43781376
  959,  9.799988, -1.71478295             , -2.91263819             , -2.37798023             , -3.60021305             , 18.9251041              , 12.3794775              ,            11.9373531   , 2.56263733
  960,  9.810007, -1.74193144             , -3.04948831             , -2.18129253             , -3.56530833             , 16.1698875              , 20.7755661              ,            11.9618549   , 2.68208981
  961,  9.819987, -1.75799882             , -3.24894619             , -2.13364434             , -3.5038085              , 12.103035               , 17.8811741              ,            11.8617201   , 2.80327511
  962,  9.830009, -1.84720099             , -3.29326987             , -1.98515928             , -3.43787646             , 12.0803213              , 17.4773598              ,            11.9011345   , 2.9246521
  963,  9.840005, -1.94692981             , -3.45560598             , -1.91922724             , -3.38690448             , 6.49637747              , 22.7766113              ,            11.8606548   , 3.0512085
  964,  9.849986, -2.03502369             , -3.48663282             , -1.8217144              , -3.29160762             , 7.52626514              , 21.0630074              ,            11.773303    , -3.10858345
  965,  9.860003, -2.14029288             , -3.47721457             , -1.81118762             , -3.15863609             , -0.0331111662           , 19.2725563              ,            11.8084564   , -2.98692298
  966,  9.869985, -2.2727108              , -3.58414555             , -1.72808039             , -3.02621794             , 0.764442325             , 17.293026               ,            11.7402792   , -2.86861277
  967,  9.880007, -2.38185859             , -3.54203844             , -1.72309363             , -2.90100265             , -0.982332706            , 18.4340305              ,            11.8223047   , -2.7508893
  968,  9.889987, -2.45610118             , -3.61184812             , -1.66270232             , -2.83839536             , -3.52652001             , 19.9251175              ,            11.7818251   , -2.62711239
  969,  9.900007, -2.65278888             , -3.63013196             , -1.72198582             , -2.6749506              , -4.39099932             , 18.5296478              ,            11.7935429   , -2.50525999
  970,  9.909988, -2.80349016             , -3.56641603             , -1.66159427             , -2.53255987             , -9.21354961             , 17.2658939              ,            11.827631    , -2.38358402
  971,  9.920005, -2.91042185             , -3.57805133             , -1.6870805              , -2.40014219             , -8.81423473             , 19.3175488              ,            11.8148479   , -2.29155827
  972,  9.929986, -2.94865108             , -3.52818704             , -1.71367502             , -2.3015213              , -13.1995373             , 14.3886328              ,            11.8457403   , -2.17803288
  973,  9.939986, -3.14921713             , -3.50879502             , -1.76132333             , -2.19292784             , -15.8154564             , 12.951973               ,            11.8542633   , -2.06471062
  974,  9.950006, -3.22900009             , -3.48774123             , -1.86216021             , -2.10206342             , -14.2683249             , 15.0586739              ,            11.8446751   , -1.94649649
  975,  9.959987, -3.26612163             , -3.40075517             , -1.90260577             , -2.00233459             , -19.4270935             , 10.2168427              ,            11.8681116   , -1.82521915
  976,  9.970001, -3.38357997             , -3.28939176             , -1.99679422             , -1.92476773             , -14.1964741             , 10.5655508              ,            11.8244352   , -1.71190071
  977,  9.980150, -3.44507957             , -3.19797325             , -2.06383419             , -1.83778203             , -17.6081638             , 6.61594009              ,            11.8798294   , -1.59589481
  978,  9.989984, -3.50657892             , -3.14478445             , -2.20567083             , -1.81007957             , -19.9912395             , -0.574300885            ,            11.8979387   , -1.48324347
  979, 10.000001, -3.55755138             , -2.99851584             , -2.26717019             , -1.74414778             , -20.8436737             , 2.29003596              ,            11.9384184   , -1.3654089
  980, 10.009981, -3.56198359             , -2.86775994             , -2.48380351             , -1.6976074              , -18.6692448             , -2.39337707             ,            11.9426794   , -1.24969053
  981, 10.020000, -3.62015915             , -2.73201776             , -2.52757359             , -1.70481002             , -18.460331              , -2.53856468             ,            11.9725075   , -1.12945986
  982, 10.029981, -3.56198359             , -2.57854605             , -2.72481513             , -1.6953913              , -19.1987877             , -8.68143845             ,            11.9469404   , -1.01067448
  983, 10.040002, -3.57140279             , -2.53810048             , -2.82786822             , -1.59787858             , -22.4331875             , -10.4637222             ,            11.9543982   , -0.888250828
  984, 10.049983, -3.54203844             , -2.32257533             , -2.95419168             , -1.68929672             , -17.942522              , -9.36612988             ,            11.9458752   , -0.769369602
  985, 10.060001, -3.55367327             , -2.3319943              , -3.02289367             , -1.72309363             , -16.4734859             , -16.7439117             ,            11.966116    , -0.647501945
  986, 10.069982, -3.50768709             , -2.15913057             , -3.13758206             , -1.73472881             , -17.2011471             , -13.8813047             ,            12.0087261   , -0.524978638
  987, 10.080002, -3.3974309              , -2.14527941             , -3.22789216             , -1.92365968             , -8.48236847             , -18.2831593             ,            12.0055304   , -0.39861393
  988, 10.089984, -3.33039117             , -1.99679422             , -3.29160762             , -1.88875461             , -7.52139568             , -16.0900097             ,            12.063055    , -0.273790359
  989, 10.100006, -3.25614882             , -1.97019982             , -3.34424281             , -2.09763122             , -3.02199435             , -18.2348804             ,            12.0108566   , -0.152700901
  990, 10.109986, -3.14367628             , -1.91701126             , -3.45283604             , -2.03834796             , -8.172616               , -24.0937347             ,            12.0673161   , -0.0326619148
  991, 10.120007, -3.06112361             , -1.86714661             , -3.43566036             , -2.32977796             , -3.13241124             , -23.4631844             ,            12.0321617   , 0.0869820118
  992, 10.130002, -2.94034076             , -1.82503879             , -3.4971602              , -2.26107574             , 0.920251906             , -23.2408237             ,            12.0683813   , 0.213442564
  993, 10.139984, -2.83063865             , -1.79955268             , -3.54369998             , -2.47106051             , 4.70801449              , -18.6085453             ,            12.0598593   , 0.337886572
  994, 10.150007, -2.78077435             , -1.7635392              , -3.52929473             , -2.59018111             , 6.24530649              , -19.2931709             ,            12.0811644   , 0.461471796
  995, 10.159989, -2.68547773             , -1.77406633             , -3.57361913             , -2.54308701             , 8.30144501              , -24.0655079             ,            12.0896864   , 0.580161333
  996, 10.170010, -2.68436956             , -1.70702636             , -3.59356475             , -2.7109642              , 6.85604954              , -17.5960274             ,            12.0715771   , 0.698183775
  997, 10.179980, -2.59018111             , -1.74193144             , -3.55478096             , -2.67162633             , 10.6710501              , -13.944397              ,            12.0832949   , 0.823007226
  998, 10.190005, -2.51593852             , -1.71478295             , -3.55755138             , -2.79794979             , 14.9975424              , -18.9990559             ,            12.0406837   , 0.940933824
  999, 10.199987, -2.44779038             , -1.73362076             , -3.60963202             , -2.89767861             , 17.6089954              , -12.5978088             ,            12.063055    , 1.06231081
 1000, 10.210005, -2.26938653             , -1.78791761             , -3.4910655              , -2.99629951             , 15.8652382              , -13.3301897             ,            12.0598593   , 1.18378377
 1001, 10.219985, -2.25996757             , -1.79512024             , -3.53649759             , -3.00294805             , 19.2275639              , -12.3062382             ,            12.0577288   , 1.29643512
 1002, 10.230004, -2.19957614             , -1.78126895             , -3.48220086             , -3.18079805             , 19.2729206              , -5.99520969             ,            12.0875559   , 1.41665041
 1003, 10.239984, -2.00011849             , -1.89263296             , -3.38468838             , -3.28385115             , 18.7245827              , -10.3566151             ,            12.0321617   , 1.53793156
 1004, 10.249979, -1.96798348             , -1.94249725             , -3.4218092              , -3.33260751             , 18.9063072              , -2.60193706             ,            12.0896864   , 1.65481138
 1005, 10.259981, -1.90426803             , -2.08932042             , -3.23287868             , -3.47610641             , 17.4779129              , -2.24516678             ,            12.0577288   , 1.77243948
 1006, 10.270003, -1.75578272             , -2.23448157             , -3.10267711             , -3.47832251             , 17.2083168              , 4.25667095              ,            12.050272    , 1.88969898
 1007, 10.279983, -1.7635392              , -2.35138583             , -2.96582651             , -3.58636165             , 21.1472607              , 4.99406195              ,            12.1077957   , 2.00254202
 1008, 10.290001, -1.7507962              , -2.43726349             , -2.91263819             , -3.48663282             , 23.5949078              , 6.4047761               ,            12.0524025   , 2.12237787
 1009, 10.299982, -1.72808039             , -2.57189751             , -2.76082826             , -3.60852432             , 17.7651367              , 9.76419735              ,            12.0566635   , 2.23916197
 1010, 10.310005, -1.76243138             , -2.6865859              , -2.62841058             , -3.4738903              , 18.6266594              , 11.8854179              ,            12.0886211   , 2.36282778
 1011, 10.319986, -1.78791761             , -2.81290913             , -2.53034401             , -3.59688926             , 17.3525276              , 12.6892481              ,            12.0225744   , 2.48747492
 1012, 10.330005, -1.83224142             , -2.92870522             , -2.43172312             , -3.52264667             , 10.6849117              , 19.0008049              ,            12.0609245   , 2.60932732
 1013, 10.340004, -1.79622829             , -3.00184011             , -2.34806156             , -3.44397163             , 12.8066835              , 15.79179                ,            12.0119219   , 2.73272085
 1014, 10.349986, -1.91313267             , -3.0600152              , -2.25276494             , -3.4910655              , 7.848979                , 16.6586399              ,            12.0183134   , 2.85351133
 1015, 10.360006, -1.88432217             , -3.13314962             , -2.16356301             , -3.32540464             , 3.39959335              , 18.9984798              ,            11.9778337   , 2.97557068
 1016, 10.369985, -1.97684848             , -3.22789216             , -2.10372591             , -3.35421538             , 10.7829876              , 21.7455788              ,            12.028966    , 3.10662413
 1017, 10.380008, -2.00842905             , -3.29659438             , -2.03834796             , -3.28052688             , 3.03509593              , 22.3276711              ,            11.9437447   , -3.05575943
 1018, 10.389988, -2.02449679             , -3.42402554             , -1.90537608             , -3.24451375             , 4.49295139              , 16.9062157              ,            11.9895515   , -2.95710921
 1019, 10.400007, -2.09541512             , -3.5015924              , -1.8217144              , -3.23398638             , -8.19562817             , 18.1268368              ,            12.0151176   , -2.83438277
 1020, 10.409988, -2.19846821             , -3.59910536             , -1.7197696              , -3.02067733             , -1.96176124             , 19.2831554              ,            12.0183134   , -2.71665907
 1021, 10.420004, -2.3281157              , -3.62126684             , -1.68375635             , -2.97413754             , -11.7992496             , 23.8270721              ,            12.0875559   , -2.58914804
 1022, 10.429985, -2.49045229             , -3.65949678             , -1.66159427             , -2.81401706             , -6.21877384             , 22.2487278              ,            12.0310965   , -2.46421337
 1023, 10.440007, -2.56857324             , -3.62237525             , -1.60618937             , -2.74254489             , -12.0987549             , 17.4208221              ,            11.9778337   , -2.34485674
 1024, 10.449988, -2.74365258             , -3.64896941             , -1.62225688             , -2.58131623             , -15.0413446             , 15.5975838              ,            12.0204439   , -2.22904253
 1025, 10.460008, -2.79462504             , -3.65949678             , -1.64663494             , -2.48158765             , -18.1593857             , 17.7692738              ,            11.9149828   , -2.11169863
 1026, 10.470009, -2.98134017             , -3.57140279             , -1.67101324             , -2.38961506             , -18.7871914             , 9.9993                  ,            11.9341574   , -1.99424744
 1027, 10.479978, -3.04505587             , -3.62902379             , -1.70813453             , -2.2173059              , -21.9588604             , 8.10389328              ,            11.916048    , -1.87479496
 1028, 10.490008, -3.23620272             , -3.50768709             , -1.76852596             , -2.17187381             , -19.6887627             , 6.92529821              ,            11.8638506   , -1.75858593
 1029, 10.499980, -3.28385115             , -3.52375436             , -1.82891703             , -1.97352409             , -20.9323902             , 4.6880722               ,            11.9085913   , -1.6397047
 1030, 10.510010, -3.36363411             , -3.43233657             , -1.87379515             , -1.92476773             , -21.1102829             , 5.50483322              ,            11.8201742   , -1.53069162
 1031, 10.519978, -3.55644369             , -3.2699995              , -1.95967281             , -1.83778203             , -18.8405476             , 1.21271753              ,            11.899004    , -1.41458988
 1032, 10.530008, -3.4738903              , -3.30435109             , -2.04333425             , -1.7507962              , -18.8342152             , 1.57673156              ,            11.8169785   , -1.30174685
 1033, 10.539979, -3.6434288              , -3.19077063             , -2.15469837             , -1.66990507             , -19.975996              , -2.38634038             ,            11.9107218   , -1.18431091
 1034, 10.550000, -3.63844252             , -3.04394746             , -2.18904924             , -1.70370197             , -19.4433651             , -1.89090443             ,            11.9053955   , -1.06522274
 1035, 10.559980, -3.58968616             , -2.94532704             , -2.39349365             , -1.57460856             , -19.8423309             , -8.8575964              ,            11.9000692   , -0.945482731
 1036, 10.569999, -3.67113161             , -2.78631473             , -2.45610118             , -1.6189326              , -16.7860126             , -14.710145              ,            11.8915472   , -0.8253479
 1037, 10.579980, -3.67334795             , -2.68326139             , -2.66109943             , -1.56685174             , -20.9235458             , -14.1037951             ,            11.8776989   , -0.704162598
 1038, 10.589985, -3.6434288              , -2.56247854             , -2.78409839             , -1.59233809             , -15.8150549             , -13.6975012             ,            11.8638506   , -0.583947182
 1039, 10.600004, -3.67113161             , -2.40956092             , -2.80958462             , -1.5757165              , -13.772686              , -18.10779               ,            11.8372183   , -0.461316586
 1040, 10.610002, -3.60852432             , -2.2704947              , -3.05669117             , -1.57460856             , -14.6895657             , -17.1037331             ,            11.7722378   , -0.336205482
 1041, 10.619983, -3.64675331             , -2.1663332              , -3.08993387             , -1.63610792             , -7.55593586             , -14.3553753             ,            11.8340225   , -0.213383198
 1042, 10.630004, -3.59467268             , -2.03834796             , -3.24451375             , -1.69095874             , -6.99606895             , -18.6038456             ,            11.8500013   , -0.0932636261
 1043, 10.639985, -3.48663282             , -1.91590297             , -3.33925581             , -1.72808039             , -5.7960062              , -18.8011227             ,            11.8734379   , 0.0227534771
 1044, 10.650003, -3.38579607             , -1.83999836             , -3.41239047             , -1.90980864             , -1.28723133             , -21.1164341             ,            11.9139175   , 0.14479363
 1045, 10.659983, -3.29881024             , -1.74636388             , -3.53095722             , -1.90648425             , -0.0648324043           , -23.0078716             ,            11.9735727   , 0.275467515
 1046, 10.670008, -3.25337815             , -1.72918844             , -3.6013217              , -2.08045554             , 1.18195772              , -26.1201019             ,            11.9810295   , 0.392347574
 1047, 10.679979, -3.08106899             , -1.6665808              , -3.57472706             , -2.15691447             , 2.91230607              , -22.4736557             ,            12.0119219   , 0.516205311
 1048, 10.690003, -3.05059624             , -1.62004077             , -3.61295652             , -2.2311573              , 8.41090298              , -17.9567223             ,            12.0513372   , 0.636343956
 1049, 10.699984, -2.87773275             , -1.63721597             , -3.60741591             , -2.4649663              , 8.43441391              , -16.136385              ,            11.9820948   , 0.748121262
 1050, 10.710004, -2.73977447             , -1.57350039             , -3.60852432             , -2.48601985             , 13.9505606              , -14.4221258             ,            12.0076609   , 0.873531222
 1051, 10.719984, -2.6599915              , -1.69649935             , -3.61905074             , -2.66940999             , 13.2055492              , -15.8230848             ,            11.9320269   , 0.991457701
 1052, 10.730003, -2.43837142             , -1.60618937             , -3.62791562             , -2.81180072             , 14.0114422              , -11.587616              ,            11.9852905   , 1.11024308
 1053, 10.739983, -2.34806156             , -1.65383756             , -3.61628079             , -2.89047599             , 18.7576332              , -8.11994267             ,            11.9245701   , 1.22769427
 1054, 10.750008, -2.219522               , -1.74193144             , -3.62902379             , -2.99020481             , 22.6772251              , -12.983758              ,            11.8468056   , 1.34273028
 1055, 10.759982, -2.09984732             , -1.64995921             , -3.55755138             , -3.29049993             , 15.1213894              , -2.66571569             ,            11.8840904   , 1.46248567
 1056, 10.769985, -2.02006435             , -1.76630962             , -3.50879502             , -3.21404076             , 20.7986641              , -4.76843405             ,            11.8819599   , 1.58117509
 1057, 10.780001, -1.86105227             , -1.84166026             , -3.45283604             , -3.37416101             , 21.1938572              , -5.76163435             ,            11.907526    , 1.69613028
 1058, 10.789982, -1.82614684             , -1.9120245              , -3.34147191             , -3.44230914             , 26.7316875              , -0.228171945            ,            11.8755684   , 1.81434488
 1059, 10.800000, -1.70203984             , -2.03059125             , -3.27554035             , -3.55644369             , 22.8444729              , -1.20315027             ,            11.907526    , 1.92631388
 1060, 10.809982, -1.64885104             , -2.22063017             , -3.1281631              , -3.65340209             , 18.5294437              , 3.08449578              ,            11.966116    , 2.04165268
 1061, 10.819985, -1.59344614             , -2.37354803             , -2.95197558             , -3.56309175             , 18.4611969              , 7.32408619              ,            11.9362879   , 2.15814924
 1062, 10.830002, -1.64885104             , -2.45000672             , -2.82565212             , -3.62902379             , 19.6397324              , 10.7730312              ,            11.9053955   , 2.27874804
 1063, 10.839984, -1.59566236             , -2.643924               , -2.71207213             , -3.51932192             , 17.8599377              , 9.34604549              ,            11.8308268   , 2.37183952
 1064, 10.850002, -1.6316756              , -2.64503217             , -2.58685684             , -3.62569952             , 21.4621105              , 12.9608412              ,            11.8755684   , 2.51929379
 1065, 10.859999, -1.64774299             , -2.92759705             , -2.38739896             , -3.56530833             , 12.0046349              , 20.815855               ,            11.8766336   , 2.61498833
 1066, 10.869980, -1.6687969              , -2.93923235             , -2.26827836             , -3.59467268             , 18.277813               , 14.0732565              ,            11.819109    , 2.7358861
 1067, 10.880009, -1.78126895             , -3.14921713             , -2.13142824             , -3.56752396             , 12.2397585              , 17.1605721              ,            11.8595896   , 2.85553026
 1068, 10.889979, -1.81340361             , -3.30712128             , -1.9629972              , -3.42956591             , 6.71943188              , 23.6165295              ,            11.8446751   , 2.97709894
 1069, 10.899999, -1.91424084             , -3.42291737             , -1.85994422             , -3.3974309              , 6.66397524              , 20.739933               ,            11.8489361   , 3.10605526
 1070, 10.909981, -2.04998302             , -3.50879502             , -1.84830904             , -3.30712128             , -0.137531608            , 22.2787285              ,            11.836153    , -3.05470657
 1071, 10.920009, -2.17298198             , -3.60852432             , -1.73916125             , -3.17027068             , -0.35872528             , 15.9730015              ,            11.8563938   , -2.93323779
 1072, 10.929978, -2.35637236             , -3.57029486             , -1.74303949             , -3.0068264              , -2.40719652             , 22.1589661              ,            11.8340225   , -2.81426048
 1073, 10.940006, -2.3281157              , -3.61074042             , -1.62336504             , -2.89767861             , -3.04087257             , 21.1959457              ,            11.8041954   , -2.69747639
 1074, 10.949988, -2.60791063             , -3.61517262             , -1.67322946             , -2.79462504             , -7.41878462             , 20.8175907              ,            11.7796946   , -2.57188606
 1075, 10.960008, -2.65445089             , -3.62126684             , -1.6665808              , -2.56137061             , -8.23677063             , 14.4519186              ,            11.7796946   , -2.4507966
 1076, 10.969988, -2.76082826             , -3.66282105             , -1.68818855             , -2.49543858             , -7.04963064             , 17.3697567              ,            11.7338877   , -2.33738232
 1077, 10.979999, -2.94975948             , -3.65118599             , -1.66768885             , -2.365237               , -12.4174776             , 14.6370468              ,            11.7306919   , -2.22252274
 1078, 10.989981, -3.08328509             , -3.56309175             , -1.6848644              , -2.1824007              , -14.3317909             , 11.12708                ,            11.7743683   , -2.10843754
 1079, 11.000000, -3.14256835             , -3.47167373             , -1.79844463             , -2.11480665             , -17.9253979             , 18.036974               ,            11.7360182   , -1.99136591
 1080, 11.010009, -3.27554035             , -3.45893073             , -1.79290414             , -2.06882048             , -12.7567825             , 7.09079695              ,            11.747736    , -1.87286806
 1081, 11.019979, -3.34645891             , -3.4844172              , -1.90038955             , -1.87157893             , -19.9845963             , 6.67574787              ,            11.819109    , -1.75532484
 1082, 11.029983, -3.4910655              , -3.32872891             , -2.02671289             , -1.96188891             , -23.4202423             , 7.80938005              ,            11.7701073   , -1.64046955
 1083, 11.040003, -3.53760576             , -3.19464922             , -2.03613162             , -1.63721597             , -19.9003105             , 6.39543009              ,            11.7583895   , -1.5292635
 1084, 11.049985, -3.59799695             , -3.12927103             , -2.17409015             , -1.76464736             , -15.9537659             , 3.57050538              ,            11.7306919   , -1.41851759
 1085, 11.060004, -3.6035378              , -3.03896117             , -2.28545403             , -1.62004077             , -20.6890278             , 6.0113759               ,            11.7914124   , -1.30251122
 1086, 11.069986, -3.59079432             , -2.87108421             , -2.365237               , -1.59898663             , -20.4823647             , -3.83303809             ,            11.9139175   , -1.18574238
 1087, 11.080009, -3.66503739             , -2.78188229             , -2.54751921             , -1.64995921             , -18.8366413             , -5.94922543             ,            11.8713074   , -1.06829119
 1088, 11.089988, -3.63401031             , -2.61455917             , -2.71816659             , -1.54358172             , -19.0972633             , -9.10501766             ,            11.9181786   , -0.945959568
 1089, 11.100006, -3.64896941             , -2.49322248             , -2.79905772             , -1.55300057             , -11.1404266             , -9.63527584             ,            11.9043303   , -0.826982498
 1090, 11.109987, -3.63290215             , -2.38407469             , -2.93923235             , -1.57848692             , -16.9875546             , -10.8928423             ,            11.9288311   , -0.704463005
 1091, 11.120004, -3.67556405             , -2.2112112              , -3.0927043              , -1.63056755             , -11.6697693             , -13.4684649             ,            11.9213743   , -0.58499527
 1092, 11.130005, -3.57029486             , -2.1663332              , -3.16196036             , -1.70813453             , -10.9547405             , -17.0587978             ,            11.9181786   , -0.4601717
 1093, 11.139987, -3.50990319             , -1.98072672             , -3.34424281             , -1.71478295             , -12.0101328             , -19.190424              ,            11.9362879   , -0.335060596
 1094, 11.150004, -3.43344474             , -1.96909165             , -3.3580935              , -1.92476773             , -7.64288759             , -19.897356              ,            11.8819599   , -0.212525845
 1095, 11.159984, -3.30213475             , -1.81617403             , -3.46114683             , -1.86105227             , -8.93126869             , -22.8086338             ,            11.9639854   , -0.0900063515
 1096, 11.170000, -3.17248702             , -1.82725513             , -3.61628079             , -2.11868501             , -1.19621789             , -21.3990059             ,            11.9256353   , 0.0257117748
 1097, 11.179981, -3.08217669             , -1.70370197             , -3.57361913             , -2.15303612             , -4.8696785              , -25.8489666             ,            11.9735727   , 0.14910531
 1098, 11.190003, -2.91762424             , -1.67821598             , -3.56419992             , -2.41066933             , 6.69482231              , -15.9826908             ,            12.0012693   , 0.278920412
 1099, 11.199983, -2.76803112             , -1.68043208             , -3.68165827             , -2.45942545             , 6.17353964              , -23.6951389             ,            12.0065956   , 0.395401716
 1100, 11.210004, -2.6173296              , -1.6189326              , -3.6013217              , -2.61954594             , 9.52027321              , -22.0442638             ,            11.9980736   , 0.520624042
 1101, 11.219985, -2.50818181             , -1.70093179             , -3.6035378              , -2.87773275             , 11.3027525              , -19.8498516             ,            11.9128523   , 0.634801149
 1102, 11.230004, -2.38407469             , -1.70924258             , -3.67334795             , -2.88382745             , 15.0923529              , -18.0948887             ,            11.9522676   , 0.752631903
 1103, 11.239985, -2.20456266             , -1.70481002             , -3.62459111             , -3.05669117             , 14.9515114              , -20.1901245             ,            11.8691769   , 0.873054266
 1104, 11.250005, -2.13696885             , -1.71256697             , -3.56419992             , -3.18633842             , 17.5076523              , -12.0101461             ,            11.8819599   , 0.994239569
 1105, 11.259985, -2.02782106             , -1.80786347             , -3.49826789             , -3.33149934             , 16.4838009              , -11.3889132             ,            11.8936777   , 1.10929084
 1106, 11.270003, -1.93086231             , -1.93861902             , -3.45283604             , -3.28163481             , 18.8722935              , -11.7970181             ,            11.9021997   , 1.22596383
 1107, 11.279983, -1.96410525             , -1.98072672             , -3.33371544             , -3.4644711              , 20.2738838              , -5.56047058             ,            11.8670464   , 1.34196973
 1108, 11.290006, -1.72198582             , -2.07657719             , -3.25005436             , -3.3941071              , 20.7051487              , -13.6529484             ,            11.8563938   , 1.4622004
 1109, 11.299987, -1.80453908             , -2.12533355             , -3.14810872             , -3.61184812             , 19.7439861              , -2.23594856             ,            11.8446751   , 1.57982814
 1110, 11.310004, -1.7380532              , -2.28767014             , -3.01015043             , -3.55367327             , 21.8314323              , -3.51631832             ,            11.8436098   , 1.6967082
 1111, 11.319984, -1.64774299             , -2.31204844             , -2.96748877             , -3.57583523             , 23.7055302              , -0.453069568            ,            11.9565287   , 1.78865337
 1112, 11.329988, -1.71145868             , -2.49543858             , -2.82011151             , -3.71268535             , 19.2273273              , 1.11926389              ,            11.8819599   , 1.90140057
 1113, 11.340005, -1.64109433             , -2.6045866              , -2.6727345              , -3.58636165             , 19.3478737              , 1.74353206              ,            11.974638    , 2.01614904
 1114, 11.349985, -1.66381061             , -2.68990993             , -2.58353257             , -3.60630774             , 19.9590473              , 14.4105091              ,            11.9767685   , 2.13120031
 1115, 11.360001, -1.70591819             , -2.84559798             , -2.48491168             , -3.61074042             , 19.9062748              , 7.34911871              ,            11.8798294   , 2.25124311
 1116, 11.369982, -1.71256697             , -2.98244786             , -2.26717019             , -3.55145693             , 17.7445831              , 12.7231064              ,            11.9501371   , 2.37060356
 1117, 11.380004, -1.7485801              , -3.08439302             , -2.25276494             , -3.57140279             , 18.6662197              , 16.6727371              ,            11.9085913   , 2.49485588
 1118, 11.389985, -1.79512024             , -3.22124362             , -2.04111814             , -3.42735004             , 18.0907593              , 16.0355263              ,            11.9256353   , 2.61487961
 1119, 11.400002, -1.86714661             , -3.23066235             , -2.00621295             , -3.43676853             , 14.477602               , 22.9566841              ,            11.9394836   , 2.73577738
 1120, 11.409982, -1.90648425             , -3.36474228             , -1.99346972             , -3.34756684             , 9.06084824              , 14.6084824              ,            11.907526    , 2.85562849
 1121, 11.420001, -2.06050992             , -3.49605203             , -1.78126895             , -3.26501346             , 2.86887527              , 17.9530697              ,            11.9757032   , 2.97786427
 1122, 11.429981, -2.09541512             , -3.55865955             , -1.77628243             , -3.18855476             , 3.92156053              , 16.968441               ,            11.9607897   , 3.10863018
 1123, 11.440000, -2.19015741             , -3.59467268             , -1.76963401             , -3.13647389             , -0.773598254            , 21.3717861              ,            11.9298964   , -3.05297542
 1124, 11.449981, -2.30041313             , -3.63401031             , -1.64774299             , -2.95086741             , 3.15162277              , 23.573925               ,            11.9203091   , -2.93179011
 1125, 11.459999, -2.51039815             , -3.63955116             , -1.69206691             , -2.87440848             , -4.16914272             , 21.2014217              ,            11.8766336   , -2.81099939
 1126, 11.469980, -2.57743788             , -3.67556405             , -1.59898663             , -2.74088264             , -3.19306946             , 17.6123199              ,            11.8659811   , -2.69383192
 1127, 11.480005, -2.59738398             , -3.65451026             , -1.63278365             , -2.57632995             , -2.42289925             , 22.9202728              ,            11.8478708   , -2.56700325
 1128, 11.490007, -2.91153002             , -3.61517262             , -1.62225688             , -2.54419518             , -10.0607281             , 15.5405321              ,            11.8393488   , -2.44475603
 1129, 11.499999, -2.87108421             , -3.71046925             , -1.6189326              , -2.34141302             , -11.9809465             , 19.5274887              ,            11.8595896   , -2.32999229
 1130, 11.509980, -3.00073195             , -3.60630774             , -1.67655361             , -2.24279213             , -14.5948191             , 16.4993114              ,            11.8585243   , -2.21351099
 1131, 11.520000, -3.21902728             , -3.52375436             , -1.70924258             , -2.18683314             , -15.1694107             , 10.8285828              ,            11.8798294   , -2.09874344
 1132, 11.530000, -3.14256835             , -3.56752396             , -1.75467443             , -2.03945613             , -18.8433056             , 12.2715359              ,            11.9501371   , -1.98014593
 1133, 11.539980, -3.29770207             , -3.5110116              , -1.79401219             , -2.03169942             , -18.3551846             , 10.5137491              ,            11.9373531   , -1.86021805
 1134, 11.549986, -3.38801265             , -3.3941071              , -1.8682549              , -1.92033529             , -20.4723797             , 8.86607361              ,            12.0119219   , -1.7417202
 1135, 11.560006, -3.3719449              , -3.38801265             , -1.93529463             , -1.87878156             , -22.4453259             , 3.35771608              ,            11.966116    , -1.62628984
 1136, 11.569986, -3.45782232             , -3.28717566             , -1.94692981             , -1.79290414             , -21.1072044             , 8.46910477              ,            12.0524025   , -1.51152182
 1137, 11.580006, -3.5154438              , -3.23398638             , -2.00953722             , -1.76852596             , -19.2470036             , -0.23876144             ,            12.0268354   , -1.39743662
 1138, 11.589987, -3.61517262             , -3.15143299             , -2.10704994             , -1.6687969              , -23.075531              , 2.97629118              ,            12.1077957   , -1.27672625
 1139, 11.600004, -3.65007758             , -3.05779886             , -2.19015741             , -1.71367502             , -20.8780785             , -9.16966724             ,            12.1067305   , -1.15832472
 1140, 11.609985, -3.72432041             , -3.00904274             , -2.29376483             , -1.53527093             , -18.935276              , -4.54360437             ,            12.0800991   , -1.03847742
 1141, 11.620000, -3.74648213             , -2.83728719             , -2.41898012             , -1.52252793             , -23.8007298             , -6.42538834             ,            12.0790339   , -0.915478706
 1142, 11.629981, -3.72210455             , -2.7364502              , -2.58020806             , -1.50147402             , -20.4435062             , -13.240448              ,            12.058794    , -0.794101715
 1143, 11.640010, -3.68941498             , -2.59405947             , -2.68769383             , -1.41725838             , -18.0803604             , -14.9199953             ,            12.0204439   , -0.672057629
 1144, 11.649978, -3.70215845             , -2.47327685             , -2.89878654             , -1.52474415             , -15.6301622             , -18.5657101             ,            12.0076609   , -0.550189972
 1145, 11.660001, -3.73152304             , -2.34362912             , -3.00904274             , -1.48873079             , -16.3367386             , -16.0150299             ,            11.9235048   , -0.426033497
 1146, 11.669983, -3.71600962             , -2.19957614             , -3.11929846             , -1.54690599             , -13.7686367             , -21.2066269             ,            11.907526    , -0.300730705
 1147, 11.680003, -3.60963202             , -2.08378005             , -3.30601335             , -1.62336504             , -9.35669327             , -17.0429668             ,            11.836153    , -0.180212498
 1148, 11.689985, -3.66891527             , -1.90260577             , -3.40407968             , -1.70093179             , -2.23486185             , -16.1062622             ,            11.8169785   , -0.0604724884
 1149, 11.700002, -3.55256486             , -1.82393074             , -3.44951177             , -1.67544556             , -5.82453632             , -16.4113064             ,            11.8073912   , 0.0564994812
 1150, 11.709983, -3.30213475             , -1.72087765             , -3.59190249             , -1.90038955             , -6.52486753             , -23.0530014             ,            11.7860861   , 0.180939555
 1151, 11.719986, -3.29049993             , -1.64663494             , -3.58968616             , -1.95136201             , 3.14187694              , -19.8360176             ,            11.903265    , 0.304904222
 1152, 11.730012, -3.23731112             , -1.58845973             , -3.62015915             , -2.04333425             , 4.89228582              , -19.9622002             ,            11.9352226   , 0.423497796
 1153, 11.740009, -3.03563714             , -1.62447309             , -3.65229368             , -2.30650783             , 1.3552959               , -24.59202               ,            11.9128523   , 0.549280047
 1154, 11.749989, -2.86609745             , -1.4565959              , -3.63733459             , -2.33531833             , 5.02657127              , -19.3090801             ,            12.0279007   , 0.661168575
 1155, 11.760008, -2.79794979             , -1.52696013             , -3.68276668             , -2.46274996             , 9.15535545              , -10.5166969             ,            11.9256353   , 0.782829046
 1156, 11.769989, -2.70542336             , -1.57682455             , -3.63733459             , -2.6068027              , 11.672266               , -21.6415501             ,            11.9235048   , 0.903443217
 1157, 11.780001, -2.59018111             , -1.53859532             , -3.64675331             , -2.6727345              , 16.0964127              , -17.9920921             ,            11.9437447   , 1.01944911
 1158, 11.789982, -2.51593852             , -1.61172986             , -3.65229368             , -2.80238223             , 15.9599323              , -9.66108608             ,            11.9320269   , 1.11657763
 1159, 11.800010, -2.36800718             , -1.60508132             , -3.58082128             , -2.82343626             , 19.9899139              , -12.0239382             ,            11.9352226   , 1.23430121
 1160, 11.809980, -2.39238524             , -1.6953913              , -3.62569952             , -2.86498952             , 16.6410332              , -6.28208971             ,            11.8638506   , 1.34801424
 1161, 11.819986, -2.42119622             , -1.58735168             , -3.6035378              , -2.96250224             , 16.4545975              , -6.53075981             ,            11.911787    , 1.46794212
 1162, 11.829983, -2.19514394             , -1.6870805              , -3.56752396             , -3.01846147             , 18.027422               , -6.35400867             ,            11.8819599   , 1.58558106
 1163, 11.839988, -2.06050992             , -1.7635392              , -3.54591656             , -3.23287868             , 21.79352                , -3.89955521             ,            11.8894167   , 1.69852018
 1164, 11.849986, -2.15081978             , -1.64885104             , -3.59079432             , -3.14589262             , 22.2909718              , -0.825559199            ,            12.0033998   , 1.8175931
 1165, 11.860002, -2.11037445             , -1.74747205             , -3.57251096             , -3.14589262             , 15.0096092              , 1.57894301              ,            12.0119219   , 1.92986059
 1166, 11.869982, -2.00953722             , -1.70702636             , -3.54813266             , -3.27221584             , 19.4301224              , 3.56228495              ,            12.028966    , 2.04319429
 1167, 11.880004, -1.9120245              , -1.77905285             , -3.51655197             , -3.4195931              , 9.9002676               , 6.10171652              ,            12.0364227   , 2.16226721
 1168, 11.889985, -1.85052526             , -1.8992815              , -3.40186357             , -3.44840384             , 20.0946465              , 9.69981289              ,            12.0172482   , 2.28316927
 1169, 11.899988, -1.77295828             , -1.88764644             , -3.32540464             , -3.49605203             , 11.0397711              , 11.9868612              ,            12.033227    , 2.40376806
 1170, 11.910007, -1.74193144             , -2.09984732             , -3.23731112             , -3.67334795             , 16.7464294              , 11.4030571              ,            12.0023346   , 2.52860689
 1171, 11.919988, -1.63943231             , -2.1558063              , -3.14589262             , -3.54591656             , 12.0814018              , 14.5021954              ,            12.0353575   , 2.64950442
 1172, 11.930008, -1.55023038             , -2.34141302             , -2.93701625             , -3.63733459             , 11.6578493              , 15.5458651              ,            12.0864906   , 2.7728827
 1173, 11.939987, -1.62114882             , -2.43615532             , -2.91984057             , -3.63401031             , 5.33043861              , 17.289999               ,            12.0492067   , 2.89511847
 1174, 11.949979, -1.61394608             , -2.59849191             , -2.62619424             , -3.59910536             , 5.16487741              , 18.6424561              ,            12.1493416   , 3.02407503
 1175, 11.960000, -1.65716183             , -2.74808502             , -2.56247854             , -3.57140279             , 4.90531874              , 21.6634178              ,            12.1450796   , -3.13053775
 1176, 11.969981, -1.69649935             , -2.93590808             , -2.41177726             , -3.61406469             , -4.15328693             , 18.9839039              ,            12.1674509   , -3.00763893
 1177, 11.980002, -1.78902566             , -3.06112361             , -2.26440024             , -3.43898463             , -2.55526996             , 18.6040764              ,            12.1674509   , -2.88260841
 1178, 11.989984, -1.93751073             , -3.17581153             , -2.21841407             , -3.3603096              , -2.00122762             , 22.6576176              ,            12.1109915   , -2.76181793
 1179, 12.000000, -2.11480665             , -3.25614882             , -2.07325315             , -3.20628405             , -8.55930996             , 20.5568295              ,            12.1024694   , -2.63679838
 1180, 12.009982, -2.21453571             , -3.32208061             , -2.01286149             , -3.15364909             , -5.74893332             , 22.0255184              ,            12.028966    , -2.50870085
 1181, 12.020002, -2.42119622             , -3.37526917             , -1.96078086             , -2.89767861             , -12.5580082             , 16.1423454              ,            12.0438795   , -2.3894403
 1182, 12.029983, -2.52314115             , -3.38468838             , -1.95136201             , -2.6865859              , -10.537467              , 14.149045               ,            12.0279007   , -2.26787567
 1183, 12.040001, -2.58574867             , -3.38912034             , -1.90260577             , -2.79462504             , -14.6760139             , 18.7071476              ,            12.0087261   , -2.15550756
 1184, 12.049981, -2.7109642              , -3.38357997             , -1.94692981             , -2.57854605             , -16.7065506             , 14.7408724              ,            11.9938126   , -2.03883076
 1185, 12.060002, -2.7525177              , -3.33260751             , -1.93086231             , -2.53255987             , -15.8733711             , 7.23811483              ,            12.0204439   , -1.9138155
 1186, 12.069983, -2.88161111             , -3.32429671             , -1.97019982             , -2.48823595             , -18.533432              , 12.234005               ,            12.0279007   , -1.79520655
 1187, 12.080005, -2.91762424             , -3.34978318             , -1.95634854             , -2.38518286             , -21.8711491             , 7.57255507              ,            12.0055304   , -1.67901278
 1188, 12.089986, -2.97856998             , -3.25947309             , -2.06272602             , -2.3386426              , -16.8842373             , -0.508972168            ,            12.050272    , -1.56405735
 1189, 12.100007, -3.06333923             , -3.21625686             , -2.07436109             , -2.27603531             , -20.7476101             , 3.5665915               ,            12.0609245   , -1.44871855
 1190, 12.109989, -3.12927103             , -3.14921713             , -2.15691447             , -2.2439003              , -20.2872543             , 0.923907876             ,            12.0140524   , -1.33032799
 1191, 12.120008, -3.20517588             , -3.04006934             , -2.23669767             , -2.11646867             , -18.8771286             , -1.93416405             ,            12.0513372   , -1.21076441
 1192, 12.129978, -3.23398638             , -3.01679945             , -2.33531833             , -2.13032007             , -19.8216057             , -3.03872085             ,            12.0055304   , -1.09197903
 1193, 12.140006, -3.31155372             , -2.89657021             , -2.44058776             , -2.04444265             , -16.0781593             , -10.0266266             ,            12.058794    , -0.969444275
 1194, 12.149988, -3.30822945             , -2.84061146             , -2.39903426             , -1.99901032             , -17.388813              , -11.2698469             ,            12.0268354   , -0.847496033
 1195, 12.160006, -3.29770207             , -2.74919343             , -2.57743788             , -1.97684848             , -19.4912643             , -12.5848017             ,            12.0076609   , -0.723926067
 1196, 12.169987, -3.31044555             , -2.67162633             , -2.60791063             , -2.00732136             , -19.1705093             , -15.2154799             ,            11.9639854   , -0.603695393
 1197, 12.180006, -3.31155372             , -2.64281583             , -2.71816659             , -2.01286149             , -14.0075064             , -15.1817503             ,            11.9512024   , -0.480301857
 1198, 12.189987, -3.32762122             , -2.52424908             , -2.80127382             , -2.00122643             , -13.2261496             , -13.1830425             ,            11.9522676   , -0.353270054
 1199, 12.200007, -3.32097244             , -2.46773624             , -2.8162334              , -1.93751073             , -9.6247673              , -19.4914455             ,            11.9820948   , -0.23581934
 1200, 12.210007, -3.26612163             , -2.41510153             , -2.92870522             , -2.02449679             , -2.86691999             , -19.019228              ,            11.9448099   , -0.111374855
 1201, 12.219987, -3.23398638             , -2.34473729             , -2.98023176             , -1.98626733             , -8.92682838             , -21.6486874             ,            12.0076609   , 0.00586915016
 1202, 12.229979, -3.21791911             , -2.32700753             , -3.02400184             , -2.13807678             , -3.48121762             , -22.9256439             ,            11.9490709   , 0.100118399
 1203, 12.239999, -3.1237309              , -2.20068431             , -3.11541986             , -2.09984732             , 0.216175869             , -26.1284599             ,            12.0300312   , 0.227817178
 1204, 12.249979, -3.05170441             , -2.19736004             , -3.14700079             , -2.23448157             , 4.42323494              , -18.6675415             ,            11.9639854   , 0.352165341
 1205, 12.260000, -3.00904274             , -2.12754989             , -3.19464922             , -2.31204844             , 6.67407084              , -19.22159               ,            12.0140524   , 0.472112417
 1206, 12.269981, -2.91762424             , -2.07657719             , -3.23841906             , -2.3386426              , 2.65427375              , -21.9173832             ,            11.978899    , 0.589452505
 1207, 12.280000, -2.80847669             , -2.02117229             , -3.27221584             , -2.51261425             , 8.385252                , -21.1526604             ,            12.033227    , 0.709016085
 1208, 12.289981, -2.68436956             , -2.01507783             , -3.3697288              , -2.51150608             , 14.9249935              , -17.1321983             ,            12.0140524   , 0.830105543
 1209, 12.300000, -2.6461401              , -1.96687567             , -3.31376982             , -2.71428823             , 14.1297436              , -17.2415028             ,            12.0353575   , 0.953008413
 1210, 12.310023, -2.54419518             , -2.01064539             , -3.29770207             , -2.81401706             , 12.9657631              , -15.8045816             ,            12.0129871   , 1.07285964
 1211, 12.319980, -2.35969663             , -1.98626733             , -3.34313416             , -2.76803112             , 19.9742908              , -12.2137976             ,            12.037488    , 1.19355428
 1212, 12.330010, -2.36800718             , -2.02006435             , -3.29326987             , -2.97081351             , 16.967495               , -10.8186007             ,            11.987421    , 1.30630147
 1213, 12.339980, -2.20179248             , -1.99901032             , -3.24063516             , -3.12927103             , 19.4065838              , -13.1478243             ,            12.0076609   , 1.42815399
 1214, 12.350009, -2.10704994             , -2.04665875             , -3.29326987             , -3.19187856             , 18.2555962              , 0.517250717             ,            11.9959431   , 1.54953086
 1215, 12.359982, -2.01673985             , -2.08821249             , -3.19686556             , -3.21902728             , 25.7636757              , -3.40302753             ,            11.9927473   , 1.66410685
 1216, 12.369978, -1.87157893             , -2.12533355             , -3.13536596             , -3.37748528             , 23.9440193              , 1.68955731              ,            11.9267006   , 1.78068399
 1217, 12.380000, -1.82614684             , -2.23891377             , -3.08328509             , -3.51655197             , 21.3479195              , 0.0722291917            ,            11.9320269   , 1.89525604
 1218, 12.389981, -1.71478295             , -2.38407469             , -2.99740767             , -3.50879502             , 18.9555016              , 7.50959826              ,            11.8926125   , 2.00935268
 1219, 12.400007, -1.76741767             , -2.43837142             , -2.83728719             , -3.53871369             , 18.1823959              , 4.68234158              ,            11.9011345   , 2.12555027
 1220, 12.409987, -1.63721597             , -2.57522178             , -2.71927476             , -3.59467268             , 12.8378363              , 15.1835661              ,            11.9213743   , 2.2418437
 1221, 12.420009, -1.68154013             , -2.74586868             , -2.61234307             , -3.52375436             , 24.3858757              , 10.0572338              ,            11.8297615   , 2.36206317
 1222, 12.429989, -1.74968815             , -2.79462504             , -2.45720935             , -3.48109245             , 14.365571               , 18.2894726              ,            11.9906168   , 2.48536086
 1223, 12.440005, -1.6338917              , -2.90598917             , -2.43172312             , -3.52153802             , 16.8379707              , 20.4560223              ,            11.9277658   , 2.6048131
 1224, 12.449986, -1.78459322             , -3.0749743              , -2.2089951              , -3.52929473             , 14.868803               , 15.8186646              ,            11.9267006   , 2.72668076
 1225, 12.460002, -1.79179585             , -3.15641999             , -2.13696885             , -3.4195931              , 11.2863379              , 24.00774                ,            11.9469404   , 2.84727955
 1226, 12.469982, -1.95524049             , -3.27332425             , -2.06992865             , -3.42402554             , 11.7045317              , 19.0387783              ,            11.9575939   , 2.96943474
 1227, 12.479984, -1.97574043             , -3.35920191             , -1.92698407             , -3.33593154             , 3.50276732              , 21.7650909              ,            11.899004    , 3.0996294
 1228, 12.490009, -2.10206342             , -3.46336293             , -1.90980864             , -3.25725651             , 4.19786644              , 20.6616535              ,            11.9181786   , -3.06189537
 1229, 12.499978, -2.20068431             , -3.47943068             , -1.7380532              , -3.07829881             , -1.06638193             , 21.7161407              ,            11.9053955   , -2.93802643
 1230, 12.510009, -2.2810216              , -3.54591656             , -1.77295828             , -2.98023176             , 0.348247647             , 25.2417278              ,            11.8894167   , -2.81971645
 1231, 12.520000, -2.4139936              , -3.62569952             , -1.68375635             , -2.92870522             , -4.87469387             , 23.9799328              ,            11.8116522   , -2.70131063
 1232, 12.529982, -2.45222306             , -3.59467268             , -1.59787858             , -2.87551665             , -5.13021517             , 18.5402832              ,            11.8446751   , -2.57745314
 1233, 12.540001, -2.70376134             , -3.59356475             , -1.77517438             , -2.65888333             , -10.3166313             , 12.9365225              ,            11.7551937   , -2.45405936
 1234, 12.549982, -2.74808502             , -3.56198359             , -1.5757165              , -2.56968141             , -10.9517956             , 16.8597183              ,            11.8009996   , -2.33853292
 1235, 12.560002, -2.83063865             , -3.62126684             , -1.74193144             , -2.44889855             , -15.1919889             , 16.5725155              ,            11.7317572   , -2.22607327
 1236, 12.569983, -2.99297523             , -3.5110116              , -1.74414778             , -2.31814289             , -13.2901211             , 16.6016254              ,            11.7445402   , -2.11360979
 1237, 12.580002, -3.02067733             , -3.5110116              , -1.73583686             , -2.18572497             , -18.0598602             , 13.7251635              ,            11.8105869   , -1.99501181
 1238, 12.589984, -3.21902728             , -3.42845821             , -1.84276855             , -2.12311745             , -16.6914215             , 12.3922787              ,            11.7669115   , -1.87708521
 1239, 12.600000, -3.29991841             , -3.36363411             , -1.88653827             , -2.00011849             , -20.3926811             , 13.69839                ,            11.8766336   , -1.75915861
 1240, 12.609981, -3.33593154             , -3.35199928             , -1.92698407             , -1.95025396             , -21.0432701             , 7.48573542              ,            11.8127174   , -1.64306116
 1241, 12.620009, -3.44840384             , -3.27221584             , -2.03059125             , -1.84720099             , -18.6986389             , 2.03916264              ,            11.8723726   , -1.53078938
 1242, 12.629979, -3.49605203             , -3.21182466             , -2.11757684             , -1.81949842             , -17.2589417             , 1.20031607              ,            11.8627853   , -1.41929579
 1243, 12.640000, -3.52597046             , -3.14810872             , -2.16023874             , -1.73472881             , -18.7695713             , 3.44468069              ,            11.8595896   , -1.30184412
 1244, 12.649980, -3.63401031             , -3.02067733             , -2.34252119             , -1.71035063             , -20.7536869             , -3.72563648             ,            11.8766336   , -1.18401384
 1245, 12.660000, -3.61905074             , -2.91042185             , -2.40235829             , -1.63499975             , -24.3061142             , -5.15654278             ,            11.8979387   , -1.06465721
 1246, 12.669980, -3.63622642             , -2.8162334              , -2.51039815             , -1.63721597             , -19.3451538             , -8.43853951             ,            11.9469404   , -0.94587183
 1247, 12.680000, -3.65451026             , -2.613451               , -2.61566734             , -1.63278365             , -22.7990456             , -12.3336706             ,            11.9501371   , -0.825449467
 1248, 12.690010, -3.66392899             , -2.52203321             , -2.75750422             , -1.60286498             , -16.8731251             , -9.66418362             ,            11.9671812   , -0.703784466
 1249, 12.699980, -3.65838861             , -2.50928998             , -2.78631473             , -1.60286498             , -15.7446594             , -13.8117208             ,            11.9693117   , -0.607721806
 1250, 12.709985, -3.62569952             , -2.31814289             , -2.98023176             , -1.6444186              , -15.3674603             , -13.0094137             ,            11.978899    , -0.483469486
 1251, 12.720006, -3.55976748             , -2.28545403             , -3.02843428             , -1.71866131             , -12.2966671             , -15.6337976             ,            11.9916821   , -0.35451746
 1252, 12.730008, -3.53206539             , -2.21841407             , -3.11209559             , -1.782377               , -7.35347271             , -17.8256493             ,            12.0002041   , -0.23649931
 1253, 12.739978, -3.51821399             , -2.14971185             , -3.17137909             , -1.86216021             , -5.03533554             , -17.094532              ,            11.9607897   , -0.11138773
 1254, 12.750005, -3.37637711             , -2.05386138             , -3.25725651             , -1.84276855             , -3.20296144             , -17.4920444             ,            11.9330921   , 0.00625503063
 1255, 12.759985, -3.26612163             , -2.00621295             , -3.27886462             , -2.02117229             , -3.81315684             , -22.7714958             ,            11.9895515   , 0.125423789
 1256, 12.770005, -3.19187856             , -2.08932042             , -3.25836468             , -2.15469837             , -2.57840633             , -23.9050369             ,            11.974638    , 0.254951477
 1257, 12.779985, -2.97524548             , -1.994578               , -3.24451375             , -2.20179248             , -1.07304192             , -26.8781624             ,            12.0492067   , 0.377102613
 1258, 12.790003, -2.9187324              , -2.19514394             , -3.15863609             , -2.32479167             , 8.30530453              , -18.4360142             ,            12.0779686   , 0.498192072
 1259, 12.799983, -2.85723281             , -2.28323793             , -2.99131298             , -2.5929513              , 8.67210197              , -20.5646992             ,            12.0800991   , 0.618123889
 1260, 12.810004, -2.75528789             , -2.13696885             , -3.28163481             , -2.46773624             , 9.92543507              , -25.0127373             ,            12.0428143   , 0.735372066
 1261, 12.819985, -2.75861192             , -2.47937131             , -2.77357149             , -2.6749506              , 11.1146955              , -19.4911156             ,            12.1014042   , 0.857320309
 1262, 12.830006, -2.78299046             , -2.50319552             , -2.93036771             , -2.73977447             , 15.2243166              , -14.9116554             ,            12.0396185   , 0.983205676
 1263, 12.839985, -2.95419168             , -2.78853083             , -3.27775645             , -2.87330031             , 14.7101908              , -15.5092745             ,            12.0119219   , 1.09903097
 1264, 12.850008, -3.00904274             , -2.86388183             , -3.22345972             , -3.13647389             , 19.6391335              , -15.6090183             ,            12.1003389   , 1.21733677
 1265, 12.859988, -3.08439302             , -2.95086741             , -3.14478445             , -3.20517588             , 21.5824909              , -10.1363935             ,            12.255868    , 1.33736467
 1266, 12.870005, -3.04006934             , -3.15752769             , -3.34645891             , -3.24174309             , 21.5301876              , -16.0595989             ,            12.3805037   , 1.4629662
 1267, 12.879988, -3.11098742             , -3.13093352             , -3.52043009             , -3.29770207             , 23.0836983              , -10.1500139             ,            12.5924911   , 1.58683503
 1268, 12.890008, -3.11541986             , -3.27443194             , -3.37305331             , -3.14700079             , 20.4230022              , -7.03942108             ,            12.776782    , 1.70925856
 1269, 12.899983, -3.09381199             , -3.26889157             , -3.3697288              , -3.29437804             , 25.1454582              , 2.28593779              ,            12.8683949   , 1.83111095
 1270, 12.909999, -3.17137909             , -3.26612163             , -3.4195931              , -3.27443194             , 23.4929581              , 2.47365832              ,            13.0068789   , 1.95393324
 1271, 12.919979, -3.08993387             , -3.19464922             , -3.37305331             , -3.33260751             , 23.6950932              , 3.14541602              ,            13.11234     , 2.07933187
 1272, 12.929982, -3.15752769             , -3.15974402             , -3.32762122             , -3.32208061             , 28.517931               , 4.39487314              ,            13.2412376   , 2.21107197
 1273, 12.940009, -3.18744659             , -3.16916275             , -3.20850015             , -3.30822945             , 29.7390385              , 11.5379057              ,            13.402092    , 2.34614706
 1274, 12.949981, -3.05170441             , -3.10766315             , -3.19908166             , -3.38579607             , 23.410696               , 10.2775002              ,            13.6044922   , 2.48746729
 1275, 12.960009, -3.07829881             , -3.1281631              , -3.0927043              , -3.43898463             , 17.6577988              , 16.4438095              ,            13.7195406   , 2.62974238
 1276, 12.969978, -3.17581153             , -3.13869023             , -3.11929846             , -3.40574169             , 21.5743408              , 18.5427551              ,            13.8154144   , 2.76885462
 1277, 12.980009, -3.06666398             , -3.18633842             , -3.07386637             , -3.39133668             , 15.7778988              , 21.9624062              ,            14.0369902   , 2.9096036
 1278, 12.990000, -3.07608247             , -3.18412232             , -3.06943393             , -3.37637711             , 13.0743637              , 26.7426147              ,            14.2063665   , 3.05993319
 1279, 12.999980, -3.10156894             , -3.26279688             , -3.08771753             , -3.3603096              , 3.23662257              , 25.9655533              ,            14.2479124   , -3.07330608
 1280, 13.010002, -3.15752769             , -3.29326987             , -3.08993387             , -3.35089111             , 1.16578746              , 28.882679               ,            14.3139582   , -2.92431474
 1281, 13.019984, -3.18966269             , -3.34645891             , -3.10877156             , -3.34978318             , -1.62578893             , 30.545927               ,            14.4322033   , -2.78328228
 1282, 13.030008, -3.1652844              , -3.42513394             , -3.14921713             , -3.35421538             , -5.49083805             , 29.0288334              ,            14.4588346   , -2.63382244
 1283, 13.039978, -3.21902728             , -3.4644711              , -3.11098742             , -3.27110815             , -10.386982              , 28.8791885              ,            14.5057058   , -2.48215485
 1284, 13.050006, -3.21791911             , -3.47056603             , -3.10655522             , -3.18079805             , -18.7207203             , 20.2789326              ,            14.6143627   , -2.33508396
 1285, 13.059986, -3.23066235             , -3.45283604             , -3.05392027             , -3.1641767              , -18.6884995             , 19.3173733              ,            14.6431255   , -2.19519758
 1286, 13.070006, -3.2699995              , -3.46557951             , -3.0910418              , -3.12705517             , -25.3551769             , 22.1776676              ,            14.6303425   , -2.05100203
 1287, 13.079988, -3.29326987             , -3.4195931              , -3.12927103             , -3.0927043              , -28.3038101             , 20.6831379              ,            14.6825399   , -1.9018302
 1288, 13.090004, -3.34867454             , -3.43787646             , -3.16306829             , -3.15752769             , -30.3251286             , 13.8331728              ,            14.7027798   , -1.75906467
 1289, 13.099986, -3.3974309              , -3.47721457             , -3.12705517             , -3.11652803             , -30.8319054             , 5.71106195              ,            14.7134323   , -1.61603069
 1290, 13.110005, -3.45893073             , -3.45782232             , -3.13204145             , -3.04948831             , -30.2256527             , 3.36973906              ,            14.7389994   , -1.47585678
 1291, 13.120003, -3.5110116              , -3.41017437             , -3.16916275             , -3.05558276             , -32.8540535             , -0.559009016            ,            14.7230196   , -1.33146954
 1292, 13.129983, -3.54702449             , -3.3580935              , -3.25226998             , -3.06112361             , -29.8574924             , -3.60662317             ,            14.7443256   , -1.18565226
 1293, 13.140000, -3.58525395             , -3.29770207             , -3.25226998             , -2.97524548             , -28.6227951             , -9.18638611             ,            14.7816095   , -1.03991556
 1294, 13.149980, -3.53206539             , -3.20018959             , -3.21071649             , -2.87219238             , -32.9296646             , -11.2425222             ,            14.8082409   , -0.889490128
 1295, 13.160000, -3.32872891             , -3.00904274             , -3.19187856             , -2.86498952             , -28.8663731             , -17.7522163             ,            14.8029146   , -0.737730503
 1296, 13.169980, -3.33703971             , -2.89878654             , -3.18855476             , -2.81900358             , -24.279232              , -21.4565506             ,            14.7059755   , -0.620471001
 1297, 13.180000, -3.28495955             , -2.86388183             , -3.17027068             , -2.75861192             , -16.2352161             , -25.2478275             ,            14.5728178   , -0.471000195
 1298, 13.189981, -3.06555557             , -2.72980165             , -3.17248702             , -2.66830206             , -15.0062447             , -28.91576               ,            14.3949184   , -0.321241856
 1299, 13.200010, -3.07829881             , -2.59849191             , -3.15863609             , -2.73755813             , -9.17746067             , -26.1885548             ,            14.1818657   , -0.175137043
 1300, 13.209979, -3.01125908             , -2.48269558             , -3.23509479             , -2.72481513             , -0.449604005            , -27.647356              ,            14.0210104   , -0.0358371735
 1301, 13.219999, -2.78299046             , -2.6068027              , -3.24451375             , -2.75750422             , -5.33236504             , -31.6641998             ,            13.7120838   , 0.101840854
 1302, 13.229979, -2.9697051              , -2.26550817             , -3.23509479             , -2.74919343             , 7.37318897              , -28.1043663             ,            13.5437727   , 0.246511698
 1303, 13.240002, -2.83396292             , -2.44225001             , -3.23952723             , -2.75639582             , 6.11408091              , -21.0043545             ,            13.2604122   , 0.379202127
 1304, 13.249984, -2.75030136             , -2.28767014             , -3.25947309             , -2.75861192             , 7.38602161              , -27.2102909             ,            13.1197968   , 0.514484286
 1305, 13.260001, -2.80626035             , -2.2173059              , -3.23066235             , -2.70985579             , 12.1410389              , -19.026453              ,            12.9259186   , 0.639024138
 1306, 13.269984, -2.71428823             , -2.31094003             , -3.22789216             , -2.75528789             , 11.8972435              , -21.0844498             ,            12.8161964   , 0.766914725
 1307, 13.280004, -2.70376134             , -2.09541512             , -3.18523049             , -2.73977447             , 11.8081617              , -14.9575405             ,            12.6340361   , 0.897887468
 1308, 13.289984, -2.65057278             , -2.3319943              , -3.19797325             , -2.7630446              , 19.0511112              , -18.7307644             ,            12.5243139   , 1.01926458
 1309, 13.300005, -2.63118076             , -2.07768536             , -3.10987949             , -2.79240894             , 17.0281849              , -9.30205631             ,            12.4295053   , 1.14370859
 1310, 13.309987, -2.50928998             , -2.28323793             , -3.11431193             , -2.82454395             , 22.8616238              , -9.61583138             ,            12.335762    , 1.26325703
 1311, 13.320006, -2.49654675             , -2.24279213             , -3.06444764             , -2.91762424             , 21.2444344              , -5.66942596             ,            12.2409534   , 1.38185048
 1312, 13.329986, -2.44668221             , -2.36689901             , -2.9697051              , -2.86388183             , 20.434309               , -3.61506343             ,            12.1759729   , 1.50370288
 1313, 13.340003, -2.40402055             , -2.38850713             , -2.96250224             , -2.91374636             , 21.1742935              , -8.43068123             ,            12.1408186   , 1.62431717
 1314, 13.349985, -2.38629103             , -2.37964225             , -2.85944915             , -2.94865108             , 17.2189465              , 0.456691295             ,            12.1163177   , 1.7418642
 1315, 13.360005, -2.37687206             , -2.43061495             , -2.85834098             , -2.93701625             , 24.6481647              , 4.38491297              ,            12.0673161   , 1.85844135
 1316, 13.370008, -2.52923584             , -2.61012697             , -2.7281394              , -2.87551665             , 22.1892796              , -1.24483073             ,            12.0204439   , 1.97396803
 1317, 13.379983, -2.78853083             , -2.77578759             , -2.77246356             , -2.83617902             , 16.8258343              , 4.86680269              ,            12.0353575   , 2.09103537
 1318, 13.389982, -2.61954594             , -2.90100265             , -2.87773275             , -3.02067733             , 19.3621483              , 7.26925516              ,            11.9906168   , 2.20953751
 1319, 13.400000, -2.81180072             , -2.77966619             , -2.89878654             , -3.03896117             , 21.3385315              , 6.07603407              ,            12.033227    , 2.32956505
 1320, 13.409981, -2.69268012             , -2.96250224             , -2.93036771             , -3.07386637             , 23.2066612              , 4.09911203              ,            12.2888908   , 2.45592976
 1321, 13.420009, -2.86997604             , -2.99740767             , -3.01125908             , -3.1641767              , 17.4327965              , 17.8111706              ,            12.5647945   , 2.5852654
 1322, 13.429989, -3.21182466             , -3.03785324             , -3.10877156             , -2.97192121             , 13.5273457              , 16.5688763              ,            12.755477    , 2.71460128
 1323, 13.439980, -3.02289367             , -3.12705517             , -3.06555557             , -3.19354081             , 16.3967552              , 18.697855               ,            13.0079441   , 2.84546709
 1324, 13.450001, -3.05059624             , -3.13869023             , -3.12705517             , -3.05170441             , 18.6669216              , 22.5553055              ,            13.2082138   , 2.97949553
 1325, 13.459982, -3.1652844              , -3.03231263             , -3.07165003             , -3.06444764             , 8.56080151              , 24.1286087              ,            13.4084835   , 3.12512112
 1326, 13.470003, -3.11652803             , -3.11320376             , -2.96471834             , -3.08217669             , 4.29166794              , 23.7804184              ,            13.5821218   , -3.01751089
 1327, 13.479985, -3.02732611             , -3.17581153             , -3.02400184             , -3.03231263             , 2.16819024              , 29.0750599              ,            13.6801262   , -2.87983298
 1328, 13.490003, -3.07054186             , -3.18079805             , -3.02621794             , -3.10544705             , -3.78785634             , 27.8702374              ,            13.7823915   , -2.74157977
 1329, 13.499983, -3.12594724             , -3.21071649             , -3.01236677             , -3.03452873             , -5.37370968             , 28.9937687              ,            13.8665476   , -2.59930468
 1330, 13.510007, -3.13314962             , -3.20960832             , -2.98798871             , -3.08217669             , -15.3256502             , 23.1332645              ,            13.9496384   , -2.45194626
 1331, 13.519987, -3.1281631              , -3.20351362             , -2.99851584             , -3.08106899             , -15.9737577             , 22.6436596              ,            13.9986401   , -2.31350541
 1332, 13.530003, -3.16196036             , -3.22678399             , -3.03009629             , -3.01125908             , -18.3946552             , 24.3852444              ,            14.0561647   , -2.17803526
 1333, 13.539985, -3.18079805             , -3.23731112             , -3.01236677             , -3.02289367             , -19.214407              , 18.3469639              ,            14.1009054   , -2.04046488
 1334, 13.550007, -3.19797325             , -3.24562192             , -3.01569104             , -3.01679945             , -22.4638233             , 14.6804104              ,            14.1296673   , -1.89807844
 1335, 13.559989, -3.22789216             , -3.24783802             , -3.07608247             , -3.06555557             , -26.5425625             , 10.462862               ,            14.1776047   , -1.75763226
 1336, 13.570009, -3.22013545             , -3.25947309             , -3.07996058             , -3.01125908             , -31.0699558             , 12.0633888              ,            14.2308683   , -1.61823654
 1337, 13.579978, -3.24340558             , -3.26168919             , -3.0927043              , -2.99519157             , -31.0789814             , 3.46333599              ,            14.2969141   , -1.48505545
 1338, 13.590006, -3.27221584             , -3.2677834              , -3.12705517             , -3.03452873             , -28.6416588             , 0.0637837723            ,            14.3224802   , -1.34451342
 1339, 13.599989, -3.29326987             , -3.27110815             , -3.13536596             , -3.02510977             , -24.2724552             , -5.79299879             ,            14.3586998   , -1.20338488
 1340, 13.610007, -3.35199928             , -3.2677834              , -3.15531158             , -3.01846147             , -30.8928299             , -10.2733974             ,            14.4130278   , -1.05909348
 1341, 13.619988, -3.36695838             , -3.22678399             , -3.14090633             , -3.01846147             , -32.4739761             , -12.36516               ,            14.3906574   , -0.914993763
 1342, 13.630006, -3.3929987              , -3.17691946             , -3.15531158             , -3.03009629             , -29.3363781             , -16.382803              ,            14.4023752   , -0.799846649
 1343, 13.639986, -3.43344474             , -3.18190598             , -3.17913556             , -3.01125908             , -19.4481144             , -19.8019905             ,            14.481205    , -0.652584076
 1344, 13.650003, -3.44009304             , -3.16805434             , -3.17248702             , -3.03452873             , -21.4641972             , -23.8655014             ,            14.4833355   , -0.506099701
 1345, 13.660005, -3.43344474             , -3.1281631              , -3.18301415             , -3.0195694              , -16.1035404             , -26.7144012             ,            14.5227499   , -0.351829052
 1346, 13.669986, -3.4218092              , -3.11652803             , -3.22567606             , -3.0749743              , -14.6121969             , -29.0871754             ,            14.5270109   , -0.203707695
 1347, 13.680004, -3.41128254             , -3.1641767              , -3.23952723             , -3.06555557             , -7.90996218             , -28.9747829             ,            14.5344687   , -0.0579862595
 1348, 13.689984, -3.40574169             , -3.16085196             , -3.23841906             , -3.05170441             , -7.72532082             , -33.694828              ,            14.5312729   , 0.0859217644
 1349, 13.700002, -3.39133668             , -3.15752769             , -3.24174309             , -3.05558276             , 1.67694414              , -35.2451286             ,            14.556839    , 0.239521265
 1350, 13.710005, -3.38579607             , -3.13425779             , -3.26390529             , -3.11320376             , 5.73195934              , -29.9284306             ,            14.5344687   , 0.386687875
 1351, 13.719987, -3.37416101             , -3.1397984              , -3.32318854             , -3.10655522             , 10.9730053              , -29.4722233             ,            14.5611      , 0.538830996
 1352, 13.730090, -3.36695838             , -3.12705517             , -3.32318854             , -3.10267711             , 13.052084               , -25.1781769             ,            14.5344687   , 0.676225424
 1353, 13.739986, -3.36252618             , -3.16085196             , -3.32872891             , -3.10544705             , 16.2402477              , -30.3458958             ,            14.5472517   , 0.823392153
 1354, 13.749989, -3.35310721             , -3.12262273             , -3.36474228             , -3.13758206             , 19.5543709              , -27.244854              ,            14.552578    , 0.969684839
 1355, 13.760009, -3.34036398             , -3.17027068             , -3.36363411             , -3.14478445             , 24.1504307              , -19.6005917             ,            14.5600348   , 1.11311746
 1356, 13.769979, -3.32540464             , -3.17802763             , -3.35089111             , -3.19575715             , 29.2268925              , -16.6917057             ,            14.6143627   , 1.25683761
 1357, 13.780003, -3.29881024             , -3.1663928              , -3.34424281             , -3.19908166             , 30.8569508              , -14.2813072             ,            14.5983839   , 1.39968383
 1358, 13.790002, -3.25337815             , -3.13204145             , -3.34036398             , -3.17802763             , 29.0569363              , -10.8680687             ,            14.640995    , 1.54905868
 1359, 13.799981, -3.26058078             , -3.16306829             , -3.33703971             , -3.15752769             , 31.9835949              , -4.80245829             ,            14.6814747   , 1.68999529
 1360, 13.810035, -3.25116181             , -3.19908166             , -3.32872891             , -3.23066235             , 31.4125252              , -1.97421932             ,            14.645256    , 1.83485842
 1361, 13.819981, -3.27110815             , -3.27110815             , -3.31986427             , -3.21404076             , 29.7775593              , 7.03852987              ,            14.6473866   , 1.97223711
 1362, 13.830009, -3.29049993             , -3.28606725             , -3.31155372             , -3.22345972             , 30.0821285              , 10.2359571              ,            14.6069059   , 2.1151948
 1363, 13.839981, -3.29326987             , -3.25448608             , -3.30324244             , -3.21625686             , 28.8503952              , 13.4610434              ,            14.6143627   , 2.26110792
 1364, 13.850003, -3.27664852             , -3.26501346             , -3.25116181             , -3.17137909             , 25.5185013              , 17.672966               ,            14.6175585   , 2.40827465
 1365, 13.859984, -3.27332425             , -3.22345972             , -3.23066235             , -3.19354081             , 25.1541977              , 16.9564266              ,            14.6207542   , 2.55909467
 1366, 13.870001, -3.28052688             , -3.20628405             , -3.25226998             , -3.18523049             , 18.0328102              , 24.189146               ,            14.632473    , 2.70740795
 1367, 13.879981, -3.28274298             , -3.23287868             , -3.26501346             , -3.16916275             , 14.3707085              , 26.1496181              ,            14.6441908   , 2.85581684
 1368, 13.890002, -3.28828335             , -3.27664852             , -3.27332425             , -3.18079805             , 11.737812               , 32.4850464              ,            14.6228848   , 3.00816679
 1369, 13.899982, -3.31155372             , -3.29881024             , -3.25226998             , -3.18523049             , 6.69508934              , 32.9809036              ,            14.6772137   , -3.12095499
 1370, 13.910004, -3.33149934             , -3.28939176             , -3.26279688             , -3.18966269             , 3.2012434               , 31.4921799              ,            14.6665611   , -2.97205925
 1371, 13.919986, -3.33814764             , -3.25116181             , -3.26501346             , -3.20960832             , -0.0901479572           , 27.9013824              ,            14.6580391   , -2.82375026
 1372, 13.930006, -3.34036398             , -3.27332425             , -3.23620272             , -3.17359519             , -7.40449858             , 29.8989868              ,            14.6761484   , -2.67600822
 1373, 13.939987, -3.3697288              , -3.2677834              , -3.24340558             , -3.18523049             , -13.1458263             , 31.7347832              ,            14.6708221   , -2.51963663
 1374, 13.949978, -3.37083721             , -3.23620272             , -3.25005436             , -3.18633842             , -18.1885548             , 31.2857647              ,            14.6505823   , -2.37141943
 1375, 13.960010, -3.3697288              , -3.27332425             , -3.25005436             , -3.16085196             , -18.7143402             , 28.0498238              ,            14.6825399   , -2.23067427
 1376, 13.969979, -3.33703971             , -3.25947309             , -3.24783802             , -3.17470336             , -21.9174919             , 19.5100574              ,            14.6601696   , -2.08714581
 1377, 13.980002, -3.33260751             , -3.27554035             , -3.24063516             , -3.17137909             , -23.9561501             , 13.9840431              ,            14.6804094   , -1.94189978
 1378, 13.989982, -3.34535074             , -3.28052688             , -3.25448608             , -3.1663928              , -27.6820946             , 13.9774227              ,            14.7507172   , -1.79454136
 1379, 13.999999, -3.40407968             , -3.26390529             , -3.27221584             , -3.14478445             , -36.5135384             , 8.89520168              ,            14.7560434   , -1.64813757
 1380, 14.009981, -3.40407968             , -3.25226998             , -3.26390529             , -3.13204145             , -36.997242              , 8.42286587              ,            14.7134323   , -1.51104593
 1381, 14.020008, -3.3929987              , -3.22900009             , -3.23287868             , -3.13425779             , -30.9270439             , 4.36606359              ,            14.7304773   , -1.36770916
 1382, 14.029979, -3.41128254             , -3.24063516             , -3.25836468             , -3.15752769             , -29.2063274             , -4.22542095             ,            14.762435    , -1.22189188
 1383, 14.039999, -3.3974309              , -3.25448608             , -3.28717566             , -3.17581153             , -25.9713917             , -11.1122646             ,            14.766696    , -1.07548809
 1384, 14.049980, -3.41571522             , -3.27554035             , -3.28939176             , -3.11098742             , -30.793911              , -15.9241743             ,            14.7901316   , -0.92592144
 1385, 14.059983, -3.40297174             , -3.28495955             , -3.28828335             , -3.18855476             , -27.15518               , -18.1007442             ,            14.7091713   , -0.779724598
 1386, 14.070000, -3.39964747             , -3.28717566             , -3.29160762             , -3.17581153             , -27.0667934             , -21.6767464             ,            14.7507172   , -0.62861681
 1387, 14.080001, -3.3929987              , -3.25836468             , -3.29991841             , -3.15032506             , -21.7369919             , -21.781765              ,            14.766696    , -0.478666782
 1388, 14.089981, -3.3929987              , -3.26889157             , -3.29991841             , -3.19077063             , -18.9692039             , -28.9782276             ,            14.7592392   , -0.351933956
 1389, 14.100001, -3.38247228             , -3.29326987             , -3.32762122             , -3.21902728             , -15.4270973             , -27.4265614             ,            14.7358036   , -0.201508522
 1390, 14.109982, -3.37748528             , -3.29326987             , -3.35089111             , -3.20517588             , -8.02278137             , -31.1767235             ,            14.7539129   , -0.0539469719
 1391, 14.120005, -3.36585021             , -3.23731112             , -3.35089111             , -3.22900009             , -2.90206003             , -30.1435566             ,            14.7784138   , 0.0942662954
 1392, 14.129985, -3.36252618             , -3.27775645             , -3.33703971             , -3.18301415             , 0.307408959             , -34.3325653             ,            14.7911968   , 0.253221631
 1393, 14.140001, -3.37859344             , -3.26612163             , -3.32651281             , -3.22124362             , 3.15838385              , -34.1569023             ,            14.7635002   , 0.399625421
 1394, 14.149981, -3.39133668             , -3.27332425             , -3.32318854             , -3.17359519             , 6.89831734              , -32.646904              ,            14.7262154   , 0.552642584
 1395, 14.160003, -3.40075517             , -3.27110815             , -3.31709409             , -3.25226998             , 12.1560154              , -26.1701584             ,            14.7560434   , 0.69232583
 1396, 14.169983, -3.38912034             , -3.24562192             , -3.31875634             , -3.22456789             , 18.3200912              , -25.9592667             ,            14.7315426   , 0.841508985
 1397, 14.180007, -3.37970138             , -3.21625686             , -3.31598592             , -3.22456789             , 22.5761585              , -22.6015186             ,            14.7485867   , 0.990201592
 1398, 14.189988, -3.37637711             , -3.26168919             , -3.31266141             , -3.21791911             , 26.3808956              , -19.2626362             ,            14.766696    , 1.13632178
 1399, 14.200006, -3.38579607             , -3.2699995              , -3.31266141             , -3.15531158             , 31.1295605              , -19.6323185             ,            14.7922621   , 1.28004205
 1400, 14.209989, -3.37305331             , -3.26612163             , -3.30933738             , -3.18966269             , 31.0565491              , -16.1485062             ,            14.7581739   , 1.42585945
 1401, 14.220009, -3.36862063             , -3.29437804             , -3.30435109             , -3.17359519             , 29.8322868              , -9.42336559             ,            14.7975883   , 1.57533014
 1402, 14.229980, -3.35310721             , -3.28163481             , -3.30601335             , -3.21293259             , 30.7713795              , 1.01208687              ,            14.8093061   , 1.71874762
 1403, 14.240009, -3.3558774              , -3.23398638             , -3.29659438             , -3.22345972             , 29.2222118              , 3.00376797              ,            14.8338079   , 1.86227608
 1404, 14.249979, -3.35310721             , -3.24894619             , -3.29659438             , -3.19187856             , 33.1311798              , 5.37953806              ,            14.8806791   , 2.00330877
 1405, 14.260002, -3.34867454             , -3.29770207             , -3.29991841             , -3.25226998             , 30.6335258              , 11.5021906              ,            14.8316774   , 2.14664555
 1406, 14.269983, -3.34867454             , -3.32429671             , -3.30712128             , -3.21791911             , 32.459362               , 14.621213               ,            14.8135672   , 2.29707098
 1407, 14.280003, -3.34535074             , -3.32208061             , -3.30712128             , -3.23731112             , 26.9701023              , 18.5860958              ,            14.7954578   , 2.44595528
 1408, 14.290003, -3.3603096              , -3.33149934             , -3.29770207             , -3.22456789             , 20.7696781              , 22.3555641              ,            14.8274164   , 2.60030651
 1409, 14.299985, -3.35920191             , -3.33593154             , -3.28717566             , -3.19575715             , 18.3650265              , 26.3503456              ,            14.8274164   , 2.75065136
 1410, 14.309999, -3.36862063             , -3.33149934             , -3.29770207             , -3.20018959             , 14.2126408              , 30.9102821              ,            14.8391342   , 2.8996315
 1411, 14.319981, -3.38247228             , -3.33925581             , -3.30822945             , -3.20517588             , 12.3923197              , 32.6923103              ,            14.8295469   , 3.05561972
 1412, 14.329999, -3.41460657             , -3.33039117             , -3.31155372             , -3.24894619             , 6.34350157              , 30.1631584              ,            14.8188934   , -3.07272387
 1413, 14.339980, -3.38579607             , -3.31986427             , -3.30822945             , -3.23287868             , 1.42540133              , 32.4427567              ,            14.8284817   , -2.91723013
 1414, 14.350001, -3.36585021             , -3.28495955             , -3.29659438             , -3.19464922             , -3.06851506             , 35.0751724              ,            14.8636351   , -2.77225637
 1415, 14.359983, -3.35421538             , -3.26390529             , -3.28385115             , -3.23509479             , -11.6561232             , 34.2155075              ,            14.8146324   , -2.6178093
 1416, 14.370001, -3.39632297             , -3.25116181             , -3.28606725             , -3.17248702             , -15.5972462             , 30.4265671              ,            14.8338079   , -2.46355391
 1417, 14.380001, -3.39853907             , -3.26168919             , -3.28495955             , -3.20850015             , -17.2817039             , 25.8276424              ,            14.8071756   , -2.31667471
 1418, 14.389983, -3.38247228             , -3.28163481             , -3.29991841             , -3.22124362             , -19.499054              , 22.084713               ,            14.8274164   , -2.17343378
 1419, 14.400001, -3.36141801             , -3.28828335             , -3.29770207             , -3.21293259             , -23.6627598             , 19.8761768              ,            14.8519173   , -2.02809191
 1420, 14.409981, -3.39964747             , -3.28495955             , -3.30102634             , -3.22900009             , -30.3174763             , 16.2242107              ,            14.850852    , -1.87900066
 1421, 14.420003, -3.45394444             , -3.27554035             , -3.30933738             , -3.1652844              , -33.9834404             , 12.6422653              ,            14.8338079   , -1.73251629
 1422, 14.429984, -3.44840384             , -3.26889157             , -3.30324244             , -3.20850015             , -31.8352318             , 9.74044418              ,            14.8284817   , -1.59186697
 1423, 14.440001, -3.3719449              , -3.25448608             , -3.28052688             , -3.18301415             , -31.7122021             , 4.65502405              ,            14.8689613   , -1.4485302
 1424, 14.450060, -3.3558774              , -3.25725651             , -3.28163481             , -3.21071649             , -27.172224              , -2.50233793             ,            14.8796139   , -1.30482531
 1425, 14.459983, -3.39853907             , -3.28163481             , -3.28274298             , -3.23177028             , -31.7908115             , -5.91583157             ,            14.8806791   , -1.15582991
 1426, 14.469986, -3.41239047             , -3.29548597             , -3.30601335             , -3.19686556             , -31.0594196             , -8.90828896             ,            14.8625698   , -1.00780439
 1427, 14.480010, -3.40574169             , -3.31155372             , -3.32097244             , -3.19797325             , -32.0931053             , -16.3582993             ,            14.8455257   , -0.858525276
 1428, 14.489978, -3.3941071              , -3.31376982             , -3.31044555             , -3.25337815             , -27.8485489             , -17.7600555             ,            14.8231544   , -0.707528591
 1429, 14.499999, -3.39632297             , -3.31376982             , -3.31598592             , -3.22345972             , -21.8602142             , -23.0759525             ,            14.7911968   , -0.557866096
 1430, 14.509979, -3.3974309              , -3.31986427             , -3.40795827             , -3.20850015             , -15.9700632             , -25.7731533             ,            14.8146324   , -0.405040741
 1431, 14.519983, -3.3974309              , -3.32097244             , -3.38247228             , -3.21514869             , -15.734127              , -28.9153252             ,            14.8093061   , -0.251452446
 1432, 14.530096, -3.37748528             , -3.31487751             , -3.34867454             , -3.23509479             , -10.9264269             , -29.1764317             ,            14.8625698   , -0.0973887444
 1433, 14.539981, -3.3603096              , -3.28717566             , -3.34036398             , -3.25005436             , -7.04573631             , -32.5712891             ,            14.850852    , 0.0478687286
 1434, 14.550010, -3.3603096              , -3.25337815             , -3.32872891             , -3.26889157             , -1.89885509             , -33.5132408             ,            14.8306122   , 0.173167586
 1435, 14.559979, -3.36363411             , -3.28939176             , -3.32651281             , -3.23398638             , 4.4460578               , -32.7315674             ,            14.8370037   , 0.325321794
 1436, 14.570007, -3.37526917             , -3.2699995              , -3.32540464             , -3.20129752             , 9.02742672              , -32.1117859             ,            14.8668308   , 0.475080252
 1437, 14.579989, -3.38247228             , -3.28163481             , -3.32872891             , -3.22013545             , 13.0974827              , -30.5267544             ,            14.8188934   , 0.623393416
 1438, 14.590009, -3.39853907             , -3.27554035             , -3.32762122             , -3.23287868             , 16.0546818              , -28.5942917             ,            14.8231544   , 0.769034147
 1439, 14.599989, -3.41571522             , -3.27221584             , -3.33039117             , -3.24783802             , 21.7726841              , -24.605175              ,            14.8284817   , 0.922810197
 1440, 14.610001, -3.38579607             , -3.29770207             , -3.32540464             , -3.26279688             , 24.6872845              , -22.5466099             ,            14.8242197   , 1.06690991
 1441, 14.620002, -3.38247228             , -3.30102634             , -3.32318854             , -3.24340558             , 29.1314507              , -20.2814674             ,            14.8242197   , 1.212919
 1442, 14.629982, -3.37416101             , -3.29770207             , -3.31709409             , -3.17802763             , 33.1309624              , -14.880475              ,            14.8519173   , 1.35749805
 1443, 14.639986, -3.37083721             , -3.28717566             , -3.31044555             , -3.20850015             , 31.39925                , -10.753643              ,            14.8359385   , 1.50639772
 1444, 14.650010, -3.3941071              , -3.28385115             , -3.30102634             , -3.22789216             , 30.1638718              , -2.53562284             ,            14.850852    , 1.65297794
 1445, 14.659979, -3.41571522             , -3.24673009             , -3.29437804             , -3.20018959             , 29.9648972              , -0.0995245799           ,            14.8647003   , 1.80024052
 1446, 14.670010, -3.3974309              , -3.25614882             , -3.30102634             , -3.20240593             , 31.0699368              , 3.50760126              ,            14.90518     , 1.9382062
 1447, 14.679978, -3.37859344             , -3.29991841             , -3.28717566             , -3.22900009             , 36.5186348              , 10.2547855              ,            14.8977232   , 2.08230591
 1448, 14.690008, -3.36862063             , -3.33482361             , -3.30435109             , -3.26279688             , 32.9659386              , 12.5721874              ,            14.84233     , 2.23013926
 1449, 14.699989, -3.37083721             , -3.33371544             , -3.31266141             , -3.23731112             , 29.0909061              , 13.1113024              ,            14.8263512   , 2.37999392
 1450, 14.710009, -3.36141801             , -3.37970138             , -3.30324244             , -3.24451375             , 20.9815617              , 17.766552               ,            14.8668308   , 2.53358221