Index,Time,(odometrySubsystem).z[0],(odometrySubsystem).z[1],(odometrySubsystem).z[2],(odometrySubsystem).z[3],(odometrySubsystem).z[4],(odometrySubsystem).z[5],(odometrySubsystem).z[6],(odometrySubsystem).z[7],((((((aruwsrc::standard::DriversSingleton::drivers).mpu6500).imuData).accG).coordinates_).data)._M_elems[0],((((((aruwsrc::standard::DriversSingleton::drivers).mpu6500).imuData).accG).coordinates_).data)._M_elems[1],((((((aruwsrc::standard::DriversSingleton::drivers).mpu6500).imuData).accG).coordinates_).data)._M_elems[2],((((((aruwsrc::standard::DriversSingleton::drivers).mpu6500).imuData).gyroRadPerSec).coordinates_).data)._M_elems[0],((((((aruwsrc::standard::DriversSingleton::drivers).mpu6500).imuData).gyroRadPerSec).coordinates_).data)._M_elems[1],((((((aruwsrc::standard::DriversSingleton::drivers).mpu6500).imuData).gyroRadPerSec).coordinates_).data)._M_elems[2],(odometrySubsystem).chassisYaw,(odometrySubsystem).yawOffset,(odometrySubsystem).yawOffsetInitialized
0,0.000000,0,0,0,0,0.0397070572,-0.0839121044,0.00135128724,-0.240000248,-0.0720685273,-0.0585151166,9.75517082,0.00211774674,0.00370019581,0.00241655181,-0.240616798,-0.000254631042,1
1,0.009976,0,0,0,0,0.0344358496,-0.0752250776,0.000286022841,-0.240000248,-0.0648834705,-0.0513300598,9.79349136,0.00211774674,0.000504402502,0.000286022841,-0.240616798,-0.000254631042,1
2,0.019995,0,0,0,0,-0.0440863855,-0.0535466447,-0.000779241615,-0.239903927,-0.0624884479,0.0301006082,9.78151608,0.00211774674,-0.00162612647,-0.000779241615,-0.240616798,-0.000254631042,1
3,0.030000,0,0,0,0,0.0369198583,-0.10541521,0.000286022841,-0.239903927,-0.0936237052,-0.0609101392,9.73601055,-1.27822468e-05,-0.00482191984,0.000286022841,-0.240616798,-0.000254631042,1
4,0.039974,0,0,0,0,0.0449782684,-0.0925991312,-0.00290977047,-0.240000248,-0.0792535841,-0.0657001734,9.7312212,0.00105248217,0.00263493136,-0.00290977047,-0.240616798,-0.000254631042,1
5,0.050002,0,0,0,0,0.0488650687,-0.0565649234,-0.000779241615,-0.240000248,-0.0433282889,-0.0609101392,9.76714611,0.00105248217,-0.000560861954,-0.000779241615,-0.240616798,-0.000254631042,1
6,0.059977,0,0,0,0,-0.0248129293,-0.0755200386,0.00241655181,-0.240000248,-0.0792535841,0.00615041237,9.72164059,-1.27822468e-05,-0.00269139092,0.00241655181,-0.240616798,-0.000254631042,1
7,0.070000,0,0,0,0,-0.0340200998,-0.092992425,0.000286022841,-0.240000248,-0.0984137431,0.0109404512,9.69769096,0.00105248217,-0.00162612647,0.000286022841,-0.240616798,-0.000254631042,1
8,0.079975,0,0,0,0,0.00505726365,-0.124746539,0.000286022841,-0.240000248,-0.119968921,-0.0345649198,9.80786133,0.00211774674,-0.000560861954,0.000286022841,-0.240616798,-0.000254631042,1
9,0.089994,0,0,0,0,0.0113195963,-0.0991564319,0.00135128724,-0.240000248,-0.0936237052,-0.0345649198,9.7791214,0.00105248217,0.00263493136,0.00135128724,-0.240616798,-0.000254631042,1
10,0.099981,0,0,0,0,0.000165862933,-0.0742339343,-0.00184450613,-0.239903927,-0.0720685273,-0.0177997835,9.80307102,-1.27822468e-05,-0.00162612647,-0.00184450613,-0.240616798,-0.000254631042,1
11,0.109994,0,0,0,0,0.0194373261,-0.0962115899,-0.000779241615,-0.240000248,-0.0888336599,-0.0417499803,9.74319553,-1.27822468e-05,-0.00269139092,-0.000779241615,-0.240616798,-0.000254631042,1
12,0.119980,0,0,0,0,0.0478739478,-0.0908420607,-0.00184450613,-0.240000248,-0.0768585652,-0.0680951998,9.77193642,0.00105248217,0.0015696669,-0.00184450613,-0.240616798,-0.000254631042,1
13,0.130004,0,0,0,0,0.0340631939,-0.117050633,0.000286022841,-0.240000248,-0.1055988,-0.0609101392,9.79828167,0.00105248217,0.000504402502,0.000286022841,-0.240616798,-0.000254631042,1
14,0.140054,0,0,0,0,0.0114293778,-0.118904918,-0.000779241615,-0.239903927,-0.112783857,-0.0393549614,9.68092537,-1.27822468e-05,-0.000560861954,-0.000779241615,-0.240616798,-0.000254631042,1
15,0.149982,0,0,0,0,0.0222346783,-0.0747049302,0.000286022841,-0.240000248,-0.0672784895,-0.0393549614,9.76954079,-0.00214331108,0.000504402502,0.000286022841,-0.240616798,-0.000254631042,1
16,0.159978,0,0,0,0,0.0357711017,-0.11007151,0.000286022841,-0.240000248,-0.0984137431,-0.0609101392,9.74319553,-0.00107804674,0.00476546027,0.000286022841,-0.240616798,-0.000254631042,1
17,0.170000,0,0,0,0,0.0656698272,-0.0483488739,-0.000779241615,-0.240000248,-0.0313531905,-0.0752802566,9.81983662,0.00105248217,-0.000560861954,-0.000779241615,-0.240616798,-0.000254631042,1
18,0.180001,0,0,0,0,0.00677652005,-0.11776676,-0.00290977047,-0.239903927,-0.112783857,-0.0345649198,9.72643089,-0.00107804674,0.000504402502,-0.00290977047,-0.240616798,-0.000254631042,1
19,0.189974,0,0,0,0,0.0147436233,-0.0851967707,0.000286022841,-0.239903927,-0.0792535841,-0.0345649198,9.68092537,0.00105248217,-0.000560861954,0.000286022841,-0.240616798,-0.000254631042,1
20,0.200000,0,0,0,0,0.0542837679,-0.0948763415,0.000286022841,-0.240000248,-0.0792535841,-0.0752802566,9.76475143,0.00105248217,-0.000560861954,0.000286022841,-0.240616798,-0.000254631042,1
21,0.209974,0,0,0,0,-0.0125625981,-0.0859149769,-0.000779241615,-0.240000248,-0.086438641,-0.00821970589,9.80307102,0.00105248217,0.00263493136,-0.000779241615,-0.240616798,-0.000254631042,1
22,0.219999,0,0,0,0,-0.0212987885,-0.0813113898,-0.000779241615,-0.240000248,-0.084043622,0.00136037311,9.72403622,0.00211774674,0.000504402502,-0.000779241615,-0.240616798,-0.000254631042,1
23,0.229975,0,0,0,0,-0.00135255058,-0.120712258,0.000286022841,-0.240000248,-0.117573902,-0.027379863,9.7312212,-1.27822468e-05,-0.000560861954,0.000286022841,-0.240616798,-0.000254631042,1
24,0.239997,0,0,0,0,0.0153538827,-0.0927466154,-0.000779241615,-0.240000248,-0.086438641,-0.0369599424,9.7312212,-0.00107804674,-0.00162612647,-0.000779241615,-0.240616798,-0.000254631042,1
25,0.249974,0,0,0,0,-0.00899929646,-0.101581126,0.00135128724,-0.240000248,-0.100808762,-0.0154047646,9.79109669,0.00105248217,0.0015696669,0.00135128724,-0.240616798,-0.000254631042,1
26,0.259981,0,0,0,0,0.0078054592,-0.0933650732,0.00135128724,-0.240000248,-0.0888336599,-0.0297748819,9.70727062,0.00105248217,0.0015696669,0.00135128724,-0.240616798,-0.000254631042,1
27,0.269977,0,0,0,0,0.0202524383,-0.143259197,0.000286022841,-0.240000248,-0.134339035,-0.0537250787,9.73840618,0.00211774674,0.000504402502,0.000286022841,-0.240616798,-0.000254631042,1
28,0.279973,0,0,0,0,0.00599922566,-0.0805946067,-0.000779241615,-0.240000248,-0.0768585652,-0.0249848422,9.81265163,-0.00214331108,0.000504402502,-0.000779241615,-0.240616798,-0.000254631042,1
29,0.289982,0,0,0,0,0.0217730198,-0.0967787951,0.000286022841,-0.239903927,-0.0888336599,-0.0441449992,9.78151608,-1.27822468e-05,-0.00162612647,0.000286022841,-0.240616798,-0.000254631042,1
30,0.299979,0,0,0,0,-0.0304964446,-0.0987867117,-0.00184450613,-0.239903927,-0.103203781,0.00615041237,9.74559116,0.00105248217,-0.00269139092,-0.00184450613,-0.240616798,-0.000254631042,1
31,0.309976,0,0,0,0,0.0126056895,-0.124128081,-0.000779241615,-0.240000248,-0.117573902,-0.0417499803,9.79588604,0.00105248217,0.000504402502,-0.000779241615,-0.240616798,-0.000254631042,1
32,0.319983,0,0,0,0,-0.0228592139,-0.117914908,0.000286022841,-0.240000248,-0.119968921,-0.00582468603,9.80307102,0.00105248217,0.000504402502,0.000286022841,-0.240616798,-0.000254631042,1
33,0.329981,0,0,0,0,0.00599922566,-0.0805946067,-0.000779241615,-0.240000248,-0.0768585652,-0.0249848422,9.73361588,-1.27822468e-05,-0.00269139092,-0.000779241615,-0.240616798,-0.000254631042,1
34,0.349995,0,0,0,0,-0.0277086068,-0.094229348,0.00135128724,-0.240000248,-0.103203781,0.0253105685,9.7144556,0.00105248217,-0.000560861954,0.00135128724,-0.240616798,-0.000254631042,1
35,0.359997,0,0,0,0,0.0304015689,-0.081634894,-0.00184450613,-0.240000248,-0.0433282889,-0.0130097447,9.77193642,-1.27822468e-05,-0.000560861954,-0.00184450613,-0.240616798,-0.000254631042,1
36,0.369983,0,0,0,0,0.0228531435,-0.0822533518,0.00135128724,-0.240000248,-0.0792535841,-0.0704902187,9.81025696,-0.00107804674,-0.00269139092,0.000286022841,-0.240616798,-0.000254631042,1
37,0.380002,0,0,0,0,0.0300289076,-0.123460442,0.000286022841,-0.240000248,-0.0648834705,-0.0249848422,9.67853069,0.00105248217,0.0015696669,-0.00184450613,-0.240616798,-0.000254631042,1
38,0.389977,0,0,0,0,-0.0409500599,-0.101159312,0.000286022841,-0.240000248,-0.107993819,-0.0465400182,9.77193642,0.00105248217,-0.00162612647,0.000286022841,-0.240616798,-0.000254631042,1
39,0.400002,0,0,0,0,0.0269857515,-0.0955931246,-0.00184450613,-0.240000248,-0.084043622,-0.0225898232,9.75517082,0.00211774674,0.000504402502,0.000286022841,-0.240616798,-0.000254631042,1
40,0.409977,0,0,0,0,0.0162466783,-0.0387198851,0.000286022841,-0.240000248,-0.0337482132,-0.0225898232,9.77433109,-1.27822468e-05,0.000504402502,0.00241655181,-0.240616798,-0.000254631042,1
41,0.420003,0,0,0,0,0.00656852825,-0.07826823,0.00135128724,-0.240000248,-0.0696735084,-0.0297748819,9.77672672,-1.27822468e-05,-0.000560861954,0.00241655181,-0.240616798,-0.000254631042,1
42,0.430009,0,0,0,0,0.0175819285,-0.073566325,0.00135128724,-0.240000248,-0.0672784895,-0.0345649198,9.7791214,0.00105248217,0.0015696669,0.00241655181,-0.240616798,-0.000254631042,1
43,0.440003,0,0,0,0,0.0162958428,-0.0485946797,0.00135128724,-0.240000248,-0.0433282889,-0.027379863,9.75038147,-0.00107804674,-0.000560861954,0.00348181627,-0.240616798,-0.000254631042,1
44,0.449995,0,0,0,0,-0.0106580444,-0.118435048,0.00135128724,-0.240000248,-0.117573902,-0.0177997835,9.79109669,-0.00107804674,0.000504402502,0.00241655181,-0.240616798,-0.000254631042,1
45,0.459979,0,0,0,0,-0.0175256934,-0.136478409,-0.00290977047,-0.239903927,-0.136734053,-0.0154047646,9.75517082,0.00105248217,-0.000560861954,-0.00290977047,-0.240616798,-0.000254631042,1
46,0.470046,0,0,0,0,0.0376264937,-0.13271679,-0.00184450613,-0.240000248,-0.119968921,-0.0680951998,9.73361588,0.00211774674,0.000504402502,-0.00184450613,-0.240616798,-0.000254631042,1
47,0.479973,0,0,0,0,0.0309708714,-0.0793085173,-0.00184450613,-0.240000248,-0.0696735084,-0.0489350408,9.81744194,-1.27822468e-05,-0.000560861954,-0.00184450613,-0.240616798,-0.000254631042,1
48,0.489996,0,0,0,0,-0.0317849405,-0.0738151968,-0.00184450613,-0.239903927,-0.0792535841,0.013335471,9.75038147,-0.00107804674,-0.000560861954,-0.00184450613,-0.240616798,-0.000254631042,1
49,0.499973,0,0,0,0,0.00326182158,-0.111975752,0.000286022841,-0.239903927,-0.107993819,-0.0297748819,9.73601055,0.00211774674,-0.00375665538,0.000286022841,-0.240616798,-0.000254631042,1
50,0.509981,0,0,0,0,0.0424060933,-0.0426558442,0.000286022841,-0.240000248,-0.0313531905,-0.0513300598,9.75996113,0.00211774674,0.00263493136,0.000286022841,-0.240616798,-0.000254631042,1
51,0.520000,0,0,0,0,-0.0306042824,-0.0790341794,0.000286022841,-0.240000248,-0.084043622,0.0109404512,9.78391171,0.00211774674,-0.00269139092,0.000286022841,-0.240616798,-0.000254631042,1
52,0.529975,0,0,0,0,-0.00112263404,-0.0492624156,-0.00184450613,-0.239903927,-0.0481183305,-0.0106147248,9.79828167,-1.27822468e-05,-0.00375665538,-0.00184450613,-0.240616798,-0.000254631042,1
53,0.540002,0,0,0,0,-0.0163875371,-0.131825566,0.000286022841,-0.239903927,-0.131944016,-0.0154047646,9.74080086,0.00211774674,0.000504402502,0.000286022841,-0.240616798,-0.000254631042,1
54,0.549976,0,0,0,0,0.0305096563,-0.101381548,-0.000779241615,-0.239903927,-0.0912286863,-0.0537250787,9.73840618,-1.27822468e-05,0.0015696669,-0.000779241615,-0.240616798,-0.000254631042,1
55,0.560001,0,0,0,0,0.033866547,-0.0775514469,0.000286022841,-0.240000248,-0.0672784895,-0.0513300598,9.7623558,-0.00107804674,0.000504402502,0.000286022841,-0.240616798,-0.000254631042,1
56,0.569976,0,0,0,0,0.0163941644,-0.0683442727,-0.000779241615,-0.240000248,-0.0624884479,-0.0321699008,9.79828167,0.0031830112,0.00263493136,-0.000779241615,-0.240616798,-0.000254631042,1
57,0.579999,0,0,0,0,0.00140424666,-0.0893306583,0.000286022841,-0.239903927,-0.086438641,-0.0225898232,9.74559116,0.00105248217,0.000504402502,0.000286022841,-0.240616798,-0.000254631042,1
58,0.590037,0,0,0,0,-0.0119351326,-0.0934645534,0.00135128724,-0.239903927,-0.0936237052,-0.0106147248,9.75517082,0.00211774674,-0.000560861954,0.00135128724,-0.240616798,-0.000254631042,1
59,0.599984,0,0,0,0,0.0683403239,-0.118041754,-0.00184450613,-0.240000248,-0.0984137431,-0.0944404155,9.78870106,-1.27822468e-05,-0.00269139092,-0.00184450613,-0.240616798,-0.000254631042,1
60,0.609998,0,0,0,0,0.0391377546,-0.0862384737,-0.00184450613,-0.240000248,-0.0744635463,-0.0585151166,9.80307102,0.00211774674,0.000504402502,-0.00184450613,-0.240616798,-0.000254631042,1
61,0.619983,0,0,0,0,-0.00242896727,-0.135240033,-0.00184450613,-0.239903927,-0.131944016,-0.0297748819,9.70248032,0.00211774674,-0.000560861954,-0.00184450613,-0.240616798,-0.000254631042,1
62,0.629995,0,0,0,0,-0.0127046611,-0.0562918112,0.000286022841,-0.239903927,-0.0576984063,-0.00103464653,9.73840618,0.00105248217,0.0015696669,0.000286022841,-0.240616798,-0.000254631042,1
63,0.639983,0,0,0,0,0.0508283153,-0.0989548862,0.000286022841,-0.239903927,-0.084043622,-0.0728852376,9.68571568,0.00105248217,0.0015696669,0.000286022841,-0.240616798,-0.000254631042,1
64,0.649996,0,0,0,0,0.0298814271,-0.0938360542,0.000286022841,-0.240000248,-0.084043622,-0.0513300598,9.78630638,-0.00107804674,0.00263493136,0.000286022841,-0.240616798,-0.000254631042,1
65,0.659982,0,0,0,0,-0.0414701998,-0.113360479,-0.00184450613,-0.240000248,-0.119968921,0.013335471,9.76714611,-0.00214331108,0.000504402502,-0.00184450613,-0.240616798,-0.000254631042,1
66,0.670000,0,0,0,0,-0.00164159958,-0.0614636354,0.000286022841,-0.239903927,-0.0600934289,-0.0130097447,9.8318119,0.00211774674,-0.00269139092,0.000286022841,-0.240616798,-0.000254631042,1
67,0.680005,0,0,0,0,0.0408456624,-0.0792593583,-0.000779241615,-0.240000248,-0.0672784895,-0.0585151166,9.75277615,0.00211774674,-0.000560861954,-0.000779241615,-0.240616798,-0.000254631042,1
68,0.689979,0,0,0,0,0.0530959964,-0.0896542892,0.00348181627,-0.240000248,-0.0744635463,-0.0728852376,9.71685123,-0.00107804674,0.000504402502,0.00348181627,-0.240616798,-0.000254631042,1
69,0.700000,0,0,0,0,0.0106519731,-0.0817332119,0.00135128724,-0.240000248,-0.0768585652,-0.0297748819,9.65697575,-1.27822468e-05,-0.000560861954,0.00135128724,-0.240616798,-0.000254631042,1
70,0.709975,0,0,0,0,0.0176892448,-0.0933142081,0.000286022841,-0.239903927,-0.086438641,-0.0393549614,9.74080086,-1.27822468e-05,0.00476546027,0.000286022841,-0.240616798,-0.000254631042,1
71,0.720004,0,0,0,0,-0.00676330877,-0.0824014917,0.00241655181,-0.239903927,-0.0816486031,-0.0130097447,9.79828167,0.0031830112,-0.000560861954,0.00241655181,-0.240616798,-0.000254631042,1
72,0.729979,0,0,0,0,0.0206250921,-0.101433642,0.000286022841,-0.240000248,-0.0936237052,-0.0441449992,9.75756645,0.00211774674,-0.000560861954,0.000286022841,-0.240616798,-0.000254631042,1
73,0.739996,0,0,0,0,-0.0143688312,-0.0731445104,-0.000779241615,-0.240000248,-0.0744635463,-0.00342966616,9.79588604,-0.00107804674,0.000504402502,-0.000779241615,-0.240616798,-0.000254631042,1
74,0.749982,0,0,0,0,0.0466861762,-0.0856200084,-0.000779241615,-0.240000248,-0.0720685273,-0.0657001734,9.78870106,0.00105248217,0.0015696669,-0.000779241615,-0.240616798,-0.000254631042,1
75,0.760004,0,0,0,0,-0.0166952051,-0.0725752041,0.00241655181,-0.240000248,-0.0744635463,-0.00103464653,9.72403622,0.00211774674,-0.00162612647,0.00241655181,-0.240616798,-0.000254631042,1
76,0.770000,0,0,0,0,0.0332480818,-0.0700030252,0.00135128724,-0.240000248,-0.0600934289,-0.0489350408,9.73840618,-1.27822468e-05,0.0015696669,0.00135128724,-0.240616798,-0.000254631042,1
77,0.779974,0,0,0,0,-0.0133285485,-0.0487421677,0.00241655181,-0.240000248,-0.0505133495,0.00136037311,9.77433109,0.0031830112,0.000504402502,0.00241655181,-0.240616798,-0.000254631042,1
78,0.789983,0,0,0,0,0.0154030435,-0.102621414,0.00135128724,-0.240000248,-0.0960187241,-0.0393549614,9.73361588,0.00105248217,-0.00162612647,0.00135128724,-0.240616798,-0.000254631042,1
79,0.799981,0,0,0,0,0.00880227145,-0.0590870939,0.000286022841,-0.239903927,-0.0553033873,-0.0225898232,9.68571568,0.00211774674,0.000504402502,0.000286022841,-0.240616798,-0.000254631042,1
80,0.809978,0,0,0,0,0.0268446207,-0.0659661517,0.000286022841,-0.239903927,-0.04093327,-0.0321699008,9.72882557,-1.27822468e-05,0.000504402502,0.000286022841,-0.240616798,-0.000254631042,1
81,0.819975,0,0,0,0,-0.0119932946,-0.0835886076,0.000286022841,-0.240000248,-0.0768585652,0.013335471,9.78870106,-0.00214331108,-0.00162612647,-0.00290977047,-0.240616798,-0.000254631042,1
82,0.829983,0,0,0,0,0.00533160148,-0.0631713867,0.00135128724,-0.240000248,-0.0505133495,-0.0297748819,9.7312212,-0.00107804674,-0.000560861954,-0.000779241615,-0.240616798,-0.000254631042,1
83,0.839979,0,0,0,0,0.0326296166,-0.0624545962,0.000286022841,-0.240000248,-0.0888336599,-0.0393549614,9.81983662,-1.27822468e-05,0.000504402502,0.000286022841,-0.240616798,-0.000254631042,1
84,0.849975,0,0,0,0,0.027133232,-0.125217512,-0.000779241615,-0.240000248,-0.0936237052,-0.0393549614,9.75038147,-0.00214331108,-0.00269139092,0.000286022841,-0.240616798,-0.000254631042,1
85,0.859983,0,0,0,0,-0.0132236276,-0.0684930384,0.00241655181,-0.239903927,-0.12236394,-0.0369599424,9.81265163,0.00211774674,0.000504402502,0.00135128724,-0.240616798,-0.000254631042,1
86,0.880000,0,0,0,0,0.0280751921,-0.0810655877,0.00241655181,-0.240000248,-0.0720685273,-0.0465400182,9.73840618,-0.00107804674,0.0015696669,0.00135128724,-0.240616798,-0.000254631042,1
87,0.889998,0,0,0,0,0.0361929201,-0.0781207532,0.000286022841,-0.240000248,-0.0672784895,-0.0537250787,9.74319553,0.00211774674,0.000504402502,0.00135128724,-0.240616798,-0.000254631042,1
88,0.899984,0,0,0,0,-0.0315954052,-0.113311321,-0.000779241615,-0.240000248,-0.117573902,0.00375539274,9.73601055,-0.00214331108,-0.00162612647,0.000286022841,-0.240616798,-0.000254631042,1
89,0.909998,0,0,0,0,0.0192406792,-0.0567124076,0.000286022841,-0.240000248,-0.0505133495,-0.0321699008,9.81265163,0.00211774674,0.000504402502,0.000286022841,-0.240616798,-0.000254631042,1
90,0.919983,0,0,0,0,0.0223330017,-0.0944545195,-0.00184450613,-0.240000248,-0.086438641,-0.0441449992,9.69529533,0.00105248217,-0.00162612647,-0.00184450613,-0.240616798,-0.000254631042,1
91,0.929999,0,0,0,0,-0.00862663984,-0.0597555712,0.000286022841,-0.240000248,-0.0600934289,-0.00582468603,9.7096653,-1.27822468e-05,0.000504402502,0.000286022841,-0.240616798,-0.000254631042,1
92,0.939974,0,0,0,0,0.00713783083,-0.0759418607,0.00135128724,-0.240000248,-0.0720685273,-0.0249848422,9.75517082,0.0031830112,0.000504402502,0.00135128724,-0.240616798,-0.000254631042,1
93,0.949994,0,0,0,0,0.0467845052,-0.105369605,0.000286022841,-0.240000248,-0.0912286863,-0.0704902187,9.78630638,0.00105248217,-0.00162612647,0.000286022841,-0.240616798,-0.000254631042,1
94,0.959995,0,0,0,0,0.00552824652,-0.102670573,0.000286022841,-0.240000248,-0.0984137431,-0.0297748819,9.81504631,-0.00107804674,0.000504402502,0.000286022841,-0.240616798,-0.000254631042,1
95,0.970002,0,0,0,0,0.0130275059,-0.0921773091,0.000286022841,-0.240000248,-0.086438641,-0.0345649198,9.81504631,0.00105248217,0.000504402502,0.000286022841,-0.240616798,-0.000254631042,1
96,0.979976,0,0,0,0,0.0293121245,-0.0961624309,-0.00184450613,-0.240000248,-0.086438641,-0.0513300598,9.77672672,0.00211774674,0.0015696669,-0.00184450613,-0.240616798,-0.000254631042,1
97,0.989997,0,0,0,0,0.00847308245,-0.110788301,-0.00184450613,-0.240000248,-0.1055988,-0.0345649198,9.73601055,0.00105248217,0.0015696669,-0.00184450613,-0.240616798,-0.000254631042,1
98,0.999982,0,0,0,0,0.00894406531,-0.0887123272,0.00135128724,-0.240000248,-0.084043622,-0.0297748819,9.8318119,0.00105248217,0.0015696669,0.00135128724,-0.240616798,-0.000254631042,1
99,1.009998,0,0,0,0,0.00124815747,-0.0597064048,0.00241655181,-0.240000248,-0.0576984063,-0.0154047646,9.79349136,0.00211774674,0.0015696669,0.00241655181,-0.240616798,-0.000254631042,1
100,1.020001,0,0,0,0,0.0303524043,-0.0717600957,0.000286022841,-0.240000248,-0.0624884479,-0.0465400182,9.79588604,-1.27822468e-05,-0.00269139092,0.000286022841,-0.240616798,-0.000254631042,1
101,1.029975,0,0,0,0,0.0543329269,-0.104751132,0.00135128724,-0.240000248,-0.0888336599,-0.0776752755,9.75996113,-1.27822468e-05,-0.00162612647,0.00135128724,-0.240616798,-0.000254631042,1
102,1.039973,0,0,0,0,-0.0065746014,-0.121900029,0.00135128724,-0.240000248,-0.119968921,-0.0225898232,9.77672672,0.00105248217,0.0015696669,0.00135128724,-0.240616798,-0.000254631042,1
103,1.049982,0,0,0,0,0.0489633866,-0.0763145164,-0.000779241615,-0.240000248,-0.0624884479,-0.0657001734,9.80307102,0.00105248217,0.0015696669,-0.000779241615,-0.240616798,-0.000254631042,1
104,1.060000,0,0,0,0,-0.00885181222,-0.131205514,0.00135128724,-0.240000248,-0.129548997,-0.0225898232,9.77193642,0.00211774674,-0.000560861954,0.00135128724,-0.240616798,-0.000254631042,1
105,1.069974,0,0,0,0,0.0363404043,-0.107745141,0.00135128724,-0.240000248,-0.0960187241,-0.0609101392,9.78391171,0.00105248217,0.0015696669,0.00135128724,-0.240616798,-0.000254631042,1
106,1.080003,0,0,0,0,0.0386667736,-0.10831444,0.00135128724,-0.240000248,-0.0960187241,-0.0633051544,9.72643089,0.0031830112,-0.000560861954,0.00135128724,-0.240616798,-0.000254631042,1
107,1.089977,0,0,0,0,0.0351034738,-0.0926482901,0.000286022841,-0.240000248,-0.0816486031,-0.0561200976,9.84139156,-0.00107804674,0.000504402502,0.000286022841,-0.240616798,-0.000254631042,1
108,1.099995,0,0,0,0,-0.0113748321,-0.0911370292,-0.000779241615,-0.240000248,-0.0912286863,-0.0106147248,9.80307102,-1.27822468e-05,0.0015696669,-0.000779241615,-0.240616798,-0.000254631042,1
109,1.109982,0,0,0,0,0.0310200341,-0.0891833156,0.000286022841,-0.240000248,-0.0792535841,-0.0513300598,9.80786133,0.00105248217,0.000504402502,0.000286022841,-0.240616798,-0.000254631042,1
110,1.120000,0,0,0,0,-0.00491585117,-0.105046108,0.00135128724,-0.240000248,-0.103203781,-0.0201948043,9.69769096,0.00105248217,0.0015696669,0.00135128724,-0.240616798,-0.000254631042,1
111,1.129975,0,0,0,0,0.0461168736,-0.0879463851,-0.00184450613,-0.240000248,-0.0744635463,-0.0657001734,9.74559116,0.00105248217,-0.00269139092,-0.00184450613,-0.240616798,-0.000254631042,1
112,1.139995,0,0,0,0,0.03753905,-0.112963572,-0.000779241615,-0.239903927,-0.100808762,-0.0633051544,9.75517082,-1.27822468e-05,0.000504402502,-0.000779241615,-0.240616798,-0.000254631042,1
113,1.150027,0,0,0,0,-0.00639858935,-0.0405752771,0.00135128724,-0.240000248,-0.04093327,-0.00342966616,9.78870106,0.00105248217,-0.000560861954,0.00135128724,-0.240616798,-0.000254631042,1
114,1.159977,0,0,0,0,0.00647020806,-0.0585186407,0.00135128724,-0.240000248,-0.0553033873,-0.0201948043,9.80307102,-1.27822468e-05,-0.000560861954,0.00135128724,-0.240616798,-0.000254631042,1
115,1.169997,0,0,0,0,0.0274136998,-0.0636397228,0.00241655181,-0.239903927,-0.0553033873,-0.0417499803,9.76714611,-1.27822468e-05,0.000504402502,0.00241655181,-0.240616798,-0.000254631042,1
116,1.179983,0,0,0,0,-0.00630026637,-0.0603248738,0.000286022841,-0.240000248,-0.0600934289,-0.00821970589,9.7144556,-1.27822468e-05,0.000504402502,0.000286022841,-0.240616798,-0.000254631042,1
117,1.190004,0,0,0,0,0.0915057361,-0.10398519,-0.000779241615,-0.240000248,-0.0792535841,-0.113600567,9.80786133,-0.00107804674,-0.000560861954,-0.000779241615,-0.240616798,-0.000254631042,1
118,1.199978,0,0,0,0,0.0240994487,-0.0973478779,0.000286022841,-0.239903927,-0.0888336599,-0.0465400182,9.82941628,0.00211774674,-0.000560861954,0.000286022841,-0.240616798,-0.000254631042,1
119,1.209998,0,0,0,0,0.0530959964,-0.0896542892,0.000286022841,-0.240000248,-0.0744635463,-0.0728852376,9.78151608,-0.00107804674,-0.000560861954,0.000286022841,-0.240616798,-0.000254631042,1
120,1.219984,0,0,0,0,0.0340140276,-0.107175834,-0.000779241615,-0.240000248,-0.0960187241,-0.0585151166,9.70487595,-1.27822468e-05,-0.000560861954,-0.000779241615,-0.240616798,-0.000254631042,1
121,1.230000,0,0,0,0,-0.00325710466,-0.0881921872,0.00135128724,-0.240000248,-0.086438641,-0.0177997835,9.75517082,0.00105248217,0.00263493136,0.00135128724,-0.240616798,-0.000254631042,1
122,1.239974,0,0,0,0,1.12280568e-05,-0.0446095616,0.000286022841,-0.240000248,-0.0433282889,-0.0106147248,9.76475143,-1.27822468e-05,0.000504402502,0.000286022841,-0.240616798,-0.000254631042,1
123,1.249996,0,0,0,0,-0.011894973,-0.103338197,-0.000779241615,-0.240000248,-0.103203781,-0.0130097447,9.75756645,-1.27822468e-05,-0.00375665538,-0.000779241615,-0.240616798,-0.000254631042,1
124,1.259982,0,0,0,0,-0.00719306245,-0.1143516,-0.00184450613,-0.240000248,-0.0672784895,-0.0130097447,9.80786133,0.00211774674,0.000504402502,-0.00184450613,-0.240616798,-0.000254631042,1
125,1.270005,0,0,0,0,0.0281243566,-0.0909403786,0.00135128724,-0.240000248,-0.0553033873,0.013335471,9.7791214,0.00105248217,0.0015696669,0.00135128724,-0.240616798,-0.000254631042,1
126,1.280000,0,0,0,0,0.0200156737,-0.0938832909,0.000286022841,-0.239903927,-0.0624884479,-0.0106147248,9.75996113,-1.27822468e-05,-0.000560861954,-0.000779241615,-0.240616798,-0.000254631042,1
127,1.289973,0,0,0,0,0.0292137973,-0.0764128417,0.00241655181,-0.240000248,-0.107993819,-0.0201948043,9.75996113,0.00105248217,0.0015696669,0.000286022841,-0.240616798,-0.000254631042,1
128,1.299998,0,0,0,0,-0.0125134373,-0.0957897753,-0.00397503516,-0.240000248,-0.1055988,-0.0704902187,9.75038147,-0.00107804674,-0.00162612647,-0.00184450613,-0.240616798,-0.000254631042,1
129,1.309973,0,0,0,0,0.0584163666,-0.108216122,-0.000779241615,-0.240000248,-0.086438641,-0.0393549614,9.78151608,-1.27822468e-05,0.000504402502,-0.000779241615,-0.240616798,-0.000254631042,1
130,1.319981,0,0,0,0,-0.0263241921,-0.121998347,0.000286022841,-0.240000248,-0.124758959,-0.00821970589,9.80307102,-0.00107804674,0.0015696669,0.00135128724,-0.240616798,-0.000254631042,1
131,1.329977,0,0,0,0,0.00538779749,-0.0730456635,0.00135128724,-0.239903927,-0.0696735084,-0.0225898232,9.79828167,-1.27822468e-05,-0.000560861954,0.00241655181,-0.240616798,-0.000254631042,1
132,1.339975,0,0,0,0,0.0193881653,-0.086336799,-0.000779241615,-0.240000248,-0.0792535841,-0.0393549614,9.76475143,0.0031830112,-0.00162612647,0.000286022841,-0.240616798,-0.000254631042,1
133,1.349983,0,0,0,0,0.0478247814,-0.0809672624,0.00135128724,-0.240000248,-0.0672784895,-0.0657001734,9.7096653,0.00211774674,0.000504402502,0.00135128724,-0.240616798,-0.000254631042,1
134,1.359980,0,0,0,0,0.0112289246,-0.0794057548,0.000286022841,-0.239903927,-0.0744635463,-0.0297748819,9.75996113,-0.00107804674,0.000504402502,0.000286022841,-0.240616798,-0.000254631042,1
135,1.369977,0,0,0,0,0.0152625879,-0.0729955509,-0.000779241615,-0.239903927,-0.0672784895,-0.0321699008,9.78151608,-0.00214331108,0.000504402502,-0.000779241615,-0.240616798,-0.000254631042,1
136,1.379973,0,0,0,0,0.0449782684,-0.0925991312,0.000286022841,-0.240000248,-0.0792535841,-0.0657001734,9.70487595,0.00105248217,0.000504402502,0.000286022841,-0.240616798,-0.000254631042,1
137,1.389982,0,0,0,0,-0.0155500565,-0.0679239556,0.000286022841,-0.239903927,-0.0696735084,-0.00103464653,9.81025696,0.00211774674,-0.000560861954,0.000286022841,-0.240616798,-0.000254631042,1
138,1.400000,0,0,0,0,0.0252778418,-0.102572255,0.000286022841,-0.240000248,-0.0936237052,-0.0489350408,9.71206093,-1.27822468e-05,0.0015696669,0.000286022841,-0.240616798,-0.000254631042,1
139,1.409976,0,0,0,0,-0.0156057598,-0.0580476597,0.00135128724,-0.240000248,-0.0600934289,0.00136037311,9.73840618,-1.27822468e-05,0.000504402502,0.00135128724,-0.240616798,-0.000254631042,1
140,1.419994,0,0,0,0,-0.00980915409,-0.0545344613,0.000286022841,-0.239903927,-0.0553033873,-0.00342966616,9.78151608,0.00105248217,-0.00162612647,0.000286022841,-0.240616798,-0.000254631042,1
141,1.429980,0,0,0,0,0.0472635031,-0.0832890868,-0.00290977047,-0.239903927,-0.0696735084,-0.0657001734,9.8270216,0.00211774674,-0.000560861954,-0.00290977047,-0.240616798,-0.000254631042,1
142,1.439994,0,0,0,0,0.0281735174,-0.100815184,0.00135128724,-0.240000248,-0.0912286863,-0.0513300598,9.78391171,-1.27822468e-05,0.000504402502,0.00135128724,-0.240616798,-0.000254631042,1
143,1.449980,0,0,0,0,0.033204712,-0.0601250269,0.00135128724,-0.239903927,-0.0505133495,-0.0465400182,9.81265163,-1.27822468e-05,0.000504402502,0.00135128724,-0.240616798,-0.000254631042,1
144,1.459995,0,0,0,0,0.0025925145,-0.0945525989,0.00135128724,-0.239903927,-0.0912286863,-0.0249848422,9.81025696,0.0031830112,-0.00162612647,0.00135128724,-0.240616798,-0.000254631042,1
145,1.469998,0,0,0,0,0.0200156737,-0.0938832909,0.000286022841,-0.239903927,-0.086438641,-0.0417499803,9.77433109,-1.27822468e-05,0.000504402502,0.000286022841,-0.240616798,-0.000254631042,1
146,1.479983,0,0,0,0,0.0293714982,-0.106034398,-0.000779241615,-0.239903927,-0.0960187241,-0.0537250787,9.78870106,-0.00107804674,-0.00269139092,-0.000779241615,-0.240616798,-0.000254631042,1
147,1.490000,0,0,0,0,-0.00676330877,-0.0824014917,0.00135128724,-0.239903927,-0.0816486031,-0.0130097447,9.77193642,-1.27822468e-05,-0.000560861954,0.00135128724,-0.240616798,-0.000254631042,1
148,1.499974,0,0,0,0,-0.00893939752,-0.111456782,0.000286022841,-0.239903927,-0.110388838,-0.0177997835,9.74319553,-1.27822468e-05,0.0015696669,0.000286022841,-0.240616798,-0.000254631042,1
149,1.510004,0,0,0,0,-0.0400026068,-0.0570112355,-0.000779241615,-0.239903927,-0.0648834705,0.0253105685,9.77193642,0.0031830112,0.0015696669,-0.000779241615,-0.240616798,-0.000254631042,1
150,1.520012,0,0,0,0,-0.0137927067,-0.0708194599,0.000286022841,-0.239903927,-0.0720685273,-0.00342966616,9.77433109,0.00105248217,0.000504402502,0.000286022841,-0.240616798,-0.000254631042,1
151,1.530004,0,0,0,0,0.0311675128,-0.118807696,-0.000779241615,-0.240000248,-0.107993819,-0.0585151166,9.78630638,0.00105248217,0.00263493136,-0.000779241615,-0.240616798,-0.000254631042,1
152,1.540003,0,0,0,0,0.0153538827,-0.0927466154,0.000286022841,-0.240000248,-0.086438641,-0.0369599424,9.72164059,-0.00107804674,0.0015696669,0.000286022841,-0.240616798,-0.000254631042,1
153,1.549977,0,0,0,0,0.0152124772,-0.06312076,0.00135128724,-0.239903927,-0.0576984063,-0.0297748819,9.65697575,-0.00214331108,-0.00269139092,0.00135128724,-0.240616798,-0.000254631042,1
154,1.559974,0,0,0,0,0.0555312857,-0.109967843,0.00348181627,-0.239903927,-0.0936237052,-0.0800702944,9.77672672,-0.00107804674,0.00263493136,0.00348181627,-0.240616798,-0.000254631042,1
155,1.569994,0,0,0,0,0.0530959964,-0.0896542892,0.000286022841,-0.240000248,-0.0744635463,-0.0728852376,9.7791214,-1.27822468e-05,0.000504402502,0.000286022841,-0.240616798,-0.000254631042,1
156,1.579999,0,0,0,0,0.0396578945,-0.074037306,0.00241655181,-0.240000248,-0.0624884479,-0.0561200976,9.75996113,-1.27822468e-05,0.0015696669,0.00241655181,-0.240616798,-0.000254631042,1
157,1.589974,0,0,0,0,0.0358202606,-0.119946308,0.00135128724,-0.240000248,-0.107993819,-0.0633051544,9.75038147,-1.27822468e-05,0.00263493136,0.00135128724,-0.240616798,-0.000254631042,1
158,1.599995,0,0,0,0,-0.0218680911,-0.0836377665,0.00135128724,-0.240000248,-0.086438641,0.00136037311,9.72882557,0.00105248217,-0.000560861954,0.00135128724,-0.240616798,-0.000254631042,1
159,1.609983,0,0,0,0,0.00553813623,-0.102670044,0.00135128724,-0.239903927,-0.0984137431,-0.0297748819,9.77193642,0.00105248217,-0.000560861954,0.00135128724,-0.240616798,-0.000254631042,1
160,1.619997,0,0,0,0,0.0496310219,-0.0937377363,0.00454708049,-0.240000248,-0.0792535841,-0.0704902187,9.81983662,-1.27822468e-05,0.000504402502,0.00454708049,-0.240616798,-0.000254631042,1
161,1.629983,0,0,0,0,0.0350051522,-0.0728987008,0.00241655181,-0.240000248,-0.0624884479,-0.0513300598,9.83660221,-1.27822468e-05,-0.000560861954,0.00241655181,-0.240616798,-0.000254631042,1
162,1.639996,0,0,0,0,0.0204776078,-0.071809262,-0.00184450613,-0.240000248,-0.0648834705,-0.0369599424,9.80786133,0.00105248217,-0.00162612647,-0.00184450613,-0.240616798,-0.000254631042,1
163,1.649983,0,0,0,0,-0.0346303359,-0.0854473412,0.00135128724,-0.239903927,-0.0912286863,0.013335471,9.75038147,0.00211774674,-0.000560861954,0.00135128724,-0.240616798,-0.000254631042,1
164,1.660003,0,0,0,0,0.0373806842,-0.0833427981,-0.000779241615,-0.240000248,-0.0720685273,-0.0561200976,9.78151608,0.00211774674,-0.00375665538,-0.000779241615,-0.240616798,-0.000254631042,1
165,1.669978,0,0,0,0,-0.00776236504,-0.11667797,0.000286022841,-0.240000248,-0.115178876,-0.0201948043,9.81983662,-1.27822468e-05,-0.000560861954,0.000286022841,-0.240616798,-0.000254631042,1
166,1.680003,0,0,0,0,-0.00883917324,-0.131206363,-0.000779241615,-0.239903927,-0.129548997,-0.0225898232,9.73361588,-1.27822468e-05,-0.00162612647,-0.000779241615,-0.240616798,-0.000254631042,1
167,1.689994,0,0,0,0,0.0443679951,-0.0850464329,0.000286022841,-0.239903927,-0.0720685273,-0.0633051544,9.79109669,0.00105248217,-0.00162612647,0.000286022841,-0.240616798,-0.000254631042,1
168,1.699979,0,0,0,0,0.0535233691,-0.0815857276,0.00241655181,-0.240000248,-0.0696735084,-0.0585151166,9.78870106,-0.00107804674,0.00370019581,0.00241655181,-0.240616798,-0.000254631042,1
169,1.709995,0,0,0,0,0.059414614,-0.0739332587,0.000286022841,-0.239903927,-0.0720685273,-0.101625472,9.71924591,0.00211774674,-0.000560861954,0.000286022841,-0.240616798,-0.000254631042,1
170,1.719982,0,0,0,0,0.0316478163,-0.0967286825,0.000286022841,-0.239903927,-0.086438641,-0.00103464653,9.81265163,0.00211774674,-0.00269139092,0.00241655181,-0.240616798,-0.000254631042,1
171,1.729995,0,0,0,0,0.0350121744,-0.0728953257,0.000286022841,-0.239903927,-0.0792535841,-0.00821970589,9.7312212,0.00105248217,-0.00162612647,-0.000779241615,-0.240616798,-0.000254631042,1
172,1.739981,0,0,0,0,0.00348011055,-0.0405257829,-0.000779241615,-0.239903927,-0.0600934289,-0.0201948043,9.73601055,0.00105248217,-0.000560861954,0.000286022841,-0.240616798,-0.000254631042,1
173,1.749994,0,0,0,0,0.00719525991,-0.0858159587,0.000286022841,-0.239903927,-0.0529083684,-0.0441449992,9.75756645,-0.00214331108,-0.00162612647,-0.000779241615,-0.240616798,-0.000254631042,1
174,1.759980,0,0,0,0,0.0356313661,-0.0804436877,-0.000779241615,-0.239903927,-0.0744635463,-0.0417499803,9.78151608,-0.00107804674,0.0015696669,0.000286022841,-0.240616798,-0.000254631042,1
175,1.769994,0,0,0,0,-0.00681342278,-0.0725267008,0.000286022841,-0.239903927,-0.0936237052,-0.0465400182,9.79588604,-0.00107804674,-0.00375665538,-0.00184450613,-0.240616798,-0.000254631042,1
176,1.779980,0,0,0,0,0.0130546344,-0.111935228,0.000286022841,-0.240636349,-0.1055988,-0.0393549614,9.79349136,0.00211774674,0.000504402502,0.00135128724,-0.240616798,-0.000254631042,1
177,1.790005,0,0,0,0,-0.00558347767,-0.0876228884,0.000286022841,-0.240000248,-0.086438641,-0.0154047646,9.79349136,0.0031830112,0.000504402502,0.000286022841,-0.240616798,-0.000254631042,1
178,1.800003,0,0,0,0,0.0381466337,-0.120515607,0.00135128724,-0.240000248,-0.107993819,-0.0657001734,9.7623558,-0.00107804674,0.000504402502,0.000286022841,-0.240616798,-0.000254631042,1
179,1.809977,0,0,0,0,0.00703951064,-0.0561922677,0.00135128724,-0.240000248,-0.0529083684,-0.0201948043,9.75756645,0.00211774674,0.00476546027,0.00135128724,-0.240616798,-0.000254631042,1
180,1.819994,0,0,0,0,0.0171109531,-0.095642291,0.000286022841,-0.240000248,-0.0888336599,-0.0393549614,9.72643089,0.00105248217,-0.00269139092,0.000286022841,-0.240616798,-0.000254631042,1
181,1.829980,0,0,0,0,-0.0123659531,-0.125414163,0.00348181627,-0.240000248,-0.124758959,-0.0177997835,9.79588604,-0.00107804674,-0.000560861954,0.00348181627,-0.240616798,-0.000254631042,1
182,1.839977,0,0,0,0,0.0244639851,-0.0654173717,0.000286022841,-0.24073267,-0.0576984063,-0.0393549614,9.7623558,-1.27822468e-05,0.0015696669,0.000286022841,-0.240616798,-0.000254631042,1
183,1.849974,0,0,0,0,0.0679329783,-0.0589227788,-0.00290977047,-0.241909504,-0.04093327,-0.0800702944,9.72882557,-1.27822468e-05,0.000504402502,-0.00290977047,-0.240616798,-0.000254631042,1
184,1.859982,0,0,0,0,0.13874656,-0.0716636777,-0.00930135697,-0.243200302,-0.0361432321,-0.151920885,9.77672672,-0.00107804674,0.0015696669,-0.00930135697,-0.240677834,-0.000254631042,1
185,1.869979,-0.00221497891,-0.0036916316,-0.0036916316,-0.00516828429,0.102631591,-0.0678031296,-0.0135624148,-0.244578838,-0.04093327,-0.115995586,9.78391171,-0.00107804674,0.0015696669,-0.0135624148,-0.240830421,-0.000254631042,1
186,1.879976,-0.011074895,-0.0081215892,-0.0155048529,-0.00516828429,0.0594593175,-0.121363536,-0.018888738,-0.246299267,-0.103203781,-0.0872553512,9.85815716,0.00105248217,-0.00375665538,-0.018888738,-0.240983009,-0.000254631042,1
187,1.889974,-0.0081215892,-0.0155048529,-0.012551547,-0.0191964842,0.0822852701,-0.129409865,-0.0242150594,-0.244889736,-0.1055988,-0.111205548,9.75038147,-0.00107804674,-0.00588718429,-0.0242150594,-0.241135597,-0.000254631042,1
188,1.899981,-0.0465145558,-0.0494678579,-0.00664493674,-0.0479912087,0.0357776508,-0.127681822,-0.0242150594,-0.245181561,-0.115178876,-0.0657001734,9.68811035,-1.27822468e-05,-0.00269139092,-0.0242150594,-0.241288185,-0.000254631042,1
189,1.909980,-0.0546361469,-0.0295330528,-0.0605427548,-0.0236264411,0.00713389926,-0.162536427,-0.0231497958,-0.246250153,-0.15589422,-0.0465400182,9.79588604,-1.27822468e-05,0.0015696669,-0.0231497958,-0.241562843,-0.000254631042,1
190,1.930002,-0.0081215892,-0.177936628,-0.0989357159,-0.105580665,-0.9693591,0.373915404,-0.018888738,-0.24587965,0.126718104,1.03121877,9.70248032,-1.27822468e-05,0.00476546027,-0.018888738,-0.242142677,-0.000254631042,1
191,1.939977,-0.124038823,-0.0420845971,-0.0664493665,-0.0236264411,-0.607715368,1.20257676,0.0588755682,-0.244090557,1.02006042,0.880332589,9.51087952,-0.0127959559,0.0303318072,0.0588755682,-0.242081642,-0.000254631042,1
192,1.950004,-0.0634960607,-0.145450279,-0.149880245,-0.0760476068,-1.25720072,0.955248237,0.141966194,-0.239555836,0.629672229,1.44795227,8.50257587,-0.0181222782,0.0335276015,0.141966194,-0.24134922,-0.000254631042,1
193,1.959978,-0.170553386,-0.122562163,-0.156525165,-0.114440568,-1.12089443,1.44416344,0.276189506,-0.239242077,1.13741636,1.43118703,9.14923096,-0.0298401862,0.0420497172,0.276189506,-0.239670753,-0.000254631042,1
194,1.970002,-0.149880245,-0.179413289,-0.208946332,-0.156525165,-1.63738358,0.95064652,0.389107555,-0.236217022,0.541056454,1.81439018,10.1072388,-0.0234485995,0.0441802442,0.389107555,-0.236863136,-0.000254631042,1
195,1.979977,-0.276872367,-0.199348107,-0.220021233,-0.20156309,-2.04320598,1.0810523,0.523330867,-0.230097294,0.586561859,2.23591375,9.92042732,-0.0191875417,0.0601592101,0.523330867,-0.233048439,-0.000254631042,1
196,1.990005,-0.165385097,-0.218544587,-0.231834456,-0.220021233,-1.50904286,0.898088992,0.670337379,-0.219330788,0.548241556,1.66829407,9.93479729,-0.00533910468,0.0867908299,0.670337379,-0.227860451,-0.000254631042,1
197,1.999979,-0.301975459,-0.259890854,-0.278349042,-0.210422993,-2.24902964,0.714132369,0.791777492,-0.209960461,0.229703948,2.34847951,9.29053688,-0.0202528071,0.120879292,0.791777492,-0.221360207,-0.000254631042,1
198,2.010001,-0.321910262,-0.252507597,-0.282778949,-0.321910262,-2.43131232,0.777374864,0.952632427,-0.201435566,0.275209308,2.53768611,10.042573,-0.0234485995,0.146445632,0.952632427,-0.213578224,-0.000254631042,1
199,2.020003,-0.194179818,-0.338891774,-0.358826578,-0.363256544,-2.01930094,-0.0567526743,1.08046412,-0.189501762,-0.43611154,1.97246146,11.0915918,-0.0234485995,0.161359325,1.08046412,-0.204361916,-0.000254631042,1
200,2.029979,-0.545623124,-0.357349932,-0.392789602,-0.398696214,-2.61393166,0.755950689,1.22001386,-0.174010754,0.291974455,2.70533752,11.1658373,-0.0564718023,0.138988778,1.22001386,-0.193863869,-0.000254631042,1
201,2.039975,-0.307882071,-0.412724406,-0.422322661,-0.440780818,-2.35615683,1.11763728,1.40750039,-0.160046101,0.727868021,2.50415587,10.1599293,-0.0660591796,0.0761381835,1.40750039,-0.181870461,-0.000254631042,1
202,2.049997,-0.521258295,-0.440780818,-0.483603686,-0.41936934,-1.68387175,-0.458530068,1.53426695,-0.146587372,-0.699563682,1.59883845,8.86422348,-0.106539227,0.0335276015,1.53426695,-0.168198586,-0.000254631042,1
203,2.059982,-0.437827468,-0.502800226,-0.524211705,-0.524211705,-2.45715165,0.300627261,1.64185858,-0.128603458,-0.0169830751,2.47541571,9.92521763,-0.152345598,-0.00908297859,1.64185858,-0.153306007,-0.000254631042,1
204,2.070001,-0.530118287,-0.547099769,-0.539716542,-0.510183454,-0.0772484168,-0.962704778,1.78779984,-0.108422756,-0.965410888,-0.027379863,9.93479729,-0.193890914,-0.0602156706,1.78779984,-0.137131691,-0.000254631042,1
205,2.079976,-0.621670783,-0.606165886,-0.59361434,-0.610595882,-2.06239843,-0.682928681,1.89432633,-0.0884423256,-0.862425029,1.99401665,10.035388,-0.203478292,-0.102826245,1.89432633,-0.119797707,-0.000254631042,1
206,2.089995,-0.62905395,-0.657110393,-0.595091045,-0.627577364,-2.85250664,-1.00049126,2.02854967,-0.0666136742,-1.18814766,2.77958322,10.4688873,-0.219457254,-0.142241046,2.02854967,-0.101151466,-0.000254631042,1
207,2.099980,-0.67261529,-0.689596713,-0.627577364,-0.689596713,-1.09097159,-0.896349132,2.16809916,-0.0466513634,-0.946250737,1.04798388,11.153863,-0.172585621,-0.206156909,2.16809916,-0.0810403824,-0.000254631042,1
208,2.109998,-0.746447921,-0.70510155,-0.63717562,-0.729466379,-1.06695414,-1.12093365,2.26290774,-0.0251712799,-1.14743233,1.03840387,11.498745,-0.124648727,-0.289247513,2.26290774,-0.0599527359,-0.000254631042,1
209,2.119983,-0.674091876,-0.768597662,-0.739064634,-0.723559737,-2.25986934,0.000792585895,2.35984683,-0.00256681442,-0.0050079762,2.25986385,10.8137693,-0.0458191559,-0.380860269,2.35984683,-0.0377664566,-0.000254631042,1
210,2.129999,-0.77893424,-0.768597662,-0.722083151,-0.730943024,-1.59504819,-0.428700119,2.481287,0.0208227634,-0.395396203,1.60362852,9.55638409,0.0255535655,-0.485256165,2.481287,-0.0144815445,-0.000254631042,1
211,2.139973,-0.823972225,-0.849813581,-0.763429463,-0.783364236,-2.48513603,-1.4947226,2.63575029,0.0465922356,-1.37735426,2.55205631,5.86565924,0.0521851741,-0.490582496,2.63575029,0.0100545883,-0.000254631042,1
212,2.150001,-0.806990683,-0.831355333,-0.812897265,-0.829878747,-1.93513584,-2.0459156,2.78275681,0.070094347,-1.88270342,2.39637995,3.91850853,0.0788167864,-0.354228646,2.78275681,0.0361471176,-0.000254631042,1
213,2.159976,-0.916262865,-0.918477952,-0.838000298,-0.870486677,-1.86635733,-1.11447823,2.90526223,0.0916106701,-0.678008497,1.47190237,3.60476089,0.120362096,-0.199765325,2.93295908,0.0636129379,-0.000254631042,1
214,2.170003,-0.931767762,-0.860888481,-0.962777376,-0.783364236,-1.29895747,-0.518195033,3.01604986,0.121399164,-1.00133622,2.4466753,7.8199954,0.220496967,0.00476546027,3.02989817,0.0924825668,-0.000254631042,1
215,2.179977,-0.885991573,-0.804037392,-0.96130085,-0.93693608,3.13699079,-1.59224343,3.02563715,0.155033588,0.34945491,-2.5182004,14.4925203,0.239671722,0.0644202679,3.01924562,0.121870995,-0.000254631042,1
216,2.190001,-0.873439968,-0.860888481,-0.981235683,-0.825448811,3.34389162,-1.58007288,2.97876549,0.185633421,-2.61318421,-1.98411095,16.1714287,0.104383133,0.0495065674,2.97556973,0.15128994,-0.000254631042,1
217,2.199977,-0.897804797,-0.888944805,-0.927337825,-0.918477952,0.362691492,0.719575226,2.97663498,0.216468573,0.624882162,-0.508778811,13.819519,-0.133170843,0.00263493136,2.9830265,0.180556297,-0.000254631042,1
218,2.209994,-0.873439968,-0.835047007,-0.900758088,-0.919954538,-1.57249308,-0.548371911,3.05226874,0.246126652,-0.148709148,1.07432914,10.380271,-0.22478357,-0.00269139092,3.07890034,0.210310936,-0.000254631042,1
219,2.220003,-0.945796013,-0.975328982,-0.930291057,-0.989357293,0.281125098,-1.51112199,3.13642454,0.27532196,-1.53063548,0.140271515,9.14204597,-0.414400637,0.0548328906,3.14175105,0.24113369,-0.000254631042,1
220,2.229978,-0.907403111,-1.00190878,-0.944319308,-1.03070354,-1.95645893,-1.11403787,3.2099278,0.308571815,-0.467246771,2.20238328,10.7251539,-0.457011223,0.0718771219,3.23229837,0.27250576,-0.000254631042,1
221,2.240003,-0.941366017,-0.992310584,-0.918477952,-1.02479696,-4.09928465,-1.40803182,3.34521651,0.344620943,0.0596575551,4.333951,4.11250496,-0.329179496,0.0345928632,3.37717438,0.305006981,-0.000254631042,1
222,2.249978,-1.0063386,-1.06983483,-0.975328982,-1.05285323,-0.806307256,-0.890153229,3.4421556,0.384855986,-0.522332251,1.08151424,5.53035641,-0.236501485,-0.0453019701,3.4421556,0.33878994,-0.000254631042,1
223,2.260005,-1.00338542,-1.03587186,-0.964254081,-1.00190878,-2.40845609,-2.59002733,3.47411346,0.422423363,-1.37495923,3.25858712,4.22028112,0.0447283238,-0.185916886,3.47411346,0.373305321,-0.000254631042,1
224,2.269979,-1.04325497,-1.03365684,-0.956870914,-0.913309634,-0.202175811,-4.38407183,3.50074506,0.453947067,-3.85140944,2.10418749,6.33747816,0.345132917,-0.168872654,3.50074506,0.408308983,-0.000254631042,1
225,2.279994,-0.944319308,-1.01372206,-1.01889026,-0.948749363,2.63602686,0.253574491,3.43363333,0.481712341,-0.996546149,-2.45353484,14.0781813,0.349393964,-0.0708683133,3.43363333,0.442763329,-0.000254631042,1
226,2.289995,-1.14219081,-0.973852336,-1.05285323,-0.893374801,1.18152106,-1.6666472,3.40487123,0.509293556,-2.03119469,-0.21898143,17.2899036,0.319566548,-0.1251968,3.40487123,0.476759911,-0.000254631042,1
227,2.299981,-1.07278812,-0.992310584,-1.02627361,-0.998217165,3.17891026,-2.27911377,3.40061021,0.543833733,-3.59514236,-1.54103231,13.2950106,0.173625335,-0.100695714,3.40061021,0.510878563,-0.000254631042,1
228,2.310001,-1.00486207,-1.05285323,-0.978282332,-1.00190878,1.69000483,-2.73302317,3.42830706,0.583309174,-3.2119391,0.09476614,9.05821991,-0.0149264848,-0.071933575,3.42830706,0.545088768,-0.000254631042,1
229,2.319976,-1.07131159,-0.992310584,-0.992310584,-1.00929201,0.742513478,-1.52337575,3.50181031,0.617588043,-1.67194164,0.276787639,7.95890617,-0.285503656,0.0761381835,3.50181031,0.579909325,-0.000254631042,1
230,2.330001,-0.986403883,-1.06835818,-1.06171322,-1.12520921,-0.157613009,-1.31625485,3.56040001,0.648945332,-0.953435779,0.921047866,13.0411377,-0.526253402,0.115552969,3.56040001,0.615309715,-0.000254631042,1
231,2.340004,-1.08017147,-1.10822773,-1.05728328,-1.10675108,-1.09135747,0.00532080187,3.62538099,0.684696674,0.694337726,0.842012227,11.4197102,-0.681782067,-0.0644767284,3.62538099,0.651442528,-0.000254631042,1
232,2.349979,-0.982712388,-1.08164811,-1.05580652,-1.08533955,0.14176707,-2.00752687,3.60514092,0.72804451,-1.592906,1.23000538,6.96976328,-0.408009052,-0.21787481,3.60514092,0.687605858,-0.000254631042,1
233,2.359999,-1.02036691,-1.07278812,-1.02922678,-1.04620838,2.42252779,-0.721537232,3.56146526,0.773259163,-2.208426,-1.2296797,6.0452857,-0.213065669,-0.164611593,3.56146526,0.723799706,-0.000254631042,1
234,2.369973,-1.02036691,-1.03734851,-1.00929201,-1.07278812,-0.786836743,-3.44327569,3.54442096,0.80307436,-1.82522297,3.02387524,11.4580297,-0.153410852,-0.0154745653,3.54442096,0.759810448,-0.000254631042,1
235,2.379980,-0.986403883,-1.03365684,-0.99674046,-1.06171322,0.225640178,-0.21140033,3.56359577,0.830114841,-0.309175491,0.00375539274,11.4819803,-0.205608815,-0.0399756469,3.56359577,0.795607567,-0.000254631042,1
236,2.389977,-1.0122453,-1.07131159,-1.10822773,-1.09567606,1.05696177,-1.91383517,3.51778936,0.862238884,-2.0479598,0.765371621,11.913084,-0.158737183,-0.16248107,3.51778936,0.824202538,-0.000254631042,1
237,2.399974,-1.09567606,-1.08681631,-1.04325497,-1.10232115,0.567806959,-1.45750606,3.56146526,0.905752659,-1.34621894,0.796506882,9.4054985,-0.104408704,-0.341445476,3.56146526,0.859938622,-0.000254631042,1
238,2.409982,-1.08017147,-1.10232115,-0.987880588,-1.00781524,2.68421078,-1.68936503,3.62111998,0.952066422,-3.16643381,-0.180661112,7.29548597,-0.120387666,-0.483125657,3.62111998,0.896346092,-0.000254631042,1
239,2.419978,-1.05432999,-1.08829296,-1.01519859,-0.993787229,1.48174906,-1.71278262,3.60301042,0.980286598,-2.1844759,0.597720265,5.62615728,-0.107604496,-0.483125657,3.60301042,0.932906151,-0.000254631042,1
240,2.429976,-1.0506382,-1.04768503,-1.02775025,-1.06171322,2.87885141,-3.75696516,3.52205038,1.00432825,-4.44537401,1.6251837,5.24534893,-0.031970717,-0.422405571,3.52205038,0.969161034,-0.000254631042,1
241,2.439984,-1.11265779,-1.10232115,-1.10010624,-1.07131159,2.59869671,0.532385826,3.47837448,1.03578997,-1.9641341,-1.7829293,5.48724604,-0.0649939179,-0.165676862,3.47837448,1.00453091,-0.000254631042,1
242,2.449980,-1.10379791,-1.08829296,-1.08017147,-1.10010624,2.51173139,-0.796578884,3.47304821,1.0721612,-2.58683896,-0.501593769,12.0831299,-0.241827801,0.0335276015,3.47304821,1.03962612,-0.000254631042,1
243,2.469996,-1.02036691,-1.04768503,-1.12225604,-1.12520921,0.82354939,-2.44234967,3.42191553,1.15168285,-1.74618721,1.89582086,12.4711237,-0.301482618,0.0750729144,3.42191553,1.10948086,-0.000254631042,1
244,2.479981,-0.993787229,-0.987880588,-1.08681631,-1.0897696,1.2243917,-2.25561428,3.45174289,1.1878643,-1.97850418,1.63476372,8.52413082,-0.308939457,0.118748762,3.45174289,1.14442348,-0.000254631042,1
245,2.489995,-1.06835818,-0.986403883,-1.07131159,-1.06614316,0.302088588,-1.6994797,3.51246309,1.21872616,-0.869610071,1.49106252,2.72339368,-0.170455083,0.181599349,3.51246309,1.17982388,-0.000254631042,1
246,2.499981,-1.04916167,-1.04177845,-1.06835818,-1.1281625,2.82201862,0.23992084,3.52950716,1.25107861,-2.60360408,-1.11471879,3.82749772,-0.152345598,0.32327953,3.52950716,1.21537685,-0.000254631042,1
247,2.510001,-1.05285323,-1.05580652,-1.09124625,-1.15769565,-0.376664251,2.15213943,3.54442096,1.28904724,0.960184932,-1.96255577,11.9585896,0.0575114973,0.186925679,3.54442096,1.25117397,-0.000254631042,1
248,2.520001,-1.03070354,-1.03882527,-1.07574141,-1.07426476,-0.802144706,-1.25597441,3.54015994,1.33290291,0.483576,1.40963185,9.49411392,0.126753688,-0.119870476,3.54015994,1.28694057,-0.000254631042,1
249,2.529976,-1.09272289,-1.0233202,-1.06466651,-0.986403883,0.809686184,0.887283146,3.50394082,1.37396049,-0.620528042,-1.02849805,11.153863,0.371764511,-0.303095967,3.50394082,1.32298183,-0.000254631042,1
250,2.540001,-1.08829296,-0.93693608,-0.986403883,-0.897804797,0.957554221,-0.906857908,3.44428611,1.40084839,-1.09713697,0.731841326,14.3392391,0.649798512,-0.469277203,3.44428611,1.35835171,-0.000254631042,1
251,2.549976,-1.01519859,-0.938412786,-0.965730786,-0.829878747,6.30126286,0.717894435,3.43363333,1.42436028,-6.12907314,-1.62964797,13.3381205,0.456985682,-0.405361354,3.43363333,1.39347744,-0.000254631042,1
252,2.560001,-1.10527444,-0.955394268,-0.982712388,-0.893374801,4.64499855,-0.396017939,3.30580163,1.44801044,-4.65853119,-0.175871074,7.69545412,0.292934954,-0.254093796,3.30580163,1.42768764,-0.000254631042,1
253,2.569976,-1.10970449,-1.05432999,-1.07574141,-0.962777376,5.42747593,2.85579467,3.25999522,1.4788456,-5.1423254,-3.34208703,5.99499035,-0.022383336,0.0665507987,3.25999522,1.46104336,-0.000254631042,1
254,2.579999,-1.04620838,-1.0233202,-1.05580652,-1.08164811,1.75172114,0.670792222,3.22377634,1.51639652,-1.71265697,-0.765045941,9.23305702,-0.357941628,0.262559444,3.22377634,1.49406338,-0.000254631042,1
255,2.589984,-1.00929201,-1.02922678,-1.09419954,-1.08164811,1.80599844,0.312558085,3.20034051,1.55628443,-1.80127275,-0.338732421,9.64978981,-0.650889397,0.38506487,3.20034051,1.52665615,-0.000254631042,1
256,2.600000,-0.956870914,-0.989357293,-1.06466651,-1.05285323,1.02987635,-0.59617281,3.2099278,1.59299898,-1.06600165,0.849197328,10.6149836,-0.824527502,0.438328117,3.2099278,1.55937099,-0.000254631042,1
257,2.609974,-0.873439968,-1.01519859,-1.00486207,-1.09715283,-0.0611434951,-3.48835778,3.25147319,1.61915636,0.845223963,2.95202446,8.78518772,-0.838375926,0.285995275,3.27490902,1.59220791,-0.000254631042,1
258,2.619999,-0.900758088,-1.00190878,-0.933244407,-1.19461203,0.81527555,0.0534907766,3.28449631,1.65263557,1.09191096,-0.393817872,10.5527124,-0.743567407,-0.0282577388,3.25679946,1.62557888,-0.000254631042,1
259,2.630060,-0.944319308,-0.945796013,-0.993787229,-1.02479696,0.143846884,-0.866930068,3.20140576,1.69135666,-0.110388838,-0.00582468603,6.70152092,-0.525188148,-0.376599193,3.19394898,1.65856838,-0.000254631042,1
260,2.639977,-0.904449761,-1.00190878,-0.921431243,-0.938412786,2.89064264,-0.808995247,3.15240359,1.72624159,-2.66108465,2.48739076,12.9764729,-0.106539227,-0.465016156,3.13535929,1.69119167,-0.000254631042,1
261,2.649998,-0.935459435,-0.95022589,-0.92586112,-0.92881453,0.301903576,0.200219512,3.06398654,1.75258064,-1.21449292,0.703101099,10.4114065,0.272694916,-0.60989213,3.04907298,1.72296047,-0.000254631042,1
262,2.659984,-0.930291057,-0.916262865,-0.894851446,-0.775980949,3.31003618,2.26430964,3.07783508,1.77505589,-3.70052314,-1.54582238,8.73489285,0.367503464,-0.642915308,3.09274888,1.75436306,-0.000254631042,1
263,2.670002,-0.956870914,-0.885991573,-0.89042151,-0.77893424,4.69127417,1.6395427,3.06185603,1.80009365,-4.94114351,-0.530333996,6.92425776,0.26097703,-0.511887789,3.0703783,1.78558254,-0.000254631042,1
264,2.679976,-1.00190878,-0.96130085,-0.911832988,-0.84686029,3.31865573,0.198072016,3.11511946,1.82805252,-3.25983953,0.652805686,9.42944813,0.173625335,-0.225331664,3.11511946,1.81689358,-0.000254631042,1
265,2.689997,-1.03734851,-0.921431243,-1.06318986,-0.922907889,2.04529309,0.541801989,3.1811657,1.8575635,-2.11502028,0.0588408448,4.04544449,-0.0788423568,0.0377886593,3.1811657,1.84866238,-0.000254631042,1
266,2.700029,-0.973852336,-0.938412786,-1.05728328,-1.02922678,1.66600668,1.17750859,3.26958275,1.89133835,-1.95215893,-0.592604518,6.74702644,-0.298286825,0.370151192,3.26958275,1.88113308,-0.000254631042,1
267,2.709980,-0.927337825,-0.893374801,-0.990833938,-1.03070354,0.860823214,2.40766954,3.31751966,1.92904615,-1.65038645,-1.95297563,7.61162853,-0.52838397,0.512896597,3.31751966,1.91418362,-0.000254631042,1
268,2.719997,-0.880823314,-0.956870914,-0.99674046,-1.0897696,-1.41431689,1.59061706,3.35799956,1.96648407,0.691942692,-2.01285124,13.8554449,-0.555015564,0.3541722,3.35799956,1.94784451,-0.000254631042,1
269,2.729984,-0.849813581,-0.95022589,-0.953917563,-1.1340692,-1.76432252,0.333969653,3.28769231,2.00667858,1.45834899,-1.04765821,14.2003279,-0.487903893,-0.0314535312,3.28769231,1.9811697,-0.000254631042,1
270,2.739999,-0.891898096,-0.958347499,-0.941366017,-0.859411776,1.44303298,-1.30425262,3.20247102,2.04140759,-0.694773674,1.81678522,15.7834358,-0.0980171114,-0.402165562,3.20247102,2.01409817,-0.000254631042,1
271,2.749974,-0.916262865,-0.910356343,-0.939889371,-0.910356343,1.75668228,-1.7594229,3.11511946,2.06818342,-0.70435375,2.3844049,12.3920879,0.234345406,-0.608826876,3.11511946,2.04608059,-0.000254631042,1
272,2.760002,-0.904449761,-0.900758088,-0.905926406,-0.899281442,2.04947591,1.95564878,3.12896776,2.08991814,-2.74970031,-0.681220233,12.1166601,0.409048766,-0.793117583,3.12896776,2.07772732,-0.000254631042,1
273,2.769976,-0.958347499,-0.908879638,-0.856458545,-0.746447921,2.88819718,3.15955925,3.06292129,2.11375475,-4.10528135,-1.21291459,4.22986126,0.423962474,-0.799509168,3.06292129,2.10882473,-0.000254631042,1
274,2.780000,-1.00338542,-0.964254081,-0.900758088,-0.792962432,2.25111651,5.83096552,3.07890034,2.14272785,-5.04891968,-3.68457484,3.82031274,0.336610794,-0.437319279,3.07890034,2.13995266,-0.000254631042,1
275,2.790001,-0.948749363,-0.885991573,-1.03070354,-0.919954538,0.659684002,2.18898845,3.05866027,2.16861391,-1.77732253,-1.43804646,4.34721708,0.0702946708,-0.108152568,3.05866027,2.17086697,-0.000254631042,1
276,2.799977,-0.888944805,-0.85793519,-0.921431243,-0.899281442,1.89674652,1.28525507,3.14388156,2.20038748,-2.28985667,0.078001,8.19361782,-0.191760376,0.160294071,3.14388156,2.20196438,-0.000254631042,1
277,2.810004,-0.92881453,-0.865318418,-0.874916673,-0.939889371,2.38558054,0.558407247,3.17051315,2.23947859,-2.21800613,1.0407989,6.48117924,-0.36113742,0.339258522,3.17051315,2.23361111,-0.000254631042,1
278,2.819978,-0.870486677,-0.843906999,-0.924384594,-0.981235683,-0.541758537,2.48000026,3.2099278,2.27937269,-1.20251787,-2.23558807,7.74095964,-0.590169311,0.509700835,3.2099278,2.26574612,-0.000254631042,1
279,2.829999,-0.668185294,-0.831355333,-0.876393318,-0.96942246,-3.35956168,-2.05723572,3.09274888,2.31445503,3.86534381,-0.760255873,13.3285408,-0.428249091,0.314757437,3.09274888,2.29763699,-0.000254631042,1
280,2.839984,-0.70510155,-0.756046116,-0.821018875,-0.907403111,-0.977062047,-0.809481978,2.86265159,2.34663486,1.26435244,-0.10641551,16.1857986,-0.287634194,-0.0570198782,2.86265159,2.32177639,-0.000254631042,1
281,2.850000,-0.716914833,-0.706578195,-0.747924507,-0.812897265,-0.27007696,2.81097269,2.71244931,2.3749361,-1.83719802,-2.14457726,16.1019726,-0.113996081,-0.351032853,2.71244931,2.35076809,-0.000254631042,1
282,2.860002,-0.635698915,-0.644558847,-0.677045226,-0.727989674,-1.31480849,2.44347882,2.54733348,2.39871168,-0.910325408,-2.62118626,12.1358204,-0.0245138649,-0.436254025,2.54733348,2.37811184,-0.000254631042,1
283,2.869977,-0.612072468,-0.646035433,-0.607642531,-0.678521872,0.99475491,1.68997729,2.42695856,2.41983509,-1.92581379,-0.369867682,8.98637009,0.0724252015,-0.449037194,2.42695856,2.40411282,-0.000254631042,1
284,2.880001,-0.590661049,-0.570726216,-0.623147368,-0.635698915,0.833170235,1.79532647,2.32682371,2.44461155,-1.91144359,-0.513568878,3.37962914,0.218366444,-0.310552806,2.32682371,2.42898464,-0.000254631042,1
285,2.889975,-0.596567631,-0.567034602,-0.576632857,-0.389097959,0.861050725,2.81381011,2.25758147,2.46926785,-2.73772526,-1.07879353,1.74862063,0.272694916,-0.023996681,2.25758147,2.45294094,-0.000254631042,1
286,2.899984,-0.56112802,-0.476220429,-0.55005312,-0.646035433,0.185277313,2.07350063,2.14253283,2.4874115,-1.75816238,-1.11471879,4.93399668,0.198126405,0.218883619,2.14253283,2.47616482,-0.000254631042,1
287,2.909981,-0.505753458,-0.462192297,-0.48729533,-0.547099769,-0.713173211,2.27688074,2.04346323,2.51203299,-1.42046463,-1.91705036,9.02468967,-0.0958865881,0.391456455,2.04346323,2.49822903,-0.000254631042,1
288,2.919977,-0.400172859,-0.429705888,-0.465145528,-0.55817467,-1.54491448,1.02717447,1.96037269,2.53300095,0.0404973961,-1.85477984,11.0484819,-0.367529005,0.359498531,1.96037269,2.51940823,-0.000254631042,1
289,2.929975,-0.417892665,-0.434874177,-0.519781709,-0.420845985,-3.30054069,1.29247093,1.84212828,2.55186033,0.761398315,-3.46183801,11.8244677,-0.665803075,0.230601519,1.84212828,2.539855,-0.000254631042,1
290,2.939984,-0.41124776,-0.431182534,-0.548576415,-0.590661049,-2.6062994,0.694334507,1.52894056,2.56529665,0.838038921,-2.56370568,14.3152885,-0.507078648,0.0100917816,1.52894056,2.55822659,-0.000254631042,1
291,2.949979,-0.371378124,-0.4466874,-0.334461808,-0.437827468,-1.14413393,-0.271728456,1.30203927,2.57860327,0.840433955,-0.822526395,12.7776861,-0.220522523,-0.148632631,1.30203927,2.57403469,-0.000254631042,1
292,2.959977,-0.290900558,-0.287947237,-0.394266218,-0.37580809,-2.16465425,2.22318554,1.06874621,2.58613682,-0.747464061,-3.01157427,11.4532404,0.0287493579,-0.249832749,1.06874621,2.5877676,-0.000254631042,1
293,2.969974,-0.334461808,-0.341845065,-0.292377204,-0.238479391,-1.64029825,2.61114669,0.872737586,2.59733152,-1.38453925,-2.7553072,6.25365257,0.239671722,-0.18698214,0.872737586,2.59918118,-0.000254631042,1
294,2.980002,-0.303452075,-0.210422993,-0.2613675,-0.228881136,-2.32474613,1.31724036,0.743840635,2.60644197,0.0524724945,-2.67148161,7.18531513,0.272694916,-0.0314535312,0.743840635,2.60888577,-0.000254631042,1
295,2.989977,-0.262844145,-0.207469687,-0.290900558,-0.204516381,-1.75528836,1.50086069,0.643705726,2.6157093,-0.416951358,-2.27151322,7.89903069,0.315305501,0.0953129455,0.643705726,2.61755276,-0.000254631042,1
296,2.999996,-0.247339323,-0.221497893,-0.2613675,-0.244386002,-2.15670753,1.88213897,0.598964632,2.61950207,-0.555862486,-2.8079977,10.8257446,0.184277982,0.164555117,0.598964632,2.6252737,-0.000254631042,1
297,3.009981,-0.176459983,-0.20156309,-0.210422993,-0.210422993,-2.30261779,1.45656645,0.507351875,2.62337351,-0.124758959,-2.72177696,10.471282,-0.0159917492,0.169881448,0.507351875,2.63226223,-0.000254631042,1
298,3.020005,-0.180889934,-0.184581578,-0.186058223,-0.196394801,-0.267186582,-0.739937961,0.454088688,2.62816954,0.775768399,0.130691439,9.01990032,-0.11186555,0.0495065674,0.454088688,2.63830471,-0.000254631042,1
299,3.029979,-0.218544587,-0.182366595,-0.0819542184,-0.129945427,-0.0382533744,0.144981399,0.428522319,2.63290405,0.105162926,-0.707565486,8.86422348,-0.0916255265,-0.0314535312,0.428522319,2.64391994,-0.000254631042,1
300,3.039999,-0.205993056,-0.173506677,-0.141020313,-0.0900758132,-0.394628078,0.832010865,0.388042271,2.63652277,-0.606157899,-0.571049333,9.7144556,0.0191619787,-0.120935746,0.375259101,2.64898586,-0.000254631042,1
301,3.050002,-0.159478486,-0.187534884,-0.189011529,-0.131422073,0.331576467,0.495760649,0.363541186,2.63881588,-0.951040745,0.0277055893,10.9622612,0.0340756811,-0.091108337,0.365671724,2.65362453,-0.000254631042,1
302,3.059977,-0.155048519,-0.193441495,-0.174983323,-0.0730943009,-0.718080521,0.381221324,0.367802262,2.64202404,-0.668428421,-1.38535607,9.86294651,-0.0191875417,-0.0698030517,0.363541186,2.65804958,-0.000254631042,1
303,3.070005,-0.162431777,-0.159478486,-0.0760476068,-0.0989357159,1.2602036,0.199459001,0.3518233,2.6469326,-0.608552933,0.58814019,8.80434799,-0.00746963359,-0.00908297859,0.361410677,2.66219997,-0.000254631042,1
304,3.079978,-0.180889934,-0.170553386,-0.114440568,-0.132898733,0.528728127,0.442740917,0.370998055,2.65077734,-0.512752175,0.628855526,9.43184376,0.0362062082,0.0356581286,0.367802262,2.66644192,-0.000254631042,1
305,3.089997,-0.191964835,-0.129945427,-0.156525165,-0.0945057645,-0.205036491,0.239182591,0.36460647,2.65375948,-0.12236394,0.262417525,11.0460863,0.0543157011,0.0218096916,0.360345393,2.67053127,-0.000254631042,1
306,3.099999,-0.122562163,-0.0701410025,-0.0989357159,-0.104104005,0.17643404,0.115563631,0.366736978,2.65518999,-0.184634447,0.101951197,10.6916237,0.040467266,-0.012278772,0.366736978,2.67443752,-0.000254631042,1
307,3.109999,-0.138067007,-0.148403585,-0.0804775655,-0.0760476068,0.71838367,-0.257481843,0.360345393,2.65861702,-0.1055988,0.755791545,9.570755,0.00744406879,-0.0367798544,0.362475932,2.67825222,-0.000254631042,1
308,3.119983,-0.0871224999,-0.129945427,-0.128468782,-0.101150699,0.01507538,-0.0102959555,0.350758016,2.66193008,0.00217708293,0.0181255098,9.83899689,-0.022383336,-0.0442367047,0.341170639,2.68200588,-0.000254631042,1
309,3.129998,-0.110010616,-0.0701410025,-0.0775242597,-0.0760476068,0.602281392,0.665440083,0.350758016,2.66660309,-0.867215037,0.231282264,9.24982166,-0.00533910468,-0.0197356232,0.350758016,2.68560696,-0.000254631042,1
310,3.139973,-0.149880245,-0.105580665,-0.0915524587,-0.12108551,0.40683046,-0.0642186105,0.334779054,2.67118073,-0.127153978,0.391748548,9.83660221,0.0159661844,0.0154181039,0.334779054,2.68911648,-0.000254631042,1
311,3.150000,-0.0575894527,-0.0730943009,-0.132898733,-0.0620194115,-0.121786281,0.016220862,0.325191677,2.67328215,0.0404973961,-0.115995586,9.94198227,0.00211774674,0.0100917816,0.325191677,2.69244289,-0.000254631042,1
312,3.159976,-0.122562163,-0.0605427548,-0.0885991603,-0.115917228,-0.0897433981,0.536560416,0.303886384,2.67397976,-0.438506544,-0.321967304,9.96353817,-0.010665427,-0.0133440364,0.303886384,2.69567776,-0.000254631042,1
313,3.170003,-0.114440568,-0.108533971,-0.0915524587,-0.0590661056,0.127820134,0.4855479,0.267667383,2.67549706,-0.49119699,-0.104020491,9.70008564,-0.010665427,0.000504402502,0.267667383,2.69839382,-0.000254631042,1
314,3.179977,-0.0465145558,-0.0479912087,-0.0760476068,-0.0959824175,-0.375702411,0.22559461,0.245296836,2.67792082,-0.0337482132,-0.436928242,9.85815716,0.00744406879,-0.00269139092,0.245296836,2.70086575,-0.000254631042,1
315,3.189999,-0.0546361469,-0.0391312912,-0.0804775655,-0.0251030941,-0.574057043,0.434918851,0.235709459,2.68085814,-0.134339035,-0.707565486,9.57314968,0.0106398622,-0.0080177132,0.235709459,2.70324612,-0.000254631042,1
316,3.199973,-0.101150699,-0.101150699,-0.104104005,-0.119608864,-0.190003514,0.326334298,0.204816788,2.6832552,-0.208584651,-0.314782232,9.9443779,-0.00320857554,-0.00269139092,0.204816788,2.70535183,-0.000254631042,1
317,3.209999,-0.0930291116,-0.0420845971,-0.04356125,-0.0324863568,-0.0565652512,0.652588189,0.212273642,2.68457079,-0.560652554,-0.338732421,10.0952635,-0.0191875417,0.0122223105,0.212273642,2.70730495,-0.000254631042,1
318,3.219997,-0.0561127998,-0.0775242597,-0.0885991603,-0.0745709538,-0.0572978146,-0.195756808,0.19096835,2.68494415,0.200963706,0.034890648,9.7312212,-0.0117306914,0.000504402502,0.19096835,2.70919704,-0.000254631042,1
319,3.229984,-0.0790009201,-0.037654642,-0.0760476068,-0.0494678579,0.0800964162,0.44904542,0.193098888,2.68617153,-0.438506544,-0.125575662,9.4965086,0.00744406879,0.0111570461,0.193098888,2.71087551,-0.000254631042,1
320,3.239999,-0.0745709538,-0.0494678579,-0.0871224999,-0.0420845971,-0.0401260629,-0.145404473,0.189903095,2.68760777,0.148273274,0.0277055893,9.8749218,0.0180967133,0.00796125364,0.189903095,2.71264553,-0.000254631042,1
321,3.249975,-0.118132211,-0.0930291116,-0.0479912087,-0.118132211,0.327348918,0.288927853,0.193098888,2.69140625,-0.402581245,0.169011742,10.3251858,0.00744406879,0.0164833684,0.193098888,2.71435452,-0.000254631042,1
322,3.260001,-0.0465145558,-0.04356125,-0.0930291116,-0.0324863568,-0.0505734421,-0.180076122,0.230383143,2.69318104,0.184198573,0.032495629,9.69529533,-0.0159917492,0.0015696669,0.230383143,2.71630764,-0.000254631042,1
323,3.269976,-0.153571874,-0.162431777,-0.0945057645,-0.170553386,1.05429792,0.00349074369,0.234644204,2.69587135,-0.457666695,0.949788153,9.06780052,-0.0117306914,0.0154181039,0.234644204,2.71789455,-0.000254631042,1
324,3.279999,-0.0775242597,-0.0730943009,-0.128468782,-0.0280563999,0.232528254,-0.473570287,0.304951638,2.69790745,0.327899724,0.413303733,9.50608921,-0.00960016251,0.0260707494,0.304951638,2.72015285,-0.000254631042,1
325,3.290078,-0.128468782,-0.108533971,-0.107057318,-0.190488189,0.244133979,-0.0692498013,0.335844308,2.70318651,-0.04093327,0.250442415,9.66416073,0.00424827542,0.0111570461,0.335844308,2.72350979,-0.000254631042,1
326,3.299980,-0.139543667,-0.119608864,-0.218544587,-0.104104005,1.14898479,-0.582670569,0.407217026,2.7074275,0.0452874377,1.28748596,9.86534214,-0.0181222782,0.0186138973,0.407217026,2.72610378,-0.000254631042,1
327,3.310038,-0.162431777,-0.179413289,-0.155048519,-0.208946332,1.10050523,-0.516522467,0.477524489,2.71243525,0.0117571615,1.2156353,9.09414577,-0.00427384023,0.00583072472,0.477524489,2.72997952,-0.000254631042,1
328,3.319978,-0.163908437,-0.199348107,-0.231834456,-0.170553386,0.617350399,0.113739021,0.556354046,2.71870756,-0.35707587,0.516289592,10.013833,-0.00214331108,0.0271360129,0.556354046,2.7344656,-0.000254631042,1
329,3.329999,-0.184581578,-0.199348107,-0.204516381,-0.245862663,0.855157256,-0.142196342,0.638379455,2.72527647,-0.215769708,0.839617252,9.93240261,0.00850933325,0.013287575,0.638379455,2.73965359,-0.000254631042,1
330,3.339974,-0.256937563,-0.180889934,-0.221497893,-0.187534884,1.80036843,-0.830322921,0.712947965,2.73351955,0.0476824567,1.9820416,9.58751965,0.0159661844,0.025005484,0.712947965,2.74563503,-0.000254631042,1
331,3.349982,-0.220021233,-0.231834456,-0.282778949,-0.247339323,0.831854343,-0.496322274,0.799234331,2.74232149,0.133903161,0.959368229,8.4307251,0.00637880433,0.0111570461,0.799234331,2.75244045,-0.000254631042,1
332,3.360005,-0.282778949,-0.239956036,-0.279825658,-0.247339323,0.799487233,-0.370482802,0.880194485,2.75090551,0.0381023772,0.880332589,9.48213863,0.0202272423,0.0207444262,0.880194485,2.76006985,-0.000254631042,1
333,3.369999,-0.247339323,-0.231834456,-0.301975459,-0.290900558,0.732294202,-0.352529526,0.951567173,2.76049328,0.0548675135,0.810876966,10.0569439,-0.00427384023,0.000504402502,0.951567173,2.76837063,-0.000254631042,1
334,3.379975,-0.239956036,-0.259890854,-0.292377204,-0.299760491,-0.128203765,0.24799718,0.995243013,2.7705431,-0.184634447,-0.209401354,11.1418877,-0.0479496866,-0.0399756469,0.995243013,2.7773428,-0.000254631042,1
335,3.389998,-0.225927845,-0.284993947,-0.26948911,-0.301975459,-0.4773359,1.09917915,1.02507043,2.78095102,-0.860029995,-0.834501505,10.8616705,-0.125713989,-0.0836514831,1.02507043,2.78674221,-0.000254631042,1
336,3.399984,-0.231834456,-0.307882071,-0.259890854,-0.281302303,0.0759574771,1.07654822,1.00696087,2.79137707,-1.03726149,-0.298017085,10.6077976,-0.214130938,-0.0836514831,1.00696087,2.79632473,-0.000254631042,1
337,3.409996,-0.26948911,-0.298283815,-0.29680717,-0.244386002,0.431851447,0.513086915,1.0303967,2.80167246,-0.627713084,0.236072302,9.56835938,-0.280177325,-0.0580851436,1.0303967,2.80584621,-0.000254631042,1
338,3.419982,-0.190488189,-0.259890854,-0.262844145,-0.289423913,0.709859312,0.581112206,1.08579051,2.81403446,-0.778599322,0.485154331,7.96609163,-0.263133109,-0.0879125446,1.08579051,2.81579494,-0.000254631042,1
339,3.429980,-0.235526085,-0.247339323,-0.238479391,-0.369901478,0.159928933,-0.293872058,1.11242223,2.82593489,0.229703948,0.243257359,9.3049078,-0.215196192,-0.122001007,1.11242223,2.82623196,-0.000254631042,1
340,3.439977,-0.228881136,-0.282778949,-0.207469687,-0.352919966,-1.40796065,0.285641402,1.08472526,2.83468819,0.153063327,-1.42846632,11.1155424,-0.128909782,-0.218940079,1.08472526,2.83679104,-0.000254631042,1
341,3.449975,-0.218544587,-0.264320821,-0.204516381,-0.286470622,-1.68215477,0.913427591,0.990981936,2.84325027,-0.378631055,-1.87633502,12.2938919,-0.0649939179,-0.262615919,0.990981936,2.84689236,-0.000254631042,1
342,3.459983,-0.194918156,-0.253984243,-0.191964835,-0.193441495,-0.96932137,0.683977902,0.836518586,2.85194206,-0.378631055,-1.12429893,10.4449368,-0.0138612203,-0.259420127,0.836518586,2.85589504,-0.000254631042,1
343,3.469979,-0.221497893,-0.252507597,-0.174983323,-0.259890854,-0.107176431,0.609988272,0.729992151,2.85920429,-0.548677444,-0.298017085,8.62232685,0.042597793,-0.183786348,0.729992151,2.8637991,-0.000254631042,1
344,3.479975,-0.204516381,-0.259890854,-0.148403585,-0.194918156,-0.48279351,0.953426719,0.661815226,2.86764336,-0.584602773,-0.913537145,8.11458302,0.0724252015,-0.0698030517,0.642640471,2.87084866,-0.000254631042,1
345,3.489973,-0.153571874,-0.190488189,-0.169076726,-0.153571874,-0.869718611,0.425570756,0.579789877,2.87083387,-0.0600934289,-0.858451664,9.3360424,0.0713599324,0.0207444262,0.568071961,2.87716579,-0.000254631042,1
346,3.499981,-0.156525165,-0.194918156,-0.148403585,-0.169076726,-0.969955206,-0.0750784725,0.523330867,2.87506247,0.232098967,-0.963832557,9.7144556,0.00424827542,0.0505718328,0.514808774,2.88281155,-0.000254631042,1
347,3.510005,-0.135113716,-0.189011529,-0.141020313,-0.129945427,-1.07099426,-0.0968653187,0.467937112,2.87954378,0.430885583,-0.884796917,9.72643089,-0.0149264848,0.00476546027,0.456219196,2.8879385,-0.000254631042,1
348,3.520013,-0.162431777,-0.156525165,-0.110010616,-0.104104005,-0.444952667,-0.320719242,0.42106548,2.88339758,0.236889005,-0.281251937,9.55398941,-0.0234485995,-0.071933575,0.411478102,2.89260769,-0.000254631042,1
349,3.530000,-0.125515476,-0.203039736,-0.0989357159,-0.12108551,-0.975976229,0.247896776,0.384846479,2.88593483,-0.0074029956,-0.963832557,9.69529533,-0.00533910468,-0.098565191,0.372063309,2.89681911,-0.000254631042,1
350,3.539995,-0.138067007,-0.165385097,-0.0915524587,-0.160955131,0.128072634,0.15512985,0.344366431,2.88870764,-0.182239428,0.0851860568,9.5659647,0.00211774674,-0.0900430754,0.341170639,2.90066433,-0.000254631042,1
351,3.549979,-0.139543667,-0.179413289,-0.0841691941,-0.163908437,0.0721877068,0.191953883,0.334779054,2.89385986,-0.203794599,0.0229155496,9.92521763,0.0031830112,-0.0357145891,0.335844308,2.90423489,-0.000254631042,1
352,3.559996,-0.138067007,-0.111487262,-0.0575894527,-0.167600065,-0.50826174,0.410889745,0.3337138,2.89711189,-0.275645196,-0.592604518,9.68811035,0.01490092,-0.0208008867,0.328387469,2.90777493,-0.000254631042,1
353,3.569981,-0.085645847,-0.112963922,-0.0959824175,-0.0989357159,0.101236768,-0.165342778,0.311343253,2.89984083,0.13629818,0.137876496,9.55398941,0.0159661844,-0.0144093009,0.310277969,2.91113186,-0.000254631042,1
354,3.579997,-0.0989357159,-0.12108551,-0.0649727136,-0.0775242597,-0.561297536,0.189324945,0.311343253,2.90165472,-0.0505133495,-0.590209484,9.81744194,0.0234230366,-0.033584062,0.30814743,2.91430569,-0.000254631042,1
355,3.589983,-0.128468782,-0.12108551,-0.0841691941,-0.149880245,-0.105118521,0.220556408,0.296429545,2.90273619,-0.189424485,-0.154315904,9.8797121,0.0138356555,-0.0559546128,0.296429545,2.91738796,-0.000254631042,1
356,3.599995,-0.0745709538,-0.136590362,-0.0295330528,-0.0871224999,-0.309335023,0.234506667,0.304951638,2.90619755,-0.15589422,-0.355497569,9.81025696,0.00531353988,-0.0602156706,0.304951638,2.92043972,-0.000254631042,1
357,3.609994,-0.107057318,-0.114440568,-0.0900758132,-0.0775242597,-0.169071242,0.278796911,0.300690591,2.90994644,-0.232534841,-0.228561506,9.58272934,0.0234230366,-0.051693555,0.300690591,2.92346096,-0.000254631042,1
358,3.619979,-0.0915524587,-0.0915524587,-0.0516828448,-0.122562163,0.234552413,0.12525183,0.309212714,2.91345167,-0.175054371,0.200147003,9.38633823,0.0202272423,-0.033584062,0.309212714,2.92645168,-0.000254631042,1
359,3.630004,-0.0745709538,-0.124038823,-0.0479912087,-0.0465145558,-0.587973833,0.0128824208,0.315604299,2.91501236,0.119533047,-0.5758394,9.89887238,0.0244883001,-0.0218661521,0.315604299,2.92950344,-0.000254631042,1
360,3.639979,-0.0450379066,-0.0989357159,-0.0841691941,-0.0479912087,0.266168386,0.17055428,0.304951638,2.91789865,-0.225349784,0.221702173,9.8797121,0.01490092,-0.0442367047,0.304951638,2.93240261,-0.000254631042,1
361,3.649995,-0.0989357159,-0.108533971,-0.0280563999,-0.0915524587,-0.0227209833,0.187028304,0.30282113,2.91980839,-0.17744939,-0.0633051544,9.96114254,0.0255535655,-0.0431714393,0.30282113,2.9353323,-0.000254631042,1
362,3.659978,-0.0745709538,-0.0915524587,-0.0516828448,-0.126992121,-0.226175666,-0.0526138097,0.285776883,2.9231739,0.100372888,-0.209401354,9.84857655,0.026618829,-0.0484977625,0.285776883,2.93817043,-0.000254631042,1
363,3.669975,-0.0664493665,-0.0605427548,-0.0664493665,-0.0236264411,-0.0316790827,0.553930283,0.278320044,2.92585039,-0.534307361,-0.149525866,9.7096653,0.0234230366,-0.0303882677,0.278320044,2.9408865,-0.000254631042,1
364,3.680000,0.00590661028,-0.101150699,-0.0324863568,0.00147665257,-0.0753122866,0.325249404,0.249557897,2.92867517,-0.30199042,-0.142340809,9.90126705,0.0212925076,-0.012278772,0.249557897,2.94344997,-0.000254631042,1
365,3.689974,-0.0516828448,-0.122562163,-0.0391312912,-0.0634960607,-0.652002573,0.357591659,0.22186102,2.93096828,-0.213374689,-0.712355494,10.0832891,0.0095745977,-0.00375665538,0.22186102,2.94570827,-0.000254631042,1
366,3.699995,-0.12108551,-0.0391312912,-0.0634960607,-0.0974590778,-0.206894368,-0.207981795,0.188837826,2.93204975,0.24646908,-0.159105942,9.90366268,0.00531353988,-0.0208008867,0.188837826,2.94763088,-0.000254631042,1
367,3.709982,-0.00516828429,-0.0745709538,-0.011074895,-0.0177198313,-0.012155083,0.0517486967,0.16540201,2.93337536,-0.0481183305,-0.0225898232,9.46537399,0.01490092,-0.0218661521,0.16540201,2.94927883,-0.000254631042,1
368,3.719994,-0.011074895,-0.0775242597,-0.00664493674,-0.0221497901,-0.91122359,0.409146607,0.122791439,2.9348402,-0.213374689,-0.975807667,9.55877972,0.0180967133,-0.0144093009,0.122791439,2.95068264,-0.000254631042,1
369,3.729981,-0.0716176555,-0.0406079441,-0.0177198313,-0.0686643422,-0.158031434,0.20931901,0.0876377076,2.93605185,-0.172659352,-0.19742626,9.83420658,-0.00320857554,-0.00588718429,0.0876377076,2.95150661,-0.000254631042,1
370,3.739997,-0.0664493665,-0.0790009201,-0.0251030941,-0.053159494,-0.251365751,0.113738783,0.0631366298,2.93624353,-0.0600934289,-0.269276857,9.84378719,0.0095745977,-0.000560861954,0.0631366298,2.95233059,-0.000254631042,1
371,3.749982,0.0354396626,-0.0177198313,-0.00664493674,0.0184581578,-0.13792479,-0.22307162,0.0482229255,2.93668842,0.24646908,-0.0896503702,9.50608921,0.0202272423,-0.00695244875,0.0482229255,2.95278835,-0.000254631042,1
372,3.759994,-0.0494678579,0,0,-0.0324863568,-0.436478466,0.411533237,0.0279828981,2.93640089,-0.313965529,-0.511173844,9.41747284,0.00105248217,-0.00162612647,0.0279828981,2.95318508,-0.000254631042,1
373,3.770004,-0.0391312912,-0.0406079441,0,-0.0280563999,0.159453019,-0.110951349,0.00241655181,2.93801403,0.0764226913,0.178591833,9.77193642,-0.00107804674,0.00689598918,0.00241655181,2.95330715,-0.000254631042,1
374,3.779979,-0.0251030941,-0.0465145558,0,-0.012551547,-0.0171604268,0.123580754,0.00987340324,2.93836308,-0.117573902,-0.0417499803,9.95395756,0.00424827542,0.00370019581,0.00987340324,2.95327663,-0.000254631042,1
375,3.790004,-0.037654642,-0.0280563999,0.00147665257,0.00885991566,-0.0690516829,0.251635969,0.0141344611,2.93848562,-0.232534841,-0.118390612,9.91324234,-0.00320857554,-0.00482191984,0.0141344611,2.95336819,-0.000254631042,1
376,3.799979,-0.00516828429,0.0147665264,0.00295330514,-0.011074895,0.232816443,0.125736684,0.0109386677,2.93774509,-0.170264333,0.202542022,9.54680443,0.00637880433,-0.00162612647,0.0109386677,2.9533987,-0.000254631042,1
377,3.810002,-0.00959824212,-0.0236264411,0.00295330514,0.00590661028,-0.0121284109,-0.0535202436,0.0226565767,2.93759775,0.0548675135,-0.00103464653,9.81983662,0.00531353988,0.000504402502,0.0226565767,2.95345974,-0.000254631042,1
378,3.819975,-0.0251030941,-0.011074895,-0.00221497891,-0.0081215892,-0.00958501268,0.0535495654,0.0130691966,2.93838358,-0.0505133495,-0.0201948043,9.83899689,0.00531353988,-0.000560861954,0.0130691966,2.95352077,-0.000254631042,1
379,3.829997,0.00295330514,0.0073832632,0.00885991566,0.00295330514,0.0155808749,0.199960738,0.0194607824,2.93893433,-0.199004561,-0.0249848422,9.94198227,0.00424827542,-0.00482191984,0.0194607824,2.95358181,-0.000254631042,1
380,3.839982,0.0118132206,-0.00221497891,0.0073832632,0.0073832632,-0.151877016,0.170701861,0.00880813878,2.93945026,-0.136734053,-0.183056146,9.75996113,0.0095745977,-0.00375665538,0.00880813878,2.95358181,-0.000254631042,1
381,3.850001,-0.00664493674,-0.00221497891,0.00442995783,0.00885991566,-0.11543332,0.10956987,0.00241655181,2.93856287,-0.084043622,-0.135155752,9.67134571,0.00211774674,-0.00375665538,0.00241655181,2.95349026,-0.000254631042,1
382,3.859999,0.0228881147,0.00885991566,0.0243647695,0.00590661028,-0.0221170951,0.0878984705,-0.00610556407,2.93894863,-0.0816486031,-0.0393549614,9.91563702,0.00105248217,0.000504402502,-0.00610556407,2.95333767,-0.000254631042,1
383,3.869973,0.0487295389,0.0118132206,0.0472528823,0.0199348107,-0.488732576,0.125416502,-0.0220845304,2.93831396,-0.0241681337,-0.503988802,9.86773682,-0.00640436914,-0.00162612647,-0.0220845304,2.95303249,-0.000254631042,1
384,3.879995,0.0147665264,0.0073832632,0.0073832632,0.075309284,-0.126212373,0.0924186483,-0.0412592888,2.93724346,-0.0648834705,-0.142340809,9.6665554,-1.27822468e-05,-0.00162612647,-0.0412592888,2.95260525,-0.000254631042,1
385,3.889982,0.0339630097,0.0214114618,0.0132898735,0.0184581578,-0.147355214,0.31957522,-0.0540424623,2.93632174,-0.282830268,-0.209401354,9.75517082,-1.27822468e-05,0.000504402502,-0.0540424623,2.9519949,-0.000254631042,1
386,3.899997,0.0612810813,0.0287947264,0.0583277754,-0.00664493674,-0.452468246,0.204924256,-0.0678908974,2.93549538,-0.107993819,-0.484828621,10.0497589,0.00105248217,0.0122223105,-0.0678908974,2.95123196,-0.000254631042,1
387,3.909983,0.0583277754,0.0472528823,0.076785937,0.090814136,-0.199022517,0.350448519,-0.0881309286,2.93432045,-0.30199042,-0.266881824,9.67374039,-0.00853489805,0.0111570461,-0.0881309286,2.95037746,-0.000254631042,1
388,3.920002,0.0118132206,0.0132898735,0.076785937,0.115178905,-0.0950135663,0.123090073,-0.108370952,2.93352842,-0.100808762,-0.118390612,9.72403622,-0.00640436914,0.0164833684,-0.108370952,2.94927883,-0.000254631042,1
389,3.929978,0.0627577379,0.0339630097,0.0834308639,0.0679260194,-0.310383826,-0.232138738,-0.122219391,2.93067884,0.291974455,-0.254906714,9.86773682,-0.00214331108,0.00476546027,-0.122219391,2.94799709,-0.000254631042,1
390,3.940005,0.100412376,0.0472528823,0.0679260194,0.0442995802,-0.0922856256,0.443353266,-0.140328884,2.92904139,-0.388211131,-0.302807122,9.58033466,-0.00746963359,0.00476546027,-0.140328884,2.94659328,-0.000254631042,1
391,3.949979,0.00295330514,0.0287947264,0.0583277754,0.0442995802,-0.310149342,0.190282971,-0.149916276,2.9272809,-0.0145880543,-0.221376449,9.6665554,-0.00746963359,0.0218096916,-0.154177323,2.94506741,-0.000254631042,1
392,3.959975,0.0273180734,0.0694026724,0.101889022,0.0738326311,0.256911606,-0.401535928,-0.168025762,2.92659283,0.124323085,-0.0848603323,9.74080086,-0.00107804674,0.0111570461,-0.174417347,2.94338894,-0.000254631042,1
393,3.969983,0.169815063,0.0273180734,0.127730444,0.0472528823,-0.140458897,0.224822298,-0.190396324,2.9252162,-0.598972857,-0.496803731,9.95395756,0.00531353988,0.013287575,-0.191461578,2.9414053,-0.000254631042,1
394,3.979980,0.0169815049,0.0738326311,0.0457762294,0.075309284,-0.832009614,-0.0623913221,-0.206375286,2.92256641,0.174618497,-0.348312497,10.0665236,-0.0159917492,0.0207444262,-0.212766871,2.93929958,-0.000254631042,1
395,3.989977,0.0472528823,0.0694026724,0.118870527,0.0413462743,0.518888056,-0.23158522,-0.229811102,2.92084074,0.0428924151,0.394143581,9.26658726,-0.0127959559,0.0228749551,-0.229811102,2.93704128,-0.000254631042,1
396,3.999974,0.090814136,0.0302713774,0.0738326311,0.0694026724,-0.936086118,0.251908153,-0.220223725,2.91847801,-0.0385382511,-0.85605669,9.90366268,-0.010665427,0.0324623361,-0.222354248,2.93469143,-0.000254631042,1
397,4.009983,0.0524211675,0.075309284,0.0642343909,0.0863841772,-0.212893397,-0.1843867,-0.239398479,2.91615963,0.227308929,-0.166290998,9.97790813,-0.0255791284,0.0292665418,-0.241529018,2.93228054,-0.000254631042,1
398,4.019981,0.0797392428,0.090814136,0.0369163156,0.0398696214,0.0273922998,0.524949491,-0.24472481,2.91344833,-0.517542183,-0.0920453891,9.3839426,0.00211774674,0.0399191864,-0.241529018,2.92971706,-0.000254631042,1
399,4.029977,0.0413462743,0.0398696214,0.143235311,0.0952440947,-0.152492538,-0.529807866,-0.238333225,2.91102457,0.55063659,-0.027379863,10.0305986,0.00850933325,0.0505718328,-0.239398479,2.92715359,-0.000254631042,1
400,4.040001,0.109272294,0.106318988,0.0679260194,0.0354396626,-0.510373592,0.177493632,-0.252181649,2.90942955,-0.0553033873,-0.537519038,9.89168739,-0.00960016251,0.0282012783,-0.25750798,2.92452908,-0.000254631042,1
401,4.050005,0.0413462743,0.0243647695,0.0782625824,0.0723559782,-0.189590886,0.385422826,-0.247920603,2.90676165,-0.330730677,-0.274066895,9.29532719,-0.00427384023,0.0367233939,-0.247920603,2.92187405,-0.000254631042,1
402,4.059979,0.10336569,0.0428229235,0.0413462743,0.0922907889,0.116140246,-0.606784046,-0.237267956,2.90481758,0.562611639,0.255232453,9.65218544,-0.00320857554,0.0516370945,-0.237267956,2.91921902,-0.000254631042,1
403,4.069996,0.0428229235,0.0952440947,0.076785937,0.0317480303,-0.182673275,0.508309305,-0.240463749,2.90214062,-0.450481653,-0.298017085,9.09414577,-0.0117306914,0.0335276015,-0.240463749,2.91662502,-0.000254631042,1
404,4.079982,0.0287947264,0.0243647695,0.089337483,0.1122256,0.0716643035,-0.135735884,-0.235137433,2.90092897,0.114743009,0.101951197,10.0617332,-0.00640436914,0.0473760366,-0.235137433,2.91406155,-0.000254631042,1
405,4.089996,0.0937674418,0.0642343909,0.106318988,0.0132898735,0.172212481,-0.0475269444,-0.238333225,2.89791203,0.00457210233,0.178591833,9.98030281,-0.00320857554,0.0367233939,-0.238333225,2.91146755,-0.000254631042,1
406,4.099994,0.0694026724,0.075309284,0.0317480303,0.0538978167,-0.118118204,0.585558057,-0.22661531,2.89533138,-0.539097369,-0.257301748,9.58512497,-0.00853489805,0.038853921,-0.22661531,2.90902615,-0.000254631042,1
407,4.109980,0.089337483,0.0184581578,0.0228881147,0.110748947,0.30533281,-0.136406273,-0.23194164,2.89352655,0.0572625361,0.329478055,9.82223129,-0.00853489805,0.0505718328,-0.23194164,2.90655422,-0.000254631042,1
408,4.119997,0.00147665257,0.0258414224,0.0657110363,0.0273180734,-0.0235499088,0.386859626,-0.218093202,2.89196587,-0.36905098,-0.118390612,9.72882557,-0.00960016251,0.0409844518,-0.218093202,2.9040823,-0.000254631042,1
409,4.129973,0.0398696214,0.109272294,0.0583277754,0.0132898735,-0.0651863739,-0.0472867191,-0.218093202,2.88948107,0.062052574,-0.0513300598,9.73840618,-0.00107804674,0.048441302,-0.218093202,2.90164089,-0.000254631042,1
410,4.140000,0.0568511225,0.0273180734,0.0568511225,0.0849075317,-0.106710412,0.250643462,-0.217027932,2.88748455,-0.215769708,-0.166290998,9.64500046,-0.00853489805,0.0441802442,-0.217027932,2.89919949,-0.000254631042,1
411,4.149974,0.0782625824,0.0413462743,0.0657110363,0.0302713774,-0.112837605,0.197932377,-0.220223725,2.88665628,-0.163079277,-0.159105942,9.92521763,0.00211774674,0.0473760366,-0.220223725,2.89675808,-0.000254631042,1
412,4.160002,0.0214114618,0.0273180734,-0.0391312912,0.0103365686,-0.158395618,0.314460963,-0.223419517,2.8837266,-0.263670087,-0.233351558,9.82941628,-0.00214331108,0.0431149788,-0.223419517,2.89431667,-0.000254631042,1
413,4.169978,0.0184581578,-0.00959824212,0.0642343909,0.0214114618,0.286053866,0.119999677,-0.225550041,2.88192177,-0.189424485,0.245652378,9.96114254,0.0031830112,0.0473760366,-0.225550041,2.89187527,-0.000254631042,1
414,4.180005,0.0627577379,0.0369163156,0.129207104,0.0627577379,0.162691936,-0.0829347223,-0.224484786,2.8803606,0.0381023772,0.178591833,9.71685123,-0.00214331108,0.0399191864,-0.224484786,2.88946438,-0.000254631042,1
415,4.189980,0.0509445108,0.0413462743,0.0937674418,0.0509445108,-0.0590545647,0.281588972,-0.22661531,2.87806749,-0.256485045,-0.1303657,9.7096653,-0.00640436914,0.0441802442,-0.22661531,2.88754177,-0.000254631042,1
416,4.199994,-0.00221497891,0.0354396626,-0.0406079441,0.00442995783,0.111878946,-0.050098598,-0.229811102,2.87572193,0.0189422201,0.121111356,9.76475143,-0.00214331108,0.0441802442,-0.229811102,2.88510036,-0.000254631042,1
417,4.209998,0.0214114618,-0.012551547,0.0457762294,0.0118132206,0.0870682001,0.112915196,-0.221288994,2.87352467,-0.131944016,0.0540508032,9.72882557,-0.00214331108,0.0409844518,-0.221288994,2.88278103,-0.000254631042,1
418,4.219983,0.0612810813,0.0317480303,0.0472528823,0.0413462743,-0.174562544,0.0285895411,-0.217027932,2.87196398,0.0189422201,-0.175871074,9.6617651,-0.00107804674,0.0409844518,-0.217027932,2.88043118,-0.000254631042,1
419,4.229999,0.0657110363,0.0524211675,0.00295330514,0.0657110363,0.489818811,0.226598933,-0.191461578,2.86952257,-0.349890828,0.410908699,9.74319553,-0.00960016251,0.0409844518,-0.191461578,2.87829494,-0.000254631042,1
420,4.239973,0.0118132206,0.0199348107,0.0442995802,0.00295330514,1.03504264,0.0589208715,-0.165895239,2.86888599,-0.335520715,0.980923414,9.96114254,-0.00640436914,0.0516370945,-0.165895239,2.8763113,-0.000254631042,1
421,4.249994,0.0509445108,0.0147665264,0.0538978167,0.0413462743,0.011803465,0.0193021819,-0.104109891,2.86805773,-0.0217731129,0.00615041237,10.7898197,-0.00640436914,0.0324623361,-0.104109891,2.87469387,-0.000254631042,1
422,4.259981,0.0553744733,0.0538978167,0,0.0132898735,0.230142042,0.308648497,-0.076413013,2.86713362,-0.359470904,0.137876496,10.1982498,-0.00640436914,0.00583072472,-0.076413013,2.8735342,-0.000254631042,1
423,4.270002,0.00295330514,-0.00221497891,0.0317480303,0.00295330514,0.759029031,-0.00533343339,-0.0572382547,2.86601782,-0.20139958,0.731841326,9.59949493,0.00744406879,0.00263493136,-0.0572382547,2.87255764,-0.000254631042,1
424,4.279976,0.0287947264,0.0169815049,0.0199348107,0.0184581578,-0.17219685,-0.0506387465,-0.0284761172,2.86601782,0.0955828503,-0.151920885,9.9276123,0.0138356555,-0.00162612647,-0.0284761172,2.87182522,-0.000254631042,1
425,4.290002,-0.00221497891,-0.00221497891,-0.00221497891,0.00295330514,0.338589638,0.101228058,-0.0146276793,2.8664012,-0.189424485,0.298342794,9.6617651,0.00744406879,-0.012278772,-0.0146276793,2.8712759,-0.000254631042,1
426,4.299976,0,0,0.0073832632,-0.00664493674,0.164299786,0.100572899,0.0109386677,2.86571217,-0.141524091,0.130691439,10.0090427,0.00211774674,-0.00482191984,0.0109386677,2.87094021,-0.000254631042,1
427,4.309999,0,0.00295330514,0.0199348107,0,-0.0548496582,-0.146041319,0.01626499,2.86580849,0.155458346,-0.0130097447,9.81744194,0.0031830112,-0.012278772,0.01626499,2.8707571,-0.000254631042,1
428,4.319984,0,-0.0036916316,-0.00959824212,0,0.0590482317,0.0632068217,0.0173302535,2.86678505,-0.0768585652,0.0396806858,9.57554436,-0.010665427,-0.00482191984,0.0173302535,2.87066555,-0.000254631042,1
429,4.329998,0,-0.00221497891,-0.00221497891,-0.00221497891,0.00587303005,-0.0636368915,0.0205260478,2.86688089,0.0596575551,0.0229155496,9.54680443,-0.00533910468,-0.00482191984,0.0205260478,2.87063503,-0.000254631042,1
430,4.339983,0,-0.00221497891,0.00442995783,0,-0.109974876,0.125749856,0.0173302535,2.86707258,-0.0912286863,-0.13994579,9.78870106,0.00424827542,0.00370019581,0.0173302535,2.87060452,-0.000254631042,1
431,4.349994,0,0,-0.00516828429,0.00147665257,-0.0446106344,0.234228343,0.00987340324,2.86716843,-0.213374689,-0.10641551,9.85097218,0.00424827542,-0.00162612647,0.00987340324,2.87054348,-0.000254631042,1
432,4.359980,0,0,0.00147665257,-0.0036916316,-0.302927077,0.244712681,0.00454708049,2.86726427,-0.153499186,-0.357892603,9.9443779,0.00211774674,0.0015696669,0.00454708049,2.87048244,-0.000254631042,1
433,4.370004,0,0,0.00295330514,0,-0.191741705,0.330361068,-0.00504029961,2.86726427,-0.266065121,-0.274066895,9.60428524,0.00105248217,0.000504402502,-0.00504029961,2.87036037,-0.000254631042,1
434,4.380000,0,0,-0.0036916316,0,-0.092688784,0.240283892,-0.00930135697,2.86726427,-0.206189632,-0.154315904,9.52524948,-0.00107804674,0.0015696669,-0.00930135697,2.87020779,-0.000254631042,1
435,4.389974,0,0,0,0,-0.0750564933,0.145457298,-0.0178234726,2.86726427,-0.131944016,-0.0680951998,9.89408207,-0.00427384023,0.00689598918,-0.0178234726,2.86996365,-0.000254631042,1
436,4.400003,0,0,0,0,-0.00479938323,0.198198438,-0.0146276793,2.86619186,-0.0984137431,-0.0992304534,9.75756645,0.00424827542,-0.00162612647,-0.0156929437,2.86965847,-0.000254631042,1
437,4.409979,0,0.00147665257,0,0,0.0134515837,0.113384679,-0.0114318859,2.86697674,-0.0912286863,-0.0321699008,9.80546665,0.00531353988,0.00370019581,-0.0114318859,2.86947536,-0.000254631042,1
438,4.419996,0,0.00147665257,0,0,0.0330478363,0.0854607373,-0.00823609252,2.86600018,-0.100808762,0.00375539274,9.81504631,0.00105248217,0.00263493136,-0.00717082852,2.86932278,-0.000254631042,1
439,4.429983,0,0,0,0,0.11039789,0.0685736686,-0.00290977047,2.86609602,-0.117573902,0.0372856669,9.83660221,0.00211774674,0.00263493136,-0.00290977047,2.86917019,-0.000254631042,1
440,4.440004,0,0,0,0,0.00291771675,0.031755887,0.00880813878,2.86628771,-0.0529083684,-0.0177997835,9.81983662,-1.27822468e-05,0.0015696669,0.00987340324,2.86907864,-0.000254631042,1
441,4.449994,0,0,0,-0.00221497891,0.0359269306,0.104559928,0.00774287386,2.86628771,-0.165474296,0.0229155496,9.81983662,-0.00320857554,-0.00162612647,0.00880813878,2.86904812,-0.000254631042,1
442,4.459982,0,-0.00221497891,0,0,0.0370857529,0.206252366,0.00987340324,2.86716843,-0.208584651,-0.0201948043,9.73601055,-0.00107804674,-0.00269139092,0.0109386677,2.86910915,-0.000254631042,1
443,4.469980,0,0,0,0,-0.162206545,0.187714845,0.0109386677,2.86716843,-0.136734053,-0.207006335,9.75996113,0.00211774674,0.00263493136,0.0120039321,2.86910915,-0.000254631042,1
444,4.479977,0,0,0,0,-0.0953532755,0.248497903,0.00454708049,2.86726427,-0.213374689,-0.159105942,9.74559116,0.00105248217,0.00263493136,0.00241655181,2.86910915,-0.000254631042,1
445,4.489984,0,0,0,0,-0.133491784,0.236819297,-0.000779241615,2.86736012,-0.191819504,-0.192636222,9.79828167,0.00105248217,-0.00269139092,-0.00184450613,2.86904812,-0.000254631042,1
446,4.499982,0,0,0,0,-0.118002184,0.202793747,-0.00290977047,2.86628771,-0.163079277,-0.168686017,9.78151608,-1.27822468e-05,-0.00482191984,-0.00290977047,2.86889553,-0.000254631042,1
447,4.509980,0,0,0,0,-0.0481884815,0.185571313,-0.00290977047,2.86619186,-0.165474296,-0.0968354344,9.64021015,-0.00214331108,0.00476546027,-0.00290977047,2.86874294,-0.000254631042,1
448,4.519977,0.0487295389,0.076785937,0.0509445108,0.0428229235,0.0840566978,-0.147954658,-0.00504029961,2.86628771,0.119533047,0.121111356,9.78870106,0.00211774674,0.00263493136,-0.00504029961,2.86859035,-0.000254631042,1
449,4.529973,0.393527865,0.308620423,0.353658289,0.344060034,-0.50767833,0.805638969,-0.00184450613,2.86628771,-0.63729316,-0.707565486,9.570755,0.00850933325,0.000504402502,-0.00184450613,2.86843777,-0.000254631042,1
450,4.539982,0.331508517,0.274657369,0.246600971,0.263582498,-4.25540829,0.330391765,-0.0242150594,2.8664794,0.838038921,-4.18513393,12.9453373,0.0223577712,-0.00908297859,-0.0242150594,2.86828518,-0.000254631042,1
451,4.559998,0.509445131,0.411986113,0.369163156,0.513875127,-5.29891205,5.0898962,-0.714506447,2.8561039,-3.39156556,-6.51788282,6.07402611,-1.27822468e-05,-0.0687377825,-0.714506447,2.86157131,-0.000254631042,1
452,4.569983,0.64825052,0.485080361,0.667446911,0.537501574,-3.75708055,2.68387413,-1.15872169,2.84384441,-1.46357501,-4.37913036,7.37691641,0.0649683475,0.0846602991,-1.15872169,2.85278225,-0.000254631042,1
453,4.580001,0.951702595,0.897066414,0.885253191,0.727251351,-5.30324459,3.51656771,-1.50067151,2.83326721,-1.74139726,-6.12030935,8.33731937,0.18001692,0.228470996,-1.50067151,2.84072781,-0.000254631042,1
454,4.589974,1.13037753,1.03808689,1.04104006,0.943580985,-2.72580242,2.19629931,-1.9352994,2.81840038,-1.21688795,-3.28221154,9.49411392,0.358981341,0.282799482,-1.9352994,2.82495022,-0.000254631042,1
455,4.599999,1.04399335,1.17836881,1.2869029,1.21233177,-5.05563307,4.42311573,-2.30707669,2.79430056,-2.43834805,-6.2592206,9.9276123,0.324892879,0.31049636,-2.30707669,2.80569363,-0.000254631042,1
456,4.609974,1.2699213,1.33267891,1.45967102,1.34670711,-4.95617104,5.83907795,-2.66074443,2.76533604,-3.60951233,-6.75498962,14.5308399,0.215170637,0.387195408,-2.66074443,2.78271389,-0.000254631042,1
457,4.620004,1.44859624,1.55048513,1.26844454,1.59109318,-0.15421854,4.62958527,-3.15502715,2.74251747,-4.20587206,-1.94100058,17.8215981,0.0095745977,0.131531939,-3.15502715,2.75598049,-0.000254631042,1
458,4.629980,1.62505627,1.69150567,1.69150567,1.84286249,-7.60551405,5.61394358,-3.41708231,2.70933199,-1.91144359,-9.25778484,14.7320223,-0.0958865881,-0.157154739,-3.41708231,2.7256155,-0.000254631042,1
459,4.639998,1.98166788,1.90635848,1.73285198,1.85024571,-3.03674626,1.98897243,-3.88686395,2.66622496,-0.378631055,-3.61032915,7.48229742,0.0468588509,-0.419209778,-3.88686395,2.69152737,-0.000254631042,1
460,4.649983,1.96025622,2.07469702,2.26740003,1.84433925,0.156773031,4.04779053,-4.27248955,2.62527943,-3.59753728,-1.86196494,2.07194829,-0.0554065369,-0.275399089,-4.27248955,2.66104031,-0.000254631042,1
461,4.660003,2.38700914,2.04221058,2.31391478,1.79930127,3.11276507,9.35798931,-4.6368103,2.57981586,-9.57790184,-2.35054898,10.0305986,0.144863188,-0.0676725209,-4.6368103,2.62011623,-0.000254631042,1
462,4.669977,2.51769257,2.10422969,2.0466404,2.13671637,-0.883825958,3.1094799,-5.13322353,2.52428913,-2.02400947,-2.52059531,5.30761957,0.119296834,-0.0154745653,-5.13322353,2.57488918,-0.000254631042,1
463,4.680001,2.44533682,2.5162158,2.23048377,1.92038679,0.19528757,2.4861002,-5.29833937,2.46957493,-2.06711984,-1.39493608,12.2076712,0.177886382,0.136858255,-5.29833937,2.52603054,-0.000254631042,1
464,4.689975,2.25854015,2.07322025,2.24008203,1.95287311,-2.70923829,11.3868523,-5.85866833,2.42475986,-6.80446911,-9.52363205,1.99051762,0.345132917,0.168816179,-5.85866833,2.47393703,-0.000254631042,1
465,4.700035,2.34344769,2.19504404,1.96320951,2.38996243,8.04263783,-0.732869804,-6.27731752,2.3592968,-5.14951038,6.22122669,21.1937866,0.197061151,0.360563815,-6.27731752,2.41671658,-0.000254631042,1
466,4.709978,2.23712873,2.44976664,2.34344769,2.2865963,1.15502369,5.82724857,-6.64909458,2.28762388,-4.69924641,-3.63427949,10.9910011,0.00531353988,0.0324623361,-6.64909458,2.35620022,-0.000254631042,1
467,4.719994,2.3308959,2.42835522,2.54131913,2.30210137,0.748264909,11.4816809,-7.00595808,2.21917677,-7.53015995,-8.69974613,1.29835689,0.00637880433,0.282799482,-7.00595808,2.29113674,-0.000254631042,1
468,4.729980,2.31391478,2.35747576,2.01563048,2.22310042,5.22195768,5.86803913,-7.28292704,2.1672163,-7.61638069,-1.92184043,9.57554436,0.0596420243,0.225275204,-7.28292704,2.22338772,-0.000254631042,1
469,4.739976,2.37593389,2.42835522,2.11973476,2.18396926,10.6046295,7.23929596,-7.46721792,2.08117485,-12.7896223,-1.13627398,10.598218,0.242867514,0.290256351,-7.46721792,2.15319729,-0.000254631042,1
470,4.750000,2.33237243,2.46379471,2.30948472,2.64616156,6.35068512,6.55327559,-7.63552952,1.99806452,-8.49535275,-3.3325069,8.54089642,0.349393964,0.0260707494,-7.63552952,2.0804739,-0.000254631042,1
471,4.759975,2.29397964,2.49185157,2.46231818,2.50735617,9.06426144,5.62979507,-7.98174047,1.93429232,-10.4736385,-2.03919649,13.4842167,0.171494797,0.281734228,-7.98174047,2.00503445,-0.000254631042,1
472,4.770004,2.3153913,2.40251374,2.26296997,2.2880733,12.7894249,1.86179256,-8.04032993,1.83900642,-12.8255472,1.59404838,17.9868526,0.401591927,0.256167859,-8.04032993,1.92779446,-0.000254631042,1
473,4.779981,2.37002754,2.38553214,2.48889804,2.4172802,11.0194368,4.95635319,-8.12768173,1.75158501,-11.7310238,-2.89421844,7.87029076,0.409048766,0.456437588,-8.12768173,1.84927273,-0.000254631042,1
474,4.789995,2.49037457,2.47929978,2.54131913,2.41137362,2.89056182,-4.82690907,-8.26190472,1.68373156,-2.32817698,5.12191248,4.29213142,0.462311983,0.332866937,-8.26190472,1.76898098,-0.000254631042,1
475,4.800014,2.55239415,2.45788836,2.47339296,2.36781263,11.6907082,13.0981026,-8.25870895,1.59872818,-12.0519562,-12.76649,6.15066671,0.158711627,0.495852381,-8.25870895,1.68771267,-0.000254631042,1
476,4.810002,2.70153594,2.71925592,2.27699804,2.37298083,6.39615345,8.97793961,-8.23740387,1.51183987,-5.85604095,-9.33921623,18.3964024,0.221562237,0.541658759,-8.23740387,1.60649014,-0.000254631042,1
477,4.820068,2.87947273,2.80268669,2.46527147,2.50292611,9.3593111,-4.52295542,-8.26296997,1.43827438,-9.87488365,3.24661207,2.0743432,0.270564407,0.551246166,-8.26296997,1.52497768,-0.000254631042,1
478,4.829981,2.89054751,2.84698606,2.54574895,2.6911993,6.55386209,-3.3727684,-8.4461956,1.34524012,-7.14216661,1.82157528,11.0317163,0.594404757,0.383999616,-8.4461956,1.44273281,-0.000254631042,1
479,4.839979,2.60629177,2.80268669,2.43943,2.63213348,6.58100653,-4.39844179,-8.62942123,1.25854588,-7.61398554,2.16406298,10.24615,0.674299598,-0.0644767284,-8.62942123,1.35832119,-0.000254631042,1
480,4.849996,2.5553472,2.80047178,2.61810493,2.68676925,13.6839542,-1.34477639,-8.67309666,1.15256214,-13.0506792,-4.32883501,21.5506439,0.390939265,-0.00588718429,-8.67309666,1.27247524,-0.000254631042,1
481,4.859981,2.55830073,2.75617194,2.58931017,2.85363102,5.88247442,-5.19001579,-8.65711784,1.05252266,-12.2004471,-2.64753127,9.4533987,0.383482426,-0.145436838,-8.65711784,1.18586636,-0.000254631042,1
482,4.869996,2.60629177,2.76650858,2.7111342,2.93484712,12.6369915,-8.67622471,-8.77536297,0.969043255,-15.5678453,0.875542521,14.367979,0.297196001,0.0665507987,-8.81584263,1.09864712,-0.000254631042,1
483,4.879981,2.49480438,2.79161167,2.8115468,2.88759422,-11.7172537,-7.63544464,-8.95113087,0.894467354,-4.8836627,1.67308402,18.4945984,0.329153955,-0.181655824,-8.95645714,1.00981045,-0.000254631042,1
484,4.889998,2.64911485,2.58118868,2.71925592,2.64911485,7.66423512,-12.2588005,-8.89999866,0.80654335,-2.50301337,-6.76217461,4.13406038,0.30465287,-0.175264239,-8.87762833,0.920332909,-0.000254631042,1
485,4.899973,2.63877821,2.56273055,2.7081809,2.67717099,8.99365616,-20.1613464,-8.99480724,0.70447588,-18.9927235,-2.29546356,3.22155786,0.195995882,-0.0250619445,-9.00013351,0.830733299,-0.000254631042,1
486,4.910001,2.72220898,2.71408749,2.68824601,2.87651944,2.34811807,-13.0010891,-9.09174633,0.624902725,-0.321150571,-4.78388882,17.4359989,0.139536873,0.358433276,-9.17377186,0.740004539,-0.000254631042,1
487,4.919976,2.76503181,2.90309906,2.59669352,2.47782302,5.75169706,-12.0332689,-9.06830978,0.518413067,-13.3021564,4.0321784,12.152586,0.058576759,0.342454314,-9.0587225,0.647841454,-0.000254631042,1
488,4.930001,2.88390255,2.91786551,2.57971191,2.57380581,-2.29708791,-17.7159081,-9.0214386,0.439704895,-15.0529156,9.61975956,11.2281084,0.0937304869,0.468155503,-9.05126572,0.557082176,-0.000254631042,1
489,4.939977,2.85658431,2.83443451,2.52729082,2.83664966,6.2004323,-8.30073166,-9.13861752,0.344944954,-9.90841389,-3.02833939,5.11841297,0.184277982,0.548050344,-9.1599226,0.465559959,-0.000254631042,1
490,4.949997,2.78349018,2.83148122,2.5331974,2.95699716,0.0229387712,-7.1372304,-9.38043308,0.243975163,-6.93140507,1.70182431,13.3979959,0.174690589,0.487330258,-9.32610416,0.372389793,-0.000254631042,1
491,4.959983,2.74214363,2.8270514,2.60776854,2.74657369,-10.4705725,-16.6017075,-9.22064304,0.160852909,-14.7104282,12.9943419,11.5394611,0.145928457,0.3669554,-9.22064304,0.279036522,-0.000254631042,1
492,4.970003,2.81597662,2.77463007,2.78718185,2.77020049,0.761205673,-19.157198,-9.12796497,0.071269989,-19.1627693,0.604905307,8.16008759,0.103317864,0.44152391,-9.12796497,0.18644619,-0.000254631042,1
493,4.979978,2.73106909,2.87208939,2.9473989,2.9473989,-8.71930313,-6.99033976,-9.2217083,-0.0312690735,-7.25952244,8.49649525,14.7559719,0.297196001,0.288125813,-9.2217083,0.09370327,-0.000254631042,1
494,4.990003,2.85953784,2.83148122,3.09284854,2.85363102,-7.59117365,-15.1104755,-9.10133362,-0.114564419,-15.8791981,5.81407309,5.20223856,0.176821128,0.315822691,-9.10133362,0.000472068787,-0.000254631042,1
495,4.999978,2.97545505,2.81966829,3.18735456,2.81745338,0.767706931,-8.69296455,-9.0970726,-0.208078384,-8.34686184,-2.54694057,-8.18352604,0.230084345,0.399978578,-9.0970726,-0.0918130875,-0.000254631042,1
496,5.009974,2.80563998,2.80711651,2.59817028,2.86839771,-0.946230054,-9.74055672,-9.28882027,-0.287518978,-9.60903645,-1.85477984,11.2400837,0.240736991,0.517157674,-9.28882027,-0.184861183,-0.000254631042,1
497,5.019981,2.79751825,2.99095964,2.54427242,3.06626892,-0.920282543,4.68580055,-9.42304325,-0.398647308,3.96114469,2.66701722,18.1664791,0.382417172,0.175207764,-9.42304325,-0.279557228,-0.000254631042,1
498,5.029978,2.88390255,3.09284854,2.74362063,3.06036258,-11.7566929,-6.12083435,-9.16311836,-0.481405258,-10.8688164,7.58638763,11.2903786,0.635950089,-0.136914715,-9.16311836,-0.373490334,-0.000254631042,1
499,5.039974,2.73402262,3.03230596,2.97397852,3.21762609,-9.83325768,-3.83779788,-9.28455925,-0.562495708,-8.49056244,6.27152205,17.421629,0.578425765,-0.0442367047,-9.28455925,-0.466691017,-0.000254631042,1
500,5.049981,2.86249113,3.03378272,2.93853855,2.96733332,-10.0314808,-4.92093611,-9.31332111,-0.656549931,-10.0209799,4.94228601,8.60795689,0.719040692,-0.0943041295,-9.31332111,-0.560379982,-0.000254631042,1
501,5.059979,2.55239415,2.92155695,2.7775836,2.82262135,-3.58763266,-14.1368723,-9.53915691,-0.759768009,-12.7201672,-7.13579798,4.74000025,0.762716532,-0.142241046,-9.53915691,-0.655810356,-0.000254631042,1
502,5.069976,2.59964681,2.88759422,2.63582492,2.92746377,-9.24620533,-1.80209041,-9.55620098,-0.843533039,-8.10496426,4.80097961,12.4280128,0.686017513,-0.00588718429,-9.55620098,-0.752337456,-0.000254631042,1
503,5.079983,2.70005894,2.8861177,2.82262135,3.03525949,-15.1943502,-11.8821917,-9.497612,-0.936977386,-19.2801247,-0.5758394,3.51135516,0.364307672,0.112357177,-9.497612,-0.847460747,-0.000254631042,1
504,5.089996,2.44090652,2.72073245,2.9459219,2.72959232,-17.6489792,-11.5078812,-9.75647068,-1.02691698,-21.05723,-0.714750528,7.67150402,0.258846492,0.531006098,-9.75647068,-0.944628716,-0.000254631042,1
505,5.099983,2.64025497,2.87504268,3.00941801,2.84403276,-5.13531971,1.72050798,-9.52424335,-1.12260151,-3.88254452,3.77591133,11.3406744,0.0298146233,0.504374504,-9.52424335,-1.04146099,-0.000254631042,1
506,5.110002,2.76503181,2.84550929,2.87208939,2.73402262,-19.2007332,-0.888023496,-9.62863922,-1.23098183,-18.3987579,5.56259632,11.4508448,-0.148084536,0.607705176,-9.62863922,-1.13762188,-0.000254631042,1
507,5.119977,2.62327337,2.98431468,2.62770319,2.69710612,-5.66864061,15.5430098,-9.81612587,-1.317801,-1.59769607,16.4671192,20.6261673,-0.127844512,0.437262833,-9.81612587,-1.21662807,-0.000254631042,1
508,5.130000,2.83812642,2.95182848,2.70670438,2.87504268,-9.96601772,-1.64183092,-9.47950268,-1.4156847,-10.1000156,-0.0824653134,8.91691399,-0.175781414,0.195447788,-9.47950268,-1.31352139,-0.000254631042,1
509,5.139976,2.63877821,2.97250175,2.83148122,2.98948312,-21.1840935,0.49654305,-9.67977238,-1.52799845,-21.1434517,1.40244687,6.73744631,-0.216261461,0.0558981523,-9.67977238,-1.40992641,-0.000254631042,1
510,5.150003,2.84846282,3.08177376,2.91048217,2.9629035,-15.0653439,16.278492,-9.64248753,-1.61540079,-15.7762117,15.5905428,24.1061306,0.0457935855,0.500113428,-9.64248753,-1.50727749,-0.000254631042,1
511,5.159978,2.76798534,3.04781103,2.98948312,3.11573696,-9.24873352,4.69874859,-9.50187302,-1.73322582,-9.88685894,3.14123106,6.85959244,0.428223521,-0.0538240857,-9.50187302,-1.60349941,-0.000254631042,1
512,5.170003,2.7111342,3.16668153,3.14674664,3.20064449,-18.2085934,-4.59205055,-9.56898499,-1.80170774,-16.674345,-8.63747501,-13.55795,0.242867514,0.158163533,-9.56898499,-1.69996548,-0.000254631042,1
513,5.180003,2.85510778,3.16077471,2.9304173,2.97250175,-16.1374893,16.4138412,-9.57431126,-1.92192888,-20.7985687,9.86165619,-13.7567368,0.338741332,0.311561644,-9.57431126,-1.79640055,-0.000254631042,1
514,5.189977,2.95994997,3.25011253,2.55830073,3.00498796,-2.81464839,14.8250608,-9.5988121,-2.00869465,-8.8354454,12.2327251,4.91244125,0.480421484,0.485199749,-9.5988121,-1.8937211,-0.000254631042,1
515,5.200004,3.04190421,3.17037296,2.65575981,3.15117645,-8.97635841,-1.28890479,-9.59987736,-2.09722281,-7.11342621,-5.62454033,14.1188965,0.7648471,0.520353496,-9.59987736,-1.99067545,-0.000254631042,1
516,5.209978,3.15929818,3.24420571,2.76355505,3.1039238,-4.62944031,12.1911173,-9.75220966,-2.19589138,-10.8879766,7.17683935,-0.526648045,0.945942044,0.20503518,-9.75220966,-2.0883317,-0.000254631042,1
517,5.220000,2.77463007,3.27521539,2.81449986,2.94001555,-11.303937,7.4794898,-9.72983932,-2.29652834,-13.4195127,-1.90747035,19.5699615,0.580556333,0.55231142,-9.72983932,-2.18626261,-0.000254631042,1
518,5.229975,2.87651944,3.2840755,2.46896338,2.94149208,-11.9167118,10.5404196,-9.85980129,-2.38943005,-15.8384819,-1.50031698,10.0593386,0.645537436,0.149641424,-9.85980129,-2.2843461,-0.000254631042,1
519,5.240002,2.92008042,3.18883133,2.58635688,3.02344632,-9.72110462,11.3646345,-9.82038689,-2.49638939,-14.9259796,-0.932697296,10.6844387,0.370699257,0.500113428,-9.82038689,-2.38276529,-0.000254631042,1
520,5.250000,2.67864776,3.08841896,2.74214363,3.17037296,-10.9146309,20.5100574,-9.86512852,-2.59762192,-23.1983776,1.27551079,-0.845185697,0.403722465,0.336062729,-9.86512852,-2.48222208,-0.000254631042,1
521,5.260000,2.76503181,3.09580207,2.7945652,3.10540032,-0.448871583,13.2723742,-9.76712418,-2.69141531,-12.1453619,5.37099457,-1.54932141,0.46657306,0.151771948,-9.76712418,-2.58097696,-0.000254631042,1
522,5.269975,2.89054751,3.12385869,2.70522761,2.98948312,-6.44322824,15.4921103,-9.82890892,-2.79677963,-16.7581692,-0.827316463,16.5091267,0.364307672,0.209296227,-9.82890892,-2.67979288,-0.000254631042,1
523,5.279994,2.99243641,3.03747416,2.84698606,3.07439065,8.062994,13.7382536,-9.87045479,-2.89676332,-11.3741655,11.1525717,5.81775856,0.266303331,0.0228749551,-9.87045479,-2.77885294,-0.000254631042,1
524,5.289979,3.00941801,3.09137201,2.9459219,3.07734394,15.2726107,8.3452816,-9.77031994,-2.98891687,-5.92549658,16.3641338,3.03474617,0.104383133,-0.0133440364,-9.77031994,-2.87751627,-0.000254631042,1
525,5.299994,3.05445576,3.09137201,2.70670438,2.73402262,-0.453797281,13.5776262,-9.77458096,-3.10014915,-13.5847692,0.109136254,24.434248,0.117166303,-0.1433063,-9.77458096,-2.97633219,-0.000254631042,1
526,5.309980,3.03378272,2.98283839,2.87651944,2.81597662,-3.13598275,14.4947939,-9.89495564,3.09304333,-19.4980717,3.08614564,8.60316658,0.0255535655,0.0111570461,-9.89495564,-3.07621622,-0.000254631042,1
527,5.320004,2.98948312,3.06331611,3.06183934,2.94001555,9.18358994,6.05385256,-9.89175987,2.98801804,-7.68823099,19.8033829,-0.766150057,-0.113996081,0.134727731,-9.89175987,3.10809231,-0.000254631042,1
528,5.329979,2.93189383,3.03082943,2.94001555,2.90605235,7.14963007,10.8895864,-9.68403339,2.9134593,-15.5031796,-4.3647604,-2.36362815,-0.346223712,0.193317264,-9.72664356,3.00918484,-0.000254631042,1
529,5.340001,2.9473989,3.11278367,2.91786551,2.71556401,4.35753918,14.5123053,-9.98443794,2.82785177,-11.8627501,4.90875578,6.00936031,-0.094821319,0.440458626,-10.0249176,2.91036892,-0.000254631042,1
530,5.349977,3.09432554,3.17184973,2.93484712,2.72663903,4.58418274,7.01777744,-10.0494184,2.72670841,-15.359478,5.45003033,8.03794193,0.148058981,0.478808165,-10.0451574,2.80972195,-0.000254631042,1
531,5.359996,3.15929818,3.21171927,2.9090054,2.78865838,16.4359341,10.3529682,-9.98017693,2.62788486,-10.7562504,10.4699907,4.57474375,0.446333021,0.483069211,-9.95993614,2.70919704,-0.000254631042,1
532,5.370000,3.12681174,3.27669215,2.79604173,2.92746377,10.6603365,15.7564774,-9.83849621,2.54431963,-16.9809074,0.899492741,12.2292261,0.414375097,0.488395542,-9.78949451,2.61019802,-0.000254631042,1
533,5.379984,3.21614957,3.25158906,2.56125402,2.9090054,15.5899849,8.59390926,-9.90560818,2.44412518,-16.6000977,6.42959356,14.0829716,0.344067633,0.456437588,-9.88856411,2.51083279,-0.000254631042,1
534,5.389994,3.04781103,3.38301134,2.66978765,2.90309906,12.8783064,4.66198969,-9.9610014,2.34767199,-12.4519243,5.70390224,10.9454956,0.475095183,0.420218617,-9.95141411,2.41195583,-0.000254631042,1
535,5.399981,3.12385869,3.29072046,2.81745338,2.83295798,17.9779434,6.58053589,-9.92052174,2.2505393,-18.1185417,6.18290615,10.7059937,0.599731088,0.502243996,-9.91839123,2.31231594,-0.000254631042,1
536,5.410004,2.91491222,3.17775631,2.88907099,2.88094926,12.3015871,3.76703811,-9.90667343,2.1435113,-12.3800735,3.50048399,6.26083755,0.735019684,0.486265004,-9.90667343,2.21292019,-0.000254631042,1
537,5.419977,2.80047178,3.07439065,2.8861177,2.9459219,6.5970149,2.89647937,-9.94076157,2.03724957,-7.19485712,0.379773468,4.07418489,0.591208935,0.270016313,-9.94076157,2.11349392,-0.000254631042,1
538,5.430004,2.89497733,3.16225147,2.94149208,2.74509716,18.1951389,-9.79494095,-9.9492836,1.94929647,-13.2877865,15.8252544,11.4268951,0.570968926,0.105965585,-9.9492836,2.01342678,-0.000254631042,1
539,5.439978,3.02639937,3.13271856,2.81745338,2.87947273,9.51327896,-0.542741001,-9.86725903,1.84442902,-9.01267719,3.09333062,11.7645922,0.609318435,0.234862581,-9.86725903,1.91448879,-0.000254631042,1
540,5.450002,3.19178462,3.09580207,2.73106909,3.00129628,15.4583664,-3.76122141,-9.75647068,1.75772429,-14.4900866,6.56850433,12.1166601,0.640211105,0.144315094,-9.75647068,1.81591702,-0.000254631042,1
541,5.459978,3.08325028,3.163728,2.81449986,2.92598701,21.6165447,-5.85565615,-9.87897682,1.64514112,-21.1218948,7.44508171,-17.595953,0.477225691,0.170946717,-9.87897682,1.71734524,-0.000254631042,1
542,5.469996,3.21024275,2.93706203,3.09580207,2.79308844,26.0078068,-6.42713737,-9.76286221,1.54106665,-26.1873627,5.65121174,24.3456326,0.249259099,0.562964022,-9.76286221,1.61819363,-0.000254631042,1
543,5.479983,3.05297923,3.05740929,2.77315354,2.81745338,15.942708,-5.63340712,-9.64994431,1.45416832,-16.4899273,3.73998594,14.8853035,0.12994948,0.517157674,-9.64994431,1.51942348,-0.000254631042,1
544,5.489994,3.1039238,3.17332625,2.80711651,2.85953784,14.5125275,1.87303364,-9.75966644,1.35482025,-13.7739754,-4.9395647,6.86198759,-0.0617981218,0.296647936,-9.75966644,1.42265224,-0.000254631042,1
545,5.500095,3.20876622,3.34166479,2.81745338,2.87208939,5.64378166,-13.9240398,-9.87684631,1.24986649,-9.74794769,11.4327888,-7.84103823,-0.069254972,-0.0815209597,-9.87684631,1.32374477,-0.000254631042,1
546,5.509976,3.27669215,3.13271856,2.81966829,2.86396766,21.2132416,-11.7427359,-9.80760384,1.16124439,-24.1348305,2.32452941,0.251733303,-0.0298401862,0.103835061,-9.80760384,1.22529507,-0.000254631042,1
547,5.519984,3.37858129,3.18218637,2.81745338,2.82852769,10.2697592,-15.149663,-9.88536835,1.05762482,-16.3845463,8.15640259,12.7561302,0.295065492,0.181599349,-9.88536835,1.12629604,-0.000254631042,1
548,5.529982,3.41254401,3.4376471,2.84403276,2.7281158,16.6811771,-8.26870823,-9.67870712,0.949566364,-18.377203,-2.98522902,7.76490974,0.244998053,0.0143528394,-9.67870712,1.02818203,-0.000254631042,1
549,5.539979,3.30327201,3.48194671,2.88759422,2.68824601,17.6225739,-14.9566412,-9.75966644,0.847933769,-23.1097622,-0.44171828,3.44908476,0.432484597,0.0143528394,-9.75966644,0.930220604,-0.000254631042,1
550,5.549976,3.1533916,3.21762609,2.97693157,2.68012452,8.3459425,-7.04718733,-9.98443794,0.749693394,-10.8448668,-1.30632031,9.6186552,0.373895049,0.203969911,-9.98443794,0.83009243,-0.000254631042,1
551,5.559984,3.12976527,2.90752888,2.96954846,2.69267607,13.464179,-14.4101171,-10.0270481,0.630413532,-19.5771084,-2.38168406,17.0072899,0.464442521,0.374412239,-10.0270481,0.729598045,-0.000254631042,1
552,5.569981,3.05297923,2.92451048,2.87208939,2.87061262,15.0201817,-17.3781719,-9.99615574,0.527822018,-22.5780678,-4.22345448,9.98988342,0.483617276,0.104900323,-9.99615574,0.649184227,-0.000254631042,1
553,5.579978,3.1533916,3.08029723,2.85141611,2.81007004,13.8287039,-8.9923439,-9.90986919,0.42305994,-13.8769617,-8.91769218,8.52173615,0.332349747,0.51609242,-9.90986919,0.548781395,-0.000254631042,1
554,5.589974,3.19030786,3.15929818,2.89497733,2.79161167,-7.94301891,-11.8654346,-10.0973558,0.313475609,-8.83784008,11.2148418,15.5750685,0.421831936,0.208230972,-10.0973558,0.447951317,-0.000254631042,1
555,5.620000,3.25823402,3.00351119,3.14674664,2.66757298,5.5769043,-17.8005562,-9.95993614,0.0249457359,-17.934124,-5.13116646,7.4176321,0.125688419,0.718492687,-9.95993614,0.146834373,-0.000254631042,1
556,5.630003,3.34904814,3.01089454,3.3387115,2.63213348,-7.82552433,-12.2244139,-10.0078735,-0.0797204971,-12.8087826,6.82716656,3.35807395,0.165103212,0.789865375,-10.0078735,0.0459737778,-0.000254631042,1
557,5.639978,3.49449849,2.97840834,3.06996059,2.59669352,-19.9510555,-7.50701523,-10.0653982,-0.175153732,-10.8688164,18.3376312,1.36302245,0.0958610177,0.512896597,-10.0653982,-0.0549783707,-0.000254631042,1
558,5.650003,3.28776693,2.86249113,3.15486813,2.60112333,-9.63654995,-15.726263,-9.98230743,-0.277398586,-17.7640781,4.96144629,-9.25889015,0.141667396,0.477742881,-9.98230743,-0.155594826,-0.000254631042,1
559,5.659977,3.27521539,2.83664966,3.18513966,2.59817028,-10.8791494,-8.61312771,-10.1644678,-0.365786076,-11.9345999,7.0786438,6.53386974,0.415440351,0.44152391,-10.1644678,-0.257187843,-0.000254631042,1
560,5.669998,3.36750627,2.84403276,3.09580207,2.6911993,-7.76757479,-20.4008942,-10.0068083,-0.464846134,-21.718256,-2.2020576,27.7034492,0.517705739,0.175207764,-10.0068083,-0.359025002,-0.000254631042,1
561,5.679984,3.33206654,2.89054751,3.08029723,2.8861177,-24.4318104,-15.1587687,-10.0590057,-0.565310478,-25.8879852,12.5105476,11.6208916,0.696670175,0.166685656,-10.0590057,-0.460190773,-0.000254631042,1
562,5.689994,3.35421634,2.87356591,3.28112221,3.11130714,-16.2104874,-10.556282,-9.9610014,-0.663150311,-18.2981682,6.27631187,4.01430941,0.611449003,0.115552969,-9.9610014,-0.560837746,-0.000254631042,1
563,5.699981,3.21614957,2.87504268,3.46644187,3.10540032,-11.7769651,0.90302676,-9.94289207,-0.770972729,-7.55889988,9.07608986,15.4433432,0.757390201,-0.0527588204,-9.94289207,-0.661517143,-0.000254631042,1
564,5.710004,3.12976527,2.82557487,3.32468343,3.07734394,-15.3264303,-13.0403814,-9.86725903,-0.861104012,-20.1231728,0.09476614,14.5955057,0.691343844,-0.111348361,-9.86725903,-0.761370659,-0.000254631042,1
565,5.719978,2.92451048,2.7945652,3.17923307,3.06626892,-8.63845158,-5.07739544,-9.97058964,-0.958646774,-9.98744965,0.808481991,14.7679472,0.736084938,-0.126262069,-9.97058964,-0.861132622,-0.000254631042,1
566,5.730001,3.02639937,2.77906013,3.33723497,3.07439065,-12.0384512,-0.443917125,-10.0217218,-1.05463743,-10.6891899,5.55541134,15.7810402,0.626362681,-0.0602156706,-10.0217218,-0.961565971,-0.000254631042,1
567,5.739975,2.95699716,2.64173174,3.30770206,3.05593276,-17.0944195,-14.2746134,-9.91306496,-1.14975643,-21.4356441,-6.04127407,3.15210223,0.483617276,0.164555117,-9.91306496,-1.06215191,-0.000254631042,1
568,5.749995,3.08177376,2.57823539,3.35200119,3.07882047,-8.00993538,0.220916808,-9.90667343,-1.26191044,-7.56369019,2.64546204,8.94804955,0.258846492,0.169881448,-9.90667343,-1.16176128,-0.000254631042,1
569,5.759980,3.15929818,2.59817028,3.62001395,3.10983014,-17.5979099,-0.60975039,-9.90241241,-1.35749912,-17.3281841,3.12925601,4.23225594,-0.0383623056,0.496917665,-9.90241241,-1.26127529,-0.000254631042,1
570,5.770000,2.99095964,2.60112333,3.42214251,3.10170889,-0.437497735,18.6497517,-10.072855,-1.45323658,1.75293636,18.5723419,18.8514557,-0.183238268,0.359498531,-10.072855,-1.36143398,-0.000254631042,1
571,5.779974,2.9289403,2.63730145,3.3387115,2.8861177,-9.55498409,0.577946484,-10.081377,-1.55515718,-16.3079071,5.62965679,34.9124603,-0.357941628,0.306235313,-10.081377,-1.46278286,-0.000254631042,1
572,5.790001,3.00498796,2.63877821,3.29367375,2.84698606,-15.0957003,3.33379459,-10.1293135,-1.65126133,-14.3942852,5.9481945,-2.11215115,-0.471924931,-0.17419897,-10.1559448,-1.56465054,-0.000254631042,1
573,5.799977,2.80859327,2.62622666,3.36159945,2.94296861,-7.52399206,-7.60650396,-10.0653982,-1.74265814,-11.7669487,13.7487726,-6.86387014,-0.25567624,0.401043862,-10.1090736,-1.66593838,-0.000254631042,1
574,5.809999,2.87651944,2.64173174,3.34609485,3.10835361,-14.290308,15.3511009,-10.0377007,-1.84231186,-5.18783045,18.5938969,16.1283188,-0.0660591796,0.542724013,-10.0313091,-1.76710367,-0.000254631042,1
575,5.819984,2.9090054,2.64911485,3.57940578,3.09432554,-5.23760986,12.0888557,-9.96952438,-1.93340445,-17.6491165,5.8068881,1.8540014,0.0809473172,0.427675456,-9.98337269,-1.86787271,-0.000254631042,1
576,5.829996,2.85806108,2.66018939,3.67538857,3.20433617,-9.2608242,8.21164608,-9.93010902,-2.03841925,-17.4503307,3.40947318,0.747502387,0.177886382,0.290256351,-9.96739388,-1.96803141,-0.000254631042,1
577,5.839981,2.70670438,2.62475014,3.11573696,3.1209054,-8.37406158,10.0842676,-10.1165304,-2.15580654,-19.7495499,4.4105916,9.18036652,0.363242418,0.519288182,-10.0845728,-2.06934977,-0.000254631042,1
578,5.850002,2.69858241,2.63065672,3.41106725,3.18735456,-3.35891676,9.31559658,-10.0259829,-2.25587845,-8.49535275,2.09221244,3.25508809,0.803196609,0.601313591,-10.0153303,-2.17072916,-0.000254631042,1
579,5.860003,2.77610683,2.78349018,3.61336875,3.44798398,-2.4434998,13.6926432,-10.1080084,-2.35590792,-11.4076958,7.95761585,11.8771582,0.821306109,0.636467278,-10.0483532,-2.27271891,-0.000254631042,1
580,5.869977,2.77167702,2.99686646,2.87356591,3.66579008,-3.56748557,8.0755825,-9.94608784,-2.45607567,-8.50972271,2.35087466,17.5940704,0.949137807,0.336062729,-9.9354353,-2.37376261,-0.000254631042,1
581,5.880000,2.77167702,3.16077471,2.95404363,3.36972117,-4.56079721,11.0136099,-9.81932163,-2.55313683,-11.6927032,2.31973934,9.6617651,0.900135636,0.0516370945,-9.81932163,-2.47373819,-0.000254631042,1
582,5.889976,2.76355505,3.16815805,3.48194671,3.27078557,-3.67173028,15.8811283,-9.90560818,-2.66608477,-15.8001623,4.00583315,2.44078135,0.599731088,0.176273033,-9.90560818,-2.57362223,-0.000254631042,1
583,5.899997,2.7111342,3.14379334,3.60893893,3.35716963,7.32877684,20.3847218,-9.90560818,-2.75643492,-16.1378593,14.4505138,11.5729914,0.813849211,0.436197579,-9.90560818,-2.67344522,-0.000254631042,1
584,5.909982,2.40399075,3.15486813,3.03082943,3.33058977,-9.4752779,8.41231346,-9.94076157,-2.85265398,-10.7634354,-6.685534,23.4522896,0.51557523,0.195447788,-9.94076157,-2.77390909,-0.000254631042,1
585,5.919995,2.34935403,3.09284854,3.06479263,3.24568224,5.17085552,19.0984116,-9.85234451,-2.94614077,-17.730547,8.78150272,0.486445248,0.181082174,0.291321605,-9.85234451,-2.8735795,-0.000254631042,1
586,5.929982,2.4224484,3.05297923,2.90309906,3.43543243,3.57684422,13.9139862,-9.94821835,-3.04875898,-13.5224981,4.85127497,12.3250275,0.140602127,0.291321605,-9.94821835,-2.97309732,-0.000254631042,1
587,5.939999,2.43647671,3.04338098,2.78496695,3.58752751,-5.20226526,-2.85252452,-9.88217258,3.13934183,2.86422563,-5.19583178,18.6023731,-0.0969518498,0.222079411,-9.88217258,-3.07307291,-0.000254631042,1
588,5.949998,2.53688908,3.20876622,2.83960271,3.26561713,14.0651026,8.98150063,-9.86832428,3.04989147,-10.231741,13.183548,5.32677984,0.0298146233,-0.168872654,-9.86832428,3.11089993,-0.000254631042,1
589,5.959983,2.5331974,3.01532435,2.85953784,3.43395567,-3.266258,26.2647381,-9.82038689,2.94710827,-25.1383438,-8.28061771,13.6039677,-0.226914108,0.324344814,-9.82038689,3.01211452,-0.000254631042,1
590,5.970015,2.44533682,3.00941801,2.76060224,3.71821117,11.3394136,19.3088322,-9.84275723,2.86306953,-21.6823311,5.5937314,10.9598656,-0.109735027,0.44152391,-9.84275723,2.91308498,-0.000254631042,1
591,5.980004,2.55682421,3.163728,2.70670438,3.45315218,3.6747067,9.24312878,-9.9631319,2.75947475,-9.94673443,-0.0369599424,9.3049078,-0.0969518498,0.330736399,-9.9631319,2.8138113,-0.000254631042,1
592,5.990004,2.51326275,3.4206655,2.79161167,3.14969993,16.1526375,9.22040462,-10.0110693,2.65322351,-15.7211266,9.93829632,1.03729975,0.345132917,0.0942476764,-10.0110693,2.71307278,-0.000254631042,1
593,5.999976,2.47339296,3.48859167,2.75617194,3.14527011,8.07129288,18.4415035,-9.95567513,2.5598321,-19.8429546,-3.38998747,1.76778078,0.462311983,0.200774118,-9.95567513,2.61367702,-0.000254631042,1
594,6.010042,2.67126441,3.4051609,2.65059137,3.35200119,11.9574509,6.78993082,-9.9375658,2.46048403,-12.8039923,5.01413679,-0.931406379,0.435680389,0.284930021,-9.9375658,2.51406765,-0.000254631042,1
595,6.019980,2.65280652,3.55356455,2.54279566,3.27078557,2.35547853,7.52156591,-9.96739388,2.35749912,-6.9888854,-3.64385962,7.09669924,0.49746573,0.224209934,-9.96739388,2.43417263,-0.000254631042,1
596,6.029978,2.72663903,3.78982925,2.66757298,3.14527011,11.4151726,7.75495815,-9.88536835,2.27613878,-13.7188902,1.49585259,20.9638634,0.532619476,0.238058373,-9.88536835,2.33456326,-0.000254631042,1
597,6.040001,2.82852769,3.74922061,2.67569447,3.28259873,15.0519781,8.28714085,-9.90241241,2.1745429,-17.0958672,1.72337949,8.91691399,0.450594097,0.352041692,-9.90241241,2.23605251,-0.000254631042,1
598,6.049975,2.83295798,3.65840697,2.61219859,3.29515028,2.64642048,1.8439604,-9.81825638,2.06592607,-3.20475411,-0.365077645,15.9774323,0.488943607,0.232732043,-9.81825638,2.13769436,-0.000254631042,1
599,6.059984,2.97250175,3.4206655,2.36781263,2.87947273,16.886549,2.67983627,-9.84488773,1.9864831,-16.5306435,4.36748123,12.5525541,0.193865359,0.285995275,-9.84488773,2.03890896,-0.000254631042,1
600,6.069980,3.08325028,3.60229397,2.34935403,3.01089454,20.4227505,0.674185216,-9.95034885,1.89316893,-19.5842934,5.8308382,10.9622612,0.389874011,0.412761748,-9.95034885,1.94033718,-0.000254631042,1
601,6.079977,3.08989549,3.87473631,2.45493507,3.05740929,1.99156296,-2.23403454,-9.8107996,1.78882504,-1.46117997,2.6119318,17.4479733,0.123557895,0.436197579,-9.8107996,1.84136868,-0.000254631042,1
602,6.089974,3.27816868,3.75881934,2.41137362,2.80563998,14.9912462,-1.92101061,-9.77138519,1.68702745,-14.6673174,3.64658022,9.54440975,0.152320042,0.391456455,-9.77138519,1.7433157,-0.000254631042,1
603,6.099982,3.25675726,3.60598564,2.40029883,2.75617194,17.9207649,-0.0819698796,-9.82358265,1.57779169,-17.919754,0.20733206,9.94677258,0.190669566,0.327540606,-9.82358265,1.64486599,-0.000254631042,1
604,6.109979,3.21171927,3.82674527,2.48742127,2.77906013,9.73924541,-4.11105967,-9.91945648,1.48901272,-10.0425348,3.30169749,15.740325,0.127818957,0.371216446,-9.91945648,1.54649258,-0.000254631042,1
605,6.119977,3.1976912,3.76620221,2.49332786,2.76798534,17.82267,-4.47513628,-9.92265224,1.37702131,-18.3508587,0.959368229,4.96752691,0.193865359,0.507570267,-9.92265224,1.44694424,-0.000254631042,1
606,6.129975,3.24863577,3.55947113,2.51990771,2.73402262,12.93857,-8.59485435,-9.95460987,1.27589464,-14.8780794,4.46328211,13.0722733,0.197061151,0.722753704,-9.95460987,1.34767056,-0.000254631042,1
607,6.139997,3.47456336,3.62592053,2.50883293,2.64763808,12.7129145,-2.25054765,-9.92904377,1.18374109,-12.6219711,-2.71459198,9.75517082,0.383482426,0.438328117,-9.92904377,1.2487936,-0.000254631042,1
608,6.149983,3.4324789,3.84372687,2.5331974,2.64616156,12.8054972,-11.0897846,-9.90667343,1.06608295,-16.5713577,3.51485419,10.4808617,0.552859426,0.0345928632,-9.90667343,1.14900112,-0.000254631042,1
609,6.159979,3.14527011,3.93306398,2.59226346,2.64468479,13.1191196,-5.84930372,-9.90773869,0.958373547,-14.0973034,-2.7553072,4.6897049,0.612514257,-0.0154745653,-9.90773869,1.05024624,-0.000254631042,1
610,6.169997,3.26561713,3.72485614,2.63877821,2.70522761,4.69277191,-9.32380772,-10.0749855,0.853218079,-9.66651726,3.93877268,1.39894772,0.758455455,-0.100695714,-10.0749855,0.949660301,-0.000254631042,1
611,6.179981,3.3985157,3.56242442,2.68676925,2.64911485,11.6159325,-10.7457962,-9.94821835,0.7546978,-15.7857924,-1.10034871,13.249505,0.797870278,0.228470996,-9.94821835,0.849654198,-0.000254631042,1
612,6.189997,3.20728946,3.40959072,2.59373999,2.58635688,9.41172123,-14.681675,-10.144227,0.643126488,-17.3928509,1.27311575,11.4532404,0.786152363,0.247645751,-10.144227,0.748732567,-0.000254631042,1
613,6.199983,3.24863577,3.32615995,2.67274117,2.5162158,-4.17421341,-8.26747704,-10.1229219,0.543848515,-4.91479826,7.84984016,16.971365,0.617840588,0.222079411,-10.1229219,0.646742821,-0.000254631042,1
614,6.209996,3.3726747,3.17037296,2.63730145,2.47191644,7.42333269,-11.2507143,-10.0163956,0.430112362,-13.3213167,-2.05596161,9.75517082,0.576295257,-0.0538240857,-10.0163956,0.54594326,-0.000254631042,1
615,6.219982,3.5188632,3.20876622,2.75912523,2.45936489,-2.02165675,-16.1520729,-10.1389008,0.337818146,-14.5691223,7.26066494,10.7562895,0.370699257,0.0750729144,-10.1389008,0.444960594,-0.000254631042,1
616,6.230001,3.40368414,3.1807096,2.84255624,2.42540193,2.75584269,-9.43728733,-10.0121346,0.232785702,-8.92406082,3.26816702,9.17557621,0.06816414,0.0782687142,-10.0121346,0.343245506,-0.000254631042,1
617,6.239974,3.60450888,3.07734394,2.96733332,2.45124316,6.77363491,-17.8890972,-9.82145214,0.148112297,-13.6470394,5.72066736,14.1955376,0.0713599324,-0.0176050942,-9.82890892,0.242842674,-0.000254631042,1
618,6.249982,3.39260936,3.01089454,3.18735456,2.4069438,3.67076659,-16.3421631,-9.88430309,0.0522184372,-12.439949,-6.70469427,6.25125742,-0.238632008,0.293452144,-9.95887089,0.143233299,-0.000254631042,1
619,6.259999,3.55947113,2.97545505,3.34609485,2.38331723,-10.3695917,-6.67667818,-9.97804642,-0.0450978279,-6.41887093,17.2023907,10.035388,-0.303613156,0.181599349,-9.95354462,0.0426473618,-0.000254631042,1
620,6.269975,3.56685448,2.95552015,3.10687709,2.38184071,4.28589153,-11.5971622,-9.97591591,-0.134670734,-15.1726665,0.238467321,-6.15733957,-0.316396326,0.0686813295,-9.96739388,-0.0573892593,-0.000254631042,1
621,6.280003,3.47456336,2.89497733,3.01680112,2.3308959,-1.88511407,-19.1691914,-9.90986919,-0.229388237,-19.8836708,-3.7731905,5.67166281,-0.22478357,0.463894457,-9.96739388,-0.157212257,-0.000254631042,1
622,6.289977,3.44060063,2.7775836,3.16668153,2.39586878,-14.1127768,-13.0768642,-10.0824423,-0.331377983,-19.7974491,-2.98762417,7.30506611,-0.00320857554,0.643924117,-10.1090736,-0.257798195,-0.000254631042,1
623,6.300001,3.34314132,2.77167702,3.29072046,2.3973453,-22.2242565,-2.08641481,-9.95247936,-0.423069954,-11.0268879,19.408205,6.70391607,0.372829795,0.520353496,-9.86938953,-0.359086037,-0.000254631042,1
624,6.309998,3.4376471,2.72368574,3.26561713,2.42540193,-9.84597492,-8.62885666,-9.84382248,-0.534834862,-12.4423447,4.07289362,13.6782131,0.2737602,0.474547088,-9.87152004,-0.457566261,-0.000254631042,1
625,6.319984,3.45610571,2.64763808,3.49449849,2.4342618,-13.5540104,-13.5931997,-9.88217258,-0.61818409,-18.932848,3.16757631,6.81648207,0.548598409,0.412761748,-9.91626072,-0.557175636,-0.000254631042,1
626,6.329999,3.5070498,2.58931017,3.48194671,2.48889804,-4.86049318,-14.9846087,-10.0302439,-0.733557701,-14.3847055,-6.42208195,5.47287607,0.631689012,0.448980749,-10.0707245,-0.657641411,-0.000254631042,1
627,6.339984,3.39703918,2.72368574,3.00941801,2.61662841,-11.9876909,3.3210063,-10.0590057,-0.829854012,-6.60328722,10.5418415,25.9646645,0.85219878,0.281734228,-10.0590057,-0.759142876,-0.000254631042,1
628,6.350001,3.37858129,2.65871286,3.22279429,2.94444537,-5.37328148,-7.69109297,-9.78203773,-0.927702904,-8.91208649,-2.93253875,3.54249048,0.812783957,-0.0836514831,-9.78203773,-0.858599663,-0.000254631042,1
629,6.359975,2.96733332,2.66461945,3.57202268,2.96142673,-16.1641788,-17.8709297,-9.79588604,-1.01860142,-23.1361065,-6.73582935,21.1147499,0.60292685,0.252972066,-9.79588604,-0.957507133,-0.000254631042,1
630,6.369996,3.09432554,2.55239415,3.61336875,2.98652959,-19.689642,-3.85618281,-9.89069462,-1.10354328,-19.3160515,5.42608023,12.6699104,0.624232173,0.0633550063,-9.89069462,-1.0569334,-0.000254631042,1
631,6.379994,2.98431468,2.51769257,3.52846146,2.77020049,7.79721165,13.6871414,-9.91413021,-1.20270777,12.2000122,9.96464157,0.103242107,0.745672286,0.0473760366,-9.91413021,-1.15574932,-0.000254631042,1
632,6.389980,2.97102499,2.44533682,3.77137041,2.78865838,-2.15493894,-7.91969252,-9.67018509,-1.29538536,-4.22742748,-7.03520727,6.5362649,0.45378989,0.0953129455,-9.67018509,-1.25440884,-0.000254631042,1
633,6.399999,2.98136187,2.37593389,3.44798398,2.89054751,-15.8472261,-6.44836426,-9.74368763,-1.41821289,-16.6432095,-3.96479225,6.24646711,0.0649683475,0.0686813295,-9.74368763,-1.35224819,-0.000254631042,1
634,6.409984,2.72959232,2.38553214,3.80681038,3.02639937,-13.721755,-0.859386384,-9.90241241,-1.49612951,-13.7476301,0.166616723,16.5570259,0.198126405,0.580008268,-9.90241241,-1.45149136,-0.000254631042,1
635,6.419998,2.64468479,2.36781263,4.16342211,3.01237154,-15.7847271,0.882103801,-9.72877407,-1.58455944,-15.795372,0.664780796,8.94086456,0.0159661844,0.511831343,-9.72877407,-1.5501852,-0.000254631042,1
636,6.429974,2.6742177,2.36338258,3.28629041,3.04781103,-21.0017452,3.21810937,-9.83849621,-1.69606161,-21.2392521,0.568979979,26.1107616,-0.287634194,0.373346984,-9.83849621,-1.64845181,-0.000254631042,1
637,6.439994,2.68160105,2.41949511,3.2796452,3.07882047,-10.00842,1.18227208,-9.79375553,-1.81141853,-10.0018196,-1.23686481,14.0542316,-0.115061343,0.320083737,-9.79375553,-1.74748087,-0.000254631042,1
638,6.449980,2.68455458,2.44976664,3.47456336,3.01680112,-11.4972858,3.18202329,-9.78097248,-1.91544056,-11.8962803,-0.889586926,-3.07973886,-0.0490149483,-0.210417971,-9.78097248,-1.84602213,-0.000254631042,1
639,6.459995,2.62770319,2.4564116,3.70344448,3.22279429,-25.2045307,1.51111519,-9.73623085,-2.00017595,-23.5456562,-9.11887455,6.75660658,-0.120387666,0.211426765,-9.73623085,-1.94468546,-0.000254631042,1
640,6.469981,2.52433753,2.44533682,3.39260936,3.55504131,-3.40978622,2.30789781,-9.73836136,-2.10611534,-4.11007166,0.245652378,15.4217873,0.0117051266,0.152837217,-9.73836136,-2.04292154,-0.000254631042,1
641,6.479996,2.46379471,2.48594475,3.20728946,3.00129628,-10.4214287,14.9917355,-9.9119997,-2.2070055,-17.2898636,5.86676359,-7.2039628,0.0926652253,0.32327953,-9.9119997,-2.14213419,-0.000254631042,1
642,6.489996,2.38331723,2.54427242,3.43100238,3.24420571,-0.586600721,17.2335682,-9.76392746,-2.30601501,-11.9944763,12.388402,-5.39093304,0.370699257,0.737667441,-9.76392746,-2.22123575,-0.000254631042,1
643,6.499982,2.3375411,2.69710612,3.57792926,3.57497573,1.52343297,7.9491272,-9.68509865,-2.41197395,-4.91000843,6.43438339,8.39958954,0.355785549,0.737667441,-9.68509865,-2.31950235,-0.000254631042,1
644,6.509994,2.52433753,2.86396766,2.95994997,3.41845083,-8.39012814,1.7547307,-9.59029007,-2.50312567,-6.40929079,-5.6916008,20.2357788,0.333415002,0.698252618,-9.59029007,-2.41737223,-0.000254631042,1
645,6.519982,2.5383656,2.92008042,3.10983014,3.3387115,-5.78794718,23.0454216,-9.636096,-2.59218264,-22.6762638,7.09780359,-2.13610125,0.564577341,0.615162015,-9.636096,-2.51423502,-0.000254631042,1
646,6.530000,2.39143896,2.99095964,3.21467257,3.56833076,11.429327,6.8318634,-9.68829441,-2.69001245,-1.1594075,13.2649784,3.48740506,0.568838418,0.729145288,-9.68829441,-2.61109781,-0.000254631042,1
647,6.539974,2.26961493,3.11426044,2.70522761,3.78982925,0.570343852,10.3988562,-9.40386868,-2.79283047,-9.57790184,4.08965874,7.8152051,0.649798512,0.42874074,-9.40386868,-2.70774698,-0.000254631042,1
648,6.550001,2.2046423,3.05445576,2.89054751,3.54248953,-8.04527473,11.2369089,-9.62650871,-2.8896327,-12.8878183,-4.98986006,-6.71537876,0.737150192,0.271081567,-9.62650871,-2.80345011,-0.000254631042,1
649,6.559975,2.12121129,3.14084029,3.19326138,3.5934341,-0.298137784,-7.58393812,-9.68296814,-2.96868181,7.4195528,-1.59851277,3.88737321,0.678560674,0.138988778,-9.68296814,-2.90070963,-0.000254631042,1
650,6.570003,2.07174373,3.30770206,2.83443451,3.71821117,13.2415295,10.7879009,-9.48269844,-3.0732255,-9.85811806,13.9475594,10.1719046,0.724367023,-0.258354872,-9.48269844,-2.99741983,-0.000254631042,1
651,6.579977,2.0806036,3.21614957,2.85363102,3.67538857,-3.6003201,16.6966248,-9.58283329,3.11567163,-16.5977039,-4.03185272,6.61530018,0.794674456,-0.220005348,-9.58283329,-3.09223795,-0.000254631042,1
652,6.589974,2.13302469,3.18366313,2.77610683,3.51738644,15.8999176,15.0846148,-9.81932163,3.01206017,-17.0120411,13.8182287,1.12831056,0.639145851,-0.0378451198,-9.81932163,3.09338284,-0.000254631042,1
653,6.599982,2.13966966,3.32911325,2.59669352,3.55799413,9.62701416,9.15168953,-9.70107746,2.92001677,-11.0436535,7.38041592,19.3472252,0.395200342,0.0377886593,-9.70107746,2.99563503,-0.000254631042,1
654,6.609979,2.29693317,3.45315218,2.59226346,3.55799413,7.69859028,2.84003115,-9.68722916,2.83926678,-5.00341415,6.50383902,9.14444065,0.382417172,-0.137979984,-9.68722916,2.8987112,-0.000254631042,1
655,6.619974,2.38184071,3.26857042,2.522861,3.56685448,4.94267035,7.82646561,-9.64142227,2.73904753,-9.13721848,1.48148251,3.3556788,0.199191675,-0.178460032,-9.64142227,2.80230618,-0.000254631042,1
656,6.629982,2.48594475,3.23829889,2.45493507,3.23460746,4.73444843,13.6928616,-9.63290024,2.63769436,-14.2769299,-2.46550989,-1.50860608,-0.0628633872,-0.0250619445,-9.63290024,2.70556545,-0.000254631042,1
657,6.639979,2.49628115,3.52403164,2.4172802,3.25971079,12.6359386,11.199749,-9.74688339,2.54299355,-16.3725719,4.12797928,14.51647,-0.191760376,0.289191067,-9.74688339,2.60879421,-0.000254631042,1
658,6.649975,2.58118868,3.58531237,2.2865963,3.44650745,4.98176432,6.46605015,-9.50719929,2.45037508,-8.15765476,-0.283646971,11.7789631,-0.560341895,0.278538436,-9.50719929,2.51211452,-0.000254631042,1
659,6.659983,2.67864776,3.7093513,2.16551113,3.08177376,13.0494108,2.33218622,-9.497612,2.36003304,-10.8472614,7.61991787,16.5737915,-0.25567624,0.20503518,-9.497612,2.41631985,-0.000254631042,1
660,6.669998,2.78201342,3.74774432,2.10422969,2.9304173,11.4843941,7.18729591,-9.49548149,2.27896261,-13.3979578,2.01078176,12.8543262,-0.232240424,0.153902486,-9.49548149,2.32116604,-0.000254631042,1
661,6.679973,2.83960271,3.94856882,2.4564116,3.15634465,8.88681412,11.7916679,-9.54554844,2.16409731,-13.9607868,-4.80783892,14.4733601,-0.250349909,0.345650107,-9.54554844,2.22537136,-0.000254631042,1
662,6.690004,2.76650858,3.88064289,2.29988647,3.26709366,10.8558578,-0.337213278,-9.46245766,2.07746172,-11.0843687,6.53736925,16.3965607,-0.153410852,0.307300568,-9.46245766,2.13009548,-0.000254631042,1
663,6.699977,2.87356591,3.68941641,2.16108108,3.05888581,1.95761609,4.52596235,-9.39002037,2.01348829,-15.5989799,4.18545961,2.34498048,0.34832871,0.510766089,-9.40599918,2.03524685,-0.000254631042,1
664,6.710002,2.88242602,3.49892831,2.16920257,3.15782142,16.3301888,9.47176456,-9.59987736,1.91648626,-14.2889042,5.43087006,-4.57183599,0.544337332,0.320083737,-9.65420532,1.94048977,-0.000254631042,1
665,6.719977,2.98800635,3.86513829,2.13819289,3.16668153,12.1807241,5.28991842,-9.7234478,1.82067919,-12.6099958,0.592930198,5.38426018,0.692409098,0.861238122,-9.72238255,1.84408474,-0.000254631042,1
666,6.729994,3.12681174,4.08146763,2.04368711,3.12828875,11.0203514,-9.39113617,-9.63716125,1.71147823,-12.799202,16.306654,10.3898516,0.858590364,0.908109725,-9.60733414,1.74807644,-0.000254631042,1
667,6.739980,3.34166479,4.05710316,2.02818227,2.9304173,13.7451468,-5.13730049,-9.64248753,1.61731815,-12.6770563,-2.33617878,13.1704693,0.811718702,0.954981387,-9.68829441,1.65215969,-0.000254631042,1
668,6.749999,3.12976527,3.85923147,2.0267055,2.9459219,16.8152676,-3.99795985,-9.7607317,1.52041197,-13.4985485,-4.09412336,16.7127037,0.896939874,0.60877043,-9.79375553,1.55515957,-0.000254631042,1
669,6.759973,3.20064449,3.82083845,2.26961493,2.61219859,15.4094229,0.648967564,-9.7735157,1.41588449,-15.1247663,-3.01875949,3.54009533,0.626362681,0.524614513,-9.76925468,1.45698452,-0.000254631042,1
670,6.769999,3.03230596,3.86661458,2.19061422,2.5752821,8.09158039,-9.73653698,-9.84701824,1.3227787,-10.2341366,7.45226669,1.60012937,0.744607031,0.371216446,-9.85127926,1.35978603,-0.000254631042,1
671,6.779984,3.00794125,3.84077358,2.19799733,2.62179661,1.43294704,-9.68818951,-9.88962936,1.21662092,-4.70403624,8.58990097,15.4720831,0.696670175,0.125140354,-9.85660553,1.26151943,-0.000254631042,1
672,6.789998,3.12828875,3.68129492,2.22310042,2.67864776,12.2687826,-9.38194275,-9.73196983,1.0974884,-15.1966171,2.75802803,23.998354,0.556055248,-0.452232987,-9.67764187,1.16349697,-0.000254631042,1
673,6.800006,3.33354306,3.43543243,2.4342618,2.76798534,14.0199041,-1.58978832,-9.57963753,1.01034689,-12.7201672,-6.10593939,13.2111845,0.516640484,-0.412818193,-9.57963753,1.06660366,-0.000254631042,1
674,6.809997,3.14822292,3.39703918,2.60924506,2.64616156,14.2396326,-9.80567741,-9.74794865,0.899620533,-17.2491493,-1.17698932,13.9847755,0.34832871,-0.259420127,-9.74794865,0.968855858,-0.000254631042,1
675,6.819984,3.27669215,3.32763672,2.56937575,2.51990771,9.07940197,-21.7321968,-9.71492577,0.801606655,-21.6392193,9.29882717,17.0408211,0.324892879,-0.400035024,-9.71492577,0.870802879,-0.000254631042,1
676,6.829982,3.25823402,3.24272919,2.522861,2.33606434,1.17390776,-6.17994118,-9.6222477,0.700942516,-5.48002291,3.08854055,5.29085445,0.289739162,-0.165676862,-9.6222477,0.773726463,-0.000254631042,1
677,6.840004,3.27521539,3.11426044,2.64763808,2.25706339,12.5956059,-9.76957417,-9.7351656,0.599973202,-15.1750622,-4.87968969,-3.06057858,-0.00533910468,-0.173133701,-9.7351656,0.676283836,-0.000254631042,1
678,6.849994,3.42509556,3.17332625,2.51990771,2.19356751,8.36684418,-0.418483824,-9.67870712,0.512762547,-4.46932459,-7.08550262,13.1968145,-0.390964836,0.190121472,-9.67870712,0.578749657,-0.000254631042,1
679,6.859979,3.52107835,3.22722435,2.65871286,2.13966966,1.80390787,-23.8911743,-9.62544346,0.416257858,-22.5804634,8.01030636,7.58288813,-0.444228053,0.394652277,-9.62544346,0.482253075,-0.000254631042,1
680,6.869995,3.72190261,3.22574782,2.84255624,2.17067909,-12.6533775,-9.78650379,-9.72025204,0.307232857,-5.50157833,15.0205278,6.72068119,-0.26100257,0.65244627,-9.72025204,0.384688377,-0.000254631042,1
681,6.879980,3.82969856,3.21171927,2.76060224,2.08724833,1.525388,-15.810132,-9.66911983,0.208539963,-15.7833967,1.78085995,15.8504963,-0.321722656,0.669490516,-9.66911983,0.287062645,-0.000254631042,1
682,6.889976,3.87178302,3.19916797,2.63360977,2.0466404,4.63231993,-5.74215031,-9.72451305,0.112243652,-6.22487402,-3.96000218,11.2807989,0.00424827542,0.537397683,-9.72451305,0.189436913,-0.000254631042,1
683,6.899996,3.95004582,3.16225147,2.91491222,2.04073381,-4.49339485,-18.4067745,-9.51465607,0.037317276,-18.2263165,5.17699814,10.6772537,0.156581104,0.746189535,-9.51465607,0.0933675766,-0.000254631042,1
684,6.909982,4.1294589,3.16668153,2.96142673,2.07765055,-4.04177999,-12.4175186,-9.69681644,-0.0730690956,-12.679451,3.12446594,6.56500483,0.570968926,0.666294694,-9.69681644,-0.00315952301,-0.000254631042,1
685,6.919998,3.94266248,3.1807096,2.74657369,2.09758496,-4.87418175,-13.8033295,-9.70853424,-0.169530392,-14.4278154,2.47541571,16.4444618,0.849002957,0.402109116,-9.70853424,-0.101243019,-0.000254631042,1
686,6.929973,3.59786391,3.08177376,2.75321889,2.29397964,-9.64551926,-13.0719814,-9.74475288,-0.269847393,-15.1702719,5.81167841,9.84618187,0.787217617,0.244449958,-9.74475288,-0.199173927,-0.000254631042,1
687,6.939996,3.39703918,2.97250175,3.05593276,2.70153594,-5.59879255,-10.2600918,-9.54341793,-0.36644125,-11.5849276,1.55093801,7.96369648,0.796805024,0.359498531,-9.54341793,-0.296067238,-0.000254631042,1
688,6.949981,3.41845083,2.8861177,3.23313093,2.63360977,0.923866391,-8.65514374,-9.64674854,-0.447476864,-7.40322399,-4.5779171,19.1196976,0.804261863,0.17414251,-9.64674854,-0.373673439,-0.000254631042,1
689,6.959996,3.49449849,2.68160105,3.11426044,2.35747576,-8.05862331,-5.92084599,-9.66911983,-0.555631161,-9.28091908,3.72322083,13.8602343,0.920375705,0.0697465986,-9.66911983,-0.470841408,-0.000254631042,1
690,6.969981,3.62887383,2.57380581,3.23977566,2.38848567,-7.32490969,-7.93546963,-9.58709431,-0.642197609,-10.7418804,1.11264944,0.759477496,0.837285042,-0.110283099,-9.58709431,-0.567643166,-0.000254631042,1
691,6.979994,3.36602974,2.42540193,3.61189222,2.48889804,1.52320039,-16.7760105,-9.61798668,-0.735311031,-11.4196711,-12.3832865,17.9605083,0.530488908,0.332866937,-9.61798668,-0.66432476,-0.000254631042,1
692,6.989979,3.27816868,2.27847505,3.34461784,2.53024435,-8.59506607,-16.3406448,-9.67125034,-0.837821484,-17.3209991,-6.39334154,0.996584415,0.00850933325,0.240188897,-9.67125034,-0.761919975,-0.000254631042,1
693,7.000002,3.22279429,2.31243825,3.68424797,2.22457719,-16.9419785,-5.86354446,-9.83849621,-0.926896095,-17.0695229,5.48116541,-1.02002215,-0.0170570128,0.560833514,-9.83849621,-0.859759331,-0.000254631042,1
694,7.010000,3.163728,2.22900724,3.91755915,2.33237243,-10.5845547,3.73660493,-9.7852335,-1.02904272,-7.14216661,8.65935707,11.2161331,-0.0159917492,0.489460796,-9.7852335,-0.958239555,-0.000254631042,1
695,7.019974,3.22427082,2.3153913,3.56390095,2.64320827,-9.807971,2.447294,-9.65314007,-1.12565327,-7.79840183,6.43198824,17.3809128,-0.109735027,0.44152391,-9.65314007,-1.05678082,-0.000254631042,1
696,7.029994,3.39113283,2.24303532,3.14822292,2.68012452,-9.96083832,-1.72919655,-9.79801655,-1.22856903,-9.96349907,1.71379936,10.2629156,0.0319451503,-0.0676725209,-9.79801655,-1.15404034,-0.000254631042,1
697,7.039980,3.4324789,2.20611906,3.17775631,2.80416346,-23.65835,6.13138723,-9.77138519,-1.31763792,-21.3685818,11.8614969,15.2253962,0.227953821,0.256167859,-9.77138519,-1.25227261,-0.000254631042,1
698,7.049994,3.35569286,2.18101597,3.42657232,2.97545505,-5.9670229,0.350085616,-9.59348583,-1.40490961,-5.82730103,1.33059621,4.21549082,0.591208935,-0.117739946,-9.59348583,-1.34959316,-0.000254631042,1
699,7.059981,3.22722435,2.17658591,3.51590967,3.10835361,-15.6190777,5.61197615,-9.64142227,-1.51478958,-15.2804432,6.47749376,-4.28922367,0.657255352,0.164555117,-9.64142227,-1.44572353,-0.000254631042,1
700,7.069998,2.78865838,2.17658591,3.25528049,2.9304173,-9.98803043,-1.12919629,-9.76286221,-1.59431839,-9.95870876,-1.36380088,9.21389675,0.623166919,-0.0389103815,-9.76286221,-1.54316616,-0.000254631042,1
701,7.079983,2.59078693,2.32794285,3.58531237,3.1533916,-0.653642893,0.221148029,-9.68083763,-1.71002436,-0.678008497,0.12829642,7.37452173,0.674299598,0.215687811,-9.68083763,-1.64106655,-0.000254631042,1
702,7.089994,2.53688908,2.37150407,3.60598564,3.35200119,-13.6556206,5.41057444,-9.61159515,-1.80708742,-14.5427771,2.06347227,9.29772186,0.451659352,0.0580286831,-9.61159515,-1.73792887,-0.000254631042,1
703,7.099981,2.51178598,2.45345831,3.51443291,3.65545344,-19.5453186,9.4689579,-9.65740108,-1.90782022,-21.5769501,2.47302055,12.9381523,0.460181475,0.259363651,-9.65740108,-1.83476114,-0.000254631042,1
704,7.109977,2.42392492,2.51769257,3.37119794,3.37119794,-7.77381849,7.72727013,-9.82784367,-2.00638294,-10.308382,3.72561598,3.32933378,0.280151784,0.273212105,-9.82784367,-1.93217325,-0.000254631042,1
705,7.119974,2.35452247,2.59373999,3.38301134,3.37415123,-14.3531809,0.0624713786,-9.72983932,-2.10471916,-12.3872595,-7.25075865,-11.0455742,0.195995882,-0.155024216,-9.72983932,-2.03053141,-0.000254631042,1
706,7.129982,2.48372984,2.56937575,3.20285964,3.48711514,-3.68708658,15.3514318,-9.83849621,-2.20053625,-12.0208206,10.2352791,13.2255545,0.0830778405,0.222079411,-9.83849621,-2.12846231,-0.000254631042,1
707,7.139979,2.55387068,2.56420755,3.2301774,3.34904814,-9.90145683,6.40364265,-9.78097248,-2.3060751,-13.9272566,6.50144386,13.7476692,0.227953821,0.038853921,-9.78949451,-2.22666788,-0.000254631042,1
708,7.149976,2.5162158,2.6742177,3.26709366,3.26709366,-2.63058138,16.8325939,-9.81932163,-2.37425184,-19.5842934,9.85447121,9.92042732,0.496400446,0.184795156,-9.82890892,-2.32472086,-0.000254631042,1
709,7.159984,2.4564116,2.83812642,3.24568224,3.34461784,3.32694125,9.0164299,-9.86406231,-2.47448063,-12.897398,1.73774958,14.0781813,0.44100672,0.211426765,-9.87578106,-2.42347574,-0.000254631042,1
710,7.169981,2.32794285,3.07586718,3.03378272,3.36602974,2.11331224,7.37731266,-9.80866909,-2.58496284,-8.39955235,6.45354366,9.05582523,0.446333021,0.206100434,-9.79801655,-2.52238321,-0.000254631042,1
711,7.179978,2.43647671,2.89497733,2.82557487,3.35052466,-2.50572729,14.8759289,-9.81719112,-2.67618322,-11.1394539,0.518684566,2.58687758,0.336610794,0.0654855371,-9.82358265,-2.62089396,-0.000254631042,1
712,7.200030,2.46527147,3.14527011,2.80859327,3.4324789,-3.56961036,9.79209995,-9.88110733,-2.87678909,-17.1653233,6.11105585,8.5480814,0.194930613,0.332866937,-9.8725853,-2.81788492,-0.000254631042,1
713,7.209974,2.54279566,3.41845083,2.74362063,3.35716963,-3.64089346,17.5232658,-9.73410034,-2.98217058,-17.8790398,-0.81294632,1.27201164,0.0532504395,0.387195408,-9.72877407,-2.91602945,-0.000254631042,1
714,7.219996,2.53024435,3.18218637,2.63065672,3.36012292,-2.89688134,14.6586084,-9.77884197,-3.06496096,-14.8373642,-1.76616418,-2.4282937,-0.022383336,0.421283871,-9.83849621,-3.01411295,-0.000254631042,1
715,7.230002,2.5331974,3.31213164,2.53172088,3.45905876,6.55431128,16.5991592,-9.85873604,3.11102867,-16.7917004,6.04399538,18.6670399,0.0639030859,0.622618854,-9.85660553,-3.11241007,-0.000254631042,1
716,7.239976,2.52138424,3.46201205,2.51326275,3.33501959,4.5715394,8.24518871,-9.80014706,3.02781248,-8.71090412,3.605865,2.00728273,0.249259099,0.436197579,-9.80014706,3.07226467,-0.000254631042,1
717,7.250003,2.47929978,3.55504131,2.60481501,3.34461784,5.0819912,14.4804773,-9.7372961,2.92068815,-15.2421227,1.78565001,4.7423954,0.381351888,0.382934362,-9.7372961,2.97433376,-0.000254631042,1
718,7.259978,2.50292611,3.51590967,2.41285014,3.4324789,5.65095091,11.5144072,-9.73303509,2.84050512,-12.672266,1.9820416,28.6518764,0.346198171,0.39784807,-9.73303509,2.87713528,-0.000254631042,1
719,7.270001,2.64468479,3.63847184,2.40029883,3.20285964,14.4626112,15.5021086,-9.67018509,2.73800993,-19.9363613,7.21276474,16.6600132,0.469768852,0.32327953,-9.67018509,2.780303,-0.000254631042,1
720,7.279976,2.78718185,3.80828667,2.44976664,3.21762609,14.4334373,4.70433521,-9.73196983,2.65436554,-10.9143219,10.5514212,9.64739513,0.704127014,0.134727731,-9.73196983,2.68298244,-0.000254631042,1
721,7.290005,2.70670438,3.8452034,2.29102635,3.2796452,6.20960522,13.2631369,-9.81612587,2.54947281,-14.4709263,-2.24995804,10.9191504,0.625297427,0.280668974,-9.81612587,2.58492947,-0.000254631042,1
722,7.299979,2.59078693,3.98548555,2.14409947,3.34018803,15.4609365,11.779335,-9.61798668,2.46229696,-18.8777618,4.62853813,6.21533203,0.485747814,0.141119301,-9.61798668,2.4882803,-0.000254631042,1
723,7.309984,2.54870248,3.86809182,2.13966966,3.34609485,10.3452339,13.1319628,-9.73942661,2.35104561,-16.590519,-2.05596161,10.0329933,0.118231572,0.424479663,-9.73942661,2.39242458,-0.000254631042,1
724,7.319999,2.72220898,3.64142537,2.12121129,3.25528049,17.9064388,1.72138882,-9.77990723,2.27156878,-14.796649,10.2304888,16.5570259,0.467638314,0.592791438,-9.77990723,2.29473782,-0.000254631042,1
725,7.329975,3.05740929,3.56094766,2.27847505,2.94887519,14.2613468,2.08049107,-9.67657661,2.17678165,-12.9069786,6.41282797,10.0329933,0.462311983,0.292386889,-9.67657661,2.19738674,-0.000254631042,1
726,7.339995,2.68676925,3.61632204,2.55830073,2.74362063,9.73599434,7.27845049,-9.73942661,2.07171631,-12.0351915,-1.70868361,-0.394921988,0.314240247,0.180534095,-9.73942661,2.09985256,-0.000254631042,1
727,7.349980,2.87208939,3.67538857,2.59669352,2.69415259,20.0445309,-4.06173658,-9.72877407,1.97967529,-16.7773304,11.6962414,11.3023539,0.432484597,0.387195408,-9.72877407,2.00280666,-0.000254631042,1
728,7.360005,2.92008042,3.63330364,2.46527147,2.62475014,15.7008076,-0.0707167983,-9.68509865,1.88667345,-14.90203,4.94468117,9.69290066,0.323827624,0.13046667,-9.68509865,1.90615749,-0.000254631042,1
729,7.370002,3.12385869,3.49449849,2.2489419,2.59964681,15.5091038,-2.02884293,-9.77031994,1.79058695,-14.6936626,5.36141443,21.4308929,0.374960303,0.227405727,-9.77031994,1.80947781,-0.000254631042,1
730,7.380002,2.99834299,3.58235908,2.3050549,2.63213348,10.4667225,-12.1319466,-9.80334282,1.68687963,-8.99112225,13.2625837,8.34929466,0.35365501,0.025005484,-9.80334282,1.73147488,-0.000254631042,1
731,7.389997,3.11130714,3.47603989,2.3648591,2.64025497,6.81986141,2.62025499,-9.636096,1.58152437,-6.847579,-2.54694057,-7.75721264,0.0639030859,0.161359325,-9.636096,1.63488674,-0.000254631042,1
732,7.399982,3.20064449,3.5565176,2.35452247,2.49185157,16.9139099,-9.15535545,-9.7234478,1.48923063,-17.603611,7.74685431,11.266428,0.336610794,0.460698664,-9.7234478,1.53816128,-0.000254631042,1
733,7.409994,3.34314132,3.52403164,2.37741089,2.3375411,10.9610348,6.12021112,-9.66911983,1.39770317,-9.74315834,-7.91657448,22.0895233,0.283347577,0.371216446,-9.66911983,1.44151211,-0.000254631042,1
734,7.419980,3.46644187,3.62887383,2.52876735,2.26149368,11.4764214,-11.4013643,-9.51252556,1.29498148,-14.1475983,7.84504986,10.1527443,0.579491079,0.08359503,-9.51252556,1.34519863,-0.000254631042,1
735,7.429997,3.54101276,3.50188184,2.46231818,2.24746537,8.45995045,-5.79869795,-9.573246,1.18681049,-10.0161896,2.20717335,10.8616705,0.609318435,0.131531939,-9.573246,1.24995327,-0.000254631042,1
736,7.439983,3.4154973,3.45610571,2.46084142,2.09758496,19.7967396,-9.60240746,-9.68722916,1.09061003,-21.9936829,-0.628529787,4.32087183,0.554989994,0.201839387,-9.68722916,1.15409756,-0.000254631042,1
737,7.450002,3.48859167,3.35864639,2.52581406,2.12121129,-10.7866411,-9.42056179,-9.8246479,0.973343372,3.61865687,13.8565483,-0.165000096,0.403722465,0.346715361,-9.8246479,1.05631924,-0.000254631042,1
738,7.459978,3.39408565,3.32911325,2.5383656,2.44828987,7.50282717,-10.5449314,-9.60733414,0.889611244,-12.4686899,3.46695375,15.3786774,0.184277982,0.405304909,-9.60733414,0.958266258,-0.000254631042,1
739,7.470003,3.25528049,3.30327201,2.53688908,2.45936489,4.02323198,-12.266654,-9.50187302,0.777673244,-11.5633726,5.73982763,10.801795,0.120362096,0.285995275,-9.50187302,0.862654686,-0.000254631042,1
740,7.479976,3.4900682,3.08989549,2.52581406,2.29397964,7.85506916,-6.88700628,-9.63503075,0.686669827,-10.3059874,-1.70868361,24.5923195,0.113970511,0.339258522,-9.63503075,0.766646385,-0.000254631042,1
741,7.489994,3.72337961,3.02196956,2.89350104,2.22014713,3.72490096,-21.4902306,-9.55939674,0.57714653,-20.0417423,8.60427094,17.6994514,0.331284463,0.134727731,-9.55939674,0.669447899,-0.000254631042,1
742,7.499980,3.44650745,2.86692119,3.20433617,2.18249249,9.32024002,-14.9159708,-9.55300522,0.491113186,-17.5485268,-1.18417442,19.5029011,0.226888552,0.25403735,-9.55300522,0.572585106,-0.000254631042,1
743,7.509995,3.45905876,2.72073245,2.90088415,2.25041842,-7.40585613,-6.00620842,-9.51252556,0.378118515,-2.8478961,9.10004044,10.2844706,0.41011405,-0.106022038,-9.51252556,0.476058006,-0.000254631042,1
744,7.519981,3.44207716,2.67274117,2.97397852,2.26592326,-2.23922276,-17.0610046,-9.54980946,0.290559292,-15.704361,7.03313828,10.4161968,0.396265596,-0.107087307,-9.54980946,0.379958153,-0.000254631042,1
745,7.529998,3.46644187,2.58931017,3.35864639,2.5331974,-9.18007088,-18.0782623,-9.6478138,0.181952,-16.1187,12.2997856,-4.50238037,0.0788167864,-0.010148243,-9.6478138,0.282790184,-0.000254631042,1
746,7.539984,3.37119794,2.47486997,3.71525812,2.5331974,-0.616106272,-7.66833782,-9.46991539,0.103470325,-7.56369019,1.4048419,8.89056873,-0.0149264848,0.308365852,-9.46991539,0.186385155,-0.000254631042,1
747,7.549998,3.4900682,2.50883293,3.04781103,2.49185157,-5.45758104,-20.9897556,-9.5231781,0.00123786926,-20.9829845,5.48356056,3.1329422,0.112905249,0.292386889,-9.5231781,0.0902547836,-0.000254631042,1
748,7.559984,3.50188184,2.44533682,3.63994861,2.32941961,-3.31564713,-15.7350454,-9.62118244,-0.0854587555,-15.9606285,1.96048641,8.02357197,0.0180967133,0.687600017,-9.62118244,-0.0065164566,-0.000254631042,1
749,7.570001,3.58383584,2.51178598,3.94266248,2.39586878,-1.45153856,-8.96761417,-9.40280342,-0.182470798,-9.08213234,-0.199821278,11.604126,0.11503578,0.535267174,-9.40280342,-0.102890968,-0.000254631042,1
750,7.579994,3.64437866,2.39882207,3.46644187,2.44386005,-4.04047871,-11.4754305,-9.39747715,-0.264187336,-12.8255472,5.27758884,14.403904,0.121427365,0.538462937,-9.49441624,-0.197739601,-0.000254631042,1
751,7.589980,3.28629041,2.3035779,3.17775631,2.37888741,-6.42926121,-14.7131376,-9.61585617,-0.352034569,-12.5381451,-0.961437523,4.07418489,0.155515835,0.456437588,-9.5849638,-0.294266701,-0.000254631042,1
752,7.599978,3.3010571,2.19061422,3.42952585,2.47782302,-10.111454,-12.1217165,-9.60520363,-0.452743053,-12.6123905,3.83578682,13.3932056,0.443137228,0.433001786,-9.63503075,-0.391221046,-0.000254631042,1
753,7.610000,3.22574782,2.23048377,3.4900682,2.54131913,-34.5801201,3.3203721,-9.70107746,-0.539535522,-12.1046467,1.37610161,9.90605736,0.513444662,0.32860586,-9.66805458,-0.487961769,-0.000254631042,1
754,7.619973,2.98948312,2.27404475,3.4206655,2.63730145,-8.60726738,-13.5209999,-9.46032715,-0.622117519,-16.8875008,7.1552844,12.7513409,0.61571002,0.00902651716,-9.51465607,-0.583664894,-0.000254631042,1
755,7.630001,2.97840834,2.3153913,3.71525812,2.74509716,-7.55198097,-6.96387863,-9.51465607,-0.734003067,-10.3395176,-4.07735825,13.9704056,0.608253181,-0.051693555,-9.53702641,-0.679736137,-0.000254631042,1
756,7.639977,2.93706203,2.27847505,3.4206655,2.83960271,-9.17665768,-6.80655527,-9.61266041,-0.825380802,-11.3597956,1.2228204,15.4625025,0.463377267,-0.00695244875,-9.57111549,-0.776293755,-0.000254631042,1
757,7.649973,2.78053665,2.27256846,3.57645273,3.02049279,-10.279829,-11.4035568,-9.40599918,-0.917709351,-15.0936308,-2.81039262,11.252058,0.671103776,0.0814645067,-9.45287037,-0.871508598,-0.000254631042,1
758,7.659981,2.74805045,2.30800796,3.8991015,3.14822292,-3.3697772,-4.07663202,-9.48695946,-0.997786522,-5.04173422,-1.59851277,12.1621656,0.355785549,0.140054047,-9.57005024,-0.966418266,-0.000254631042,1
759,7.669979,2.65871286,2.35599923,3.31213164,3.19916797,-13.5703106,-0.557013988,-9.56578827,-1.10295868,-12.3633089,5.62247181,11.8819485,0.288673878,0.120879292,-9.56578827,-1.06260967,-0.000254631042,1
760,7.679976,2.61367512,2.43943,3.81714678,3.06774569,-25.0258102,-2.17369366,-9.52850437,-1.20008326,-24.1132755,7.04032326,-8.93556213,0.246063307,0.395717531,-9.52850437,-1.15877056,-0.000254631042,1
761,7.689973,2.5383656,2.40546703,3.91755915,3.01089454,-12.8366003,1.51459551,-9.56791973,-1.29749537,-11.9513655,4.92312622,9.31927776,0.325958133,0.685469449,-9.56791973,-1.2543478,-0.000254631042,1
762,7.699981,2.44681334,2.46527147,3.49597502,3.37858129,-8.69031715,2.36181164,-9.53702641,-1.38880396,-8.11933422,3.89566231,13.8530493,0.208779052,0.614096761,-9.53702641,-1.35053921,-0.000254631042,1
763,7.709978,2.4564116,2.58635688,3.5934341,3.50557327,-14.552474,-7.41944361,-9.51252556,-1.47877836,-15.1726665,-6.05085373,23.1624928,0.0351409428,0.326475352,-9.51252556,-1.44593716,-0.000254631042,1
764,7.719975,2.35747576,2.63360977,3.32025337,3.15117645,-19.6452637,15.748414,-9.67018509,-1.58267736,-19.8309803,15.5139027,14.4925203,0.214105383,0.312626898,-9.67018509,-1.54279995,-0.000254631042,1
765,7.729994,2.37445736,2.63213348,3.47456336,3.32763672,-13.272501,3.63057208,-9.58922482,-1.69290829,-13.6159039,1.98683167,-1.5780617,0.480421484,0.0814645067,-9.58922482,-1.63914394,-0.000254631042,1
766,7.739980,2.15665102,2.71556401,3.69089341,3.55799413,-20.3014259,6.54585981,-9.34314823,-1.78085136,-21.2200909,2.16885304,34.9483833,0.376025587,0.49052605,-9.34314823,-1.73444986,-0.000254631042,1
767,7.749995,2.13154817,2.66314292,3.16225147,3.32025337,-13.7416134,9.41564941,-9.48056793,-1.88215971,-15.9654188,4.75307941,21.2800064,0.295065492,-0.0325187966,-9.48056793,-1.82984781,-0.000254631042,1
768,7.759980,2.15000629,2.70375085,3.15782142,3.3010571,-7.0498395,10.1173897,-9.54661369,-1.9696579,-10.4257383,6.58526945,2.28271008,0.494269937,0.108096115,-9.54661369,-1.92527628,-0.000254631042,1
769,7.769996,2.19061422,2.71704102,3.2796452,3.53805971,-2.5686028,4.68250227,-9.71173,-2.06547499,-4.48369455,2.90172911,10.8664598,0.486813068,-0.119870476,-9.71173,-2.0218339,-0.000254631042,1
770,7.779981,2.26961493,2.80711651,3.13271856,3.51148009,-7.57534122,14.1237535,-9.36445332,-2.15823174,-14.1332283,7.55764771,5.97104025,0.449528813,0.168816179,-9.36445332,-2.11723185,-0.000254631042,1
771,7.789978,2.26296997,2.96954846,2.91048217,3.49597502,-13.6766567,11.000453,-9.36338806,-2.25736952,-17.5509205,-0.161500961,15.5774641,0.2790865,0.391456455,-9.36338806,-2.21122599,-0.000254631042,1
772,7.800000,2.2489419,3.1807096,2.69415259,3.67391181,-8.45987225,0.162103757,-9.41452122,-2.34859896,-6.14104843,-5.82093191,11.589756,0.131014749,0.440458626,-9.41452122,-2.30598307,-0.000254631042,1
773,7.809976,2.13819289,3.16815805,2.5553472,3.39408565,-2.52871633,13.3721085,-9.5487442,-2.4552269,-11.9465752,6.51820898,9.66895008,0.0521851741,0.226340458,-9.5487442,-2.38233805,-0.000254631042,1
774,7.819994,2.29397964,3.02344632,2.55239415,3.42361903,-3.41330981,19.665575,-9.48482895,-2.5490303,-18.2191315,8.15161228,4.9268117,0.251389623,0.190121472,-9.48482895,-2.47730875,-0.000254631042,1
775,7.829981,2.34492421,3.21467257,2.69415259,3.51000309,-2.9560585,15.869935,-9.36764908,-2.64269352,-15.3498983,4.99737167,20.1423721,-0.0202528071,0.484134465,-9.36764908,-2.57243204,-0.000254631042,1
776,7.839996,2.3648591,3.49449849,2.51030946,3.30474854,-2.02452302,10.3027515,-9.38682461,-2.74020147,-10.2748518,2.16166806,15.6469193,-0.094821319,0.345650107,-9.38682461,-2.66740274,-0.000254631042,1
777,7.849995,2.44681334,3.74774432,2.35599923,3.51148009,-3.78721333,11.6733818,-9.36658382,-2.83108187,-12.2722979,-0.0393549614,5.81536388,0.240736991,0.138988778,-9.36658382,-2.76167154,-0.000254631042,1
778,7.859977,2.49332786,3.42952585,2.53984261,3.71378136,4.73479462,18.6405621,-9.40280342,-2.93275738,-17.2539387,8.49649525,-5.99447823,0.387743473,0.0814645067,-9.40280342,-2.85642862,-0.000254631042,1
779,7.869975,2.48077631,3.4206655,2.35083103,3.36159945,5.23772526,13.671505,-9.3601923,-3.01936817,-12.9309282,6.8654871,19.7232437,0.732889116,0.451111287,-9.3601923,-2.95069742,-0.000254631042,1
780,7.879994,2.54279566,3.69089341,2.19504404,3.53289127,-7.36724854,2.11167741,-9.29840755,-3.1107645,-2.33775711,-7.29865932,6.99371338,0.599731088,0.274277389,-9.29840755,-3.04466105,-0.000254631042,1
781,7.890106,2.5331974,3.87030649,2.04516387,3.33723497,4.26575184,18.0405598,-9.33356094,3.0836072,-18.257452,3.2130816,8.49299526,0.500661492,0.0825297683,-9.33356094,-3.13862467,-0.000254631042,1
782,7.899984,2.48225331,3.77137041,2.15960455,3.08029723,6.81894588,19.0926323,-9.41771698,2.98890829,-19.9076214,3.83578682,8.14571762,0.639145851,0.231666788,-9.41771698,3.0507803,-0.000254631042,1
783,7.909982,2.61072159,3.21024275,2.17215562,3.23460746,-0.309787691,7.80456495,-9.47417641,2.89130449,-7.48465443,-2.23319292,12.0711546,0.50279206,0.483069211,-9.47417641,2.95608425,-0.000254631042,1
784,7.920005,2.66757298,3.32320666,2.0857718,3.29367375,8.82048035,13.3254662,-9.45500088,2.8127327,-15.4600697,4.04415369,15.7594852,0.378156096,0.599183023,-9.45500088,2.861022,-0.000254631042,1
785,7.930026,2.64320827,3.62739706,1.94622815,3.1039238,6.37845802,6.43036795,-9.45073986,2.72487545,-8.46182251,3.22984672,11.7598028,0.0319451503,0.305170059,-9.45073986,2.76702785,-0.000254631042,1
786,7.939975,2.96438003,3.93158722,1.89823687,3.0869422,11.4465923,-0.529473722,-9.36978054,2.62717772,-5.17106533,10.2256985,12.0687599,0.0117051266,0.0963782072,-9.36978054,2.67282009,-0.000254631042,1
787,7.950002,3.15634465,3.64880848,2.19652081,2.74952698,8.38110638,12.0283251,-9.40706444,2.53737068,-14.6601324,0.0636308864,10.2581253,-0.0490149483,0.0569634177,-9.40706444,2.57879543,-0.000254631042,1
788,7.959976,3.09875536,3.58235908,2.15369797,2.69562936,15.5305758,16.5881443,-9.32397366,2.44104815,-22.6930294,1.17971003,4.44780779,0.00105248217,0.107030854,-9.32397366,2.48538113,-0.000254631042,1
789,7.970002,2.81302333,3.81714678,2.24598885,2.67864776,11.763422,5.00046349,-9.52104759,2.34568357,-11.9034653,4.65727854,12.6675148,-0.0735160336,0.316887945,-9.52104759,2.39092922,-0.000254631042,1
790,7.979976,2.84993958,3.91755915,2.27256846,2.64025497,24.3805237,4.69909191,-9.39108562,2.25915194,-21.8140564,11.8591022,-2.27980232,-0.0404928327,0.263624728,-9.39108562,2.29659939,-0.000254631042,1
791,7.990003,3.1194284,3.66579008,2.22900724,2.57380581,5.51592731,1.19641948,-9.33888721,2.18386078,-5.19980574,2.1951983,12.5693188,-0.0777770877,0.314757437,-9.33888721,2.20315456,-0.000254631042,1
792,7.999977,3.39703918,3.61336875,2.23565197,2.5752821,12.8821945,13.7737026,-9.41558647,2.06662321,-17.8838291,-5.98618841,2.73297381,0.45378989,0.471351296,-9.41558647,2.1094656,-0.000254631042,1
793,8.009999,3.53658295,3.66874337,2.18766069,2.54427242,8.13223553,2.88713336,-9.61266041,1.98654604,-8.60552406,0.64322561,5.63334227,0.695604861,0.668425202,-9.61266041,2.01431179,-0.000254631042,1
794,8.020006,3.22279429,3.95373726,2.18913746,2.5007112,15.7568598,1.67640638,-9.42410851,1.89222097,-17.9173603,10.8579836,13.7931738,0.65938586,0.667359948,-9.42410851,1.91973782,-0.000254631042,1
795,8.029995,3.08989549,3.95373726,1.96025622,2.48225331,15.0856819,-1.93860972,-9.43902206,1.81199455,-19.0909195,-2.28588343,19.8262291,0.87030828,0.622618854,-9.46458817,1.82589626,-0.000254631042,1
796,8.039980,3.23460746,3.87325931,1.99126601,2.45936489,10.9616537,0.302222669,-9.5988121,1.70395279,-9.18272305,2.69096732,10.7059937,1.05140316,0.408500701,-9.5988121,1.73141384,-0.000254631042,1
797,8.049997,3.40368414,3.74479079,2.11604333,2.44681334,-0.0735110566,-3.95149589,-9.58815956,1.61824179,-18.6358662,2.68617725,1.90908694,0.85219878,0.0963782072,-9.54554844,1.63571072,-0.000254631042,1
798,8.059998,3.43100238,3.67981815,2.20907211,2.37002754,12.1603069,-10.1300411,-9.50506878,1.50816965,-12.9908037,-4.97309494,10.0545483,0.906527221,0.0111570461,-9.52530861,1.54127407,-0.000254631042,1
799,8.069982,3.33206654,3.5188632,2.38553214,2.32646632,10.1071014,3.04897547,-9.62757397,1.41223049,-13.8506165,6.76729107,3.08983183,0.728628099,-0.00162612647,-9.63929176,1.44581509,-0.000254631042,1
800,8.080002,3.25971079,3.49892831,2.55682421,2.3478775,2.94501948,-1.46166372,-9.63929176,1.32188845,-3.21433425,0.691125989,14.3536091,0.526227891,-0.0250619445,-9.62970448,1.34962368,-0.000254631042,1
801,8.089976,3.45093727,3.19473791,2.54131913,2.44976664,14.7049065,-8.20113087,-9.62544346,1.19710493,-16.6839237,2.26704884,6.7494216,0.316370755,-0.3552939,-9.62011719,1.25352383,-0.000254631042,1
802,8.099998,3.45315218,3.21319604,2.5383656,2.4069438,12.9576702,-15.9766273,-9.58922482,1.10211611,-18.7771721,8.40069485,13.8243093,-0.0277096573,-0.215744287,-9.54022217,1.15699673,-0.000254631042,1
803,8.110059,3.49449849,3.38301134,2.64616156,2.34935403,9.27664661,-6.68989182,-9.54022217,1.00857592,-11.4148808,0.715076208,9.81744194,-0.162998244,-0.312683344,-9.53596115,1.06117153,-0.000254631042,1
804,8.119976,3.47899342,3.30917859,2.73254561,2.19209075,13.309577,-3.60406876,-9.54128742,0.912297726,-12.7321415,-5.29402781,-1.30502939,-0.37924692,0.072942391,-9.54128742,0.96592617,-0.000254631042,1
805,8.130001,3.59786391,3.13271856,2.75321889,2.12711811,4.58105564,-18.7962742,-9.68403339,0.816952229,-16.2049198,10.5681868,8.30378914,-0.526253402,0.27960369,-9.68403339,0.869643211,-0.000254631042,1
806,8.139977,3.74183774,2.97840834,2.74362063,2.05623865,5.19463587,-12.2892284,-9.67125034,0.715233326,-12.6842413,4.13755941,12.2531767,-0.631714642,0.430871248,-9.67125034,0.772749901,-0.000254631042,1
807,8.149984,3.67095828,3.19030786,2.77463007,1.95582652,1.01776195,-14.7499847,-9.67018509,0.632609367,-12.4974298,7.90013552,7.16615486,-0.312135249,0.308365852,-9.67018509,0.67573452,-0.000254631042,1
808,8.159980,3.68277168,3.09432554,2.86692119,1.98535943,5.99762964,-14.6456652,-9.70746899,0.531047821,-15.6660414,2.24549365,0.522370517,0.153385311,0.242319435,-9.70746899,0.57896328,-0.000254631042,1
809,8.169977,3.79130554,2.93706203,2.81302333,2.14114642,-3.06427193,-12.2212229,-9.81293011,0.424751759,-9.87248802,7.82828474,9.11330605,0.285478085,0.533136666,-9.81293011,0.480757713,-0.000254631042,1
810,8.179975,3.76915574,2.93484712,2.86544442,2.32941961,-2.35277939,-12.9042339,-9.61692142,0.328804493,-11.4532013,6.39366817,8.61274624,0.589078426,0.541658759,-9.61692142,0.38377285,-0.000254631042,1
811,8.189982,3.47456336,2.85953784,2.77167702,2.3220365,1.97141266,-16.5003662,-9.80973434,0.224111557,-16.5258522,1.74493468,20.9087791,0.64660269,0.692926288,-9.80973434,0.286543846,-0.000254631042,1
812,8.199979,3.47456336,2.88242602,2.69415259,2.31908298,-2.25878549,-9.84610844,-9.82571316,0.118258476,-9.51084137,3.40468335,18.9352818,0.765912354,0.616227269,-9.82571316,0.188368797,-0.000254631042,1
813,8.209977,3.57054591,2.86249113,2.92598701,2.43130827,-6.23367167,-13.0681925,-9.72238255,0.0363922119,-12.8327332,6.70502043,7.00089836,0.862851381,0.419153333,-9.72238255,0.0910177231,-0.000254631042,1
814,8.219973,3.53805971,2.71261072,3.1194284,2.44976664,-2.59817767,-17.4531555,-9.82571316,-0.0808744431,-17.6060066,1.17971003,2.70183849,0.693474352,0.54698509,-9.82571316,-0.00730991364,-0.000254631042,1
815,8.250005,3.37119794,2.66757298,3.34757137,2.57823539,-12.5980644,-3.69338322,-9.75540543,-0.370276928,-8.00197887,10.4077206,7.99722672,0.468703598,0.386130154,-9.75540543,-0.299912453,-0.000254631042,1
816,8.259979,3.39260936,2.61810493,3.62887383,2.54279566,-12.4799805,-14.371603,-9.73090458,-0.463460445,-18.4346828,4.73870897,7.85592031,0.323827624,0.303039521,-9.73090458,-0.37806797,-0.000254631042,1
817,8.270003,3.50409675,2.38848567,3.30770206,2.41137362,-2.10159779,-11.4043941,-9.71492577,-0.560784817,-10.7754107,-4.28572464,20.2190132,0.2737602,0.321149021,-9.71492577,-0.476029396,-0.000254631042,1
818,8.280044,3.36159945,2.35083103,3.53805971,2.47486997,-12.6501894,-5.8898778,-9.74475288,-0.65735054,-12.3920488,6.41522312,-0.629633904,0.125688419,0.0825297683,-9.74475288,-0.574021339,-0.000254631042,1
819,8.289982,3.12681174,2.32794285,3.72042608,2.56937575,-6.94548178,-2.54088235,-9.80866909,-0.738763332,-6.55538702,3.42384338,9.43663311,-0.0522107445,0.0803992376,-9.80866909,-0.671984673,-0.000254631042,1
820,8.300008,3.20285964,2.3050549,3.3726747,2.62327337,-20.8302383,7.75249243,-9.73836136,-0.847344398,-10.4808235,19.5998058,20.9063835,-0.0202528071,-0.266876966,-9.73836136,-0.770281792,-0.000254631042,1
821,8.309983,3.06183934,2.15665102,3.63182712,2.74805045,-9.12604237,-7.2298522,-9.77245045,-0.94226408,-11.6328278,-0.482433617,17.8838673,-0.141692951,-0.16248107,-9.77245045,-0.867877007,-0.000254631042,1
822,8.319996,3.1533916,2.05180883,3.74036121,2.86101437,-6.31669235,-3.8195107,-9.65207481,-1.02903748,-7.38166857,-0.0154047646,14.480545,0.135275796,-0.250898004,-9.65207481,-0.96599102,-0.000254631042,1
823,8.329981,3.14969993,2.16403437,3.52698469,2.79899502,-16.1954441,-7.97273159,-9.69575119,-1.12971926,-18.0490856,-0.295622051,13.045928,0.175755858,-0.0080177132,-9.69575119,-1.06294537,-0.000254631042,1
824,8.339978,2.99834299,2.13302469,3.65397668,2.80047178,-4.14785862,-1.09849596,-9.54341793,-1.22047949,-4.27293301,0.391748548,24.7911053,0.591208935,0.166685656,-9.54341793,-1.16032696,-0.000254631042,1
825,8.349996,2.94887519,2.42540193,3.61779904,3.00351119,-17.8998661,4.11716366,-9.47311115,-1.30785513,-16.2145004,8.62822151,2.13421869,0.383482426,-0.0378451198,-9.47311115,-1.25593472,-0.000254631042,1
826,8.359981,2.85141611,2.46674824,3.36012292,3.01237154,-12.2966604,-6.48736572,-9.48163319,-1.41194582,-13.1680355,-4.46056128,-7.71170712,0.34832871,0.187990949,-9.48163319,-1.35111904,-0.000254631042,1
827,8.369994,2.59964681,2.41432667,3.53658295,2.99095964,-14.6616039,8.25820255,-9.79695129,-1.49912977,-14.0326376,9.28685188,25.4042301,0.48468256,0.699317873,-9.79695129,-1.44749355,-0.000254631042,1
828,8.379980,2.49332786,2.37150407,3.71230459,3.14527011,-11.5932827,-0.708555043,-9.46352291,-1.59717846,-11.5705576,-1.01412797,-1.04636729,0.119296834,0.765364289,-9.46352291,-1.54420376,-0.000254631042,1
829,8.389996,2.56937575,2.40546703,3.30474854,3.27373886,-9.04002285,-2.31869769,-9.61585617,-1.70084143,-8.66300392,-3.47141814,0.869648397,0.0969262794,0.737667441,-9.61585617,-1.63966274,-0.000254631042,1
830,8.400055,2.62031984,2.45936489,3.11721373,2.91195869,-16.4142628,11.4035501,-9.71492577,-1.81121063,-18.6574211,7.16725922,21.2991676,0.206648529,0.928349733,-9.71492577,-1.73679972,-0.000254631042,1
831,8.409973,2.73254561,2.63730145,3.1533916,2.99538994,-10.8379688,11.5764427,-9.67764187,-1.90007973,-13.9991074,7.44987154,-0.557783306,0.407983512,0.662033617,-9.67764187,-1.83424234,-0.000254631042,1
832,8.420000,2.68160105,2.68160105,3.2840755,3.37119794,-4.0503726,7.84622002,-9.53809166,-1.9960537,-6.92661476,5.47637558,-6.76327944,0.381351888,0.622618854,-9.53809166,-1.93119669,-0.000254631042,1
833,8.429974,2.5058794,2.72220898,3.08029723,3.53953624,-6.05311251,7.01232433,-9.4858942,-2.09312487,-8.74443436,3.05740547,8.78997803,0.198126405,0.267885774,-9.4858942,-2.02644205,-0.000254631042,1
834,8.440001,2.41580367,2.77315354,2.96142673,3.42657232,-6.65120411,12.3799877,-9.52743912,-2.1890521,-12.5956259,6.2332015,12.9884472,0.198126405,0.164555117,-9.52743912,-2.12177896,-0.000254631042,1
835,8.449976,2.40251374,2.70670438,3.1209054,3.5188632,-10.0505943,11.4251242,-9.58176804,-2.28678656,-15.0816565,2.02275681,-4.20300293,0.476160437,0.18586041,-9.58176804,-2.21745157,-0.000254631042,1
836,8.459999,2.29988647,2.7281158,3.22427082,3.70787501,-9.19881916,11.5865459,-9.63183498,-2.37991905,1.74096131,-1.0093379,11.8987141,0.558185756,0.0537676252,-9.63183498,-2.31373453,-0.000254631042,1
837,8.469984,2.1300714,2.91195869,2.80859327,3.50040507,0.495868921,10.1599693,-9.41771698,-2.4675231,-11.5034971,3.1268611,21.8763657,0.579491079,-0.0974999219,-9.3964119,-2.40989542,-0.000254631042,1
838,8.480003,2.10570645,3.09580207,2.88094926,3.60746217,-8.04715252,17.5200634,-9.41665173,-2.55981684,-17.1246071,3.50048399,4.13645554,0.543272078,-0.178460032,-9.43263054,-2.50431681,-0.000254631042,1
839,8.489977,2.0702672,3.12976527,3.07291412,3.71230459,3.00215387,3.71420026,-9.52956963,-2.6557889,-17.9700489,-3.47381306,1.02053463,0.364307672,0.259363651,-9.58389854,-2.59971476,-0.000254631042,1
840,8.500003,1.97871459,3.17037296,2.87208939,3.43543243,11.3685064,9.9088974,-9.58283329,-2.76118755,-4.35915375,4.50399733,13.7668285,0.386678219,0.0846602991,-9.51572132,-2.69636393,-0.000254631042,1
841,8.509977,2.11456656,3.31065512,2.59964681,3.32320666,1.36680865,12.4198818,-9.56152725,-2.85016823,-12.0327959,-2.82955289,7.64515877,0.406918257,-0.0346493237,-9.57750702,-2.79231119,-0.000254631042,1
842,8.520001,2.07469702,3.37415123,2.56125402,3.61336875,-0.242680341,17.8405495,-9.60733414,-2.95005751,-17.5605011,-0.309992194,0.982214332,0.247128576,0.10170453,-9.57963753,-2.8886857,-0.000254631042,1
843,8.530010,2.02818227,3.07586718,2.47634649,3.5070498,4.98451233,22.7238197,-9.68935966,-3.03481007,-22.063139,7.37802124,19.5747509,0.058576759,0.477742881,-9.69042492,-2.98512125,-0.000254631042,1
844,8.540002,2.0961082,3.15117645,2.47486997,3.53289127,7.08881569,10.6532059,-9.63076973,-3.12855196,-10.5598593,7.2271347,15.2062359,-0.0149264848,0.336062729,-9.56685352,-3.08167887,-0.000254631042,1
845,8.550110,2.22310042,3.26118731,2.56937575,3.45905876,3.87731218,14.9754839,-9.46671867,3.05523443,-15.2540979,6.8247714,12.7848711,0.238606468,0.454307079,-9.47098064,3.10607815,-0.000254631042,1
846,8.559983,2.36781263,3.42804885,2.53984261,3.18735456,2.46395755,8.31675053,-9.53383064,2.97023106,-8.61510372,1.00966358,4.97471189,0.224758029,0.127270877,-9.53383064,3.01080227,-0.000254631042,1
847,8.569997,2.54131913,3.29367375,2.59373999,3.07734394,8.80554104,13.6755667,-9.49335098,2.87733507,-15.5007849,4.92791605,3.5448854,0.00637880433,0.606639862,-9.49335098,2.9151907,-0.000254631042,1
848,8.579973,2.66461945,3.37710452,2.42687845,3.17480302,10.7213602,7.10085535,-9.50293827,2.78560638,-10.3922081,7.57441282,7.2284255,0.0628378168,0.315822691,-9.50293827,2.82021999,-0.000254631042,1
849,8.589998,2.74362063,3.50040507,2.17510915,3.12976527,0.515357196,3.40226746,-9.37191105,2.69720078,-3.29336977,-0.997362852,7.20208025,-0.0788423568,0.22953625,-9.37191105,2.72540188,-0.000254631042,1
850,8.599983,2.83664966,3.72337961,2.05623865,2.92746377,11.0544548,8.06484604,-9.40812969,2.60121202,-12.6028109,5.33027935,10.5191822,0.14912425,0.0122223105,-9.40812969,2.63137722,-0.000254631042,1
851,8.609998,2.86249113,3.60598564,2.20095062,2.89202428,17.7980099,8.31633186,-9.3484745,2.51655769,-17.1581383,9.56706905,-5.34782267,0.324892879,0.208230972,-9.3484745,2.53750515,-0.000254631042,1
852,8.620006,2.86692119,3.63330364,2.13302469,2.91638875,10.9648008,11.9866056,-9.44860935,2.41610241,-16.2432404,0.250442415,-5.60648489,0.248193845,0.462829202,-9.44860935,2.44372463,-0.000254631042,1
853,8.629998,2.76503181,3.83117509,1.97133124,2.87356591,14.4151115,5.21157885,-9.46032715,2.32438135,-14.0781431,6.06315517,13.932085,0.288673878,0.3722817,-9.46032715,2.34966946,-0.000254631042,1
854,8.639995,3.00129628,3.97957873,1.82292747,2.67864776,14.0504684,2.3391273,-9.30266857,2.23965549,-12.4734802,6.87746191,5.1399684,0.345132917,0.535267174,-9.30266857,2.25613308,-0.000254631042,1
855,8.649981,3.15486813,3.83117509,1.94327486,2.60776854,12.8494558,9.81385803,-9.3346262,2.14453888,-16.1187,-1.26800001,13.3812304,0.661516428,0.376542777,-9.3346262,2.16287136,-0.000254631042,1
856,8.660005,3.19916797,3.62444377,2.2046423,2.63582492,3.79345489,3.39685392,-9.51359081,2.04748535,-4.9291687,-1.27758014,12.6339846,0.438876182,0.51609242,-9.51359081,2.06835842,-0.000254631042,1
857,8.669980,3.24125242,3.62592053,2.17510915,2.53984261,19.190279,0.711897075,-9.23129559,1.95564413,-18.053875,6.54455423,11.3143291,0.513444662,0.528875589,-9.23129559,1.97540188,-0.000254631042,1
858,8.679997,2.85658431,3.57645273,2.19947386,2.36781263,11.2531281,10.7585306,-9.43050003,1.86053324,-13.8578014,-7.09508276,16.0756283,0.403722465,0.375477493,-9.43050003,1.88189602,-0.000254631042,1
859,8.689983,2.83000445,3.59638739,2.18101597,2.2814281,20.4020309,-6.07343006,-9.5231781,1.75668526,-18.9280586,9.73951054,15.8409157,0.512379408,0.282799482,-9.5231781,1.80615139,-0.000254631042,1
860,8.699981,3.09727883,3.58235908,2.23048377,2.34344769,16.5233078,-3.49361396,-9.33888721,1.66743469,-16.1091194,5.07161713,9.84618187,0.360046595,0.1144877,-9.33888721,1.71194363,-0.000254631042,1
861,8.709977,3.34166479,3.56685448,2.20759583,2.27995157,13.8586731,3.19468904,-9.36445332,1.56170607,-13.8290606,-3.32053185,13.5512772,0.396265596,0.0995739996,-9.36445332,1.61904812,-0.000254631042,1
862,8.719973,3.50188184,3.53805971,2.30210137,2.13966966,11.3681393,-4.90805006,-9.38682461,1.47229815,-11.7956896,3.7663312,8.10979271,0.566707909,-0.216809556,-9.38682461,1.52516079,-0.000254631042,1
863,8.729983,3.27521539,3.35716963,2.46231818,2.30653143,14.5004253,-0.679834306,-9.30692959,1.38916779,-14.3847055,-1.9505806,11.0173464,0.448463559,-0.135849446,-9.30692959,1.43150234,-0.000254631042,1
864,8.739980,3.22574782,3.21762609,2.63877821,2.36781263,8.6679821,-3.65230656,-9.27603722,1.28084612,-9.35037518,1.02163875,7.00329351,0.373895049,0.0143528394,-9.27603722,1.33824062,-0.000254631042,1
865,8.749976,3.52550793,3.14379334,2.41285014,2.31908298,12.4809179,-2.64837837,-9.28668976,1.17851591,-12.54533,-2.32420373,-1.06792247,0.170429543,0.150706694,-9.28668976,1.2447958,-0.000254631042,1
866,8.759974,3.45462871,3.14674664,2.41432667,2.16255784,7.4369278,-15.9563446,-9.4475441,1.08669329,-14.008687,10.6615925,-5.27597237,0.37922138,-0.0389103815,-9.4475441,1.15119839,-0.000254631042,1
867,8.769983,3.66579008,3.10835361,2.72073245,2.00234103,12.0981188,-4.92311716,-9.3729763,0.989195347,-12.8135729,-2.53257036,16.3247108,0.206648529,0.244449958,-9.3729763,1.05674648,-0.000254631042,1
868,8.790003,3.66726637,2.98652959,2.80047178,2.11161304,7.0374732,-14.5730276,-9.23981762,0.800447941,-15.1990118,5.55780602,18.7101498,-0.0596675947,0.520353496,-9.23981762,0.870772362,-0.000254631042,1
869,8.799978,3.64733195,2.92008042,2.61515188,2.15517449,-0.658549547,-6.84262514,-9.36445332,0.704350948,-4.78786182,4.93270588,19.313694,-0.128909782,0.430871248,-9.36445332,0.77741909,-0.000254631042,1
870,8.809996,3.80164218,2.80859327,2.60112333,2.07912683,1.0889051,-10.17031,-9.41239071,0.613364697,-8.94322109,4.96384144,16.1666393,-0.123583458,0.151771948,-9.41239071,0.682784081,-0.000254631042,1
871,8.819981,3.64437866,2.62770319,2.83812642,2.08355689,10.6554527,-14.4568071,-9.24833965,0.520165443,-17.8407192,-2.06075144,17.3330135,-0.039427571,0.152837217,-9.24833965,0.58878994,-0.000254631042,1
872,8.830004,3.51738644,2.46379471,2.84107947,2.11013651,-12.2502851,-9.41206646,-9.47737217,0.424550056,-3.53047681,15.0396881,12.6938601,0.139536873,-0.0282577388,-9.47737217,0.494887352,-0.000254631042,1
873,8.839978,3.41845083,2.29693317,3.08472729,2.17806244,8.16524124,-7.95837975,-9.45180511,0.322952271,-10.1383352,-5.2173872,7.04879904,0.290804416,-0.165676862,-9.45180511,0.400038719,-0.000254631042,1
874,8.849998,3.41845083,2.3478775,3.39703918,2.41949511,-1.62677133,-19.3777122,-9.29840755,0.226725101,-18.5161152,5.94100952,3.27903819,0.336610794,0.00796125364,-9.29840755,0.304732323,-0.000254631042,1
875,8.859974,3.44503069,2.26961493,3.24568224,2.47043967,-13.0747156,-3.97258687,-9.29840755,0.130517006,-2.2371664,13.4805307,7.49906254,0.401591927,0.317953229,-9.29840755,0.211623192,-0.000254631042,1
876,8.870005,3.48194671,2.40842032,3.19621468,2.4564116,-3.2640512,-7.00870943,-9.18229389,0.0409708023,-6.86913443,3.54838443,-3.35756111,0.566707909,0.231666788,-9.18229389,0.118391991,-0.000254631042,1
877,8.880004,3.48490024,2.49185157,3.66283655,2.25263333,-2.60313654,-14.7230501,-9.14500904,-0.0514092445,-14.8373642,1.84313047,3.21197772,0.44100672,0.638597846,-9.14500904,0.025343895,-0.000254631042,1
878,8.889978,3.52846146,2.2814281,3.91017604,2.1300714,-3.4172442,-11.5644464,-9.23875237,-0.142307758,-11.9322052,1.74253964,13.8937654,0.613579512,1.09985733,-9.23875237,-0.0671548843,-0.000254631042,1
879,8.899999,3.55134964,2.22900724,3.47161031,2.19504404,-7.18974733,7.77855158,-9.21851254,-0.233869076,3.99228001,16.8072128,16.5977421,0.705192268,1.10731423,-9.21851254,-0.160874367,-0.000254631042,1
880,8.909975,3.40146923,2.2984097,3.22427082,2.35304594,4.14632845,-15.5171719,-9.0352869,-0.309693336,-7.84869766,0.372588396,4.46936321,0.389874011,0.643924117,-9.11305141,-0.252793312,-0.000254631042,1
881,8.919984,3.38817954,2.2814281,3.137887,2.44828987,-6.75361633,-13.9906511,-9.30160332,-0.405075073,-12.1214123,0.906677783,9.79588604,0.349393964,0.533136666,-9.30053806,-0.345780373,-0.000254631042,1
882,8.929996,3.09284854,2.06879044,3.36455297,2.45124316,-23.4887943,-19.503706,-9.44328308,-0.497806072,-31.7677574,0.834827185,12.1717463,0.141667396,0.819692791,-9.45393562,-0.440354347,-0.000254631042,1
883,8.939999,2.77610683,1.9277699,3.60893893,2.51990771,-14.3414612,-7.80207825,-9.43795681,-0.592435837,-13.8817511,16.8694839,29.1715965,0.495335191,0.535267174,-9.43156528,-0.535111427,-0.000254631042,1
884,8.949973,2.74805045,1.96173298,3.36602974,2.74214363,-2.26222181,0.298704952,-9.24301338,-0.682636261,-7.53734493,-0.753070831,15.9031868,0.262042284,-0.1614158,-9.23875237,-0.629015923,-0.000254631042,1
885,8.959999,2.7281158,1.99421942,3.56833076,3.03082943,-9.73270035,-10.3273802,-9.3964119,-0.760222912,-18.9663773,2.97118473,7.25477076,0.234345406,-0.479929864,-9.44434834,-0.72267437,-0.000254631042,1
886,8.969975,2.70153594,1.96025622,3.71378136,3.04485774,-14.3141479,-1.90768766,-9.46778393,-0.854279518,-12.0471659,7.96240568,11.9011087,0.37922138,-0.557694137,-9.46458817,-0.817461967,-0.000254631042,1
887,8.980005,2.55977726,1.9336766,3.75586581,3.1194284,-15.1840544,0.0365026705,-9.41132545,-0.951089382,-12.3393583,8.84856319,2.01446772,0.465507805,-0.677003801,-9.38575935,-0.912341118,-0.000254631042,1
888,8.989979,2.38553214,1.92186344,3.75438881,3.38817954,-7.41362047,-10.4956102,-9.24833965,-1.03491545,-11.7334185,-5.23894215,-0.263195902,0.415440351,-0.320140183,-9.29521179,-1.00584698,-0.000254631042,1
889,9.000000,2.22457719,2.08872485,3.83412838,3.30770206,-22.9897346,1.2265296,-9.43902206,-1.11982107,-20.156702,11.1238308,1.77257073,0.60292685,0.0878560916,-9.43902206,-1.10023785,-0.000254631042,1
890,9.009975,2.19356751,2.13302469,3.97367215,3.20064449,-14.9531298,-0.642559767,-9.46885014,-1.22302246,-14.2769299,4.49202204,0.345139086,0.586947918,0.462829202,-9.46885014,-1.19419765,-0.000254631042,1
891,9.019999,2.26592326,2.3478775,3.83265185,3.59048057,2.82050133,0.599078894,-9.33249569,-1.32043457,2.88099074,-0.118390612,13.1704693,0.432484597,0.632206261,-9.33249569,-1.28904629,-0.000254631042,1
892,9.029976,2.3220365,2.46231818,3.65988326,3.23313093,-12.1285686,10.2265882,-9.27390671,-1.40443659,-10.2676668,12.0938139,13.8003588,0.158711627,0.369085908,-9.27390671,-1.38246059,-0.000254631042,1
893,9.040002,2.37445736,2.51769257,3.22131753,3.17480302,-13.6042404,-1.56096113,-9.29627705,-1.50387192,-13.678175,-0.647689939,15.7594852,0.138471603,0.411696494,-9.29627705,-1.47505093,-0.000254631042,1
894,9.050002,2.46896338,2.47486997,3.21024275,3.53658295,-11.4258127,5.04312325,-9.27390671,-1.59293079,-11.5346317,4.7890048,12.6148243,0.0660336092,0.157098278,-9.27390671,-1.56831264,-0.000254631042,1
895,9.059977,2.34492421,2.50883293,3.30474854,3.36455297,-17.5063915,-0.582625628,-9.22490406,-1.69756269,-17.2922592,-2.79123259,16.9234657,0.06816414,0.452176541,-9.22490406,-1.66145229,-0.000254631042,1
896,9.069975,2.22310042,2.5162158,3.16668153,3.32025337,-11.5320148,5.06235504,-9.20572948,-1.78292465,-12.3393583,2.52092099,15.0481644,-0.0213180706,0.469220787,-9.20572948,-1.75401163,-0.000254631042,1
897,9.079983,2.17067909,2.63065672,3.10170889,3.59786391,-8.10854244,2.47520542,-9.17803288,-1.88725185,-8.47619247,-0.171081036,9.75277615,-0.0479496866,0.151771948,-9.17803288,-1.84620523,-0.000254631042,1
898,9.090001,2.03261232,2.73402262,3.1533916,3.74036121,-5.05285025,-9.10159588,-9.16205311,-1.97894382,-1.02528632,-10.3594952,6.76618671,-0.222653046,0.260428935,-9.16205311,-1.9381547,-0.000254631042,1
899,9.099975,2.01415396,2.67864776,3.10687709,3.44650745,-2.33690381,10.1773481,-9.18868542,-2.07004309,-6.92422009,7.81630993,8.77560806,-0.039427571,0.346715361,-9.18868542,-2.03040934,-0.000254631042,1
900,9.110001,2.17067909,2.62475014,2.77610683,3.43100238,-5.20809317,12.7654314,-9.13329124,-2.16571283,-11.4675713,7.65344858,5.00824213,0.0702946708,0.483069211,-9.13329124,-2.12196207,-0.000254631042,1
901,9.119976,2.14262319,2.81597662,3.16668153,3.70787501,-13.9003239,14.6959944,-9.13329124,-2.25989962,-20.0728779,2.50415587,0.093662031,0.363242418,0.429805994,-9.13329124,-2.21381998,-0.000254631042,1
902,9.129974,2.0961082,3.06626892,2.97397852,3.44503069,2.07501841,11.0548868,-9.24088287,-2.35616112,-6.3494153,9.28445721,-0.770940065,0.728628099,0.129401401,-9.24088287,-2.30641031,-0.000254631042,1
903,9.139995,2.03778052,3.32615995,2.61219859,3.46348858,-11.6407871,9.52971172,-9.13648701,-2.44617891,-14.775094,-2.8319478,-2.70372081,0.854329288,0.283864766,-9.13648701,-2.3985734,-0.000254631042,1
904,9.149998,2.00677085,3.38670278,2.48889804,3.64142537,1.38398957,14.6489134,-9.31012535,-2.54115725,-11.3047104,9.41857815,8.95523453,0.812783957,0.334997445,-9.31012535,-2.47254801,-0.000254631042,1
905,9.159984,1.8369559,3.22574782,2.40546703,3.66136026,-4.31524801,10.689023,-9.28988552,-2.63739252,-11.4436216,1.38568175,11.3023539,0.547533095,0.369085908,-9.28988552,-2.5659318,-0.000254631042,1
906,9.170002,1.85393751,3.35200119,2.46527147,3.42804885,-5.53275108,10.295084,-9.421978,-2.73163843,-11.6471977,-0.971017599,27.332222,0.462311983,0.263624728,-9.421978,-2.65931559,-0.000254631042,1
907,9.179976,2.15000629,3.20064449,2.34049416,3.47603989,-4.70076561,17.3324871,-9.33995247,-2.82450771,-17.934124,0.937813044,17.6491566,0.275890708,0.182664618,-9.33995247,-2.75382853,-0.000254631042,1
908,9.189997,2.36338258,3.22279429,2.33237243,3.55799413,9.2331171,5.53435421,-9.28668976,-2.91511059,-3.31971502,10.2400694,17.6850815,0.151254773,0.242319435,-9.28668976,-2.84699869,-0.000254631042,1
909,9.199983,2.43278527,3.37858129,2.3050549,3.43912411,-12.7546606,2.01765323,-9.15140057,-3.00260878,-3.76518869,-12.3521509,26.4771996,0.0979915485,0.0207444262,-9.15140057,-2.93940592,-0.000254631042,1
910,9.210005,2.5058794,3.34904814,2.34344769,3.14379334,-1.52233875,12.1874819,-9.14074802,-3.09666348,-12.2435579,-0.973412633,7.4415822,0.00105248217,0.184795156,-9.14074802,-3.03169107,-0.000254631042,1
911,9.219979,2.55682421,3.18735456,2.24746537,3.24863577,2.40825462,5.99079227,-9.05020046,3.09878778,-6.08835793,2.14969301,9.48932362,0.124623157,0.0665507987,-9.05020046,-3.12296915,-0.000254631042,1
912,9.229976,2.64911485,3.27373886,2.21497893,3.43395567,-1.96091163,11.6601496,-9.09920311,3.01424503,-11.3166857,-3.42591286,19.7735386,0.0564462319,0.123009816,-9.09920311,3.06924343,-0.000254631042,1
913,9.239973,2.71704102,3.60598564,2.12859464,3.06626892,23.3858814,4.62079191,-9.14181328,2.92725277,-9.48928547,21.8678913,21.0429001,0.344067633,0.14324984,-9.14181328,2.97704983,-0.000254631042,1
914,9.249981,2.75617194,3.65840697,2.24746537,3.11426044,11.078558,19.6341362,-8.99480724,2.83889151,-22.0439777,4.72194386,6.28478765,0.346198171,0.239123642,-8.99480724,2.88647366,-0.000254631042,1
915,9.259978,2.82262135,3.65397668,2.09758496,3.16520476,11.2247667,7.42244387,-8.99693775,2.74623108,-11.1729841,7.50016689,-4.12636232,0.372829795,0.478808165,-8.99693775,2.79638577,-0.000254631042,1
916,9.269975,2.94444537,3.77284765,1.92924654,3.06479263,6.47750998,6.74525595,-9.1460743,2.66243696,-8.97196198,2.63827705,-2.07383084,0.367503464,0.68333894,-9.1460743,2.7061758,-0.000254631042,1
917,9.279984,3.16077471,4.15751505,1.84876919,2.81007004,7.10007048,6.37742949,-9.09068108,2.57202625,-9.19948864,2.54008126,0.227783114,0.412244558,0.517157674,-9.09068108,2.61471462,-0.000254631042,1
918,9.289980,3.19916797,4.21731997,1.82145083,2.83812642,6.52606392,11.6217117,-9.00545979,2.49703264,-13.2111454,-1.76616418,1.82765627,0.613579512,0.569355607,-9.00545979,2.52429104,-0.000254631042,1
919,9.299977,3.17037296,4.08589792,1.75795484,2.94001555,14.643672,8.0956955,-9.25792694,2.40728664,-15.8217173,5.4452405,17.7976475,0.729693353,0.56509459,-9.25792694,2.43405056,-0.000254631042,1
920,9.319998,2.9629035,4.24537611,2.12121129,2.78496695,16.6713448,-2.04154158,-9.18975067,2.20978594,-12.1645222,11.5812798,28.675827,0.244998053,-0.184851617,-9.18975067,2.24944973,-0.000254631042,1
921,9.329973,3.17184973,3.81419349,2.3035779,2.64025497,12.3775072,6.38420486,-9.27497196,2.14022255,-19.4381962,4.86325026,2.94613051,0.435680389,0.0218096916,-9.27497196,2.15740871,-0.000254631042,1
922,9.340002,2.83000445,3.5188632,2.46379471,2.62475014,13.021801,-7.79603434,-9.25153542,2.03570366,-2.52696347,10.6520128,24.1851654,0.458050936,-0.00695244875,-9.24620914,2.06487942,-0.000254631042,1
923,9.349977,2.83148122,3.42509556,2.43647671,2.69415259,12.795084,3.05382419,-9.23981762,1.97090149,-5.55905867,-11.6456203,14.6338263,0.369634002,-0.275399089,-9.2589922,1.97344875,-0.000254631042,1
924,9.360003,2.91048217,3.56685448,2.43795347,2.69710612,23.2553978,-4.79437685,-9.41984749,1.87237358,-34.4956856,8.64738178,7.50145769,0.292934954,0.0750729144,-9.40812969,1.88046169,-0.000254631042,1
925,9.369978,2.87208939,3.38301134,2.52138424,2.65059137,0.539166987,-11.7917099,-9.29414654,1.78033257,-12.207633,9.24374104,18.3149719,0.262042284,0.128336146,-9.27284145,1.78744411,-0.000254631042,1
926,9.379994,3.06331611,3.27373886,2.39291549,2.61662841,12.0972242,0.595292389,-9.16844463,1.67626619,-13.227911,-6.40292168,-1.48944592,0.24180226,0.0196791627,-9.19081593,1.69549465,-0.000254631042,1
927,9.389981,2.86396766,3.39999247,2.36781263,2.50735617,7.21998692,1.0770781,-9.34740925,1.59109592,-17.8598785,1.44076717,9.99946308,0.144863188,0.163489863,-9.35060501,1.60307217,-0.000254631042,1
928,9.399995,3.08177376,3.48490024,2.36633563,2.31391478,17.01087,-7.0821805,-9.37510681,1.49251652,-12.3680992,7.56962252,5.36509991,-0.127844512,0.234862581,-9.38895512,1.50993252,-0.000254631042,1
929,9.410003,3.13641,3.39260936,2.44828987,2.11456656,13.6862059,-3.33129334,-9.32503891,1.3964467,-14.0565882,0.906677783,8.5480814,-0.115061343,0.291321605,-9.38895512,1.41670132,-0.000254631042,1
930,9.419977,3.26709366,3.39408565,2.38996243,2.07617378,14.6179056,-5.95018101,-9.2099905,1.29669666,-15.682806,1.77127981,-1.27868426,-0.219457254,0.681208372,-9.16950989,1.32411098,-0.000254631042,1
931,9.430004,3.50188184,3.34609485,2.35452247,2.09167814,4.7691679,-6.59686232,-9.25686169,1.20804787,-6.7996788,4.47525692,1.47798336,-0.0362317748,0.698252618,-9.28455925,1.2324667,-0.000254631042,1
932,9.439979,3.71082807,3.137887,2.38996243,2.10718322,8.34302711,-12.4193687,-9.31971264,1.11477947,-12.9596691,7.47621679,6.26323223,0.302522331,0.733406365,-9.31971264,1.13944912,-0.000254631042,1
933,9.449994,3.80828667,3.18218637,2.59226346,2.0961082,8.45727921,-14.632947,-9.3090601,1.01686335,-14.8900547,7.99593639,13.045928,0.542206824,0.859107554,-9.3090601,1.0467062,-0.000254631042,1
934,9.459980,3.56390095,3.11130714,2.78865838,2.0702672,19.0950127,-4.84321737,-9.21105576,0.895796299,-17.934124,-8.15128613,18.0611,0.608253181,0.692926288,-9.21105576,0.953902245,-0.000254631042,1
935,9.470003,3.71673489,3.12976527,2.60629177,2.05771542,2.95536757,-5.76831627,-9.33888721,0.815864563,-6.10512304,2.17603827,9.55877972,0.593339503,0.478808165,-9.33888721,0.860610008,-0.000254631042,1
936,9.479978,3.3726747,3.1039238,2.80047178,2.07617378,19.6261292,1.34350789,-9.43156528,0.717621803,-11.8938847,-15.6692533,4.24183607,0.593339503,0.0846602991,-9.43156528,0.766798973,-0.000254631042,1
937,9.490003,3.2301774,3.07291412,3.05740929,2.26001668,0.655548811,-20.8251019,-9.40067291,0.619328022,-17.3377647,11.5549345,27.5022678,0.488943607,0.08359503,-9.40067291,0.672194481,-0.000254631042,1
938,9.500000,3.38301134,3.01237154,3.02049279,2.3035779,-1.36877203,-8.5341692,-9.16098785,0.512569427,-6.76614857,5.37817955,13.263875,0.594404757,-0.165676862,-9.16098785,0.579268456,-0.000254631042,1
939,9.510004,3.40146923,2.81745338,3.1039238,2.3050549,12.4782219,-12.0796328,-9.33249569,0.427600384,-16.1665993,-6.34544134,7.0871191,0.594404757,-0.395773977,-9.33249569,0.48622036,-0.000254631042,1
940,9.519978,3.41106725,2.60112333,3.3726747,2.40029883,-4.57660341,-27.3126736,-9.421978,0.316812992,-24.5276127,12.8578253,-6.54293776,0.303587586,-0.061280936,-9.421978,0.391005516,-0.000254631042,1
941,9.530005,3.17480302,2.55682421,3.48859167,2.37298083,-0.853907943,-16.9024811,-9.23768711,0.238626957,-16.2216854,4.82492971,6.90270281,0.411179304,0.128336146,-9.23768711,0.297896385,-0.000254631042,1
942,9.539981,3.28629041,2.49480438,3.19178462,2.37298083,-5.19741488,-20.6841106,-9.35912704,0.132443428,-19.8166103,7.8833704,8.21996307,0.137406334,0.104900323,-9.35912704,0.203993797,-0.000254631042,1
943,9.550005,3.36159945,2.48077631,3.67686486,2.23712873,-1.92565429,-8.74174404,-9.43689156,0.0511445999,-8.63186932,2.37003469,8.23672867,0.0553809665,0.454307079,-9.43689156,0.109084129,-0.000254631042,1
944,9.559980,3.17627978,2.63213348,3.83412838,2.2644465,-1.41437602,-14.4084845,-9.29627705,-0.0502595901,-14.4613457,0.688731015,7.07753897,-0.0266443938,0.517157674,-9.29627705,0.0146017075,-0.000254631042,1
945,9.569998,3.26118731,2.62031984,3.41697407,2.35083103,-3.94433188,-11.148222,-9.43902206,-0.132072449,-11.5705576,2.44188547,12.1909056,0.0202272423,0.451111287,-9.43902206,-0.0796670914,-0.000254631042,1
946,9.580006,3.34609485,2.550179,3.29662681,2.48372984,1.83125901,-6.5136981,-9.49335098,-0.223112106,-5.947052,-3.22712612,4.51247358,0.113970511,0.103835061,-9.49335098,-0.174454689,-0.000254631042,1
947,9.589996,3.33501959,2.50883293,3.28259873,2.63360977,-11.0525856,-14.0242252,-9.53596115,-0.311858654,-16.7390099,6.21643639,7.66910887,0.104383133,0.1144877,-9.53596115,-0.270401955,-0.000254631042,1
948,9.599994,3.16225147,2.46379471,3.17184973,2.71556401,-5.30863762,-12.5589437,-9.36232281,-0.417737007,-13.6326694,-0.242931634,-4.73709249,0.206648529,0.159228802,-9.36232281,-0.346360207,-0.000254631042,1
949,9.609980,2.98136187,2.5162158,3.29810381,2.83000445,-6.37739086,-4.87792349,-9.40067291,-0.501563072,-7.3433485,3.24661207,9.13486099,0.257781208,0.18586041,-9.40067291,-0.440079689,-0.000254631042,1
950,9.620005,2.95404363,2.42392492,3.47308707,2.89054751,-16.3437366,-6.74230719,-9.40919495,-0.609847546,-14.88766,9.53593349,20.726757,0.282282293,0.230601519,-9.40919495,-0.534775734,-0.000254631042,1
951,9.629980,2.9289403,2.34492421,3.26709366,2.64763808,-20.4416294,-13.7199221,-9.34314823,-0.688339233,-23.5815811,7.07145882,14.3440285,0.493204653,0.403174371,-9.34314823,-0.629443169,-0.000254631042,1
952,9.639998,2.90309906,2.30948472,3.49597502,2.61810493,-12.5417233,-5.8900094,-9.3601923,-0.78453207,-13.0291243,4.71475887,7.14699459,0.755259693,0.456437588,-9.3601923,-0.722887993,-0.000254631042,1
953,9.649984,2.89350104,2.41580367,3.74331403,2.88390255,-17.2059002,-12.5170002,-9.36658382,-0.870147228,-21.2224865,1.52459288,13.4171562,0.762716532,0.790930629,-9.36658382,-0.817950249,-0.000254631042,1
954,9.659995,2.75469542,2.5553472,3.33058977,3.00646472,-4.76387501,3.29406571,-9.42091274,-0.964619637,-2.03837967,5.42128992,17.8862629,0.607187927,0.370151192,-9.42091274,-0.911913872,-0.000254631042,1
955,9.669981,2.70522761,2.58783364,3.34314132,2.74805045,-14.1459122,1.89672935,-9.22916508,-1.04856825,-11.31429,8.70007229,8.19601345,0.590143681,0.265755236,-9.22916508,-1.00511456,-0.000254631042,1
956,9.680004,2.75321889,2.46674824,3.96850395,2.95552015,-29.6394119,-2.07929349,-9.28455925,-1.15892982,-27.9932079,9.95985126,26.1850071,0.539011061,0.686534703,-9.28455925,-1.09822369,-0.000254631042,1
957,9.689978,2.49628115,2.4564116,3.57497573,3.33723497,-9.14228153,-1.54674113,-9.2472744,-1.23854542,-9.14679813,1.51980281,32.0432243,0.232214868,0.420218617,-9.2472744,-1.19145107,-0.000254631042,1
958,9.700005,2.54574895,2.43795347,3.52993798,3.1194284,-4.04474211,-2.1981988,-9.1961422,-1.3417635,-4.43818903,-1.22249472,11.5777807,0.215170637,0.0271360129,-9.1961422,-1.28446865,-0.000254631042,1
959,9.709979,2.54131913,2.41285014,3.70122957,3.33723497,-5.60394335,-0.0194015894,-9.25047016,-1.42471886,-5.54708338,0.796506882,3.98796415,0.0319451503,-0.107087307,-9.25047016,-1.37672329,-0.000254631042,1
960,9.720000,2.58414173,2.3050549,3.48711514,3.40959072,-3.12798762,-4.59931517,-9.34527874,-1.524189,-3.33887529,-4.44858599,6.70391607,-0.235436216,-0.167807385,-9.34527874,-1.47019863,-0.000254631042,1
961,9.730078,2.45788836,2.36042929,3.44650745,2.97250175,-13.2624187,0.812464356,-9.46991539,-1.61511421,-13.2853918,0.224097192,3.21676779,-0.0351665132,-0.272203296,-9.46991539,-1.56440639,-0.000254631042,1
962,9.739984,2.31686807,2.41949511,3.52107835,3.10687709,-2.95412207,20.1895714,-9.44541359,-1.72371292,-5.9949522,19.5040054,1.36781251,0.0127703911,-0.137979984,-9.44541359,-1.65894985,-0.000254631042,1
963,9.749982,2.21645546,2.5383656,3.17037296,3.46496534,-9.59679031,5.13891029,-9.25047016,-1.80809879,-10.5359087,2.73886776,2.31863523,0.00744406879,0.0899866223,-9.25047016,-1.75327921,-0.000254631042,1
964,9.759978,2.22310042,2.65575981,3.28629041,3.50557327,-5.28489065,1.09092307,-9.48695946,-1.91437006,-5.34350681,-0.753070831,5.93990469,0.224758029,0.0143528394,-9.48695946,-1.84687662,-0.000254631042,1
965,9.769976,2.32351303,2.74657369,3.36012292,3.0869422,-17.3451881,11.6758881,-9.36338806,-1.99448395,-20.6117573,3.51245904,0.876833439,0.124623157,0.403174371,-9.36338806,-1.94172525,-0.000254631042,1
966,9.779984,2.2489419,2.79604173,2.8861177,3.32025337,-14.2647991,3.30383325,-9.27071095,-2.0856967,-14.0422173,-4.14920855,2.93415546,0.134210542,0.440458626,-9.27071095,-2.03547525,-0.000254631042,1
967,9.789981,2.35304594,2.82557487,2.82409787,3.56242442,-9.89064121,14.6742229,-9.31971264,-2.18540955,-17.3018398,5.74940777,13.5297222,0.191734821,0.6396631,-9.31971264,-2.12837076,-0.000254631042,1
968,9.799978,2.34049416,2.87799597,2.64911485,3.45315218,-8.70014286,2.26625371,-9.45287037,-2.27255917,-16.3534107,9.93111134,12.9956322,0.303587586,0.502243996,-9.43263054,-2.22285318,-0.000254631042,1
969,9.809976,2.42835522,2.84403276,2.61367512,3.33354306,-0.212475196,7.68218088,-9.39960766,-2.37186384,-10.4784288,-7.32979441,2.70423365,0.491074145,0.380803823,-9.36658382,-2.31736612,-0.000254631042,1
970,9.819984,2.37593389,3.00794125,2.62918019,3.43912411,-8.94595909,13.5809698,-9.3964119,-2.46493483,-13.2614412,0.0516557842,13.9440603,0.598665833,0.496917665,-9.38043308,-2.41163492,-0.000254631042,1
971,9.840000,2.2984097,3.27521539,2.38331723,3.32911325,-5.51376247,5.25701809,-9.44434834,-2.65860653,-15.9318886,5.40931511,6.58656025,0.843676627,0.173077241,-9.47950268,-2.60026407,-0.000254631042,1
972,9.849974,2.27699804,3.16077471,2.54722595,3.39408565,-4.27111578,18.1145706,-9.56578827,-2.74488306,-18.3580437,-2.65711141,15.1176205,0.629558504,0.252972066,-9.56365776,-2.69514322,-0.000254631042,1
973,9.860000,2.24451208,3.05740929,2.51326275,3.30474854,-0.92289263,17.8183594,-9.5093298,-2.84254837,-17.2994442,4.54231739,13.7692242,0.631689012,0.27960369,-9.47417641,-2.79051065,-0.000254631042,1
974,9.869974,2.32646632,3.24125242,2.3205595,3.18513966,0.316843122,12.4286366,-9.36871433,-2.9368577,-12.1046467,2.83706355,19.3089046,0.535815239,0.293452144,-9.38575935,-2.88514566,-0.000254631042,1
975,9.879995,2.41285014,3.30622506,2.37741089,3.43543243,3.37089753,10.9101839,-9.47311115,-3.03147078,-10.4736385,4.54950285,-2.64384532,0.458050936,0.159228802,-9.53063488,-2.9796586,-0.000254631042,1
976,9.889981,2.45936489,3.34461784,2.52433753,3.4376471,9.06791496,17.9733219,-9.44115257,-3.11902046,-17.7640781,9.47126865,19.8908958,0.265238076,0.389325947,-9.44115257,-3.07459879,-0.000254631042,1
977,9.899999,2.65871286,3.42509556,2.35599923,3.11130714,2.62579513,7.82262087,-9.1599226,3.07019663,-7.99000359,2.06107736,17.5341949,0.0447283238,0.206100434,-9.1599226,3.11535549,-0.000254631042,1
978,9.909973,2.71261072,3.2301774,2.26296997,3.30770206,2.33513904,20.2197914,-9.28029823,2.977005,-20.3291435,-1.0093379,10.591033,0.250324368,0.296647936,-9.28029823,3.02291775,-0.000254631042,1
979,9.920005,2.75764871,3.19178462,2.25558686,3.52698469,-4.66443014,-4.91433907,-9.36658382,2.88798094,5.92745543,-3.28221154,2.22043943,-0.0681897104,-0.079390429,-9.36658382,2.92892361,-0.000254631042,1
980,9.929995,2.68160105,3.26414061,2.25706339,3.06036258,5.55047083,13.6613388,-9.18335915,2.80597639,-14.7271929,0.741421402,15.1894703,-0.462337554,0.1144877,-9.18335915,2.8362112,-0.000254631042,1
981,9.939982,2.71704102,3.53436804,2.0961082,2.71556401,10.4941435,4.3687706,-9.497612,2.7142396,-8.32530594,7.73966885,1.93543208,-0.321722656,-0.0602156706,-9.497612,2.74243069,-0.000254631042,1
982,9.950001,2.80859327,3.47161031,2.0466404,2.7945652,8.24657536,15.5633669,-9.24940491,2.6310215,-17.6084023,-0.410583019,6.30873775,-0.119322404,0.442589164,-9.24940491,2.64913845,-0.000254631042,1
983,9.959979,2.93189383,3.50188184,2.04221058,2.89793086,12.0293913,4.78979254,-9.34634399,2.52836847,-10.8400764,7.08103848,2.17972422,0.269499123,0.453241795,-9.34634399,2.55670071,-0.000254631042,1
984,9.969975,2.97693157,3.66136026,2.22753048,2.85658431,10.7596054,4.01478624,-9.3346262,2.44673061,-9.97307968,5.69432211,9.75038147,0.444202513,0.675882101,-9.3346262,2.46322536,-0.000254631042,1
985,9.979994,3.03230596,3.91755915,2.16698766,2.59817028,16.4787903,2.09970927,-9.11092091,2.35478783,-13.1512699,10.1490583,14.8086624,0.557120502,0.386130154,-9.11092091,2.37152004,-0.000254631042,1
986,9.989982,3.13419509,3.84815669,2.06879044,2.62770319,16.5894814,15.277194,-9.15885735,2.25282478,-22.5086117,-1.40212119,13.4674511,0.79573971,0.350976408,-9.15885735,2.28005886,-0.000254631042,1
987,9.999998,2.98652959,3.7263329,2.0857718,2.63730145,1.44207728,4.94473696,-9.29414654,2.16450644,-3.96158028,-3.29179168,12.4687281,0.828762949,0.316887945,-9.29414654,2.18774319,-0.000254631042,1
988,10.009973,3.26266384,3.94709253,2.07617378,2.65575981,13.2473164,11.6158638,-8.98948097,2.08415604,-17.2443581,-3.6127243,2.35456061,0.818110287,0.203969911,-8.98948097,2.09640408,-0.000254631042,1
989,10.019994,2.89793086,3.78687572,2.23343706,2.58931017,18.6921921,10.1721153,-9.38682461,1.98517561,-21.2057209,-1.78532434,0.0625267774,0.738215446,0.433001786,-9.38682461,2.00488186,-0.000254631042,1
990,10.029980,2.73254561,3.66431355,2.21497893,2.51473927,10.9839945,-3.93029165,-9.43156528,1.89214897,-9.18032837,7.19839478,4.86214638,0.649798512,0.343519568,-9.43156528,1.91091824,-0.000254631042,1
991,10.039997,2.99095964,3.5565176,2.34935403,2.41949511,2.05010748,3.65678859,-9.30053806,1.79659319,-2.81676102,-3.10497999,16.2839947,0.344067633,0.0505718328,-9.30053806,1.81750393,-0.000254631042,1
992,10.049982,3.247159,3.39260936,2.37445736,2.2046423,21.5360813,1.91118491,-9.39747715,1.69349575,-21.6080837,0.739026427,10.3203955,0.386678219,0.183729887,-9.39747715,1.74282742,-0.000254631042,1
993,10.059996,3.20433617,3.2722621,2.46896338,2.22900724,9.01889229,-4.05906391,-9.5114603,1.6074276,-8.86418533,4.3866415,4.10053015,0.251389623,0.320083737,-9.5114603,1.64840603,-0.000254631042,1
994,10.069983,3.48194671,3.25011253,2.44238353,2.24155879,12.8935003,-0.478147268,-9.4358263,1.50598669,-12.897398,-0.357892603,12.0160694,-0.0724507645,0.219948873,-9.4358263,1.55439663,-0.000254631042,1
995,10.079998,3.46348858,3.30474854,2.31391478,2.2710917,18.718729,-8.39301968,-9.31971264,1.42619514,-19.7327843,5.60810184,15.17031,-0.0926907957,0.138988778,-9.31971264,1.46046352,-0.000254631042,1
996,10.089996,3.49302149,3.21614957,2.44090652,2.10865998,13.0465536,-7.72942066,-9.36658382,1.31476307,-14.578702,4.17348433,17.9173985,-0.0713855028,0.203969911,-9.36658382,1.36765957,-0.000254631042,1
997,10.099982,3.56094766,3.15782142,2.56568408,2.06879044,2.92148399,-8.06256294,-9.41984749,1.22846031,-5.45846796,6.61400986,10.583848,0.0777515173,-0.113478892,-9.41984749,1.27387905,-0.000254631042,1
998,10.109999,3.56242442,3.14969993,2.73106909,2.15665102,9.97034359,-1.88741362,-9.42836952,1.12243414,-9.80303383,-2.62118626,6.32789803,0.197061151,-0.120935746,-9.42836952,1.18012905,-0.000254631042,1
999,10.119984,3.39556241,2.97545505,2.63213348,2.37298083,7.26306725,-9.08779144,-9.49228573,1.02053118,-10.9430618,3.94835281,12.9070168,0.255650699,0.0186138973,-9.49228573,1.08515835,-0.000254631042,1
1000,10.129998,3.21171927,3.05888581,2.67717099,2.62770319,13.1229982,-7.3500247,-9.2589922,0.922962189,-14.8996344,-2.05835652,11.927454,0.155515835,0.144315094,-9.2589922,0.990736961,-0.000254631042,1
1001,10.139984,3.43395567,3.04781103,2.82557487,2.44976664,12.7057304,-10.651475,-9.39428139,0.833179474,-16.5665684,-0.662060082,4.79748058,0.303587586,0.350976408,-9.39428139,0.89750576,-0.000254631042,1
1002,10.150002,3.57497573,2.77610683,2.74509716,2.34049416,5.87288761,-8.04779339,-9.3601923,0.737250328,-9.90601826,1.06235409,4.83101082,0.216235906,0.329671144,-9.3601923,0.803175926,-0.000254631042,1
1003,10.159977,3.84815669,2.8270514,2.74952698,2.20759583,6.50139332,-8.81180382,-9.32184315,0.643867016,-10.9502468,0.0899761021,14.051836,0.431419343,0.575747192,-9.32184315,0.709242821,-0.000254631042,1
1004,10.169995,3.76472592,2.80047178,2.85806108,2.21202564,4.60973692,-11.9636183,-9.31758213,0.530943394,-12.6507111,2.0826323,15.3283815,0.256715953,0.609835684,-9.31758213,0.615553856,-0.000254631042,1
1005,10.179982,3.70787501,2.7945652,2.78053665,2.19652081,-2.16547322,-6.44990921,-9.47630692,0.431481361,-4.9531188,4.66446352,15.3235922,0.363242418,0.321149021,-9.47630692,0.521468163,-0.000254631042,1
1006,10.189998,3.77580094,2.76503181,2.91786551,2.4069438,3.63964462,-16.5340958,-9.40067291,0.347845078,-16.7845154,2.21435857,15.9199514,0.362177134,0.241254166,-9.40067291,0.426558495,-0.000254631042,1
1007,10.200000,3.39408565,2.66609621,3.09432554,2.56273055,1.71765578,-13.3444233,-9.39960766,0.240675926,-13.3692169,1.51261771,11.5298805,0.164037943,0.405304909,-9.39960766,0.331770897,-0.000254631042,1
1008,10.209975,3.48342323,2.52581406,3.08029723,2.56420755,-11.0100555,-5.48260832,-9.4858942,0.159682751,-3.66220284,11.7417459,9.75756645,0.494269937,0.124075085,-9.4858942,0.237013817,-0.000254631042,1
1009,10.219998,3.61336875,2.49037457,3.14822292,2.53984261,6.12346554,-15.3959093,-9.421978,0.0614075661,-15.7426815,-5.16709185,9.65937042,0.531554163,0.308365852,-9.421978,0.141982079,-0.000254631042,1
1010,10.229983,3.3726747,2.37888741,3.4206655,2.52433753,1.28967226,-15.4932423,-9.67018509,-0.0337457657,-15.4409094,-1.81166947,2.15337896,0.433549851,0.403174371,-9.67018509,0.045882225,-0.000254631042,1
1011,10.240000,3.44060063,2.35895228,3.51590967,2.54870248,-13.5981436,-5.61659908,-9.45500088,-0.122831345,-7.24036264,12.8075304,18.9304905,0.289739162,0.395717531,-9.45500088,-0.0503702164,-0.000254631042,1
1012,10.249974,3.44060063,2.33901763,3.19621468,2.4564116,2.50340915,-12.5901432,-9.51785183,-0.216512203,-11.7885046,7.57441282,19.4957161,0.240736991,0.278538436,-9.51785183,-0.145524025,-0.000254631042,1
1013,10.260004,3.36455297,2.29693317,3.41697407,2.45493507,-4.40259361,-12.7810392,-9.68935966,-0.304167747,-15.2564926,0.432463884,9.93958759,0.269499123,0.309431106,-9.70640373,-0.241654396,-0.000254631042,1
1014,10.269977,3.47899342,2.26740003,3.62149072,2.5331974,-8.10014534,-10.8255415,-9.65100956,-0.387637138,-15.4337244,2.14969301,-5.08437061,0.22369276,0.411696494,-9.60946465,-0.338578224,-0.000254631042,1
1015,10.279974,3.2840755,2.17510915,3.44798398,2.56125402,3.44963789,-13.9917774,-9.67977238,-0.493392467,-3.48736644,-1.64401817,5.30282974,0.274825454,0.549115598,-9.71279526,-0.43565464,-0.000254631042,1
1016,10.289982,3.10983014,2.27699804,3.38005805,2.61072159,-11.3422155,-12.544589,-9.8225174,-0.598076344,-16.6096783,-6.71666956,20.3507385,0.230084345,0.346715361,-9.74688339,-0.533890724,-0.000254631042,1
1017,10.299979,3.0293529,2.34935403,3.41254401,2.74362063,-18.2797623,-10.5128727,-9.57431126,-0.673674107,-16.4587917,-2.29067349,22.2739391,0.183212712,0.201839387,-9.57005024,-0.630236626,-0.000254631042,1
1018,10.309976,2.84698606,2.29397964,3.60746217,2.84403276,-17.7962856,-10.4461126,-9.61372566,-0.763205528,-18.4346828,-3.0451045,12.8567219,0.292934954,0.437262833,-9.60946465,-0.726366997,-0.000254631042,1
1019,10.319973,2.68676925,2.1795392,3.66874337,2.94887519,-12.4809427,8.10524464,-9.60307312,-0.876268387,-4.40226412,14.2158012,21.1291199,0.383482426,0.361629069,-9.59029007,-0.822863579,-0.000254631042,1
1020,10.329981,2.66757298,2.13966966,3.56242442,3.12681174,-2.65952635,-19.7430096,-9.40599918,-0.961846828,-13.4745979,-14.672925,19.1316738,0.238606468,-0.071933575,-9.4102602,-0.918505669,-0.000254631042,1
1021,10.339978,2.60629177,2.1795392,3.163728,3.29367375,-30.1379414,-5.27368689,-9.48695946,-1.04388618,-28.7021332,10.5969267,18.7197304,0.358981341,0.108096115,-9.47737217,-1.0131712,-0.000254631042,1
1022,10.349976,2.5058794,2.11751986,3.34461784,3.20581293,-7.21571493,-1.69979465,-9.59348583,-1.1520772,-7.28347301,1.38089168,22.5302067,0.345132917,0.233797312,-9.59348583,-1.10850811,-0.000254631042,1
1023,10.369996,2.34640074,2.35747576,3.89467144,2.99981976,-14.0650034,8.00675297,-9.28668976,-1.32745695,-11.7214432,11.1597567,-11.6299591,0.345132917,0.0335276015,-9.28668976,-1.29783535,-0.000254631042,1
1024,10.379980,2.32794285,2.47486997,3.32615995,3.12533522,-23.4866581,1.15666735,-9.40493393,-1.4379549,-23.1265278,4.25731039,14.2578077,0.336610794,0.347780615,-9.40493393,-1.39189053,-0.000254631042,1
1025,10.390004,2.29250312,2.43647671,3.99655986,3.17332625,-20.0858059,5.08017635,-9.48908997,-1.51886988,-19.7950554,6.11584568,19.4382362,0.46657306,0.897457063,-9.48908997,-1.48710537,-0.000254631042,1
1026,10.399979,2.27256846,2.53172088,4.13758087,3.26857042,-5.74116659,-2.79163003,-9.28029823,-1.5586648,-5.77461052,-2.72177696,11.9897242,0.455920398,0.620488346,-9.28029823,-1.58161831,-0.000254631042,1
1027,10.409997,2.20611906,2.54279566,3.19326138,3.43100238,-4.30428171,-4.18355608,-9.37830257,-1.72922468,-3.5903523,-4.81023407,10.6437235,0.23647593,0.373346984,-9.37830257,-1.67420864,-0.000254631042,1
1028,10.419997,2.18249249,2.550179,3.02492261,3.19473791,-12.881547,2.66527963,-9.48482895,-1.80950308,-13.1464806,-0.456088394,-0.337441504,0.419701427,0.190121472,-9.48482895,-1.76942301,-0.000254631042,1
1029,10.429983,2.13671637,2.58266521,3.14379334,3.31065512,-5.52090311,8.1668272,-9.50293827,-1.91273117,-7.93970823,5.84281349,9.42465878,0.367503464,0.0995739996,-9.50293827,-1.86445475,-0.000254631042,1
1030,10.439997,2.04073381,2.70375085,3.30474854,3.61041594,-5.23386955,5.97255564,-9.45819664,-2.00909662,-7.27389288,3.18673658,4.03825951,0.414375097,0.072942391,-9.45819664,-1.95948648,-0.000254631042,1
1031,10.449984,2.1300714,2.82114482,3.06331611,3.82379198,-17.7861881,-1.8953203,-9.34314823,-2.10019541,-14.3942852,-10.6181574,26.8077126,0.207713798,0.182664618,-9.34314823,-2.0537858,-0.000254631042,1
1032,10.460002,2.06509876,2.98283839,2.75912523,3.44060063,-6.65417194,8.58715725,-9.45180511,-2.19590664,-10.420948,3.06938052,18.4155617,0.172560066,-0.145436838,-9.45180511,-2.1487565,-0.000254631042,1
1033,10.469975,2.1300714,3.09727883,2.88759422,3.62296724,-10.1193657,13.4495907,-9.45287037,-2.29911804,-16.5042973,3.30169749,0.278078526,0.272694916,0.0345928632,-9.45287037,-2.24345255,-0.000254631042,1
1034,10.479984,2.11751986,3.03895116,3.13641,3.80164218,-7.44619608,3.34419465,-9.42836952,-2.39521456,-7.51099968,-3.1959908,7.16375971,0.389874011,0.326475352,-9.42836952,-2.3383317,-0.000254631042,1
1035,10.489994,2.2814281,3.25011253,2.81966829,3.41697407,1.90693259,15.0039349,-9.31545162,-2.48838139,-10.7562504,10.6328526,14.9763136,0.316370755,0.437262833,-9.31545162,-2.43321085,-0.000254631042,1
1036,10.499980,2.38700914,3.23165417,2.49037457,3.56685448,-6.11913538,17.7439747,-9.3229084,-2.56888628,-18.2287121,4.47286224,9.89408207,0.356850803,0.320083737,-9.3229084,-2.5079484,-0.000254631042,1
1037,10.509998,2.36633563,3.23829889,2.52729082,3.89024138,-2.99815869,6.4714179,-9.47098064,-2.67261839,-7.12779665,0.250442415,10.3180008,0.44100672,0.6215536,-9.47098064,-2.60166788,-0.000254631042,1
1038,10.519984,2.2541101,3.34461784,2.49185157,3.45905876,1.99696398,12.9020281,-9.38682461,-2.76689148,-11.2759695,6.58047962,9.51087952,0.35365501,0.616227269,-9.38682461,-2.69685221,-0.000254631042,1
1039,10.530001,2.3050549,3.48490024,2.45788836,3.73223901,4.224792,18.5427322,-9.3729763,-2.8499527,-16.5450134,9.37786293,14.9164381,0.386678219,0.507570267,-9.3729763,-2.79078531,-0.000254631042,1
1040,10.539976,2.30800796,3.55134964,2.37741089,3.71082807,-0.507707477,12.9939127,-9.35167027,-2.94243813,-12.8375225,2.07305241,14.7008867,0.565642595,0.22953625,-9.35167027,-2.88462687,-0.000254631042,1
1041,10.549999,2.37741089,3.31213164,2.36042929,3.3985157,-1.68372309,16.755537,-9.43369579,-3.04761839,-16.8395996,-0.104020491,13.1992092,0.45378989,0.160294071,-9.43369579,-2.97935343,-0.000254631042,1
1042,10.559999,2.37150407,3.26414061,2.30210137,3.60081744,10.0265951,2.57525206,-9.33249569,-3.13487148,-2.50780344,10.0436773,8.19601345,0.443137228,0.0282012783,-9.33249569,-3.07368326,-0.000254631042,1
1043,10.569974,2.39586878,3.49302149,2.23860526,3.8112402,3.27182317,13.076292,-9.36445332,3.05765963,-13.3045511,2.16406298,17.4024696,0.297196001,-0.233853787,-9.36445332,3.11569118,-0.000254631042,1
1044,10.580003,2.47486997,3.7263329,2.22162366,3.3985157,3.96901131,11.9277945,-9.36871433,2.95519876,-12.4567146,1.68984914,5.67405748,0.325958133,-0.40429607,-9.36871433,3.0219717,-0.000254631042,1
1045,10.589978,2.36042929,3.54987288,2.3375411,3.34166479,-3.48767233,9.44184971,-9.58070278,2.85909414,-8.0953846,-5.98139858,13.481822,0.219431698,-0.195504263,-9.58070278,2.92684841,-0.000254631042,1
1046,10.599994,2.39882207,3.33354306,2.24008203,3.16077471,6.00817823,7.46632004,-9.54661369,2.76871777,-9.14200783,2.87538385,3.62871122,0.0575114973,-0.164611593,-9.54661369,2.83105373,-0.000254631042,1
1047,10.609980,2.48889804,3.3985157,2.06509876,3.15117645,9.33574772,8.80326653,-9.51465607,2.68051195,-12.0375862,4.44412184,-3.93236589,-0.0799076185,0.224209934,-9.51465607,2.7362051,-0.000254631042,1
1048,10.620000,2.58414173,3.7263329,1.99717271,3.27816868,9.87177086,2.84753132,-9.43795681,2.59604692,-7.5565052,6.9612875,22.4775162,0.0223577712,0.218883619,-9.43795681,2.64135647,-0.000254631042,1
1049,10.629974,2.85658431,3.69975328,1.93072319,2.73106909,13.2165613,11.4670715,-9.27710247,2.5033617,-17.0838928,3.78309631,12.3058672,-0.0170570128,0.215687811,-9.27710247,2.5471487,-0.000254631042,1
1050,10.639994,3.10540032,3.66579008,2.0112009,2.66609621,14.183383,6.59688234,-9.34634399,2.41800928,-14.3344097,6.26194191,-5.71665573,0.0830778405,0.333932191,-9.34634399,2.45388699,-0.000254631042,1
1051,10.649980,3.15782142,3.68129492,2.00234103,2.84255624,9.25234604,-0.958243012,-9.28882027,2.32414675,-6.09314823,7.02834845,9.8749218,0.203452736,0.59066093,-9.28882027,2.36157131,-0.000254631042,1
1052,10.659994,3.15117645,3.70492148,1.92481673,2.89793086,8.53315449,14.4693651,-9.40919495,2.22938442,-15.6037703,-6.22090054,10.3395557,0.0830778405,0.388260663,-9.40919495,2.26806545,-0.000254631042,1
1053,10.670003,3.20876622,3.68277168,1.96763957,2.53172088,14.6557312,10.1719437,-9.21318626,2.15665531,-17.835928,-0.372262716,13.7500639,0.112905249,0.680143118,-9.21318626,2.17489529,-0.000254631042,1
1054,10.679978,3.19916797,3.80828667,1.98166788,2.61219859,9.25389957,7.67497015,-9.31225586,2.05665445,-11.7669487,-2.46550989,6.90749264,0.385612965,0.679077864,-9.31225586,2.08306789,-0.000254631042,1
1055,10.689998,3.30474854,3.90574622,1.96616292,2.65428305,21.3439388,-2.22710133,-9.33356094,1.95843267,-18.918478,10.1298981,-0.12188974,0.660451174,0.740863204,-9.33356094,1.99014187,-0.000254631042,1
1056,10.699984,3.24863577,3.91903591,1.93589151,2.74214363,3.25677633,9.44094276,-9.497612,1.87435389,-2.823946,-9.00870323,11.6352615,0.529423654,0.245515227,-9.497612,1.89663601,-0.000254631042,1
1057,10.709999,3.20876622,3.66726637,1.92629325,2.56937575,19.8001995,-3.49924994,-9.45073986,1.77557278,-8.90250587,1.28509092,17.8647079,0.537945747,0.352041692,-9.44647884,1.80245876,-0.000254631042,1
1058,10.719974,3.16815805,3.82379198,1.95877957,2.55387068,15.4014082,-0.609163821,-9.49335098,1.68564081,-9.55395126,1.41442192,1.74862063,0.639145851,0.0505718328,-9.50400352,1.70901394,-0.000254631042,1
1059,10.729996,3.29515028,3.84668016,2.28438163,2.550179,19.7011414,-2.24968052,-9.421978,1.59468889,-19.6297989,-3.66062474,0.402619541,0.697735429,0.172011971,-9.39960766,1.61456203,-0.000254631042,1
1060,10.739981,3.38301134,3.87916613,2.36338258,2.53984261,9.95829201,2.09922552,-9.63076973,1.49289131,-23.617506,5.05964231,5.69561291,0.507053077,0.26149419,-9.6478138,1.51988125,-0.000254631042,1
1061,10.750003,3.29515028,3.77284765,2.36042929,2.43647671,14.6388769,-10.5449648,-9.49974251,1.38757849,-0.476826876,2.21675348,14.0159111,0.340871841,-0.0208008867,-9.5231781,1.42478848,-0.000254631042,1
1062,10.759978,3.41402078,3.77727723,2.24155879,2.33384943,-4.84757137,-7.04812193,-9.46885014,1.2881341,-3.19756913,9.57425404,18.1449242,0.407983512,-0.215744287,-9.48376369,1.32993984,-0.000254631042,1
1063,10.770004,3.44355392,3.35052466,2.27995157,2.2984097,15.1872168,0.697406411,-9.57750702,1.18786287,-8.38518143,0.135481477,-0.54820323,0.381351888,-0.36062023,-9.64142227,1.23469448,-0.000254631042,1
1064,10.779998,3.69384646,3.26709366,2.522861,2.25854015,17.1865025,-7.09882307,-9.36125755,1.09741688,-18.5328789,-1.5170821,23.4834251,-0.0202528071,0.112357177,-9.35380077,1.13947964,-0.000254631042,1
1065,10.789973,3.49597502,3.37119794,2.52729082,2.34935403,10.8167667,-12.8540764,-9.42730427,0.996656895,-16.0636139,4.91833591,9.86534214,-0.238632008,0.290256351,-9.4613924,1.04536343,-0.000254631042,1
1066,10.799981,3.45462871,3.49302149,2.47339296,2.28290486,-8.80721283,-11.7678061,-9.55620098,0.90564394,-0.333125681,14.6948051,3.34370375,-0.18643406,0.371216446,-9.56472301,0.950362206,-0.000254631042,1
1067,10.809979,3.51148009,3.22574782,2.60481501,2.1130898,14.6531105,-4.08187103,-9.47737217,0.809217453,-13.4219074,-7.15735292,-1.30742443,-0.193890914,0.0164833684,-9.47737217,0.854811668,-0.000254631042,1
1068,10.819976,3.61484551,3.0278759,2.73106909,2.09167814,9.74857712,-4.21973085,-9.51998234,0.695640564,-9.48689079,-4.77909899,20.6620922,0.00744406879,0.274277389,-9.51998234,0.759444237,-0.000254631042,1
1069,10.829974,3.83560538,3.11721373,2.74805045,2.0857718,4.53713036,-20.2777061,-9.57963753,0.609633923,-19.2226448,7.89055538,4.36158705,0.06816414,0.357367992,-9.57963753,0.663985252,-0.000254631042,1
1070,10.839983,3.59786391,3.22574782,2.94149208,2.06066895,-0.821183026,-12.2515163,-9.57005024,0.51142025,-10.2820368,6.71220589,15.9055815,0.332349747,0.471351296,-9.57005024,0.567976952,-0.000254631042,1
1071,10.849979,3.83560538,3.12533522,2.81597662,2.0857718,0.294516832,-14.6711931,-9.62757397,0.401295185,-13.6206942,5.45961046,13.946455,0.426093012,0.267885774,-9.62757397,0.471144676,-0.000254631042,1
1072,10.859976,3.95669055,2.9473989,2.69858241,2.16551113,-1.46259975,-15.8080225,-9.59774685,0.29683733,-14.6888733,6.02243996,4.11011028,0.652994275,0.327540606,-9.59774685,0.375014305,-0.000254631042,1
1073,10.869974,3.72337961,2.8115468,2.90457535,2.24303532,6.48543882,-15.621253,-9.71492577,0.199809074,-16.5977039,-3.25586629,10.3826666,0.90120095,0.321149021,-9.71492577,0.277998924,-0.000254631042,1
1074,10.880002,3.69532299,2.7945652,3.14822292,2.35304594,2.05921292,-15.9352627,-9.60094261,0.0999732018,-16.0612183,-0.458483428,0.0721068531,0.728628099,0.709970534,-9.60094261,0.180464745,-0.000254631042,1
1075,10.889976,3.51590967,2.79899502,3.23829889,2.33384943,-12.8558884,-5.41874266,-9.72025204,0.00435781479,-5.36266708,12.8793802,15.9462967,0.656190097,0.707840025,-9.72025204,0.0831441879,-0.000254631042,1
1076,10.900005,3.63994861,2.77906013,2.95035172,2.30948472,-3.10650969,-8.33631611,-9.81506062,-0.0828523636,-8.56480789,2.40596008,5.3531251,0.508118391,0.493721843,-9.81506062,-0.0151529312,-0.000254631042,1
1077,10.909979,3.72190261,2.77610683,3.23829889,2.3153913,-4.23781061,-10.3310699,-9.77884197,-0.177371502,-10.9167166,2.34847951,8.009202,0.407983512,0.396782786,-9.77884197,-0.113236427,-0.000254631042,1
1078,10.920002,3.3985157,2.72959232,3.3217299,2.42392492,-5.60773945,-9.87180519,-9.86619377,-0.277086735,-11.0292826,2.69336247,10.5479221,0.30465287,0.184795156,-9.86619377,-0.211594582,-0.000254631042,1
1079,10.929979,3.45905876,2.6911993,3.39408565,2.41949511,-14.2286301,-12.8865452,-9.83956146,-0.371482372,-17.1725082,8.58032131,16.5426559,0.0319451503,0.152837217,-9.83956146,-0.310288429,-0.000254631042,1
1080,10.939995,3.35716963,2.59669352,3.24568224,2.4342618,-7.68688583,-10.7513771,-9.71918678,-0.463199139,-13.0530748,2.07305241,13.9177151,0.0180967133,-0.0271924734,-9.71918678,-0.407914162,-0.000254631042,1
1081,10.950004,3.4154973,2.39586878,3.29515028,2.45788836,-12.9571047,-11.7302895,-9.84914875,-0.568030357,-16.8587608,4.61177301,0.998979449,0.11503578,0.0164833684,-9.84914875,-0.505906105,-0.000254631042,1
1082,10.959979,3.42214251,2.3375411,3.53658295,2.49775791,-9.05349255,-9.11360073,-9.89389038,-0.660499096,-12.7513018,1.55812311,14.8661432,0.308913916,0.152837217,-9.89389038,-0.58519268,-0.000254631042,1
1083,10.970002,3.3726747,2.34049416,3.59048057,2.60776854,-7.66062546,-2.15911293,-9.61479092,-0.751861095,-6.80925894,4.1207943,10.8449049,0.399461389,0.13046667,-9.61479092,-0.683276176,-0.000254631042,1
1084,10.979975,3.27816868,2.45493507,3.34609485,2.71408749,-11.587265,-14.1501665,-9.70001221,-0.845062733,-18.0586662,-2.89421844,11.0963821,0.402657181,0.105965585,-9.70001221,-0.780688286,-0.000254631042,1
1085,10.990004,3.07439065,2.41137362,3.50188184,2.78201342,-6.63269615,-5.00619268,-9.84595299,-0.954349518,-8.30614662,-0.250116676,13.1824446,0.500661492,0.0931824148,-9.84595299,-0.878252983,-0.000254631042,1
1086,10.999979,3.05445576,2.37002754,3.87325931,2.78349018,-13.8997221,-14.2635298,-9.47311115,-1.03156614,-19.2513847,-5.10242605,20.8776436,0.446333021,0.21781835,-9.47311115,-0.975085258,-0.000254631042,1
1087,11.009998,2.85658431,2.53688908,3.4324789,2.8861177,-9.39151955,-10.6170378,-9.67657661,-1.14295578,-12.9500885,-5.76345158,16.3223152,0.49746573,0.166685656,-9.67657661,-1.07191753,-0.000254631042,1
1088,11.019982,2.83148122,2.48889804,3.69089341,3.00351119,-17.8596268,-8.81396675,-9.68190289,-1.23210287,-19.7735004,-2.37928915,13.4914017,0.387743473,0.593856692,-9.68190289,-1.16914272,-0.000254631042,1
1089,11.030001,2.80563998,2.49775791,3.69679976,2.82114482,-12.5138407,1.96590579,-9.70746899,-1.33524275,-11.7094688,4.83211517,12.1717463,0.486813068,0.519288182,-9.70746899,-1.26646328,-0.000254631042,1
1090,11.039974,2.80563998,2.47043967,3.76472592,2.78718185,-9.43317795,8.76287079,-9.71279526,-1.42518234,-8.06185436,10.038887,-4.27485371,0.340871841,0.382934362,-9.71279526,-1.36381435,-0.000254631042,1
1091,11.050005,2.80859327,2.43278527,3.99803686,3.07291412,-12.5305872,-5.17678738,-9.61266041,-1.52307367,-12.7632771,-4.57312727,4.23465109,0.00850933325,0.703578949,-9.61266041,-1.46144009,-0.000254631042,1
1092,11.059979,2.79604173,2.4172802,3.79425883,3.10687709,-4.95156813,0.814562082,-9.76392746,-1.60963774,-4.97946405,0.621670425,6.51710463,-0.19921723,0.59066093,-9.76392746,-1.55824184,-0.000254631042,1
1093,11.069999,2.74952698,2.42097187,3.65988326,2.91491222,-12.9104462,12.8010368,-9.79055977,-1.71420813,-14.6074419,10.8244534,27.6028595,-0.0777770877,0.70890528,-9.79055977,-1.65602016,-0.000254631042,1
1094,11.079973,2.81449986,2.42097187,3.36455297,3.10540032,-16.2491932,10.2136459,-9.89069462,-1.828372,-18.3149319,5.73743248,11.0053711,0.153385311,0.0931824148,-9.89069462,-1.75492716,-0.000254631042,1
1095,11.089996,2.80416346,2.43795347,3.30917859,3.40959072,-7.49735308,10.2209187,-9.88217258,-1.91507864,-10.5071688,7.09061861,12.3968773,0.316370755,0.0164833684,-9.88217258,-1.85362101,-0.000254631042,1
1096,11.099982,2.66314292,2.46896338,3.47603989,3.39703918,-5.27573633,2.39604545,-9.82784367,-2.02911806,-5.79137564,-0.185451165,3.81791759,0.432484597,-0.439449817,-9.82784367,-1.95249796,-0.000254631042,1
1097,11.109998,2.53024435,2.5058794,3.36159945,3.48046994,-13.6031723,9.03923607,-9.79801655,-2.12611771,-16.3246708,0.50910449,8.79955864,0.42289722,-0.254093796,-9.79801655,-2.05091715,-0.000254631042,1
1098,11.119983,2.28290486,2.59226346,3.36159945,3.68424797,-19.4225388,9.72694206,-9.83103943,-2.22413969,-21.3350525,-4.08214808,-7.5536356,0.374960303,0.0537676252,-9.83103943,-2.14933634,-0.000254631042,1
1099,11.130002,2.24008203,2.70670438,3.23313093,3.74331403,-3.55943608,7.83991814,-9.85554028,-2.33806753,-8.00437355,3.17236638,16.6863575,0.494269937,0.540593505,-9.85554028,-2.2480607,-0.000254631042,1
1100,11.139995,2.3035779,2.89497733,3.13641,3.42804885,0.350443959,12.0157471,-9.77138519,-2.42445993,-8.82586575,8.16119289,-0.665559232,0.566707909,0.147510886,-9.77138519,-2.34715128,-0.000254631042,1
1101,11.149981,2.33384943,2.99834299,3.27078557,3.39408565,-14.6094332,12.6298504,-9.60626888,-2.52946711,-16.365387,4.7123642,11.4723997,0.495335191,0.396782786,-9.60626888,-2.44465494,-0.000254631042,1
1102,11.159999,2.47782302,2.96733332,3.28629041,3.66726637,3.9222579,8.19183636,-9.75860119,-2.63271046,-5.24291611,7.4163413,11.378994,0.456985682,0.324344814,-9.75860119,-2.54218912,-0.000254631042,1
1103,11.169984,2.62179661,3.01827788,2.9289403,3.45315218,-9.90933132,22.0647049,-9.65953159,-2.71536875,-15.5534754,8.78150272,18.2694664,0.16190742,0.653511524,-9.6861639,-2.64054728,-0.000254631042,1
1104,11.179998,2.57675862,2.91638875,2.85953784,3.42952585,4.99741745,18.8588943,-9.68083763,-2.80300713,-17.4455414,4.99976683,14.7392073,0.16723375,0.469220787,-9.64568329,-2.73817301,-0.000254631042,1
1105,11.189984,2.56716061,3.00498796,2.6572361,3.67981815,-4.93146849,6.80475569,-9.67870712,-2.90244246,-9.34797955,-1.81885457,5.97343493,0.175755858,0.510766089,-9.75114441,-2.83537149,-0.000254631042,1
1106,11.200001,2.56420755,3.25675726,2.65575981,3.54691958,3.1073885,12.6172466,-9.76712418,-2.98871136,-11.0220976,5.40931511,-0.763755023,0.164037943,0.451111287,-9.70959949,-2.93318033,-0.000254631042,1
1107,11.209977,2.52138424,3.19178462,2.65280652,3.48859167,9.39127922,23.6058445,-9.72025204,-3.08175564,-18.8154926,0.887517631,10.591033,0.0884041637,0.614096761,-9.75220966,-3.03028727,-0.000254631042,1
1108,11.219999,2.48742127,3.21614957,2.63730145,3.67538857,6.21272612,11.8862877,-9.75434017,3.10516834,-12.1046467,0.147456571,12.4567528,0.0500546433,0.41595754,-9.74049187,-3.12824869,-0.000254631042,1
1109,11.230107,2.33606434,3.41106725,2.67126441,3.54101276,8.16840363,13.6636486,-9.76286221,3.01345158,-16.9833012,7.07145882,1.12831056,0.186408505,0.129401401,-9.76605892,3.0577383,-0.000254631042,1
1110,11.239979,2.3648591,3.38670278,2.64911485,3.43543243,5.29630709,11.2951736,-9.79055977,2.91249228,-12.2028427,2.59277153,-3.29768562,0.547533095,0.0654855371,-9.79055977,2.96011257,-0.000254631042,1
1111,11.249996,2.42835522,3.48194671,2.49628115,3.5734992,7.90019369,11.1700392,-9.8363657,2.82077312,-13.0913944,3.97469783,10.4760723,0.610383749,0.184795156,-9.8225174,2.86209011,-0.000254631042,1
1112,11.259980,2.51990771,3.54544306,2.36190581,3.57054591,12.8899593,8.1937294,-9.76179695,2.73014355,-12.665081,8.53721046,19.5005054,0.656190097,-0.0314535312,-9.72770882,2.76412868,-0.000254631042,1
1113,11.270001,2.52876735,3.56537747,2.18249249,3.37710452,11.6683578,4.53975391,-9.83743095,2.63505936,-9.63059235,8.0007267,13.249505,0.744607031,0.179468825,-9.83743095,2.66607571,-0.000254631042,1
1114,11.279973,2.56273055,3.46496534,2.18766069,3.3165617,8.38806057,18.7981167,-9.81293011,2.53813648,-20.2381325,-3.76121545,11.7957277,0.481486768,0.124075085,-9.81293011,2.56835842,-0.000254631042,1
1115,11.290005,2.77906013,3.54544306,2.23196054,3.31065512,2.26801348,-0.320042819,-9.7735157,2.42641497,-1.24562812,1.92216611,25.1503582,0.44100672,0.150706694,-9.7735157,2.47079372,-0.000254631042,1
1116,11.300012,2.68676925,3.81271696,2.20907211,3.14969993,8.1681509,4.55038261,-9.56578827,2.33269072,-9.05099773,2.34608459,0.98700434,0.209844321,0.0452455096,-9.56578827,2.37414455,-0.000254631042,1
1117,11.309997,2.68455458,3.72928619,2.54279566,3.15486813,20.075285,3.07639575,-9.58602905,2.23784256,-17.6754627,10.0029621,11.3095388,0.456985682,0.221014142,-9.58602905,2.27825832,-0.000254631042,1
1118,11.319982,2.74952698,3.48194671,2.68307781,3.19473791,10.4454746,10.245863,-9.51465607,2.15126848,-14.35357,-2.83913302,10.5239725,0.280151784,0.394652277,-9.51465607,2.18191433,-0.000254631042,1
1119,11.329980,2.83960271,3.66283655,2.51990771,3.15486813,10.9396019,6.81306934,-9.67764187,2.06114483,-12.8590775,-0.858451664,24.9922867,-0.0266443938,0.528875589,-9.67764187,2.0865469,-0.000254631042,1
1120,11.339976,2.87947273,3.71082807,2.3648591,2.74952698,4.62792063,-6.02852964,-9.72238255,1.97290421,-1.89946854,7.35886097,8.30618382,0.0298146233,0.21675308,-9.72238255,1.98977566,-0.000254631042,1
1121,11.349973,3.00794125,3.84372687,2.23712873,2.70670438,7.2014122,6.60354614,-9.59029007,1.87757683,-8.85939598,-4.12046862,10.021018,0.0926652253,0.184795156,-9.59029007,1.89358425,-0.000254631042,1
1122,11.359981,3.10687709,3.76029563,2.44238353,2.7281158,21.4888439,0.473332733,-9.73942661,1.78913879,-21.0811806,4.1926446,6.10995102,0.286543369,0.170946717,-9.73942661,1.79757595,-0.000254631042,1
1123,11.369978,3.04781103,3.85258651,2.42687845,2.68676925,16.1027889,3.9252069,-9.80334282,1.67897129,-16.4324474,-2.1637373,7.90382099,0.203452736,0.414892286,-9.80334282,1.70089626,-0.000254631042,1
1124,11.379976,3.17037296,3.98253202,2.29693317,2.70965743,6.03213978,-13.1321201,-9.71705627,1.5741725,-5.98776722,13.1524124,5.95187998,0.2737602,0.183729887,-9.71705627,1.60356045,-0.000254631042,1
1125,11.389973,3.26414061,3.79721236,2.12711811,2.83148122,17.5823555,-2.52614379,-9.72131729,1.48618507,-17.7329426,1.03121877,2.45754647,0.347263426,0.0750729144,-9.72131729,1.50669765,-0.000254631042,1
1126,11.399981,2.9090054,3.61041594,2.27847505,2.89054751,12.4052792,-0.841816664,-10.0174608,1.37509298,-12.3321733,-1.58653772,15.7762508,0.42289722,0.32327953,-10.0174608,1.40876675,-0.000254631042,1
1127,11.410004,3.03895116,3.65693021,2.28438163,2.85658431,-1.31468928,-13.3675413,-9.68829441,1.27551031,-2.63234448,13.1715727,15.8361263,0.518770993,0.0303318072,-9.68829441,1.31104946,-0.000254631042,1
1128,11.419979,3.137887,3.52698469,2.48372984,2.73771405,11.2312231,-5.90748978,-9.61905193,1.17228222,-12.6435261,1.08630431,12.5717144,0.480421484,-0.134784177,-9.61905193,1.23405361,-0.000254631042,1
1129,11.430005,2.97545505,3.53805971,2.71556401,2.72663903,18.1422405,-5.60746908,-9.8246479,1.05371618,-18.5424595,-4.09412336,12.0016994,0.278021246,0.0740076527,-9.8246479,1.13670254,-0.000254631042,1
1130,11.439978,3.14231682,3.53953624,2.65428305,2.75469542,6.10966396,-16.7492867,-9.6243782,0.958474636,-14.6266022,10.1945639,8.98876476,0.336610794,-0.0154745653,-9.6243782,1.03947353,-0.000254631042,1
1131,11.449997,3.21984124,3.34609485,2.70670438,2.75617194,-0.289955795,-13.2014923,-9.71066475,0.856101513,-8.43308258,10.1610336,21.9051075,0.376025587,0.165620387,-9.71066475,0.942397118,-0.000254631042,1
1132,11.459982,3.13124204,3.25528049,2.89645386,2.70670438,6.33026409,-12.5754662,-9.78629875,0.753266811,-13.5033379,3.98427796,5.216609,0.26097703,0.23592785,-9.78629875,0.844191551,-0.000254631042,1
1133,11.470000,3.23460746,3.33354306,2.59373999,2.3973453,0.749595523,-7.55738735,-9.74581814,0.655593872,-6.44761086,4.01301813,2.20606923,0.242867514,0.355237484,-9.74581814,0.746474266,-0.000254631042,1
1134,11.480007,3.31065512,3.42804885,2.68307781,2.39291549,1.83130443,-16.1871223,-10.0121346,0.544937134,-14.7918587,6.8247714,-3.1659596,0.307848662,0.435132325,-10.0121346,0.647688866,-0.000254631042,1
1135,11.489995,3.42214251,3.36750627,2.87799597,2.39882207,3.50893784,-13.9799013,-9.98443794,0.45337534,-14.1044884,2.96878958,11.9825392,0.432484597,0.868694961,-9.98443794,0.547377586,-0.000254631042,1
1136,11.499997,3.51148009,3.34314132,3.04042768,2.45493507,4.65893984,-16.997015,-9.95460987,0.354011059,-17.5581074,1.52219784,9.72403622,0.263107538,1.00824463,-9.95460987,0.447463036,-0.000254631042,1
1137,11.509984,3.59638739,3.32025337,2.67569447,2.38036418,3.52059269,-14.9568443,-10.0898991,0.244357109,-15.3642683,0.202542022,14.7176514,0.321697086,0.910240233,-10.0898991,0.347243309,-0.000254631042,1
1138,11.519994,3.47899342,3.28259873,2.72368574,2.37888741,-5.60752249,-11.0863724,-10.1889687,0.142636776,-10.1766558,7.126544,16.0253334,0.552859426,0.538462937,-10.1889687,0.245772362,-0.000254631042,1
1139,11.529981,3.53436804,3.25158906,2.84993958,2.55239415,-2.68534613,-12.4821587,-10.2251873,0.0500526428,-12.3321733,3.30648756,7.40326166,0.346198171,0.203969911,-10.2251873,0.143935204,-0.000254631042,1
1140,11.540004,3.52550793,3.22870064,2.87947273,2.76650858,-13.7845221,-8.26096821,-9.99189472,-0.0463314056,-8.89053059,13.387125,0.371484309,0.41011405,0.0356581286,-9.99189472,0.0426473618,-0.000254631042,1
1141,11.549979,3.27521539,3.15782142,2.94001555,2.81007004,-5.23195362,-12.7880859,-10.0888338,-0.149375439,-13.4243021,3.27056217,21.5386696,0.333415002,-0.132653654,-10.0888338,-0.0571146011,-0.000254631042,1
1142,11.560002,3.25675726,3.29219699,3.1194284,2.97545505,-13.2625475,-9.71170139,-10.2038822,-0.24387455,-12.6267614,10.5250759,4.71125984,0.709453344,-0.539584637,-10.2038822,-0.158646584,-0.000254631042,1
1143,11.569977,3.16815805,3.19473791,3.247159,2.75912523,-14.596508,-8.12902641,-10.0355701,-0.346702576,-12.6052055,10.9657602,9.3839426,0.694539607,-0.544910967,-10.0355701,-0.260300636,-0.000254631042,1
1144,11.579995,2.99243641,2.97545505,3.23682237,2.7281158,-10.2568331,-14.1516809,-10.1420965,-0.452162266,-17.2108288,3.04303527,13.3956013,0.385612965,-0.341445476,-10.1420965,-0.360733986,-0.000254631042,1
1145,11.589981,3.12385869,2.89350104,3.25011253,2.89645386,-6.50858164,-6.59395647,-10.224122,-0.554018974,-9.03183746,2.06586719,-4.33233404,0.323827624,-0.240245372,-10.224122,-0.462540627,-0.000254631042,1
1146,11.599994,3.04781103,2.93706203,3.44060063,2.79899502,-3.82825613,-13.501833,-10.2156,-0.658850193,-13.0195446,-5.23894215,-0.54820323,0.206648529,-0.0964346603,-10.2156,-0.56456089,-0.000254631042,1
1147,11.610004,3.06331611,2.99095964,3.39999247,2.52581406,-22.7632027,-3.82795644,-10.3178654,-0.758241177,-18.4322891,13.8948689,13.1249638,0.35365501,0.325410068,-10.3178654,-0.667254448,-0.000254631042,1
1148,11.619979,3.26266384,2.99243641,3.29219699,2.61367512,-13.0705204,-4.89783573,-10.3647375,-0.851233006,-10.9047422,8.27615356,-1.17330337,0.0734904632,0.371216446,-10.3647375,-0.77055645,-0.000254631042,1
1149,11.629994,3.4900682,2.9798851,3.39260936,2.76355505,-13.3545351,-3.4629643,-10.135705,-0.94168663,-19.9722862,3.80225658,14.5715551,-0.0447538905,0.649250448,-10.135705,-0.873705864,-0.000254631042,1
1150,11.640002,3.54101276,3.10983014,3.16668153,2.66609621,-9.77950287,-7.64208508,-10.2560797,-1.02710056,-18.5256939,8.13245201,15.8409157,0.00531353988,0.682273686,-10.1836424,-0.975451469,-0.000254631042,1
1151,11.650000,3.5934341,3.24420571,3.21467257,2.57232881,-10.7025681,-5.17355347,-10.207078,-1.1314888,-17.4048252,2.07544732,8.72770786,0.040467266,0.751515865,-10.2635374,-1.07750225,-0.000254631042,1
1152,11.659997,3.58088231,3.21319604,3.17037296,2.72663903,-9.05926895,14.8871641,-10.3008213,-1.2246213,-11.5849276,7.10738373,5.53514671,0.0884041637,0.795191705,-10.2656679,-1.1800375,-0.000254631042,1
1153,11.669983,3.35569286,3.15117645,3.25380397,2.87356591,-9.0315218,-10.726656,-10.0920296,-1.32771873,-8.30375099,-7.24357367,13.3572807,-0.0532760061,0.585334599,-10.1431618,-1.28181362,-0.000254631042,1
1154,11.679999,3.2722621,3.18735456,3.27669215,2.86839771,-14.5645647,2.07262087,-10.1474228,-1.44043255,-13.6542244,4.1974349,19.8597603,0.137406334,0.633271515,-10.207078,-1.38313198,-0.000254631042,1
1155,11.689973,3.22870064,3.23313093,3.3387115,2.9090054,-8.02109909,22.5402374,-10.2347746,-1.54467154,-7.42956877,22.7420731,11.3837843,0.396265596,0.26682052,-10.1612711,-1.48518276,-0.000254631042,1
1156,11.699999,3.28629041,3.11278367,3.31360841,2.9798851,-19.7515984,0.920091212,-10.0121346,-1.6514411,-19.7615242,-0.674035192,7.93495607,0.582686841,-0.00482191984,-10.0217218,-1.58625698,-0.000254631042,1
1157,11.710001,2.86544442,3.13271856,3.36602974,3.09727883,-13.9131184,-10.4248924,-10.1186609,-1.75323105,-11.7908993,-12.7760696,9.58751965,0.666842759,-0.0602156706,-10.1719246,-1.68781948,-0.000254631042,1
1158,11.719975,2.91343546,3.16815805,3.54839611,3.14379334,-21.5407486,7.41230774,-10.0078735,-1.84703255,-22.7457199,1.25635064,8.68220234,0.482552022,0.347780615,-10.0291786,-1.78910685,-0.000254631042,1
1159,11.729996,3.04338098,3.25158906,3.09432554,3.13936353,-2.52673292,3.77007985,-10.0259829,-1.96350336,-3.77716374,2.51613092,14.2434378,0.503857315,-0.0655419976,-10.0259829,-1.89042521,-0.000254631042,1
1160,11.739982,2.89054751,3.1976912,3.35052466,3.20285964,-12.6274204,5.1907239,-10.0962906,-2.05135059,-13.5967436,-1.23446977,-16.3146172,0.651929021,0.186925679,-10.0962906,-1.99156046,-0.000254631042,1
1161,11.750004,3.10170889,3.01827788,3.54396629,3.10170889,-11.5406818,18.9889545,-10.295495,-2.16028166,-20.1495171,9.36828232,5.10164785,0.691343844,0.311561644,-10.295495,-2.09422159,-0.000254631042,1
1162,11.759977,3.08177376,2.86396766,3.36455297,3.13271856,-10.1180534,10.6741209,-10.0036125,-2.26072931,-14.5978622,1.792835,11.8699732,0.367503464,0.405304909,-10.0036125,-2.19605875,-0.000254631042,1
1163,11.769996,3.04928756,3.1039238,3.34904814,3.25380397,-14.0842285,12.5643311,-10.0898991,-2.35539341,-18.8442326,-1.05963337,15.3235922,0.317436039,0.53420192,-10.0898991,-2.29664469,-0.000254631042,1
1164,11.779982,3.19916797,3.00646472,3.12533522,3.22870064,-10.3538942,-0.187311918,-10.1591406,-2.45848894,-6.39013052,-8.14889145,19.4813461,0.106513664,0.508635581,-10.1591406,-2.39884806,-0.000254631042,1
1165,11.789994,3.20064449,2.95552015,3.15486813,2.86692119,3.2224946,21.6712341,-10.1591406,-2.56782055,-16.4516068,14.4696741,13.474637,0.157646358,0.436197579,-10.1591406,-2.50059366,-0.000254631042,1
1166,11.799980,3.28924346,2.90605235,3.2840755,2.99834299,-8.81987762,19.6747551,-10.2326441,-2.66353369,-21.5266533,1.22042537,11.0197411,0.181082174,0.271081567,-10.2326441,-2.60252237,-0.000254631042,1
1167,11.810004,3.01532435,2.85953784,3.38448763,3.10687709,-2.73741841,13.3261242,-10.2891035,-2.76764202,-13.4051428,2.31973934,14.9715242,0.16084215,0.282799482,-10.2891035,-2.7055192,-0.000254631042,1
1168,11.820088,3.08472729,2.97397852,3.46348858,3.22870064,4.19137907,14.1179857,-10.135705,-2.87396479,-12.5070105,7.77559423,7.24040031,0.127818957,0.250841558,-10.135705,-2.80772257,-0.000254631042,1
1169,11.829982,3.01680112,2.89202428,3.46496534,3.19178462,-3.8619597,18.1922226,-10.2305136,-2.97497797,-18.58078,-0.791391134,14.9068584,0.0660336092,0.170946717,-10.2305136,-2.90974283,-0.000254631042,1
1170,11.839979,3.01089454,2.97840834,3.04190421,3.05740929,8.78901196,19.4810829,-10.3636723,-3.07769966,-18.8801575,10.0149374,10.2341747,0.431419343,0.098508738,-10.3636723,-3.01423502,-0.000254631042,1
1171,11.849976,3.09875536,2.98431468,2.98652959,3.14822292,5.80089808,17.2605495,-10.3988256,3.10058355,-17.48386,5.08838224,-13.1627722,0.599731088,0.0537676252,-10.3988256,-3.11811686,-0.000254631042,1
1172,11.859983,3.1039238,2.97102499,3.12976527,3.23977566,0.592805028,11.7464914,-10.2656679,3.00156593,-11.7142582,-1.05244827,0.941498995,0.805327117,0.241254166,-10.2656679,3.06176662,-0.000254631042,1
1173,11.869981,3.05740929,3.137887,2.97397852,3.3387115,9.75742531,13.1516914,-10.3434315,2.89328909,-15.1463213,6.22601652,13.1225691,0.745672286,0.227405727,-10.3434315,2.97851467,-0.000254631042,1
1174,11.879978,3.1039238,3.24420571,3.13641,3.26118731,-3.3420074,11.7369719,-10.3689985,2.79565048,-9.90841389,-7.12382269,13.2542944,0.613579512,0.378673285,-10.3689985,2.87521267,-0.000254631042,1
1175,11.889974,3.07734394,3.26709366,3.05076432,3.26709366,15.1206656,8.18345547,-10.4488926,2.68626547,-13.9991074,9.98140717,8.53610611,0.63381952,0.373346984,-10.4488926,2.77148342,-0.000254631042,1
1176,11.899982,2.78865838,3.23460746,3.08029723,3.39113283,-0.62503314,14.3652105,-10.3359747,2.60182571,-12.0016613,-7.91896915,13.7524586,0.231149614,0.468155503,-10.3359747,2.66751003,-0.000254631042,1
1177,11.909979,2.71925592,3.32025337,2.98652959,3.21614957,18.7656136,3.19461322,-10.5543537,2.49353647,-13.8745661,13.0326614,16.9665756,0.184277982,0.224209934,-10.5543537,2.56347561,-0.000254631042,1
1178,11.929995,2.76650858,3.1209054,3.23313093,3.38153458,19.9960594,8.83294582,-10.4456968,2.28770304,-20.8776035,6.47988892,16.3750057,0.124623157,0.0708118603,-10.4456968,2.35534573,-0.000254631042,1
1179,11.939981,2.89350104,3.21614957,3.11278367,3.48194671,13.5062323,-2.48371077,-10.5128088,2.18203735,-9.6353817,9.78501606,25.0928783,0.218366444,-0.0751293674,-10.5128088,2.25085354,-0.000254631042,1
1180,11.949994,2.89202428,3.17332625,3.03525949,3.40368414,8.25352859,13.6560421,-10.3466272,2.08140182,-13.8745661,-7.88064909,-4.79217768,0.0340756811,-0.294573843,-10.3466272,2.14657497,-0.000254631042,1
1181,11.959980,2.84107947,3.28629041,3.02492261,3.36012292,22.1277294,5.54936123,-10.576725,1.9882288,-22.4774761,3.89805722,2.63477802,0.289739162,-0.127327323,-10.576725,2.042449,-0.000254631042,1
1182,11.969996,2.92598701,3.22870064,3.01532435,3.47013378,14.0176306,1.43342841,-10.6044216,1.87438822,-13.8051109,2.82269359,17.1485958,0.303587586,0.262559444,-10.6044216,1.93713284,-0.000254631042,1
1183,11.979982,3.09727883,3.29810381,3.12238193,3.53953624,17.8210487,-6.95766544,-10.5160046,1.76413107,-16.1522293,10.2520437,4.91483641,0.216235906,0.333932191,-10.5160046,1.83135891,-0.000254631042,1
1184,11.989998,3.13936353,3.35864639,3.17332625,3.47456336,18.3905792,-0.723963737,-10.5468969,1.65389204,-18.2670326,2.2478888,7.74574947,0.308913916,0.669490516,-10.5468969,1.72692776,-0.000254631042,1
1185,11.999974,3.08325028,3.37562799,3.09137201,3.28112221,16.200798,-7.28262663,-10.6662073,1.54446173,-16.3869419,6.85351181,9.4533987,0.329153955,0.785604298,-10.6662073,1.62094021,-0.000254631042,1
1186,12.010004,3.19621468,3.46053529,3.22870064,3.19178462,9.52454853,-2.78091145,-10.5064173,1.44342852,-9.8006382,1.5485431,-1.5780617,0.189604297,0.939002395,-10.5064173,1.51478481,-0.000254631042,1
1187,12.019995,3.29958034,3.38301134,2.96954846,3.19326138,22.1791096,-15.5373592,-10.6257267,1.32713509,-25.2724648,9.72753525,17.5150356,0.338741332,0.977351904,-10.6257267,1.4090414,-0.000254631042,1
1188,12.029982,3.29810381,3.41402078,2.84403276,3.39556241,7.9463768,-7.19970417,-10.6736641,1.18831015,-10.0593004,3.71364069,20.9303341,0.289739162,0.968829811,-10.6736641,1.3022604,-0.000254631042,1
1189,12.039995,3.17775631,3.47899342,2.87504268,3.4900682,15.6098194,-10.76719,-10.5948343,1.09482431,-18.8083076,2.41793513,13.3069849,0.249259099,0.453241795,-10.5948343,1.19535732,-0.000254631042,1
1190,12.049981,3.247159,3.46201205,3.02196956,3.53436804,15.802846,-12.8804722,-10.6363792,0.984187603,-20.290823,1.97964656,15.2948513,0.337676048,0.382934362,-10.6363792,1.08955288,-0.000254631042,1
1191,12.059978,3.21614957,3.50852656,3.00351119,3.38005805,7.96577978,-10.5432358,-10.5266571,0.869731426,-12.8878183,2.91849422,18.9233055,0.627427936,0.0164833684,-10.5266571,0.982954979,-0.000254631042,1
1192,12.069975,3.23682237,3.4051609,3.1194284,3.38005805,11.4878817,-5.05310249,-10.6321182,0.758841038,-11.3047104,-4.5779171,14.8876982,0.847937703,-0.282855928,-10.6321182,0.876997948,-0.000254631042,1
1193,12.079984,3.06036258,3.38817954,3.29662681,3.21171927,0.869445443,-23.7384205,-10.7716684,0.649868488,-18.8586025,8.53242016,-13.1364269,0.660451174,-0.229592726,-10.7354488,0.768935204,-0.000254631042,1
1194,12.089980,2.95994997,3.44650745,3.31508517,3.31360841,2.104774,-16.1288776,-10.6651421,0.572340965,-17.6012173,3.81183648,5.17589331,0.75206387,-0.151828423,-10.6544886,0.662093163,-0.000254631042,1
1195,12.099977,2.97102499,3.46201205,2.91491222,3.29367375,4.33126974,-12.6338253,-10.7748642,0.464737415,-18.0850105,-0.434533209,15.5415382,0.684952259,-0.253028542,-10.7791252,0.554427147,-0.000254631042,1
1196,12.109974,2.98652959,3.47308707,3.4206655,3.1807096,3.94421339,-16.7693672,-10.7727337,0.36733532,-20.8201237,4.89678049,15.9941969,0.546467841,0.0921171457,-10.7045565,0.445967674,-0.000254631042,1
1197,12.119982,3.10023189,3.4154973,3.55504131,3.08472729,-0.363929898,-14.9114065,-10.6907082,0.264877796,-28.5225067,10.4843607,21.0884056,0.283347577,0.342454314,-10.723731,0.338942528,-0.000254631042,1
1198,12.130037,3.19178462,3.52107835,3.18366313,3.00941801,-4.31659412,-10.7725906,-10.7013607,0.156072378,-16.6767387,1.4359771,13.0866432,0.220496967,0.389325947,-10.723731,0.230940819,-0.000254631042,1
1199,12.139981,3.1807096,3.57497573,3.04485774,2.92451048,2.90809584,-8.11570263,-10.7471666,0.049105376,-8.24866581,-2.50622511,11.6520262,0.0362062082,0.181599349,-10.710948,0.122817039,-0.000254631042,1
1200,12.149995,3.37415123,3.47308707,3.1976912,2.97397852,3.95265818,-27.9285736,-10.6885777,-0.0646629333,-27.6147938,-5.74908161,10.0641289,-0.08416868,0.536332428,-10.6821861,0.0157613754,-0.000254631042,1
1201,12.159981,3.38301134,3.44060063,3.09875536,3.00646472,-3.7334919,-14.1801186,-10.7386446,-0.168220043,-14.6050472,1.30664611,10.1216087,-0.249284655,0.378673285,-10.7418404,-0.0918741226,-0.000254631042,1
1202,12.169994,3.29958034,3.46791887,3.07734394,2.9473989,-23.962801,-12.1384497,-10.7429056,-0.283322811,-18.3532524,19.6141758,9.05343056,-0.116126612,0.433001786,-10.648097,-0.199662209,-0.000254631042,1
1203,12.179979,3.36455297,3.33206654,3.20064449,3.04338098,4.99313593,-17.2320747,-10.5532885,-0.390638351,-14.0326376,-11.1785917,11.8029127,-0.123583458,0.025005484,-10.5532885,-0.306260109,-0.000254631042,1
1204,12.190001,3.33206654,3.2722621,3.07586718,3.04042768,-12.602622,-19.737009,-10.702426,-0.48188448,-23.3301029,2.0203619,7.91100597,-0.0213180706,0.68333894,-10.702426,-0.413346291,-0.000254631042,1
1205,12.199975,3.44355392,3.29367375,3.00498796,3.00351119,-16.9029236,-8.11873913,-10.8238659,-0.591459274,-16.1642056,9.50479889,15.1583357,0.400526673,0.482003957,-10.8238659,-0.520493507,-0.000254631042,1
1206,12.209994,3.36455297,3.48859167,3.17923307,2.97397852,-15.7875175,4.64006662,-10.7610159,-0.701164246,-6.63921261,15.0564537,6.4955492,0.520901561,0.622618854,-10.7610159,-0.629595757,-0.000254631042,1
1207,12.219980,3.42361903,3.65028524,3.01680112,3.05888581,-16.8198738,-10.1847019,-10.5032215,-0.819553375,-19.2441998,4.03696823,12.8088207,0.780826032,0.231666788,-10.5032215,-0.736804008,-0.000254631042,1
1208,12.229978,3.39556241,3.72780919,2.9459219,3.15486813,-5.99124861,-15.6942244,-10.5607462,-0.915384769,-14.3152494,-8.79075623,1.91387689,0.607187927,0.179468825,-10.5607462,-0.842120171,-0.000254631042,1
1209,12.240003,3.3387115,3.72042608,3.45462871,3.08472729,-28.7336502,-10.9407854,-10.6843166,-1.01435518,-30.1774654,5.88592386,22.077549,0.511314154,0.859107554,-10.6843166,-0.949267387,-0.000254631042,1
1210,12.249977,3.23313093,3.72928619,3.46053529,3.1976912,-9.30399036,0.495648056,-10.568203,-1.12299585,-8.17202473,4.47525692,20.762682,0.672169089,0.532071352,-10.568203,-1.05565166,-0.000254631042,1
1211,12.259974,3.31360841,3.65028524,3.07439065,2.94296861,-17.0271912,-9.22867203,-10.6725988,-1.23576069,-19.1148701,-3.11695528,3.79636264,0.470834106,0.47241658,-10.6725988,-1.16237164,-0.000254631042,1
1212,12.269984,3.38965631,3.55947113,3.19326138,2.9798851,-24.7644062,-0.264873892,-10.8355837,-1.34357262,-24.187521,5.32069921,15.1008549,0.55392468,0.356302738,-10.8355837,-1.27021694,-0.000254631042,1
1213,12.279981,3.2840755,3.63035035,3.09284854,3.06331611,-8.62099838,-1.36679649,-10.6385098,-1.46281576,-8.7180891,-0.429743171,20.7722626,0.488943607,0.230601519,-10.6385098,-1.37788296,-0.000254631042,1
1214,12.289977,3.30622506,3.70639801,3.13641,2.91195869,-6.9747324,3.21478486,-10.6832514,-1.57823896,-6.99846554,3.16278625,0.014626381,0.445267767,-0.157154739,-10.6832514,-1.48460293,-0.000254631042,1
1215,12.300002,3.29367375,3.4900682,3.27816868,3.01384783,-22.7519627,6.58241272,-10.8142786,-1.68144655,-23.3396835,4.02978325,4.23944092,0.364307672,-0.023996681,-10.8142786,-1.59263515,-0.000254631042,1
1216,12.309977,3.20581293,3.32320666,3.36012292,3.13936353,-5.51226711,-2.75638437,-10.8387794,-1.79130888,-4.77588701,-3.89533663,14.4661751,0.518770993,0.180534095,-10.8387794,-1.70219326,-0.000254631042,1
1217,12.320004,3.30474854,3.22427082,3.15117645,3.26709366,-10.8448944,4.91311789,-10.6257267,-1.89186716,-11.8411942,1.23958552,3.93287873,0.415440351,-0.0953693986,-10.6257267,-1.80955362,-0.000254631042,1
1218,12.329980,3.25823402,3.31360841,3.32615995,3.37119794,-18.5982742,11.6101255,-10.7343836,-1.97857809,-21.6775398,3.28253722,16.7486286,0.29186967,0.152837217,-10.7343836,-1.89494181,-0.000254631042,1
1219,12.339997,3.29958034,3.38670278,3.23682237,3.27816868,-15.7819052,9.84556484,-10.8238659,-2.08457613,-18.5831757,0.818062067,4.68730974,0.297196001,0.178403556,-10.8238659,-2.00282145,-0.000254631042,1
1220,12.349982,3.28629041,3.24568224,3.29367375,2.93853855,-15.6858349,18.6115017,-10.7311878,-2.18628502,-23.5528412,6.13979578,12.3992729,0.107578926,0.422349125,-10.7311878,-2.11131144,-0.000254631042,1
1221,12.360000,3.43395567,3.31360841,3.31508517,3.00646472,-10.7273273,14.728159,-10.6576843,-2.29433346,-17.7904224,3.93637753,9.69290066,0.040467266,0.342454314,-10.6576843,-2.2178483,-0.000254631042,1
1222,12.369975,3.50040507,3.3985157,3.25158906,3.11721373,-10.6381464,7.24494696,-10.5373096,-2.38385153,-12.5740709,-2.74812222,5.46569109,-0.00107804674,0.303039521,-10.5373096,-2.32389688,-0.000254631042,1
1223,12.379983,3.52403164,3.46791887,3.37710452,3.13936353,-3.74961519,21.0530949,-10.6225309,-2.49522686,-19.0645733,9.68682003,14.5212603,0.201322213,0.370151192,-10.6225309,-2.42964029,-0.000254631042,1
1224,12.389980,3.58088231,3.41106725,3.39703918,3.11130714,-5.13890648,22.827631,-10.6449013,-2.59668016,-22.1852837,7.43789673,13.4985867,0.200256944,0.242319435,-10.6449013,-2.53574991,-0.000254631042,1
1225,12.399977,3.3985157,3.25823402,3.38153458,3.19030786,-14.0365458,15.548624,-10.6044216,-2.70077562,-20.051321,-6.06043386,6.96497297,0.178951651,0.194382533,-10.6044216,-2.64210367,-0.000254631042,1
1226,12.409974,3.37415123,3.22427082,3.41254401,3.09432554,-2.4434638,21.4454765,-10.715209,-2.83016586,-21.162611,4.2453351,-3.49886727,0.367503464,0.260428935,-10.715209,-2.74833536,-0.000254631042,1
1227,12.419983,3.39260936,3.31360841,3.34904814,3.12238193,-5.85190344,17.1558418,-10.6725988,-2.91218281,-18.0371113,-1.79729939,11.6280766,0.312109709,0.578943014,-10.6725988,-2.85520792,-0.000254631042,1
1228,12.429980,3.48490024,3.48194671,3.10540032,3.14084029,9.96127796,24.119442,-10.7365141,-3.03713202,-22.949295,12.4219322,8.42593479,0.521966815,0.473481834,-10.7365141,-2.96253824,-0.000254631042,1
1229,12.439976,3.58235908,3.4376471,3.21984124,3.04485774,4.69013691,11.2483063,-10.6885777,3.13357449,-11.2855501,4.5997982,-23.9523335,0.612514257,0.374412239,-10.6885777,-3.06913614,-0.000254631042,1
1230,12.449974,3.46201205,3.38670278,3.35421634,3.13124204,9.1807518,20.5974255,-10.7045565,3.01908207,-21.5649738,6.59484959,12.8734865,0.542206824,0.774951696,-10.7045565,3.10659695,-0.000254631042,1
1231,12.459998,3.247159,3.42214251,3.03378272,3.247159,-1.40669847,1.57202721,-10.7013607,2.90179038,-1.19293773,-1.73981893,24.194746,0.47189939,0.491591334,-10.7013607,2.99914455,-0.000254631042,1
1232,12.469983,3.36602974,3.37710452,3.17923307,3.22574782,6.55546141,11.0123196,-10.6800556,2.81409216,-12.5357504,2.66462207,12.9621019,0.419701427,0.529940844,-10.6800556,2.89187527,-0.000254631042,1
1233,12.479977,3.38153458,3.25675726,3.29219699,3.21467257,11.0243025,10.7466497,-10.7397099,2.70345545,-14.4086552,5.42368507,5.95906496,0.443137228,0.21781835,-10.7397099,2.78497219,-0.000254631042,1
1234,12.490004,3.23829889,3.22722435,3.24125242,3.247159,7.8961587,9.07795334,-10.7098827,2.58232307,-11.884305,1.8766607,12.4783087,0.557120502,0.388260663,-10.7098827,2.67767239,-0.000254631042,1
1235,12.499999,3.26118731,3.26561713,3.23460746,3.23165417,13.1946259,10.841157,-10.8696728,2.46962166,-16.6982937,3.5771246,20.9327297,0.319566548,0.00583072472,-10.8696728,2.56973171,-0.000254631042,1
1236,12.509974,3.35052466,3.26266384,3.23977566,3.15782142,12.6767588,9.72532082,-10.6108131,2.3606081,-15.8312969,2.15687799,22.2763348,0.117166303,-0.165676862,-10.6108131,2.46169949,-0.000254631042,1
1237,12.519998,3.40368414,3.17037296,3.35569286,3.28259873,18.2963161,12.1164169,-10.6001606,2.25318241,-21.8404007,2.13532281,5.67645264,0.218366444,-0.287116975,-10.6001606,2.35519314,-0.000254631042,1
1238,12.529983,3.29072046,2.9798851,3.54396629,3.36012292,20.3536415,9.97282505,-10.7855167,2.15065002,-16.8875008,-0.860846698,11.3071442,0.184277982,0.0686813295,-10.7855167,2.2478323,-0.000254631042,1
1239,12.539995,3.22131753,3.00351119,3.5934341,3.44207716,13.1861439,-2.47494483,-10.7088175,2.06829643,-16.9401913,6.83914185,12.4663334,0.302522331,0.141119301,-10.6992302,2.13986111,-0.000254631042,1
1240,12.549982,3.09432554,2.98948312,3.44503069,3.44207716,16.2239246,4.80364561,-10.6512928,1.95912218,-11.9561558,3.17715645,10.6173782,0.332349747,0.181599349,-10.6736641,2.03265285,-0.000254631042,1
1241,12.560000,3.14379334,3.14822292,3.44946027,3.28112221,18.7119713,-3.68294954,-10.8441057,1.85695696,-20.4153652,11.62918,3.98317409,0.311044455,0.233797312,-10.8462362,1.92462063,-0.000254631042,1
1242,12.569975,3.19621468,3.26118731,3.4154973,3.33723497,13.6757698,1.9788419,-10.7620811,1.74371672,-12.5357504,9.37307262,7.30506611,0.278021246,0.592791438,-10.7727337,1.81646633,-0.000254631042,1
1243,12.579983,3.31213164,3.36972117,3.49745154,3.10540032,22.6558647,-0.670085192,-10.5330486,1.6350466,-5.92549658,4.949471,-4.72511721,-0.0756465644,0.555507183,-10.5468969,1.70925808,-0.000254631042,1
1244,12.589980,3.27078557,3.34018803,3.36455297,3.07734394,20.8999538,3.52378464,-10.6491623,1.53664112,-20.7674332,-4.23542929,10.7227592,0.16084215,0.875086546,-10.7120132,1.60291958,-0.000254631042,1
1245,12.599976,3.34461784,3.41254401,3.17184973,3.17184973,6.57631683,0.911406398,-10.7322531,1.41445827,-6.35420513,-1.92423546,21.3279076,0.132080004,0.804779053,-10.7141438,1.49519253,-0.000254631042,1
1246,12.609984,3.24863577,3.53436804,3.0869422,3.21467257,10.8508024,2.51751804,-10.3956299,1.32995653,-9.93715382,-5.03297043,31.3342991,0.417570889,0.802648544,-10.4851122,1.38886929,-0.000254631042,1
1247,12.619981,3.24863577,3.39113283,3.20581293,3.19178462,18.3541546,-12.7725039,-10.5937691,1.22841775,-21.5769501,5.86915874,10.3778763,0.427158266,0.413827032,-10.6118784,1.28343105,-0.000254631042,1
1248,12.629978,3.36750627,3.41845083,3.16077471,3.20876622,14.2328396,-9.46862125,-10.5437012,1.11620784,-16.9449806,2.25746894,5.66926765,0.384547681,0.429805994,-10.5437012,1.17719936,-0.000254631042,1
1249,12.639975,3.10023189,3.4154973,3.08029723,3.27078557,16.7329044,-15.0751476,-10.6321182,1.01250052,-22.1780987,3.92200756,5.43216085,0.476160437,0.225275204,-10.6321182,1.07090664,-0.000254631042,1
1250,12.649999,3.04633451,3.5070498,3.17627978,3.14969993,-6.55420542,0.561434388,-10.6523581,0.913005948,5.52988243,3.56275463,23.2702675,0.564577341,0.299843729,-10.6523581,0.964247704,-0.000254631042,1
1251,12.659984,3.13641,3.57940578,3.21614957,3.18735456,18.6032467,-14.0239267,-10.366868,0.796349049,-23.1049728,-2.98522902,1.28877687,0.582686841,-0.0186703578,-10.366868,0.85945034,-0.000254631042,1
1252,12.670250,3.13271856,3.40146923,3.19621468,3.36307645,6.74582577,-16.8469257,-10.6640768,0.700181246,-17.2299881,5.69671726,25.5766716,0.676430106,0.249776274,-10.6449013,0.753523827,-0.000254631042,1
1253,12.679984,3.01827788,3.50409675,3.23313093,3.46791887,8.16393375,-11.1306705,-10.5671377,0.603952169,-13.7979259,-0.39860791,5.78183365,0.581621587,-0.0431714393,-10.5671377,0.647688866,-0.000254631042,1
1254,12.689994,2.91343546,3.61336875,3.37710452,3.56537747,1.77470052,-11.9291801,-10.5149393,0.492587328,-11.3502159,4.07768393,-6.26272011,0.545402646,0.247645751,-10.5149393,0.543349266,-0.000254631042,1
1255,12.699980,2.86692119,3.48342323,2.98283839,3.4154973,8.53587627,-10.1307278,-10.6544886,0.3916682,-12.6219711,-4.02227259,10.8592749,0.431419343,0.349911153,-10.6544886,0.437026024,-0.000254631042,1
1256,12.709999,3.1039238,3.48046994,3.22574782,3.43543243,-1.33299959,-15.5649452,-10.6172047,0.27650094,-14.6098375,5.53146076,-2.04269552,0.327023417,0.483069211,-10.6172047,0.330641747,-0.000254631042,1
1257,12.719984,3.24272919,3.38817954,3.42214251,3.32468343,-10.6868572,-16.133791,-10.7706032,0.142001033,-14.458951,12.8626156,16.8779602,0.325958133,0.382934362,-10.7706032,0.223311424,-0.000254631042,1
1258,12.730003,3.1039238,3.30327201,3.15929818,3.31065512,-3.86075068,-14.1112566,-10.6715336,0.0348951817,-13.9679718,4.35071611,23.413969,0.287608624,0.376542777,-10.6715336,0.115645409,-0.000254631042,1
1259,12.739979,3.22574782,3.25528049,3.17480302,3.44060063,-4.66475296,-14.9519491,-10.8004303,-0.0694818497,-15.239727,3.6154449,10.2868652,0.193865359,-0.0580851436,-10.8004303,0.00804042816,-0.000254631042,1
1260,12.749998,3.3165617,3.28776693,3.22427082,3.43100238,-6.86040401,-21.9646797,-10.7929735,-0.180390358,-22.8391247,2.80832338,20.3339748,0.118231572,0.193317264,-10.7929735,-0.100419044,-0.000254631042,1
1261,12.759984,3.15929818,3.17775631,3.09137201,3.3217299,-9.16258717,-17.9250107,-10.7173395,-0.282520771,-19.7687092,3.80225658,30.9367256,0.175755858,0.338193238,-10.7173395,-0.208725929,-0.000254631042,1
1262,12.770005,3.09432554,3.33206654,3.22722435,3.40368414,-6.72632742,-7.97945642,-10.7610159,-0.394416332,-9.95152378,3.14362621,8.16248322,0.337676048,0.0718771219,-10.7610159,-0.316727638,-0.000254631042,1
1263,12.779980,3.21024275,3.40146923,3.4324789,3.24568224,-6.70666695,-23.3098888,-10.8366489,-0.506967068,-23.6342716,-5.454494,21.4189186,0.162972689,0.14324984,-10.8366489,-0.403336525,-0.000254631042,1
1264,12.790004,3.25158906,3.40663743,3.2840755,3.15117645,-22.8298416,-12.3719788,-10.7375793,-0.627687454,-23.421114,11.2124472,2.43359613,0.485747814,0.215687811,-10.7375793,-0.512009621,-0.000254631042,1
1265,12.799978,3.28924346,3.42952585,3.21171927,3.27816868,-17.5614662,-5.24585295,-10.7226658,-0.718885899,-15.5127592,9.76106548,0.687626898,0.54114157,0.352041692,-10.7226658,-0.61921978,-0.000254631042,1
1266,12.810001,3.24420571,3.50409675,3.39260936,3.40663743,-18.3297386,-20.2698364,-10.7205353,-0.827366829,-27.212431,-2.51580524,3.08504176,0.317436039,0.597052515,-10.7205353,-0.726946831,-0.000254631042,1
1267,12.819998,3.20581293,3.61041594,3.10983014,3.35200119,-14.3693848,-7.84022474,-10.6949692,-0.927503109,-16.2001305,2.34608459,14.269783,0.566707909,0.664164186,-10.6949692,-0.834734917,-0.000254631042,1
1268,12.829984,3.33501959,3.62887383,2.98136187,3.18218637,-22.5742855,-3.80615997,-10.6544886,-1.02870131,-21.3015213,8.38632393,19.7735386,0.456985682,0.624749362,-10.6544886,-0.942339897,-0.000254631042,1
1269,12.840003,3.40811396,3.45462871,3.25675726,3.29810381,-10.8017159,-1.60842383,-10.7077522,-1.13350821,-10.4664536,3.11728096,-26.6491261,0.34832871,0.417022824,-10.7077522,-1.04921246,-0.000254631042,1
1270,12.849977,3.51295662,3.45758224,3.43100238,3.21984124,-17.7767582,11.579071,-10.6523581,-1.23220396,-12.9213486,16.8263721,6.37579823,0.57203418,0.525679767,-10.6523581,-1.15654278,-0.000254631042,1
1271,12.859994,3.53436804,3.44650745,3.03230596,3.03525949,-15.0074787,-0.667462707,-10.6725988,-1.33521605,-14.7487488,2.85382867,14.1045265,0.250324368,0.475612372,-10.6725988,-1.26396084,-0.000254631042,1
1272,12.869979,3.39113283,3.52698469,3.17775631,3.18735456,-10.0711441,-1.30515599,-10.6374445,-1.44909811,-10.1551008,-0.0728852376,2.08631825,0.415440351,0.258298397,-10.6374445,-1.37007046,-0.000254631042,1
1273,12.879995,3.33354306,3.59934068,3.2840755,3.2840755,-5.44730186,14.3159151,-10.6278572,-1.54990911,-5.14711523,14.4265633,4.49810314,0.349393964,-0.0538240857,-10.6278572,-1.47657681,-0.000254631042,1
1274,12.889982,3.35716963,3.44798398,3.00498796,3.06331611,-22.5433578,1.66027272,-10.5628767,-1.64467525,-22.6044121,-0.00821970589,11.5993366,0.380286634,0.0111570461,-10.5628767,-1.58280849,-0.000254631042,1
1275,12.899978,3.07882047,3.39113283,3.16668153,3.20064449,-12.8070726,11.9889793,-10.8121481,-1.74575567,-14.6984529,9.57664871,9.0917511,0.297196001,-0.135849446,-10.8121481,-1.68937588,-0.000254631042,1
1276,12.909975,3.0278759,3.50852656,3.27669215,3.21762609,-13.9416494,1.0104537,-10.6385098,-1.84820652,-13.68536,-2.84631801,1.51630366,0.206648529,-0.0442367047,-10.6385098,-1.79630899,-0.000254631042,1
1277,12.919983,2.9304173,3.45093727,2.99391294,3.09432554,6.75735188,15.8484087,-10.6257267,-1.96995068,0.0668426156,17.2287369,5.45850563,0.16723375,-0.0644767284,-10.6257267,-1.90275431,-0.000254631042,1
1278,12.929981,3.11573696,3.3217299,3.04781103,3.11278367,-13.8794518,15.5027514,-10.7855167,-2.07221413,-19.6226139,6.92296743,10.1958551,0.330219209,0.224209934,-10.7855167,-2.00910807,-0.000254631042,1
1279,12.939978,3.21467257,3.33206654,3.09137201,3.08029723,2.7325139,-3.24333167,-10.8228006,-2.18076181,4.09766102,-1.09316361,23.6870022,0.512379408,0.025005484,-10.8228006,-2.11652994,-0.000254631042,1
1280,12.949974,3.14084029,3.43912411,2.96438003,2.99243641,-12.5695524,19.3905182,-10.5863123,-2.29269195,-22.2475548,6.24757195,5.87523937,0.569903672,0.211426765,-10.5863123,-2.22331095,-0.000254631042,1
1281,12.959983,3.24420571,3.46496534,2.87651944,3.06626892,14.1894541,10.1944342,-10.6385098,-2.39973235,-4.86689758,9.77783108,23.0786667,0.614644766,0.116618231,-10.6385098,-2.32935953,-0.000254631042,1
1282,12.969980,3.45093727,3.2301774,2.95552015,3.18735456,-9.1955843,24.169939,-10.6054869,-2.51164865,-18.4035492,-2.91098356,2.61322284,0.396265596,0.0324623361,-10.6054869,-2.43525553,-0.000254631042,1
1283,12.980102,3.50409675,3.29662681,2.96585679,3.0293529,-0.839875877,17.6087952,-10.4435663,-2.62712264,-15.7426815,7.93366575,4.52444839,0.409048766,0.22953625,-10.4435663,-2.54133463,-0.000254631042,1
1284,12.989984,3.46644187,3.32615995,2.98800635,3.08177376,5.04362822,16.6673946,-10.5500927,-2.70730567,-15.8528528,10.0269127,10.9526806,0.403722465,0.407435447,-10.563942,-2.64704752,-0.000254631042,1
1285,12.999982,3.36972117,3.29515028,3.06774569,3.09727883,-2.51742339,13.450654,-10.5170698,-2.81705523,-13.5009432,4.69799376,-1.73373795,0.152320042,0.287060559,-10.4915037,-2.75263834,-0.000254631042,1
1286,13.010000,3.42509556,3.28629041,3.10540032,3.09580207,-3.45296645,23.0027962,-10.5309181,-2.93711233,-17.4455414,-0.992572784,16.640852,-0.126779258,0.41595754,-10.5245266,-2.85798502,-0.000254631042,1
1287,13.019974,3.56390095,3.14674664,2.97693157,3.00794125,2.04235029,17.1346054,-10.5895081,-3.0420413,-24.7192154,5.26082373,18.8801956,0.0138356555,0.615162015,-10.6417055,-2.9640336,-0.000254631042,1
1288,13.029995,3.53658295,3.23682237,3.08325028,3.1209054,5.01914358,8.85788059,-10.710948,3.12086892,-8.95998669,4.83450985,14.2817583,-0.0138612203,0.443654418,-10.6555538,-3.07212687,-0.000254631042,1
1289,13.039982,3.4376471,3.27669215,3.26414061,3.13936353,7.08049393,19.5870457,-10.5074825,3.02826834,-20.2620831,4.82013988,9.42226315,-0.190695107,0.554441929,-10.5245266,3.10510159,-0.000254631042,1
1290,13.050003,3.46201205,3.19326138,3.34314132,2.97102499,8.97040749,26.5190182,-10.568203,2.92630553,-27.8231602,3.09812069,11.3742046,0.109709457,0.460698664,-10.5532885,2.99899197,-0.000254631042,1
1291,13.060003,3.47308707,3.21984124,3.17184973,3.1039238,4.12934923,16.3663616,-10.6193352,2.81441236,-16.8252296,-1.34943068,6.72068119,0.274825454,0.721688449,-10.6470318,2.89279079,-0.000254631042,1
1292,13.069977,3.40959072,3.30474854,3.28112221,3.25823402,0.748436213,8.00503159,-10.782321,2.70332837,-7.56608534,-2.71938205,10.4257765,0.302522331,0.315822691,-10.782321,2.78536892,-0.000254631042,1
1293,13.080001,3.33058977,3.46791887,3.08841896,3.02049279,14.3116856,11.9781084,-10.6235962,2.60887814,-17.5868473,6.24517679,17.1988926,0.516640484,0.193317264,-10.6235962,2.67800808,-0.000254631042,1
1294,13.089978,3.26709366,3.4051609,3.16815805,3.21467257,14.5927286,8.19853687,-10.7727337,2.49638867,-15.3259478,6.728971,2.06476307,0.586947918,0.19864358,-10.7727337,2.57086086,-0.000254631042,1
1295,13.099974,3.27373886,3.14527011,3.25528049,3.34904814,18.1695652,1.61350107,-10.790843,2.39688396,-13.5009432,12.2662554,5.62136698,0.603992164,0.410631239,-10.790843,2.46346951,-0.000254631042,1
1296,13.109981,3.10170889,3.21467257,2.96438003,3.11130714,18.0796394,4.3120923,-10.6704683,2.29583859,-16.3917313,8.76234245,13.3812304,0.628493249,0.295582682,-10.6704683,2.35577297,-0.000254631042,1
1297,13.119979,3.02492261,3.32320666,3.12533522,3.14527011,11.7813873,8.59396935,-10.6779251,2.18583608,-14.5810966,-0.221376449,12.3417921,0.735019684,0.34138903,-10.6779251,2.24923611,-0.000254631042,1
1298,13.129976,3.09432554,3.4206655,3.22427082,3.163728,21.2990608,4.39713478,-10.7929735,2.06219506,-20.853653,6.17332602,12.1789312,0.860720873,0.166685656,-10.7929735,2.14166164,-0.000254631042,1
1299,13.139974,3.12238193,3.37415123,3.33354306,3.16668153,18.1412659,-5.47937584,-10.6875124,1.95555568,-14.7583284,11.8878422,21.9697723,0.741411269,0.214622557,-10.6875124,2.03420925,-0.000254631042,1
1300,13.149981,3.21467257,3.42657232,3.44207716,3.16225147,15.4810572,1.8298223,-10.6172047,1.86896205,-15.3355284,2.79874325,3.7101419,0.533684731,0.120879292,-10.6172047,1.92785549,-0.000254631042,1
1301,13.159979,3.08029723,3.23165417,3.5070498,3.06479263,10.6312389,0.537710071,-10.7631464,1.75301099,-10.5526743,1.3976568,-6.38965607,0.34832871,0.391456455,-10.7631464,1.82018948,-0.000254631042,1
1302,13.169975,3.1533916,3.21614957,3.21319604,2.9629035,25.8572483,-12.1708956,-10.6459665,1.655756,-24.7311897,14.3211823,16.1474781,0.33554554,0.406370163,-10.6459665,1.7125845,-0.000254631042,1
1303,13.179995,3.26414061,3.15929818,3.1976912,2.94444537,21.1981869,-0.0968946442,-10.7524929,1.55160165,-21.1961422,-0.309992194,6.51949978,0.040467266,0.289191067,-10.7524929,1.60606289,-0.000254631042,1
1304,13.189980,3.1807096,3.12238193,3.20728946,3.03895116,14.278985,-10.1412754,-10.8813906,1.43829846,-15.4935999,8.16598225,16.9210701,0.208779052,0.348845899,-10.8813906,1.49720669,-0.000254631042,1
1305,13.199977,3.14231682,3.19030786,3.29367375,3.14084029,7.33161783,7.82527876,-10.723731,1.31504679,-5.113585,-9.42543697,17.3306179,-0.0990823805,0.0313970707,-10.723731,1.3888998,-0.000254631042,1
1306,13.209994,3.14527011,3.05888581,3.31065512,3.20285964,17.9731884,-12.5570145,-10.7716684,1.20688605,-21.2655964,5.33746433,8.06189251,-0.364333212,0.0644202679,-10.7716684,1.2817831,-0.000254631042,1
1307,13.219979,3.21614957,3.1209054,3.1976912,3.1039238,4.083323,-12.9062872,-10.937849,1.10388613,-9.45575523,9.68682003,1.34865236,0.0287493579,0.21675308,-10.937849,1.19474697,-0.000254631042,1
1308,13.229999,3.34757137,3.14527011,3.37710452,3.14379334,5.42028522,-14.5199032,-10.9431753,0.987490892,-12.5213804,9.13357067,4.26818132,0.44100672,0.169881448,-10.9431753,1.08540249,-0.000254631042,1
1309,13.239973,3.26561713,3.29662681,3.52255487,3.31508517,7.45778942,-13.7724705,-10.8526278,0.880737543,-14.5188265,5.87394857,3.46824479,0.514509976,0.148576155,-10.8526278,0.975813866,-0.000254631042,1
1310,13.250001,3.27373886,3.42361903,3.04485774,3.30327201,7.12965488,-16.3370857,-10.8164091,0.785854578,-16.590519,6.51820898,9.99946308,0.55392468,0.183729887,-10.8164091,0.867293358,-0.000254631042,1
1311,13.259977,3.35569286,3.30474854,3.12976527,3.36455297,11.5986547,-12.0008421,-10.7737989,0.661902905,-16.5953083,-1.77334917,-1.17809343,0.465507805,0.038853921,-10.7737989,0.759810448,-0.000254631042,1
1312,13.270002,3.11130714,3.16077471,3.39408565,3.38965631,14.379138,-3.80427361,-10.7855167,0.561222553,-10.8736067,-10.1487331,-5.97771311,0.454855144,0.53420192,-10.7855167,0.650618553,-0.000254631042,1
1313,13.279977,3.19473791,3.15782142,3.40368414,3.37710452,-0.745085716,-15.3985624,-10.8196049,0.445736885,-13.572794,7.31096077,9.32406712,0.605057418,0.464959711,-10.8196049,0.542738914,-0.000254631042,1
1314,13.289973,3.2796452,3.34314132,3.09580207,3.36972117,3.55067968,-20.1490669,-10.7247963,0.325612307,-20.2261581,3.08135557,14.6290359,0.57203418,0.399978578,-10.7247963,0.433913231,-0.000254631042,1
1315,13.299995,3.00646472,3.47013378,3.38817954,3.38448763,10.6997032,-24.3374176,-10.8313227,0.225394964,-26.1131172,-4.98986006,9.90126705,0.513444662,0.468155503,-10.8313227,0.325240135,-0.000254631042,1
1316,13.309980,3.18366313,3.4376471,3.40811396,3.46644187,-3.471488,-8.27224636,-10.6534233,0.112659216,-7.82953739,4.37945604,19.7759342,0.378156096,0.413827032,-10.6534233,0.217116356,-0.000254631042,1
1317,13.319976,3.29810381,3.44503069,3.27373886,3.21467257,-1.75375319,-15.1076488,-10.6715336,0.0163953304,-15.0768661,2.00120187,8.48820591,0.252454907,0.258298397,-10.6715336,0.110152245,-0.000254631042,1
1318,13.329984,3.1533916,3.50409675,3.35421634,3.09875536,1.87061691,-23.5633106,-10.5990953,-0.0925993919,-23.2893887,-4.04143286,23.0092106,0.12994948,0.270016313,-10.5990953,0.00279140472,-0.000254631042,1
1319,13.339999,3.21171927,3.52255487,3.15486813,3.21762609,-2.76554322,-8.63475513,-10.5916386,-0.193582058,-9.00549221,1.05277395,10.471282,0.295065492,0.331801653,-10.5916386,-0.103898048,-0.000254631042,1
1320,13.349984,3.29662681,3.30622506,3.11721373,3.2301774,-9.46916771,-19.3486633,-10.6715336,-0.303500652,-21.2943363,3.25379705,4.35200691,0.249259099,0.15496774,-10.6715336,-0.210801125,-0.000254631042,1
1321,13.359997,3.37858129,3.19916797,3.34314132,3.11426044,-16.8479042,-15.6122055,-10.706687,-0.403225422,-20.9710102,9.37067699,15.2661114,0.0617725551,0.389325947,-10.706687,-0.318284035,-0.000254631042,1
1322,13.369983,3.2796452,3.15486813,3.34018803,3.20285964,-11.3236141,-9.40210056,-10.6970997,-0.508137226,-13.7236795,5.31830406,-2.47858882,-0.0628633872,0.191186741,-10.6970997,-0.425248146,-0.000254631042,1
1323,13.380001,3.37119794,3.32025337,3.1194284,3.30327201,-6.8474164,3.70520282,-10.6800556,-0.612874508,-0.907930374,7.73248386,-1.85827899,0.263107538,0.162424594,-10.6800556,-0.53242588,-0.000254631042,1
1324,13.389974,3.43912411,3.39260936,3.04190421,3.39408565,-8.37077427,-17.7633114,-10.5671377,-0.706643581,-18.9448223,-5.16709185,8.13374233,0.269499123,0.0175486337,-10.5671377,-0.639208794,-0.000254631042,1
1325,13.400000,3.26561713,3.47308707,3.21762609,3.06479263,-21.7636509,0.20380193,-10.6651421,-0.812077999,-15.6540661,15.1211185,4.52684355,0.508118391,0.299843729,-10.6651421,-0.745562553,-0.000254631042,1
1326,13.409984,3.3165617,3.55947113,3.25528049,3.12385869,-16.9677219,-12.5158987,-10.6054869,-0.920461178,-19.9842606,-0.523148954,2.08631825,0.486813068,0.440458626,-10.6054869,-0.85158062,-0.000254631042,1
1327,13.420003,3.37858129,3.51443291,2.97840834,3.28924346,-14.3988171,0.958226323,-10.5437012,-1.0320344,-14.7271929,13.4110746,10.2701006,0.577360511,0.647119939,-10.5437012,-0.957781792,-0.000254631042,1
1328,13.429977,3.34904814,3.63478065,3.15782142,3.26266384,-15.121439,-6.81892395,-10.5128088,-1.1137166,-18.355648,-1.36140585,16.1570587,0.79573971,0.528875589,-10.488308,-1.06325054,-0.000254631042,1
1329,13.439974,3.30474854,3.54987288,3.14674664,3.21319604,-15.3319445,-4.84112978,-10.572464,-1.21598577,-14.346385,-0.00821970589,11.0676422,0.478290975,0.545919836,-10.6172047,-1.16902065,-0.000254631042,1
1330,13.449981,3.1533916,3.54544306,2.86839771,3.20876622,-20.1500816,-9.50448036,-10.5607462,-1.32220411,-14.9666948,4.949471,20.1184216,0.500661492,0.495852381,-10.5650072,-1.27433681,-0.000254631042,1
1331,13.459978,2.94887519,3.53658295,3.0278759,3.36012292,-11.5127544,-1.49696898,-10.6289225,-1.41806412,-21.0739956,9.79938602,18.7819996,0.664712191,0.218883619,-10.639575,-1.3803854,-0.000254631042,1
1332,13.469974,3.09432554,3.44207716,3.18735456,3.18883133,-21.8193932,10.9085217,-10.5351791,-1.52155542,-21.2560177,0.279182643,11.1754179,0.399461389,0.0111570461,-10.5085478,-1.48625088,-0.000254631042,1
1333,13.479983,3.25380397,3.29810381,3.1533916,3.18366313,-21.9278831,-4.29254532,-10.5021563,-1.62630033,-21.6559849,-5.50239468,12.9046221,0.58481735,0.113422439,-10.4361095,-1.59129238,-0.000254631042,1
1334,13.489981,3.05888581,3.26561713,3.23977566,3.32911325,-17.4686565,2.85021687,-10.5788555,-1.73773336,-17.6994133,-0.0920453891,22.6307983,0.303587586,-0.323335975,-10.639575,-1.69627285,-0.000254631042,1
1335,13.499979,2.95035172,3.39260936,3.35716963,3.24125242,-19.559906,10.941946,-10.563942,-1.84784985,-21.8068714,5.17460299,7.0104785,0.108644187,-0.0367798544,-10.5607462,-1.80213785,-0.000254631042,1
1336,13.509976,2.92008042,3.38448763,3.29810381,3.15486813,-6.82053423,16.8804569,-10.6140089,-1.9455514,-12.5261698,13.2122879,7.47511244,0.110774718,-0.130523115,-10.6140089,-1.90818644,-0.000254631042,1
1337,13.520000,3.02049279,3.23682237,3.20285964,3.29219699,-12.1399755,10.7696714,-10.4840469,-2.05175352,-15.7450762,3.93158746,2.503052,0.00850933325,0.0676160604,-10.4840469,-2.01292276,-0.000254631042,1
1338,13.529976,3.17627978,3.17923307,3.51148009,3.22131753,-21.3000374,23.5224686,-10.6076174,-2.16642952,-30.8289108,7.52172232,11.0077667,-0.0159917492,0.179468825,-10.6076174,-2.11872721,-0.000254631042,1
1339,13.540001,3.24863577,3.29662681,3.56390095,3.0293529,-4.63699961,18.5780239,-10.6512928,-2.26847839,-15.4888096,11.2579527,-0.320676386,0.124623157,0.386130154,-10.6512928,-2.22535563,-0.000254631042,1
1340,13.549976,3.20728946,3.40368414,3.04042768,3.14822292,-13.3168144,9.10286045,-10.4158697,-2.39689541,-15.7187309,-3.62230444,14.9092531,0.204518005,0.178403556,-10.4158697,-2.33094645,-0.000254631042,1
1341,13.559998,3.2722621,3.23829889,2.81745338,3.26414061,-15.9412537,6.23063993,-10.5287876,-2.49801421,-14.549962,-9.01349354,9.29053688,0.187473774,-0.0453019701,-10.5287876,-2.43559122,-0.000254631042,1
1342,13.569983,3.29515028,3.31360841,2.92598701,3.08177376,-5.54382133,15.9637594,-10.5522232,-2.60795736,-16.5641727,3.34720278,5.06093264,0.299326539,0.202904642,-10.5522232,-2.54237223,-0.000254631042,1
1343,13.580000,3.34609485,3.28259873,2.97397852,3.17037296,0.444535792,15.2081156,-10.555419,-2.7280736,-13.7476301,6.51820898,22.8750896,0.39200455,0.382934362,-10.555419,-2.64808512,-0.000254631042,1
1344,13.589974,3.44355392,3.37710452,2.9289403,3.2722621,-3.75661325,12.9019747,-10.5255919,-2.83427382,-13.4338827,0.322292984,-2.30375266,0.470834106,0.140054047,-10.5255919,-2.75404215,-0.000254631042,1
1345,13.600003,3.49745154,3.38153458,3.00941801,3.14822292,-4.30267477,16.9855137,-10.4691334,-2.93375278,-17.5078106,-0.705170453,6.15066671,0.371764511,0.291321605,-10.4691334,-2.85932779,-0.000254631042,1
1346,13.609977,3.53436804,3.29810381,2.92598701,3.08177376,3.4847815,27.5879574,-10.5117435,-3.04469728,-27.1214199,6.1374011,5.10164785,0.546467841,0.602378845,-10.5117435,-2.96467447,-0.000254631042,1
1347,13.619995,3.35421634,3.27669215,2.80563998,3.12385869,-5.75365448,11.0618801,-10.6619463,3.12940955,-10.990963,-5.88799286,15.1272001,0.503857315,0.651381016,-10.6619463,-3.07111979,-0.000254631042,1
1348,13.629982,3.3726747,3.2722621,3.03082943,3.12385869,4.63667059,8.60783958,-10.5319834,3.02285075,-9.0965023,3.58430982,-1.36011493,0.330219209,0.723818958,-10.5319834,3.10571194,-0.000254631042,1
1349,13.639979,3.45093727,3.2301774,3.14527011,2.97250175,6.1078167,15.1625605,-10.5223961,2.91675425,-16.1426506,2.5736115,2.27073479,0.211974844,0.668425202,-10.5223961,3.0002737,-0.000254631042,1
1350,13.649977,3.41697407,3.20433617,3.05076432,2.96585679,14.978632,22.7314014,-10.6651421,2.82547235,-26.2616081,7.16965437,7.17094469,0.156581104,0.762168527,-10.6651421,2.91549587,-0.000254631042,1
1351,13.659974,3.34609485,3.20285964,3.2840755,2.95035172,19.0661316,14.3645821,-10.6875124,2.70633078,-21.064415,11.2316074,18.3125763,0.118231572,0.567225099,-10.6875124,2.8075552,-0.000254631042,1
1352,13.669982,3.29072046,3.15929818,3.34904814,2.99243641,-3.08823252,17.5782299,-10.4243917,2.60177517,-13.4913635,-11.6839409,17.1174622,0.202387467,-0.122001007,-10.4243917,2.70159817,-0.000254631042,1
1353,13.679978,3.32763672,3.12976527,3.17184973,3.06036258,8.99831581,13.5768394,-10.6118784,2.50017715,-16.2624016,-0.913537145,13.4363165,0.249259099,-0.142241046,-10.6118784,2.595397,-0.000254631042,1
1354,13.689975,3.48046994,3.10023189,3.06479263,3.05593276,24.7974625,17.6704922,-10.6054869,2.40075183,-29.7751007,6.37211275,14.1188965,0.295065492,-0.282855928,-10.6054869,2.48937893,-0.000254631042,1
1355,13.699983,3.19030786,3.1194284,3.37119794,3.0869422,15.1652718,10.6906042,-10.6512928,2.29276466,-18.4466591,1.99880672,0.900783658,0.127818957,0.25403735,-10.6512928,2.38244534,-0.000254631042,1
1356,13.709979,3.1533916,3.08989549,3.33354306,3.09580207,11.226263,-1.32295227,-10.6459665,2.18665218,-8.39955235,7.56483269,5.30761957,0.296130747,0.177338302,-10.6459665,2.27581692,-0.000254631042,1
1357,13.720002,3.25823402,2.99538994,3.39999247,3.06996059,22.1776886,8.69534683,-10.5927038,2.07842875,-23.6079254,3.18194652,7.93016624,0.198126405,0.520353496,-10.5927038,2.16912746,-0.000254631042,1
1358,13.729976,3.36012292,2.93337035,3.28629041,3.0869422,14.1930857,2.74663758,-10.7599506,1.96658564,-14.1547832,2.9376545,10.8712502,0.243932784,0.396782786,-10.7599506,2.06234646,-0.000254631042,1
1359,13.739998,3.26118731,2.93706203,3.11278367,2.99095964,20.4529533,-4.22872162,-10.7940388,1.86036563,-18.3939686,9.89279079,14.7463923,0.309979171,0.510766089,-10.7940388,1.9542532,-0.000254631042,1
1360,13.749983,3.02344632,2.94887519,3.00794125,3.05593276,14.5813541,5.84648085,-10.6331835,1.75954247,-15.4193535,-3.0067842,25.4665012,0.311044455,0.282799482,-10.6331835,1.84640408,-0.000254631042,1
1361,13.760003,3.07882047,3.00941801,3.13419509,3.12238193,16.835083,-3.31134415,-10.6406403,1.65698743,-16.4875336,4.74828911,19.4478149,0.423962474,0.388260663,-10.6406403,1.74005032,-0.000254631042,1
1362,13.769977,3.15117645,2.93706203,3.24568224,3.20433617,14.4497614,-8.97131252,-10.5373096,1.5449369,-14.676898,8.59469128,8.85943413,0.35365501,0.109161377,-10.5373096,1.63427639,-0.000254631042,1
1363,13.780005,2.93189383,2.90088415,3.31213164,3.1209054,18.7894363,-0.813175142,-10.3945646,1.46083808,-18.7651958,-1.25362992,26.3502636,0.648733258,0.60877043,-10.3945646,1.52812099,-0.000254631042,1
1364,13.789998,2.9090054,2.93853855,3.35052466,3.29219699,10.9864979,0.424896628,-10.362607,1.35006833,-10.6269197,-2.81997275,22.8008442,0.611449003,-0.00482191984,-10.362607,1.42423916,-0.000254631042,1
1365,13.799997,2.96954846,2.91491222,3.65840697,3.36455297,22.1090965,-3.34848189,-10.2315788,1.24495721,-22.0176334,-3.90491676,-3.76231933,0.36643821,0.667359948,-10.2315788,1.31980801,-0.000254631042,1
1366,13.809982,2.95404363,2.84698606,3.16077471,3.2722621,-2.04216099,-17.0439396,-10.5192003,1.1342659,-5.3554821,16.3090496,7.99004173,0.57203418,0.802648544,-10.5192003,1.21534634,-0.000254631042,1
1367,13.819999,3.00794125,2.96954846,3.50040507,3.29515028,17.5894604,-6.63815594,-10.207078,1.03289413,-18.5065346,-3.31095171,1.88513672,0.590143681,0.597052515,-10.207078,1.11097622,-0.000254631042,1
1368,13.829997,3.07734394,2.99391294,3.58088231,3.55134964,16.2454166,-12.7751484,-10.3359747,0.934845448,-20.6572628,0.628855526,1.33188713,0.358981341,0.417022824,-10.3359747,1.0076437,-0.000254631042,1
1369,13.839983,3.08989549,2.90309906,3.14527011,3.29072046,6.34832525,-10.8849878,-10.5234613,0.817013264,-12.0783014,3.5914948,13.249505,0.249259099,0.241254166,-10.5234613,0.902998924,-0.000254631042,1
1370,13.850001,3.04042768,2.87799597,3.04042768,3.52550793,4.57098961,-12.5218849,-10.5319834,0.716525316,-12.4447393,4.77702951,16.8947239,0.0777515173,-0.0463672355,-10.5319834,0.79695034,-0.000254631042,1
1371,13.859975,3.07143736,2.87356591,3.29072046,3.71082807,2.76901269,-12.5767183,-10.5287876,0.60127449,-15.5415001,-0.422558129,1.81807613,0.110774718,-0.165676862,-10.5287876,0.691084862,-0.000254631042,1
1372,13.870001,3.02492261,2.91048217,3.48490024,3.44650745,-0.593261123,-8.39170265,-10.4861774,0.488236189,-10.442503,0.214517117,7.65952873,0.409048766,-0.512953043,-10.4861774,0.585646629,-0.000254631042,1
1373,13.879975,2.97693157,2.9459219,3.20581293,3.44355392,3.84523797,-15.3980074,-10.4020214,0.41019702,-15.682806,0.29594779,6.32071304,0.249259099,-0.505496204,-10.4062824,0.480086327,-0.000254631042,1
1374,13.889983,2.90752888,3.01089454,3.34609485,3.56094766,3.92502379,-27.822176,-10.488308,0.303734064,-24.8629169,0.9234429,3.16168237,0.169364274,-0.182721093,-10.4712639,0.37495327,-0.000254631042,1
1375,13.900001,2.81449986,3.01532435,3.41254401,3.25528049,-7.19589329,-16.5871868,-10.4180002,0.198064566,-12.6770563,7.12893915,16.3462658,0.255650699,0.0324623361,-10.4467621,0.269850731,-0.000254631042,1
1376,13.909977,2.66166615,3.14674664,3.11426044,3.2301774,1.67308998,-11.8743849,-10.3189306,0.087739706,-8.14567947,-0.53272903,11.0820122,0.16190742,-0.0687377825,-10.3732595,0.164992332,-0.000254631042,1
1377,13.919995,2.68160105,3.25971079,3.17184973,3.28776693,6.10782528,-26.9022999,-10.4094782,-0.0229606628,-21.3374481,4.43214655,15.0984602,-0.0628633872,0.396782786,-10.371129,0.0604696274,-0.000254631042,1
1378,13.929997,2.83295798,3.33501959,3.12681174,3.51295662,-9.61308098,-13.8075085,-10.278451,-0.103843212,-14.7295885,8.13005733,25.8736553,0.0670988783,0.625814676,-10.2539492,-0.0434122086,-0.000254631042,1
1379,13.939983,2.90088415,3.4154973,2.84698606,3.28776693,-3.58820343,-14.1869106,-10.2891035,-0.216697693,-14.6266022,0.45401907,9.88929176,0.0308798868,0.414892286,-10.3018866,-0.146805763,-0.000254631042,1
1380,13.949996,2.89645386,3.17332625,2.89793086,3.21319604,-2.51673841,-14.6762342,-10.4148045,-0.316959381,-14.7295885,-2.18289757,13.3309355,-0.0170570128,0.684404194,-10.3647375,-0.25117588,-0.000254631042,1
1381,13.959982,2.85953784,3.17775631,2.89645386,3.35716963,-21.7515812,-23.3798084,-10.2390356,-0.414336681,-30.1583042,10.4987307,25.0785084,-0.0479496866,1.01783192,-10.2677984,-0.354447365,-0.000254631042,1
1382,13.969979,2.85363102,3.34166479,2.86544442,3.29662681,-9.91984463,-15.762351,-10.2539492,-0.503737926,-18.5927544,1.07911921,4.05981445,-0.189629853,1.21810174,-10.2539492,-0.457230568,-0.000254631042,1
1383,13.979975,2.78349018,3.62296724,2.79899502,3.17184973,0.480726361,-10.5069971,-10.2901688,-0.612511158,-8.32051659,-6.43405724,4.16040564,0.176821128,0.918762386,-10.2901688,-0.560105324,-0.000254631042,1
1384,13.989984,2.83148122,3.76472592,2.89202428,2.75100398,-14.7763596,-15.2149792,-10.4371748,-0.704375744,-21.162611,1.40723693,10.1958551,0.500661492,0.77069062,-10.4371748,-0.664446831,-0.000254631042,1
1385,13.999980,2.94444537,3.5070498,2.80711651,2.98431468,-9.98120403,-4.6269269,-10.4701986,-0.812448978,-10.428133,3.50527406,7.36733627,0.780826032,0.41595754,-10.4701986,-0.769152641,-0.000254631042,1
1386,14.009977,2.88390255,3.74626756,2.76650858,3.26709366,-17.5128155,-3.2865119,-10.4020214,-0.896631718,-15.7331018,8.36476898,-1.30742443,0.971508384,0.390391201,-10.4020214,-0.873766899,-0.000254631042,1
1387,14.019974,2.80563998,3.96555042,2.93189383,3.33206654,-8.19799137,-7.77059507,-10.3658028,-1.0155015,-11.0628128,-2.28109336,10.7012043,0.608253181,0.0899866223,-10.3658028,-0.977374077,-0.000254631042,1
1388,14.029982,2.82409787,3.99508357,2.64173174,3.1039238,-18.7136402,-1.71231639,-10.341301,-1.11661291,-17.5676861,6.67149019,6.0404954,0.567773163,0.0899866223,-10.341301,-1.08049297,-0.000254631042,1
1389,14.039978,2.94149208,3.7263329,2.68012452,3.23682237,-11.2539091,-1.23842883,-10.4978952,-1.21620512,-10.983778,2.74605274,7.11585951,0.672169089,-0.059150409,-10.4978952,-1.18366909,-0.000254631042,1
1390,14.049994,3.02492261,3.46053529,2.75100398,3.33723497,-11.1906023,-4.58382225,-10.5777903,-1.3082118,-11.996871,-1.52187216,12.8160057,0.396265596,0.161359325,-10.5777903,-1.28880215,-0.000254631042,1
1391,14.059981,3.14527011,3.47751689,2.67864776,3.38965631,-30.5401096,18.033577,-10.3903036,-1.42315054,-27.5549183,22.3301296,19.2322636,0.337676048,-0.0346493237,-10.3903036,-1.39301968,-0.000254631042,1
1392,14.069999,3.17037296,3.7093513,2.68455458,3.12238193,-15.6668177,2.36924934,-10.2337093,-1.52486181,-15.5415001,3.08614564,23.1481228,0.39200455,0.0260707494,-10.2337093,-1.49577236,-0.000254631042,1
1393,14.079984,3.19473791,3.91608262,2.75764871,3.163728,-4.72268105,-5.12988615,-10.3391705,-1.63469028,-4.38549852,-5.42096376,-0.864345849,0.121427365,-0.239180103,-10.3391705,-1.59825039,-0.000254631042,1
1394,14.090002,3.38153458,3.56833076,2.71556401,3.00498796,-18.7800865,7.22268009,-10.3104086,-1.74056053,-19.7303886,3.94595766,0.713972092,0.0724252015,0.230601519,-10.3104086,-1.70146084,-0.000254631042,1
1395,14.099977,3.14674664,3.34018803,2.68455458,2.89054751,-21.1540451,6.11784363,-10.3434315,-1.84323072,-22.0200272,0.200147003,25.7586937,0.0500546433,0.334997445,-10.3434315,-1.80485392,-0.000254631042,1
1396,14.110001,3.12533522,3.46053529,2.73402262,2.89645386,-12.2031202,-3.4925406,-10.3466272,-1.94515085,-10.0808554,-7.71299744,8.95044422,-0.0149264848,0.177338302,-10.3466272,-1.88706827,-0.000254631042,1
1397,14.119975,3.26857042,3.80976343,2.8115468,2.89054751,-12.0992165,13.2562208,-10.1793814,-2.04895449,-16.8419952,6.20206642,4.23944092,-0.0170570128,0.118748762,-10.1793814,-1.99030924,-0.000254631042,1
1398,14.129998,3.52846146,3.99803686,2.79308844,2.85658431,-18.3016796,12.4343624,-10.2443619,-2.15083838,-22.1230145,0.370193392,-7.15845776,-0.0170570128,0.44152391,-10.2443619,-2.09239054,-0.000254631042,1
1399,14.139996,3.51590967,3.46053529,2.73919034,2.84550929,-2.65471816,20.0064106,-10.3966951,-2.27325726,-14.9523249,13.5547762,-0.929011345,-0.110800289,0.581073523,-10.3966951,-2.19538736,-0.000254631042,1
1400,14.149982,3.59638739,3.53658295,2.64173174,2.56716061,-0.551485002,4.84673929,-10.291234,-2.37399244,-3.87056947,2.96878958,9.9755125,-0.208804607,0.728080034,-10.291234,-2.29908609,-0.000254631042,1
1401,14.159980,3.57202268,3.66579008,2.67864776,2.37150407,-6.23308706,19.1373005,-10.3093433,-2.48621011,-18.9711685,6.72178555,13.4219465,-0.128909782,0.928349733,-10.3093433,-2.4025712,-0.000254631042,1
1402,14.169977,3.66431355,3.93011045,2.71704102,2.40399075,0.549102426,10.61446,-10.3508883,-2.59224319,-8.76599026,6.01046515,4.68012476,0.0958610177,0.934741318,-10.3508883,-2.5053544,-0.000254631042,1
1403,14.179974,3.80533361,3.86809182,2.78053665,2.41285014,-10.7413368,19.3043823,-10.3519535,-2.69778013,-22.0463734,-1.4117012,0.558295846,0.406918257,0.583204091,-10.3519535,-2.60893106,-0.000254631042,1
1404,14.189983,3.66726637,3.65840697,2.91638875,2.55977726,4.10503244,24.2493286,-10.3604765,-2.79016995,-21.3542118,12.2015905,16.2552547,0.851133466,0.392521739,-10.3604765,-2.71336222,-0.000254631042,1
1405,14.199979,3.27521539,3.48342323,2.91491222,2.86544442,-5.64594126,7.19015026,-10.2486229,-2.91493583,-8.27501106,-3.88575649,9.97072315,0.630623758,0.403174371,-10.2486229,-2.81666422,-0.000254631042,1
1406,14.209976,3.39999247,3.47899342,2.83000445,2.73623729,3.20065522,13.3399611,-10.3295832,-3.02121711,-12.8590775,4.77942467,15.7427206,0.920375705,0.260428935,-10.3295832,-2.92024088,-0.000254631042,1
1407,14.219973,3.49302149,3.45905876,2.84993958,2.65280652,-10.5326614,11.4417667,-10.2411661,-3.12697458,-11.5945072,-10.3642845,13.2471094,0.984291553,-0.00162612647,-10.2411661,-3.02351236,-0.000254631042,1
1408,14.229981,3.28776693,3.26561713,2.92155695,2.60924506,12.9498596,24.5506744,-10.1719246,3.0536294,-25.5933971,10.7430229,10.2820749,1.08229589,0.274277389,-10.1719246,-3.1261735,-0.000254631042,1
1409,14.259997,3.18735456,3.06036258,3.29072046,2.83960271,11.6362734,9.46305561,-10.2369051,2.76071215,-13.1105547,7.28461552,14.8565626,0.426093012,0.0782687142,-10.2369051,2.85134792,-0.000254631042,1
1410,14.269995,3.28776693,2.96585679,3.05593276,2.92451048,9.44054508,9.4086237,-9.96526337,2.66372776,-12.6962166,4.0561285,-1.11582291,0.102252603,0.103835061,-9.96526337,2.74941921,-0.000254631042,1
1411,14.279981,3.4051609,2.86839771,3.35569286,2.86396766,15.2724686,13.0554762,-10.1037474,2.55563498,-19.3232365,5.50511599,5.32438469,-0.00107804674,0.29771319,-10.1037474,2.64880276,-0.000254631042,1
1412,14.290036,3.40959072,2.82409787,3.58383584,2.63065672,18.6466351,7.31002092,-10.224122,2.46777987,-17.3473454,10.0101471,14.3919287,0.00850933325,0.431936532,-10.224122,2.54605007,-0.000254631042,1
1413,14.299976,3.66136026,2.74362063,3.54987288,2.55239415,14.8105345,7.03965139,-10.1154652,2.34958124,-15.4864149,5.39254999,7.08232927,-0.300417364,0.304104775,-10.1154652,2.44393826,-0.000254631042,1
1414,14.309973,3.59491062,2.74805045,3.43912411,2.49628115,14.6209688,11.9376402,-10.127183,2.25658917,-18.8753681,0.0205205306,10.6628838,-0.256741524,0.298778474,-10.127183,2.34216213,-0.000254631042,1
1415,14.319994,3.45758224,2.7111342,3.39260936,2.56125402,5.24380636,1.67752314,-10.291234,2.16393661,-11.110714,5.46679544,3.71253681,-0.0522107445,0.234862581,-10.291234,2.23977566,-0.000254631042,1
1416,14.329998,3.53289127,2.7775836,3.47161031,2.64763808,15.462451,-3.16930056,-10.211339,2.08159089,-17.0982628,6.7002306,-4.60536623,0.243932784,0.350976408,-10.1953602,2.13683987,-0.000254631042,1
1417,14.339984,3.44946027,2.70005894,3.43543243,2.77610683,8.51903152,9.97179413,-10.2358398,1.97717786,-6.52904177,3.07177544,0.239758223,0.119296834,0.218883619,-10.3189306,2.03436184,-0.000254631042,1
1418,14.349981,3.34461784,2.66978765,3.26118731,2.87356591,19.8627014,0.75666976,-10.2741899,1.87823153,-13.3955622,5.74461794,9.87731743,0.301457077,0.343519568,-10.2092085,1.93127346,-0.000254631042,1
1419,14.359977,3.36972117,2.58931017,3.55799413,2.99095964,22.3320904,-7.76819849,-10.1921644,1.76741743,-13.1584558,14.3666878,9.53243446,0.575230002,0.340323776,-10.1687288,1.82870388,-0.000254631042,1
1420,14.369974,3.0869422,2.56716061,3.84372687,3.17627978,15.209074,2.05743551,-10.1325092,1.67444253,-15.3403187,0.624065459,2.00009775,0.494269937,0.311561644,-10.1527491,1.72650051,-0.000254631042,1
1421,14.379997,3.07439065,2.68307781,3.34461784,3.32025337,17.5562782,-0.297786772,-10.1143999,1.57260132,-17.5557117,0.329478055,17.280323,0.427158266,0.329671144,-10.0909643,1.62420559,-0.000254631042,1
1422,14.389983,3.02639937,2.64763808,3.69089341,3.38817954,-0.547519743,-8.72852135,-10.1495533,1.47470975,-0.292410344,8.74078751,10.8281403,0.610383749,0.157098278,-10.1612711,1.52253628,-0.000254631042,1
1423,14.399997,2.8861177,2.76355505,4.06596279,3.06626892,13.9635382,4.53944206,-9.97272015,1.37499642,-12.8135729,-7.16932821,9.88689709,0.46657306,0.272146821,-9.96845913,1.42097378,-0.000254631042,1
1424,14.409984,2.76207876,2.71704102,3.64142537,3.16225147,9.377491,0.538020015,-9.95887089,1.28335762,-8.84023571,-3.17443562,13.4243412,0.159776896,0.240188897,-9.94182682,1.32047939,-0.000254631042,1
1425,14.420001,2.79751825,2.68307781,3.48711514,3.39408565,17.8371601,-15.5077391,-10.1889687,1.16323042,-22.5229816,7.16725922,9.27377224,0.363242418,0.582138836,-10.1889687,1.21958828,-0.000254631042,1
1426,14.430098,2.91638875,2.64911485,3.33058977,3.16668153,-9.35240746,-14.01408,-10.3732595,1.0478816,1.10388613,16.8120022,18.2862301,0.482552022,0.219948873,-10.3732595,1.11561489,-0.000254631042,1
1427,14.439981,3.06479263,2.68307781,3.39999247,3.12976527,6.46962595,-17.6028118,-9.96845913,0.953937769,-15.4600697,10.616087,-2.76120114,0.401591927,-0.0250619445,-9.96845913,1.0142355,-0.000254631042,1
1428,14.449995,3.03747416,2.85141611,3.59786391,3.35716963,17.2217445,-8.50914383,-10.1463575,0.857361794,-18.5903606,-4.83657932,11.1299124,0.384547681,0.218883619,-10.1463575,0.913435936,-0.000254631042,1
1429,14.459980,2.95552015,2.83664966,3.04338098,3.39703918,3.7262404,-5.54125309,-10.3104086,0.750680208,-6.59370708,1.05516899,9.62344456,0.113970511,0.0665507987,-10.3104086,0.810042381,-0.000254631042,1
1430,14.469998,2.84698606,2.83000445,3.33058977,3.33354306,10.5939493,-12.8037357,-10.1793814,0.654844522,-16.6072845,-0.604579628,8.95523453,0.0127703911,0.0857255608,-10.1793814,0.707472801,-0.000254631042,1
1431,14.479983,2.82114482,2.84403276,3.5565176,3.56685448,6.66123867,-13.8072805,-10.2315788,0.540958405,-15.2660723,1.40005183,11.2185278,-0.057537064,0.242319435,-10.2315788,0.605025291,-0.000254631042,1
1432,14.489979,2.70005894,2.91195869,3.29810381,3.44650745,3.4325521,-18.5053997,-10.2273178,0.4313519,-18.2454777,4.618958,11.364624,0.0362062082,0.451111287,-10.2273178,0.501784325,-0.000254631042,1
1433,14.499976,2.68455458,3.05297923,3.31065512,3.21614957,9.6524601,-11.0390015,-10.2315788,0.326426506,-13.551239,-5.60298538,7.5541482,0.151254773,0.301974267,-10.2315788,0.399153709,-0.000254631042,1
1434,14.509984,2.73254561,3.19473791,3.08325028,3.57645273,1.71209216,-8.35909748,-10.2283831,0.231659889,-8.52888298,0.252837449,9.19952679,0.205583259,0.368020654,-10.2283831,0.296126366,-0.000254631042,1
1435,14.519982,2.73254561,3.32468343,2.94887519,3.65397668,-4.15471125,-25.4047699,-10.2347746,0.12440896,-24.6928692,7.27503538,3.20718765,0.338741332,0.482003957,-10.2347746,0.193312645,-0.000254631042,1
1436,14.529978,2.64320827,3.38670278,3.01237154,3.41106725,-5.65899897,-5.15447044,-10.2049475,0.0238959789,-5.01778412,5.78054285,4.91244125,0.598665833,0.448980749,-10.2049475,0.0907430649,-0.000254631042,1
1437,14.539975,2.63360977,3.31803799,2.92746377,3.66136026,-6.65977812,-12.3789358,-10.1186609,-0.0727629662,-12.8303375,5.74222279,17.8910522,0.469768852,0.568290353,-10.1186609,-0.0113687515,-0.000254631042,1
1438,14.549984,2.63065672,3.38965631,2.68676925,3.69827652,-10.4401522,-19.4133606,-10.135705,-0.175422192,-20.937479,6.89183235,6.8021121,0.535815239,0.370151192,-10.135705,-0.113358498,-0.000254631042,1
1439,14.559981,2.68160105,3.34757137,2.81449986,3.55799413,3.22902322,-13.3102274,-10.085638,-0.271943092,-11.9537601,-6.685534,13.249505,0.744607031,0.589595675,-10.085638,-0.19447422,-0.000254631042,1
1440,14.580002,2.66609621,3.46791887,2.86396766,3.48342323,-0.884704649,-11.5483551,-10.05581,-0.469560146,-10.6987705,-4.43661118,3.85144806,0.611449003,0.173077241,-10.05581,-0.398270607,-0.000254631042,1
1441,14.589976,2.68972278,3.58088231,2.70375085,3.51000309,-10.3658772,-13.8559074,-10.081377,-0.560744762,-17.2467537,1.40963185,12.5812941,0.513444662,0.295582682,-10.081377,-0.498948097,-0.000254631042,1
1442,14.599997,2.68012452,3.65988326,2.86396766,3.76324916,-9.39451885,-13.5206928,-10.2763205,-0.664362431,-16.4372368,-0.939882338,15.9774323,0.34832871,0.00902651716,-10.2763205,-0.600634575,-0.000254631042,1
1443,14.609983,2.74657369,3.66579008,2.83443451,3.42214251,-13.8318768,-2.52773261,-10.2944298,-0.769130707,-11.4364367,8.18035316,2.35695553,0.338741332,0.116618231,-10.2944298,-0.703509331,-0.000254631042,1
1444,14.619998,2.77315354,3.48711514,2.72220898,3.53805971,-13.8153915,-0.768717766,-10.3168001,-0.866033077,-11.0220976,8.36476898,-1.57327163,0.367503464,0.0399191864,-10.3168001,-0.806109428,-0.000254631042,1
1445,14.629984,2.85806108,3.42657232,2.65059137,3.58531237,-7.44113207,-10.3323784,-10.4393053,-0.965829372,-11.996871,-4.26656485,15.5606985,0.119296834,0.0963782072,-10.4393053,-0.908831596,-0.000254631042,1
1446,14.640000,2.94001555,3.71673489,2.48225331,3.29072046,-18.2857971,2.13553452,-10.412674,-1.06124878,-14.9211903,10.7837381,16.8731689,0.170429543,0.0196791627,-10.412674,-1.01320171,-0.000254631042,1
1447,14.649975,2.99538994,3.85627818,2.58931017,3.24420571,-19.0824585,-5.64135313,-10.2997561,-1.16275358,-19.7543392,2.39398503,5.45850563,0.0447283238,-0.023996681,-10.2997561,-1.1161375,-0.000254631042,1
1448,14.659995,3.11573696,3.74774432,2.68160105,3.08989549,-34.1856422,10.9822321,-10.4116087,-1.27057028,-29.4086628,20.6009254,7.45834732,-0.0149264848,0.303039521,-10.4116087,-1.21922207,-0.000254631042,1
1449,14.669996,3.20285964,3.41697407,2.5553472,2.99095964,-15.2890587,3.18774867,-10.278451,-1.38545942,-14.4397907,5.95058918,10.6509085,0.0639030859,0.296647936,-10.278451,-1.32295132,-0.000254631042,1
1450,14.679981,3.34461784,3.58235908,2.54870248,3.01089454,-14.4655037,0.614482939,-10.2528839,-1.47926283,-14.3487797,1.93414116,13.6255226,0.16084215,0.3541722,-10.2528839,-1.42533779,-0.000254631042,1
1451,14.689978,3.30770206,3.67686486,2.54131913,3.00941801,-20.1190186,4.93412924,-10.4105434,-1.58880377,-20.2046032,4.5710578,5.11362314,-0.0202528071,0.19864358,-10.4105434,-1.52805996,-0.000254631042,1
1452,14.699974,3.52403164,3.94118571,2.58266521,2.9090054,-18.3763485,6.38419247,-10.291234,-1.70480585,-19.0645733,3.87171197,9.39112854,0.317436039,0.6215536,-10.291234,-1.63166714,-0.000254631042,1
1453,14.709982,3.35200119,3.80533361,2.5752821,2.90752888,-9.85148621,1.31759071,-10.202817,-1.79119825,-9.9012289,-0.8680318,2.5413723,0.363242418,0.230601519,-10.202817,-1.73387003,-0.000254631042,1
1454,14.719978,3.45610571,3.55799413,2.56273055,2.87356591,-15.1262579,26.6196079,-10.3274527,-1.90358305,-22.9924068,20.2177219,22.5062561,0.36643821,0.437262833,-10.3274527,-1.837111,-0.000254631042,1
1455,14.729976,3.33501959,3.44355392,2.64763808,2.88759422,-10.9309845,-10.4215202,-10.3082781,-2.01501608,-5.39140749,-14.1077003,8.83787823,0.240736991,0.620488346,-10.3082781,-1.93943644,-0.000254631042,1
1456,14.739973,3.35716963,3.59638739,2.64616156,2.89202428,-7.560184,12.4774847,-10.3317137,-2.120049,-12.9620638,6.69544029,-2.60073495,0.315305501,0.717427373,-10.3317137,-2.04237223,-0.000254631042,1
1457,14.749981,3.48859167,3.69679976,2.63582492,2.87061262,-6.32179213,15.6438951,-10.2432966,-2.22408056,-14.5284061,8.58032131,12.2867069,0.16723375,0.532071352,-10.2432966,-2.14543009,-0.000254631042,1
1458,14.759978,3.58383584,3.72485614,2.63065672,2.66166615,-6.53945303,12.7584066,-10.2624722,-2.33079696,-16.5474091,1.87426567,14.3512135,0.346198171,0.721688449,-10.2624722,-2.24812174,-0.000254631042,1
1459,14.770002,3.36159945,3.50188184,2.73919034,2.62179661,-9.76201534,0.690178275,-10.2667332,-2.4195683,-5.94465685,5.20094824,4.30171156,0.267368615,0.506505013,-10.2741899,-2.35148478,-0.000254631042,1
1460,14.779976,3.45093727,3.52550793,2.88242602,2.61367512,-2.26305103,28.9250813,-10.2709942,-2.52685165,-12.1214123,6.34097767,6.36861324,0.271629661,0.00370019581,-10.2219915,-2.45420694,-0.000254631042,1
1461,14.789997,3.55134964,3.52846146,3.04042768,2.56568408,-4.9481473,13.4348116,-10.2209263,-2.63578296,-17.8239536,1.62278867,5.52077627,0.434615135,-0.0186703578,-10.2422314,-2.55711222,-0.000254631042,1
1462,14.799983,3.59491062,3.32911325,3.28112221,2.59226346,-7.74742603,16.5922985,-10.3444967,-2.73999643,-15.2229624,-1.04047322,7.20687008,0.565642595,0.26149419,-10.362607,-2.66078043,-0.000254631042,1
1463,14.809998,3.63478065,3.31065512,3.2796452,2.68972278,1.61695766,13.0187969,-10.2976255,-2.8427527,-15.0385456,7.87139511,5.36509991,0.371764511,0.103835061,-10.2486229,-2.76481485,-0.000254631042,1
1464,14.819984,3.47899342,3.21171927,2.82852769,2.65575981,-8.09222221,10.7553291,-10.2922993,-2.94952846,-17.6994133,1.84792054,3.89216328,0.239671722,0.256167859,-10.3423662,-2.86793375,-0.000254631042,1
1465,14.830054,3.46201205,3.19916797,2.77315354,2.66314292,11.2543478,10.1974354,-10.4989605,-3.05058599,-2.66347957,10.6615925,17.5701199,0.431419343,0.196513057,-10.4510231,-2.97239542,-0.000254631042,1
1466,14.839973,3.62887383,3.04485774,3.06331611,2.7081809,-2.54341984,19.0249958,-10.1996212,3.13032055,-18.9951191,-2.75770235,14.1667976,0.578425765,0.107030854,-10.1921644,-3.07655191,-0.000254631042,1
1467,14.850001,3.56094766,3.03230596,3.29958034,2.6742177,4.00720549,19.3922272,-10.2422314,3.0408783,-19.6968594,2.03712702,11.0796165,0.622101605,0.433001786,-10.3168001,3.10381985,-0.000254631042,1
1468,14.859975,3.47603989,3.02049279,3.28112221,2.65280652,14.0993643,1.74506164,-10.3423662,2.92690015,-4.70882654,13.4038897,15.4625025,0.643406928,0.450046003,-10.3423662,2.99993801,-0.000254631042,1
1469,14.869999,3.37710452,2.97693157,3.12238193,2.64616156,-1.52370656,4.60117006,-10.2049475,2.83799839,-3.93523502,-2.82955289,5.84410381,0.510248899,0.0601592101,-10.2049475,2.89733791,-0.000254631042,1
1470,14.879974,3.44798398,2.94296861,3.09432554,2.79161167,11.37642,14.5242319,-10.1112041,2.73824096,-17.8239536,4.76265955,13.8722095,0.372829795,0.246580482,-10.1112041,2.79519558,-0.000254631042,1
1471,14.889997,3.14969993,2.88907099,3.34609485,2.89497733,3.80845737,15.9958649,-10.3402357,2.6310184,-15.816927,-4.49409151,10.3036308,0.37922138,0.391456455,-10.3402357,2.69253445,-0.000254631042,1
1472,14.899996,3.26561713,2.84255624,3.82231498,2.87504268,15.0804834,-9.52542591,-10.2443619,2.53510571,-0.769019246,17.8203068,20.2046432,0.288673878,0.617292523,-10.2443619,2.58917141,-0.000254631042,1
1473,14.909983,3.21762609,2.79899502,3.38817954,2.56937575,8.50328636,10.0764532,-10.0675287,2.4213295,-13.1824055,-0.254906714,7.14938974,0.0511199087,0.356302738,-10.0675287,2.48702908,-0.000254631042,1
1474,14.920002,3.22279429,2.81597662,3.5565176,2.59226346,19.7540932,15.5459843,-10.2699289,2.3256526,-25.0401478,2.21196342,15.7666702,0.0841431096,0.44152391,-10.2699289,2.38470364,-0.000254631042,1
1475,14.929977,3.25011253,2.75321889,3.80976343,2.73106909,20.2156239,12.3650942,-10.2656679,2.22266817,-23.5720005,2.43470025,9.71685123,0.0436630584,0.309431106,-10.2656679,2.28121853,-0.000254631042,1
1476,14.939994,3.03525949,2.7945652,3.77284765,2.86249113,5.03601027,4.95414877,-10.1559448,2.11382365,-6.87152958,-1.63922811,8.35887432,0.244998053,0.289191067,-10.1559448,2.1785574,-0.000254631042,1
1477,14.949980,3.14969993,2.73771405,3.56537747,2.86101437,26.1576481,2.09731531,-10.1420965,2.02084851,-24.4653435,9.49042797,2.29468513,0.377090842,0.0303318072,-10.1420965,2.07650661,-0.000254631042,1
1478,14.960004,3.11573696,2.68012452,3.56833076,3.00351119,10.1203957,-0.657393038,-10.2880383,1.91738653,-9.29528904,4.0561285,9.67613506,0.272694916,0.104900323,-10.2880383,1.97381496,-0.000254631042,1
1479,14.969979,3.06183934,2.58118868,3.58531237,3.01089454,16.3343754,-0.253537834,-10.1378355,1.81391525,-15.7929773,4.17827463,7.45595217,0.240736991,-0.00482191984,-10.1378355,1.87164211,-0.000254631042,1
1480,14.979999,3.02049279,2.59521699,3.96555042,3.25675726,18.7701626,-0.853468835,-10.1122694,1.72522211,-18.4155235,3.73040581,-8.05898476,0.328088671,0.196513057,-10.1122694,1.76937771,-0.000254631042,1
1481,14.989973,2.86249113,2.67864776,3.81862378,3.32320666,10.6258774,-1.36576068,-10.219861,1.60702348,-10.5694389,1.74972475,17.2563725,0.283347577,0.319018483,-10.219861,1.66729641,-0.000254631042,1
1482,14.999995,2.79751825,2.7406671,3.39260936,3.35569286,11.703455,1.27624357,-10.2294483,1.51729369,-11.6184578,-1.90028524,7.8918457,0.131014749,0.15496774,-10.2294483,1.56471157,-0.000254631042,1
1483,15.009980,2.85806108,2.78053665,3.71673489,2.97693157,8.41725254,-10.1379652,-10.1335745,1.40660977,-9.96110439,8.62582588,25.5742779,0.381351888,0.278538436,-10.1335745,1.48255825,-0.000254631042,1
1484,15.019978,2.70965743,2.75764871,3.74036121,3.20285964,14.2621317,-11.6155796,-10.1207914,1.30745316,-16.794096,7.50256205,13.7021637,0.432484597,-0.071933575,-10.1207914,1.38105679,-0.000254631042,1
1485,15.029974,2.71925592,2.81449986,3.63182712,3.57202268,27.1613369,-1.23701036,-10.1389008,1.20581245,-25.8137398,-8.53927898,7.95411634,0.137406334,0.409565955,-10.1389008,1.27912807,-0.000254631042,1
1486,15.039983,2.71408749,2.79308844,3.21762609,3.36012292,4.51367188,-12.4267349,-10.3881731,1.0941453,-9.71202278,8.97070885,1.23608637,0.341937125,0.285995275,-10.3881731,1.17668056,-0.000254631042,1
1487,15.049980,2.71704102,2.77610683,3.37710452,3.11426044,5.10678911,-4.48595524,-10.3998909,0.995555878,-6.72543335,0.985713422,10.674859,0.493204653,0.457502872,-10.3998909,1.07255459,-0.000254631042,1
1488,15.059977,2.72073245,3.04633451,3.61779904,3.39408565,12.0897779,-1.48533273,-10.2592754,0.884156704,-10.2916164,-6.51548767,8.3828249,0.336610794,0.610900939,-10.2592754,0.968367577,-0.000254631042,1
1489,15.069974,2.72663903,3.13419509,3.34314132,3.52550793,1.24043286,-12.8711777,-10.2603407,0.786046743,-9.97307968,8.23064804,11.026926,0.229019076,0.3541722,-10.2603407,0.865553856,-0.000254631042,1
1490,15.079983,2.68160105,3.14674664,3.14379334,3.34757137,8.65705299,-13.1492081,-10.1740551,0.679689407,-15.6684361,1.53177786,-7.39077425,0.171494797,0.345650107,-10.1740551,0.762129784,-0.000254631042,1
1491,15.089980,2.59964681,3.12976527,3.28924346,3.55134964,0.918041348,-12.2261696,-10.1676636,0.573899746,-10.765831,5.86676359,14.0015411,0.217301175,0.324344814,-10.1676636,0.660567284,-0.000254631042,1
1492,15.109999,2.48225331,3.24420571,2.80268669,3.60746217,-2.88366175,-11.1216125,-10.1644678,0.371750116,-9.31444931,6.72657585,4.16519547,0.0106398622,0.136858255,-10.1644678,0.456160545,-0.000254631042,1
1493,15.119984,2.46896338,3.31508517,3.06036258,3.52698469,3.07781935,-2.35431051,-10.2251873,0.269925594,-3.08979321,-2.33857393,3.06827664,0.256715953,0.123009816,-10.2251873,0.35453701,-0.000254631042,1
1494,15.130000,2.45788836,3.3726747,3.29810381,3.69089341,-30.8025837,-13.070776,-10.1175957,0.17300272,-7.57327032,32.5927887,0.979819298,0.417570889,-0.0953693986,-10.1175957,0.251997948,-0.000254631042,1
1495,15.139973,2.42540193,3.27669215,2.86692119,3.74626756,-1.07640946,-14.5359087,-9.93969631,0.0709519386,-14.4230261,2.10418749,5.27169418,0.383482426,0.250841558,-9.93969631,0.151076317,-0.000254631042,1
1496,15.149994,2.44681334,3.27373886,2.91491222,3.8452034,-24.1214619,-13.70226,-10.2124043,-0.0247955322,-14.2960901,23.7743263,3.62392116,0.575230002,0.296647936,-10.2124043,0.0510702133,-0.000254631042,1
1497,15.159979,2.2489419,3.49597502,3.1533916,3.32763672,-3.05525327,-5.34041452,-10.1303787,-0.124640942,-5.67880964,2.36763978,13.6039677,0.527293146,0.761103213,-10.1303787,-0.0514688492,-0.000254631042,1
1498,15.169996,2.1795392,3.67243505,2.68676925,3.21984124,-2.37041807,-9.13282871,-10.0739202,-0.206062794,-9.42462063,0.451624036,17.0001049,0.694539607,0.377608031,-10.0739202,-0.15339756,-0.000254631042,1
1499,15.179981,2.34049416,3.51738644,2.71408749,3.51443291,-5.48436069,-13.1544228,-10.2262526,-0.320397854,-14.2122641,1.06235409,6.59614038,0.504922569,0.556572437,-10.2262526,-0.254136086,-0.000254631042,1
1500,15.189998,2.48225331,3.50188184,2.51326275,3.73076272,-12.1512861,1.12062418,-10.2283831,-0.419901371,-3.93044496,11.5525398,18.0467281,0.300391793,0.163489863,-10.2283831,-0.356492043,-0.000254631042,1
1501,15.199984,2.47191644,3.66726637,2.48889804,3.38670278,-13.6966639,-16.8799534,-9.94076157,-0.512107372,-21.4260635,3.6681354,0.120007247,0.124623157,-0.0144093009,-9.94076157,-0.457474709,-0.000254631042,1
1502,15.209980,2.81449986,3.79721236,2.49628115,3.49892831,-13.9077005,-5.22610807,-10.0909643,-0.613130093,-12.2770882,8.36716461,4.56037378,0.0607072897,0.126205608,-10.0909643,-0.55751133,-0.000254631042,1
1503,15.219976,2.91638875,3.59491062,2.46896338,3.62592053,-15.2673645,-5.46638966,-9.92478275,-0.721443653,-13.7236795,13.0997229,12.2531767,-0.0831034109,0.260428935,-9.92478275,-0.657946587,-0.000254631042,1
1504,15.229974,2.93706203,3.71525812,2.48225331,3.44798398,-11.6073933,-11.0358334,-9.89282513,-0.791408062,-12.3058281,10.7478132,10.6293535,0.102252603,-0.0250619445,-9.90773869,-0.757220268,-0.000254631042,1
1505,15.239982,2.99095964,3.80385685,2.59226346,3.09432554,-3.66019177,-19.7127838,-9.88962936,-0.884275436,-10.0449295,1.28269589,-2.58157468,-0.0426233634,-0.242375895,-9.97911167,-0.856432915,-0.000254631042,1
1506,15.249979,2.99686646,3.84372687,2.75617194,3.05740929,-8.44259644,-8.53055573,-9.9631319,-0.988337517,-21.0524406,8.53242016,-2.13370633,0.121427365,0.202904642,-9.94289207,-0.956713676,-0.000254631042,1
1507,15.259976,2.90309906,3.70492148,2.65871286,3.17775631,-7.78774023,6.35350466,-10.0323744,-1.08533144,-8.23669052,6.09429073,15.0026588,0.144863188,0.249776274,-10.0430269,-1.05610943,-0.000254631042,1
1508,15.269973,3.02196956,3.4376471,2.60333824,3.11130714,-16.1186275,-2.5067358,-9.93650055,-1.17672825,-16.5066929,0.956973195,-3.90362549,0.295065492,0.456437588,-9.9610014,-1.15608501,-0.000254631042,1
1509,15.279981,3.09284854,3.66579008,2.60333824,3.1194284,-15.5594397,-3.01877451,-9.95993614,-1.28449106,-15.7786064,1.49824762,0.309213787,0.376025587,0.736602128,-9.94821835,-1.25569057,-0.000254631042,1
1510,15.290004,3.22870064,3.91165304,2.55387068,2.98652959,-12.0392647,1.40324426,-9.9993515,-1.38041162,-11.5561876,3.65616035,12.04002,0.356850803,1.01996255,-10.0334396,-1.35511684,-0.000254631042,1
1511,15.299980,3.35716963,4.19590855,2.23565197,2.86249113,-18.9092312,-3.27308202,-10.0408964,-1.48955917,-19.1124744,-1.72784376,18.293417,0.380286634,0.479873419,-10.0803118,-1.45515347,-0.000254631042,1
1512,15.309976,3.44798398,3.78835201,2.18913746,2.83812642,-20.7885494,2.7723856,-10.0632677,-1.5895524,-20.8368893,2.38200998,12.3370018,0.420766681,0.461763918,-10.05581,-1.55598354,-0.000254631042,1
1513,15.319997,3.38448763,3.69827652,2.17510915,2.84255624,-13.9726648,-0.117135316,-10.1250525,-1.69364309,-13.8530111,-1.82843459,11.6616068,0.488943607,0.474547088,-10.1165304,-1.65614223,-0.000254631042,1
1514,15.329984,3.13641,3.97957873,2.20095062,2.75764871,-14.1672926,-0.297878534,-9.95354462,-1.79256487,-13.7548151,-3.40675259,21.7182961,0.439941436,0.370151192,-9.95354462,-1.75678873,-0.000254631042,1
1515,15.339981,3.30622506,4.16637516,2.46674824,2.73254561,-7.6516428,11.4175091,-10.0004168,-1.89731836,-10.9095316,8.35997963,16.0732327,0.498530984,0.0974434689,-10.0004168,-1.85639811,-0.000254631042,1
1516,15.350001,3.36602974,4.12207556,2.68160105,2.71261072,-7.99745035,13.1635237,-10.0536795,-2.01076603,-12.8423128,8.50368023,3.15928721,0.566707909,0.116618231,-10.0536795,-1.95744181,-0.000254631042,1
1517,15.359976,3.3217299,3.778754,2.68160105,2.66978765,-16.5118465,3.80262733,-9.95354462,-2.1123805,-16.1091194,-5.25331259,3.70056176,0.475095183,-0.0804556906,-9.95354462,-2.05699015,-0.000254631042,1
1518,15.369998,3.37562799,3.71525812,2.56273055,2.65428305,-10.76966,7.414042,-10.0835075,-2.21703005,-13.0626545,-0.566259325,-0.227270618,0.437810928,-0.0623462014,-10.0835075,-2.1574235,-0.000254631042,1
1519,15.379983,3.25158906,3.62444377,2.84403276,2.62622666,-17.1746006,11.2792101,-10.1325092,-2.32283902,-20.2477131,-3.49536824,7.2236352,0.427158266,0.320083737,-10.1325092,-2.25858927,-0.000254631042,1
1520,15.389996,3.41845083,3.51295662,2.84698606,2.55830073,-12.7498665,17.3037243,-10.2294483,-2.42865562,-21.4284573,1.67308402,4.35679722,0.480421484,0.562964022,-10.2294483,-2.36027384,-0.000254631042,1
1521,15.399983,3.62444377,3.25971079,2.57971191,2.49923444,1.40385735,11.8910618,-10.1090736,-2.53563261,-8.97435665,7.92648077,12.8184013,0.600796342,0.247645751,-10.1090736,-2.46290445,-0.000254631042,1
1522,15.410001,3.86809182,3.2796452,2.66609621,2.4564116,-7.08872986,13.6558838,-10.0131998,-2.64401555,-15.3834286,0.288762718,9.84857655,0.715844929,0.048441302,-10.0131998,-2.5638566,-0.000254631042,1
1523,15.419974,3.67391181,3.34166479,2.91195869,2.4224484,-22.4212799,17.4345303,-10.0590057,-2.74561357,-24.7335854,-13.9616041,7.39607668,0.454855144,0.402109116,-10.0590057,-2.66566324,-0.000254631042,1
1524,15.430000,3.45315218,3.36307645,2.78053665,2.43795347,-2.71806908,9.68568611,-10.1367702,-2.85762954,-10.0593004,0.104346216,13.25669,0.346198171,0.405304909,-10.1367702,-2.76740885,-0.000254631042,1
1525,15.439973,3.36012292,3.48711514,2.90088415,2.49185157,-9.53133106,6.30754709,-10.202817,-2.95062947,-8.00197887,-8.16086674,10.6293535,0.0255535655,0.212492019,-10.202817,-2.86955118,-0.000254631042,1
1526,15.450000,3.38448763,3.41845083,3.07882047,2.46674824,10.5436583,18.3836117,-10.1570101,-3.04396129,-17.2683086,12.2854156,-0.490722775,-0.057537064,0.0633550063,-10.1570101,-2.97105265,-0.000254631042,1
1527,15.459974,3.54544306,3.06183934,3.12681174,2.44828987,8.61063385,12.4436016,-10.1058779,-3.12740612,-12.3201981,8.78629303,5.2405591,0.308913916,-0.059150409,-10.1058779,-3.07279825,-0.000254631042,1
1528,15.470004,3.5565176,2.80563998,3.16668153,2.44828987,0.508378386,17.3182602,-10.1026821,3.04578471,-17.2874699,-1.15064406,9.2881422,0.206648529,-0.142241046,-10.1026821,3.10919094,-0.000254631042,1
1529,15.479978,3.42509556,2.59521699,3.49597502,2.54574895,6.13111877,12.2557497,-10.1825771,2.95125079,-13.1943808,3.70166564,4.85735607,0.104383133,-0.0729988441,-10.1825771,3.02746487,-0.000254631042,1
1530,15.490000,3.59195733,2.64173174,3.862185,2.52433753,8.06954288,11.2571316,-10.0238523,2.85598469,-13.0746298,4.5710578,14.5284452,-0.0852339417,0.195447788,-10.0238523,2.92538357,-0.000254631042,1
1531,15.499975,3.73223901,2.78349018,3.45093727,2.5058794,2.79667473,5.03983641,-9.97591591,2.75560069,-5.72192001,0.693521023,16.4444618,0.0702946708,0.133662462,-9.97591591,2.82470608,-0.000254631042,1
1532,15.510003,3.73888421,2.79751825,3.4900682,2.56568408,16.0028,13.6042795,-10.1495533,2.64796042,-19.5627384,7.64626312,-2.21034694,0.35365501,0.146445632,-10.1495533,2.72460842,-0.000254631042,1
1533,15.519978,3.48194671,2.7406671,3.5070498,2.86249113,8.87776566,14.6008482,-10.1026821,2.55527282,-17.0743122,-0.683615267,6.16264153,0.267368615,0.332866937,-10.1026821,2.62280178,-0.000254631042,1
1534,15.529999,3.44355392,2.84107947,3.247159,2.83443451,12.0184774,9.90179729,-10.1175957,2.45535779,-15.2756529,3.02387524,16.0397034,0.367503464,0.380803823,-10.1175957,2.52105618,-0.000254631042,1
1535,15.539973,3.40146923,2.7281158,3.19030786,2.7281158,15.6849661,8.20424461,-10.1143999,2.35023904,-16.9234257,5.18897295,-0.787705183,0.231149614,0.267885774,-10.1143999,2.4204092,-0.000254631042,1
1536,15.549981,3.31065512,2.67126441,3.27669215,2.74657369,5.40108109,-0.582522511,-10.3050823,2.25545239,-3.81548405,3.86692214,4.28015661,0.251389623,0.525679767,-10.3050823,2.31869411,-0.000254631042,1
1537,15.559978,3.37119794,2.68307781,3.28112221,2.79751825,28.2173862,7.62615013,-10.1474228,2.14436841,-27.8399258,8.90604401,3.24071789,0.354720294,0.487330258,-10.1474228,2.21642971,-0.000254631042,1
1538,15.569975,3.27521539,2.72663903,3.3010571,2.82114482,-2.62169743,9.22763824,-10.1868382,2.0451591,-1.88270342,-9.4062767,13.8314943,0.226888552,0.536332428,-10.1868382,2.11486721,-0.000254631042,1
1539,15.579984,3.15634465,2.7081809,3.29515028,2.83295798,13.464695,2.98704219,-10.207078,1.95017862,-13.6135092,2.21196342,17.5581455,0.482552022,0.515027165,-10.207078,2.01315212,-0.000254631042,1
1540,15.589982,3.16077471,2.63065672,3.38448763,3.04042768,10.4622726,3.93739963,-10.1229219,1.84957576,-11.1418486,-0.906352103,23.6702366,0.232214868,0.169881448,-10.1229219,1.91113186,-0.000254631042,1
1541,15.599979,3.00794125,2.64173174,3.4154973,3.01827788,12.868,-0.598827422,-10.144227,1.7381618,-12.5884409,2.73407769,7.16375971,0.263107538,0.325410068,-10.144227,1.81014919,-0.000254631042,1
1542,15.609975,2.9629035,2.56937575,3.59638739,3.05076432,20.1888332,-1.26542151,-10.2283831,1.643296,-20.044136,2.7244978,6.37579823,0.266303331,0.54698509,-10.2283831,1.708251,-0.000254631042,1
1543,15.619979,2.91638875,2.64616156,3.42509556,3.17627978,11.9276772,-10.1355247,-10.2614069,1.53336239,-12.2986431,9.68202972,8.39000988,0.363242418,0.462829202,-10.2614069,1.60597134,-0.000254631042,1
1544,15.640004,2.77463007,2.63065672,3.8511095,3.27669215,9.6076231,7.87325001,-10.081377,1.33054972,-7.45830917,-9.93318176,-2.48337889,0.554989994,0.496917665,-10.081377,1.40193081,-0.000254631042,1
1545,15.649979,2.71556401,2.64320827,3.34757137,3.45315218,5.10843563,-9.41430473,-10.1293135,1.23233604,-7.94449806,7.18402433,13.2159748,0.44100672,0.410631239,-10.1293135,1.30030727,-0.000254631042,1
1546,15.659997,2.86249113,2.63730145,3.3726747,3.58752751,11.291791,-0.177131489,-10.1761856,1.11557746,-10.2197666,-4.80544424,6.15066671,0.488943607,0.0740076527,-10.1761856,1.19798183,-0.000254631042,1
1547,15.669982,2.81449986,2.62918019,3.48342323,3.55799413,10.2440996,-13.7699022,-10.0888338,1.02079058,-19.5723171,4.15192938,14.5691605,0.509183645,-0.118805215,-10.0888338,1.09644985,-0.000254631042,1
1548,15.679997,2.76650858,2.63730145,3.48342323,3.55799413,14.048193,-14.8419428,-10.1229219,0.916977644,-11.9345999,-2.77925754,11.4077349,0.264172822,-0.192308471,-10.1452923,0.995192528,-0.000254631042,1
1549,15.689982,2.48225331,2.68160105,3.44503069,3.74626756,9.60969162,-14.7290449,-10.219861,0.82567668,-12.7177715,-3.30137181,5.81536388,0.200256944,0.136858255,-10.2006865,0.8927145,-0.000254631042,1
1550,15.699996,2.36190581,2.76207876,3.29810381,3.55356455,12.2814054,-12.1374273,-10.148488,0.727942467,-17.2371731,-3.2343111,23.6127567,0.0394020006,0.0974434689,-10.1293135,0.790419579,-0.000254631042,1
1551,15.709982,2.4224484,2.76060224,3.10540032,3.35716963,6.85829401,-13.1041708,-10.1580753,0.624426842,-20.3387241,3.31606746,20.544735,0.191734821,0.164555117,-10.1729898,0.688612938,-0.000254631042,1
1552,15.719994,2.53024435,2.79751825,3.23165417,3.45610571,2.64426994,-20.9267273,-10.3061476,0.51915884,-7.66188574,8.25699329,3.43471456,0.246063307,0.0612244755,-10.3359747,0.586134911,-0.000254631042,1
1553,15.729979,2.4172802,2.90309906,3.43100238,3.59934068,-4.61748791,-14.8949385,-10.1708593,0.414954185,-13.2470713,2.01557183,14.5021,0.323827624,0.32860586,-10.0930948,0.482863426,-0.000254631042,1
1554,15.739977,2.36781263,3.07439065,3.41845083,3.53289127,0.983970582,-8.57559395,-10.085638,0.31722784,-8.45463753,1.74014461,17.2491875,0.222627491,0.29771319,-10.0984211,0.381422997,-0.000254631042,1
1555,15.749974,2.36633563,3.1209054,3.17627978,3.73740768,3.43318653,-16.8684788,-10.2049475,0.211993933,-17.2132244,0.192961946,-6.47348213,0.181082174,0.543789268,-10.2315788,0.279677391,-0.000254631042,1
1556,15.759983,2.25263333,3.11721373,3.18883133,3.49597502,-4.6793642,-4.35067225,-10.1804466,0.120233059,-3.75800371,5.167418,-2.48816895,0.151254773,0.591726184,-10.2273178,0.177199364,-0.000254631042,1
1557,15.769979,2.20759583,3.25528049,3.137887,3.44650745,-14.9903278,-18.2634201,-10.0994864,0.00850248337,-18.1353054,15.1450691,8.38043022,0.208779052,0.767494798,-10.0195913,0.0754842758,-0.000254631042,1
1558,15.779975,2.22310042,3.24863577,2.95035172,3.70492148,2.17907763,-15.8320093,-10.0451574,-0.0864863396,-15.58461,-3.53847861,2.58208752,-0.0788423568,0.931545556,-10.0451574,-0.0250711441,-0.000254631042,1
1559,15.789982,2.35083103,3.43100238,2.64616156,3.61041594,-21.2405872,-11.7053328,-10.2614069,-0.178719044,-15.2948132,18.8214245,16.4755955,0.316370755,0.767494798,-10.2614069,-0.126969337,-0.000254631042,1
1560,15.799979,2.52729082,3.38817954,2.66166615,3.47161031,-6.31982327,-10.6012716,-9.94502258,-0.277620792,-11.9274149,3.17236638,7.56372833,0.417570889,0.647119939,-9.94502258,-0.228043556,-0.000254631042,1
1561,15.810004,2.62327337,3.57792926,2.6742177,3.70787501,-0.501630008,-11.4729319,-9.89602089,-0.377594471,-10.8496561,-3.7636106,7.23800564,0.696670175,0.165620387,-9.89602089,-0.327591896,-0.000254631042,1
1562,15.819978,2.60112333,3.64880848,2.56568408,3.78023076,-23.4700546,-16.5328579,-10.0803118,-0.471518993,-25.3898201,13.3991003,20.0082512,0.45378989,-0.00908297859,-10.0803118,-0.427445412,-0.000254631042,1
1563,15.829995,2.59964681,3.75734234,2.43795347,3.51590967,-22.1026592,-6.56197882,-9.99295998,-0.569105625,-17.4383564,15.082799,7.55175304,0.756324947,-0.120935746,-9.99295998,-0.528092384,-0.000254631042,1
1564,15.839981,2.62622666,3.66579008,2.60629177,3.68572497,-2.5356133,0.502998888,-10.0387659,-0.673407078,-1.18814766,2.29578924,0.167907625,0.641276419,-0.0442367047,-10.0387659,-0.627947807,-0.000254631042,1
1565,15.850005,2.65575981,3.72928619,2.42540193,3.66431355,-14.6630201,-6.44737053,-9.89495564,-0.771404743,-14.8445492,6.01765013,16.8803539,0.623166919,-0.0208008867,-9.89495564,-0.72770977,-0.000254631042,1
1566,15.859978,2.65280652,3.82969856,2.48372984,3.23977566,-19.2580948,-9.49919224,-10.0217218,-0.863435268,-20.8105431,5.29435396,-7.079422,0.742476523,0.0867908299,-10.0217218,-0.827471733,-0.000254631042,1
1567,15.869997,2.5752821,3.74626756,2.68455458,3.34609485,-9.07868576,-15.3781843,-9.95780563,-0.969522953,-16.1857605,-7.54534626,-0.356601685,0.477225691,0.141119301,-9.95780563,-0.927844048,-0.000254631042,1
1568,15.879983,2.7406671,3.62592053,2.31686807,3.36455297,-5.68775606,-9.79527569,-10.0345049,-1.05499983,-9.77908325,-5.71555138,13.9847755,0.148058981,-0.00162612647,-10.0345049,-1.02824688,-0.000254631042,1
1569,15.889999,2.92746377,3.67834139,2.27404475,3.05593276,-10.5928898,-5.02345562,-10.0994864,-1.15605688,-11.7190485,-0.329152346,21.9745617,0.0884041637,0.0015696669,-10.0994864,-1.12855816,-0.000254631042,1
1570,15.899984,2.98948312,3.71525812,2.37445736,3.1039238,-14.7187939,8.59593391,-10.1602058,-1.2629385,-11.4220657,12.6518536,0.206227943,-0.171520352,0.0186138973,-10.1602058,-1.22944546,-0.000254631042,1
1571,15.910003,3.16520476,3.7263329,2.37002754,3.09727883,-15.4745464,-1.12701201,-9.97804642,-1.36750841,-15.3834286,2.0203619,11.8029127,-0.14275822,0.0164833684,-9.97804642,-1.32905483,-0.000254631042,1
1572,15.920003,3.19030786,3.57497573,2.37741089,2.91786551,-21.9481049,-4.34690428,-10.1016169,-1.46664667,-22.281086,-2.04159141,0.711577058,-0.2301099,0.246580482,-10.1016169,-1.42970181,-0.000254631042,1
1573,15.930003,3.23829889,3.5934341,2.5383656,2.83000445,-4.62758303,6.32869673,-10.0302439,-1.57228136,-4.63697577,6.3218174,15.7211647,0.0223577712,0.278538436,-10.0302439,-1.51087856,-0.000254631042,1
1574,15.939977,3.34609485,3.62149072,2.58635688,2.78718185,-18.0015068,0.0346940383,-9.8619318,-1.66524649,-17.9245453,-1.66317832,-6.02082348,-0.0777770877,0.55976826,-9.8619318,-1.61039639,-0.000254631042,1
1575,15.950001,3.52698469,3.59491062,2.5383656,2.70522761,-19.6164894,12.5907631,-10.1346397,-1.77404547,-21.7541809,8.37195396,-3.87967539,0.120362096,1.14459848,-10.1346397,-1.71018887,-0.000254631042,1
1576,15.959977,3.46348858,3.62444377,2.2880733,2.62179661,-3.99166393,5.04945612,-10.077116,-1.87397671,-5.31716156,3.62742019,12.3034716,0.143797919,0.978417158,-10.077116,-1.81135416,-0.000254631042,1
1577,15.970002,3.66726637,3.59195733,2.40989709,2.52876735,-9.86625957,2.39650822,-9.9492836,-1.98057032,-10.0042143,-1.73263383,11.4029446,0.405852973,0.803713799,-9.9492836,-1.9114213,-0.000254631042,1
1578,15.979977,3.55799413,3.60229397,2.56273055,2.4564116,-17.7242947,21.871521,-9.9119997,-2.08780909,-26.2184982,10.2520437,4.66814947,0.58481735,0.540593505,-9.9119997,-2.01118326,-0.000254631042,1
1579,15.990002,3.44060063,3.46791887,2.48594475,2.61662841,-9.43516159,20.3253689,-10.1207914,-2.19686174,-19.5555534,10.9418097,12.2340164,0.706257522,0.760037959,-10.1207914,-2.11170816,-0.000254631042,1
1580,15.999976,3.42804885,3.41402078,2.54722595,2.47191644,-3.3182416,9.76802158,-10.0749855,-2.29884267,-8.97675133,5.08359241,4.17956543,0.91398412,0.22953625,-10.0749855,-2.21357584,-0.000254631042,1
1581,16.009997,3.31803799,3.38817954,2.7111342,2.3375411,-7.5913763,23.7590885,-10.0440922,-2.39840102,-22.6307583,10.4867563,-13.1484013,0.786152363,0.240188897,-10.0440922,-2.31425333,-0.000254631042,1
1582,16.020003,3.3217299,3.3217299,2.88094926,2.42392492,1.03901303,10.8839302,-10.1293135,-2.51313782,-8.19358063,7.23910999,14.945179,0.888417721,0.435132325,-10.1293135,-2.41502237,-0.000254631042,1
1583,16.029978,3.36307645,3.27373886,2.64616156,2.37298083,-1.30625105,10.9961529,-10.1026821,-2.61321783,-10.1551008,4.41538143,12.6555395,0.950203061,0.0601592101,-10.1026821,-2.5173173,-0.000254631042,1
1584,16.040001,3.47308707,3.23829889,2.95404363,2.47043967,-8.2574625,17.1577396,-10.0089388,-2.72190499,-19.0334377,-0.549494147,6.79013681,1.04394639,-0.246636957,-10.0089388,-2.61817789,-0.000254631042,1
1585,16.049977,3.21319604,3.11721373,3.04928756,2.47339296,-5.22510815,6.24723101,-10.1005516,-2.82413983,-7.56608534,-3.01396942,11.807703,0.588013172,-0.316944391,-10.1005516,-2.71970987,-0.000254631042,1
1586,16.059973,3.28776693,2.99834299,2.81302333,2.5058794,1.46296048,11.1931496,-9.87365055,-2.92191839,-10.6053648,3.86692214,14.9427834,0.294000208,-0.479929864,-9.87365055,-2.82124186,-0.000254631042,1
1587,16.069981,3.29662681,2.93853855,3.11278367,2.5752821,0.610511541,15.3476572,-9.90667343,-3.0163219,-15.1511116,2.52331614,9.1180954,0.248193845,-0.420275033,-9.90667343,-2.9207902,-0.000254631042,1
1588,16.079977,3.24272919,2.78349018,3.27521539,2.52729082,-4.43812275,6.01817513,-9.94608784,-3.1172812,-6.12428331,-4.29051495,7.38649654,-0.0341012478,-0.310552806,-9.94608784,-3.02134562,-0.000254631042,1
1589,16.089974,3.44946027,2.68824601,3.14379334,2.52581406,2.28876042,5.97688627,-9.84169197,3.0781796,-6.10991335,1.90540099,11.5729914,-0.333440542,-0.324401259,-9.84169197,-3.12086344,-0.000254631042,1
1590,16.099981,3.41254401,2.7406671,3.31508517,2.2865963,2.36620808,16.9610271,-9.75007915,2.98403716,-17.1222134,-0.324362308,17.1725464,-0.371790081,-0.0708683133,-9.75007915,3.06323147,-0.000254631042,1
1591,16.109978,3.49154496,2.60924506,3.62001395,2.3648591,-7.50885963,16.1230946,-9.75860119,2.89033985,-13.7500248,-11.2815771,-3.79345465,-0.325983703,0.0473760366,-9.75860119,2.96481228,-0.000254631042,1
1592,16.119975,3.59048057,2.53688908,3.5565176,2.49185157,-5.8156395,13.0775185,-9.73623085,2.79435802,-10.3179617,-9.91881084,-5.81245661,-0.607213557,0.343519568,-9.73623085,2.86581326,-0.000254631042,1
1593,16.129973,3.57497573,2.49923444,3.4324789,2.45124316,13.3650265,11.8094549,-9.71812153,2.70136786,-17.7568932,6.53257942,13.6518679,-0.698826313,0.59598726,-9.71918678,2.76800442,-0.000254631042,1
1594,16.149996,3.4324789,2.3648591,3.44798398,2.29250312,12.9960995,3.2983427,-10.1751204,2.51398921,-11.1298742,8.22106838,0.742712319,0.0138356555,0.81436646,-10.1389008,2.56854153,-0.000254631042,1
1595,16.160015,3.45758224,2.48225331,3.47161031,2.52876735,13.7000132,6.00842857,-9.85447502,2.43050027,-5.93268156,5.07401228,18.1353455,0.542206824,0.793061197,-9.75753593,2.46835232,-0.000254631042,1
1596,16.170002,3.46791887,2.57675862,3.15782142,2.80711651,10.4664888,0.464651257,-9.77138519,2.32280636,-9.53479099,4.96623611,10.1096344,0.548598409,0.525679767,-9.74368763,2.36950588,-0.000254631042,1
1597,16.179996,3.41254401,2.64025497,3.25011253,2.86692119,12.2284336,1.43266058,-9.66592312,2.22822809,-17.7952137,3.60346985,4.78550577,0.757390201,0.539528251,-9.68722916,2.27233791,-0.000254631042,1
1598,16.189981,3.16668153,2.51178598,3.58531237,2.92008042,7.7846427,12.3382807,-9.7490139,2.1360321,-13.1824055,3.75914621,9.4486084,0.801066041,0.672686279,-9.8725853,2.17443752,-0.000254631042,1
1599,16.200003,2.91048217,2.42835522,3.29072046,2.79013491,17.9449883,6.17696953,-9.79162502,2.03146195,-18.820282,3.66095042,13.3860207,0.888417721,0.651381016,-9.72131729,2.07546902,-0.000254631042,1
1600,16.209978,2.80711651,2.58266521,3.38670278,2.99095964,12.1551285,-0.893101156,-9.66485786,1.94115424,-11.0077276,5.23208332,12.2603617,0.90120095,0.50330925,-9.69468594,1.97759914,-0.000254631042,1
1601,16.220004,2.73623729,2.81966829,3.68941641,3.32615995,12.8062773,-12.0941486,-9.72131729,1.85477233,-8.9049015,15.1977596,4.58432388,0.720105946,0.257233143,-9.71173,1.88046169,-0.000254631042,1
1602,16.229980,2.57380581,2.72220898,3.28259873,2.98652959,15.5071201,-7.68302298,-9.67444611,1.74327898,-13.9583921,10.2304888,18.6933842,0.512379408,0.156033009,-9.67444611,1.78268337,-0.000254631042,1
1603,16.239995,2.48372984,2.65059137,3.59491062,2.99243641,5.29363918,-4.23628092,-9.80440807,1.6511867,-4.93635368,4.6476984,-4.93587923,0.55925101,-0.113478892,-9.80440807,1.68490505,-0.000254631042,1
1604,16.249980,2.40029883,2.59521699,3.87325931,3.44503069,7.02253962,-5.74152756,-9.64887905,1.55395818,-7.11821651,5.62247181,1.8611865,0.407983512,0.0953129455,-9.64887905,1.58790493,-0.000254631042,1
1605,16.259976,2.49628115,2.53172088,3.39260936,3.76029563,13.7025576,-10.2708158,-9.66592312,1.45175028,-14.8253889,8.5707407,24.7072792,0.0692294016,-0.210417971,-9.66592312,1.49113369,-0.000254631042,1
1606,16.269984,2.25706339,2.55682421,3.97957873,3.26561713,23.4024086,-6.05303717,-9.61692142,1.35144305,-24.1587811,0.815667033,21.5913601,-0.00320857554,0.0740076527,-9.61692142,1.39402676,-0.000254631042,1
1607,16.279981,2.3153913,2.62031984,3.78170753,3.54101276,7.87061644,-5.60619497,-9.63716125,1.24881697,-9.24020386,2.82748342,-0.0739893466,0.00744406879,-0.414948732,-9.63716125,1.29707241,-0.000254631042,1
1608,16.289979,2.14409947,2.74657369,3.49892831,3.73371601,15.9901533,-4.21956205,-9.67870712,1.15127468,-16.3222771,-2.65950656,13.4914017,-0.324918449,0.0676160604,-9.67870712,1.20014858,-0.000254631042,1
1609,16.299976,2.28290486,2.7081809,3.35864639,3.34904814,14.2018642,-7.9131546,-9.85767078,1.0644474,-16.2576103,0.032495629,3.46345472,-0.151280329,-0.153958946,-9.85767078,1.10169888,-0.000254631042,1
1610,16.309984,2.21202564,2.91638875,3.25011253,3.05888581,3.61388087,-16.3109589,-9.78949451,0.95166254,-12.4088144,11.1861019,4.32087183,0.102252603,0.112357177,-9.78949451,1.00297451,-0.000254631042,1
1611,16.319980,2.46674824,3.02049279,3.23460746,3.34609485,7.08395195,-18.1973286,-9.66698933,0.844264984,-17.3832703,8.89646339,7.51582766,0.100122072,0.447915494,-9.66698933,0.905623436,-0.000254631042,1
1612,16.329977,2.40399075,3.06183934,2.9629035,3.63994861,9.93952847,-8.90069389,-9.60413837,0.754133701,-13.2925768,-1.15064406,11.5107203,0.00531353988,0.719557941,-9.60413837,0.808333397,-0.000254631042,1
1613,16.339994,2.40546703,2.98431468,2.76207876,3.1533916,-0.577826142,-25.0555611,-9.64887905,0.665660143,-19.3495808,15.9282408,22.4703312,-0.031970717,0.657772601,-9.64887905,0.7107687,-0.000254631042,1
1614,16.349983,2.3050549,3.12976527,2.80859327,3.29219699,9.0434494,-19.4387493,-9.54554844,0.556563854,-21.282362,2.59037662,24.216301,0.234345406,0.742993712,-9.54554844,0.615004539,-0.000254631042,1
1615,16.359981,2.23712873,3.36159945,2.78053665,3.61336875,-0.949991941,0.541100681,-9.54767895,0.461462736,0.907494485,0.609695315,5.96146011,0.396265596,0.421283871,-9.54767895,0.518630028,-0.000254631042,1
1616,16.369996,2.550179,3.34757137,2.71556401,3.51738644,1.9084481,-16.210207,-9.44221783,0.366055965,-15.8193226,4.02020311,2.98924088,0.334480256,0.524614513,-9.44221783,0.422804832,-0.000254631042,1
1617,16.380003,2.46084142,3.27078557,2.62179661,3.51590967,-0.377072006,-13.2402706,-9.49441624,0.281992435,-12.6123905,4.04654837,13.6638432,0.619971097,0.582138836,-9.49441624,0.327773094,-0.000254631042,1
1618,16.389979,2.52581406,3.49302149,2.59817028,3.57645273,13.3264303,-15.3765907,-9.51998234,0.181023121,-17.5245762,-10.3403349,13.9775906,0.741411269,0.686534703,-9.51998234,0.251814842,-0.000254631042,1
1619,16.400000,2.5331974,3.63994861,2.43278527,3.41254401,-6.24345732,-8.78021908,-9.52104759,0.0899329185,-8.18400002,7.00679302,-2.16005135,1.04501164,0.401043862,-9.52104759,0.1560812,-0.000254631042,1
1620,16.409974,2.41580367,3.66136026,2.26961493,3.51590967,-7.37648773,-8.6307745,-9.47843742,-0.0053601265,-8.6701889,7.33012056,2.40246105,1.00346637,0.34138903,-9.47843742,0.0606222153,-0.000254631042,1
1621,16.419994,2.35895228,3.54691958,2.29545665,3.70122957,-5.58142805,-13.0387125,-9.50719929,-0.100304127,-13.5320787,4.24773026,10.9957914,0.695604861,0.303039521,-9.50719929,-0.0339517593,-0.000254631042,1
1622,16.429975,2.48594475,3.60081744,2.11973476,3.71673489,-6.09153986,-14.8688765,-9.66592312,-0.197080135,-15.7738171,3.06219554,11.9298487,0.490008861,0.21675308,-9.66592312,-0.129563332,-0.000254631042,1
1623,16.440000,2.57085228,3.78023076,2.11013651,3.47751689,-7.99001408,-8.39798927,-9.69042492,-0.279669285,-10.2772465,5.36141443,10.6652784,0.386678219,-0.104956776,-9.69042492,-0.226639748,-0.000254631042,1
1624,16.450001,2.66018939,3.57202268,2.1522212,3.49745154,-8.47665501,-12.9466667,-9.51678658,-0.381763458,-15.1726665,3.04303527,7.71221924,0.202387467,-0.251963288,-9.51678658,-0.322464943,-0.000254631042,1
1625,16.459976,2.73402262,3.51148009,2.18618417,3.44355392,-9.18908978,-10.3870907,-9.58389854,-0.463751316,-13.4003525,3.57233453,18.2718601,0.230084345,-0.321205437,-9.58389854,-0.417740822,-0.000254631042,1
1626,16.469974,2.92303395,3.61041594,2.24451208,3.04633451,-13.4725285,8.26606846,-9.67870712,-0.568217754,-0.282830268,15.8036995,0.273288488,0.136341065,-0.245571688,-9.67870712,-0.514115334,-0.000254631042,1
1627,16.480004,3.137887,3.47751689,2.21497893,2.93706203,-13.4590149,-10.5015516,-9.64568329,-0.655872822,-16.5306435,4.26210022,3.10899186,-0.0436886288,-0.0953693986,-9.64568329,-0.610796928,-0.000254631042,1
1628,16.489979,2.9304173,3.47751689,2.10275316,2.96733332,0.901257575,-13.8370895,-9.62863922,-0.76266861,-9.38150978,-10.2110033,11.9394293,-0.494295478,-0.136914715,-9.62863922,-0.706896782,-0.000254631042,1
1629,16.500000,2.9289403,3.54544306,2.06066895,2.80859327,-20.1775723,-1.86382627,-9.59987736,-0.838849545,-16.2552166,12.0986042,13.3740454,-0.298286825,0.295582682,-9.59987736,-0.803027153,-0.000254631042,1
1630,16.509974,3.06774569,3.40663743,2.26592326,2.74509716,-12.2178097,-1.54476893,-9.45713139,-0.944056034,-10.8017559,5.91466427,14.0422564,-0.208804607,0.444719702,-9.45713139,-0.898211479,-0.000254631042,1
1631,16.520001,2.99538994,3.42952585,2.44386005,2.76503181,-12.0634031,-4.85742188,-9.43476105,-1.03219843,-12.8471031,2.01796699,3.88737321,-0.471924931,0.474547088,-9.43476105,-0.992815971,-0.000254631042,1
1632,16.529976,3.17184973,3.50409675,2.36338258,2.67864776,-22.3216648,4.93526554,-9.59455109,-1.12967968,-18.0778255,13.9930649,24.209116,-0.154476121,0.640728354,-9.59455109,-1.08757305,-0.000254631042,1
1633,16.539999,3.16815805,3.58752751,2.38036418,2.51473927,-10.8281488,0.61191988,-9.25579643,-1.21784163,-9.9491291,4.31718588,1.55941403,-0.203478292,0.246580482,-9.25579643,-1.18159389,-0.000254631042,1
1634,16.549973,3.40146923,3.38448763,2.3205595,2.41432667,-16.7819405,6.20156097,-9.3964119,-1.31833124,-14.7008476,10.1969585,0.898388624,0.171494797,0.651381016,-9.3964119,-1.27516079,-0.000254631042,1
1635,16.560002,3.53436804,3.55504131,2.13302469,2.38700914,-4.60931921,2.90183353,-9.52104759,-1.41090345,-4.08851624,3.59867978,3.46105981,0.753129184,0.620488346,-9.52104759,-1.36955166,-0.000254631042,1
1636,16.569994,3.11573696,3.6923697,2.21350217,2.53688908,-17.4435043,6.3099122,-9.34634399,-1.51767874,-17.0838928,7.2271347,3.26706314,0.772303939,0.667359948,-9.34634399,-1.46479702,-0.000254631042,1
1637,16.579980,3.23829889,3.71082807,2.2880733,2.64763808,-7.19300461,1.57145333,-9.28136349,-1.60062551,-11.2855501,2.76042295,7.92777109,1.04181588,0.826084375,-9.2973423,-1.55836391,-0.000254631042,1
1638,16.589976,3.39999247,3.59048057,2.16403437,2.42835522,-17.9211864,12.3315039,-9.37617207,-1.68462706,-13.2853918,6.42959356,-6.83992004,1.05779481,0.627945185,-9.3601923,-1.65168667,-0.000254631042,1
1639,16.599973,3.70787501,3.64733195,2.38184071,2.2644465,-4.10224676,2.48304224,-9.32610416,-1.78045416,-21.1075249,3.89566231,9.98030281,0.967247307,0.769625366,-9.35167027,-1.74549723,-0.000254631042,1
1640,16.609982,3.90574622,3.65176177,2.55239415,2.25706339,-3.34288216,3.24695373,-9.36658382,-1.88694429,-4.32801819,-8.35965252,13.263875,0.991748393,0.538462937,-9.31971264,-1.83927774,-0.000254631042,1
1641,16.619978,3.59934068,3.63330364,2.40029883,2.20759583,-12.5820894,2.3745389,-9.28988552,-1.96789408,-12.6004162,1.96527648,4.26099634,0.697735429,0.340323776,-9.33143044,-1.93241739,-0.000254631042,1
1642,16.629976,3.57202268,3.43912411,2.49480438,2.14557624,-14.1710978,13.1044626,-9.40493393,-2.07558537,-14.3894958,1.67068899,13.0004225,0.676430106,0.208230972,-9.38895512,-2.02650309,-0.000254631042,1
1643,16.639973,3.23829889,3.02492261,2.70965743,2.01415396,-11.2329798,15.3027439,-9.5231781,-2.18061829,-21.2584114,9.27008629,18.2886257,0.436745644,0.249776274,-9.4858942,-2.12202311,-0.000254631042,1
1644,16.649982,3.36159945,2.86544442,2.96733332,1.91891003,-0.621796131,2.82427025,-9.35806179,-2.27194595,-2.29704189,1.75690973,-2.52648926,0.542206824,0.00263493136,-9.3229084,-2.21699381,-0.000254631042,1
1645,16.659978,3.53141451,2.86396766,3.02049279,2.07469702,-11.1505442,18.5106773,-9.2589922,-2.36457229,-21.0165157,5.02850676,28.8722191,0.288673878,-0.201895848,-9.30692959,-2.31019449,-0.000254631042,1
1646,16.679996,3.35716963,2.79604173,3.14674664,2.09906173,-10.4819899,9.19745255,-9.2099905,-2.56643176,-13.4195127,-3.79235077,6.03331041,0.0532504395,-0.462885618,-9.2099905,-2.49799967,-0.000254631042,1
1647,16.689982,3.3985157,2.59964681,3.10983014,2.25558686,-6.15770817,19.0626793,-9.29521179,-2.65593529,-19.7327843,3.45258355,8.91691399,-0.0426233634,-0.638654232,-9.29521179,-2.59116983,-0.000254631042,1
1648,16.699997,3.38817954,2.51769257,3.40663743,2.2644465,4.72694016,19.6912956,-9.3964119,-2.75140357,-16.4132862,11.8614969,31.6983414,-0.176846683,-0.159285277,-9.3964119,-2.68571329,-0.000254631042,1
1649,16.709999,3.28259873,2.44533682,3.44798398,2.22605371,0.798281193,18.0407505,-9.26431847,-2.84650445,-17.0288067,6.01046515,17.5725155,-0.162998244,-0.165676862,-9.26431847,-2.77952433,-0.000254631042,1
1650,16.719973,3.2796452,2.33901763,3.57792926,2.23565197,0.74615413,11.9906044,-9.3090601,-2.934237,-11.5801373,3.19871163,-4.78020287,-0.370724797,0.289191067,-9.3090601,-2.87348795,-0.000254631042,1
1651,16.730003,3.46201205,2.17067909,3.64585495,2.10422969,1.22158599,14.1946268,-9.29947281,-3.02662492,-13.9607868,2.84185362,-5.42446327,-0.498556554,0.564029336,-9.29947281,-2.96736002,-0.000254631042,1
1652,16.739978,3.45462871,2.17806244,3.72337961,2.09463143,-1.25228286,15.4615898,-9.44541359,-3.11846423,-15.4864149,-0.894376993,12.8567219,-0.16832456,1.04446363,-9.44541359,-3.06184244,-0.000254631042,1
1653,16.750005,3.47899342,2.46674824,3.30474854,2.23565197,7.14648628,9.0333004,-9.54554844,3.07456326,-9.4916811,6.52539396,10.9431009,0.128884211,0.712101042,-9.54554844,3.12515163,-0.000254631042,1
1654,16.759980,3.52993798,2.48225331,3.27521539,2.47339296,4.53554773,15.7927284,-9.31332111,2.98446441,-16.3079071,2.00838685,-4.47843027,0.187473774,0.618357778,-9.31332111,3.03103542,-0.000254631042,1
1655,16.770002,3.40959072,2.32794285,3.31065512,2.54427242,13.1980343,11.7115688,-9.39002037,2.8880012,-14.6481571,9.83770561,2.59166765,0.507053077,0.698252618,-9.39002037,2.93710232,-0.000254631042,1
1656,16.779977,3.25158906,2.16920257,3.16225147,2.45788836,1.84191227,0.486795962,-9.43369579,2.80006814,-1.07558179,1.5724932,11.9442186,0.511314154,0.891065478,-9.43369579,2.8426199,-0.000254631042,1
1657,16.789974,3.10540032,2.17215562,3.24272919,2.56273055,5.52838707,12.0332308,-9.45926189,2.70632768,-13.242281,-0.0609101392,10.456912,0.762716532,0.614096761,-9.45926189,2.74825954,-0.000254631042,1
1658,16.799981,3.07586718,2.2046423,3.25823402,2.69267607,15.4505682,2.4095242,-9.46885014,2.60030961,-10.0257692,12.0004082,11.9514036,0.887352467,0.347780615,-9.46885014,2.65328884,-0.000254631042,1
1659,16.809979,2.77463007,2.3220365,3.23829889,2.55830073,10.8001719,13.0010538,-9.37617207,2.52365518,-16.8539715,1.27072072,4.27057648,0.731823862,0.26682052,-9.37617207,2.55840969,-0.000254631042,1
1660,16.819976,2.69267607,2.34492421,3.41254401,2.77315354,2.50420523,-2.76973438,-9.21744728,2.43252826,0.47160092,3.70406079,12.9165974,0.778695524,-0.100695714,-9.21744728,2.46530056,-0.000254631042,1
1661,16.829974,2.69858241,2.26740003,3.62149072,3.00794125,14.5662966,0.55755204,-9.04487419,2.33789873,-10.8736067,9.70837498,7.96848631,0.711583853,-0.118805215,-9.04487419,2.39190578,-0.000254631042,1
1662,16.839982,2.65575981,2.2046423,3.45315218,3.02196956,17.6564121,14.6158104,-9.13648701,2.25625324,-22.9205551,-0.137550771,21.8428364,0.605057418,-0.225331664,-9.13648701,2.3004446,-0.000254631042,1
1663,16.849979,2.49185157,2.15517449,3.56242442,2.88094926,17.2078171,9.42988205,-9.2856245,2.16028905,-19.5459728,1.72816956,-4.16228771,0.755259693,-0.200830579,-9.2856245,2.20849514,-0.000254631042,1
1664,16.859976,2.36633563,2.25558686,4.18704844,3.11426044,7.00731564,0.673140585,-9.13755226,2.0658145,-6.4859314,2.73647285,8.23912334,0.32276234,0.159228802,-9.13755226,2.11514187,-0.000254631042,1
1665,16.869998,2.39882207,2.22162366,3.58235908,3.25528049,1.88571894,5.00750494,-9.24514389,1.9706099,-3.68615294,-3.87857151,9.35999298,-0.233305693,-0.103891514,-9.24514389,2.02276516,-0.000254631042,1
1666,16.880092,2.32794285,2.19947386,3.98917675,3.19621468,12.2108192,5.35935402,-9.3484745,1.87416601,-13.2542562,-1.46678662,0.309213787,-0.0969518498,0.14218457,-9.3484745,1.9292593,-0.000254631042,1
1667,16.889977,2.37888741,2.18766069,4.34135818,3.46496534,11.7344637,-8.22754574,-9.28029823,1.79026866,-9.66172695,10.5849514,7.06556416,-0.246088862,0.0473760366,-9.28029823,1.8349905,-0.000254631042,1
1668,16.900005,2.35083103,2.23196054,4.00246668,3.30327201,12.8967361,8.86268997,-9.28136349,1.69610858,-13.903307,-7.18130302,21.4787941,-0.333440542,0.182664618,-9.28136349,1.74233913,-0.000254631042,1
1669,16.909980,2.29397964,2.25854015,3.30622506,3.07143736,10.5127029,-4.82900524,-9.66592312,1.59745812,-10.3802328,5.10754251,5.46808577,-0.289764702,-0.0729988441,-9.66592312,1.64733791,-0.000254631042,1
1670,16.919999,2.46231818,2.35895228,3.29219699,3.20728946,13.1791286,3.56665063,-9.61798668,1.4939158,-12.8662634,-4.56833696,1.61449945,-0.076711826,0.178403556,-9.61798668,1.5512228,-0.000254631042,1
1671,16.929974,2.40029883,2.58266521,3.40146923,3.47456336,6.32105541,-16.0819283,-9.56685352,1.39285803,-9.06776237,14.7091761,6.3470583,0.328088671,0.201839387,-9.56685352,1.45490932,-0.000254631042,1
1672,16.940004,2.29397964,2.67126441,3.20285964,3.42657232,12.169796,9.39953423,-9.36764908,1.30502796,-9.27373409,-12.2659302,18.5065727,0.215170637,0.330736399,-9.36764908,1.36003017,-0.000254631042,1
1673,16.949978,2.3308959,2.7775836,2.87061262,3.28924346,13.3015089,-14.0838175,-9.47950268,1.20633459,-17.4479351,8.41745949,12.4519634,0.336610794,0.172011971,-9.47950268,1.26560879,-0.000254631042,1
1674,16.960002,2.2984097,2.59373999,2.92155695,3.41254401,11.6803513,-7.94735575,-9.48802471,1.11085033,-13.9943171,1.93653619,12.8040314,0.39733088,0.522484004,-9.48802471,1.17149258,-0.000254631042,1
1675,16.969976,2.20759583,2.73254561,3.08325028,3.60893893,-2.16486263,-8.66892242,-9.56259251,1.01579237,-2.72814512,8.50847054,3.63350129,0.518770993,0.610900939,-9.56259251,1.07572842,-0.000254631042,1
1676,16.979997,2.25263333,2.80711651,3.03525949,3.18366313,6.90435505,-16.9148083,-9.44860935,0.917429447,-15.7642365,9.23416138,-2.74683118,0.292934954,0.812235951,-9.44860935,0.980513573,-0.000254631042,1
1677,16.989982,2.19209075,2.88390255,2.52138424,3.4206655,15.2409515,-9.97063446,-9.23768711,0.815612793,-17.9317303,-3.18641067,18.8921719,0.380286634,0.704644203,-9.23768711,0.886397362,-0.000254631042,1
1678,17.000004,2.32794285,3.08177376,2.6572361,3.66874337,11.919816,-15.9981947,-9.40173817,0.727915049,-19.8740902,1.74493468,9.24742699,0.507053077,0.703578949,-9.40173817,0.793227196,-0.000254631042,1
1679,17.009979,2.41285014,3.14084029,2.7281158,3.38817954,-5.98454762,-16.5042648,-9.41239071,0.630652189,-9.8006382,14.5654745,-1.66667736,0.443137228,0.526745081,-9.41239071,0.698073387,-0.000254631042,1
1680,17.020002,2.29988647,3.15929818,2.67864776,3.49597502,8.1488533,-8.39092445,-9.33782196,0.533911467,-8.09298897,2.79874325,-2.04269552,0.318501294,0.765364289,-9.33782196,0.604048729,-0.000254631042,1
1681,17.029977,2.3035779,3.20728946,2.34640074,3.69827652,4.5982008,-7.14031076,-9.28988552,0.466056824,-7.21641207,5.10993767,13.060298,0.39200455,0.505439758,-9.32184315,0.510725975,-0.000254631042,1
1682,17.040001,2.32794285,3.32025337,2.42097187,3.94118571,-0.274714053,-6.92436743,-9.37723732,0.370807409,-9.10847759,-5.88559771,7.64036894,0.301457077,0.0367233939,-9.38149834,0.416853905,-0.000254631042,1
1683,17.049976,2.29250312,3.44355392,2.63877821,3.53658295,2.04136062,-11.249012,-9.41878223,0.280781746,-14.0709581,6.08710575,8.36126995,0.329153955,-0.246636957,-9.43369579,0.322371483,-0.000254631042,1
1684,17.059996,2.28438163,3.49302149,2.57380581,3.60746217,3.15528011,-12.968153,-9.36551857,0.180240393,-14.7655134,3.43342352,11.5945463,0.421831936,-0.394708693,-9.37510681,0.228011131,-0.000254631042,1
1685,17.069980,2.33606434,3.52993798,2.5331974,3.85480165,5.12227106,-7.21040821,-9.49122047,0.0843625069,-5.43212271,-1.57456255,10.6030083,0.407983512,-0.188047409,-9.53276539,0.134016991,-0.000254631042,1
1686,17.079999,2.34344769,3.20728946,2.53688908,3.31803799,-12.7828197,-19.8039646,-9.53063488,-0.0156054497,-10.0856447,8.79826736,2.2395997,0.309979171,-0.171003178,-9.48908997,0.0381612778,-0.000254631042,1
1687,17.089973,2.36190581,3.23313093,2.40842032,3.36307645,-11.5214214,-13.4654675,-9.3964119,-0.103236675,-14.5810966,10.0724173,4.73521042,0.168299004,0.131531939,-9.36445332,-0.056473732,-0.000254631042,1
1688,17.100004,2.4069438,3.43395567,2.07174373,3.53953624,-0.333382189,-11.0513506,-9.44115257,-0.18927002,-10.9167166,-1.75179398,8.93607426,0.191734821,0.225275204,-9.51252556,-0.150589943,-0.000254631042,1
1689,17.109978,2.48889804,3.72190261,1.94179809,3.18366313,-6.58819008,-5.54504013,-9.45819664,-0.287438869,-7.18527699,4.74589443,5.83691883,0.240736991,0.125140354,-9.45713139,-0.245713234,-0.000254631042,1
1690,17.119976,2.70522761,3.65028524,1.92334008,3.24420571,4.82930565,-13.8024082,-9.38895512,-0.382452011,-11.0029373,-9.63140869,17.9676933,0.100122072,0.275342643,-9.38895512,-0.340195656,-0.000254631042,1
1691,17.129975,2.80416346,3.58383584,2.25706339,2.93853855,-19.1103458,-8.97304153,-9.4720459,-0.467074394,-16.6168633,13.0230818,13.7356939,0.213040113,0.283864766,-9.4720459,-0.435074806,-0.000254631042,1
1692,17.139983,2.82409787,3.62592053,2.3973453,2.78718185,-9.96829319,-13.8908834,-9.24194813,-0.560555458,-17.0647316,1.05756402,8.66783237,0.0255535655,0.580008268,-9.24194813,-0.527756691,-0.000254631042,1
1693,17.149980,2.82114482,3.90426922,2.24451208,2.93853855,-8.84799576,10.2821159,-9.27284145,-0.650364399,2.82590532,13.267374,4.73521042,0.194930613,0.470286041,-9.27284145,-0.620440483,-0.000254631042,1
1694,17.159976,2.75912523,3.68277168,2.0532856,2.79013491,-10.6791477,-9.03734779,-9.43476105,-0.739971638,-13.8745661,1.792835,0.924733818,0.0117051266,0.371216446,-9.43476105,-0.714587212,-0.000254631042,1
1695,17.169973,2.92155695,3.57645273,1.94327486,2.53172088,-17.2910328,-9.45230198,-9.35060501,-0.835176945,-19.1627693,4.5950079,6.68715096,0.19280009,0.569355607,-9.35060501,-0.807818413,-0.000254631042,1
1696,17.179982,3.02492261,3.68129492,2.12564158,2.60924506,-11.4293156,-1.31397808,-9.55833149,-0.928211212,-9.93715382,5.79730797,5.21421385,0.234345406,0.717427373,-9.55833149,-0.902026176,-0.000254631042,1
1697,17.189979,3.06331611,3.8282218,2.09020162,2.62327337,-9.08876801,-4.75296974,-9.46458817,-1.01941633,-10.231741,0.712681174,2.30426526,0.295065492,0.553376675,-9.46458817,-0.996417046,-0.000254631042,1
1698,17.200005,3.25158906,3.76767921,2.05771542,2.56937575,-22.7558708,-3.47937346,-9.48056793,-1.10082102,-21.8643513,7.2031846,7.73377466,0.2737602,0.455372334,-9.48056793,-1.09089947,-0.000254631042,1
1699,17.209978,3.34757137,3.81567025,2.11013651,2.46084142,-14.3995304,2.71696043,-9.42304325,-1.19891214,-12.4279747,7.76361942,8.11218739,0.574164748,0.450046003,-9.42304325,-1.18437099,-0.000254631042,1
1700,17.220003,3.26118731,3.74922061,2.13302469,2.47339296,-11.539093,0.190368786,-9.65527058,-1.29346228,-11.0460482,3.34241271,-3.44617677,0.675364852,0.25403735,-9.65527058,-1.27879238,-0.000254631042,1
1701,17.229978,3.40663743,3.88876462,2.20907211,2.50735617,-6.91025066,0.610387087,-9.68190289,-1.39749193,-6.70148325,1.792835,15.409812,0.575230002,0.343519568,-9.68190289,-1.37531948,-0.000254631042,1
1702,17.239975,3.24568224,3.80164218,2.1795392,2.49628115,-12.4383078,-1.23086095,-9.51891708,-1.49753904,-12.4950352,-0.317177266,22.1493988,0.372829795,0.0452455096,-9.51891708,-1.47019863,-0.000254631042,1
1703,17.250001,3.26561713,3.61484551,2.22605371,2.43278527,-16.3161602,8.6742878,-9.62650871,-1.58807325,-16.463583,8.39111423,15.6828451,0.606122673,0.141119301,-9.62650871,-1.56577969,-0.000254631042,1
1704,17.259975,3.41254401,3.38153458,2.23048377,2.36633563,-6.6178894,8.76289654,-9.63716125,-1.68800497,-7.59722042,7.92887545,7.43200207,0.643406928,-0.104956776,-9.63716125,-1.66145229,-0.000254631042,1
1705,17.270005,3.39999247,3.1194284,2.36190581,2.31096125,-19.2843819,8.38210011,-9.68296814,-1.79725599,-20.6740265,3.83818173,9.46058369,0.63381952,-0.0548893511,-9.68296814,-1.73878336,-0.000254631042,1
1706,17.279980,3.39556241,3.21319604,2.63730145,2.27552152,-15.5865469,12.0975857,-9.43795681,-1.89066601,-18.5999393,6.58287477,5.14715338,0.406918257,-0.164611593,-9.43795681,-1.8343339,-0.000254631042,1
1707,17.289996,3.30327201,3.31803799,2.87799597,2.2541101,-10.8825636,4.00039768,-9.32929993,-2.0044198,-11.5561876,-0.942277372,-0.363786727,0.320631832,0.126205608,-9.32929993,-1.92854166,-0.000254631042,1
1708,17.300006,3.4154973,3.29072046,2.63360977,2.21202564,-10.8618298,4.51552057,-9.40173817,-2.09308767,-11.666358,-1.50510705,12.8471413,0.176821128,0.226340458,-9.40173817,-2.02308512,-0.000254631042,1
1709,17.309980,3.48490024,2.98800635,2.74509716,2.13671637,-2.85939217,3.59167933,-9.3484745,-2.1871419,-4.4094491,1.27790582,15.0625343,0.06816414,0.156033009,-9.3484745,-2.11726236,-0.000254631042,1
1710,17.319978,3.35569286,2.88390255,2.88759422,2.20611906,-15.1339102,7.40293217,-9.27603722,-2.29383922,-16.245636,-4.46295643,8.28941917,-0.100147642,0.153902486,-9.27603722,-2.21116495,-0.000254631042,1
1711,17.329975,3.48859167,2.95847368,2.86101437,2.14852953,-9.39856911,12.508647,-9.29521179,-2.38022137,-15.5391045,1.82636535,8.74207783,-0.165128767,0.324344814,-9.29521179,-2.30439615,-0.000254631042,1
1712,17.339983,3.57792926,3.06331611,2.97545505,1.98978937,-15.1021547,10.7551403,-9.18655491,-2.47274184,-17.8023987,-5.17906666,2.80242944,-0.167259291,0.382934362,-9.18655491,-2.39747477,-0.000254631042,1
1713,17.349979,3.80828667,2.83148122,2.99095964,1.93884492,-6.80959797,13.7188959,-9.44008732,-2.57202911,-15.2253571,1.663504,7.84155035,-0.135301366,0.474547088,-9.44008732,-2.49131632,-0.000254631042,1
1714,17.359975,3.67686486,2.8115468,3.12681174,1.91078854,-3.18910861,12.5415087,-9.43689156,-2.666049,-12.6099958,2.90651917,9.78391171,-0.0117306914,0.496917665,-9.43689156,-2.58653116,-0.000254631042,1
1715,17.369984,3.67686486,2.80416346,3.12828875,1.92924654,2.57700825,13.0840731,-9.34421349,-2.75924039,-11.1777744,7.27264023,3.39160419,0.0979915485,0.505439758,-9.34421349,-2.68076944,-0.000254631042,1
1716,17.379981,3.67095828,2.79604173,3.34018803,1.90635848,-4.60459805,17.5264187,-9.46778393,-2.86107254,-18.1161461,0.427673846,0.893598557,0.191734821,0.63433677,-9.46778393,-2.77519083,-0.000254631042,1
1717,17.389979,3.70122957,2.75764871,3.08472729,2.1352396,9.2816,14.2420387,-9.58922482,-2.94946051,-12.207633,11.8303623,-0.732619762,0.490008861,0.374412239,-9.58922482,-2.87092447,-0.000254631042,1
1718,17.409996,3.40146923,2.63360977,3.32468343,2.46379471,6.10682154,10.3170118,-9.38362885,-3.13163495,-10.2556915,6.2092514,15.8576813,0.634884834,0.262559444,-9.38362885,-3.06208658,-0.000254631042,1
1719,17.419980,3.56094766,2.55830073,3.42952585,2.40989709,7.47071695,14.8786583,-9.49974251,3.05333686,-15.479229,6.13021612,16.5522366,0.725432277,0.369085908,-9.49974251,3.12585354,-0.000254631042,1
1720,17.430002,3.18735456,2.48225331,3.32468343,2.43130827,-0.0170350261,21.9332199,-9.5093298,2.9624908,-21.5793438,-3.9240768,20.1040516,0.797870278,0.14324984,-9.5093298,3.03036404,-0.000254631042,1
1721,17.439976,3.23165417,2.40546703,3.13124204,2.52138424,5.83871222,6.33124352,-9.60520363,2.86663938,-7.67865086,3.90045238,12.7609205,0.651929021,0.0111570461,-9.60520363,2.93441677,-0.000254631042,1
1722,17.449995,3.20064449,2.32351303,3.21614957,2.67717099,4.61546755,9.89555359,-9.48163319,2.76784825,-10.8975573,0.683940947,6.31113291,0.668973267,-0.139045238,-9.48163319,2.83883572,-0.000254631042,1
1723,17.459982,3.1976912,2.22162366,3.54544306,2.74214363,1.91999924,13.2197618,-9.40067291,2.67974043,-14.9619055,0.391748548,7.92777109,0.358981341,0.309431106,-9.40067291,2.74386501,-0.000254631042,1
1724,17.469996,3.11721373,2.20611906,3.7957356,2.78865838,15.1208267,12.0544596,-9.47098064,2.57880759,-6.232059,10.1873789,9.4965086,0.172560066,0.291321605,-9.47524166,2.64849758,-0.000254631042,1
1725,17.480015,3.08177376,2.22310042,3.42804885,2.89497733,4.84431744,14.2779713,-9.47524166,2.50182533,-7.98521376,3.62502503,13.27106,0.294000208,0.291321605,-9.51465607,2.55364895,-0.000254631042,1
1726,17.489997,3.1194284,2.21867061,3.70344448,2.80563998,20.0177383,0.802322268,-9.55939674,2.41430044,-8.56001854,6.47988892,15.0481644,0.286543369,0.151771948,-9.53702641,2.45791531,-0.000254631042,1
1727,17.499983,2.9798851,2.14557624,3.59786391,2.94887519,5.61653519,4.56616449,-9.33675671,2.32711434,-8.74203968,-1.7829293,8.18882847,0.153385311,-0.0559546128,-9.34634399,2.36309719,-0.000254631042,1
1728,17.510001,3.01827788,2.1522212,3.53289127,3.00351119,20.6098442,14.4348164,-9.49228573,2.22734785,-20.0201874,3.99864817,14.621851,0.132080004,0.0580286831,-9.497612,2.26891994,-0.000254631042,1
1729,17.520002,3.03230596,2.12711811,3.58235908,3.04042768,15.8010168,5.67250061,-9.65740108,2.14421964,-13.4913635,2.60714173,5.23337412,-0.041558098,0.123009816,-9.67018509,2.17346096,-0.000254631042,1
1730,17.529977,2.93189383,2.25263333,3.62296724,3.11721373,7.49733496,-4.55601215,-9.53170013,2.04539585,-4.58668041,7.47861195,7.91100597,0.191734821,0.202904642,-9.50826454,2.07720852,-0.000254631042,1
1731,17.539997,2.83443451,2.23712873,3.59786391,3.25823402,14.1842661,2.72633529,-9.51572132,1.94370222,-14.2026844,2.62869692,4.77592564,0.0351409428,0.000504402502,-9.51359081,1.98196316,-0.000254631042,1
1732,17.549982,2.60776854,2.25706339,3.44207716,3.09875536,14.4474478,0.273648053,-9.70427322,1.85892296,-13.9296513,3.8429718,9.23305702,0.0766862556,0.091051884,-9.72451305,1.88583279,-0.000254631042,1
1733,17.560001,2.57823539,2.23343706,3.5070498,3.01827788,16.5516357,-4.60398531,-9.74262238,1.75996661,-15.3906136,7.63428831,4.48133802,0.164037943,0.136858255,-9.72025204,1.78875637,-0.000254631042,1
1734,17.569976,2.49037457,2.29250312,3.59048057,3.17184973,8.50015831,-5.075912,-9.75434017,1.66823101,-7.96605349,5.87873888,9.25700665,0.217301175,0.21781835,-9.75434017,1.69146633,-0.000254631042,1
1735,17.579998,2.45124316,2.43943,3.60893893,3.37415123,18.8372974,-4.35481882,-9.66379261,1.56359172,-18.8681831,4.21898985,16.9665756,0.132080004,0.484134465,-9.66379261,1.59467983,-0.000254631042,1
1736,17.589974,2.48372984,2.55830073,3.52107835,3.26118731,16.4157276,-5.77158642,-9.65633583,1.46330333,-16.9401913,3.97709298,15.5415382,0.266303331,0.484134465,-9.65633583,1.49803066,-0.000254631042,1
1737,17.600000,2.4172802,2.53024435,3.21171927,3.247159,15.9549608,-2.50156879,-9.68403339,1.3555572,-16.1210938,-0.963832557,11.0197411,0.224758029,0.719557941,-9.68403339,1.40132046,-0.000254631042,1
1738,17.609998,2.31908298,2.59373999,3.13641,3.53289127,5.70393419,-17.2568607,-9.81399536,1.26827526,-10.5862045,14.7738409,9.55159473,0.363242418,0.496917665,-9.81399536,1.30396938,-0.000254631042,1
1739,17.619974,2.27699804,2.70375085,3.19916797,3.65397668,10.7170706,0.639704466,-9.58070278,1.16659141,-9.60185146,-4.80304909,26.9226723,0.18001692,0.586399853,-9.58070278,1.20722866,-0.000254631042,1
1740,17.630004,2.29397964,2.82557487,3.16225147,3.4900682,10.6907911,-7.78281164,-9.53596115,1.05926752,-13.1321106,1.55333304,19.4023094,0.372829795,0.313692153,-9.53596115,1.11173916,-0.000254631042,1
1741,17.639979,2.31096125,2.91195869,3.0278759,3.60893893,12.7271862,-13.6609678,-9.64568329,0.970461369,-18.2191315,4.08247375,16.1426888,0.372829795,0.430871248,-9.64568329,1.0154562,-0.000254631042,1
1742,17.649975,2.38700914,2.88907099,3.01237154,3.7093513,12.3290596,-17.224493,-9.55939674,0.864416361,-20.5590668,5.10035753,-0.193740338,0.400526673,0.540593505,-9.55939674,0.919020653,-0.000254631042,1
1743,17.659984,2.31908298,2.88242602,2.99686646,3.3726747,-1.8831811,-7.48102474,-9.74155712,0.767439365,-4.07654142,6.54934454,4.30650187,0.498530984,0.541658759,-9.74155712,0.822310448,-0.000254631042,1
1744,17.669981,2.22014713,3.06479263,2.7945652,3.4206655,4.49847031,-9.81636047,-9.58283329,0.66990447,-10.4880085,2.56882143,5.46569109,0.591208935,0.418088078,-9.58283329,0.725325584,-0.000254631042,1
1745,17.679978,2.21054888,3.15486813,3.0293529,3.5934341,4.17727089,-15.4181204,-9.64568329,0.570950508,-15.2301474,4.81774473,1.73185539,0.533684731,0.406370163,-9.64568329,0.629225731,-0.000254631042,1
1746,17.689974,2.1795392,3.40811396,2.91638875,3.46053529,-4.47799778,-14.7434597,-9.7990818,0.470792532,-11.1083183,10.6783571,1.73664546,0.547533095,0.373346984,-9.7990818,0.53120327,-0.000254631042,1
1747,17.699983,2.13819289,3.33723497,2.76650858,3.49449849,5.12250757,-10.2228537,-9.71173,0.372552395,-11.3861408,-1.05005324,11.0508766,0.501726806,0.277473181,-9.71173,0.433485985,-0.000254631042,1
1748,17.709980,2.09315491,3.50557327,2.54574895,3.63035035,-4.41383934,-8.48961449,-9.75753593,0.277180195,-6.95775032,6.56850433,4.88609648,0.544337332,-0.059150409,-9.75753593,0.354872704,-0.000254631042,1
1749,17.719977,2.14114642,3.37858129,2.44828987,3.50409675,5.3075614,-24.5339642,-9.78949451,0.177509546,-25.0856533,-0.891981959,7.76969957,0.351524502,0.0452455096,-9.78949451,0.257399559,-0.000254631042,1
1750,17.739995,2.12121129,3.56094766,2.33237243,3.63699555,-8.56534672,-2.76518273,-9.76499271,-0.0158495903,-2.90058661,8.52044582,11.4197102,0.316370755,-0.0144093009,-9.76499271,0.060133934,-0.000254631042,1
1751,17.749981,2.3375411,3.46496534,2.46379471,3.44798398,-4.04067183,-11.8975306,-9.76818943,-0.112929821,-12.2770882,2.6742022,7.2763257,0.169364274,-0.127327323,-9.76818943,-0.037735939,-0.000254631042,1
1752,17.759994,2.39586878,3.48490024,2.39882207,3.37119794,-4.27358103,-9.61220264,-9.7852335,-0.202304363,-10.2748518,2.25507379,18.3077869,0.143797919,0.180534095,-9.7852335,-0.135422707,-0.000254631042,1
1753,17.769982,2.31096125,3.58900428,2.2865963,3.49892831,6.16616297,-15.4941063,-9.81612587,-0.283690929,-13.1488752,-10.2565088,18.9712067,-0.200282499,0.333932191,-9.81612587,-0.232956886,-0.000254631042,1
1754,17.779994,2.46379471,3.77580094,2.17806244,3.17332625,-20.7707825,-1.02195561,-9.65527058,-0.390668392,-8.85460567,18.8166351,15.5559082,0.0724252015,0.201839387,-9.65527058,-0.330552101,-0.000254631042,1
1755,17.789979,2.59521699,3.60893893,2.17067909,3.1194284,-0.512362719,-7.70887136,-9.55939674,-0.48435545,-7.06073618,-3.13611531,5.28606462,0.0362062082,0.0921171457,-9.55939674,-0.426468849,-0.000254631042,1
1756,17.800003,2.53467417,3.52846146,2.31243825,3.17775631,-11.9142094,-12.1757412,-9.68083763,-0.578201294,-16.7078743,3.32325268,5.53514671,0.102252603,0.195447788,-9.68083763,-0.52247715,-0.000254631042,1
1757,17.809979,2.37593389,3.68572497,2.21497893,3.1194284,-18.0821075,-4.95935106,-9.71705627,-0.676215649,-15.1846418,10.9992905,11.3406744,0.100122072,0.115552969,-9.71705627,-0.619585991,-0.000254631042,1
1758,17.819997,2.48372984,3.75438881,2.48077631,2.99686646,-15.3218536,-8.74856949,-9.45713139,-0.770611286,-16.9497719,4.89917564,7.10867453,0.208779052,0.555507183,-9.45713139,-0.715777397,-0.000254631042,1
1759,17.829983,2.64763808,3.61484551,2.29397964,3.01384783,-9.82073784,-8.59545135,-9.53276539,-0.858886242,-13.0506792,-0.0920453891,8.6486721,0.329153955,0.300908983,-9.53276539,-0.810961723,-0.000254631042,1
1760,17.839980,2.87504268,3.65397668,1.97723782,3.12681174,2.75035238,-14.2079411,-9.57111549,-0.956820011,-5.93747187,-13.1975927,6.52668476,0.692409098,0.268951029,-9.57111549,-0.90651226,-0.000254631042,1
1761,17.849977,3.09137201,3.78687572,1.98166788,2.90088415,-14.3116388,0.36690715,-9.68509865,-1.06201696,-12.3201981,7.2918005,9.86773682,0.875634551,0.245515227,-9.68509865,-1.00264263,-0.000254631042,1
1762,17.859984,2.98948312,3.91460609,1.97576118,2.83000445,-14.5447435,-11.1835575,-9.65740108,-1.14744854,-17.8550892,-4.22105932,2.62280297,0.711583853,0.38506487,-9.65740108,-1.09944439,-0.000254631042,1
1763,17.869981,3.09727883,3.79278255,1.95065796,2.68455458,-13.2068262,4.79133177,-9.70107746,-1.23770475,-10.9143219,8.84616852,13.4051809,0.592274249,0.410631239,-9.70107746,-1.19508266,-0.000254631042,1
1764,17.879977,3.19178462,3.64142537,1.90635848,2.55830073,-21.5677013,-1.58709383,-9.67657661,-1.35962868,-21.4212723,2.96878958,15.0122395,0.524097323,0.412761748,-9.67657661,-1.29215908,-0.000254631042,1
1765,17.889973,3.52698469,3.81271696,1.96025622,2.35304594,-19.9678707,6.22581625,-9.62970448,-1.44303656,-19.0118828,8.71923256,14.1260815,0.569903672,0.338193238,-9.62970448,-1.38835049,-0.000254631042,1
1766,17.899982,3.20064449,3.77727723,2.17067909,2.31243825,-11.0407228,2.14026809,-9.65100956,-1.5508132,-10.9957523,2.3604548,5.31959486,0.29186967,0.313692153,-9.65100956,-1.48484707,-0.000254631042,1
1767,17.909979,3.30327201,3.79425883,2.27995157,2.27995157,-12.4394922,-8.78317356,-9.59668159,-1.64565325,-11.7477884,-9.68888855,6.3710084,0.103317864,0.262559444,-9.59668159,-1.5812521,-0.000254631042,1
1768,17.920005,3.30917859,3.56685448,2.36042929,2.21054888,-10.7879753,4.17704487,-9.73196983,-1.73520184,-11.0484428,2.40117002,10.3395557,-0.0383623056,0.410631239,-9.73196983,-1.67799282,-0.000254631042,1
1769,17.929982,3.66874337,3.56094766,2.27404475,2.17510915,-27.9893532,5.67488861,-9.75540543,-1.81785297,-17.8311386,5.9481945,23.5816212,-0.0277096573,0.3669554,-9.79482079,-1.77509928,-0.000254631042,1
1770,17.940005,3.74183774,3.43100238,2.45936489,2.08208013,-9.89706326,11.9538393,-9.77564621,-1.92258024,-12.1645222,11.509429,24.6641693,0.104383133,0.0292665418,-9.76712418,-1.87324381,-0.000254631042,1
1771,17.949979,3.60893893,3.36972117,2.64320827,2.30948472,-12.5893908,6.10033894,-9.52530861,-2.02243376,-17.1174221,2.71252251,15.1128302,-0.022383336,-0.208287433,-9.47843742,-1.97028971,-0.000254631042,1
1772,17.959998,3.83929658,3.36012292,2.81966829,2.41432667,-10.2347183,15.2409935,-9.41452122,-2.11791849,-9.95870876,8.87251377,9.54680443,-0.0149264848,-0.150763154,-9.43689156,-2.06553507,-0.000254631042,1
1773,17.970041,3.65545344,3.05076432,2.77610683,2.24451208,-13.4868317,15.7406054,-9.70001221,-2.22121572,-16.0995388,-2.10386181,12.5549488,0.181082174,0.00583072472,-9.75114441,-2.16206217,-0.000254631042,1
1774,17.979979,3.65988326,2.97102499,2.81966829,2.16551113,0.83710146,17.600996,-9.70001221,-2.3203454,-11.3789558,13.4541855,5.2405591,0.480421484,0.00370019581,-9.61798668,-2.26014566,-0.000254631042,1
1775,17.989976,3.68941641,3.00498796,3.07291412,2.12121129,-14.9031172,5.56545782,-9.59774685,-2.41775751,-14.0398226,-7.48068047,1.41571283,0.315305501,0.410631239,-9.6616621,-2.35624552,-0.000254631042,1
1776,18.000003,3.88728809,2.99391294,2.59669352,2.08724833,-2.12939548,9.57133293,-9.69468594,-2.51597118,-9.00549221,3.87889719,8.85464382,0.774434447,0.539528251,-9.71066475,-2.45374918,-0.000254631042,1
1777,18.009977,3.96555042,3.11573696,2.72220898,2.10865998,-0.0980751887,13.7882214,-9.79482079,-2.61549282,-11.9729204,6.83914185,12.4040632,0.822371364,0.426610202,-9.77671146,-2.55149698,-0.000254631042,1
1778,18.020004,3.76324916,3.09875536,3.00941801,2.23860526,-1.32790697,14.1977196,-9.84488773,-2.7253828,-13.5224981,4.52555227,9.27137756,0.894809306,0.504374504,-9.79162502,-2.6503129,-0.000254631042,1
1779,18.030003,3.32468343,3.07586718,2.98136187,2.2865963,2.24734282,11.1076994,-9.71173,-2.82452273,-9.8533287,5.59852171,14.8876982,0.728628099,0.298778474,-9.71173,-2.74864054,-0.000254631042,1
1780,18.039977,3.28776693,3.1209054,2.92746377,2.2644465,-3.42503142,15.6084223,-9.8107996,-2.92519665,-15.9797888,0.00615041237,20.9375191,0.390939265,0.398913324,-9.8107996,-2.84660196,-0.000254631042,1
1781,18.049994,3.44355392,3.05445576,3.13271856,2.25706339,16.0455837,21.0347042,-9.67125034,-3.01146507,-18.7747765,18.6394024,15.1894703,0.562446833,0.146445632,-9.67125034,-2.94474649,-0.000254631042,1
1782,18.059978,3.37710452,2.8861177,3.34904814,2.2984097,0.519318461,16.3633118,-9.60307312,-3.11028862,-16.3390408,1.03121877,19.7208481,0.467638314,0.22953625,-9.60307312,-3.04127359,-0.000254631042,1
1783,18.069999,3.56242442,2.73254561,3.17184973,2.28290486,-0.0449449159,18.3513336,-9.60413837,3.07698417,-18.3101425,-1.2296797,15.3235922,0.283347577,0.116618231,-9.60413837,-3.13813639,-0.000254631042,1
1784,18.079973,3.55134964,2.39882207,3.46791887,2.32941961,-2.93058515,5.99630213,-9.52637386,2.99184799,-5.4919982,-3.79235077,4.05023479,0.329153955,-0.100695714,-9.52637386,3.04861355,-0.000254631042,1
1785,18.090002,3.39703918,2.28954983,3.61189222,2.41949511,-1.15375435,16.6079178,-9.55407047,2.89596987,-15.8289022,-5.15751171,8.7444725,0.0372714698,-0.274333805,-9.55407047,2.95202541,-0.000254631042,1
1786,18.099976,3.48194671,2.23343706,3.42509556,2.5162158,6.39690304,16.537981,-9.54980946,2.80379868,-17.723362,0.554609895,15.6301546,-0.164063498,-0.0857820138,-9.54980946,2.85562038,-0.000254631042,1
1787,18.110004,3.53436804,2.14409947,3.44798398,2.42392492,15.8073683,19.7093716,-9.58815956,2.71138406,-24.5060577,6.14698124,12.7489452,-0.0639286488,0.0409844518,-9.58815956,2.75915432,-0.000254631042,1
1788,18.119979,3.23682237,2.16551113,3.8112402,2.59817028,10.5465059,14.6962729,-9.63183498,2.60922956,-18.0155544,1.62757874,-2.29417253,-0.121452935,0.181599349,-9.63183498,2.6620779,-0.000254631042,1
1789,18.129994,3.15929818,2.15812778,3.95373726,2.67717099,12.7777472,5.04172277,-9.57537651,2.51776361,-11.5561876,7.42592144,12.7106256,-0.0926907957,0.276407897,-9.57537651,2.56558132,-0.000254631042,1
1790,18.140001,3.05445576,2.29693317,3.51295662,2.522861,6.60901213,6.4512167,-9.63396549,2.42655897,-9.20427895,0.760581553,6.65122557,-0.235436216,0.183729887,-9.63396549,2.46893215,-0.000254631042,1
1791,18.149975,3.03747416,2.1795392,3.62444377,2.75100398,11.5391712,11.4924812,-9.73623085,2.33116007,-16.2815609,-0.37465772,6.15306139,0.0628378168,0.42874074,-9.73623085,2.37188625,-0.000254631042,1
1792,18.159983,3.09875536,2.22014713,3.85923147,2.98136187,9.37465572,-4.91876316,-9.72025204,2.23202229,-4.37831354,9.63891983,11.0365067,0.202387467,0.59598726,-9.72025204,2.27407742,-0.000254631042,1
1793,18.169980,3.06626892,2.24155879,3.47308707,2.80416346,26.4661102,-2.66081166,-9.61585617,2.13873482,-20.8799992,16.4790955,8.4307251,0.376025587,0.811170638,-9.61585617,2.19656277,-0.000254631042,1
1794,18.179978,3.00941801,2.32794285,3.64585495,2.9090054,16.443861,7.32269764,-9.63076973,2.03520942,-17.9820251,0.818062067,-8.88766193,0.741411269,0.848454893,-9.63076973,2.10037136,-0.000254631042,1
1795,18.189974,2.99095964,2.44828987,3.31065512,3.18366313,15.9774475,-8.77248287,-9.55513573,1.94679499,-11.6400127,14.0265951,10.5622931,0.712649107,0.825019121,-9.55513573,2.00378323,-0.000254631042,1
1796,18.199983,2.95035172,2.52581406,3.26857042,2.99981976,15.5337534,0.459753036,-9.37723732,1.85647178,-15.0337553,3.93637753,11.9082937,0.697735429,0.605574608,-9.37723732,1.90826321,-0.000254631042,1
1797,18.209981,2.9304173,2.50292611,3.60229397,3.1209054,20.5608044,5.32895231,-9.497612,1.7549448,-21.1889553,-1.47397172,8.39958954,0.709453344,0.593856692,-9.497612,1.81335354,-0.000254631042,1
1798,18.219978,2.8115468,2.51326275,3.53436804,3.30917859,6.57190657,-9.37388039,-9.54661369,1.66200614,-5.69078493,9.93350601,21.2440815,0.792543948,0.650315762,-9.54661369,1.71758938,-0.000254631042,1
1799,18.229975,2.40546703,2.57380581,3.35421634,3.29219699,3.76943898,1.79780149,-9.39002037,1.56711388,-3.76279354,-1.81166947,21.0285301,0.723301768,0.146445632,-9.39002037,1.6223135,-0.000254631042,1
1800,18.260001,2.20759583,2.49480438,3.36307645,3.81567025,12.7348785,-1.80124772,-9.44221783,1.27445936,-12.7057962,-1.996086,5.56867695,0.581621587,-0.42986244,-9.44221783,1.33625698,-0.000254631042,1
1801,18.270003,2.21054888,2.4564116,3.52550793,3.36307645,23.4964676,-29.4650249,-9.52424335,1.17343855,-33.0682526,18.0765724,1.33667719,0.22369276,-0.258354872,-9.52424335,1.24067593,-0.000254631042,1
1802,18.279979,2.15369797,2.47634649,3.74922061,3.45905876,2.30283904,-11.7056923,-9.54022217,1.07910419,-7.5565052,9.2317667,6.0692358,0.182147443,-0.0165398289,-9.54022217,1.1449728,-0.000254631042,1
1803,18.289999,2.26149368,2.66757298,3.34018803,3.83560538,2.90715528,-3.60740948,-9.38362885,0.988562584,-4.41184378,1.41442192,5.37228537,0.11183998,-0.213613763,-9.38362885,1.04942226,-0.000254631042,1
1804,18.299973,2.35599923,2.7406671,3.40368414,3.96850395,11.4950991,-7.19542217,-9.41345596,0.886424065,-13.4554377,-1.69191849,8.0044117,-0.135301366,-0.0080177132,-9.41345596,0.954878807,-0.000254631042,1
1805,18.309995,2.2644465,2.85363102,3.39113283,3.54101276,6.51868963,-22.7994308,-9.47843742,0.791976213,-20.6548672,11.6483402,-3.11087418,0.0031830112,-0.0271924734,-9.47843742,0.859938622,-0.000254631042,1
1806,18.319981,2.24155879,2.90605235,3.37415123,3.66874337,9.65351295,-12.3754911,-9.42943478,0.693831682,-15.6875963,0.492339373,2.88386011,-0.223718315,0.314757437,-9.42943478,0.764937401,-0.000254631042,1
1807,18.329997,2.23343706,2.94001555,3.24125242,3.80385685,6.16730452,-13.605197,-9.63290024,0.593708277,-14.7271929,2.49936581,8.10739803,-0.200282499,0.376542777,-9.63290024,0.669356346,-0.000254631042,1
1808,18.339982,2.31391478,2.95035172,3.19621468,3.32615995,1.82002461,-7.98112631,-9.60094261,0.506034851,-7.86306763,2.27662897,6.18419695,-0.295091033,0.461763918,-9.60094261,0.572432518,-0.000254631042,1
1809,18.349999,2.34640074,3.06036258,2.93853855,3.3010571,6.3662219,-8.12071419,-9.58815956,0.404436827,-9.97068405,-2.65711141,10.1838799,-0.281242579,0.502243996,-9.58815956,0.476241112,-0.000254631042,1
1810,18.359984,2.4224484,3.01237154,2.60333824,3.26266384,2.26906037,-17.8386459,-9.87471581,0.300346136,-17.7113876,3.11009574,13.4219465,-0.161932975,0.484134465,-9.87471581,0.378645897,-0.000254631042,1
1811,18.369981,2.52729082,3.08177376,2.46231818,3.29367375,-6.76889992,-8.07763195,-9.65527058,0.208653927,-6.50030136,8.29531384,25.5431423,-0.0554065369,0.47241658,-9.65527058,0.280440331,-0.000254631042,1
1812,18.379977,2.51473927,3.15929818,2.41432667,3.4154973,0.875991225,-5.49369431,-9.66485786,0.113422155,-14.3152494,-5.30839777,17.5701199,0.0287493579,0.272146821,-9.66485786,0.184279442,-0.000254631042,1
1813,18.389974,2.57232881,3.2796452,2.31908298,3.1807096,-8.96245575,-20.0792255,-9.73303509,0.0363786221,-12.2866678,2.65264702,1.05166984,0.240736991,0.307300568,-9.72983932,0.0871114731,-0.000254631042,1
1814,18.399983,2.61367512,3.42361903,2.2644465,3.36455297,-8.09573936,-10.8970299,-9.64887905,-0.0618453026,-7.42717409,12.853035,4.65138435,0.580556333,0.618357778,-9.60626888,-0.00962924957,-0.000254631042,1
1815,18.409979,2.60629177,3.52255487,2.25263333,3.4376471,9.42951488,-11.4433279,-9.5988121,-0.144094944,-23.4019547,10.6112967,20.3004436,0.715844929,0.684404194,-9.55513573,-0.105759621,-0.000254631042,1
1816,18.419975,2.60333824,3.86809182,2.14114642,3.23165417,-16.3360004,-15.5906582,-9.53596115,-0.240931511,-6.50509119,-2.31222868,-1.89180923,0.844741881,0.570420921,-9.43902206,-0.201249123,-0.000254631042,1
1817,18.429984,2.5162158,3.91755915,2.00824761,3.27669215,1.17433798,-9.33913326,-9.46352291,-0.329431057,-12.7536974,0.928232968,12.8758812,0.987487316,0.715296865,-9.49335098,-0.29579258,-0.000254631042,1
1818,18.439981,2.64911485,3.83929658,1.96616292,3.3985157,-13.4295921,-20.185976,-9.57963753,-0.434175014,-23.962389,3.6920855,14.9020681,0.672169089,0.798387468,-9.55833149,-0.391221046,-0.000254631042,1
1819,18.449999,2.74657369,3.88876462,1.89823687,3.12976527,-14.3111048,-0.11075823,-9.6222477,-0.511290073,-7.09905624,12.4267216,-5.65438509,0.711583853,0.935806632,-9.56578827,-0.486954689,-0.000254631042,1
1820,18.459983,2.77315354,3.95816708,1.90635848,3.1209054,-2.77611089,-6.518888,-9.43263054,-0.625653744,-6.90984964,-1.56737745,4.63222456,0.654059589,0.6396631,-9.46032715,-0.582139015,-0.000254631042,1
1821,18.470001,2.84698606,4.16489887,2.24155879,3.1039238,-15.8498545,-6.81492853,-9.57644176,-0.697970867,-15.4073792,7.76361942,17.6228104,0.594404757,0.358433276,-9.55833149,-0.677416801,-0.000254631042,1
1822,18.479975,2.79013491,4.06300926,2.26001668,3.09727883,-8.2259903,-14.4149694,-9.57963753,-0.803123951,-15.929493,-4.65934801,8.93128395,0.423962474,0.109161377,-9.57963753,-0.772631645,-0.000254631042,1
1823,18.490005,2.88242602,3.95152235,2.19356751,2.96733332,-14.4331551,-3.46105337,-9.64568329,-0.894380093,-13.4219074,6.33618736,10.8904104,0.401591927,0.126205608,-9.64568329,-0.868548393,-0.000254631042,1
1824,18.499980,2.94296861,4.05562639,2.3205595,2.94296861,-10.8604136,-7.47221851,-9.62863922,-0.988218307,-13.1800108,-0.26448682,3.48979998,0.265238076,-0.194438994,-9.62863922,-0.964343071,-0.000254631042,1
1825,18.509997,3.04633451,4.19000149,2.34935403,2.90309906,-6.83658075,-3.98506784,-9.56578827,-1.06708574,-7.91096783,-0.190241203,5.87523937,0.134210542,-0.254093796,-9.56578827,-1.05964947,-0.000254631042,1
1826,18.519982,3.09137201,4.1124773,2.38331723,2.84846282,-18.9780006,0.347304821,-9.78629875,-1.17930365,-17.4096146,7.56243753,9.6186552,0.281217039,-0.254093796,-9.78629875,-1.1560545,-0.000254631042,1
1827,18.530004,3.14527011,3.67834139,2.49332786,2.73623729,-16.2261868,-0.258254796,-9.74581814,-1.27656603,-15.6037703,4.4584918,14.9643383,0.416505635,-0.107087307,-9.74581814,-1.25337124,-0.000254631042,1
1828,18.539980,3.24863577,3.62592053,2.47634649,2.64616156,-17.5949192,-0.479218066,-9.69042492,-1.38167715,-17.371294,2.83706355,-2.39236832,0.324892879,-0.254093796,-9.69042492,-1.35011196,-0.000254631042,1
1829,18.550005,3.46348858,3.66874337,2.59669352,2.55830073,-15.4936752,1.91292536,-9.74049187,-1.48147821,-15.2612829,3.28732729,-3.60185313,0.37922138,0.168816179,-9.74049187,-1.44718838,-0.000254631042,1
1830,18.560028,3.24568224,3.61189222,2.5331974,2.44976664,-7.76596832,5.81846952,-9.88004208,-1.58180285,-7.82953739,5.73264265,15.6229696,0.155515835,0.331801653,-9.88004208,-1.54527187,-0.000254631042,1
1831,18.569979,3.43395567,3.52550793,2.15000629,2.36190581,-5.5582428,-4.18712473,-9.74049187,-1.6634264,-5.14711523,-4.68329811,24.7767353,0.189604297,0.213557288,-9.74049187,-1.64317226,-0.000254631042,1
1832,18.579995,3.39556241,3.38965631,2.26740003,2.2984097,-19.3961201,1.22923517,-9.65100956,-1.7752161,-19.241806,-2.73375201,-0.0500391498,0.108644187,0.26682052,-9.65100956,-1.73933268,-0.000254631042,1
1833,18.589982,3.54839611,3.45093727,2.39291549,2.32941961,-1.84790242,9.153862,-9.75540543,-1.86365366,-4.41184378,8.23064804,11.5945463,-0.0479496866,0.512896597,-9.75540543,-1.83622599,-0.000254631042,1
1834,18.600000,3.47751689,3.50852656,2.44828987,2.23565197,0.0898410678,22.2079945,-9.65100956,-1.97404003,-8.63186932,20.4620132,18.9712067,-0.00214331108,0.462829202,-9.65100956,-1.93287516,-0.000254631042,1
1835,18.609974,3.72485614,3.20064449,2.68972278,2.15812778,-16.941206,-1.38659298,-9.47098064,-2.07487154,-14.1643639,-9.39669609,10.1766949,0.0436630584,0.303039521,-9.47098064,-2.0291276,-0.000254631042,1
1836,18.620004,3.70787501,3.13271856,2.93853855,2.15812778,-14.3095512,19.6096306,-9.60307312,-2.17701006,-22.9325314,7.96240568,11.8029127,0.0362062082,0.362694323,-9.60307312,-2.12562418,-0.000254631042,1
1837,18.629979,3.58531237,3.07291412,2.94149208,2.16551113,-10.1810436,13.9881954,-9.64887905,-2.27150917,-16.801281,4.12797928,20.0848923,0.058576759,0.550180852,-9.64887905,-2.2032609,-0.000254631042,1
1838,18.639995,3.74331403,3.22131753,2.89350104,2.26001668,9.58148289,5.93232632,-9.46885014,-2.37785792,2.34211135,11.0232401,9.43663311,0.281217039,0.173077241,-9.46885014,-2.29939127,-0.000254631042,1
1839,18.650001,3.80016565,3.10687709,2.70005894,2.37445736,-17.7339096,10.2381392,-9.53702641,-2.46797156,-19.0645733,-7.47349548,4.93639135,0.233280137,0.375477493,-9.53702641,-2.39497232,-0.000254631042,1
1840,18.659975,3.98917675,2.88759422,2.90309906,2.38331723,-2.67394686,15.6901531,-9.60094261,-2.57709432,-14.6864777,6.13500595,-3.00788832,0.438876182,0.501178682,-9.60094261,-2.49146891,-0.000254631042,1
1841,18.669996,3.94266248,2.89350104,3.06036258,2.36338258,0.782871425,13.2271709,-9.64142227,-2.67453313,-11.4579916,6.65472507,5.17589331,0.447398305,0.826084375,-9.64142227,-2.58808756,-0.000254631042,1
1842,18.679980,3.95152235,2.90605235,3.07734394,2.31686807,-6.36945915,11.9240465,-9.64461803,-2.77504015,-13.4147224,-1.67275834,6.00217533,0.616775334,0.744059026,-9.64461803,-2.68473673,-0.000254631042,1
1843,18.689978,3.98917675,2.85363102,3.24863577,2.31391478,6.2375927,17.3164482,-9.69894695,-2.86632228,-14.9690905,10.7094927,4.76155519,0.589078426,0.762168527,-9.69894695,-2.78214884,-0.000254631042,1
1844,18.699974,3.80164218,2.82852769,3.42952585,2.3153913,-5.34991646,14.3521709,-9.75114441,-2.97488642,-15.0409412,-2.89421844,33.9376869,0.39733088,0.924088717,-9.75114441,-2.88007975,-0.000254631042,1
1845,18.709982,3.98253202,2.77463007,3.04633451,2.39586878,13.2456961,8.66760445,-9.85340977,-3.05378842,-7.47267914,13.9547443,20.1447678,0.535815239,0.3541722,-9.85340977,-2.97834635,-0.000254631042,1
1846,18.719978,3.58900428,2.72220898,3.17184973,2.4224484,4.98879385,21.4561024,-9.78416824,3.1191659,-21.5625801,4.50639248,2.83356452,0.44100672,0.223144665,-9.78416824,-3.07655191,-0.000254631042,1
1847,18.729976,3.15929818,2.64320827,3.42804885,2.44386005,5.67385244,-0.179253057,-9.80121231,3.02972364,-0.455271691,5.6583972,12.7058353,0.435680389,0.0164833684,-9.80121231,3.10839748,-0.000254631042,1
1848,18.739984,3.26414061,2.58414173,3.56537747,2.44386005,3.28321409,14.2342567,-9.69255543,2.93499804,-14.6050472,0.293552756,24.5516033,0.316370755,-0.00162612647,-9.69255543,3.01040554,-0.000254631042,1
1849,18.749981,3.34314132,2.48742127,3.39113283,2.48742127,-13.7837534,13.7717571,-9.77671146,2.85099721,-9.24499416,-17.1517696,16.6216927,0.428223521,-0.192308471,-9.77671146,2.9131155,-0.000254631042,1
1850,18.760011,3.47751689,2.38036418,3.45610571,2.66314292,8.86528206,10.0624361,-9.60626888,2.74052286,-12.7249565,4.23335981,12.6363792,0.483617276,-0.221070603,-9.60626888,2.81576443,-0.000254631042,1
1851,18.779995,2.96733332,2.26740003,3.96555042,2.93484712,17.5544815,4.52739477,-9.76712418,2.55724239,-13.460228,12.1441097,16.3773994,0.262042284,0.0782687142,-9.76712418,2.62216091,-0.000254631042,1
1852,18.789981,3.1194284,2.22162366,3.54396629,2.96733332,11.3845816,10.3269711,-9.61479092,2.4495697,-15.2157774,2.17603827,3.78917742,0.100122072,-0.0282577388,-9.61479092,2.52459621,-0.000254631042,1
1853,18.799975,3.21171927,2.16403437,3.88507271,2.93484712,29.5830669,5.43695927,-9.61479092,2.36042333,-24.6904755,17.1784401,24.5372334,0.301457077,0.263624728,-9.61479092,2.42782497,-0.000254631042,1
1854,18.809998,2.93706203,2.26961493,3.96112037,2.90088415,10.5923872,9.43380833,-9.70427322,2.27030015,-14.1787338,-0.39860791,7.49906254,0.158711627,0.109161377,-9.70427322,2.33074856,-0.000254631042,1
1855,18.819983,2.97840834,2.52581406,3.83782005,2.93484712,5.00324059,4.66062307,-9.63503075,2.16924262,-9.38630009,0.09476614,4.85975122,-0.0159917492,0.267885774,-9.63503075,2.23361111,-0.000254631042,1
1856,18.829981,2.87061262,2.51473927,4.00246668,3.03895116,12.7743692,-1.86003935,-9.59774685,2.09371638,-11.0747881,2.74365783,-8.78228092,0.0766862556,0.271081567,-9.58815956,2.13717556,-0.000254631042,1
1857,18.840004,2.79308844,2.42983174,4.07260799,3.10835361,17.8719788,7.77087784,-9.63396549,1.99600863,-11.1274786,-2.66908646,16.0852089,0.247128576,0.678012609,-9.64142227,2.04052639,-0.000254631042,1
1858,18.850014,2.84698606,2.37002754,3.92420411,3.137887,9.73332405,1.20024514,-9.79695129,1.895998,-12.6602917,9.75627518,9.66416073,0.306783378,0.56509459,-9.79269028,1.94290066,-0.000254631042,1
1859,18.860003,2.82262135,2.44533682,3.84815669,3.37562799,17.1648922,13.4173498,-9.61159515,1.80917883,-6.78291368,-2.41281939,6.44525385,0.16723375,0.493721843,-9.71066475,1.84570217,-0.000254631042,1
1860,18.869994,2.58931017,2.42392492,3.57940578,3.0278759,13.3547592,-6.46315098,-9.92478275,1.70929861,-12.4782696,12.958416,19.622654,0.389874011,0.513961911,-9.88536835,1.74667263,-0.000254631042,1
1861,18.879980,2.54574895,2.53984261,3.74183774,2.98652959,0.421653092,-4.73524332,-9.69575119,1.61067462,-0.232534841,4.74828911,11.5777807,0.465507805,0.244449958,-9.63716125,1.64861965,-0.000254631042,1
1862,18.889978,2.62327337,2.51769257,3.60229397,3.33723497,11.4163494,-1.33246791,-9.75434017,1.5085113,-11.4771519,0.619275391,11.3334894,0.444202513,0.222079411,-9.76818943,1.55168056,-0.000254631042,1
1863,18.899975,2.46527147,2.52433753,3.3165617,3.64142537,19.4567261,-3.72382092,-9.7990818,1.40945148,-19.8022404,0.549819827,14.4853344,0.413309842,0.0527023599,-9.77777672,1.45359707,-0.000254631042,1
1864,18.909983,2.32351303,2.51990771,3.25380397,3.71821117,1.18456292,-1.26123714,-9.78629875,1.30885649,-1.47075999,0.911467791,17.8455467,0.455920398,0.0228749551,-9.8107996,1.35566616,-0.000254631042,1
1865,18.919981,2.2865963,2.53467417,3.29367375,3.38817954,9.02516556,-11.8427687,-9.80653858,1.2121768,-12.6076012,7.92169046,11.0005817,0.561381578,-0.151828423,-9.80653858,1.25730801,-0.000254631042,1
1866,18.929980,2.23565197,2.61810493,3.37562799,3.5070498,13.2968416,-11.9039335,-9.73942661,1.11785936,-17.1653233,4.8848052,14.4709644,0.463377267,0.145380363,-9.73942661,1.15971279,-0.000254631042,1
1867,18.939977,2.24746537,2.75469542,3.07291412,3.73371601,9.90017128,-2.67420506,-9.81719112,1.01379514,-9.81740284,-2.96367407,2.11505866,0.308913916,0.231666788,-9.81719112,1.06114101,-0.000254631042,1
1868,18.949974,2.24451208,2.91638875,3.21614957,3.67243505,10.5802031,-24.8607292,-9.78629875,0.911892891,-23.5863705,13.1787577,-12.8538141,0.469768852,0.234862581,-9.78629875,0.962721825,-0.000254631042,1
1869,18.959983,2.2984097,3.04042768,3.56242442,3.59638739,6.27337885,-10.7599716,-9.60946465,0.809126377,-11.9657354,3.45737362,6.17222166,0.386678219,0.664164186,-9.60946465,0.865645409,-0.000254631042,1
1870,18.970017,2.37002754,3.10835361,2.89940739,3.86809182,6.25661707,-11.2165861,-9.59135532,0.714939356,-12.5716753,2.62869692,18.4323273,0.222627491,0.613031447,-9.59135532,0.768538475,-0.000254631042,1
1871,18.979980,2.65871286,3.07734394,2.89054751,3.85258651,6.1459794,-18.6442719,-9.61372566,0.618208408,-18.7556171,5.79730797,16.9258595,0.259911746,0.430871248,-9.61372566,0.671675682,-0.000254631042,1
1872,18.989978,2.57971191,2.93189383,2.8270514,3.52550793,2.1119566,-15.7308636,-9.80227757,0.50947094,-14.7631187,5.82844353,0.953474045,0.26097703,0.376542777,-9.80227757,0.573927879,-0.000254631042,1
1873,18.999995,2.49775791,3.04485774,2.77020049,3.62444377,-12.4760551,-21.4417381,-9.76392746,0.421589375,-14.458951,20.1578465,21.8045158,0.320631832,0.444719702,-9.76392746,0.476058006,-0.000254631042,1
1874,19.009980,2.49628115,3.17037296,2.43943,3.65028524,-3.71221375,-7.97048569,-9.62331295,0.320531845,-6.39492035,6.03441525,11.1514673,0.24180226,0.117683493,-9.62331295,0.378676414,-0.000254631042,1
1875,19.020067,2.57675862,3.35716963,2.75617194,3.54987288,5.19947147,-12.7194147,-9.71812153,0.224811077,-13.558424,-2.23319292,-19.931097,0.218366444,0.140054047,-9.71812153,0.28120327,-0.000254631042,1
1876,19.029973,2.52138424,3.51590967,2.93853855,3.75586581,-5.03813648,-11.755681,-9.75220966,0.133363008,-10.9813824,6.55652952,-8.79425621,0.479356229,0.146445632,-9.75220966,0.183882713,-0.000254631042,1
1877,19.040059,2.38036418,3.50188184,2.54427242,3.51738644,5.48380041,-8.70032024,-9.55833149,0.0292544365,-8.85700035,-5.22696733,13.6135473,0.462311983,0.208230972,-9.55833149,0.0862264633,-0.000254631042,1
1878,19.049979,2.12564158,3.4900682,2.47191644,3.58531237,6.80451775,-15.9928732,-9.74475288,-0.0569262505,-15.5798206,-7.7034173,10.3491364,0.655124843,-0.0453019701,-9.74475288,-0.010178566,-0.000254631042,1
1879,19.060004,2.20759583,3.63182712,2.44238353,3.44207716,-8.64603138,-20.4838142,-9.77671146,-0.157973766,-21.5889244,5.31590939,9.77433109,0.345132917,0.0846602991,-9.77671146,-0.108262062,-0.000254631042,1
1880,19.069979,2.26592326,3.78466082,2.39439225,3.25675726,-8.11565113,-15.7847481,-9.7234478,-0.251811504,-17.3090248,3.92679763,7.30746078,0.318501294,0.196513057,-9.7234478,-0.185837746,-0.000254631042,1
1881,19.079998,2.550179,3.55947113,2.37888741,3.48046994,-11.6841621,-6.4342432,-9.91626072,-0.342825413,-9.98744965,8.84137821,17.1509914,0.337676048,0.3669554,-9.91626072,-0.28407383,-0.000254631042,1
1882,19.089984,2.5752821,3.48342323,2.47634649,3.46053529,-12.6289845,-6.94445801,-9.78416824,-0.436540604,-11.6328278,8.50847054,21.7949352,0.413309842,-0.0570198782,-9.78416824,-0.382554054,-0.000254631042,1
1883,19.100003,2.82557487,3.59934068,2.40029883,3.16520476,-6.14789343,-12.9433556,-9.76286221,-0.522816658,-14.2841148,-1.13627398,4.94597149,0.364307672,0.0335276015,-9.76286221,-0.480118752,-0.000254631042,1
1884,19.109976,2.92303395,3.76472592,2.26592326,3.13124204,-9.8119173,-16.8618813,-9.70959949,-0.626785278,-19.4118519,-1.94339561,4.29213142,0.305718124,0.102769792,-9.70959949,-0.578263283,-0.000254631042,1
1885,19.120002,3.00498796,3.78023076,2.18249249,3.02639937,-11.6026917,-10.8486652,-9.84701824,-0.731775761,-15.8241119,1.38328671,-1.49184096,0.042597793,0.195447788,-9.84701824,-0.67479229,-0.000254631042,1
1886,19.129977,3.12385869,3.68277168,2.15960455,3.05740929,-6.16252565,-9.32304859,-9.78736401,-0.821699619,-10.8616314,-2.63076615,3.10899186,-0.171520352,0.370151192,-9.78736401,-0.772601128,-0.000254631042,1
1887,19.140005,3.13936353,3.68129492,2.1300714,2.82557487,-16.280117,-5.22732496,-9.86299706,-0.910776138,-16.0660095,5.85239363,9.96114254,-0.0756465644,0.682273686,-9.86299706,-0.87022686,-0.000254631042,1
1888,19.149980,3.14969993,3.79868865,2.12121129,2.65871286,-18.029789,-7.51378632,-9.78629875,-1.00671339,-19.2537804,3.2897222,12.04002,-0.0330359787,0.869760215,-9.78629875,-0.968279839,-0.000254631042,1
1889,19.160001,3.36750627,3.75881934,2.10053825,2.7081809,-15.2257328,-5.19108295,-9.81825638,-1.113585,-15.9534435,2.06347227,14.4637794,-0.00746963359,0.557637751,-9.81825638,-1.06611919,-0.000254631042,1
1890,19.170015,3.59048057,3.90869951,2.0806036,2.67717099,-26.8256531,8.09383392,-9.90560818,-1.20658445,-22.1828899,17.1185646,-1.32418954,0.187473774,0.480938673,-9.90560818,-1.16429424,-0.000254631042,1
1891,19.179979,3.63035035,4.02166319,2.24598885,2.66609621,-3.06260157,-4.31059933,-9.68403339,-1.31247234,-4.06217098,-3.3851974,12.3370018,0.320631832,0.434067041,-9.68403339,-1.26185513,-0.000254631042,1
1892,19.190010,3.29958034,3.99065375,2.21202564,2.62770319,-16.4862309,-8.62355042,-9.77777672,-1.40841961,-17.6634865,-5.84488249,14.6960964,0.61571002,0.287060559,-9.77777672,-1.35926723,-0.000254631042,1
1893,19.200003,3.18735456,3.93158722,2.21054888,2.59521699,-26.1003151,17.4112301,-9.84275723,-1.51572752,-25.1024189,18.8214245,5.24295425,0.873504043,0.603444099,-9.84275723,-1.4572897,-0.000254631042,1
1894,19.210001,3.39260936,3.7263329,2.23343706,2.56125402,-11.8288956,-4.85741997,-9.68829441,-1.60573721,-11.651988,-5.26768255,9.34083271,0.823436618,0.272146821,-9.68829441,-1.55464077,-0.000254631042,1
1895,19.219976,3.38670278,3.73371601,2.2984097,2.50883293,-11.3558006,4.93684149,-9.92052174,-1.71920109,-11.9609451,3.2035017,7.0152688,0.958725214,0.313692153,-9.92052174,-1.65220547,-0.000254631042,1
1896,19.229976,3.39556241,3.56094766,2.56716061,2.46674824,-11.3410826,-11.686739,-9.9237175,-1.81344891,-8.20076561,-14.0693808,3.04911637,0.694539607,-0.141175777,-9.9237175,-1.75160074,-0.000254631042,1
1897,19.239983,3.33206654,3.57792926,2.64911485,2.42687845,-14.8073053,10.0756016,-9.74688339,-1.92235422,-17.371294,4.36029625,23.6798172,0.565642595,0.549115598,-9.74688339,-1.85001993,-0.000254631042,1
1898,19.249980,3.45093727,3.48711514,2.64763808,2.34049416,-12.0624609,19.4839668,-9.82677841,-2.02636719,-19.4046669,12.1896152,15.4984283,0.438876182,0.475612372,-9.82677841,-1.94810343,-0.000254631042,1
1899,19.259976,3.40368414,3.53953624,2.54131913,2.3153913,-8.41522503,2.78423929,-9.74581814,-2.1238656,-2.67545485,1.62039363,13.9488506,0.402657181,0.294517398,-9.74581814,-2.04661417,-0.000254631042,1
1900,19.269973,3.48342323,3.53436804,2.63877821,2.26961493,-0.129302621,10.6410141,-9.78842926,-2.21149397,-17.8311386,8.80066299,6.56500483,0.601861596,-0.245571688,-9.77777672,-2.14463663,-0.000254631042,1
1901,19.279981,3.56685448,3.32615995,2.79013491,2.18396926,-7.61480141,8.19920635,-9.66592312,-2.30772114,-13.0842094,-1.47876179,14.1428471,0.442071974,-0.352098107,-9.63183498,-2.24265909,-0.000254631042,1
1902,19.289978,3.35864639,3.19916797,2.98431468,2.22162366,-19.1310883,9.62902451,-9.73090458,-2.39938879,-7.87743759,-6.96814632,1.89711177,0.276955992,-0.496974081,-9.72983932,-2.33985758,-0.000254631042,1
1903,19.299975,3.34904814,3.10023189,3.10835361,2.29397964,2.80980587,10.3421907,-9.61905193,-2.5081718,-16.351017,10.0700226,10.5215778,0.138471603,-0.290312797,-9.59455109,-2.43723917,-0.000254631042,1
1904,19.319999,3.4376471,2.68455458,3.26266384,2.34344769,-4.42270184,8.53177547,-9.77031994,-2.69785666,-13.0003843,2.53768611,11.5131159,-0.171520352,0.161359325,-9.81719112,-2.63142252,-0.000254631042,1
1905,19.329975,3.75438881,2.61219859,3.35052466,2.28954983,-2.82981277,12.7197361,-9.74688339,-2.80652547,-12.9429035,1.51022267,-9.00980759,-0.423988044,0.189056203,-9.70746899,-2.73011637,-0.000254631042,1
1906,19.339983,3.80533361,2.60776854,3.53289127,2.2880733,-0.608078539,6.73753262,-9.63396549,-2.90213251,-6.68950796,1.00726855,3.03714132,-0.51027447,0.522484004,-9.62863922,-2.82801676,-0.000254631042,1
1907,19.350003,3.86366129,2.57823539,3.24272919,2.04516387,-5.77588606,10.8157768,-9.78203773,-2.99423456,-11.546607,-4.12525845,13.2399244,-0.475120723,0.3722817,-9.87045479,-2.92610025,-0.000254631042,1
1908,19.359978,3.93454075,2.57675862,3.16520476,1.85689068,5.91293383,17.8113823,-9.84062672,-3.08458424,-17.4455414,6.91817713,8.70136261,-0.279112071,0.583204091,-9.82677841,-3.02506876,-0.000254631042,1
1909,19.370000,4.05193472,2.53024435,3.45093727,2.02818227,1.97816217,19.4604702,-9.76499271,3.10125017,-19.5244179,1.19168508,-3.16835451,0.165103212,0.583204091,-9.76499271,-3.12327433,-0.000254631042,1
1910,19.379975,4.01206446,2.45936489,3.47161031,2.39439225,10.7067537,11.6226406,-9.71492577,3.00825024,-12.9429035,9.0665102,0.680441856,0.691343844,0.700383186,-9.71492577,3.06149197,-0.000254631042,1
1911,19.390002,3.8452034,2.45788836,3.33501959,2.67864776,14.8318834,13.9719658,-9.69575119,2.91198897,-16.9809074,11.262742,4.18435574,0.798935533,0.701448441,-9.69575119,2.96438503,-0.000254631042,1
1912,19.400000,3.51590967,2.50883293,3.46348858,2.75912523,4.9670434,2.354985,-9.81293011,2.81108856,-3.83943439,3.93398261,16.0420971,1.08655691,0.676947355,-9.81293011,2.86602688,-0.000254631042,1
1913,19.409974,3.48711514,2.58635688,3.17184973,2.75100398,12.1487732,4.98464394,-9.67870712,2.7122016,-9.58987713,8.97070885,17.3521729,0.978965223,0.450046003,-9.67870712,2.76769924,-0.000254631042,1
1914,19.419982,3.38965631,2.49775791,3.07734394,2.68455458,6.54531002,19.3915062,-9.61692142,2.62146831,-20.0800629,-3.95760703,14.8421926,1.01838005,0.383999616,-9.61692142,2.67169094,-0.000254631042,1
1915,19.429980,3.1807096,2.4069438,3.21614957,2.70670438,33.7382507,1.76568568,-9.93863106,2.5188601,-21.1123161,26.3753166,33.7317123,0.964051545,0.358433276,-9.93863106,2.5733633,-0.000254631042,1
1916,19.439976,2.92008042,2.54279566,3.46201205,2.84698606,6.76582718,5.86207676,-9.71066475,2.42879796,-8.85939598,1.28509092,19.8525753,0.858590364,0.116618231,-9.71066475,2.47497463,-0.000254631042,1
1917,19.449973,3.00941801,2.56716061,3.59195733,2.76207876,24.5014725,0.556738973,-9.51359081,2.3322854,-18.1185417,16.503046,20.0130405,0.705192268,-0.000560861954,-9.51359081,2.37820339,-0.000254631042,1
1918,19.459981,3.0293529,2.49037457,3.4324789,2.86101437,-0.0304355137,19.5886078,-9.49122047,2.24752498,-12.2435579,-15.2908401,4.61785412,0.395200342,-0.243441164,-9.49122047,2.28338528,-0.000254631042,1
1919,19.469976,2.96438003,2.50440264,3.69827652,3.06774569,17.0939465,11.6533937,-9.51785183,2.1479156,-20.6836071,-0.439323246,15.2709017,0.215170637,0.0803992376,-9.51785183,2.18743801,-0.000254631042,1
1920,19.479984,2.9304173,2.51769257,3.78835201,2.83960271,12.8369522,1.07725215,-9.68935966,2.05068731,-11.884305,4.97102642,13.6806078,-0.193890914,-0.191243201,-9.68935966,2.09084988,-0.000254631042,1
1921,19.489980,2.87208939,2.50440264,3.74479079,2.86249113,10.2919559,1.86363161,-9.64887905,1.95670199,-10.2365313,2.14729786,1.89232171,-0.323853165,-0.208287433,-9.64887905,1.99362087,-0.000254631042,1
1922,19.499999,2.83000445,2.30210137,4.00468206,3.05740929,12.0870724,0.152783304,-9.53915691,1.86379814,-11.6160631,3.34480786,18.5688438,-0.480447054,0.105965585,-9.53915691,1.89709377,-0.000254631042,1
1923,19.509983,2.78201342,2.29693317,4.0135417,3.15117645,9.1247921,8.24802208,-9.64461803,1.7564373,-10.4904032,-6.42208195,0.881623507,-0.484708101,0.308365852,-9.64461803,1.81994534,-0.000254631042,1
1924,19.519999,2.78053665,2.26296997,4.10361767,2.96142673,14.0012178,-13.8235283,-9.75966644,1.66357613,-12.6602917,15.0612431,-0.440427363,-0.333440542,0.564029336,-9.75966644,1.72225857,-0.000254631042,1
1925,19.529973,2.74362063,2.31686807,3.62739706,3.21762609,4.57934093,1.58654189,-9.73410034,1.54610777,-4.53878021,-1.69910359,12.7633162,-0.0372970402,0.776016951,-9.73410034,1.62472439,-0.000254631042,1
1926,19.539999,2.68455458,2.35747576,3.15634465,3.42952585,5.60320234,0.962750494,-9.76179695,1.45155525,-5.44888783,-1.62246299,16.4348812,0.0031830112,0.614096761,-9.76179695,1.52635098,-0.000254631042,1
1927,19.549974,2.77463007,2.38996243,3.37710452,3.14969993,15.6804276,-13.7781153,-9.54341793,1.36065698,-18.2095509,10.2041435,8.28223419,0.299326539,0.667359948,-9.54341793,1.42939663,-0.000254631042,1
1928,19.559995,2.68972278,2.45788836,3.54101276,3.31360841,-0.210330501,-13.104044,-9.6723156,1.2660172,-3.73165846,12.5632381,18.5472889,0.663646936,0.895326555,-9.6723156,1.33308315,-0.000254631042,1
1929,19.569981,2.48077631,2.5331974,3.44650745,3.60893893,0.806787789,-21.2220707,-9.54448318,1.17114258,-9.0007019,19.2357635,20.7938175,0.64660269,0.554441929,-9.54448318,1.23554897,-0.000254631042,1
1930,19.580000,2.43278527,2.63877821,3.28629041,3.35716963,17.393631,1.57675159,-9.36338806,1.07756734,-14.5739117,-9.62422371,14.7631569,0.754194438,0.15496774,-9.36338806,1.14085293,-0.000254631042,1
1931,19.589975,2.37741089,2.78865838,3.14674664,3.29958034,13.0142145,-11.8904848,-9.60200787,0.981952429,-17.4263802,2.65983224,12.5765038,0.938485205,0.224209934,-9.60200787,1.04539394,-0.000254631042,1
1932,19.600004,2.11604333,2.90309906,2.78496695,3.65988326,17.681345,-9.5641346,-9.58815956,0.879822731,-19.7208099,-3.89773154,24.9755211,0.714779615,0.346715361,-9.58815956,0.948927879,-0.000254631042,1
1933,19.609998,2.16403437,2.99686646,2.84698606,3.83265185,-10.6879616,-19.796711,-9.71492577,0.783640146,-6.47874641,21.5445633,9.8749218,0.754194438,0.126205608,-9.71492577,0.852370262,-0.000254631042,1
1934,19.619984,2.17806244,2.89940739,2.93337035,3.38153458,6.49503183,-8.97850418,-9.50400352,0.680438757,-11.0652084,0.60011524,17.9772739,0.593339503,-0.0421061777,-9.50400352,0.755446434,-0.000254631042,1
1935,19.630000,2.40842032,2.99095964,3.17184973,3.55799413,15.2952547,-15.1796808,-9.46778393,0.586932898,-21.1099205,-4.32883501,1.24327147,0.626362681,0.127270877,-9.46778393,0.66010952,-0.000254631042,1
1936,19.639974,2.47782302,3.02639937,3.05297923,3.90722251,-1.79370999,-13.5165052,-9.55833149,0.486059427,-11.1131086,7.90013552,4.89328146,0.390939265,0.448980749,-9.55833149,0.563948631,-0.000254631042,1
1937,19.649996,2.56273055,3.17480302,2.79308844,3.49154496,-0.331848502,-8.78969288,-9.45393562,0.393032789,-7.99239874,3.67292547,5.29324961,0.34832871,-0.0218661521,-9.45393562,0.467452049,-0.000254631042,1
1938,19.659981,2.53172088,3.1533916,3.01827788,3.60746217,0.817594826,-13.1317701,-9.42091274,0.295202494,-12.8015976,3.0382452,19.0478477,0.224758029,0.0697465986,-9.42091274,0.372023582,-0.000254631042,1
1939,19.669996,2.56937575,3.21171927,3.00498796,3.89024138,2.95109653,-11.1623831,-9.45287037,0.201923132,-11.5274467,-0.652480006,3.64068627,-0.00533910468,0.08359503,-9.45287037,0.277052879,-0.000254631042,1
1940,19.679982,2.56273055,3.24125242,2.95994997,3.84224987,2.6276865,-21.2993374,-9.65740108,0.104397535,-21.4571991,-0.393817872,-3.1659596,-0.0447538905,0.315822691,-9.65740108,0.181136131,-0.000254631042,1
1941,19.690000,2.44828987,3.21171927,2.86692119,3.61779904,-1.84815204,-10.310564,-9.6861639,0.00997495651,-10.2916164,1.9509064,20.3866653,0.0202272423,0.359498531,-9.6861639,0.0833272934,-0.000254631042,1
1942,19.699973,2.35747576,3.21171927,2.65280652,3.36972117,1.77966285,-9.44397354,-9.67338085,-0.081969738,-9.26654911,-2.54694057,17.8407574,-0.0500802137,0.275342643,-9.67338085,-0.0134744644,-0.000254631042,1
1943,19.709999,2.3478775,3.23977566,2.58118868,3.29367375,-6.23892593,-20.0934086,-9.8225174,-0.181525707,-20.8895779,2.50894594,11.6017313,0.0830778405,0.0974434689,-9.8225174,-0.110856056,-0.000254631042,1
1944,19.719984,2.4172802,3.26857042,2.3648591,3.3217299,-12.2520981,-9.56930637,-9.75647068,-0.272834301,-7.47507429,11.8806572,13.1608887,0.137406334,0.319018483,-9.71599102,-0.208512306,-0.000254631042,1
1945,19.730004,2.56716061,3.21024275,2.34935403,3.48194671,8.56343079,-12.78619,-9.60094261,-0.363951206,-12.4902449,5.98651457,6.82366705,0.109709457,0.0878560916,-9.61479092,-0.305253029,-0.000254631042,1
1946,19.739979,2.58266521,3.49745154,2.33606434,3.29367375,-15.9200754,-10.7360592,-9.70001221,-0.436383247,-3.11613846,-0.118390612,11.9657745,0.110774718,-0.000560861954,-9.68296814,-0.401902199,-0.000254631042,1
1947,19.749976,2.61367512,3.5070498,2.29988647,3.33058977,-10.8101196,-9.66275406,-9.65633583,-0.531249046,-14.008687,3.21068668,17.1557808,0.148058981,0.125140354,-9.65740108,-0.498337746,-0.000254631042,1
1948,19.759973,2.70965743,3.48711514,2.38553214,3.32615995,-9.88642025,-18.6639366,-9.65314007,-0.624022484,-19.938755,0.683940947,-1.25473404,0.152320042,0.242319435,-9.61692142,-0.594470024,-0.000254631042,1
1949,19.769981,2.64616156,3.69384646,2.36781263,2.95404363,-5.10879183,-13.1704121,-9.69255543,-0.726702213,-15.2109871,-3.77558565,18.5496826,0.317436039,0.561898768,-9.71492577,-0.691119194,-0.000254631042,1
1950,19.779978,2.66978765,3.91312933,2.34049416,2.95994997,-6.94652414,-7.84321642,-9.53809166,-0.816737652,-10.4329233,-0.961437523,1.2312963,0.30465287,0.667359948,-9.54235268,-0.787554741,-0.000254631042,1
1951,19.789975,2.84846282,3.9212513,2.31391478,3.04338098,-16.4371281,-1.11970079,-9.62544346,-0.914636612,-13.7069149,9.14075565,6.00936031,0.41011405,0.870825469,-9.64568329,-0.883105278,-0.000254631042,1
1952,19.799984,2.83000445,3.69089341,2.51178598,3.06479263,-11.4777451,-4.46370506,-9.67764187,-1.01158619,-12.0974617,2.30536914,1.32709718,0.563512087,1.07535625,-9.67125034,-0.979510307,-0.000254631042,1
1953,19.809984,3.00794125,3.61336875,2.31686807,3.04338098,-22.2431927,1.25803566,-9.68722916,-1.09903288,-19.241806,11.2292118,4.60587931,0.450594097,0.998657227,-9.68722916,-1.07609844,-0.000254631042,1
1954,19.819981,3.16225147,3.80164218,2.0961082,2.83960271,-10.9897423,-4.44188833,-9.75220966,-1.1938467,-11.8531694,-0.0848603323,16.5115223,0.780826032,0.859107554,-9.75220966,-1.17314053,-0.000254631042,1
1955,19.839997,3.07143736,4.22691822,2.49037457,2.75912523,-12.7192039,4.06594896,-9.64035702,-1.39352608,-11.8028746,6.24517679,14.8493776,0.529423654,0.120879292,-9.64035702,-1.36637783,-0.000254631042,1
1956,19.849996,3.24863577,3.96702719,2.40842032,2.69267607,-11.517189,-0.205884725,-9.68935966,-1.49351215,-11.4987068,0.683940947,11.0556669,0.579491079,-0.218940079,-9.68935966,-1.46278286,-0.000254631042,1
1957,19.859980,3.3387115,3.94561553,2.24451208,2.68824601,-15.1157045,5.0466032,-9.72770882,-1.58873606,-15.2038021,4.77463436,6.23209715,0.707322776,-0.202961117,-9.72770882,-1.55992031,-0.000254631042,1
1958,19.869997,3.04485774,3.67095828,2.30653143,2.73254561,-15.957428,7.00291491,-9.77990723,-1.69520712,-16.7030849,4.96863127,18.6622486,0.548598409,-0.470342487,-9.77990723,-1.6573019,-0.000254631042,1
1959,19.879983,3.00498796,3.34461784,2.3973453,2.86544442,-11.0711927,-3.28508425,-9.74368763,-1.79366541,-10.0712748,-5.65088558,4.43343782,0.451659352,-0.405361354,-9.74368763,-1.75486612,-0.000254631042,1
1960,19.890002,3.10983014,3.37858129,2.59669352,2.71261072,-11.0410204,7.78138304,-9.76925468,-1.89955378,-12.9620638,3.79986143,2.91499519,0.309979171,-0.295639098,-9.76925468,-1.85298014,-0.000254631042,1
1961,19.899976,3.37119794,3.28259873,2.58783364,2.48742127,-6.41053438,13.7278137,-9.85873604,-2.00341797,-11.5753469,9.77543545,14.9763136,-0.0138612203,0.148576155,-9.85873604,-1.9510026,-0.000254631042,1
1962,19.909999,3.62592053,3.36159945,2.47929978,2.46896338,-7.47361994,16.4663124,-9.91093445,-2.09281683,-14.6888733,10.5466318,3.44429469,-0.0543412715,0.145380363,-9.91093445,-2.049788,-0.000254631042,1
1963,19.919974,3.52403164,3.27078557,2.7081809,2.42687845,-9.57350445,12.5030565,-9.75220966,-2.20709133,-15.1295567,4.36748123,25.2509499,-0.0234485995,0.170946717,-9.75220966,-2.14820719,-0.000254631042,1
1964,19.929997,3.78466082,3.26266384,2.83812642,2.32794285,-5.30814266,17.2417126,-9.71279526,-2.30434656,-15.4864149,9.25332165,15.4888477,-0.287634194,0.448980749,-9.71279526,-2.24622965,-0.000254631042,1
1965,19.939983,3.97219586,3.12828875,2.77906013,2.38331723,0.559132755,13.1819487,-9.71173,-2.40134835,-9.35516453,9.30361652,3.89695334,-0.149149805,0.520353496,-9.71173,-2.34351969,-0.000254631042,1
1966,19.949980,3.77284765,3.23460746,2.73771405,2.4342618,-5.90235996,13.0411215,-9.71386051,-2.50305009,-13.9895267,3.03345513,12.7824755,-0.184303522,0.673751533,-9.71386051,-2.44132853,-0.000254631042,1
1967,19.959977,3.67243505,3.29515028,2.85510778,2.47486997,-7.95832539,11.3134098,-9.77777672,-2.60367942,-13.7931356,-1.03807819,-0.732619762,-0.0756465644,0.610900939,-9.77777672,-2.51972818,-0.000254631042,1
1968,19.969974,3.73371601,3.2796452,2.84107947,2.50735617,1.24574578,14.9267311,-9.77138519,-2.69931269,-12.9572735,7.51453733,0.139167398,0.447398305,0.719557941,-9.77138519,-2.61738443,-0.000254631042,1
1969,19.979982,3.65397668,3.137887,2.81966829,2.60333824,-6.4924202,14.4457464,-9.81612587,-2.7963233,-15.7905817,-1.22009969,7.71700954,0.670038521,0.755776942,-9.81612587,-2.71555948,-0.000254631042,1
1970,19.989978,3.65693021,3.14674664,3.00794125,2.70965743,-0.0816786513,10.1309156,-9.7990818,-2.90494013,-9.86769867,2.29578924,12.4351978,0.762716532,0.602378845,-9.7990818,-2.81413126,-0.000254631042,1
1971,19.999975,3.51443291,3.16077471,2.99834299,2.82114482,6.98832655,11.2230835,-9.8363657,-2.9979589,-10.1072006,8.5228405,3.15210223,0.985356808,0.448980749,-9.8363657,-2.91230631,-0.000254631042,1
1972,20.009983,3.43395567,3.19473791,2.91786551,2.8270514,-6.36255693,12.3919353,-9.81825638,-3.09627056,-12.6674767,-5.79458666,13.9033451,1.13662446,0.0782687142,-9.81825638,-3.0107255,-0.000254631042,1
1973,20.019980,3.02344632,3.14969993,3.12385869,2.7111342,7.21675158,11.1653767,-9.97165489,3.09036541,-11.5202618,6.6355648,11.4221048,1.0482074,-0.242375895,-9.97165489,-3.11033487,-0.000254631042,1
1974,20.030002,2.96142673,3.11130714,3.27669215,2.70670438,-2.26995087,16.1284695,-9.85447502,2.99374723,-15.6181402,-4.62102747,9.87252712,0.800000787,-0.200830579,-9.85447502,3.07360744,-0.000254631042,1
1975,20.040078,3.14822292,2.88242602,3.23682237,2.72959232,6.35391283,8.23271656,-9.89495564,2.90127134,-9.50844574,4.21180487,23.337328,0.776564956,-0.240245372,-9.89495564,2.9745779,-0.000254631042,1
1976,20.049982,3.21467257,2.78496695,3.19916797,2.73254561,23.7313137,19.5894184,-9.97911167,2.80194187,-26.3765678,15.849205,10.3371611,0.692409098,-0.153958946,-9.97911167,2.87567043,-0.000254631042,1
1977,20.060003,3.18366313,2.75912523,3.47013378,2.93853855,3.48782516,12.2968712,-9.9610014,2.70100689,-12.6099958,-2.08949184,8.9743948,0.434615135,-0.0410409123,-9.9610014,2.77596951,-0.000254631042,1
1978,20.069976,3.2301774,2.96954846,3.31508517,2.76650858,10.8696012,2.08259726,-9.93437004,2.60451913,-7.35053349,8.27375889,12.7561302,0.134210542,-0.0133440364,-9.93437004,2.67556667,-0.000254631042,1
1979,20.080001,3.3726747,2.93706203,3.38005805,2.61810493,3.26374197,14.2279844,-9.85980129,2.52002954,-13.4674129,-5.63172531,6.7733717,-0.154476121,0.048441302,-9.85980129,2.57681179,-0.000254631042,1
1980,20.089975,3.3985157,2.87208939,3.42804885,2.83664966,13.6001129,8.0302372,-10.072855,2.40048075,-15.1056061,4.61177301,7.47990227,-0.42292276,0.456437588,-10.072855,2.47753811,-0.000254631042,1
1981,20.100002,3.47161031,2.7945652,3.52550793,2.91343546,19.1318817,8.44962311,-10.2347746,2.30748105,-19.8477459,6.59484959,10.5814533,-0.547558725,0.649250448,-10.2347746,2.37618923,-0.000254631042,1
1982,20.109977,3.36455297,2.72959232,3.37119794,2.53467417,13.4413404,8.56213665,-10.1495533,2.20740008,-15.8983574,1.10546446,13.5560675,-0.415465921,0.662033617,-10.1495533,2.27465725,-0.000254631042,1
1983,20.119995,3.47456336,2.74657369,3.22131753,2.66018939,17.0279179,4.4976573,-10.2038822,2.09130096,-17.0096474,4.56626797,15.8433113,-0.289764702,0.711035788,-10.2038822,2.17269802,-0.000254631042,1
1984,20.129982,3.52698469,2.80711651,3.17037296,2.83960271,15.4471064,0.861814976,-10.2326441,1.99630356,-14.4254208,5.59133625,5.92074442,-0.110800289,0.513961911,-10.2326441,2.07098293,-0.000254631042,1
1985,20.139996,3.67834139,2.86396766,3.13271856,2.99095964,16.5666256,-0.559464753,-10.0941601,1.89386916,-15.5319195,5.79012299,4.10531998,0.343002379,0.618357778,-10.0941601,1.96926785,-0.000254631042,1
1986,20.149981,3.67686486,2.91786551,3.07734394,3.09727883,15.7430506,-3.53027797,-10.1570101,1.79977822,-14.5308018,7.01158333,5.53514671,0.850068212,0.648185194,-10.1570101,1.86846828,-0.000254631042,1
1987,20.159995,3.49597502,3.0278759,2.99391294,3.06774569,21.2400513,-0.905901432,-10.1101389,1.70110965,-12.5381451,2.55684638,16.8971195,1.05033791,0.452176541,-10.1101389,1.76724148,-0.000254631042,1
1988,20.170014,2.9798851,3.10023189,2.88390255,3.11573696,9.60123062,-4.29159307,-10.1293135,1.59615612,-17.9844208,13.8134384,2.72099876,1.12490654,0.110226646,-10.1080084,1.66601467,-0.000254631042,1
1989,20.180000,2.76355505,3.16077471,2.89497733,3.17775631,10.9011192,-5.97045898,-10.0046778,1.5178659,-8.83305073,-2.15176225,8.74686813,1.40507102,-0.139045238,-10.0131998,1.566329,-0.000254631042,1
1990,20.189996,2.68455458,2.97545505,3.01089454,3.2301774,11.6651468,-11.2085295,-10.2624722,1.41050529,-14.0637732,6.91578245,-5.66875553,1.33050251,-0.141175777,-10.3104086,1.46540737,-0.000254631042,1
1991,20.200003,2.79013491,2.88759422,3.34757137,3.29662681,2.56668329,-9.35641479,-10.2017517,1.31019044,-11.9705257,7.49058723,8.75644779,0.910788298,0.00476546027,-10.1761856,1.36323452,-0.000254631042,1
1992,20.209996,2.80047178,2.90605235,2.86839771,3.30327201,11.7561502,-8.57402515,-9.9993515,1.20453048,-11.0364676,-1.34703565,27.7489548,0.642341673,-0.124131538,-9.95354462,1.26200771,-0.000254631042,1
1993,20.219982,2.77463007,2.99538994,3.21171927,3.33723497,13.17383,-4.4454236,-10.1037474,1.10615969,-13.7691851,4.84888029,16.9282551,0.345132917,-0.0229314156,-10.1250525,1.16175747,-0.000254631042,1
1994,20.230004,2.85510778,3.05297923,3.29958034,3.23682237,5.27046013,-5.36859274,-10.0930948,1.00533843,-7.32658339,1.70900941,5.21900368,0.112905249,-0.0474324971,-10.0664635,1.060256,-0.000254631042,1
1995,20.239979,3.07143736,2.92008042,3.17037296,3.06479263,1.42985666,-11.7440176,-9.94502258,0.899607897,-8.42350197,8.30728912,10.5143919,-0.249284655,0.0399191864,-9.92904377,0.959700584,-0.000254631042,1
1996,20.250000,3.21171927,2.91195869,3.07734394,3.12238193,10.2086115,-10.0697231,-9.90241241,0.79568243,-14.3392,0.0492607653,15.2517414,-0.430379629,0.00476546027,-9.99082947,0.860152245,-0.000254631042,1
1997,20.259974,3.21319604,3.09580207,3.12828875,3.25823402,5.00388575,-13.3926115,-10.211339,0.690265417,-13.5129185,4.66925383,17.0408211,-0.544362903,-0.0208008867,-10.211339,0.758864403,-0.000254631042,1
1998,20.269995,3.27078557,2.84403276,3.29072046,3.06774569,11.166935,-19.6110268,-10.0590057,0.58534646,-22.5157967,1.52698791,14.262598,-0.556080878,-0.176329508,-10.0590057,0.656691551,-0.000254631042,1
1999,20.279981,3.01384783,2.83443451,3.4376471,3.10687709,6.12160683,-14.9469004,-10.0898991,0.491892099,-16.0660095,1.663504,8.56963634,-0.521992385,-0.0857820138,-10.0898991,0.555586815,-0.000254631042,1
2000,20.289978,2.9473989,2.9473989,3.42952585,3.17923307,4.34795141,-19.5088596,-10.2763205,0.381348848,-19.7255993,3.22505689,6.86917257,-0.289764702,0.197578326,-10.2763205,0.453352928,-0.000254631042,1
2001,20.299975,3.03525949,3.163728,3.41402078,3.1209054,4.87412739,-16.6838589,-10.2390356,0.27756238,-17.3808746,-0.115995586,-1.09187269,-0.0756465644,0.240188897,-10.2390356,0.350203514,-0.000254631042,1
2002,20.309983,3.13271856,3.18735456,3.21319604,3.21171927,4.3251214,-14.9288197,-10.3104086,0.175868273,-15.4552794,-1.64641321,-3.86051536,0.0447283238,0.434067041,-10.3104086,0.24717617,-0.000254631042,1
2003,20.319979,3.16815805,3.22722435,3.30622506,3.08325028,1.8411181,-23.6467705,-10.1964254,0.073215723,-23.7180977,-0.10641551,-0.679929316,0.231149614,0.778147459,-10.1964254,0.144148827,-0.000254631042,1
2004,20.329975,3.2796452,3.19916797,2.91048217,3.11130714,-9.63722324,-11.9572725,-10.3444967,-0.023080349,-12.1764975,9.35870266,2.94852567,0.505987823,0.778147459,-10.3444967,0.0410909653,-0.000254631042,1
2005,20.339984,3.39260936,3.31508517,2.73254561,3.247159,6.83975124,-6.19997692,-10.3530188,-0.124162674,-5.30518675,-7.5549264,11.8651838,0.687082767,0.803713799,-10.3530188,-0.0625162125,-0.000254631042,1
2006,20.349980,3.34609485,3.38965631,2.67569447,3.31065512,-23.7021008,-17.7876053,-10.3221264,-0.227685928,-22.6786575,19.0752964,10.2701006,0.91398412,0.887869716,-10.3221264,-0.165513039,-0.000254631042,1
2007,20.359978,2.98283839,3.45610571,2.74509716,3.29662681,-10.3413973,-8.91094875,-10.4531536,-0.325865269,-11.7525787,6.94452238,5.0992527,1.0119884,0.900652885,-10.4531536,-0.269272804,-0.000254631042,1
2008,20.390001,2.92008042,3.57202268,2.90088415,3.163728,-13.2364178,-9.68776512,-10.2273178,-0.626019001,-15.6061659,5.05006218,25.5311661,0.679625928,0.395717531,-10.2273178,-0.57930088,-0.000254631042,1
2009,20.399996,2.9473989,3.49597502,3.0278759,3.31360841,-0.967274368,-5.5256753,-10.2795162,-0.723884106,-4.78067684,-2.93493366,2.85990977,0.660451174,0.0100917816,-10.2795162,-0.681872368,-0.000254631042,1
2010,20.409983,2.84846282,3.47751689,3.08029723,3.35200119,-17.0176563,-7.05701494,-10.3956299,-0.833920956,-17.3449497,6.2092514,23.2774525,0.578425765,-0.197634786,-10.3956299,-0.764666557,-0.000254631042,1
2011,20.419994,2.88759422,3.42804885,3.00351119,3.26266384,-22.0351677,-8.51154709,-10.3221264,-0.935039997,-22.7840385,6.23559666,31.0708466,0.582686841,-0.343576014,-10.3221264,-0.868151665,-0.000254631042,1
2012,20.429980,2.8861177,3.43100238,3.12828875,3.3010571,-6.96545887,-11.9136686,-10.3615417,-1.02312326,-12.1501522,-6.54422808,4.73042011,0.280151784,-0.488451958,-10.3615417,-0.971270561,-0.000254631042,1
2013,20.439995,2.84698606,3.41697407,2.97250175,3.24125242,-21.6687584,-0.715721309,-10.49683,-1.13616896,-19.9555206,8.4749403,-0.46916759,0.224758029,-0.41707924,-10.49683,-1.07493877,-0.000254631042,1
2014,20.449981,2.91195869,3.36972117,3.08325028,3.08841896,-21.8983707,0.499227703,-10.5777903,-1.24038267,-20.5518818,7.57680798,7.87508059,0.0841431096,-0.26794225,-10.5777903,-1.17967129,-0.000254631042,1
2015,20.460001,2.94149208,3.22131753,3.21614957,3.15929818,-12.1549511,-2.61372423,-10.4733944,-1.35675955,-12.4327641,0.0277055893,-1.30502939,0.0127703911,0.00370019581,-10.4733944,-1.28504848,-0.000254631042,1
2016,20.469975,3.04781103,3.14969993,3.23313093,3.06774569,-17.9445686,2.89992762,-10.5309181,-1.46071959,-17.5173912,4.85367012,-1.60680187,-0.0873644724,0.233797312,-10.5309181,-1.38966274,-0.000254631042,1
2017,20.479983,3.137887,3.22279429,3.2722621,3.09580207,-18.9942379,3.94317746,-10.6108131,-1.56800127,-18.9831429,3.99625301,7.29069567,-0.0671244487,0.560833514,-10.6108131,-1.49525356,-0.000254631042,1
2018,20.489981,3.26414061,3.34609485,3.36750627,3.10023189,-10.5183849,10.387701,-10.5884428,-1.67837858,-11.5729523,9.19823647,9.02468967,-0.281242579,0.78347379,-10.5884428,-1.60118008,-0.000254631042,1
2019,20.499978,3.34018803,3.44650745,3.45462871,2.90309906,-17.023365,9.82616234,-10.5319834,-1.78007269,-18.693346,6.07513046,-4.10720205,-0.19921723,0.842063308,-10.5319834,-1.70664883,-0.000254631042,1
2020,20.509974,3.137887,3.46644187,3.08325028,2.90309906,-7.15000439,4.89946556,-10.6385098,-1.8945837,-8.33728123,2.37003469,9.14204597,-0.206674084,0.862303376,-10.6385098,-1.812819,-0.000254631042,1
2021,20.519983,3.17923307,3.42361903,2.95404363,2.89793086,-9.44431686,16.3784351,-10.6417055,-1.99512482,-15.3498983,11.037611,10.8281403,-0.031970717,0.746189535,-10.6417055,-1.91929483,-0.000254631042,1
2022,20.529980,3.3217299,3.43100238,3.08029723,3.13124204,-11.1047525,5.01525497,-10.3753901,-2.10973978,-12.1046467,-1.39493608,8.25828362,0.169364274,0.319018483,-10.3753901,-2.02430582,-0.000254631042,1
2023,20.539978,3.12533522,3.29810381,3.09580207,3.32468343,-10.5911922,12.1234035,-10.4840469,-2.22397089,-15.7786064,3.19152641,23.9193192,0.254585415,0.623684108,-10.4840469,-2.12931681,-0.000254631042,1
2024,20.549994,3.04190421,3.21467257,3.06774569,3.23165417,-5.29852724,15.7177105,-10.5106783,-2.3269031,-14.6385775,7.79954481,23.4930058,0.641276419,0.206100434,-10.5106783,-2.23432779,-0.000254631042,1
2025,20.559983,3.01532435,3.22131753,3.16668153,3.03230596,-10.1627798,14.6455889,-10.5458317,-2.43259931,-17.7329426,1.82157528,13.8051491,0.836219788,-0.0698030517,-10.5458317,-2.33991861,-0.000254631042,1
2026,20.569980,2.98431468,3.21171927,2.84107947,3.20433617,-8.42671871,18.2427654,-10.5181351,-2.55492258,-19.8573246,3.08135557,4.02867937,1.22397614,-0.210417971,-10.5181351,-2.4461503,-0.000254631042,1
2027,20.580003,2.84107947,3.15929818,2.89350104,3.29367375,-0.895102024,7.81066942,-10.5607462,-2.65469718,-7.32179308,2.8634088,11.252058,1.40933216,-0.247702226,-10.5607462,-2.55168009,-0.000254631042,1
2028,20.590002,2.87651944,3.17037296,3.31508517,3.29219699,-9.86899948,20.0763645,-10.5596809,-2.76943398,-22.2906647,-1.89310014,-0.0548291877,0.880960882,0.107030854,-10.5596809,-2.65806437,-0.000254631042,1
2029,20.599976,2.75764871,3.2840755,3.43912411,3.29662681,3.60612559,9.07473278,-10.4084129,-2.8699677,-11.2999201,14.8672466,9.55638409,1.20586658,0.013287575,-10.4084129,-2.76450968,-0.000254631042,1
2030,20.609998,2.60112333,3.36012292,2.93484712,3.137887,13.6320429,20.3674603,-10.4425011,-2.958565,-20.7458782,-0.966227591,14.3703737,0.779760778,0.08359503,-10.4755249,-2.86982584,-0.000254631042,1
2031,20.619973,2.8270514,3.36012292,3.32025337,3.07291412,-1.79410481,21.9756145,-10.4158697,-3.04551482,-14.7247982,11.4567394,14.0829716,0.454855144,0.180534095,-10.4552841,-2.97492838,-0.000254631042,1
2032,20.630002,2.85141611,3.31213164,3.29958034,3.10835361,5.82501459,7.07560158,-10.1090736,-3.04800773,-21.7398109,3.72561598,21.5338783,0.253520161,0.262559444,-10.1218567,-3.07737589,-0.000254631042,1
2033,20.639977,2.89940739,3.33058977,3.22722435,3.16815805,-1.18690455,7.63685226,-10.2305136,3.03774738,-10.6724253,-0.709960461,10.6197729,-0.175781414,0.184795156,-10.2422314,3.10305691,-0.000254631042,1
2034,20.649996,2.75617194,3.15486813,3.1194284,3.18883133,3.68849969,15.6275063,-10.366868,2.93540192,-12.8926086,-1.09795368,4.26339149,-0.511339724,0.0313970707,-10.4094782,2.99972439,-0.000254631042,1
2035,20.659984,2.68012452,3.00129628,3.06331611,3.20581293,19.2190304,17.6764469,-10.4456968,2.84344888,-9.92278385,-0.767440975,9.21150208,-0.938510776,-0.0378451198,-10.3338442,2.89532375,-0.000254631042,1
2036,20.669995,2.68972278,3.14084029,2.99538994,3.01680112,7.37975693,14.0537443,-10.2677984,2.73305273,-15.8289022,19.1591225,21.627285,-0.657280982,-0.140110508,-10.2134695,2.79159451,-0.000254631042,1
2037,20.679980,2.71408749,3.40368414,2.92451048,3.01680112,4.30011463,19.2695827,-10.0835075,2.63618922,-18.9424286,-5.56705999,-1.0248121,-0.829853833,0.100639261,-10.0994864,2.68917751,-0.000254631042,1
2038,20.690005,2.72663903,3.1976912,2.83148122,3.24863577,16.5730171,13.878232,-10.2454271,2.52841854,-20.8871841,5.56738615,-0.972121716,-0.604017735,0.332866937,-10.2486229,2.58730984,-0.000254631042,1
2039,20.699981,2.58414173,3.09727883,2.75617194,2.98431468,25.093668,3.48042369,-10.3327789,2.42908883,-19.038229,16.7138062,7.95890617,-0.298286825,0.398913324,-10.2848425,2.48416042,-0.000254631042,1
2040,20.710004,2.5553472,3.09137201,2.98652959,2.88094926,22.3171406,19.6811008,-10.2582102,2.32157111,-29.7439671,0.834827185,1.84202635,-0.0894949958,0.941132903,-10.2582102,2.38119411,-0.000254631042,1
2041,20.720003,2.5007112,3.31508517,2.78053665,3.16077471,10.6629734,-2.18268371,-10.2933645,2.22303319,-7.1493516,8.20669746,3.78438735,0.48468256,1.19360065,-10.2933645,2.27792263,-0.000254631042,1
2042,20.729977,2.57380581,3.59638739,2.48077631,3.07143736,12.9029493,0.345642596,-9.97165489,2.10430956,-11.2855501,6.26433706,4.64180422,0.909723043,1.05618143,-9.97165489,2.17535305,-0.000254631042,1
2043,20.740002,2.6572361,3.79425883,2.35895228,3.09580207,19.2877026,2.54783773,-10.1154652,2.0228169,-18.4634247,6.1326108,13.6853981,1.12597179,1.15738165,-10.1154652,2.07488918,-0.000254631042,1
2044,20.749977,2.79161167,3.71082807,2.23712873,3.26857042,15.7514372,-12.3876152,-10.1815119,1.92028666,-10.5574636,17.0323448,12.1142654,1.1281023,0.894261301,-10.1815119,1.97390652,-0.000254631042,1
2045,20.759995,2.80711651,3.49302149,2.12121129,3.1533916,14.1992893,-4.80900192,-9.75434017,1.82619786,-12.5237751,8.24022865,20.0824966,1.30493617,0.536332428,-9.75434017,1.87399197,-0.000254631042,1
2046,20.769982,2.98948312,3.48859167,2.3308959,3.00794125,12.013979,3.55218267,-9.83530045,1.71605682,-12.4016294,-1.7757442,11.9514036,1.38270056,0.38506487,-9.83530045,1.77499294,-0.000254631042,1
2047,20.780002,3.03378272,3.82379198,2.49037457,3.06996059,17.2903748,0.00177801121,-9.87045479,1.63793182,-17.251543,1.15815485,5.43455553,1.10892761,0.348845899,-9.87045479,1.67584133,-0.000254631042,1
2048,20.789976,2.99538994,3.93970895,2.47486997,3.17332625,12.7823668,-5.68593454,-9.65314007,1.52267075,-13.0410995,5.06443214,19.0023422,0.954464138,0.161359325,-9.65314007,1.57783413,-0.000254631042,1
2049,20.799973,3.22427082,3.87178302,2.44386005,2.99834299,9.65911293,0.316920638,-9.81186485,1.4381814,-9.53239632,-1.59132767,8.52413082,0.714779615,-0.241310626,-9.81186485,1.47978115,-0.000254631042,1
2050,20.809983,3.02639937,3.44060063,2.67864776,3.04633451,24.0010662,-11.7586269,-9.94821835,1.32353187,-26.1490421,5.52667093,11.6017313,0.419701427,-0.43518874,-9.94821835,1.38066006,-0.000254631042,1
2051,20.819981,3.09875536,2.9629035,2.57971191,3.05297923,13.2661972,-6.50841713,-10.0824423,1.22229266,-14.691268,1.5868634,11.3478594,0.274825454,-0.181655824,-10.0824423,1.2798605,-0.000254631042,1
2052,20.829977,3.22722435,3.15929818,2.63877821,3.06183934,8.69890594,-12.9256458,-10.1389008,1.11400819,-13.5081282,7.76361942,5.9925952,-0.0980171114,-0.370207608,-10.1389008,1.17884731,-0.000254631042,1
2053,20.839973,3.20581293,3.30474854,2.80416346,3.11130714,10.8492088,-9.12070179,-10.0163956,1.02775621,-14.001502,2.20238328,14.059021,-0.393095374,-0.444776118,-10.0163956,1.07813931,-0.000254631042,1
2054,20.849982,3.37858129,3.41697407,2.91638875,3.12681174,-0.317390323,-6.4425807,-10.0472879,0.909661293,-3.70531321,5.279984,11.2927732,-0.445293307,-0.738789141,-10.0472879,0.977370262,-0.000254631042,1
2055,20.859978,3.38670278,3.14969993,3.23682237,2.80416346,6.65411615,-14.7319269,-10.1942949,0.8156147,-14.9427452,6.16614103,11.9921198,-0.499621809,-0.431992948,-10.1942949,0.895735741,-0.000254631042,1
2056,20.869974,3.13124204,3.02639937,3.39113283,2.91343546,8.60447598,-13.421134,-10.1133347,0.701565742,-15.8049517,2.08981752,-1.3888551,-0.425053298,-0.519344628,-10.1133347,0.793105125,-0.000254631042,1
2057,20.889997,3.09875536,3.24863577,2.82557487,2.88094926,-0.580156624,-14.9678679,-10.3945646,0.490670681,-12.9285336,7.56483269,-7.70691729,-0.0149264848,-0.132653654,-10.3945646,0.587111473,-0.000254631042,1
2058,20.899984,3.23682237,3.14822292,2.89350104,2.91048217,4.41303968,-21.8862171,-10.2539492,0.390825033,-21.9170418,4.25731039,5.31959486,-0.076711826,0.23592785,-10.2539492,0.483687401,-0.000254631042,1
2059,20.909994,3.38448763,3.27816868,2.81597662,2.95994997,-1.51114213,-19.8038864,-10.4243917,0.276279688,-18.6406555,6.85590696,9.39112854,0.211974844,0.430871248,-10.4243917,0.380476952,-0.000254631042,1
2060,20.919997,3.44207716,3.28924346,2.9459219,2.72663903,-3.6438446,-18.9578094,-10.3764553,0.190882683,-17.9221497,7.17444468,-0.493117779,0.492139399,0.767494798,-10.3764553,0.275588036,-0.000254631042,1
2061,20.929983,3.54691958,3.34314132,2.92451048,2.80859327,-11.8461981,-8.50114346,-10.3274527,0.0757353306,-7.5804553,12.4554625,14.5523958,0.552859426,1.04233301,-10.3274527,0.172499657,-0.000254631042,1
2062,20.940160,3.62739706,3.38670278,2.91786551,2.8270514,-2.53552246,-16.0542774,-10.3221264,-0.0137248039,-16.0875645,2.31494927,6.3949585,0.645537436,1.01037514,-10.3221264,0.0694112778,-0.000254631042,1
2063,20.949974,3.6923697,3.48859167,2.66018939,2.67864776,-9.77918339,-9.50247765,-10.3998909,-0.121181011,-10.6149445,8.55876541,1.37739253,0.823436618,1.1126405,-10.3998909,-0.0341043472,-0.000254631042,1
2064,20.960000,3.44650745,3.55134964,2.61515188,2.72663903,8.10991287,-14.2570753,-10.1857729,-0.213081837,-12.2196074,-10.9414845,-1.92294455,0.508118391,1.09133518,-10.1857729,-0.13777256,-0.000254631042,1
2065,20.969974,3.43543243,3.64585495,2.75100398,2.8270514,-18.6702461,-4.98389578,-10.3061476,-0.323503017,-10.66045,16.1174469,17.3689384,0.794674456,0.90704447,-10.3061476,-0.239609718,-0.000254631042,1
2066,20.980000,3.42214251,3.75438881,2.98431468,3.00129628,-8.24522114,-12.4298983,-10.2592754,-0.406414509,-14.676898,2.65983224,14.6266413,0.512379408,0.715296865,-10.2592754,-0.34266758,-0.000254631042,1
2067,20.989975,3.24272919,3.56833076,3.15782142,2.87799597,-8.4841404,-14.9716644,-10.4563494,-0.517567635,-17.2084332,-0.0345649198,11.5131159,0.442071974,0.357367992,-10.4563494,-0.446091652,-0.000254631042,1
2068,20.999983,3.36159945,3.22722435,3.14674664,3.06626892,-27.7427597,-2.67541575,-10.3263874,-0.619600773,-18.2885876,21.0320282,11.9178734,0.51557523,-0.0218661521,-10.3263874,-0.550126076,-0.000254631042,1
2069,21.009981,3.26709366,3.11426044,3.30327201,3.21984124,-9.84548759,-12.8010798,-10.3040171,-0.721878529,-16.1139088,-1.06921339,9.25461197,0.483617276,-0.0378451198,-10.3040171,-0.653338432,-0.000254631042,1
2070,21.019978,2.99538994,3.28259873,3.43543243,3.31360841,-9.24767494,-1.15600312,-10.5117435,-0.821182728,-7.5565052,5.45482016,11.3526487,0.461246729,-0.330792844,-10.5117435,-0.757433891,-0.000254631042,1
2071,21.029975,3.21024275,3.38965631,3.49154496,3.12828875,-16.0192623,-4.02883244,-10.416935,-0.924280643,-15.2133818,6.43438339,5.45611095,0.193865359,-0.457559288,-10.416935,-0.862017632,-0.000254631042,1
2072,21.039983,3.17480302,3.32615995,3.56242442,2.98948312,-22.7621899,-3.57632422,-10.5213308,-1.02248621,-21.289547,8.81263828,7.15896988,0.398396134,-0.551302552,-10.5213308,-0.96574688,-0.000254631042,1
2073,21.049981,3.01827788,3.02049279,3.52698469,3.00941801,-15.5842552,-10.451458,-10.6459665,-1.13358831,-18.0347157,0.0157304909,3.61434102,0.278021246,0.0644202679,-10.6459665,-1.07149029,-0.000254631042,1
2074,21.059978,3.19916797,3.01384783,3.57497573,3.0293529,-17.6660957,2.75003386,-10.6800556,-1.22130489,-9.78387356,9.4928236,-0.933801413,0.220496967,0.0175486337,-10.6342487,-1.17768764,-0.000254631042,1
2075,21.069975,3.13641,3.11278367,3.65028524,3.12238193,-18.4348106,-2.33489203,-10.5618114,-1.33288622,-19.9914455,4.53034258,-2.13131118,0.0596420243,0.221014142,-10.580986,-1.28303432,-0.000254631042,1
2076,21.079994,3.19916797,3.28629041,3.63994861,3.15117645,-16.823513,4.08279991,-10.626792,-1.44040346,-15.7402868,-2.23798299,10.6988087,-0.00853489805,0.460698664,-10.5948343,-1.38893032,-0.000254631042,1
2077,21.089982,3.3387115,3.42657232,3.52107835,3.17037296,-13.5771723,2.48289466,-10.6033564,-1.54996157,-16.8779202,0.0468657464,12.7441559,-0.122518197,0.52141875,-10.6299877,-1.49552822,-0.000254631042,1
2078,21.099994,3.35864639,3.48859167,3.34314132,2.89202428,-18.9990101,19.0651836,-10.7290573,-1.65830755,-25.2365398,24.1838741,13.4195509,-0.0703202412,0.477742881,-10.7386446,-1.60182095,-0.000254631042,1
2079,21.109981,3.2840755,3.08989549,3.2840755,2.87651944,-8.92953205,4.15610075,-10.5618114,-1.7638979,-19.8118191,6.76010609,9.10133076,0.0489893816,0.504374504,-10.6086826,-1.70841885,-0.000254631042,1
2080,21.119996,3.4154973,3.23829889,3.3387115,3.04485774,-11.626935,14.1714659,-10.6704683,-1.87166834,-15.3043928,10.0891829,13.28543,0.131014749,0.512896597,-10.6140089,-1.81474161,-0.000254631042,1
2081,21.129983,3.52846146,3.32911325,3.23165417,3.16815805,-16.8811073,10.2290955,-10.6619463,-1.98763514,-19.5771084,2.51852608,8.73249817,0.270564407,0.251906812,-10.7397099,-1.92094278,-0.000254631042,1
2082,21.139980,3.3985157,3.46791887,3.18735456,2.92451048,-7.75674772,15.1974001,-10.5160046,-2.09713221,-14.3415947,9.24374104,10.2413597,0.505987823,0.570420921,-10.5266571,-2.02772379,-0.000254631042,1
2083,21.150001,3.47603989,3.47751689,3.21614957,3.04042768,-7.49941111,20.9899921,-10.5618114,-2.21054363,-18.5472488,12.3620567,22.3194447,0.561381578,0.492656589,-10.5618114,-2.13352823,-0.000254631042,1
2084,21.159974,3.37415123,3.3726747,3.11426044,3.20433617,-5.27866268,9.85479736,-10.5160046,-2.31598687,-10.562254,3.66334534,-3.24978518,0.594404757,0.0292665418,-10.5160046,-2.23890543,-0.000254631042,1
2085,21.170005,3.1976912,3.2722621,2.88094926,3.1976912,-14.4602652,9.0564127,-10.6193352,-2.42638302,-16.3198814,-4.97788525,24.4366417,0.603992164,0.270016313,-10.6193352,-2.34483194,-0.000254631042,1
2086,21.180013,3.14969993,3.36455297,2.98800635,3.23460746,1.26022315,15.4108133,-10.6001606,-2.54197502,-12.011241,9.73711586,6.38058853,0.738215446,0.0772034451,-10.6001606,-2.45106363,-0.000254631042,1
2087,21.190000,3.07143736,3.20876622,3.46053529,3.34757137,-2.12518001,17.9909649,-10.5266571,-2.64530683,-16.8324146,6.69783545,27.4543667,0.481486768,0.635402024,-10.5266571,-2.55744791,-0.000254631042,1
2088,21.199975,3.12385869,3.15117645,3.03230596,3.44946027,-5.36054373,14.1900873,-10.5522232,-2.75283241,-15.1630869,0.418093771,12.5693188,0.55925101,0.339258522,-10.5522232,-2.66383219,-0.000254631042,1
2089,21.210004,3.22722435,3.17480302,3.25380397,3.54101276,-4.88911009,14.7513113,-10.6832514,-2.86648035,-15.5247345,-0.697985351,-15.8859091,0.225823283,0.258298397,-10.6832514,-2.77043009,-0.000254631042,1
2090,21.219978,3.27373886,3.25380397,3.50852656,3.20876622,3.043401,12.1827869,-10.7418404,-2.95976973,-11.4316463,5.19615841,4.49331331,0.173625335,0.163489863,-10.7418404,-2.87837076,-0.000254631042,1
2091,21.229996,3.3165617,3.31803799,3.32025337,2.95994997,5.0168395,21.1799088,-10.7173395,-3.06680822,-20.7458782,6.58526945,7.55175304,0.141667396,-0.0144093009,-10.7173395,-2.98634195,-0.000254631042,1
2092,21.240065,3.36750627,3.31360841,3.39260936,3.07291412,-1.04402137,17.9578819,-10.7727337,3.10506678,-17.9077797,-1.69910359,2.64196301,0.184277982,0.109161377,-10.7727337,-3.09397745,-0.000254631042,1
2093,21.249982,3.21171927,3.32320666,3.1194284,3.26857042,9.41168308,7.67534924,-10.7034912,3.00496244,-8.88574123,8.27854824,21.866787,0.288673878,0.356302738,-10.7034912,3.08132839,-0.000254631042,1
2094,21.260002,3.0278759,3.33206654,2.95404363,3.08841896,10.3232908,25.8017864,-10.790843,2.9045167,-27.5046234,3.97469783,24.64501,0.0596420243,0.342454314,-10.790843,2.97277737,-0.000254631042,1
2095,21.269978,3.01827788,3.45093727,2.96733332,3.34904814,4.06085491,10.5240183,-10.6491623,2.79192352,-11.2783651,0.209727079,3.31256866,0.187473774,0.192251995,-10.6491623,2.86630154,-0.000254631042,1
2096,21.279998,3.0278759,3.48342323,3.36012292,3.4376471,16.9625568,11.1128511,-10.6875124,2.68642712,-17.4383564,10.3502398,17.3258286,0.311044455,0.487330258,-10.6875124,2.75915432,-0.000254631042,1
2097,21.289984,3.08989549,3.47161031,3.28776693,3.08472729,12.8215656,6.5230689,-10.5596809,2.5832603,-12.3249884,7.41873646,21.8739719,0.314240247,0.458568126,-10.5596809,2.6523428,-0.000254631042,1
2098,21.300001,3.15117645,3.34314132,3.20876622,3.18513966,14.5291281,11.2368107,-10.509613,2.47725201,-17.8047943,4.51118231,21.0189495,0.488943607,0.429805994,-10.509613,2.56805325,-0.000254631042,1
2099,21.309975,3.27521539,3.38817954,3.10983014,3.32468343,22.7759018,7.98652935,-10.5277224,2.3706851,-21.598505,10.7717638,15.5654888,0.597600579,0.178403556,-10.5277224,2.46203518,-0.000254631042,1
2100,21.319996,3.247159,3.53805971,2.99686646,3.17184973,5.28022575,3.36215162,-10.3444967,2.27503347,-6.20092392,0.85638237,10.8329296,0.495335191,0.252972066,-10.3444967,2.35751247,-0.000254631042,1
2101,21.329982,3.17184973,3.72042608,2.8861177,3.3010571,15.1110229,5.66704941,-10.4978952,2.15888262,-15.7163363,3.6681354,6.4428587,0.678560674,0.159228802,-10.4978952,2.25317287,-0.000254631042,1
2102,21.339978,3.14084029,3.68941641,2.80416346,3.39556241,12.1187668,4.94956207,-10.5128088,2.06956267,-13.009964,1.45034719,4.7663455,0.41011405,0.304104775,-10.5128088,2.14816189,-0.000254631042,1
2103,21.349974,3.04928756,3.70122957,2.8115468,3.05888581,19.8220024,0.511113167,-10.4989605,1.96110415,-18.5256939,7.06906366,5.08727789,0.432484597,0.378673285,-10.4989605,2.04357815,-0.000254631042,1
2104,21.359983,3.02196956,3.70787501,2.74214363,3.07439065,15.5058155,-0.884924471,-10.6406403,1.85444117,-14.6385775,5.18897295,4.80227089,0.400526673,0.648185194,-10.6406403,1.93820095,-0.000254631042,1
2105,21.369980,3.21614957,3.82674527,2.70965743,3.13271856,15.1593714,-3.52018547,-10.6417055,1.75236392,-14.2745342,6.19967127,5.41779041,0.295065492,0.463894457,-10.6417055,1.83172512,-0.000254631042,1
2106,21.379976,3.3726747,3.92715716,2.69858241,3.05740929,5.7827096,-2.7179935,-10.4936342,1.64622283,-5.56145382,3.14602113,1.05406487,0.299326539,0.22953625,-10.4936342,1.72604275,-0.000254631042,1
2107,21.389973,3.42509556,3.80976343,2.69267607,3.05593276,17.3920021,-1.37967241,-10.6694031,1.53689146,-17.4287758,0.78932184,-1.76966321,0.229019076,0.403174371,-10.6694031,1.62054348,-0.000254631042,1
2108,21.399982,3.37119794,3.87030649,2.58635688,3.04928756,14.0135813,-2.14583516,-10.5223961,1.42790103,-14.1763391,0.12829642,6.70631123,0.136341065,0.425544918,-10.5223961,1.51402187,-0.000254631042,1
2109,21.409978,3.51590967,3.94413924,2.55239415,2.98136187,8.13648891,-13.024333,-10.421196,1.31671309,-11.1490335,10.5610018,3.20479274,0.0905346945,0.15496774,-10.421196,1.40962124,-0.000254631042,1
2110,21.429996,3.3387115,3.36307645,2.94001555,2.89793086,12.3058176,-11.5555229,-10.555419,1.11559153,-16.13307,4.96863127,16.9330444,0.289739162,0.190121472,-10.555419,1.19822598,-0.000254631042,1
2111,21.439982,3.25675726,3.54691958,2.97102499,2.96954846,8.03006554,-13.5133972,-10.3860426,1.00533605,-14.0206623,7.10738373,14.6026907,0.365372926,0.353106946,-10.3860426,1.09269619,-0.000254631042,1
2112,21.449996,3.25823402,3.79425883,2.96585679,3.05888581,5.7794466,-10.6582146,-10.354084,0.899710894,-11.1538239,4.75307941,9.26658726,0.282282293,0.147510886,-10.354084,0.989302635,-0.000254631042,1
2113,21.459982,3.36307645,3.63847184,2.9304173,2.93189383,16.2574291,-14.2321262,-10.4382401,0.787677288,-21.5625801,-1.38296103,19.2131042,0.125688419,0.403174371,-10.4382401,0.884749413,-0.000254631042,1
2114,21.469995,3.58752751,3.47456336,2.95035172,2.81449986,0.827392519,-20.7416573,-10.3476925,0.682539701,-16.6168633,12.4410925,12.9740772,0.400526673,0.125140354,-10.3476925,0.780165672,-0.000254631042,1
2115,21.479980,3.49892831,3.43100238,3.18513966,2.7945652,8.14272022,-13.9816303,-10.2997561,0.574689627,-16.1618099,0.765371621,1.58575928,0.467638314,0.386130154,-10.2997561,0.676802635,-0.000254631042,1
2116,21.489995,3.31508517,3.38965631,3.24568224,2.83000445,6.47430277,-17.4780788,-10.5309181,0.476039171,-18.5017433,2.25507379,-2.34207296,0.782956541,0.377608031,-10.5309181,0.572554588,-0.000254631042,1
2117,21.499981,3.30770206,3.31803799,3.25823402,2.88390255,4.02290487,-21.6907139,-10.5266571,0.367309332,-19.3879013,9.01861,4.72323513,0.507053077,0.813301206,-10.4946995,0.466414452,-0.000254631042,1
2118,21.509997,3.33723497,3.33723497,3.20581293,2.83148122,-2.13233256,-15.9899654,-10.5085478,0.279331923,-14.5403814,7.81870461,22.4104557,0.732889116,0.630075693,-10.5138741,0.361586571,-0.000254631042,1
2119,21.519983,3.29662681,3.33354306,2.6911993,2.81597662,-0.0360753052,-10.2826777,-10.551158,0.180263042,-15.6229305,6.52299929,10.6197729,0.761651278,0.275342643,-10.5756598,0.255507469,-0.000254631042,1
2120,21.529980,3.33723497,3.35569286,2.93706203,2.92451048,-4.8807888,-22.2401104,-10.6012259,0.0742983818,-13.4099321,-2.22121787,4.91244125,0.691343844,0.0622897409,-10.5841818,0.149550438,-0.000254631042,1
2121,21.539977,3.29958034,3.36750627,3.19030786,3.0278759,-9.53179932,-9.46362782,-10.585247,-0.0292525291,-11.7693443,10.7957134,6.31831789,0.695604861,-0.120935746,-10.6012259,0.0437765121,-0.000254631042,1
2122,21.549973,3.33723497,3.3165617,3.32763672,3.17332625,-6.51054621,-18.4362087,-10.5298529,-0.137754917,-21.2009315,4.11839914,15.388257,0.292934954,-0.0421061777,-10.5149393,-0.0622720718,-0.000254631042,1
2123,21.559981,3.49597502,3.3217299,3.43395567,3.21319604,-8.45343208,-15.5664949,-10.6033564,-0.241523743,-17.1365833,-4.80544424,3.44668961,0.173625335,-0.347837061,-10.5884428,-0.168168068,-0.000254631042,1
2124,21.569978,3.38448763,3.30622506,3.16815805,3.00794125,-6.30364513,-10.1037827,-10.5831165,-0.338325977,-11.6232481,2.59277153,-0.3350465,0.307848662,-0.297769636,-10.5255919,-0.274735451,-0.000254631042,1
2125,21.579976,3.47013378,3.25011253,3.23977566,2.99243641,-4.79190445,-17.0918293,-10.551158,-0.444648743,-17.491045,-3.02594447,1.3821826,0.356850803,-0.322270721,-10.5990953,-0.380021095,-0.000254631042,1
2126,21.589984,3.55356455,3.26857042,3.37858129,3.04781103,-21.2605228,-17.1528854,-10.6970997,-0.549612522,-25.7323093,9.16949558,19.6489983,0.0511199087,0.0431149788,-10.71947,-0.486527443,-0.000254631042,1
2127,21.599980,3.14084029,3.13419509,3.09432554,2.98431468,-8.0508213,-15.1998034,-10.6555538,-0.657156944,-16.9521656,-2.91098356,20.192667,0.0127703911,-0.0208008867,-10.6555538,-0.59401226,-0.000254631042,1
2128,21.609996,3.36750627,3.18366313,3.14231682,2.9459219,-7.84519672,-5.60048771,-10.6662073,-0.761963367,-9.46773052,1.80960023,2.81919456,0.11183998,-0.0431714393,-10.6662073,-0.700549126,-0.000254631042,1
2129,21.619982,3.30474854,3.19473791,3.4376471,3.03378272,-22.104805,-9.64246845,-10.8068218,-0.860621929,-23.0474911,7.10019875,5.74590826,0.0234230366,0.285995275,-10.8068218,-0.807513237,-0.000254631042,1
2130,21.630001,3.247159,3.13936353,3.53141451,3.04338098,-22.6090927,3.74697328,-10.8686075,-0.972952366,-16.5785427,15.8228598,13.8171244,0.266303331,0.407435447,-10.8686075,-0.915850639,-0.000254631042,1
2131,21.639976,3.38153458,3.25823402,3.25971079,2.96142673,-19.1099033,2.95778418,-10.6896429,-1.06854296,-15.3259478,11.7920418,9.41747284,0.221562237,0.345650107,-10.6896429,-1.02333355,-0.000254631042,1
2132,21.650001,3.25971079,3.3165617,3.59048057,2.99095964,-24.9588413,-0.059821371,-10.7514277,-1.17574644,-23.0594673,9.55030346,0.610986233,0.144863188,0.542724013,-10.7514277,-1.13011456,-0.000254631042,1
2133,21.659977,3.19326138,3.32320666,3.39999247,3.02196956,-14.2839699,3.84411168,-10.7961693,-1.29044867,-12.6626863,7.64626312,9.37915325,0.221562237,0.649250448,-10.7961693,-1.2380209,-0.000254631042,1
2134,21.669994,3.29219699,3.30474854,3.19473791,2.95182848,-14.2935238,0.718878031,-10.6960344,-1.40301561,-13.9727621,3.09572577,7.78646517,0.11183998,0.588530421,-10.6960344,-1.34599209,-0.000254631042,1
2135,21.679980,3.28629041,3.25011253,3.48490024,2.97397852,-15.4844732,-7.980021,-10.710948,-1.5064702,-15.9654188,-6.96814632,-12.4945612,-0.0490149483,0.763233781,-10.710948,-1.45234585,-0.000254631042,1
2136,21.689996,3.33501959,3.3726747,3.67538857,2.91195869,-14.4683342,13.8060141,-10.7737989,-1.62107658,-15.1439266,13.0614023,14.0111208,-0.0138612203,1.00611401,-10.7737989,-1.55967617,-0.000254631042,1
2137,21.699982,3.46791887,3.42214251,3.01089454,2.95699716,-14.0403948,0.250153333,-10.8100176,-1.7258997,-13.9104919,-1.92184043,8.98876476,-0.0341012478,0.583204091,-10.8100176,-1.66752529,-0.000254631042,1
2138,21.709999,3.54396629,3.4376471,2.98283839,3.11130714,-7.23621702,8.5973568,-10.8696728,-1.83618116,-9.23780918,6.398458,12.9860525,0.136341065,0.53420192,-10.8696728,-1.77586222,-0.000254631042,1
2139,21.720001,3.48859167,3.41845083,3.11426044,3.08989549,-9.51023102,16.7691345,-10.6992302,-1.94533777,-14.9858551,12.1273441,20.4082203,0.526227891,0.129401401,-10.6992302,-1.88331461,-0.000254631042,1
2140,21.729978,3.47013378,3.25011253,3.28629041,3.26266384,-25.5138359,8.34374237,-10.6800556,-2.06276941,-26.4292583,-4.69766808,4.93639135,0.548598409,0.293452144,-10.6800556,-1.99040079,-0.000254631042,1
2141,21.739996,3.59195733,3.36012292,3.35569286,3.36972117,-8.00157452,17.5981045,-10.8174744,-2.17822218,-16.6144695,9.88321114,2.64196301,0.812783957,0.324344814,-10.8174744,-2.09849405,-0.000254631042,1
2142,21.749982,3.41845083,3.48046994,3.16815805,3.00794125,-16.4332542,16.3658161,-10.6342487,-2.28742313,-23.1408978,1.54614806,2.32342529,0.918245137,0.296647936,-10.6342487,-2.18531656,-0.000254631042,1
2143,21.760002,3.34166479,3.59048057,3.47161031,3.14379334,-12.9932518,19.662838,-10.8228006,-2.40045929,-23.2774124,3.68969059,1.57138908,1.00027049,0.668425202,-10.8228006,-2.29258585,-0.000254631042,1
2144,21.769977,3.16077471,3.57792926,3.25528049,3.3010571,0.664767087,11.2820206,-10.8110828,-2.51102853,-8.72048473,7.18881464,6.05247068,1.28682673,0.463894457,-10.8110828,-2.40168619,-0.000254631042,1
2145,21.780003,3.29810381,3.51295662,3.09137201,3.41845083,-0.905870795,15.2335606,-10.7876472,-2.62991691,-13.7260752,6.66909552,14.4110889,1.19201815,0.263624728,-10.7876472,-2.51066446,-0.000254631042,1
2146,21.789979,3.40368414,3.58088231,3.44060063,3.27373886,-4.72508574,29.2764854,-10.71947,-2.74188375,-28.8075142,7.04032326,11.3047485,0.945942044,0.345650107,-10.71947,-2.6190629,-0.000254631042,1
2147,21.800045,3.29072046,3.47603989,3.46201205,3.39408565,3.99032331,23.8818264,-10.8334532,-2.84765816,-21.7014904,10.7382326,19.8238354,0.858590364,0.267885774,-10.8334532,-2.72733927,-0.000254631042,1
2148,21.809983,3.05740929,3.37415123,3.21171927,3.41402078,3.07329392,8.12427044,-10.8334532,-2.95811296,-7.42717409,4.50399733,18.1473198,0.529423654,-0.0112135075,-10.8334532,-2.83634806,-0.000254631042,1
2149,21.819996,2.99538994,3.15486813,3.25971079,3.15117645,-5.75789118,23.6883011,-10.8302574,-3.06531668,-24.0581894,-3.93605185,11.9106884,0.188539028,-0.382990777,-10.8302574,-2.94575357,-0.000254631042,1
2150,21.829981,3.1533916,3.21024275,3.29367375,3.25380397,15.7308569,14.8348274,-10.8238659,3.11349821,-15.2708626,15.3079309,11.596941,0.219431698,-0.474603534,-10.8238659,-3.05457926,-0.000254631042,1
2151,21.840037,3.25011253,3.16815805,3.32615995,3.37710452,4.68103838,13.524642,-10.853693,3.01374841,-14.0110826,2.91849422,19.0047379,-0.0287749227,-0.6588943,-10.853693,3.1202383,-0.000254631042,1
2152,21.849978,3.38965631,3.22870064,3.53805971,3.19326138,6.19451141,17.8041973,-10.7546234,2.91236091,-18.7460365,1.98683167,-11.7137852,-0.380312175,-0.704700649,-10.7546234,3.01132107,-0.000254631042,1
2153,21.859974,3.4900682,3.08029723,3.61779904,3.2301774,25.4503918,12.8068285,-10.7461014,2.81304145,-20.3339348,19.956665,-6.03998327,-0.423988044,-0.300965428,-10.7461014,2.90310574,-0.000254631042,1
2154,21.869981,3.27078557,3.0278759,3.35864639,3.23313093,2.94165635,5.639925,-10.6363792,2.70699811,-6.35420513,0.293552756,24.6018982,-0.501752317,-0.337184429,-10.6363792,2.7954092,-0.000254631042,1
2155,21.879979,3.39113283,3.10023189,3.87325931,3.15117645,3.24499178,18.6943645,-10.6853819,2.59245276,-17.6395378,-6.98970175,19.3113003,-0.600821972,0.0260707494,-10.6853819,2.68679714,-0.000254631042,1
2156,21.889977,3.51000309,3.25011253,3.54839611,2.89940739,18.8161831,6.92357349,-10.7652769,2.49155259,-16.899477,10.7885284,11.6831617,-0.531579733,0.330736399,-10.7652769,2.5789175,-0.000254631042,1
2157,21.899974,3.46644187,3.0869422,3.32025337,3.04781103,11.0079632,7.95480394,-10.7429056,2.38612723,-13.3380823,2.55924129,4.41906786,-0.470859677,0.707840025,-10.7429056,2.47051907,-0.000254631042,1
2158,21.909981,3.46348858,3.17184973,3.18366313,3.09137201,15.7820349,10.2259998,-10.8845863,2.27723265,-18.6430511,2.46583557,-6.39684153,-0.302547872,0.870825469,-10.8845863,2.36202908,-0.000254631042,1
2159,21.919979,3.51738644,3.22279429,2.96585679,2.7281158,17.3367634,4.56624651,-10.9570246,2.16143084,-16.9425869,5.86197376,7.5134325,0.175755858,1.3853482,-10.9570246,2.25350857,-0.000254631042,1
2160,21.929978,3.47456336,3.32025337,2.75469542,2.88094926,15.9513683,-3.98750424,-10.9080219,2.04366612,-12.3848639,10.8148737,3.62871122,0.64660269,1.2937355,-10.9080219,2.14388943,-0.000254631042,1
2161,21.960002,3.08841896,3.53953624,2.84107947,3.1976912,17.2510395,-2.42290878,-10.786582,1.7371726,-16.1618099,7.54088259,12.9501276,0.960855722,0.969895065,-10.7748642,1.82015896,-0.000254631042,1
2162,21.969976,3.01532435,3.52550793,2.85658431,3.20876622,13.0703974,-8.37560558,-10.6885777,1.64857745,-12.9836187,4.7842145,8.81871796,1.03648949,0.496917665,-10.6598158,1.71267605,-0.000254631042,1
2163,21.979994,2.96954846,3.56537747,2.95994997,3.14084029,18.1077843,-8.55731201,-10.6235962,1.54445219,-20.5518818,0.370193392,13.7883844,1.20906246,0.347780615,-10.6054869,1.60615444,-0.000254631042,1
2164,21.989979,3.07882047,3.50040507,3.07734394,3.18513966,18.1084785,-2.23536325,-10.6917734,1.44096088,-15.337923,10.2927599,15.4433432,1.10573173,0.350976408,-10.723731,1.49952602,-0.000254631042,1
2165,21.999995,3.20876622,3.59934068,3.23460746,3.29219699,2.58822298,-15.5965319,-10.7567539,1.32279682,-11.7837143,16.397665,11.2113428,0.998139977,-0.128392592,-10.7258615,1.39207363,-0.000254631042,1
2166,22.009980,2.94296861,3.4206655,3.3010571,3.3985157,7.75651217,-9.32761574,-10.4840469,1.22024989,-20.2093925,0.422883809,17.2611618,0.850068212,-0.442645609,-10.4936342,1.28553677,-0.000254631042,1
2167,22.020001,3.12385869,3.42509556,3.19916797,3.42952585,10.971282,-7.99515772,-10.5458317,1.10399771,-15.4600697,2.70294261,5.53993654,0.554989994,-0.744115412,-10.5458317,1.17976284,-0.000254631042,1
2168,22.029974,3.24568224,3.37710452,3.56685448,3.46053529,12.2282543,-10.173913,-10.5916386,1.00526118,-15.7762117,2.03712702,12.1238451,0.281217039,-0.508691967,-10.6321182,1.07337856,-0.000254631042,1
2169,22.040004,3.02049279,3.10170889,3.44503069,3.4154973,12.8112469,-2.32177234,-10.6779251,0.895877361,-11.4532013,-6.19216013,0.622961342,0.00850933325,-0.368077099,-10.6992302,0.965437889,-0.000254631042,1
2170,22.049979,2.9798851,3.08472729,3.39408565,3.37119794,8.55474663,-19.9485321,-10.6406403,0.779778957,-20.1998138,7.94324589,4.36158705,-0.288699448,-0.353163391,-10.6406403,0.858107567,-0.000254631042,1
2171,22.059977,3.0869422,3.15117645,3.46348858,3.16815805,16.6829948,-18.8115826,-10.7801905,0.666653633,-25.1000233,-1.47876179,5.48006105,-0.368594289,-0.312683344,-10.7801905,0.750746727,-0.000254631042,1
2172,22.069974,3.07291412,3.1976912,3.54839611,3.04338098,6.14356995,-24.1937218,-10.8696728,0.556275368,-23.7899475,7.55764771,2.98924088,-0.447423846,0.159228802,-10.8696728,0.641554832,-0.000254631042,1
2173,22.079982,3.17775631,3.13271856,3.37119794,3.13271856,2.56703472,-13.9229193,-10.8217354,0.447213888,-13.6638041,3.70645571,3.27903819,-0.508143902,0.332866937,-10.8217354,0.531935692,-0.000254631042,1
2174,22.089979,3.32320666,3.18735456,3.07439065,2.97102499,-11.6572113,-16.978487,-10.9431753,0.354735851,-11.8723297,16.8287678,14.066206,-0.311069995,0.435132325,-10.9431753,0.423110008,-0.000254631042,1
2175,22.099976,3.32468343,3.25528049,2.94001555,2.89645386,2.92470455,-18.716629,-10.8568897,0.228855133,-18.8921318,1.3976568,12.5022583,-0.0458191559,0.497982919,-10.8568897,0.314314842,-0.000254631042,1
2176,22.109973,3.35200119,3.32763672,3.01089454,3.05593276,-5.04553986,-20.1388149,-10.7461014,0.126359463,-19.3423958,7.54327726,10.2150145,0.203452736,0.671621025,-10.7461014,0.205916405,-0.000254631042,1
2177,22.119982,3.48194671,3.38965631,2.97840834,3.18883133,-2.54809356,-14.0330868,-10.7365141,0.0154943466,-13.9919224,2.76521301,15.1008549,0.209844321,0.773886383,-10.7365141,0.0980672836,-0.000254631042,1
2178,22.130001,3.52698469,3.44503069,3.04928756,3.26414061,-5.12484407,-10.2213821,-10.6544886,-0.0850396156,-10.6197348,4.23815012,1.76059568,0.451659352,0.695056856,-10.6544886,-0.00901889801,-0.000254631042,1
2179,22.139975,3.5565176,3.55356455,3.1533916,3.13419509,-14.9453382,-15.2766914,-10.7833862,-0.187534809,-17.7952137,11.8351517,23.7396927,0.378156096,0.819692791,-10.7833862,-0.116684914,-0.000254631042,1
2180,22.149999,3.31065512,3.60598564,2.92598701,3.28924346,-12.7175941,-12.6486244,-10.6566191,-0.294485569,-15.795372,8.49888992,25.9359245,0.645537436,0.679077864,-10.6566191,-0.224808693,-0.000254631042,1
2181,22.159973,3.40959072,3.5188632,2.91343546,3.38965631,-3.93031025,-10.3547592,-10.6246614,-0.40071249,-11.0676031,-0.420163095,4.1508255,0.625297427,0.452176541,-10.6246614,-0.331040382,-0.000254631042,1
2182,22.169999,3.18366313,3.59491062,3.11130714,3.17480302,-10.4319372,-7.30807352,-10.6747293,-0.495378494,-11.3885355,5.70390224,-11.9748421,0.427158266,0.479873419,-10.6747293,-0.437760353,-0.000254631042,1
2183,22.179974,3.10023189,3.68941641,3.32911325,3.18366313,-11.8346157,-9.88348484,-10.7184048,-0.60235548,-14.8493395,4.15192938,12.0160694,0.628493249,0.713166356,-10.7184048,-0.545243263,-0.000254631042,1
2184,22.189994,3.08841896,3.77137041,2.91638875,3.32911325,-3.70137382,-4.44506931,-10.648097,-0.701991558,-5.78419065,-0.0441449992,20.0633373,0.617840588,0.376542777,-10.648097,-0.652270317,-0.000254631042,1
2185,22.199979,2.98948312,3.63847184,3.21319604,3.15117645,-17.2735958,-19.7037392,-10.786582,-0.812167645,-26.0915623,-2.41760945,-10.779727,0.796805024,0.221014142,-10.786582,-0.760424614,-0.000254631042,1
2186,22.210000,3.06479263,3.52255487,3.47161031,3.26561713,-13.5722456,1.11011004,-10.8515625,-0.932536602,-10.2389269,8.97789383,1.26243162,0.622101605,-0.00695244875,-10.8515625,-0.846758842,-0.000254631042,1
2187,22.219976,2.84993958,3.64880848,3.13124204,3.36972117,-20.8079891,-4.82515335,-10.6449013,-1.01843166,-20.2453194,6.81040144,7.56372833,0.170429543,-0.00375665538,-10.6449013,-0.954577446,-0.000254631042,1
2188,22.230003,3.05888581,3.79721236,3.2301774,3.40368414,-22.089735,-4.98805189,-10.7929735,-1.12609816,-22.0870876,4.99976683,11.026926,0.0489893816,-0.243441164,-10.7929735,-1.06102276,-0.000254631042,1
2189,22.239978,3.23165417,3.73740768,3.38005805,3.17332625,-17.5626106,-4.57920504,-10.862216,-1.23944998,-18.0969868,1.38328671,4.03825951,-0.0649939179,-0.0570198782,-10.862216,-1.16880703,-0.000254631042,1
2190,22.249996,3.32615995,3.61336875,3.22131753,3.00498796,-17.1104546,5.94736195,-10.8174744,-1.35155392,-15.4073792,9.52635384,8.53371143,0.0979915485,-0.207222164,-10.8174744,-1.27775478,-0.000254631042,1
2191,22.259982,3.2796452,3.17480302,3.17923307,3.11573696,-16.5137157,6.5508213,-10.8132133,-1.46079779,-15.6947813,8.32405376,14.5260506,0.126753688,-0.023996681,-10.8132133,-1.38569546,-0.000254631042,1
2192,22.269994,3.19621468,3.08177376,3.29810381,3.25675726,-27.7606258,-3.20144439,-10.8963041,-1.57655478,-27.7417297,-3.3612473,9.91803265,-0.0852339417,0.336062729,-10.8963041,-1.49433804,-0.000254631042,1
2193,22.279979,3.16225147,3.25011253,2.88094926,3.29072046,-9.9536581,6.36325645,-10.9303923,-1.6742301,-10.5574636,5.30153894,4.35440207,-0.151280329,0.327540606,-10.9303923,-1.60343838,-0.000254631042,1
2194,22.289994,3.3010571,3.35200119,2.96438003,3.18883133,-27.282299,18.9557419,-10.9144135,-1.77841711,-30.6037788,12.9248857,29.3320637,-0.0862992033,0.6396631,-10.9144135,-1.71238613,-0.000254631042,1
2195,22.299979,3.39556241,3.49892831,3.12828875,3.25675726,-19.8960705,1.66107869,-10.8803253,-1.90161943,-19.3567657,-4.89166498,14.8972778,0.146993712,0.342454314,-10.8803253,-1.82133341,-0.000254631042,1
2196,22.310004,3.36012292,3.59195733,3.25011253,3.10170889,-18.7919159,13.5151539,-10.6917734,-2.01457739,-22.7744598,4.13755941,6.20335674,0.075620994,0.65244627,-10.6917734,-1.92951822,-0.000254631042,1
2197,22.320002,3.45758224,3.51590967,2.95552015,3.14822292,-3.22998548,14.3644171,-10.6694031,-2.13185263,-10.3778372,10.4436455,3.9759891,0.485747814,0.557637751,-10.6694031,-2.0374589,-0.000254631042,1
2198,22.329977,3.32615995,3.57645273,3.04190421,3.27521539,-9.46421814,15.5398331,-10.8526278,-2.24251795,-17.0791035,6.2739172,3.02277112,0.372829795,0.737667441,-10.8526278,-2.14448404,-0.000254631042,1
2199,22.339994,3.41697407,3.63478065,3.24125242,3.07291412,0.507897258,17.6513577,-10.8228006,-2.35575581,-12.116622,12.84585,-8.18113136,0.611449003,0.861238122,-10.8228006,-2.25346231,-0.000254631042,1
2200,22.349979,3.30622506,3.70787501,3.08325028,3.07291412,-2.91224718,16.8015327,-10.7247963,-2.46497273,-14.9235849,8.24980831,7.83436537,0.904396713,1.06470358,-10.7247963,-2.36097574,-0.000254631042,1
2201,22.359998,3.33501959,3.76915574,2.87356591,3.18218637,-1.87215102,12.1450596,-10.6630116,-2.58133197,-11.2831554,4.86804008,5.79620361,0.825567126,0.972025573,-10.6630116,-2.46885538,-0.000254631042,1
2202,22.370002,3.27669215,3.778754,3.14822292,3.28776693,0.355867207,15.7570572,-10.8121481,-2.69413471,-14.0517979,7.13851929,3.19042253,0.843676627,0.623684108,-10.8121481,-2.57606363,-0.000254631042,1
2203,22.379977,3.34461784,3.74774432,3.4900682,3.09284854,14.1375093,17.3423672,-10.8132133,-2.80675459,-11.7334185,19.0513458,1.04208982,0.773369193,0.528875589,-10.8132133,-2.68525553,-0.000254631042,1
2204,22.389974,3.19473791,3.76177239,3.10170889,3.25971079,-0.588032246,10.3362131,-10.6204004,-2.90507412,-10.1862364,1.85031557,2.4144361,0.701996446,0.0782687142,-10.6204004,-2.79417276,-0.000254631042,1
2205,22.399983,3.03378272,3.72780919,3.22722435,3.34166479,-1.6068753,10.244421,-10.6694031,-3.01313257,-10.3658628,-0.281251937,14.0949469,0.696670175,-0.222135872,-10.6694031,-2.90122843,-0.000254631042,1
2206,22.409981,3.21319604,3.62149072,3.3387115,3.30770206,9.79200459,16.8488998,-10.7141438,-3.11903739,-11.1011333,12.3189459,12.9764729,0.420766681,-0.547041535,-10.7141438,-3.00852823,-0.000254631042,1
2207,22.419978,3.2796452,3.25528049,3.22279429,3.12681174,-3.51708913,19.3124676,-10.8196049,3.07907367,-11.3310556,-4.20668936,9.55398941,0.331284463,-0.668481648,-10.7801905,-3.11735392,-0.000254631042,1
2208,22.429974,3.29810381,3.03747416,3.22574782,3.17627978,5.20558214,11.7258997,-10.7769947,2.98349285,-21.6990948,0.161826685,9.90366268,0.190669566,-1.02001894,-10.8164091,3.05795193,-0.000254631042,1
2209,22.439983,3.40959072,3.14969993,3.48490024,3.10023189,3.42334032,23.6090889,-10.8462362,2.87597537,-28.9727707,-3.60553932,22.2116699,-0.110800289,-0.316944391,-10.8845863,2.9492178,-0.000254631042,1
2210,22.449980,3.12238193,3.29662681,3.57054591,3.07586718,7.38166428,14.5609102,-10.853693,2.76961017,-24.5467739,12.3572664,27.8375702,-0.218391985,-0.0357145891,-10.8132133,2.8398428,-0.000254631042,1
2211,22.459977,3.34314132,3.04928756,3.41845083,3.12385869,12.2459822,9.18217564,-10.7397099,2.66327167,-20.5183506,-4.2282443,8.73968315,-0.382442713,-0.0559546128,-10.7716684,2.73135281,-0.000254631042,1
2212,22.479997,3.39408565,3.27816868,3.12976527,3.02492261,23.2471676,14.6184177,-10.8121481,2.44651818,-26.1155109,8.49170494,13.3357258,-0.0862992033,0.3541722,-10.8803253,2.51440334,-0.000254631042,1
2213,22.489984,3.58752751,3.40146923,3.15782142,3.06996059,20.2946434,13.6281824,-10.8036261,2.3480494,-24.0246601,4.51836729,4.82861614,0.0937304869,0.60877043,-10.7578201,2.40539455,-0.000254631042,1
2214,22.500002,3.59048057,3.35716963,3.01532435,3.21467257,8.08769608,9.04321384,-10.7301226,2.22899604,-11.9298105,-2.20684767,3.01558614,0.123557895,0.405304909,-10.7855167,2.29836941,-0.000254631042,1
2215,22.509976,3.57202268,3.42952585,2.99391294,2.98431468,19.3811493,9.52207851,-10.6704683,2.13398242,-21.4715691,2.29578924,2.69704843,0.324892879,0.789865375,-10.6704683,2.19094753,-0.000254631042,1
2216,22.519994,3.64437866,3.47013378,2.91195869,2.97250175,17.994524,0.190474525,-10.8941736,2.01729155,-16.3126965,7.59836292,10.7754498,0.476160437,0.897457063,-10.8941736,2.08340359,-0.000254631042,1
2217,22.529980,3.70639801,3.54544306,2.93706203,3.13936353,16.5010204,0.755574644,-10.8462362,1.91646028,-15.781002,4.88001537,13.0171881,0.539011061,0.989069819,-10.8462362,1.97479153,-0.000254631042,1
2218,22.539994,3.52107835,3.49449849,2.94887519,3.17332625,16.9117489,-7.64378595,-10.7535582,1.80556798,-14.669713,11.3681231,15.7618799,0.586947918,0.681208372,-10.7535582,1.86688137,-0.000254631042,1
2219,22.549979,3.64290166,3.33354306,3.1039238,3.15929818,18.9559994,4.19825268,-10.7290573,1.7006309,-19.3400002,-1.70868361,-3.83177495,0.696670175,0.805844367,-10.7290573,1.75973415,-0.000254631042,1
2220,22.560005,3.45905876,3.43543243,3.19473791,3.17480302,9.11207008,-0.681594372,-10.8132133,1.59631371,-9.09171295,0.913862824,19.6034927,0.498530984,0.535267174,-10.8132133,1.65115261,-0.000254631042,1
2221,22.569979,3.3010571,3.52993798,3.3010571,3.14231682,27.7277832,-15.8201933,-10.7919083,1.48115873,-29.0326462,13.274559,11.0365067,0.302522331,0.487330258,-10.7919083,1.54267788,-0.000254631042,1
2222,22.579976,3.33501959,3.51738644,3.42952585,3.09580207,22.5413284,-3.74324083,-10.7429056,1.36645603,-22.8319397,-0.908747077,12.2867069,0.346198171,0.420218617,-10.7429056,1.4350729,-0.000254631042,1
2223,22.589973,3.25011253,3.4206655,3.32025337,3.22574782,12.064127,-2.88481927,-10.8611507,1.25481343,-12.3633089,-1.00694287,1.2001611,0.406918257,0.0537676252,-10.8611507,1.3262167,-0.000254631042,1
2224,22.599981,3.35052466,3.3010571,3.31508517,3.34314132,14.5392027,-3.15368605,-10.9367838,1.15171599,-14.564332,-3.03552461,16.3702145,0.269499123,-0.181655824,-10.9367838,1.2175436,-0.000254631042,1
2225,22.609977,3.19621468,3.29662681,3.42361903,3.36012292,7.52512169,-9.7852602,-10.870738,1.03887153,-11.448411,4.61656332,5.45611095,0.315305501,-0.515083611,-10.870738,1.10819912,-0.000254631042,1
2226,22.619975,3.22279429,3.25823402,3.49745154,3.36750627,15.9156542,-3.91116118,-10.8014956,0.933691263,-15.119976,-6.32388639,8.61035156,0.0511199087,-0.106022038,-10.8014956,0.999922752,-0.000254631042,1
2227,22.629983,3.28259873,2.94296861,3.28259873,3.23829889,13.2240515,-20.8391418,-10.857955,0.81095767,-23.940834,5.99848986,11.2424784,0.0905346945,-0.00588718429,-10.857955,0.890486717,-0.000254631042,1
2228,22.639979,3.27078557,2.93337035,3.30327201,3.24863577,6.46131039,-12.9922514,-10.9911127,0.697840452,-14.106883,3.39749813,14.0183058,0.201322213,0.128336146,-10.9911127,0.780867577,-0.000254631042,1
2229,22.649975,3.34609485,3.09580207,3.41845083,3.12385869,7.04508686,-13.9611244,-10.8110828,0.589023113,-15.5223398,1.89821589,6.70391607,0.35365501,0.0452455096,-10.8110828,0.692946434,-0.000254631042,1
2230,22.659998,3.29810381,3.23829889,3.51443291,3.24420571,-0.31450516,-18.0903492,-10.8813906,0.478061676,-15.9175177,8.60187626,3.94485378,0.384547681,0.10170453,-10.8813906,0.583693504,-0.000254631042,1
2231,22.669983,3.28112221,3.3217299,3.4900682,3.24863577,7.26697922,-15.3150301,-10.8057566,0.370152712,-16.906662,-1.23446977,9.62584019,0.407983512,0.376542777,-10.8057566,0.474989891,-0.000254631042,1
2232,22.679997,3.37710452,3.34904814,3.42657232,3.19621468,-12.4662809,-9.49503899,-10.8877821,0.255702972,-6.03327274,14.4624882,-0.315886348,0.278021246,0.442589164,-10.8877821,0.365981102,-0.000254631042,1
2233,22.689983,3.23460746,3.42361903,3.53953624,3.14379334,-4.60167599,-10.105895,-10.9229355,0.148001194,-9.31684494,6.04160023,4.73281527,0.0031830112,0.718492687,-10.9229355,0.256392479,-0.000254631042,1
2234,22.699996,3.1807096,3.44650745,2.98948312,3.19326138,11.1957445,-10.6965065,-10.8824558,0.041466713,-11.1514292,-10.7426977,1.54264891,0.0276840944,0.669490516,-10.8824558,0.146986961,-0.000254631042,1
2235,22.709984,3.30770206,3.37710452,2.83812642,3.24125242,-15.0716124,-20.6718616,-11.0028305,-0.0668177605,-21.6320343,13.6577616,11.9753542,0.026618829,0.817562222,-11.0028305,0.0369100571,-0.000254631042,1
2236,22.720000,3.41402078,3.25675726,3.01384783,3.36972117,-5.06291294,-23.4930706,-10.9708729,-0.169337749,-24.0102901,1.03121877,2.35935068,0.248193845,0.733406365,-10.9708729,-0.0729837418,-0.000254631042,1
2237,22.729977,3.53436804,3.29219699,3.17037296,3.15117645,-16.1480789,-19.6930256,-10.9623508,-0.276811123,-23.3564491,10.151453,16.5929527,0.276955992,0.733406365,-10.9623508,-0.183030128,-0.000254631042,1
2238,22.739999,3.59491062,3.35200119,3.36972117,3.18218637,-1.59805501,-17.9577599,-10.8728685,-0.382071018,-17.2587299,-5.21259689,5.97583008,0.394135058,0.55231142,-10.8728685,-0.292405128,-0.000254631042,1
2239,22.749984,3.50852656,3.5070498,3.30622506,3.32911325,-14.9162254,-7.95047712,-10.9506321,-0.48167181,-13.9559965,9.53593349,14.1165018,0.811718702,0.497982919,-10.9506321,-0.401932716,-0.000254631042,1
2240,22.759994,3.42509556,3.54691958,3.35569286,3.46201205,-8.21397972,-12.2037048,-10.8994999,-0.588587284,-14.7104282,0.0564458258,8.93607426,0.861786127,0.131531939,-10.8994999,-0.511033058,-0.000254631042,1
2241,22.770056,3.02492261,3.50852656,3.4154973,3.55356455,-11.4134789,-23.7958565,-10.9975042,-0.693035603,-25.5981865,-6.42208195,4.91244125,0.600796342,0.151771948,-10.9975042,-0.62034893,-0.000254631042,1
2242,22.779975,3.02196956,3.49597502,3.3165617,3.67095828,-4.85767841,-5.55835962,-11.0007,-0.813902855,-7.34813833,-0.705170453,-8.69126987,0.525162578,-0.059150409,-11.0007,-0.730425835,-0.000254631042,1
2243,22.789984,3.1039238,3.35716963,3.24568224,3.72190261,-24.2525997,-7.83121109,-11.0454407,-0.915979862,-24.0054989,8.55876541,2.2252295,0.436745644,0.00902651716,-11.0454407,-0.840319633,-0.000254631042,1
2244,22.799997,3.10023189,3.29662681,3.38670278,3.59638739,-11.6591673,-4.78014326,-11.1732731,-1.02164221,-12.439949,2.00838685,10.492837,0.324892879,0.128336146,-11.1732731,-0.950762749,-0.000254631042,1
2245,22.809999,3.1807096,3.35052466,3.30327201,3.49892831,-18.9224987,8.1504755,-11.0081568,-1.13178492,-13.6638041,15.4204969,14.0111208,0.313174963,0.0558981523,-11.0081568,-1.06160259,-0.000254631042,1
2246,22.819973,3.28112221,3.35200119,3.36159945,3.48859167,-35.334568,4.17850971,-11.0443754,-1.23740959,-32.0216293,15.511507,26.7023315,0.242867514,0.153902486,-11.0443754,-1.17133999,-0.000254631042,1
2247,22.829999,3.17775631,3.39703918,3.07439065,3.52550793,-26.1089382,-1.44828999,-11.1327925,-1.35221624,-25.8017635,4.24773026,19.1268826,0.227953821,0.228470996,-11.1327925,-1.28208828,-0.000254631042,1
2248,22.839973,3.2301774,3.34904814,2.98652959,3.61779904,-8.80085087,1.83101046,-10.9868517,-1.47358084,-8.58157349,2.67659736,6.62009048,0.0830778405,-0.10921783,-10.9868517,-1.39240932,-0.000254631042,1
2249,22.849997,3.07143736,3.42509556,3.10983014,3.30622506,-24.4473896,8.27140045,-11.013483,-1.58243322,-24.5419846,7.98635626,8.20080376,0.334480256,0.140054047,-11.013483,-1.50236416,-0.000254631042,1
2250,22.859984,3.07291412,3.53289127,3.39999247,3.25971079,-23.9281368,-6.55809546,-11.0731382,-1.69326353,-12.7201672,8.26657295,13.0674829,0.0969262794,0.549115598,-11.0411797,-1.61286831,-0.000254631042,1
2251,22.869998,2.93484712,3.52107835,3.53289127,3.18218637,-23.2539654,7.3866353,-10.9644814,-1.77604532,-10.3778372,1.16294491,13.5440922,-0.164063498,0.594922006,-10.8675423,-1.72331095,-0.000254631042,1
2252,22.879984,3.07439065,3.52846146,3.22279429,3.28924346,-17.9636497,0.277477592,-10.8963041,-1.90129805,-22.7600899,2.9999249,6.39256334,0.0298146233,0.545919836,-10.9357185,-1.83241129,-0.000254631042,1
2253,22.890003,3.20581293,3.52846146,2.94887519,3.23829889,-17.4421043,11.5009775,-11.0667467,-2.01382017,-17.7042027,4.05373335,7.71461439,-0.0554065369,0.874021292,-11.0955086,-1.94236612,-0.000254631042,1
2254,22.899977,3.34757137,3.55356455,2.99538994,2.99981976,-6.15762377,8.60155201,-11.1082916,-2.13143396,-9.78866291,14.3762674,13.8075447,0.418636143,0.721688449,-11.1178789,-2.05393839,-0.000254631042,1
2255,22.909975,3.37562799,3.64142537,3.13936353,3.1039238,-3.74141431,22.7750492,-10.9367838,-2.25126266,-17.2371731,-4.94195986,17.3425941,0.638080597,0.793061197,-10.8600855,-2.16395426,-0.000254631042,1
2256,22.919984,3.37119794,3.70492148,3.00941801,3.23460746,-6.03873301,12.1113749,-10.916544,-2.35756063,-12.8399181,4.27647018,7.24040031,0.762716532,0.468155503,-10.920805,-2.27366495,-0.000254631042,1
2257,22.929981,3.3217299,3.59638739,3.00498796,3.36159945,-11.8207378,20.286171,-10.9740686,-2.47166324,-23.2414875,3.33043766,-0.382946879,0.655124843,0.276407897,-10.996439,-2.38343668,-0.000254631042,1
2258,22.939977,3.23165417,3.60081744,3.23460746,3.38153458,-13.5970383,19.2182598,-10.8654118,-2.59033322,-23.4929657,-1.5170821,11.3981543,0.450594097,0.675882101,-10.8398447,-2.49348307,-0.000254631042,1
2259,22.949974,3.19030786,3.56390095,3.33354306,3.52255487,9.69268227,12.080122,-10.8632813,-2.69462371,-6.70387793,13.9619293,19.7112694,0.79573971,0.447915494,-10.8632813,-2.6029191,-0.000254631042,1
2260,22.959982,3.28924346,3.49302149,3.17332625,3.62001395,-0.138592243,14.1826668,-10.9048262,-2.81489706,-13.4769926,4.42017174,2.5509522,0.776564956,0.156033009,-10.9048262,-2.712111,-0.000254631042,1
2261,22.969979,3.33723497,3.4376471,3.38301134,3.58531237,-6.21558905,21.4280643,-10.9431753,-2.92742896,-22.2595291,-1.51947713,21.8572063,0.495335191,0.240188897,-10.9431753,-2.82261515,-0.000254631042,1
2262,22.979976,3.47308707,3.50188184,3.24568224,3.31213164,12.5842237,16.828804,-11.1125526,-3.02193046,-15.2061968,14.5032043,19.2562141,0.499596268,-0.0825862214,-11.1125526,-2.93421793,-0.000254631042,1
2263,22.999999,3.51295662,3.56537747,3.62444377,3.17923307,3.36057281,21.195013,-11.0987043,3.04236579,-21.4236679,1.24437559,10.0784988,0.386678219,0.146445632,-11.0987043,3.12606716,-0.000254631042,1
2264,23.009997,3.30327201,3.40663743,3.26118731,3.28776693,3.51955676,18.327425,-11.0326576,2.94860077,-18.6622105,-0.0609101392,20.1711121,0.158711627,0.193317264,-11.0326576,3.01476955,-0.000254631042,1
2265,23.019984,3.3217299,3.47308707,3.31803799,3.21614957,11.8672438,14.3954725,-11.0614204,2.83385563,-17.3138142,6.94931269,12.7800808,0.325958133,0.151771948,-11.0614204,2.90420437,-0.000254631042,1
2266,23.030000,3.40663743,3.39408565,3.45610571,3.34018803,14.0160694,14.1712656,-11.0347881,2.72631145,-18.6214943,7.10738373,24.7288342,0.158711627,0.338193238,-11.0347881,2.79345608,-0.000254631042,1
2267,23.039974,3.48194671,3.39260936,3.16815805,3.36012292,16.5354309,11.655571,-11.2212095,2.60845971,-18.4418678,8.31686878,17.6467609,0.271629661,0.32327953,-11.2212095,2.68087673,-0.000254631042,1
2268,23.050003,3.48490024,3.45462871,3.21984124,3.18735456,15.0347548,4.98689985,-11.0070915,2.50341773,-12.9620638,9.10483074,12.4016676,0.239671722,0.0399191864,-11.0070915,2.56976223,-0.000254631042,1
2269,23.059977,3.41402078,3.49597502,3.30770206,3.27521539,14.8773985,12.3877916,-10.9080219,2.38724256,-19.2154598,2.35805964,11.1442823,0.0628378168,0.115552969,-10.9080219,2.46011257,-0.000254631042,1
2270,23.069995,3.35200119,3.61041594,3.34314132,3.35716963,19.951231,9.13097954,-11.0390491,2.28134656,-21.0787849,6.09189558,9.29532719,0.349393964,0.146445632,-11.0390491,2.34985256,-0.000254631042,1
2271,23.079982,3.40959072,3.5934341,3.45462871,3.16077471,14.1163826,3.85118937,-11.0592899,2.17646194,-13.7979259,4.87043524,17.0456104,0.112905249,0.558703005,-11.0592899,2.23965359,-0.000254631042,1
2272,23.090003,3.26561713,3.46201205,3.52846146,3.30917859,13.1733665,4.71496439,-11.0433102,2.05785298,-13.8482208,1.99880672,7.49187756,0.102252603,0.460698664,-11.0433102,2.12872219,-0.000254631042,1
2273,23.099978,3.34904814,3.44650745,3.39703918,3.24863577,20.6053772,2.06219387,-11.0188093,1.94826889,-19.9148064,5.67755699,8.41156483,0.278021246,0.653511524,-11.0188093,2.0403738,-0.000254631042,1
2274,23.109976,3.43543243,3.52993798,3.39113283,3.08841896,16.6016083,-1.58786845,-11.206296,1.84505773,-15.5510798,6.02483511,6.00696516,0.227953821,0.78347379,-11.206296,1.92962551,-0.000254631042,1
2275,23.119984,3.54839611,3.59786391,3.45315218,3.21319604,14.7167263,3.02239037,-11.202035,1.73006749,-15.0098057,-0.650084972,-0.876320958,0.282282293,0.855911791,-11.202035,1.81753445,-0.000254631042,1
2276,23.129981,3.64142537,3.6923697,3.10983014,3.17627978,19.5939159,-11.1702795,-11.1743383,1.61558318,-19.0741539,12.036334,7.64036894,0.438876182,0.695056856,-11.1743383,1.70568752,-0.000254631042,1
2277,23.139977,3.63478065,3.74479079,3.06036258,3.16077471,18.9613495,-12.4539089,-11.1743383,1.49802899,-19.8166103,11.0424004,10.0928688,0.617840588,0.680143118,-11.1743383,1.59416103,-0.000254631042,1
2278,23.149973,3.39408565,3.7263329,3.23977566,3.31508517,9.26759624,-15.7681322,-11.1881866,1.39400721,-11.8962803,13.8924742,9.93000793,0.681756437,0.149641424,-11.1881866,1.48219204,-0.000254631042,1
2279,23.159982,3.52107835,3.61779904,3.23977566,3.44207716,17.6735039,-7.23251486,-11.0635509,1.27361131,-19.016674,1.74014461,7.4176321,0.627427936,0.111291908,-11.0635509,1.37068081,-0.000254631042,1
2280,23.169978,3.52993798,3.50557327,3.23313093,3.54691958,19.8922882,-11.2537346,-11.1743383,1.15899682,-22.7337437,2.35087466,14.9308081,0.719040692,0.0196791627,-11.1743383,1.25950527,-0.000254631042,1
2281,23.179976,3.24568224,3.40146923,3.18735456,3.62444377,8.23073769,-7.27071762,-11.357564,1.04827046,-10.7610407,2.19280338,18.8514557,0.591208935,-0.051693555,-11.357564,1.14689541,-0.000254631042,1
2282,23.189996,3.3726747,3.40959072,3.17480302,3.48046994,5.41190672,-16.2359982,-11.2126875,0.937562227,-13.9703674,9.88560581,8.27983856,0.439941436,-0.28072539,-11.2126875,1.0338583,-0.000254631042,1
2283,23.199981,3.37415123,3.46201205,3.28924346,3.53289127,7.93470383,-11.2315388,-10.9218702,0.816982269,-13.4722033,2.75802803,13.8003588,0.478290975,-0.369142354,-10.9218702,0.922804832,-0.000254631042,1
2284,23.210000,3.51738644,3.33206654,3.42214251,3.63478065,11.014945,-14.5871,-11.0859213,0.700195074,-18.2526627,0.976133347,16.9881306,0.418636143,0.00476546027,-11.0859213,0.812392235,-0.000254631042,1
2285,23.220070,3.63182712,3.30327201,3.61779904,3.57792926,-4.79342318,-7.29001522,-11.1093569,0.592869282,-3.36761546,8.0486269,13.6710281,0.318501294,-0.140110508,-11.1093569,0.700575829,-0.000254631042,1
2286,23.229976,3.51590967,3.30474854,3.61484551,3.44355392,12.9014931,-21.3665791,-10.9516973,0.473458767,-24.8988419,-1.73981893,12.3130522,-0.0862992033,0.22953625,-10.9516973,0.589064598,-0.000254631042,1
2287,23.239994,3.55799413,3.4154973,3.55356455,3.37858129,4.83390236,-20.7941418,-11.2126875,0.361354828,-21.1602154,2.82987857,9.22826672,0.026618829,0.322214276,-11.2126875,0.477675438,-0.000254631042,1
2288,23.249982,3.52403164,3.3217299,3.45905876,3.44650745,-4.92233086,-14.0613947,-11.2222748,0.263514757,-12.2938538,8.41506481,6.76858139,-0.193890914,0.492656589,-11.2222748,0.365187645,-0.000254631042,1
2289,23.260003,3.68129492,3.42509556,3.52255487,3.31213164,-6.10625362,-26.9127846,-11.1785994,0.13906312,-25.8065548,9.77783108,5.5902319,-0.156606644,0.725949526,-11.1785994,0.252638817,-0.000254631042,1
2290,23.269978,3.76620221,3.43100238,3.57202268,3.34314132,-6.57461357,-14.0843782,-11.2393188,0.0281529427,-13.8937263,6.96847296,6.88114738,-0.0255791284,0.934741318,-11.2393188,0.140242577,-0.000254631042,1
2291,23.280001,3.66136026,3.44798398,3.10983014,3.26709366,-4.35528278,-12.8300419,-11.3628902,-0.0770802498,-13.1273203,3.35438776,15.1295948,0.105448395,0.93261081,-11.3628902,0.0266256332,-0.000254631042,1
2292,23.289977,3.54544306,3.42657232,2.74657369,3.12976527,-7.4039669,-9.95408058,-11.3106918,-0.17832756,-12.9740391,2.18082833,8.86422348,0.280151784,0.462829202,-11.3106918,-0.0871744156,-0.000254631042,1
2293,23.299996,3.44503069,3.32763672,2.71925592,3.00794125,-11.9479275,-18.2411861,-11.0923128,-0.299847126,-13.115345,6.54694939,4.15801048,0.454855144,0.426610202,-11.0923128,-0.198777199,-0.000254631042,1
2294,23.309982,3.35200119,3.27669215,3.05888581,3.09580207,-12.3316584,-24.212738,-11.202035,-0.381783009,-20.9422684,13.3440142,7.0871191,0.57203418,0.365890115,-11.1636858,-0.310807228,-0.000254631042,1
2295,23.320002,3.16225147,3.24863577,3.00794125,3.11130714,-17.16889,-11.551465,-11.0486364,-0.486013889,-25.0042229,5.65360689,16.5187073,0.741411269,0.296647936,-10.9389143,-0.421525002,-0.000254631042,1
2296,23.330009,3.1039238,3.39113283,2.88242602,3.09580207,1.66941833,-0.742799401,-10.7567539,-0.592415333,-10.9286919,-16.7733574,18.3413162,0.919310391,-0.0197356232,-10.6779251,-0.530564308,-0.000254631042,1
2297,23.339999,2.90457535,3.31213164,2.85806108,3.27373886,-22.1436863,-11.9559927,-10.5650072,-0.696314335,-29.8589268,1.12462461,-2.95998788,0.485747814,-0.0623462014,-10.5394402,-0.637133598,-0.000254631042,1
2298,23.350130,2.44681334,3.137887,2.83000445,3.12681174,-17.8344841,-3.20014668,-10.505352,-0.802698612,-10.780201,5.09317255,18.2718601,0.652994275,0.121944554,-10.429718,-0.743578911,-0.000254631042,1
2299,23.359978,2.36190581,3.06774569,2.71556401,2.87356591,-4.37567425,1.44653404,-10.2667332,-0.903982639,-2.54372859,3.8429718,16.1618481,0.601861596,0.172011971,-10.2251873,-0.848071098,-0.000254631042,1
2300,23.370076,2.33901763,2.96142673,2.92008042,2.72220898,-16.4605122,-0.495314807,-10.2390356,-1.00030565,-17.2251987,12.6111383,11.3765993,0.409048766,0.21781835,-10.2326441,-0.951037407,-0.000254631042,1
2301,23.379982,2.45124316,2.85510778,2.78053665,2.66978765,-10.9090118,2.63004136,-9.82997417,-1.09864187,-8.51930332,7.30377531,13.4363165,0.411179304,0.153902486,-9.78203773,-1.05290508,-0.000254631042,1
2302,23.389995,2.46527147,2.75321889,2.47191644,2.71925592,-14.9993896,-3.59066057,-9.72238255,-1.19740629,-15.2756529,2.12813783,4.99147701,-0.076711826,0.109161377,-9.72238255,-1.15187359,-0.000254631042,1
2303,23.399982,2.07322025,2.61515188,2.01710725,2.68824601,-17.1855984,-5.96990967,-9.60626888,-1.29948378,-18.1568623,-1.145854,5.35551977,-0.306808949,0.424479663,-9.60626888,-1.2493124,-0.000254631042,1
2304,23.410002,2.04073381,2.53172088,1.90783513,2.55830073,-5.92246056,24.6513557,-9.51678658,-1.39504766,-1.52105546,25.3071384,8.52173615,-0.331310034,0.593856692,-9.51678658,-1.34638882,-0.000254631042,1
2305,23.419976,2.0806036,2.47339296,1.95730305,2.44238353,-13.7375746,4.38001537,-8.86697483,-1.48500395,-13.3117371,5.5410409,-1.84151387,-0.169389829,0.242319435,-8.86697483,-1.4388876,-0.000254631042,1
2306,23.429973,1.81037617,2.23343706,2.11013651,2.16403437,-10.339385,2.03558826,-8.79453754,-1.5780549,-10.3538876,1.96048641,3.34370375,-0.0554065369,0.326475352,-8.79453754,-1.5293417,-0.000254631042,1
2307,23.439982,1.59699976,1.8613205,1.97428441,2.03778052,-7.72027063,17.9275589,-8.59320259,-1.66637278,-9.39587975,17.1089859,0.0194164198,0.101187341,0.580008268,-8.59320259,-1.61884975,-0.000254631042,1
2308,23.449979,1.39026833,1.73506689,1.92481673,1.84433925,-3.7795527,6.36006117,-8.10850716,-1.74611902,-4.83097219,5.60331154,14.9739189,0.448463559,0.571486175,-8.10850716,-1.7046957,-0.000254631042,1
2309,23.459975,1.60364473,1.7483567,1.69888878,1.92334008,-12.0876427,8.41367912,-7.84006023,-1.82540512,-13.8170862,5.09796238,10.6197729,0.464442521,0.377608031,-7.84006023,-1.78751993,-0.000254631042,1
2310,23.469984,1.22783661,1.49806392,1.86427391,2.10718322,0.130577192,18.2675552,-7.46295691,-1.90606737,-5.88717651,17.2934017,13.27106,0.455920398,0.653511524,-7.46295691,-1.86637735,-0.000254631042,1
2311,23.479981,1.18944371,1.25441647,1.72103858,1.82440424,0.742863476,3.3131752,-6.97506571,-1.97228098,-0.610947967,3.3400178,22.2978897,0.904396713,0.448980749,-6.97506571,-1.94190836,-0.000254631042,1
2312,23.489977,2.01710725,1.16950881,1.62505627,1.58149505,20.0512753,23.6285248,-6.46054268,-2.05034494,6.88785839,30.2145348,20.1303978,1.19627929,-0.00482191984,-6.46054268,-2.01249552,-0.000254631042,1
2313,23.499973,1.72399199,1.95877957,1.75500154,1.83326423,0.069572933,1.47529817,-5.49008703,-2.1132021,-0.701958716,1.29946101,14.7535772,0.939550459,-0.397904485,-5.49008703,-2.07527018,-0.000254631042,1
2314,23.520001,2.26961493,2.21054888,2.23860526,2.11604333,-7.23406696,-7.40073633,-5.41551828,-2.21995497,-1.28873849,-10.2684841,15.6469193,0.524097323,0.0846602991,-5.41551828,-2.19288492,-0.000254631042,1
2315,23.529976,1.98683608,2.00381756,1.95877957,2.10718322,-1.78722024,1.06076157,-5.74788094,-2.2841897,-2.04556465,-0.367472678,10.3156061,0.285478085,-0.199765325,-5.74788094,-2.2402482,-0.000254631042,1
2316,23.540005,1.87977874,2.00972414,2.55977726,2.19652081,-8.83207798,3.56021738,-5.96093369,-2.34881687,-8.78993988,-3.66301966,3.7724123,-0.262067825,-0.0495630279,-5.96093369,-2.30158854,-0.000254631042,1
2317,23.549979,2.0193224,1.81480622,2.5058794,1.99864948,-9.16811848,-0.387029737,-6.26986074,-2.40796018,-5.85125113,-7.06873751,12.1980915,-0.469794393,0.13046667,-6.26986074,-2.36479044,-0.000254631042,1
2318,23.559997,1.72842181,1.75500154,2.03778052,1.77050638,-2.41123366,3.92156601,-6.63631153,-2.47373867,-4.57231045,0.535449743,9.79588604,-0.575255632,0.179468825,-6.63631153,-2.43073893,-0.000254631042,1
2319,23.569982,1.92924654,1.87387216,1.93736815,1.85393751,-4.95291996,8.57124329,-6.62139797,-2.54725981,-9.87488365,0.695916057,12.0160694,-0.770199001,0.420218617,-6.62139797,-2.49824381,-0.000254631042,1
2320,23.580000,1.93884492,1.72546864,1.7594316,1.98019111,5.33058643,6.31198359,-6.69596624,-2.60464048,-2.6970098,7.80912447,9.33843803,-0.387769043,0.283864766,-6.69596624,-2.5655961,-0.000254631042,1
2321,23.589974,1.75795484,1.72251534,1.73285198,1.75204837,-1.73408532,7.01629543,-6.68211794,-2.67351389,-7.04397106,1.6179986,5.86326408,-0.0245138649,0.260428935,-6.68211794,-2.6334672,-0.000254631042,1
2322,23.599996,1.79044116,1.68707561,1.70848703,1.7764132,0.162678093,2.58772492,-6.60541868,-2.74236155,-2.32099199,1.15575981,7.56372833,0.253520161,0.0420497172,-6.60541868,-2.70072794,-0.000254631042,1
2323,23.609996,1.59109318,1.59847641,1.7483567,1.86575055,3.6674993,9.21754742,-6.54576397,-2.81357241,-7.54452991,6.44156837,-3.7814796,0.429288805,0.228470996,-6.54576397,-2.7675004,-0.000254631042,1
2324,23.619982,1.59404635,1.6545893,1.61914945,1.73285198,3.4774828,4.87284851,-6.35721207,-2.87443352,-3.78195381,4.64051342,17.1725464,0.580556333,0.274277389,-6.35721207,-2.83326578,-0.000254631042,1
2325,23.629980,1.53867197,1.55048513,1.31274414,1.61398137,5.39399099,7.50890398,-6.02804565,-2.93799734,-6.26319456,6.8008213,15.2134209,0.605057418,0.151771948,-6.02804565,-2.89655924,-0.000254631042,1
2326,23.639976,1.52612054,1.4965874,1.54014862,1.50766218,6.97446346,0.612570107,-5.79262209,-2.99720216,0.397355318,6.9900279,19.5412216,0.630623758,-0.010148243,-5.79262209,-2.95780802,-0.000254631042,1
2327,23.649984,1.48108256,1.4936341,1.36221218,1.54310191,6.41383362,3.89388919,-5.20353079,-3.0418539,-3.23588943,6.76968622,8.24391365,0.423962474,-0.144371569,-5.20353079,-3.01518106,-0.000254631042,1
2328,23.659981,1.2869029,1.3223424,1.22340667,1.20790184,2.15789986,4.18189812,-4.86477661,-3.09486723,-4.07654142,2.35087466,1.79652095,0.141667396,0.0590939485,-4.86477661,-3.06773233,-0.000254631042,1
2329,23.669978,1.07057321,1.11856437,0.985665619,1.13997579,3.39321589,1.76180208,-4.57715511,-3.14052033,-1.75816238,3.39510322,5.329175,0.151254773,0.321149021,-4.57715511,-3.11790323,-0.000254631042,1
2330,23.679975,1.06540489,1.04842341,0.846121907,1.00855362,8.92518234,-0.086928606,-4.24372768,3.09774423,-0.304385424,8.92041397,13.2375298,0.0372714698,0.484134465,-4.24372768,3.11828518,-0.000254631042,1
2331,23.689983,1.04547,0.956132531,0.701409996,0.976067305,8.41518211,-2.02258921,-3.71748686,3.06212544,1.34817815,8.54918575,16.844429,0.101187341,0.344584823,-3.71748686,3.0754385,-0.000254631042,1
2332,23.699980,0.937674403,0.694765031,0.990095556,0.781149209,10.5800381,-3.11620522,-3.2413137,3.03415203,1.96369815,10.8531942,14.1380568,0.170429543,0.0601592101,-3.2413137,3.03723049,-0.000254631042,1
2333,23.709999,0.710269868,0.615764141,0.809205592,0.796654105,6.15066814,-2.36614704,-2.68418026,3.00681496,1.51822448,6.41282797,12.4854937,0.0670988783,-0.0442367047,-2.68418026,3.00369167,-0.000254631042,1
2334,23.719984,0.632745624,0.614287496,0.586969376,0.80625236,5.73857403,-4.2781105,-2.12704706,2.98696041,3.34322953,6.32900238,10.7514992,0.00211774674,-0.206156909,-2.12704706,2.97534084,-0.000254631042,1
2335,23.729983,0.566296279,0.451117367,0.558912992,0.523473322,3.73997569,-0.903358817,-1.71372437,2.97069001,-0.680403531,3.71364069,6.64643574,-0.183238268,-0.16248107,-1.71372437,2.95220852,-0.000254631042,1
2336,23.740004,0.333723456,0.333723456,0.335200131,0.505015194,2.3733058,-0.635491788,-1.40373242,2.95713854,0.864384115,3.54598951,5.29324961,-0.256741524,-0.061280936,-1.34833872,2.93292141,-0.000254631042,1
2337,23.749978,0.347013354,0.250292629,0.305667102,0.25324592,4.33067513,-0.340376347,-1.12782896,2.94706583,-0.469641805,4.4105916,4.69688988,-0.272720486,0.117683493,-1.0980016,2.9169302,-0.000254631042,1
2338,23.760004,0.21928291,0.20820801,0.28056401,0.287208945,3.47647834,-1.42397273,-0.876426637,2.93872595,1.14939141,3.46934867,5.65968752,-0.160867706,0.239123642,-0.803988636,2.90383816,-0.000254631042,1
2339,23.769979,0.234787777,0.151356876,0.257675886,0.143235311,2.84505153,-0.5144732,-0.666569531,2.93113589,0.0261272788,2.17603827,10.1168194,-0.00533910468,0.251906812,-0.63035053,2.89321804,-0.000254631042,1
2340,23.780003,0.143235311,0.0834308639,0.157263488,0.197133109,2.59207702,-1.66396308,-0.496127218,2.92663121,0.76379329,2.99273992,14.5308399,0.06816414,0.131531939,-0.452451378,2.88461208,-0.000254631042,1
2341,23.790005,0.0472528823,0.115178905,0.120347172,0.0849075317,1.98995316,-0.711015761,-0.280943811,2.92217803,0.138693199,2.24309874,14.3081036,0.0884041637,-0.00269139092,-0.264964819,2.87817287,-0.000254631042,1
2342,23.799979,0.0287947264,-0.00516828429,0.0782625824,0.0694026724,1.21467817,-0.194590196,-0.126480445,2.91827345,-0.0792535841,1.22761035,11.9226637,0.042597793,-0.0644767284,-0.0977183059,2.87359524,-0.000254631042,1
2343,23.810000,-0.0155048529,-0.011074895,0.0103365686,-0.00221497891,1.74640369,0.123813711,0.0386355445,2.91800427,-0.507962108,1.67547905,9.31448746,0.0244883001,-0.059150409,0.0716587454,2.87097073,-0.000254631042,1
2344,23.819974,-0.0465145558,-0.0974590778,-0.0036916316,-0.0406079441,1.90487313,0.19156307,0.17818518,2.92097783,-0.603762925,1.81678522,7.96609163,-0.0170570128,-0.0208008867,0.204816788,2.87011623,-0.000254631042,1
2345,23.829996,-0.111487262,-0.110010616,-0.0465145558,-0.122562163,1.35922956,0.362428784,0.296429545,2.92435193,-0.646873236,1.24916553,8.65106678,-0.0181222782,0.00583072472,0.317734838,2.87069607,-0.000254631042,1
2346,23.839983,-0.128468782,-0.167600065,-0.085645847,-0.142496973,2.18264151,-0.451541811,0.405086517,2.92674851,-0.0241681337,2.22872853,9.42226315,-0.0277096573,0.00476546027,0.405086517,2.87252712,-0.000254631042,1
2347,23.850003,-0.128468782,-0.205993056,-0.149880245,-0.182366595,1.56613564,0.154659301,0.533983529,2.92900467,-0.481616914,1.49824762,9.93958759,-0.0245138649,-0.0197356232,0.533983529,2.87576199,-0.000254631042,1
2348,23.859977,-0.265797466,-0.251030952,-0.160955131,-0.252507597,1.45052063,-0.394629538,0.673533142,2.93479991,0.088397786,1.50064266,10.9383106,0.0223577712,-0.0463672355,0.673533142,2.88040066,-0.000254631042,1
2349,23.870002,-0.245862663,-0.301975459,-0.290900558,-0.22740449,1.76245165,0.217990607,0.813082814,2.94345522,-0.560652554,1.68505919,11.0556669,0.0372714698,-0.0751293674,0.813082814,2.88650417,-0.000254631042,1
2350,23.879976,-0.310835391,-0.310835391,-0.2724424,-0.329293549,2.3991642,-0.518123567,0.972872436,2.95125508,0.0548675135,2.45386052,9.77433109,0.0564462319,-0.101760983,0.972872436,2.89428616,-0.000254631042,1
2351,23.890000,-0.338891774,-0.386882991,-0.338891774,-0.310835391,2.13741827,-0.261129379,1.14224958,2.96205401,-0.124758959,2.14969301,8.59837627,0.0234230366,-0.124131538,1.14224958,2.9037466,-0.000254631042,1
2352,23.899975,-0.377284735,-0.422322661,-0.394266218,-0.429705888,2.39717913,-0.833004951,1.31056142,2.97585154,0.426095545,2.50176096,8.66064739,0.0095745977,-0.113478892,1.31056142,2.91500759,-0.000254631042,1
2353,23.909999,-0.45480898,-0.474743813,-0.470313877,-0.431182534,2.742342,-0.118634917,1.45650256,2.99162817,-0.292410344,2.72928762,9.20192146,0.0500546433,-0.0761946365,1.45650256,2.92785549,-0.000254631042,1
2354,23.919984,-0.468837202,-0.465145528,-0.511660099,-0.493201941,2.78868413,0.14572069,1.60990071,3.00651503,-0.519937217,2.74365783,10.689229,0.106513664,-0.0399756469,1.60990071,2.94222927,-0.000254631042,1
2355,23.930001,-0.573679566,-0.531594932,-0.60173595,-0.519781709,2.15857434,0.111411355,1.76755977,3.02382565,-0.364260942,2.13053274,10.4257765,0.120362096,-0.00908297859,1.76755977,2.95828152,-0.000254631042,1
2356,23.939975,-0.562604606,-0.592137635,-0.654157102,-0.609119177,3.17784834,-0.737344205,1.94865477,3.04384756,0.423700511,3.23463678,9.57314968,0.138471603,0.00689598918,1.94865477,2.97601223,-0.000254631042,1
2357,23.950001,-0.661540389,-0.603212535,-0.679998517,-0.624624014,2.77469206,0.124930732,2.16277289,3.06809759,-0.328335643,2.75802803,6.90509748,0.143797919,0.0527023599,2.16277289,2.99578762,-0.000254631042,1
2358,23.959975,-0.688120067,-0.660063744,-0.73241967,-0.726513088,2.58041286,-0.614132106,2.3513248,3.09311461,0.488366038,2.60714173,8.27504921,0.117166303,0.1144877,2.3513248,3.01766872,-0.000254631042,1
2359,23.969984,-0.753092885,-0.781887531,-0.809943914,-0.766382694,2.12297463,0.557764709,2.51537538,3.11759138,-0.608552933,2.10897756,9.83660221,0.0031830112,0.17414251,2.51537538,3.04135036,-0.000254631042,1
2360,23.979981,-0.761952758,-0.838000298,-0.896328092,-0.836523712,1.01471138,0.730340958,2.60698819,3.14123964,-0.730698943,1.01445365,10.0952635,-0.160867706,0.230601519,2.60698819,3.06130886,-0.000254631042,1
2361,23.989978,-0.73241967,-0.880823314,-0.896328092,-0.893374801,0.570257068,-0.252341241,2.65492511,-3.1181674,0.265629232,0.56418997,15.3211966,-0.232240424,0.166685656,2.65492511,3.08682156,-0.000254631042,1
2362,23.999974,-0.860888481,-0.91478622,-0.897804797,-0.862365067,2.13770604,0.193616703,2.66025138,-3.08931494,-0.0816486031,2.14490294,15.4409475,-0.306808949,-0.101760983,2.66025138,3.11279202,-0.000254631042,1
2363,24.009983,-0.916262865,-0.933244407,-0.911832988,-0.794439077,1.96936035,2.51181197,2.79234433,-3.0543077,-2.33057213,2.18082833,13.136939,-0.323853165,-0.293508589,2.79234433,3.13958645,-0.000254631042,1
2364,24.019981,-0.935459435,-0.989357293,-0.848336875,-0.848336875,3.83712745,2.35666251,2.93935061,-3.02392173,-1.88988841,4.08726406,12.7824755,-0.294025779,-0.43518874,2.93935061,-3.11530924,-0.000254631042,1
2365,24.029979,-0.990833938,-1.06983483,-0.910356343,-0.887468219,3.5923326,3.0894289,3.10553193,-2.99564457,-2.53414869,4.003438,8.90014935,-0.398421675,-0.482060373,3.10553193,-3.08540201,-0.000254631042,1
2366,24.039975,-1.0506382,-1.04325497,-1.00781524,-1.02184355,2.19502926,2.79821992,3.26212573,-2.96492648,-2.36889243,2.65264702,3.12575698,-0.278046787,-0.370207608,3.26212573,-3.05387735,-0.000254631042,1
2367,24.049996,-1.0897696,-1.07278812,-1.04325497,-1.04177845,1.87216473,2.70727324,3.3984797,-2.93009329,-2.25393152,2.3987751,4.8142457,-0.18643406,-0.171003178,3.3984797,-3.02107096,-0.000254631042,1
2368,24.059981,-1.08312452,-1.08829296,-1.09862947,-1.08829296,2.11558008,2.23884606,3.52950716,-2.89241815,-1.64799142,2.60235167,8.12655735,-0.139562413,-0.0165398289,3.52950716,-2.98689127,-0.000254631042,1
2369,24.069995,-1.10232115,-1.07426476,-1.11930263,-1.11265779,1.86292779,2.62582231,3.69568849,-2.85435963,-1.99047923,2.53050113,7.75053978,-0.113996081,0.0313970707,3.69568849,-2.95115519,-0.000254631042,1
2370,24.079996,-1.10379791,-1.10675108,-1.16212571,-1.17467701,2.66508651,1.39331961,3.84376025,-2.81506348,-0.464851767,2.97118473,7.85352564,-0.126779258,0.0995739996,3.84376025,-2.91386271,-0.000254631042,1
2371,24.089982,-1.10010624,-1.18206036,-1.17467701,-1.23669648,-0.860481024,-0.146271795,3.91406775,-2.77688217,-0.170264333,-0.85605669,14.4997053,-0.0649939179,0.0335276015,3.91406775,-2.87522745,-0.000254631042,1
2372,24.100003,-1.18353701,-1.1340692,-1.33194053,-1.29354763,-0.697438061,-1.84119916,3.91406775,-2.73848391,1.42002869,-1.36380088,18.9472561,-0.0788423568,-0.1433063,3.91406775,-2.83604288,-0.000254631042,1
2373,24.109978,-1.25367808,-1.26696801,-1.17467701,-1.2750895,1.14654446,0.810174942,3.95454764,-2.69802856,-0.239719898,1.38328671,15.1152248,-0.0937560573,-0.315879136,3.95454764,-2.79667521,-0.000254631042,1
2374,24.120005,-1.24998629,-1.23669648,-1.09715283,-1.17024708,1.41392279,3.88710332,4.09303188,-2.65776539,-2.78323054,3.05980039,7.53259277,-0.00853489805,-0.313748598,4.09303188,-2.756392,-0.000254631042,1
2375,24.129979,-1.2861644,-1.27213621,-1.28247273,-1.32751071,0.45965147,3.59804821,4.16653538,-2.61366463,-2.87663651,2.2095685,4.79508591,0.141667396,-0.133718923,4.16653538,-2.71476603,-0.000254631042,1
2376,24.140002,-1.32751071,-1.27065957,-1.32751071,-1.30314589,-1.55208731,2.68996382,4.24536514,-2.56844807,-3.10176826,0.154641628,5.91355944,0.128884211,0.0367233939,4.24536514,-2.67262125,-0.000254631042,1
2377,24.149977,-1.29354763,-1.2581079,-1.42349303,-1.38805342,-0.679824293,1.67325842,4.31247663,-2.52479267,-1.75816238,0.413303733,8.89056873,-0.0799076185,0.134727731,4.31247663,-2.62943888,-0.000254631042,1
2378,24.159984,-1.37107182,-1.35409045,-1.42792308,-1.45081115,-0.111708224,-0.0530663952,4.36254406,-2.48163414,-0.0265631527,-0.120785631,6.53865957,-0.377116382,0.0974434689,4.36254406,-2.58570719,-0.000254631042,1
2379,24.169981,-1.27361298,-1.39986658,-1.41241813,-1.42644632,-2.3143611,3.07432628,4.43604708,-2.43927813,-3.8418293,0.219307154,7.74574947,-0.458076507,-0.0442367047,4.43604708,-2.54139566,-0.000254631042,1
2380,24.179978,-1.23964989,-1.38657677,-1.35409045,-1.32751071,-1.61268556,2.68489432,4.45096111,-2.39784718,-1.75816238,-0.755465865,15.8073854,-0.434640676,-0.211483225,4.45415688,-2.49647379,-0.000254631042,1
2381,24.189974,-1.40355825,-1.42792308,-1.34006226,-1.3555671,-0.880080521,3.65935636,4.43817759,-2.36585617,-3.23588943,3.05022025,14.6122713,-0.331310034,-0.274333805,4.44030857,-2.45158243,-0.000254631042,1
2382,24.199983,-1.36590362,-1.52833545,-1.34449208,-1.35999703,0.696436822,4.22742224,4.58305359,-2.31992579,-3.57358718,4.34832096,13.6327076,-0.222653046,-0.302030683,4.61501169,-2.40595865,-0.000254631042,1
2383,24.209980,-1.38436174,-1.4914192,-1.34596884,-1.35852051,0.74110055,6.20897102,4.71408129,-2.26560688,-4.70403624,4.36508608,12.1262407,-0.0170570128,-0.228527457,4.73538637,-2.35871744,-0.000254631042,1
2384,24.219976,-1.46336269,-1.48329759,-1.32751071,-1.3769784,-1.93558586,6.57064486,4.74923515,-2.21399164,-4.12444162,3.85015702,8.87859344,0.0457935855,-0.150763154,4.77160549,-2.31074381,-0.000254631042,1
2385,24.229973,-1.41906321,-1.4545027,-1.48698926,-1.43604469,-2.35341382,3.41598654,4.90156794,-2.16879368,-3.60232735,-2.5565207,4.39511728,0.145928457,0.0441802442,4.918612,-2.2617631,-0.000254631042,1
2386,24.239998,-1.50987732,-1.50692391,-1.52833545,-1.42644632,-2.78572321,4.66963148,4.95909214,-2.12212229,-4.81899738,4.79858446,9.20192146,0.105448395,0.102769792,4.95270061,-2.21186686,-0.000254631042,1
2387,24.249984,-1.47000778,-1.5689435,-1.56525183,-1.47443759,-3.94008541,2.13991976,4.94737434,-2.06910324,-4.48369455,-0.00342966616,10.7778444,-0.00533910468,0.00583072472,4.95057011,-2.16178751,-0.000254631042,1
2388,24.260002,-1.54384029,-1.5512234,-1.55491507,-1.43752134,-1.34148252,5.44486189,5.02087736,-2.02406311,-3.5903523,4.30760574,8.43311977,0.128884211,-0.133718923,5.05922699,-2.11134195,-0.000254631042,1
2389,24.269976,-1.5792799,-1.52538216,-1.53645706,-1.4803443,-2.34439898,-0.990127981,5.12207747,-1.97277975,-1.77013743,-1.82843459,4.99866199,0.0351409428,-0.296704382,5.12207747,-2.05988932,-0.000254631042,1
2390,24.279994,-1.55639184,-1.50397062,-1.52538216,-1.54679358,-7.05901337,0.671818137,5.0315299,-1.91915083,-6.8643446,-1.77813923,12.3010769,0.0138356555,-0.155024216,5.0315299,-2.00834513,-0.000254631042,1
2391,24.289981,-1.54531693,-1.59183156,-1.53793359,-1.51430726,-5.2359519,2.61134863,5.03046465,-1.86664581,-5.76982021,0.971343279,8.30857944,-0.107604496,-0.0133440364,5.03046465,-1.95731974,-0.000254631042,1
2392,24.299995,-1.46483934,-1.48846579,-1.56525183,-1.52538216,-5.53679037,-1.96467257,5.03792191,-1.80889988,-4.91719341,-3.21515107,7.063169,-0.367529005,0.255102605,5.03792191,-1.90568399,-0.000254631042,1
2393,24.309981,-1.40798831,-1.4855125,-1.57780313,-1.58740151,-5.26737404,-0.0783473253,5.0176816,-1.76402473,-5.15430021,-1.08837354,13.9201097,-0.588038802,0.315822691,5.0176816,-1.85471964,-0.000254631042,1
2394,24.320003,-1.47591424,-1.46483934,-1.58740151,-1.60585964,-3.62198067,0.144041449,4.98465824,-1.72206211,-3.60232735,-0.403397977,18.2527008,-0.726523161,0.296647936,4.98465824,-1.80369425,-0.000254631042,1
2395,24.329978,-1.40208173,-1.54827023,-1.56377506,-1.59921479,0.635883808,3.87367821,5.01448584,-1.67861795,0.215333834,3.91961241,12.7848711,-0.596560895,-0.0389103815,5.01448584,-1.75288248,-0.000254631042,1
2396,24.339995,-1.5792799,-1.56377506,-1.47886753,-1.60438311,-1.68525028,3.77963495,5.11249018,-1.63019562,-1.90665364,3.67292547,12.3058672,-0.490034431,-0.43518874,5.11249018,-1.70152187,-0.000254631042,1
2397,24.349981,-1.58223331,-1.65975749,-1.5903548,-1.60438311,-0.723008573,3.64384198,5.13486099,-1.57685423,-0.745069087,3.63939524,14.8853035,-0.236501485,-0.796313405,5.13486099,-1.64942837,-0.000254631042,1
2398,24.359995,-1.64129937,-1.687814,-1.48182094,-1.50249398,-5.03181028,1.14759564,5.11355543,-1.52031231,-4.96748877,1.40005183,9.24263668,-0.0255791284,-0.955037832,5.11355543,-1.59742641,-0.000254631042,1
2399,24.369981,-1.65237427,-1.66566408,-1.35039878,-1.55491507,-9.18784523,4.26473904,5.16788387,-1.46424103,-8.68216419,5.21771336,3.3844192,0.0734904632,-0.649306893,5.16788387,-1.54493618,-0.000254631042,1
2400,24.379999,-1.56229842,-1.63317776,-1.56377506,-1.4434278,-4.5339036,-4.19815063,5.2616272,-1.40872717,-5.15190554,-3.41154265,4.47654819,0.0564462319,-0.320140183,5.2616272,-1.49153042,-0.000254631042,1
2401,24.389973,-1.58592486,-1.52095211,-1.63834608,-1.71660864,-5.02272224,-3.7796402,5.21901655,-1.35163498,-5.72431517,-2.59723592,6.10516119,-0.11186555,0.000504402502,5.21901655,-1.43815517,-0.000254631042,1
2402,24.399996,-1.61471963,-1.59330821,-1.66566408,-1.55786848,-4.55927849,0.0547131747,5.16788387,-1.30364561,-4.38310385,1.25635064,3.84905291,-0.337701619,0.249776274,5.16788387,-1.3854208,-0.000254631042,1
2403,24.409999,-1.53645706,-1.52390552,-1.70627201,-1.56082189,-2.92825818,0.558336914,5.22860384,-1.25385189,-2.60839415,1.4431622,5.14715338,-0.518796563,0.399978578,5.22860384,-1.33213711,-0.000254631042,1
2404,24.419984,-1.65532756,-1.52242887,-1.5792799,-1.65015936,-5.70425749,0.718294322,5.28186703,-1.20520067,-5.07047462,2.71012759,3.72451186,-0.387769043,0.454307079,5.28186703,-1.28944302,-0.000254631042,1
2405,24.429996,-1.39543676,-1.60069144,-1.74466503,-1.64129937,-1.48873544,-5.30713463,5.2179513,-1.15870333,-3.48976135,-4.26656485,12.2220411,-0.366463751,0.337127984,5.2179513,-1.23585415,-0.000254631042,1
2406,24.439982,-1.67969227,-1.57189667,-1.65385103,-1.60881305,-1.90056002,-1.11113739,5.1487093,-1.10972118,-2.19645095,-0.149525866,13.3979959,-0.26100257,0.0878560916,5.1487093,-1.18302822,-0.000254631042,1
2407,24.449995,-1.50397062,-1.6287477,-1.59183156,-1.51726067,-4.25147152,-0.461313665,5.12740374,-1.05769539,-3.93044496,1.68505919,14.5883207,-0.16832456,-0.292443305,5.12740374,-1.13084698,-0.000254631042,1
2408,24.459979,-1.66714084,-1.56082189,-1.61767292,-1.48846579,-3.3661623,0.16278775,5.18599367,-1.00262642,-2.74970031,1.94851136,13.9823809,-0.094821319,-0.455428779,5.18599367,-1.07838726,-0.000254631042,1
2409,24.469995,-1.63022435,-1.5903548,-1.61471963,-1.43235302,-3.68870997,-1.63855791,5.26269245,-0.948071003,-3.95200014,0.820457041,12.842351,-0.0138612203,-0.551302552,5.26269245,-1.02513409,-0.000254631042,1
2410,24.479999,-1.59626138,-1.58223331,-1.60438311,-1.46779263,-9.40171337,-1.11155128,5.28719378,-0.888371468,-7.99718857,5.0668273,10.914361,-0.0820381492,-0.50975728,5.28719378,-0.971697807,-0.000254631042,1
2411,24.489984,-1.56525183,-1.58370984,-1.51726067,-1.51947558,-2.80172586,-4.45514631,5.30743361,-0.837669849,-5.06328964,-1.43565142,6.97455311,-0.182172999,-0.445841402,5.30743361,-0.917712212,-0.000254631042,1
2412,24.499981,-1.53128874,-1.57632661,-1.50397062,-1.52685893,-4.90142155,-3.7557025,5.30104208,-0.782930851,-6.11949348,0.825247109,6.62009048,-0.320657372,-0.243441164,5.30104208,-0.863940239,-0.000254631042,1
2413,24.509978,-1.59183156,-1.57337332,-1.5298121,-1.58887815,-3.25827813,-1.45863008,5.28719378,-0.73004055,-3.25983953,1.45513725,2.32103038,-0.378181666,-0.179525301,5.28719378,-0.810168266,-0.000254631042,1
2414,24.519974,-1.51947558,-1.51578391,-1.59626138,-1.5792799,-3.13469172,-2.06407785,5.32873869,-0.684177399,-3.58077216,1.12462461,7.2236352,-0.15554139,-0.0314535312,5.32873869,-0.756335258,-0.000254631042,1
2415,24.529984,-1.54974699,-1.54384029,-1.57042015,-1.53276539,-3.91490388,-0.837325633,5.26908398,-0.635017872,-2.99638748,2.65504217,7.63557863,-0.101212911,-0.10921783,5.26908398,-0.702593803,-0.000254631042,1
2416,24.539981,-1.55639184,-1.50249398,-1.53424191,-1.53941023,-7.58419037,-3.24324989,5.31382513,-0.585256577,-6.89308453,4.53034258,12.1765356,0.100122072,-0.151828423,5.31382513,-0.648821831,-0.000254631042,1
2417,24.549978,-1.51430726,-1.54827023,-1.53424191,-1.5298121,-0.251839131,-8.5145359,5.36495781,-0.526137829,-7.48944473,-4.05819798,8.2223587,0.201322213,-0.407491863,5.36495781,-0.594866753,-0.000254631042,1
2418,24.559974,-1.51947558,-1.48182094,-1.51135385,-1.51947558,-0.376476228,-7.52782202,5.30317259,-0.459273815,-6.91463995,-2.99959922,10.5263672,-0.0724507645,-0.245571688,5.30317259,-0.541092873,-0.000254631042,1
2419,24.569983,-1.44490457,-1.41537154,-1.41389477,-1.54236364,0.771328807,-4.64845181,5.25097466,-0.403001308,-3.97355533,-2.53257036,14.2170925,-0.126779258,-0.260485381,5.25097466,-0.487137794,-0.000254631042,1
2420,24.590002,-1.38140857,-1.35704374,-1.34006226,-1.33046401,2.89424729,-5.4207778,5.05070496,-0.296733856,-4.33759832,-4.35278511,7.4415822,-0.170455083,-0.549172044,5.05070496,-0.380661964,-0.000254631042,1
2421,24.599977,-1.34744549,-1.36442709,-1.36590362,-1.35039878,-2.37279367,-4.81453896,4.83552122,-0.239963055,-5.24052095,1.16054988,8.91691399,0.0479241163,-0.349967599,4.83552122,-0.329545021,-0.000254631042,1
2422,24.610004,-1.27065957,-1.20716333,-1.34449208,-1.20716333,0.567170382,-7.02324724,4.64483929,-0.191081047,-6.78770351,-1.89070511,8.30378914,0.108644187,-0.124131538,4.64483929,-0.279984474,-0.000254631042,1
2423,24.619978,-1.23964989,-1.24555659,-1.2086401,-1.22562158,2.04967213,-5.50859261,4.45628738,-0.155859947,-4.93874836,-4.54678202,3.50177503,0.119296834,0.134727731,4.40408945,-0.2322855,-0.000254631042,1
2424,24.629996,-1.13923752,-1.04177845,-1.24407983,-1.19461203,2.87210178,-5.71590948,4.1729269,-0.124569416,-3.58556223,-2.47509003,11.0532713,-0.0138612203,0.44685021,4.13244677,-0.187363625,-0.000254631042,1
2425,24.639982,-1.12373269,-1.08164811,-0.956870914,-1.17615378,3.90636992,-2.43838072,4.01207209,-0.081413269,-2.57725883,-3.75882053,9.19473648,-0.238632008,0.517157674,3.98224473,-0.144059181,-0.000254631042,1
2426,24.649997,-0.987880588,-0.981235683,-0.916262865,-1.1591723,2.68746877,-0.13329801,3.84376025,-0.0396871567,-0.390606165,-4.09891319,9.7312212,-0.590169311,0.450046003,3.80647588,-0.102829933,-0.000254631042,1
2427,24.659998,-0.865318418,-0.989357293,-0.947272658,-1.06983483,6.90555143,-4.64571524,3.5987494,-0.00368881226,-3.38198543,-7.18848848,17.3066673,-0.741436899,0.363759607,3.54761672,-0.0632486343,-0.000254631042,1
2428,24.669983,-0.879346609,-0.907403111,-0.939889371,-1.02184355,2.76521587,-0.20925726,3.17583942,0.0214288533,-2.9748323,-2.33378386,17.0144749,-0.655150473,0.151771948,3.12257624,-0.0269632339,-0.000254631042,1
2429,24.679981,-0.777457535,-0.829878747,-0.848336875,-0.979758978,5.97526026,-0.0162371602,2.91378427,0.0498507917,-0.313965529,-5.96702814,15.838521,-0.387769043,-0.145436838,2.84667277,0.00608730316,-0.000254631042,1
2430,24.689979,-0.790009141,-0.729466379,-0.869009972,-0.845383644,0.869992733,-1.06000006,2.68475246,0.0827364624,-1.12827218,-0.779416025,12.0376244,-0.135301366,-0.485256165,2.65492511,0.0365438461,-0.000254631042,1
2431,24.699976,-0.720606506,-0.806990683,-0.612072468,-0.695503354,-0.367641717,0.133134499,2.56650805,0.108673543,0.172223479,0.351033211,10.8113747,0.058576759,-0.690852225,2.53987646,0.0655660629,-0.000254631042,1
2432,24.709983,-0.723559737,-0.675568581,-0.640128911,-0.678521872,1.31138921,-3.40159535,2.34280252,0.132283956,-3.54484677,-0.851266623,3.68858671,0.186408505,-0.601369977,2.34280252,0.0928487778,-0.000254631042,1
2433,24.719980,-0.691073418,-0.606165886,-0.657110393,-0.471790493,2.1825192,-1.4721638,2.30232263,0.156366944,-1.79408765,-1.9266305,2.65633321,0.374960303,-0.324401259,2.30232263,0.118666649,-0.000254631042,1
2434,24.729978,-0.510183454,-0.567034602,-0.569249511,-0.596567631,2.34261417,-0.812320113,2.16277289,0.180319428,-1.21928298,-2.15894747,2.95571065,0.400526673,0.0154181039,2.16277289,0.14347744,-0.000254631042,1
2435,24.739975,-0.544146478,-0.508706808,-0.521258295,-0.504276812,1.41513586,-0.956407785,2.0370717,0.198664516,-1.21688795,-1.1985445,5.48964119,0.312109709,0.306235313,2.0370717,0.166701317,-0.000254631042,1
2436,24.749983,-0.453332365,-0.442257464,-0.535286605,-0.530118287,4.25988913,0.00877994951,1.91669679,0.215116799,-0.900745332,-4.16357899,14.0757866,0.118231572,0.457502872,1.91669679,0.188735008,-0.000254631042,1
2437,24.769999,-0.388359636,-0.420845985,-0.491725326,-0.459238976,2.45868611,0.271885961,1.54811537,0.245213181,-0.333125681,-2.45113969,16.5474472,-0.108669758,0.0644202679,1.54811537,0.227004051,-0.000254631042,1
2438,24.779978,-0.388359636,-0.398696214,-0.361779869,-0.360303253,3.13417673,0.780731201,1.34891093,0.260514945,-0.0529083684,-3.22952104,14.4350395,-0.178977206,-0.098565191,1.34891093,0.243605614,-0.000254631042,1
2439,24.789998,-0.313788682,-0.374331415,-0.335938454,-0.347751677,0.382534623,-1.6044389,1.1901865,0.275546849,-1.64799142,0.0684209242,9.93240261,-0.251415193,-0.17419897,1.1901865,0.258345604,-0.000254631042,1
2440,24.799983,-0.278349042,-0.372854799,-0.233311102,-0.298283815,0.889038146,-1.24582064,1.10603058,0.287562132,-1.44680977,-0.499198735,5.59981203,-0.238632008,-0.0261272099,1.10603058,0.271864891,-0.000254631042,1
2441,24.810002,-0.264320821,-0.287947237,-0.245862663,-0.313788682,-0.0509525202,-0.26377663,1.0016346,0.29693535,-0.237324879,0.125901401,4.1508255,-0.0862992033,0.0558981523,1.0016346,0.284316063,-0.000254631042,1
2442,24.819976,-0.259890854,-0.233311102,-0.29680717,-0.242909357,1.09123909,-0.304572552,0.928131342,0.304921806,-0.618133008,-0.949462414,8.24391365,0.0212925076,0.113422439,0.928131342,0.295760155,-0.000254631042,1
2443,24.830003,-0.248815984,-0.262844145,-0.279825658,-0.221497893,2.21015882,-0.165416241,0.830127001,0.310937285,-0.833684802,-2.05356646,12.490284,0.134210542,0.00370019581,0.830127001,0.306288719,-0.000254631042,1
2444,24.839979,-0.292377204,-0.245862663,-0.264320821,-0.193441495,1.68901742,0.173659027,0.755558491,0.31867069,-0.364260942,-1.65838826,13.390811,0.0969262794,-0.0484977625,0.755558491,0.315688133,-0.000254631042,1
2445,24.849997,-0.258414209,-0.211899653,-0.177936628,-0.174983323,1.23256445,-0.124901339,0.711882651,0.32785216,-0.51514715,-1.12669384,11.146677,0.01490092,-0.108152568,0.711882651,0.324416161,-0.000254631042,1
2446,24.859982,-0.203039736,-0.213376299,-0.139543667,-0.22740449,0.914728403,-0.52670759,0.673533142,0.337888628,-0.800154507,-0.688405275,8.56245136,-0.00960016251,-0.0804556906,0.673533142,0.332686424,-0.000254631042,1
2447,24.870002,-0.152095214,-0.180889934,-0.102627359,-0.186058223,1.27394879,-0.162214279,0.612813056,0.34596312,-0.584602773,-1.14345908,7.58528328,-0.00214331108,-0.0474324971,0.612813056,0.338973045,-0.000254631042,1
2448,24.880000,-0.149880245,-0.141020313,-0.149880245,-0.184581578,0.897636294,-0.405329913,0.549962461,0.348630816,-0.687588573,-0.705170453,8.72531223,0.0191619787,-0.0165398289,0.549962461,0.346236229,-0.000254631042,1
2449,24.889974,-0.132898733,-0.143973619,-0.125515476,-0.179413289,0.268700987,-0.00658690045,0.491372943,0.350356579,-0.0984137431,-0.250116676,10.3946409,0.00211774674,-0.0197356232,0.491372943,0.352614403,-0.000254631042,1
2450,24.899982,-0.152095214,-0.136590362,-0.126992121,-0.143973619,0.387827277,-0.375012875,0.449827611,0.354881585,-0.486406952,-0.233351558,10.6580935,-0.0181222782,-0.0463672355,0.449827611,0.358351707,-0.000254631042,1
2451,24.909997,-0.104104005,-0.143973619,-0.104104005,-0.129945427,0.441182107,-0.296790153,0.414673895,0.361735314,-0.433716506,-0.30759719,10.4377518,-0.00853489805,-0.0484977625,0.414673895,0.363631248,-0.000254631042,1
2452,24.920000,-0.108533971,-0.105580665,-0.132898733,-0.0730943009,1.29538321,-0.785841107,0.367802262,0.366366148,-1.1977278,-0.927907288,9.88689709,0.00850933325,-0.0186703578,0.367802262,0.368483543,-0.000254631042,1
2453,24.929974,-0.125515476,-0.0841691941,-0.0915524587,-0.122562163,0.596130431,-0.408841163,0.315604299,0.369593382,-0.596577823,-0.408188015,9.83420658,-0.00533910468,0.0175486337,0.315604299,0.372847557,-0.000254631042,1
2454,24.939996,-0.0465145558,-0.0930291116,-0.0775242597,-0.128468782,0.710053146,-0.196382061,0.262341082,0.371766031,-0.440901577,-0.590209484,9.85815716,-0.0479496866,0.0239402205,0.262341082,0.376509666,-0.000254631042,1
2455,24.949982,-0.119608864,-0.00959824212,-0.0959824175,-0.0310097057,0.566274285,0.0680282712,0.215469435,0.374654293,-0.14391911,-0.551889181,9.36717796,-0.0596675947,0.0100917816,0.215469435,0.37974453,-0.000254631042,1
2456,24.959999,-0.0420845971,-0.0280563999,-0.0310097057,-0.0790009201,-0.255779773,-0.534556508,0.157945156,0.377630591,-0.402581245,0.434858918,9.47255898,-0.0138612203,-0.012278772,0.157945156,0.382369041,-0.000254631042,1
2457,24.970003,-0.0561127998,-0.037654642,-0.0361779891,-0.0236264411,1.26465464,0.14880684,0.122791439,0.37986657,-0.330730677,-1.2296797,10.2245951,0.0212925076,-0.0112135075,0.122791439,0.384505272,-0.000254631042,1
2458,24.979978,-0.00516828429,0.0287947264,-0.0516828448,-0.012551547,0.905778646,-0.080220446,0.0556797758,0.3820858,-0.41216132,-0.810551286,10.5503178,0.00850933325,-0.010148243,0.0556797758,0.386214256,-0.000254631042,1
2459,24.989997,0.00147665257,0.0413462743,0.0118132206,-0.0036916316,1.11711562,0.12634711,0.00561234495,0.382369518,-0.299595386,-1.08358359,9.93240261,-0.00853489805,0.0015696669,0.00561234495,0.387251854,-0.000254631042,1
2460,24.999983,0.0147665264,0.0243647695,0.00442995783,0.0472528823,0.317677885,0.561076105,-0.0614993125,0.382130623,0.402145356,-0.503988802,9.4054985,-0.00640436914,-0.00695244875,-0.0614993125,0.387648582,-0.000254631042,1
2461,25.009979,0.0354396626,0.075309284,0.0398696214,0.0258414224,0.878107965,-0.0377913229,-0.121154122,0.381325722,-0.361865908,-0.80097121,9.25461197,0.00850933325,-0.00908297859,-0.121154122,0.387373924,-0.000254631042,1
2462,25.019976,0.0258414224,0.0428229235,0.0679260194,0.0797392428,0.714331686,0.81641221,-0.174417347,0.380058765,0.493156075,-0.966227591,10.3635063,0.0372714698,-0.0112135075,-0.174417347,0.386641502,-0.000254631042,1
2463,25.029973,0.13068375,0.118870527,0.0708793253,0.0937674418,1.27659154,0.506447434,-0.240463749,0.37783289,-0.0002179367,-1.3733809,10.140769,0.0202272423,-0.0197356232,-0.240463749,0.385268211,-0.000254631042,1
2464,25.039980,0.0428229235,0.0834308639,0.135852039,0.10336569,1.35457087,-0.123986915,-0.299053282,0.374535084,-0.610947967,-1.21530962,9.43663311,0.00850933325,0.00263493136,-0.299053282,0.383223534,-0.000254631042,1
2465,25.049977,0.143235311,0.127730444,0.109272294,0.1122256,0.555689692,1.15857697,-0.386404991,0.370504379,0.878754258,-0.937487364,9.98988342,0.0138356555,0.00902651716,-0.386404991,0.380507469,-0.000254631042,1
2466,25.059974,0.194179818,0.160216808,0.152833551,0.147665262,1.17160189,0.292002648,-0.456712425,0.36573267,-0.146314129,-1.1985445,9.13725567,0.0170314498,0.0015696669,-0.456712425,0.376936913,-0.000254631042,1
2467,25.069981,0.195656478,0.20968467,0.198609769,0.198609769,1.66622555,0.268823922,-0.51210618,0.360620975,-0.131944016,-1.96016073,9.33125305,0.00424827542,0.013287575,-0.533411503,0.372694969,-0.000254631042,1
2468,25.079978,0.192703143,0.151356876,0.164646775,0.143235311,0.638869524,-0.404593766,-0.631415784,0.35486269,-0.0481183305,-0.487223655,9.36238766,-0.0245138649,0.0420497172,-0.644198954,0.367476463,-0.000254631042,1
2469,25.100001,0.28868559,0.195656478,0.203778043,0.20968467,0.69709003,-0.216736719,-0.821032882,0.338823318,-0.548677444,-0.0130097447,9.85815716,-0.00107804674,0.0686813295,-0.842338145,0.354445457,-0.000254631042,1
2470,25.109974,0.226666182,0.282040626,0.284255594,0.31305033,1.5696013,-0.493819952,-0.889209807,0.329394817,-0.596577823,-1.62964797,9.76475143,0.00637880433,0.0740076527,-0.898797154,0.346510887,-0.000254631042,1
2471,25.119998,0.282040626,0.267274112,0.299022168,0.284255594,1.08149242,-0.161888242,-0.990409911,0.319713593,-0.484011918,-0.702775419,9.61147022,0.00850933325,0.0612244755,-1.01597631,0.337752342,-0.000254631042,1
2472,25.129976,0.333723456,0.254722565,0.293115526,0.301237136,1.41915309,-0.560914636,-1.07350051,0.308567524,-1.07318676,-1.07400346,9.53722382,-0.0191875417,0.0665507987,-1.08734894,0.327925682,-0.000254631042,1
2473,25.140000,0.32412526,0.333723456,0.330031872,0.325601876,0.720793843,-0.385006547,-1.14167738,0.298249245,-0.579812706,-0.5758394,9.3360424,-0.00853489805,0.0367233939,-1.15978694,0.317397118,-0.000254631042,1
2474,25.149975,0.31600368,0.302713752,0.322648585,0.341106772,0.87824434,-0.259494483,-1.21091962,0.285045624,-0.495987028,-0.769835949,8.909729,-0.010665427,0.0303318072,-1.21944177,0.306105614,-0.000254631042,1
2475,25.159995,0.361041576,0.336676776,0.363994837,0.35956493,0.516443312,-0.223586932,-1.25992179,0.27329731,-0.354680866,-0.436928242,8.95044422,0.00744406879,0.0111570461,-1.26844394,0.294234276,-0.000254631042,1
2476,25.169982,0.361041576,0.384667993,0.387621284,0.389097959,0.907173812,-0.722939909,-1.29933655,0.2600317,-0.931880593,-0.690800309,9.42944813,0.0298146233,0.0282012783,-1.29933655,0.281844139,-0.000254631042,1
2477,25.179996,0.399434537,0.35956493,0.401649505,0.406079471,0.207046404,-0.768053174,-1.32596815,0.246958256,-0.795364499,-0.0130097447,9.69769096,0.0724252015,0.0558981523,-1.32596815,0.269118309,-0.000254631042,1
2478,25.189982,0.406079471,0.399434537,0.397957891,0.373593092,0.262050331,-0.674020231,-1.33022928,0.23315239,-0.7163288,-0.0992304534,10.1168194,0.103317864,0.0825297683,-1.33022928,0.256178856,-0.000254631042,1
2479,25.199998,0.379499704,0.396481216,0.417154372,0.375069767,0.319518715,0.17878142,-1.34301245,0.218805313,0.105162926,-0.350707531,10.7395239,0.0894694328,0.0612244755,-1.34301245,0.24302578,-0.000254631042,1
2480,25.209974,0.365471512,0.375069767,0.401649505,0.396481216,0.155510172,0.0102007752,-1.33235979,0.205670834,-0.0217731129,-0.154315904,11.0844069,0.042597793,0.00689598918,-1.33235979,0.229811668,-0.000254631042,1
2481,25.219981,0.318218619,0.401649505,0.390574604,0.361041576,-0.660700142,0.454414159,-1.30466282,0.192090988,0.572191715,0.561794937,11.1969728,-0.031970717,-0.0602156706,-1.30466282,0.216719627,-0.000254631042,1
2482,25.229978,0.409032762,0.355134934,0.379499704,0.406079471,-0.35433954,0.388122529,-1.28974915,0.179880142,0.445255697,0.279182643,10.0665236,-0.104408704,-0.107087307,-1.28974915,0.203780174,-0.000254631042,1
2483,25.239974,0.365471512,0.362518221,0.424537599,0.396481216,0.470733792,-0.464697778,-1.29507554,0.167573452,-0.536702335,-0.38663283,8.59358692,-0.129975051,-0.108152568,-1.29507554,0.190871239,-0.000254631042,1
2484,25.249981,0.341106772,0.344060034,0.420107692,0.40312618,-0.860783994,-0.769373417,-1.2982713,0.15453434,-0.627713084,0.968948305,8.19601345,-0.0713855028,-0.0644767284,-1.2982713,0.177779198,-0.000254631042,1
2485,25.259978,0.382453024,0.358088255,0.384667993,0.410509437,-0.485240787,-1.16573727,-1.27270496,0.142262459,-1.08516181,0.645620644,9.13725567,0.0287493579,-0.033584062,-1.27270496,0.164809227,-0.000254631042,1
2486,25.269975,0.347013354,0.347013354,0.393527865,0.382453024,-0.094482176,-1.06791472,-1.27590072,0.129196644,-1.0468415,0.231282264,9.76475143,0.105448395,-0.0261272099,-1.27590072,0.151900291,-0.000254631042,1
2487,25.279984,0.352181673,0.375069767,0.430444241,0.406079471,0.326769084,-0.887950242,-1.2695092,0.116462231,-0.919905484,-0.221376449,9.54680443,0.16190742,-0.023996681,-1.2695092,0.138991356,-0.000254631042,1
2488,25.289981,0.379499704,0.389097959,0.39500457,0.420107692,0.820469975,-1.12401557,-1.2908144,0.103143215,-1.20251787,-0.700380385,9.14444065,0.184277982,-0.0261272099,-1.2908144,0.125929832,-0.000254631042,1
2489,25.300005,0.355134934,0.373593092,0.407556087,0.375069767,0.619544685,-0.884558082,-1.30253232,0.0900163651,-0.936670661,-0.537519038,9.23305702,0.175755858,-0.0165398289,-1.30253232,0.112776756,-0.000254631042,1
2490,25.309980,0.380976379,0.393527865,0.378023058,0.36768651,0.987608016,-0.943843126,-1.32490289,0.0755639076,-1.0157063,-0.913537145,9.16360092,0.142732665,-0.033584062,-1.32490289,0.0993490219,-0.000254631042,1
2491,25.319998,0.378023058,0.363994837,0.372116446,0.380976379,0.530367434,-0.408790052,-1.35046923,0.0620698929,-0.440901577,-0.503988802,9.53243446,0.100122072,-0.0282577388,-1.35046923,0.0884847641,-0.000254631042,1
2492,25.329984,0.365471512,0.330031872,0.365471512,0.365471512,0.272812247,0.533169091,-1.36005664,0.0478782654,0.519501328,-0.298017085,11.7741728,0.00744406879,0.0100917816,-1.36005664,0.0746297836,-0.000254631042,1
2493,25.339997,0.361041576,0.365471512,0.40312618,0.363994837,-0.240734667,0.26698029,-1.33768606,0.0348639488,0.275209308,0.231282264,11.9226637,-0.104408704,0.0548328906,-1.33768606,0.0609273911,-0.000254631042,1
2494,25.349996,0.382453024,0.34849,0.43561253,0.361041576,-0.105457291,-0.177294984,-1.31638074,0.0208816528,-0.175054371,0.109136254,10.4042215,-0.210935146,0.111291908,-1.31638074,0.0473775864,-0.000254631042,1
2495,25.359981,0.35661158,0.355134934,0.397957891,0.345536709,-0.227569282,-0.162545443,-1.31211972,0.00815486908,-0.160684258,0.228887245,8.86901379,-0.235436216,0.118748762,-1.31211972,0.033949852,-0.000254631042,1
2496,25.369978,0.342583388,0.331508517,0.393527865,0.325601876,-1.65958798,0.387168467,-1.2982713,-0.00396203995,0.380590171,1.66110897,8.06907749,-0.226914108,0.098508738,-1.2982713,0.0205526352,-0.000254631042,1
2497,25.379996,0.350704998,0.363994837,0.430444241,0.353658289,-0.71455121,-0.398038715,-1.27590072,-0.0164890289,-0.409766316,0.707891166,7.8391552,-0.185368791,0.0676160604,-1.27590072,0.00736904144,-0.000254631042,1
2498,25.389982,0.335200131,0.308620423,0.353658289,0.358088255,-1.60628843,0.450947076,-1.23755121,-0.0272984505,0.406935394,1.6179986,10.492837,-0.104408704,0.0708118603,-1.23755121,-0.00566196442,-0.000254631042,1
2499,25.399998,0.299022168,0.301237136,0.243647665,0.297545522,-1.77504253,0.00112309738,-1.18535328,-0.0398945808,-0.0696735084,1.77367485,12.1070805,-0.0468844213,0.0345928632,-1.18535328,-0.018204689,-0.000254631042,1
2500,25.409973,0.318218619,0.282040626,0.262105852,0.319695264,-2.22654867,-0.694031656,-1.0766964,-0.0513224602,-0.807339549,2.18801332,11.4795856,0.0511199087,0.0239402205,-1.0766964,-0.0301675797,-0.000254631042,1
2501,25.420000,0.322648585,0.294592202,0.314526975,0.259152532,-1.87095976,-0.484675199,-0.935016155,-0.0603179932,-0.596577823,1.8383404,10.3251858,0.138471603,0.048441302,-0.935016155,-0.0410013199,-0.000254631042,1
2502,25.429975,0.270227432,0.267274112,0.279087335,0.256199241,-1.23031199,-0.514989734,-0.832750797,-0.0693225861,-0.598972857,1.19168508,9.36957264,0.199191675,0.091051884,-0.832750797,-0.0506448746,-0.000254631042,1
2503,25.440002,0.25324592,0.277610689,0.268750787,0.274657369,-0.265945882,-0.349768639,-0.749660134,-0.0764174461,-0.36905098,0.238467321,9.04624557,0.234345406,0.124075085,-0.749660134,-0.0594949722,-0.000254631042,1
2504,25.449976,0.296068817,0.267274112,0.256199241,0.296068817,-0.73985523,0.0212099943,-0.700658023,-0.0839915276,-0.04093327,0.739026427,9.41028786,0.22369276,0.129401401,-0.700658023,-0.0676431656,-0.000254631042,1
2505,25.460004,0.287208945,0.251769245,0.194179818,0.301237136,0.959055841,-0.148502201,-0.676156938,-0.0916614532,-0.0600934289,-0.968622625,10.133584,0.168299004,0.0633550063,-0.676156938,-0.0753030777,-0.000254631042,1
2506,25.469978,0.282040626,0.257675886,0.242171019,0.232572764,1.00863516,-0.203185558,-0.681483209,-0.0983114243,-0.103203781,-1.02370811,9.87013245,0.116101041,-0.00588718429,-0.681483209,-0.0828714371,-0.000254631042,1
2507,25.479997,0.231096148,0.305667102,0.197133109,0.229619488,0.326045781,-0.414839476,-0.677222192,-0.104324818,-0.378631055,-0.367472678,10.1647196,0.0852083713,-0.0357145891,-0.677222192,-0.0903787613,-0.000254631042,1
2508,25.489984,0.232572764,0.302713752,0.169815063,0.223712862,0.652595639,-0.338010311,-0.678287446,-0.110957146,-0.263670087,-0.686010301,9.57554436,0.0979915485,-0.0250619445,-0.678287446,-0.0977334976,-0.000254631042,1
2509,25.499995,0.239217728,0.270227432,0.260629147,0.234787777,0.382665873,-0.035960678,-0.70491904,-0.118059635,0.0093621416,-0.384237796,9.11091042,0.14912425,0.0111570461,-0.70491904,-0.105149269,-0.000254631042,1
2510,25.509997,0.290162235,0.284255594,0.166861728,0.180151626,0.642266035,-0.122065768,-0.740072787,-0.125162125,-0.04093327,-0.652480006,8.59119129,0.191734821,0.0399191864,-0.740072787,-0.112717628,-0.000254631042,1
2511,25.519983,0.232572764,0.268750787,0.240694344,0.234787777,0.681938827,-0.0933882296,-0.786944389,-0.134078503,0.00217708293,-0.714750528,8.64627743,0.225823283,0.0740076527,-0.786944389,-0.120713234,-0.000254631042,1
2512,25.530000,0.268750787,0.250292629,0.217806265,0.236264423,1.18963587,-0.130352691,-0.845533967,-0.142707348,-0.103203781,-1.30871534,10.2078295,0.22369276,0.0527023599,-0.845533967,-0.129105568,-0.000254631042,1
2513,25.539974,0.242171019,0.299022168,0.220759571,0.260629147,0.739825547,-0.0318822078,-0.8977319,-0.149706364,-0.170264333,-0.556679249,11.0245314,0.171494797,0.00583072472,-0.908384562,-0.137986183,-0.000254631042,1
2514,25.549982,0.240694344,0.271704078,0.277610689,0.229619488,-0.232922688,-0.263597727,-0.939277232,-0.159259319,-0.103203781,0.432463884,11.0005817,0.137406334,-0.0325187966,-0.945668817,-0.14735508,-0.000254631042,1
2515,25.559979,0.228142828,0.28868559,0.28868559,0.308620423,-0.544426858,-0.463844925,-0.948864639,-0.168716431,-0.450481653,0.652805686,10.3419504,0.0884041637,-0.051693555,-0.947799325,-0.156937599,-0.000254631042,1
2516,25.569977,0.314526975,0.276134014,0.277610689,0.302713752,-0.484454811,-0.598999381,-0.950995147,-0.17881012,-0.622923076,0.260022491,9.83420658,0.040467266,-0.0378451198,-0.953125656,-0.166581154,-0.000254631042,1
2517,25.579984,0.239217728,0.302713752,0.28056401,0.311573684,-0.459780157,-0.865643144,-0.975496233,-0.189208984,-0.778599322,0.276787639,9.36957264,0.0170314498,0.0015696669,-0.980822563,-0.176346779,-0.000254631042,1
2518,25.589981,0.243647665,0.287208945,0.270227432,0.279087335,-0.293654412,-0.493251294,-0.996801496,-0.198596954,-0.541492403,0.262417525,9.67613506,-0.00427384023,0.0271360129,-1.00106251,-0.186295509,-0.000254631042,1
2519,25.599978,0.271704078,0.296068817,0.285732299,0.259152532,-0.319831282,-0.370696634,-1.02023733,-0.208734989,-0.428926468,0.236072302,9.66416073,-0.0117306914,0.0154181039,-1.02449834,-0.19648838,-0.000254631042,1
2520,25.609975,0.282040626,0.287208945,0.274657369,0.262105852,-0.578125656,-0.27648136,-1.03408575,-0.218838692,-0.395396203,0.504314482,9.5970993,0.00424827542,-0.0165398289,-1.03834689,-0.206833839,-0.000254631042,1
2521,25.619983,0.250292629,0.229619488,0.254722565,0.259152532,-0.327996671,-0.334277332,-1.05645633,-0.229735851,-0.400186241,0.243257359,9.82462692,0.0553809665,-0.0825862214,-1.06497848,-0.217331886,-0.000254631042,1
2522,25.639997,0.212637976,0.220759571,0.200824752,0.282040626,-0.0526668206,0.436114728,-1.08415318,-0.251235008,0.409330398,0.159431666,10.3682957,0.0457935855,-0.144371569,-1.08415318,-0.239090919,-0.000254631042,1
2523,25.649983,0.217806265,0.239217728,0.297545522,0.301237136,-0.786814272,-0.0727643594,-1.05219531,-0.260885715,-0.273250163,0.741421402,9.10612106,-0.00320857554,-0.107087307,-1.05219531,-0.249802589,-0.000254631042,1
2524,25.659998,0.181628272,0.214114636,0.290162235,0.265059143,-1.01499975,-0.264003992,-0.996801496,-0.27215004,-0.527122259,0.906677783,9.29293251,-0.0383623056,-0.0367798544,-0.996801496,-0.260239601,-0.000254631042,1
2525,25.669984,0.143235311,0.243647665,0.217806265,0.245124325,-1.451931,0.717886746,-0.906254053,-0.280938148,0.287184417,1.59404838,10.1287937,-0.0681897104,0.0143528394,-0.906254053,-0.269974709,-0.000254631042,1
2526,25.680002,0.144711956,0.200824752,0.226666182,0.214114636,-1.55025208,1.00997007,-0.819967628,-0.288767338,0.52668637,1.77367485,10.4209862,-0.13743189,0.025005484,-0.819967628,-0.278855324,-0.000254631042,1
2527,25.689977,0.168338388,0.202301398,0.203778043,0.217806265,-1.64505792,1.06555235,-0.716636956,-0.295096874,0.541056454,1.88384581,9.31209278,-0.124648727,-0.0261272099,-0.716636956,-0.286820412,-0.000254631042,1
2528,25.699996,0.149141908,0.189749852,0.212637976,0.181628272,-2.50068021,0.85119921,-0.621828437,-0.301871777,0.0692376345,2.64067197,9.98748779,-0.0713855028,-0.0708683133,-0.621828437,-0.293931007,-0.000254631042,1
2529,25.709982,0.141758651,0.163170099,0.175721675,0.155786842,-0.88726598,0.526799262,-0.525954604,-0.306544781,0.234493986,1.00487363,10.1790895,-0.00533910468,-0.101760983,-0.525954604,-0.300095558,-0.000254631042,1
2530,25.719999,0.0679260194,0.194179818,0.197133109,0.228142828,-0.782933176,0.0569099709,-0.452451378,-0.309988499,-0.184634447,0.762976587,10.035388,0.026618829,-0.0825862214,-0.452451378,-0.305527687,-0.000254631042,1
2531,25.729976,0.106318988,0.129207104,0.146188602,0.13216041,-0.618564844,0.759559214,-0.405579746,-0.313868046,0.531476378,0.822852075,9.88210678,-0.00533910468,-0.0570198782,-0.405579746,-0.310349464,-0.000254631042,1
2532,25.739983,0.0878608376,0.200824752,0.143235311,0.217806265,-0.255395502,0.0787280574,-0.345924944,-0.317756653,-0.0050079762,0.267207563,9.38154793,-0.00746963359,-0.0314535312,-0.345924944,-0.314621925,-0.000254631042,1
2533,25.749980,0.075309284,0.123300485,0.0782625824,0.090814136,-0.0635812208,0.109216779,-0.323554367,-0.32067728,0.0836077482,0.09476614,8.9743948,-0.00427384023,-0.0218661521,-0.323554367,-0.318497658,-0.000254631042,1
2534,25.759976,0.129207104,0.0812158883,0.0863841772,0.109272294,-0.277814329,0.38096711,-0.291596442,-0.323702812,0.272814304,0.384563506,9.8270216,-0.0245138649,-0.0080177132,-0.291596442,-0.322159767,-0.000254631042,1
2535,25.769983,0.0878608376,0.0981974006,0.0679260194,0.0723559782,-0.0598954372,0.507908881,-0.25750798,-0.325795174,0.462020844,0.219307154,10.2006445,-0.0213180706,-0.023996681,-0.25750798,-0.324814796,-0.000254631042,1
2536,25.779980,0.0627577379,0.118870527,0.101889022,0.0863841772,-0.151133612,0.0284907985,-0.224484786,-0.328376293,-0.0217731129,0.152246609,9.96114254,-0.0309054516,-0.0144093009,-0.224484786,-0.327805519,-0.000254631042,1
2537,25.789976,0.0509445108,0.0708793253,0.0642343909,0.090814136,0.202608332,0.315207392,-0.192526847,-0.329683781,0.363825023,-0.0896503702,9.78630638,-0.00214331108,-0.000560861954,-0.192526847,-0.330430031,-0.000254631042,1
2538,25.799983,0.0981974006,0.0657110363,0.076785937,0.106318988,-0.0552640855,0.343164176,-0.172286823,-0.33241272,0.306344569,0.164221704,9.81025696,0.0255535655,0.000504402502,-0.172286823,-0.332749367,-0.000254631042,1
2539,25.809980,0.0398696214,0.0442995802,0.0612810813,0.0273180734,0.58246851,-0.0121983262,-0.141394153,-0.333973408,0.179408535,-0.554284215,9.95635319,0.0212925076,0.00476546027,-0.141394153,-0.334733009,-0.000254631042,1
2540,25.819997,0.0302713774,0.126253799,0.0937674418,0.0657110363,0.408316314,0.0476161242,-0.111566745,-0.335534096,0.179408535,-0.369867682,9.82223129,-0.00214331108,0.00476546027,-0.111566745,-0.336503029,-0.000254631042,1
2541,25.829974,0.0354396626,0.0509445108,0.0302713774,0.0937674418,0.092585966,-0.050363943,-0.0891961902,-0.336362839,-0.0169830751,-0.104020491,9.57554436,-0.00960016251,0.00583072472,-0.0891961902,-0.337906837,-0.000254631042,1
2542,25.840178,0.0132898735,0.0442995802,0.0708793253,0.104842335,-0.251946211,0.0600051805,-0.0625645816,-0.336554527,-0.0265631527,0.257627487,9.64260483,-0.00640436914,0.00263493136,-0.0625645816,-0.339066505,-0.000254631042,1
2543,25.849980,0.0442995802,0.0657110363,0.0952440947,-0.00221497891,0.0321821012,-0.1865969,-0.0338024385,-0.33684206,-0.165474296,-0.0920453891,9.97311783,0.00637880433,0.0100917816,-0.0338024385,-0.339951515,-0.000254631042,1
2544,25.859977,0.0118132206,0.0354396626,0.127730444,0.0509445108,0.0504637286,-0.228538185,-0.0252803247,-0.336937904,-0.199004561,-0.12318065,9.96593285,0.00531353988,0.013287575,-0.0252803247,-0.340592384,-0.000254631042,1
2545,25.869998,0.0103365686,0.0383929685,0.0258414224,0.0812158883,-0.318056852,0.276539445,-0.0135624148,-0.337914467,0.155458346,0.391748548,9.88689709,0.00211774674,0.013287575,-0.0135624148,-0.341080666,-0.000254631042,1
2546,25.879999,0.0487295389,0.0273180734,0.0354396626,-0.037654642,-0.575377524,-0.671136379,-0.0391287617,-0.3384552,-0.824104726,0.319897979,9.70727062,0.0212925076,-0.0112135075,-0.0391287617,-0.341568947,-0.000254631042,1
2547,25.889974,0.00442995783,0.0073832632,0.0612810813,0.0627577379,0.143103346,-0.0582205728,-0.0508466698,-0.3384552,-0.0074029956,-0.154315904,10.021018,0.0106398622,0.00796125364,-0.0508466698,-0.342209816,-0.000254631042,1
2548,25.899997,0.0169815049,0.0538978167,0.0199348107,-0.0155048529,0.137137607,-0.391557723,-0.0849351287,-0.339475155,-0.323545605,-0.259696782,9.70248032,0.00424827542,-0.0208008867,-0.0849351287,-0.342972755,-0.000254631042,1
2549,25.909984,0.0258414224,0.0184581578,0.0524211675,0.0627577379,-0.144387513,-0.195549473,-0.0891961902,-0.340399265,-0.232534841,0.0708159432,9.90126705,-0.00853489805,0.00263493136,-0.0891961902,-0.343949318,-0.000254631042,1
2550,25.919995,0.0243647695,0.0442995802,0.0398696214,-0.012551547,0.205770344,-0.139360085,-0.125415176,-0.341131687,-0.0624884479,-0.240536615,9.77433109,-0.0138612203,-0.00908297859,-0.125415176,-0.344956398,-0.000254631042,1
2551,25.929998,0.0398696214,0.0147665264,0.00147665257,0.0834308639,0.282918096,-0.307373941,-0.125415176,-0.343285561,-0.194214523,-0.369867682,9.58751965,-0.0149264848,0.00902651716,-0.125415176,-0.346299171,-0.000254631042,1
2552,25.939984,0.00295330514,0.0273180734,0.0354396626,-0.00664493674,-0.124927267,0.301492214,-0.121154122,-0.344079018,0.241679043,0.219307154,9.70248032,0.00424827542,0.00689598918,-0.121154122,-0.347550392,-0.000254631042,1
2553,25.950002,0.0369163156,0.0228881147,0.0339630097,0.0442995802,0.145198584,0.308977634,-0.091326721,-0.344934464,0.339874834,-0.0321699008,10.0114384,-0.00533910468,0.00689598918,-0.091326721,-0.34858799,-0.000254631042,1
2554,25.959976,0.00885991566,0.0184581578,0.0354396626,0.0339630097,0.468456566,0.131452203,-0.0732172206,-0.345649719,0.282394379,-0.396212906,9.85815716,-0.00107804674,-0.0133440364,-0.0732172206,-0.349442482,-0.000254631042,1
2555,25.969994,-0.00516828429,0.00147665257,0.00885991566,-0.00221497891,-0.590161026,0.4779208,-0.0614993125,-0.346819401,0.248864099,0.717471242,9.31209278,0.0095745977,-0.00695244875,-0.0614993125,-0.350205421,-0.000254631042,1
2556,25.979980,0.0147665264,0.00295330514,0.0583277754,0.0317480303,-0.0178574994,0.0673399121,-0.0348677039,-0.346767902,0.179408535,-0.0393549614,9.88210678,0.0117051266,0.00476546027,-0.0327371769,-0.35072422,-0.000254631042,1
2557,25.989996,-0.00221497891,0.00295330514,0,-0.0191964842,-0.439952761,0.174758136,-0.0401940234,-0.348207951,0.0500774756,0.56418997,9.9276123,-1.27822468e-05,0.00583072472,-0.0338024385,-0.351151466,-0.000254631042,1
2558,25.999982,0,-0.00959824212,-0.00221497891,0.0214114618,-0.338573933,0.082080625,-0.0103666214,-0.348689556,0.0572625361,0.406118661,10.0162287,-0.00960016251,0.0122223105,-0.00610556407,-0.351426125,-0.000254631042,1
2559,26.009996,-0.012551547,-0.0081215892,0.00590661028,-0.0236264411,-0.463299364,0.18063657,-0.00184450613,-0.348116398,-0.0481183305,0.492339373,9.82462692,0.00850933325,-0.00162612647,0.00241655181,-0.351548195,-0.000254631042,1
2560,26.019981,-0.0361779891,-0.011074895,-0.0177198313,0.00442995783,-0.330177784,5.89342635e-05,0.0247871056,-0.348781586,-0.0672784895,0.29594779,9.84618187,-1.27822468e-05,0.00263493136,0.0279828981,-0.351548195,-0.000254631042,1
2561,26.030003,-0.00221497891,-0.0221497901,-0.0206731372,-0.0177198313,-0.623182535,0.20348376,0.0386355445,-0.348828316,-0.0385382511,0.547424853,9.79588604,0.00105248217,-0.00695244875,0.0439618677,-0.351334572,-0.000254631042,1
2562,26.039978,-0.0177198313,-0.0605427548,-0.0036916316,-0.0251030941,-0.185946092,-0.220676243,0.0620713644,-0.347959518,-0.270855159,0.0995561779,9.73601055,-0.00533910468,0.000504402502,0.0642018914,-0.350876808,-0.000254631042,1
2563,26.049995,-0.0516828448,-0.0420845971,-0.0649727136,-0.0634960607,-0.305072159,0.181514516,0.0769850686,-0.347300529,0.0668426156,0.348638207,9.76475143,-0.00214331108,-0.010148243,0.0823113844,-0.350296974,-0.000254631042,1
2564,26.059981,-0.0479912087,-0.0191964842,-0.0575894527,-0.0915524587,-0.3601574,0.0431815349,0.102551416,-0.346362591,-0.0816486031,0.353428245,9.62584019,0.00424827542,-0.00695244875,0.105747208,-0.349534035,-0.000254631042,1
2565,26.069977,-0.124038823,-0.138067007,-0.12108551,-0.0590661056,-0.167215124,-0.0290839355,0.117465116,-0.345826149,-0.084043622,0.147456571,9.84618187,0.00637880433,-0.000560861954,0.117465116,-0.348557472,-0.000254631042,1
2566,26.079974,-0.126992121,-0.108533971,-0.115917228,-0.12108551,-0.138464466,-0.0623652227,0.130248293,-0.345734596,-0.1055988,0.109136254,9.71685123,-1.27822468e-05,-0.00269139092,0.130248293,-0.347519875,-0.000254631042,1
2567,26.089983,-0.152095214,-0.136590362,-0.104104005,-0.167600065,-0.204719529,0.0504919142,0.146227241,-0.34525919,-0.0217731129,0.209727079,9.41986847,0.00105248217,-0.000560861954,0.146227241,-0.346329689,-0.000254631042,1
2568,26.099980,-0.0664493665,-0.0790009201,-0.148403585,-0.0634960607,-0.474075973,0.632971585,0.167532533,-0.34449625,0.435675621,0.659990728,9.20192146,-0.00107804674,0.00689598918,0.167532533,-0.344956398,-0.000254631042,1
2569,26.109977,-0.204516381,-0.155048519,-0.0959824175,-0.0989357159,-1.83949184,0.343497276,0.210143119,-0.3428092,-0.294805348,1.84792054,9.83899689,-0.0170570128,-0.00162612647,0.210143119,-0.343216896,-0.000254631042,1
2570,26.119976,-0.138067007,-0.138067007,-0.132898733,-0.136590362,-1.10923135,0.149785936,0.318800092,-0.339125633,-0.227744803,1.09588432,10.7778444,-0.0245138649,0.0228749551,0.318800092,-0.34077549,-0.000254631042,1
2571,26.129974,-0.194918156,-0.0974590778,-0.163908437,-0.145450279,-1.11123264,0.556464076,0.412543356,-0.334953785,0.160248384,1.23240042,10.4257765,0.00424827542,0.0186138973,0.412543356,-0.337418556,-0.000254631042,1
2572,26.139982,-0.190488189,-0.170553386,-0.160955131,-0.194918156,-1.57055068,0.909368753,0.505221367,-0.331078529,0.34945491,1.78085995,9.25221729,0.0170314498,0.0345928632,0.505221367,-0.333329201,-0.000254631042,1
2573,26.159996,-0.184581578,-0.146926939,-0.222974524,-0.2724424,-1.0463773,0.211603239,0.666076303,-0.318924427,-0.127153978,1.05995905,9.27856255,0.0372714698,0.0324623361,0.666076303,-0.32237339,-0.000254631042,1
2574,26.170004,-0.220021233,-0.298283815,-0.205993056,-0.162431777,-0.747525513,1.07535076,0.732122719,-0.311081409,0.794928551,1.0407989,10.456912,0.0532504395,0.0590939485,0.732122719,-0.315873146,-0.000254631042,1
2575,26.179977,-0.270965725,-0.146926939,-0.287947237,-0.251030952,-0.413152963,-0.0968544856,0.788581729,-0.303133488,-0.215769708,0.365403324,9.91563702,0.0649683475,0.0441802442,0.788581729,-0.308793068,-0.000254631042,1
2576,26.189999,-0.2724424,-0.238479391,-0.303452075,-0.187534884,0.243017897,0.376534402,0.833322823,-0.294688702,0.430885583,-0.12318065,9.52285385,0.0809473172,0.0697465986,0.833322823,-0.301163673,-0.000254631042,1
2577,26.199973,-0.233311102,-0.230357811,-0.278349042,-0.242909357,-0.854998767,0.272250324,0.854628086,-0.287158966,0.0189422201,0.897097707,9.80546665,0.0873389021,0.0537676252,0.854628086,-0.293290138,-0.000254631042,1
2578,26.209997,-0.268012434,-0.239956036,-0.256937563,-0.216329604,-0.316112339,-0.16910176,0.890847087,-0.277763367,-0.249299973,0.257627487,10.7993994,0.0596420243,0.0505718328,0.890847087,-0.284897804,-0.000254631042,1
2579,26.219984,-0.281302303,-0.251030952,-0.268012434,-0.26948911,-0.00514653418,-0.562792599,0.894042909,-0.269230366,-0.543887436,-0.144735828,11.0053711,0.026618829,0.0282012783,0.894042909,-0.278153419,-0.000254631042,1
2580,26.229994,-0.244386002,-0.259890854,-0.286470622,-0.242909357,-0.398339123,-0.375229269,0.926000834,-0.259406567,-0.464851767,0.288762718,10.4832573,0.00424827542,0.048441302,0.926000834,-0.269516945,-0.000254631042,1
2581,26.239981,-0.284993947,-0.238479391,-0.255460888,-0.256937563,-0.519216895,-0.189218953,0.929196596,-0.249512672,-0.311570495,0.456414074,9.39831352,-0.0159917492,0.0569634177,0.929196596,-0.260575294,-0.000254631042,1
2582,26.249998,-0.301975459,-0.306405395,-0.265797466,-0.239956036,-0.544782102,-0.939378083,0.932392418,-0.24033308,-1.04205155,0.305527866,9.30969715,-0.0298401862,0.08359503,0.932392418,-0.251542091,-0.000254631042,1
2583,26.259984,-0.238479391,-0.256937563,-0.2613675,-0.309358746,-0.417904615,-0.211835563,0.922805011,-0.231284618,-0.30199042,0.358218282,10.0042534,-0.0330359787,0.0803992376,0.922805011,-0.242508888,-0.000254631042,1
2584,26.269980,-0.256937563,-0.237002745,-0.270965725,-0.262844145,-0.404060215,-0.336033463,0.885520756,-0.222619057,-0.416951358,0.319897979,9.7623558,-0.031970717,0.0665507987,0.885520756,-0.233628273,-0.000254631042,1
2585,26.279977,-0.237002745,-0.239956036,-0.237002745,-0.208946332,-0.0842841789,-0.290715456,0.857823908,-0.214336872,-0.30199042,0.0205205306,9.60188961,-0.0266443938,0.048441302,0.857823908,-0.224930763,-0.000254631042,1
2586,26.289974,-0.252507597,-0.231834456,-0.259890854,-0.279825658,0.0885149315,-0.143502668,0.825865984,-0.205993652,-0.12236394,-0.115995586,9.47734833,-0.0149264848,0.0271360129,0.825865984,-0.216477394,-0.000254631042,1
2587,26.299983,-0.174983323,-0.203039736,-0.251030952,-0.184581578,0.133896276,-0.569226027,0.805625975,-0.197397709,-0.531912327,-0.242931634,9.6186552,-0.0170570128,0.0186138973,0.805625975,-0.208268166,-0.000254631042,1
2588,26.309980,-0.248815984,-0.228881136,-0.228881136,-0.205993056,0.317985952,-0.573240042,0.773667991,-0.18928051,-0.5031721,-0.420163095,9.93000793,-0.022383336,0.0122223105,0.773667991,-0.200242043,-0.000254631042,1
2589,26.319977,-0.196394801,-0.184581578,-0.235526085,-0.251030952,0.673847198,-0.752158403,0.733187973,-0.181547165,-0.618133008,-0.798576176,10.2485447,-0.0543412715,0.00902651716,0.733187973,-0.192490578,-0.000254631042,1
2590,26.329974,-0.172030017,-0.182366595,-0.208946332,-0.174983323,0.935141087,-0.644991577,0.685251057,-0.175278664,-0.472036809,-1.03328812,10.6437235,-0.0788423568,0.00370019581,0.685251057,-0.185105324,-0.000254631042,1
2591,26.339983,-0.184581578,-0.220021233,-0.182366595,-0.156525165,1.07617545,-0.705811918,0.640509963,-0.168661118,-0.51514715,-1.17938435,10.253335,-0.0980171114,-0.0080177132,0.640509963,-0.178177834,-0.000254631042,1
2592,26.350004,-0.0974590778,-0.165385097,-0.169076726,-0.218544587,0.812449455,-0.528780222,0.582985699,-0.16223526,-0.390606165,-0.887191951,9.80067635,-0.129975051,-0.00162612647,0.582985699,-0.171738625,-0.000254631042,1
2593,26.359980,-0.172030017,-0.159478486,-0.155048519,-0.187534884,0.419048578,-0.362261385,0.527591944,-0.15673399,-0.292410344,-0.470458508,9.56835938,-0.147019267,0.0015696669,0.527591944,-0.165757179,-0.000254631042,1
2594,26.369998,-0.102627359,-0.152095214,-0.165385097,-0.191964835,0.119358853,0.267457485,0.502025604,-0.151328087,0.282394379,-0.0776752755,9.06540585,-0.132105574,0.00796125364,0.502025604,-0.16020298,-0.000254631042,1
2595,26.380025,-0.107057318,-0.129945427,-0.128468782,-0.135113716,-0.0420834608,-0.0957026035,0.481785566,-0.146070957,-0.100808762,0.0277055893,8.88338375,-0.0809728801,-0.012278772,0.481785566,-0.154923439,-0.000254631042,1
2596,26.389977,-0.0945057645,-0.160955131,-0.0974590778,-0.124038823,0.266840965,-0.273057699,0.47006765,-0.142034054,-0.232534841,-0.302807122,9.78391171,-0.0468844213,-0.0325187966,0.47006765,-0.149796486,-0.000254631042,1
2597,26.400003,-0.122562163,-0.125515476,-0.145450279,-0.124038823,0.282523155,-0.237532645,0.434913903,-0.13736105,-0.196609542,-0.312387228,10.1599293,-0.0447538905,-0.0399756469,0.434913903,-0.144883156,-0.000254631042,1
2598,26.409976,-0.0804775655,-0.0885991603,-0.128468782,-0.108533971,-0.0035888534,-0.212125763,0.42639181,-0.131798267,-0.184634447,-0.221376449,9.96114254,-0.0543412715,-0.0314535312,0.42639181,-0.140183449,-0.000254631042,1
2599,26.420003,-0.0590661056,-0.132898733,-0.0900758132,-0.153571874,0.744586706,-0.376348555,0.407217026,-0.126618862,-0.225349784,-0.791391134,9.59470463,-0.057537064,-0.0208008867,0.407217026,-0.135666847,-0.000254631042,1
2600,26.429977,-0.0930291116,-0.132898733,-0.104104005,-0.0974590778,0.176896781,-0.23685877,0.385911763,-0.122956753,-0.141524091,-0.111205548,9.33364773,-0.0607328601,-0.0186703578,0.381650686,-0.131302834,-0.000254631042,1
2601,26.439999,-0.146926939,-0.0804775655,-0.0915524587,-0.0649727136,0.0389585234,-0.166510314,0.370998055,-0.119399071,-0.0912286863,0.0612358637,9.63541985,-0.057537064,-0.0271924734,0.370998055,-0.127152443,-0.000254631042,1
2602,26.449974,-0.0347013362,-0.0959824175,-0.0620194115,-0.101150699,0.162972182,-0.222009107,0.367802262,-0.117359161,-0.325940639,-0.247721672,9.71924591,-0.0564718023,-0.0282577388,0.365671724,-0.123124123,-0.000254631042,1
2603,26.459999,-0.108533971,-0.0590661056,-0.114440568,-0.0701410025,-0.0472807363,-0.127395928,0.360345393,-0.1138978,-0.112783857,0.0827910379,9.90366268,-0.0628633872,-0.023996681,0.359280139,-0.11924839,-0.000254631042,1
2604,26.469974,-0.0804775655,-0.0775242597,-0.053159494,-0.0930291116,-0.138037518,-0.0597554706,0.361410677,-0.109354973,-0.0744635463,0.111531273,9.72882557,-0.0596675947,-0.0186703578,0.363541186,-0.115372658,-0.000254631042,1
2605,26.480140,-0.0590661056,-0.0575894527,-0.0605427548,-0.0465145558,0.0291936621,-0.143015414,0.361410677,-0.105884552,-0.172659352,-0.00582468603,9.92521763,-0.0522107445,-0.0208008867,0.361410677,-0.111496925,-0.000254631042,1
2606,26.489976,-0.0036916316,-0.0915524587,-0.0620194115,-0.0841691941,-0.020346038,-0.0679578632,0.367802262,-0.101786613,-0.0696735084,0.013335471,9.69050598,-0.0500802137,-0.0229314156,0.367802262,-0.107621193,-0.000254631042,1
2607,26.499974,-0.0716176555,-0.0420845971,-0.0450379066,-0.0620194115,0.344732523,-0.443391234,0.376324356,-0.0984210968,-0.407371283,-0.38663283,9.78870106,-0.0617981218,-0.0218661521,0.375259101,-0.103714943,-0.000254631042,1
2608,26.509998,-0.0989357159,-0.0347013362,-0.0871224999,-0.0871224999,-0.364198446,0.207540736,0.361410677,-0.0945672989,0.172223479,0.382168472,9.97311783,-0.0681897104,-0.0303882677,0.361410677,-0.0998697281,-0.000254631042,1
2609,26.519984,-0.0140281999,-0.0819542184,-0.012551547,-0.0634960607,-0.048428271,-0.517678738,0.365671724,-0.0906610489,-0.519937217,0.00136037311,9.82941628,-0.0671244487,-0.0410409123,0.365671724,-0.0959939957,-0.000254631042,1
2610,26.529997,-0.0546361469,-0.0420845971,-0.0191964842,-0.108533971,0.751978695,-0.349299848,0.340105385,-0.0867547989,-0.282830268,-0.779416025,10.2509403,-0.0543412715,-0.0357145891,0.340105385,-0.0922403336,-0.000254631042,1
2611,26.539983,-0.0590661056,-0.0730943009,-0.0686643422,-0.0450379066,0.403190613,-0.38776508,0.29003796,-0.0846533775,-0.352285832,-0.434533209,9.45100403,-0.0660591796,-0.0229314156,0.29003796,-0.0889139175,-0.000254631042,1
2612,26.550004,-0.00664493674,-0.0465145558,-0.0649727136,-0.129945427,0.402965397,-0.110020675,0.257014751,-0.0814795494,-0.0768585652,-0.410583019,9.68092537,-0.0628633872,-0.0186703578,0.257014751,-0.0859537125,-0.000254631042,1
2613,26.559979,-0.0206731372,-0.0280563999,-0.0310097057,-0.0236264411,1.05008817,-0.676975012,0.216534704,-0.0791864395,-0.591787815,-1.10034871,9.96593285,-0.0607328601,-0.0080177132,0.216534704,-0.0833597183,-0.000254631042,1
2614,26.569999,-0.0465145558,-0.0155048529,-0.0804775655,-0.0760476068,0.632756472,-0.674523711,0.146227241,-0.0783581734,-0.622923076,-0.683615267,10.0018578,-0.0447538905,-0.00695244875,0.146227241,-0.0813150406,-0.000254631042,1
2615,26.579999,-0.0575894527,-0.037654642,-0.0310097057,-0.0191964842,0.557398677,-0.544944584,0.123856701,-0.0764570236,-0.500777066,-0.597394526,9.75277615,-0.031970717,-0.00482191984,0.123856701,-0.0796976089,-0.000254631042,1
2616,26.589984,-0.0036916316,-0.026579747,-0.026579747,-0.0420845971,1.2158947,-0.133300394,0.0876377076,-0.0757246017,-0.04093327,-1.22249472,10.2820749,-0.022383336,-0.0176050942,0.0876377076,-0.0782632828,-0.000254631042,1
2617,26.599981,-0.0406079441,-0.00516828429,-0.0516828448,-0.0036916316,0.352680504,-0.430496007,0.0567450412,-0.0757246017,-0.402581245,-0.384237796,9.50848389,-0.0298401862,-0.0218661521,0.0567450412,-0.0772867203,-0.000254631042,1
2618,26.609978,-0.0036916316,-0.0140281999,-0.026579747,-0.0361779891,0.242955878,-0.00871040393,0.035439752,-0.0743556023,0.0093621416,-0.242931634,9.7312212,-0.0117306914,-0.0080177132,0.035439752,-0.0764627457,-0.000254631042,1
2619,26.619975,-0.00221497891,0.00442995783,-0.0191964842,-0.0236264411,0.325340658,-0.127757549,0.0237218402,-0.0744519234,-0.103203781,-0.333942384,9.64500046,-0.0127959559,0.00583072472,0.0237218402,-0.0758829117,-0.000254631042,1
2620,26.629983,0,0.00295330514,-0.0206731372,-0.012551547,0.434562266,0.0492987521,0.0141344611,-0.0738153458,0.0812127292,-0.429743171,9.9922781,-0.0213180706,-0.000560861954,0.0141344611,-0.075425148,-0.000254631042,1
2621,26.639981,0,0,-0.0361779891,-0.0310097057,0.043840114,-0.0707041621,0.00454708049,-0.0738153458,-0.0672784895,-0.0489350408,9.62344456,-0.00960016251,-0.00162612647,0.00454708049,-0.0750284195,-0.000254631042,1
2622,26.649978,0,0,-0.0036916316,-0.00516828429,0.229579106,0.102903411,0.0130691966,-0.0737195015,0.119533047,-0.221376449,9.82941628,-0.00107804674,-0.00162612647,0.0130691966,-0.0747537613,-0.000254631042,1
2623,26.659975,0,0,-0.0206731372,-0.0206731372,0.0155436555,-0.0638046339,0.00880813878,-0.0736231804,-0.0624884479,-0.0201948043,9.73601055,-1.27822468e-05,-0.00375665538,0.00880813878,-0.0744180679,-0.000254631042,1
2624,26.679997,0,0,0.00442995783,-0.026579747,0.149808973,-0.0017049883,0.0269176345,-0.07391119,0.0093621416,-0.149525866,9.98509312,-1.27822468e-05,0.00796125364,0.0269176345,-0.0737771988,-0.000254631042,1
2625,26.689983,0,0,-0.00221497891,-0.00221497891,0.218007132,0.14227505,0.0258523691,-0.0732746124,0.157853365,-0.207006335,10.1455593,-0.00960016251,-0.00375665538,0.0258523691,-0.0734109879,-0.000254631042,1
2626,26.700003,0,-0.00221497891,-0.0324863568,-0.0155048529,-0.132948518,-0.189792201,0.0215913113,-0.0731787682,-0.199004561,0.118716337,9.75517082,-0.0117306914,-0.0080177132,0.0215913113,-0.0730752945,-0.000254631042,1
2627,26.709977,0,-0.00516828429,0.00590661028,-0.00221497891,0.173291147,-0.0417059883,0.0333092213,-0.0729870796,-0.0289581716,-0.175871074,9.72164059,-0.00214331108,0.00476546027,0.0333092213,-0.0727396011,-0.000254631042,1
2628,26.720003,0,-0.00221497891,-0.0140281999,-0.0206731372,0.165945768,-0.110639989,0.0194607824,-0.0720105171,-0.0984137431,-0.173476055,9.78151608,-0.00320857554,-0.00269139092,0.0194607824,-0.0724039078,-0.000254631042,1
2629,26.730056,0,0,0,-0.00959824212,0.19789505,-0.233047962,0.0194607824,-0.0722022057,-0.218164727,-0.214191392,9.76714611,-0.00960016251,-0.00269139092,0.0194607824,-0.0721597672,-0.000254631042,1
2630,26.739984,0,0,-0.00221497891,-0.0036916316,0.234425187,-0.0938612819,0.0120039321,-0.0715656281,-0.0768585652,-0.240536615,9.8749218,-0.00427384023,-0.00162612647,0.0120039321,-0.0718545914,-0.000254631042,1
2631,26.749982,0,0,-0.00516828429,-0.00959824212,0.202694967,-0.233374089,0.00561234495,-0.0721063614,-0.218164727,-0.21898143,9.72882557,-0.00214331108,-0.00695244875,0.00561234495,-0.0717020035,-0.000254631042,1
2632,26.760063,0,0,-0.00221497891,-0.0036916316,0.0345782414,-0.0675501525,0.00241655181,-0.0721063614,-0.0648834705,-0.0393549614,9.86534214,0.00105248217,-0.00482191984,0.00241655181,-0.0715494156,-0.000254631042,1
2633,26.769977,0,0,-0.0036916316,-0.0191964842,0.134773329,-0.144331515,-0.00184450613,-0.0714697838,-0.134339035,-0.144735828,9.74798584,-0.00427384023,-0.000560861954,-0.00184450613,-0.0714883804,-0.000254631042,1
2634,26.779975,0,0,-0.0081215892,-0.00664493674,0.0106998403,-0.166666001,0.00561234495,-0.0715656281,-0.165474296,-0.0225898232,9.71685123,-0.00320857554,0.00370019581,0.00561234495,-0.0714578629,-0.000254631042,1
2635,26.790002,0,0,-0.00516828429,-0.00959824212,0.00459374627,-0.0173565354,0.00774287386,-0.0716614723,-0.0169830751,-0.00582468603,9.91084766,-0.00427384023,0.00263493136,0.00774287386,-0.071305275,-0.000254631042,1
2636,26.799978,0,0,-0.0036916316,-0.0036916316,0.0148012768,-0.142948359,0.0151997255,-0.0715656281,-0.141524091,-0.0249848422,9.80067635,-0.00427384023,-0.00269139092,0.0151997255,-0.0712137222,-0.000254631042,1
2637,26.809975,0,-0.0036916316,-0.012551547,-0.00664493674,-0.00514048431,-0.0862918571,0.0173302535,-0.0714697838,-0.086438641,-0.00103464653,9.74080086,-1.27822468e-05,-0.00269139092,0.0173302535,-0.0710611343,-0.000254631042,1
2638,26.819982,0,-0.00221497891,-0.00221497891,-0.00516828429,0.135628462,-0.132386982,0.0173302535,-0.0714697838,-0.12236394,-0.144735828,9.64021015,-0.00640436914,-0.00482191984,0.0173302535,-0.0709085464,-0.000254631042,1
2639,26.829980,0,0,-0.00221497891,-0.00664493674,0.103638493,-0.144431129,0.0109386677,-0.0708332062,-0.136734053,-0.113600567,9.81265163,-0.00107804674,-0.00162612647,0.0109386677,-0.0707559586,-0.000254631042,1
2640,26.839977,0,0,-0.0081215892,-0.00664493674,0.0757926255,-0.12370301,0.0066776094,-0.0716614723,-0.115178876,-0.12318065,9.84618187,-1.27822468e-05,-0.00162612647,0.0066776094,-0.0706033707,-0.000254631042,1
2641,26.849974,0,0,0,-0.00221497891,0.212298766,-0.0681043714,-0.00504029961,-0.0715656281,-0.103203781,-0.183056146,9.8797121,-0.00107804674,-0.00375665538,-0.00504029961,-0.0705118179,-0.000254631042,1
2642,26.859981,0,0.00147665257,0,0,0.094167389,-0.107808374,-0.00717082852,-0.0715656281,-0.0888336599,-0.127970681,9.67374039,-0.00427384023,-0.000560861954,-0.00504029961,-0.0705728531,-0.000254631042,1
2643,26.869980,0,0.00295330514,-0.0036916316,-0.00221497891,0.105471157,-0.050920587,-0.00717082852,-0.0708332062,-0.0600934289,-0.127970681,9.72164059,-0.00214331108,0.000504402502,-0.00930135697,-0.0706338882,-0.000254631042,1
2644,26.879978,0,-0.00221497891,-0.00221497891,-0.00221497891,0.117245845,-0.0877953023,-0.00610556407,-0.0710248947,-0.0433282889,-0.132760733,9.81025696,0.0031830112,0.000504402502,-0.00717082852,-0.070725441,-0.000254631042,1
2645,26.900000,0,0.00147665257,0,0,0.0370497517,-0.101298377,0.000286022841,-0.0710248947,-0.0648834705,-0.0441449992,9.78870106,-1.27822468e-05,0.0015696669,0.00348181627,-0.070725441,-0.000254631042,1
2646,26.909974,0,-0.00221497891,0,0,0.0727240071,-0.139852494,0.00348181627,-0.0710248947,-0.134339035,-0.120785631,9.72164059,-0.00107804674,-0.00269139092,0.00454708049,-0.0706949234,-0.000254631042,1
2647,26.919996,0,0,0,-0.00221497891,0.148721531,-0.150178254,0.00774287386,-0.0717573166,-0.139129072,-0.0824653134,9.72164059,0.00105248217,-0.00375665538,0.00454708049,-0.0705423355,-0.000254631042,1
2648,26.929982,0,0,0,0,0.163665757,-0.110306412,0.0066776094,-0.0710248947,-0.0984137431,-0.171081036,9.80067635,0.00105248217,-0.00482191984,0.00241655181,-0.0703897476,-0.000254631042,1
2649,26.940000,0,0,0,0,0.153780863,-0.114389785,0.00348181627,-0.0709290504,-0.103203781,-0.161500961,9.78630638,0.00105248217,0.000504402502,0.00348181627,-0.0703287125,-0.000254631042,1
2650,26.949974,0,0,0,0,0.0960927382,-0.0814784616,-0.00290977047,-0.0709290504,-0.0744635463,-0.101625472,9.76714611,0.00105248217,-0.00162612647,-0.00290977047,-0.0702981949,-0.000254631042,1
2651,26.959994,0,0,0,0,0.102593519,-0.125159353,-0.00184450613,-0.0709290504,-0.117573902,-0.111205548,9.7791214,-1.27822468e-05,0.0015696669,-0.00184450613,-0.0704507828,-0.000254631042,1
2652,26.969979,0,0,0,0,0.061789386,-0.0910530984,-0.00397503516,-0.0710248947,-0.086438641,-0.0680951998,9.77672672,0.00211774674,0.00263493136,-0.00397503516,-0.0706033707,-0.000254631042,1
2653,26.980000,0,0,0,0,0.050522875,-0.114267901,-0.00290977047,-0.071120739,-0.110388838,-0.0585151166,9.8797121,0.00211774674,0.0015696669,-0.00290977047,-0.0706949234,-0.000254631042,1
2654,26.989974,0,0,0,0,0.0648772195,-0.148898527,-0.000779241615,-0.0710248947,-0.14391911,-0.0752802566,9.78630638,-1.27822468e-05,-0.000560861954,-0.000779241615,-0.0706949234,-0.000254631042,1
2655,27.000000,0,0,0,0,0.082270436,-0.106916651,0.00348181627,-0.0710248947,-0.100808762,-0.0896503702,9.81025696,0.0031830112,-0.000560861954,0.00348181627,-0.0706949234,-0.000254631042,1
2656,27.009974,0,0,0,0,0.122989483,-0.073891446,0.00454708049,-0.0717573166,-0.0648834705,-0.127970681,9.85815716,-1.27822468e-05,0.000504402502,0.00454708049,-0.0706949234,-0.000254631042,1
2657,27.019998,0,0.00147665257,0,0,0.113166735,-0.145130858,0.00135128724,-0.0710248947,-0.136734053,-0.12318065,9.77193642,-1.27822468e-05,-0.00375665538,0.00135128724,-0.0706949234,-0.000254631042,1
2658,27.029984,0,0,0,0,0.132701516,-0.105805136,0.00241655181,-0.0717573166,-0.0960187241,-0.13994579,9.77672672,-1.27822468e-05,-0.000560861954,0.00241655181,-0.0706949234,-0.000254631042,1
2659,27.039995,0,0,0,0,0.117520995,-0.116707876,-0.000779241615,-0.0716614723,-0.107993819,-0.125575662,9.72643089,-0.00320857554,0.000504402502,-0.000779241615,-0.0706949234,-0.000254631042,1
2660,27.049980,0,0,0,0,0.108308472,-0.111244194,-0.000779241615,-0.0716614723,-0.103203781,-0.115995586,9.71685123,0.00105248217,0.000504402502,-0.000779241615,-0.0706949234,-0.000254631042,1
2661,27.059994,0,0,0,0,0.0839092359,-0.0830883235,-0.00184450613,-0.0717573166,-0.0768585652,-0.0896503702,9.79109669,-0.00320857554,0.000504402502,-0.00184450613,-0.0706949234,-0.000254631042,1
2662,27.069980,0,0,0,0,0.0949141979,-0.165441945,-0.00290977047,-0.0710248947,-0.158289239,-0.10641551,9.80546665,0.00105248217,-0.00375665538,-0.00290977047,-0.0706949234,-0.000254631042,1
2663,27.079994,0,0,0,0,0.0790411383,-0.152307287,0.000286022841,-0.0710248947,-0.146314129,-0.0896503702,9.81744194,0.00105248217,-0.00269139092,0.000286022841,-0.0706949234,-0.000254631042,1
2664,27.089981,0,0,0,0,0.114964373,-0.0853205845,0.00241655181,-0.0717573166,-0.0768585652,-0.120785631,9.77433109,0.00211774674,0.000504402502,0.00241655181,-0.0706949234,-0.000254631042,1
2665,27.099997,0,0,0,0,0.0779271647,-0.133075118,0.000286022841,-0.0716614723,-0.127153978,-0.0872553512,9.80786133,-1.27822468e-05,0.0015696669,0.000286022841,-0.0706949234,-0.000254631042,1
2666,27.109982,0,0,0,0,0.101827793,-0.101174258,0.00348181627,-0.0716614723,-0.0936237052,-0.108810529,9.85336685,-0.00107804674,-0.000560861954,0.00348181627,-0.0706949234,-0.000254631042,1
2667,27.119979,0,0,0,0,0.0858491585,-0.0903637409,0.00135128724,-0.0710248947,-0.084043622,-0.0920453891,9.80067635,-1.27822468e-05,0.000504402502,0.00135128724,-0.0706949234,-0.000254631042,1
2668,27.129976,0,0,0,0,0.116838083,-0.0926588625,0.00241655181,-0.0717573166,-0.084043622,-0.12318065,9.78151608,0.0031830112,0.00370019581,0.00241655181,-0.0706949234,-0.000254631042,1
2669,27.139984,0,0,0,0,0.0612169653,-0.0982590392,0.00241655181,-0.0716614723,-0.0936237052,-0.0680951998,9.76714611,-1.27822468e-05,-0.000560861954,0.00241655181,-0.0706949234,-0.000254631042,1
2670,27.149980,0,0,0,0,0.0263153333,-0.117338866,-0.000779241615,-0.0709290504,-0.115178876,-0.0345649198,9.7623558,-0.00214331108,0.000504402502,-0.000779241615,-0.0706949234,-0.000254631042,1
2671,27.159977,0,0,0,0,0.0907928273,-0.0546902902,0.000286022841,-0.0709290504,-0.0481183305,-0.0944404155,9.74559116,0.00105248217,0.000504402502,0.000286022841,-0.0706949234,-0.000254631042,1
2672,27.169978,0,0,0,0,0.0862829685,-0.11687573,0.00135128724,-0.0717573166,-0.110388838,-0.0944404155,9.78630638,0.00105248217,0.000504402502,0.00135128724,-0.0706949234,-0.000254631042,1
2673,27.179975,0,0,0,0,0.0993332341,-0.103328429,0.00241655181,-0.0710248947,-0.0960187241,-0.10641551,9.73840618,0.00105248217,-0.000560861954,0.00241655181,-0.0706949234,-0.000254631042,1
2674,27.189982,0,0,0,0,0.0841604769,-0.114245489,0.000286022841,-0.0709290504,-0.107993819,-0.0920453891,9.7623558,-0.00107804674,0.0015696669,0.000286022841,-0.0706949234,-0.000254631042,1
2675,27.209996,0,0,0,0,0.100204527,-0.124989621,-0.000779241615,-0.0709290504,-0.117573902,-0.108810529,9.77433109,0.00105248217,0.000504402502,-0.000779241615,-0.0706949234,-0.000254631042,1
2676,27.219982,0,0,0,0,0.13414818,-0.120211758,0.00135128724,-0.0710248947,-0.110388838,-0.142340809,9.8318119,0.00105248217,0.0015696669,0.00135128724,-0.0706949234,-0.000254631042,1
2677,27.230001,0,0,0,0,0.0937291905,-0.148540124,-0.00184450613,-0.0709290504,-0.141524091,-0.104020491,9.74798584,-1.27822468e-05,-0.00375665538,-0.00184450613,-0.0706949234,-0.000254631042,1
2678,27.239976,0,0,0,0,0.0672677606,-0.115446351,-0.000779241615,-0.0709290504,-0.110388838,-0.0752802566,9.7791214,-0.00107804674,0.000504402502,-0.000779241615,-0.0706949234,-0.000254631042,1
2679,27.249994,0,0,0,0,0.0814192891,-0.0852380544,-0.00290977047,-0.0709290504,-0.0792535841,-0.0872553512,9.81265163,-1.27822468e-05,0.000504402502,-0.00290977047,-0.0706949234,-0.000254631042,1
2680,27.259979,0,0,0,0,0.114196002,-0.164412677,0.00241655181,-0.0710248947,-0.15589422,-0.125575662,9.77672672,-1.27822468e-05,0.000504402502,0.00241655181,-0.0706949234,-0.000254631042,1
2681,27.269976,0,0,0,0,0.108209305,-0.113564208,0.00135128724,-0.0710248947,-0.1055988,-0.115995586,9.75756645,0.0031830112,-0.000560861954,0.00135128724,-0.0706949234,-0.000254631042,1
2682,27.280002,0,0,0,0,0.0695720613,-0.115667075,0.000286022841,-0.0716614723,-0.110388838,-0.0776752755,9.73601055,-0.00107804674,0.000504402502,0.000286022841,-0.0706949234,-0.000254631042,1
2683,27.290003,0,0,0,0,0.100191802,-0.0913739204,0.00241655181,-0.0709290504,-0.084043622,-0.10641551,9.78870106,0.00105248217,0.0015696669,0.00241655181,-0.0706949234,-0.000254631042,1
2684,27.299978,0,0,0,0,0.0870459527,-0.0736325383,0.00135128724,-0.0709290504,-0.0912286863,-0.12318065,9.79109669,-1.27822468e-05,-0.000560861954,0.00241655181,-0.0706949234,-0.000254631042,1
2685,27.310004,0,0,0,0,0.0797114894,-0.109135672,-0.000779241615,-0.0710248947,-0.127153978,-0.0992304534,9.8270216,-0.00107804674,0.0015696669,0.000286022841,-0.0706949234,-0.000254631042,1
2686,27.319978,0,0,0,0,0.121853836,-0.0905242115,-0.000779241615,-0.0710248947,-0.124758959,-0.118390612,9.7623558,0.00105248217,-0.000560861954,-0.000779241615,-0.0706949234,-0.000254631042,1
2687,27.329975,0,0,0,0,0.0504610799,-0.114295207,0.000286022841,-0.0716614723,-0.0984137431,-0.0800702944,9.86534214,0.00105248217,0.0015696669,-0.00184450613,-0.0706949234,-0.000254631042,1
2688,27.339983,0,0,0,0,0.0782820284,-0.0946816728,-0.000779241615,-0.0716614723,-0.0792535841,-0.120785631,9.79349136,0.00211774674,0.0015696669,0.000286022841,-0.0706949234,-0.000254631042,1
2689,27.349980,0,0,0,0,0.141666159,-0.11593011,0.00135128724,-0.0709290504,-0.146314129,-0.0872553512,9.75277615,-1.27822468e-05,-0.000560861954,0.00135128724,-0.0706949234,-0.000254631042,1
2690,27.359978,0,0,0,0,0.0556517132,-0.109825023,0.000286022841,-0.0710248947,-0.1055988,-0.0633051544,9.78630638,-1.27822468e-05,-0.00162612647,0.00135128724,-0.0706949234,-0.000254631042,1
2691,27.369975,0,0,0,0,0.0971969739,-0.132067442,0.00241655181,-0.0717573166,-0.124758959,-0.10641551,9.77433109,0.00424827542,-0.000560861954,0.00241655181,-0.0706949234,-0.000254631042,1
2692,27.379984,0,0,0,0,0.0848266929,-0.0710738078,-0.000779241615,-0.0709290504,-0.0648834705,-0.0896503702,9.81025696,0.00424827542,-0.000560861954,0.000286022841,-0.0706949234,-0.000254631042,1
2693,27.389980,0,0,0,0,0.0917459503,-0.141270638,0.00135128724,-0.0716614723,-0.134339035,-0.101625472,9.81265163,0.00105248217,-0.00269139092,0.000286022841,-0.0706949234,-0.000254631042,1
2694,27.400000,0,0,0,0,0.12546511,-0.141190678,0.000286022841,-0.0709290504,-0.131944016,-0.135155752,9.75277615,-1.27822468e-05,-0.000560861954,0.000286022841,-0.0706949234,-0.000254631042,1
2695,27.409975,0,0,0,0,0.134658068,-0.113044821,0.000286022841,-0.0710248947,-0.103203781,-0.142340809,9.78630638,0.00105248217,0.00263493136,0.000286022841,-0.0706949234,-0.000254631042,1
2696,27.419998,0,0.00147665257,0,0,0.108039342,-0.115953185,-0.00184450613,-0.0710248947,-0.107993819,-0.115995586,9.77433109,-1.27822468e-05,-0.00482191984,-0.00184450613,-0.0706949234,-0.000254631042,1
2697,27.429984,0,0,0,0,0.051489979,-0.0999619737,0.00241655181,-0.0716614723,-0.0960187241,-0.0585151166,9.78391171,0.00105248217,0.0015696669,0.00241655181,-0.0706949234,-0.000254631042,1
2698,27.440000,0,0,0,0,0.0978028029,-0.0912041888,0.00241655181,-0.0709290504,-0.084043622,-0.104020491,9.82462692,-1.27822468e-05,0.000504402502,0.00241655181,-0.0706949234,-0.000254631042,1
2699,27.449976,0,0,0,0,0.124592245,-0.119531907,0.000286022841,-0.0710248947,-0.110388838,-0.132760733,9.7312212,0.00211774674,-0.00162612647,0.000286022841,-0.0706949234,-0.000254631042,1
2700,27.460002,0,0,0,0,0.134488106,-0.115433797,0.000286022841,-0.0710248947,-0.1055988,-0.142340809,9.81265163,0.00105248217,0.0015696669,0.000286022841,-0.0706949234,-0.000254631042,1
2701,27.469977,0,0,0,0,0.0822799355,-0.140532345,-0.000779241615,-0.0710248947,-0.134339035,-0.0920453891,9.84378719,-1.27822468e-05,0.000504402502,-0.000779241615,-0.0706949234,-0.000254631042,1
2702,27.479995,0,0,0,0,0.0772275627,-0.142638013,-0.000779241615,-0.0717573166,-0.136734053,-0.0872553512,9.78870106,0.00105248217,0.0015696669,-0.000779241615,-0.0706949234,-0.000254631042,1
2703,27.489981,0,0,0,0,0.10035301,-0.0889945403,0.00135128724,-0.0710248947,-0.0816486031,-0.10641551,9.7144556,-1.27822468e-05,0.000504402502,0.00135128724,-0.0706949234,-0.000254631042,1
2704,27.500000,0,0,0,0,0.0839795619,-0.116642535,-0.00184450613,-0.0710248947,-0.110388838,-0.0920453891,9.83660221,-1.27822468e-05,0.0015696669,-0.00184450613,-0.0706949234,-0.000254631042,1
2705,27.509974,0,0,0,0,0.084149532,-0.114253558,0.00241655181,-0.0710248947,-0.107993819,-0.0920453891,9.7791214,0.00105248217,0.0015696669,0.00241655181,-0.0706949234,-0.000254631042,1
2706,27.520004,0,0,0,0,0.0908738524,-0.153223708,0.00241655181,-0.0717573166,-0.146314129,-0.101625472,9.76954079,0.00211774674,0.0015696669,0.00241655181,-0.0706949234,-0.000254631042,1
2707,27.529979,0,0,0,0,0.0966969579,-0.105618306,0.00135128724,-0.0717573166,-0.0984137431,-0.104020491,9.81025696,-1.27822468e-05,0.0015696669,0.00135128724,-0.0706949234,-0.000254631042,1
2708,27.539976,0,0,0,0,0.0957355052,-0.0526499376,0.000286022841,-0.0710248947,-0.0457233116,-0.0992304534,9.75038147,0.00211774674,-0.00269139092,0.000286022841,-0.0706949234,-0.000254631042,1
2709,27.550005,0,0,0,0,0.109828115,-0.123370573,0.00241655181,-0.0717573166,-0.115178876,-0.118390612,9.84139156,-0.00107804674,-0.00162612647,0.00241655181,-0.0706949234,-0.000254631042,1
2710,27.559979,0,0,0,0,0.0990858153,-0.105790019,0.000286022841,-0.0717573166,-0.0984137431,-0.10641551,9.72643089,0.00105248217,-0.000560861954,0.000286022841,-0.0706949234,-0.000254631042,1
2711,27.569996,0,0,0,0,0.0601923801,-0.0789823383,0.00135128724,-0.0717573166,-0.0744635463,-0.0657001734,9.79588604,0.00211774674,-0.000560861954,0.00135128724,-0.0706949234,-0.000254631042,1
2712,27.579981,0,0,0,0,0.100003578,-0.0601568036,-0.000779241615,-0.0710248947,-0.0529083684,-0.104020491,9.75517082,-0.00107804674,-0.00162612647,-0.000779241615,-0.0706949234,-0.000254631042,1
2713,27.590003,0,0,0,0,0.12083406,-0.1048581,0.000286022841,-0.0710248947,-0.0960187241,-0.127970681,9.81265163,-1.27822468e-05,0.000504402502,0.000286022841,-0.0706949234,-0.000254631042,1
2714,27.599979,0,0,0,0,0.0990028009,-0.141722098,0.00241655181,-0.0710248947,-0.134339035,-0.108810529,9.74798584,-0.00214331108,0.0015696669,0.00241655181,-0.0706949234,-0.000254631042,1
2715,27.609995,0,0,0,0,0.0735643283,-0.0942918882,0.00135128724,-0.0710248947,-0.0888336599,-0.0800702944,9.79109669,-1.27822468e-05,-0.000560861954,0.00135128724,-0.0706949234,-0.000254631042,1
2716,27.619980,0,0,0,0,0.0831392556,-0.162203148,-0.000779241615,-0.0710248947,-0.15589422,-0.0944404155,9.76954079,0.00105248217,-0.00162612647,-0.000779241615,-0.0706949234,-0.000254631042,1
2717,27.630000,0,0,0,0,0.129030287,-0.124649793,0.000286022841,-0.0710248947,-0.115178876,-0.137550771,9.8318119,0.00105248217,-0.000560861954,0.000286022841,-0.0706949234,-0.000254631042,1
2718,27.639975,0,0,0,0,0.0860381275,-0.155206159,-0.000779241615,-0.0710248947,-0.148709148,-0.0968354344,9.75277615,0.00105248217,-0.000560861954,-0.000779241615,-0.0706949234,-0.000254631042,1
2719,27.649983,0,0,0,0,0.122193761,-0.0857462436,0.00135128724,-0.0710248947,-0.0768585652,-0.127970681,9.80786133,0.00105248217,0.00263493136,0.00135128724,-0.0706949234,-0.000254631042,1
2720,27.659979,0,0,0,0,0.0475461297,-0.121294901,0.00135128724,-0.0717573166,-0.117573902,-0.0561200976,9.83899689,0.00105248217,-0.000560861954,0.00135128724,-0.0706949234,-0.000254631042,1
2721,27.669976,0,0,0,0,0.11349716,-0.106737189,-0.000779241615,-0.0710248947,-0.0984137431,-0.120785631,9.78391171,0.00105248217,0.000504402502,-0.000779241615,-0.0706949234,-0.000254631042,1
2722,27.679974,0,0,0,0,0.0926761776,-0.0956515968,-0.000779241615,-0.0710248947,-0.0888336599,-0.0992304534,9.84139156,-0.00107804674,0.000504402502,-0.000779241615,-0.0706949234,-0.000254631042,1
2723,27.689983,0,0,0,0,0.0863685459,-0.116812505,0.00135128724,-0.0710248947,-0.110388838,-0.0944404155,9.73361588,-1.27822468e-05,0.0015696669,0.00135128724,-0.0706949234,-0.000254631042,1
2724,27.699979,0,0,0,0,0.0839092359,-0.0830883235,0.000286022841,-0.0717573166,-0.0768585652,-0.0896503702,9.85815716,-1.27822468e-05,-0.00269139092,0.000286022841,-0.0706949234,-0.000254631042,1
2725,27.709976,0,0,0,0,0.0587205477,-0.100439064,0.00135128724,-0.0710248947,-0.0960187241,-0.0657001734,9.80546665,0.00211774674,-0.00269139092,0.00135128724,-0.0706949234,-0.000254631042,1
2726,27.719974,0,0,0,0,0.0989933088,-0.108106397,0.00454708049,-0.0710248947,-0.100808762,-0.10641551,9.79109669,0.00211774674,0.000504402502,0.00454708049,-0.0706949234,-0.000254631042,1
2727,27.730004,0,0,0,0,0.0899472758,-0.100259602,0.000286022841,-0.0710248947,-0.0936237052,-0.0968354344,9.75038147,0.00105248217,-0.000560861954,0.000286022841,-0.0706949234,-0.000254631042,1
2728,27.739978,0,0,0,0,0.098473914,-0.0816576406,0.00241655181,-0.0710248947,-0.0936237052,-0.0992304534,9.73840618,-1.27822468e-05,0.0015696669,0.00241655181,-0.0706949234,-0.000254631042,1
2729,27.750004,0,0,0,0,0.0667468086,-0.122619748,0.00241655181,-0.0710248947,-0.086438641,-0.0896503702,9.79109669,-1.27822468e-05,-0.000560861954,0.000286022841,-0.0706949234,-0.000254631042,1
2730,27.759980,0,0,0,0,0.0353406258,-0.0915724859,0.00454708049,-0.0710248947,-0.107993819,-0.125575662,9.78151608,-0.00107804674,0.0015696669,0.00561234495,-0.0706949234,-0.000254631042,1
2731,27.769977,0,0,0,0,0.117075883,-0.0901842862,0.00135128724,-0.0710248947,-0.110388838,-0.0872553512,9.76475143,-0.00214331108,-0.000560861954,0.00135128724,-0.0706949234,-0.000254631042,1
2732,27.779995,0,0,0,0,0.0676061213,-0.144290537,0.00241655181,-0.0710248947,-0.0936237052,-0.0800702944,9.77433109,-0.00320857554,0.000504402502,0.00135128724,-0.0706949234,-0.000254631042,1
2733,27.789980,0,0,0,0,0.0970252603,-0.134456292,0.00135128724,-0.0717573166,-0.084043622,-0.0728852376,9.76954079,0.0031830112,-0.00162612647,-0.000779241615,-0.0706949234,-0.000254631042,1
2734,27.799994,0,0,0,0,0.0931860656,-0.0884846523,-0.00184450613,-0.0710248947,-0.112783857,-0.0968354344,9.75996113,0.00211774674,-0.00162612647,-0.00290977047,-0.0706949234,-0.000254631042,1
2735,27.810139,0,0,0,0,0.105990283,-0.111005262,0.00135128724,-0.0710248947,-0.12236394,-0.108810529,9.8270216,-0.00107804674,0.00263493136,0.00241655181,-0.0706949234,-0.000254631042,1
2736,27.819976,0,0,0,0,0.0626581982,-0.146339595,0.00135128724,-0.0710248947,-0.141524091,-0.0728852376,9.70008564,-0.00107804674,-0.000560861954,0.00348181627,-0.0706949234,-0.000254631042,1
2737,27.829973,0,-0.00221497891,0,0,0.0845809653,-0.107148595,0.00135128724,-0.0717573166,-0.100808762,-0.0920453891,9.77433109,-1.27822468e-05,0.00263493136,0.00135128724,-0.0706949234,-0.000254631042,1
2738,27.840003,0,0,0,0,0.0793525651,-0.0466822311,0.00241655181,-0.0710248947,-0.04093327,-0.0824653134,9.78630638,-0.00107804674,-0.000560861954,0.00241655181,-0.0706949234,-0.000254631042,1
2739,27.849978,0,0,0,0,0.0928556398,-0.126878321,0.00135128724,-0.0710248947,-0.119968921,-0.101625472,9.7312212,0.00105248217,0.00263493136,0.00135128724,-0.0706949234,-0.000254631042,1
2740,27.859976,0,0,0,0,0.0983989611,-0.115345441,0.00135128724,-0.0717573166,-0.107993819,-0.10641551,9.73361588,-0.00214331108,0.00263493136,0.00135128724,-0.0706949234,-0.000254631042,1
2741,27.869984,0,0,0,0,0.0884271041,-0.155376121,0.000286022841,-0.0710248947,-0.148709148,-0.0992304534,9.85815716,-0.00107804674,0.0015696669,0.000286022841,-0.0706949234,-0.000254631042,1
2742,27.879981,0,0,0,0,0.112828448,-0.116282299,0.00135128724,-0.0709290504,-0.107993819,-0.120785631,9.79828167,-1.27822468e-05,0.000504402502,0.00135128724,-0.0706949234,-0.000254631042,1
2743,27.889977,0,0,0,0,0.0483255126,-0.111699484,0.00348181627,-0.0709290504,-0.107993819,-0.0561200976,9.80307102,0.00105248217,-0.00269139092,0.00348181627,-0.0706949234,-0.000254631042,1
2744,27.899974,0,0,0,0,0.0566809922,-0.129106835,-0.000779241615,-0.0710248947,-0.124758959,-0.0657001734,9.80307102,-1.27822468e-05,0.000504402502,-0.000779241615,-0.0706949234,-0.000254631042,1
2745,27.909982,0,0,0,0,0.0585505851,-0.102828041,0.000286022841,-0.0710248947,-0.0984137431,-0.0657001734,9.7791214,-1.27822468e-05,0.0015696669,0.000286022841,-0.0706949234,-0.000254631042,1
2746,27.919978,0,0,0,0,0.0716808438,-0.0533324182,0.000286022841,-0.0709290504,-0.0481183305,-0.0752802566,9.76954079,-1.27822468e-05,-0.000560861954,0.000286022841,-0.0706949234,-0.000254631042,1
2747,27.929980,0,0,0,0,0.109248102,-0.0992093831,0.00241655181,-0.0708332062,-0.0912286863,-0.115995586,9.75996113,0.00105248217,0.000504402502,0.00241655181,-0.0706949234,-0.000254631042,1
2748,27.949998,0,0,0,0,0.0896301344,-0.138644665,0.00241655181,-0.0709290504,-0.131944016,-0.0992304534,9.78870106,-0.00107804674,-0.00375665538,0.00241655181,-0.0706949234,-0.000254631042,1
2749,27.959984,0,0,0,0,0.0897998661,-0.136255667,-0.00184450613,-0.0709290504,-0.129548997,-0.0992304534,9.79828167,0.00211774674,0.0015696669,-0.00184450613,-0.0706949234,-0.000254631042,1
2750,27.969997,0,0,0,0,0.122813188,-0.109884225,0.000286022841,-0.0716614723,-0.100808762,-0.1303657,9.72403622,0.00105248217,0.000504402502,0.000286022841,-0.0706949234,-0.000254631042,1
2751,27.979982,0,0,0,0,0.102179997,-0.0963867158,0.00135128724,-0.0715656281,-0.0888336599,-0.108810529,9.77193642,-0.00214331108,-0.000560861954,0.00135128724,-0.0706949234,-0.000254631042,1
2752,27.990001,0,0,0,0,0.0909880102,-0.119532689,-0.000779241615,-0.0709290504,-0.112783857,-0.0992304534,9.76475143,-0.00107804674,0.000504402502,-0.000779241615,-0.0706949234,-0.000254631042,1
2753,27.999975,0,0,0,0,0.0879073516,-0.0953032449,0.00348181627,-0.0709290504,-0.0888336599,-0.0944404155,9.82462692,-1.27822468e-05,0.000504402502,0.00348181627,-0.0706949234,-0.000254631042,1
2754,28.009998,0,0,0,0,0.120517358,-0.143240213,0.000286022841,-0.0709290504,-0.134339035,-0.1303657,9.75517082,-1.27822468e-05,-0.00162612647,0.000286022841,-0.0706949234,-0.000254631042,1
2755,28.019984,0,0,0,0,0.0737430975,-0.0918958411,0.000286022841,-0.0709290504,-0.086438641,-0.0800702944,9.78151608,-1.27822468e-05,0.000504402502,0.000286022841,-0.0706949234,-0.000254631042,1
2756,28.030003,0,0,0,0,0.0795522109,-0.111517027,-0.000779241615,-0.0709290504,-0.1055988,-0.0872553512,9.80067635,-0.00107804674,0.000504402502,-0.000779241615,-0.0706949234,-0.000254631042,1
2757,28.039976,0,0,0,0,0.0802311525,-0.101961039,-0.000779241615,-0.0709290504,-0.0960187241,-0.0872553512,9.74798584,0.00105248217,-0.000560861954,-0.000779241615,-0.0706949234,-0.000254631042,1
2758,28.049984,0,0,0,0,0.0819539353,-0.14530246,-0.000779241615,-0.0709290504,-0.139129072,-0.0920453891,9.76954079,-1.27822468e-05,-0.00269139092,-0.000779241615,-0.0706949234,-0.000254631042,1
2759,28.059980,0,0,0,0,0.136196494,-0.091530934,0.00454708049,-0.0709290504,-0.0816486031,-0.142340809,9.78151608,0.00105248217,-0.000560861954,0.00454708049,-0.0706949234,-0.000254631042,1
2760,28.070000,0,0,0,0,0.136196494,-0.091530934,0.000286022841,-0.0709290504,-0.0816486031,-0.142340809,9.72643089,0.00105248217,-0.000560861954,0.000286022841,-0.0706949234,-0.000254631042,1
2761,28.080088,0,0,0,0,0.0645520166,-0.153670311,0.00135128724,-0.0709290504,-0.148709148,-0.0752802566,9.81504631,-1.27822468e-05,-0.000560861954,0.00135128724,-0.0706949234,-0.000254631042,1
2762,28.089979,0,0,0,0,0.0904909447,-0.126691014,0.00135128724,-0.0708332062,-0.119968921,-0.0992304534,9.75517082,-1.27822468e-05,-0.000560861954,0.00135128724,-0.0706949234,-0.000254631042,1
2763,28.099976,0,0,0,0,0.067109324,-0.11782892,0.000286022841,-0.0708332062,-0.112783857,-0.0752802566,9.79828167,0.00105248217,0.00263493136,0.000286022841,-0.0706949234,-0.000254631042,1
2764,28.109973,0,0,0,0,0.0938861966,-0.112535432,-0.000779241615,-0.0709290504,-0.1055988,-0.101625472,9.75756645,-1.27822468e-05,0.000504402502,-0.000779241615,-0.0706949234,-0.000254631042,1
2765,28.120004,0,0,0,0,0.078181617,-0.0970133096,-0.00184450613,-0.0709290504,-0.0912286863,-0.0848603323,9.74319553,-1.27822468e-05,-0.000560861954,-0.00184450613,-0.0706949234,-0.000254631042,1
2766,28.129978,0,0,0,0,0.048143059,-0.0804727823,-0.000779241615,-0.0709290504,-0.0768585652,-0.0537250787,9.75996113,0.00105248217,0.000504402502,-0.000779241615,-0.0706949234,-0.000254631042,1
2767,28.139994,0,0,0,0,0.106667131,-0.0678234175,0.00241655181,-0.0709290504,-0.0600934289,-0.111205548,9.78391171,0.00105248217,0.000504402502,0.00241655181,-0.0706949234,-0.000254631042,1
2768,28.149979,0,0,0,0,0.0623327605,-0.151111573,0.00135128724,-0.0709290504,-0.146314129,-0.0728852376,9.73361588,-1.27822468e-05,-0.00162612647,0.00135128724,-0.0706949234,-0.000254631042,1
2769,28.159997,0,0,0,0,0.143885419,-0.118488841,0.000286022841,-0.0709290504,-0.107993819,-0.151920885,9.75756645,-0.00214331108,-0.000560861954,0.000286022841,-0.0706949234,-0.000254631042,1
2770,28.169973,0,0,0,0,0.0855437964,-0.162364915,-0.000779241615,-0.0709290504,-0.15589422,-0.0968354344,9.73361588,-0.00107804674,-0.00269139092,-0.000779241615,-0.0706949234,-0.000254631042,1
2771,28.179981,0,0,0,0,0.0990036651,-0.108096905,0.000286022841,-0.0709290504,-0.100808762,-0.10641551,9.75038147,0.00105248217,0.000504402502,0.000286022841,-0.0706949234,-0.000254631042,1
2772,28.189977,0,0,0,0,0.0672788247,-0.132470131,-0.00184450613,-0.0708332062,-0.12236394,-0.147130847,9.73840618,-0.00214331108,-0.000560861954,-0.00184450613,-0.0706949234,-0.000254631042,1
2773,28.199974,0,0,0,0,0.0911689624,-0.117134951,0.000286022841,-0.0708332062,-0.0984137431,-0.0896503702,9.7623558,-1.27822468e-05,-0.00162612647,0.00135128724,-0.0706949234,-0.000254631042,1
2774,28.209982,0,0,0,0,0.0450878479,-0.123474739,0.00241655181,-0.0709290504,-0.0912286863,-0.127970681,9.71206093,0.00105248217,-0.000560861954,0.000286022841,-0.0706949234,-0.000254631042,1
2775,28.219979,0,0,0,0,0.0904915184,-0.16031538,0.000286022841,-0.0709290504,-0.0888336599,-0.101625472,9.77433109,0.00211774674,-0.00162612647,0.00135128724,-0.0706949234,-0.000254631042,1
2776,28.229976,0,0,0,0,0.0959310457,-0.0838582665,0.00348181627,-0.0708332062,-0.103203781,-0.101625472,9.74559116,0.00105248217,-0.00162612647,0.00135128724,-0.0706949234,-0.000254631042,1
2777,28.239974,0,0,0,0,0.10855414,-0.0751497373,0.00241655181,-0.0708332062,-0.0936237052,-0.111205548,9.77193642,0.0031830112,-0.00162612647,-0.000779241615,-0.0706949234,-0.000254631042,1
2778,28.249983,0,0,0,0,0.0923458785,-0.100420713,0.00241655181,-0.0709290504,-0.12236394,-0.12318065,9.78391171,-0.00107804674,-0.00269139092,0.00135128724,-0.0706949234,-0.000254631042,1
2779,28.269997,0,0,0,0,0.0916774794,-0.109967917,0.000286022841,-0.0708332062,-0.103203781,-0.0992304534,9.83899689,-0.00107804674,0.00370019581,0.000286022841,-0.0706949234,-0.000254631042,1
2780,28.279983,0,0,0,0,0.111128606,-0.106545925,0.00135128724,-0.0708332062,-0.0984137431,-0.118390612,9.85336685,0.00105248217,0.0015696669,-0.000779241615,-0.0706949234,-0.000254631042,1
2781,28.289980,0,0,0,0,0.127841383,-0.107744716,0.00135128724,-0.0709290504,-0.0984137431,-0.135155752,9.80307102,-1.27822468e-05,0.0015696669,0.00135128724,-0.0706949234,-0.000254631042,1
2782,28.299976,0,0,0,0,0.102944531,-0.120371491,-0.00184450613,-0.0708332062,-0.112783857,-0.111205548,9.79828167,0.00211774674,-0.000560861954,-0.00184450613,-0.0706949234,-0.000254631042,1
2783,28.310009,0,0,0,0,0.0944055021,-0.10535939,0.00135128724,-0.0708332062,-0.0984137431,-0.101625472,9.7623558,0.00211774674,0.0015696669,0.00135128724,-0.0706949234,-0.000254631042,1
2784,28.319976,0,0,0,0,0.0814434066,-0.118845947,-0.000779241615,-0.0708332062,-0.112783857,-0.0896503702,9.81025696,0.00105248217,-0.00162612647,-0.000779241615,-0.0706949234,-0.000254631042,1
2785,28.329973,0,0,0,0,0.0563667268,-0.133873999,0.000286022841,-0.0708332062,-0.129548997,-0.0657001734,9.84618187,-1.27822468e-05,0.000504402502,0.000286022841,-0.0706949234,-0.000254631042,1
2786,28.340001,0,0.00147665257,0,0,0.0829848871,-0.130960524,-0.000779241615,-0.0708332062,-0.124758959,-0.0920453891,9.74080086,-0.00107804674,0.00263493136,-0.000779241615,-0.0706949234,-0.000254631042,1
2787,28.349976,0,-0.0036916316,0,0,0.120345645,-0.112001978,-0.000779241615,-0.0708332062,-0.103203781,-0.127970681,9.81025696,-1.27822468e-05,-0.00162612647,-0.000779241615,-0.0706949234,-0.000254631042,1
2788,28.360001,0,0,0,0,0.0846958905,-0.14068608,0.00135128724,-0.0708332062,-0.134339035,-0.0944404155,9.76475143,0.00211774674,0.000504402502,0.00135128724,-0.0706949234,-0.000254631042,1
2789,28.369976,0,0,0,0,0.125971198,-0.100395918,0.000286022841,-0.0708332062,-0.0912286863,-0.132760733,9.74798584,0.0031830112,0.0015696669,0.000286022841,-0.0706949234,-0.000254631042,1
2790,28.379983,0,0,0,0,0.141491815,-0.0846898481,0.00135128724,-0.0708332062,-0.0744635463,-0.147130847,9.74080086,-1.27822468e-05,0.00263493136,0.00135128724,-0.0706949234,-0.000254631042,1
2791,28.389979,0,0,0,0,0.0911689624,-0.117134951,-0.00290977047,-0.0708332062,-0.110388838,-0.0992304534,9.71685123,0.00211774674,-0.00162612647,-0.00290977047,-0.0706949234,-0.000254631042,1
2792,28.399976,0,0,0,0,0.0694823936,-0.0843827277,0.000286022841,-0.0708332062,-0.0792535841,-0.0752802566,9.73361588,-0.00107804674,-0.00482191984,0.000286022841,-0.0706949234,-0.000254631042,1
2793,28.409974,0,0,0,0,0.115398116,-0.114051975,0.00135128724,-0.0708332062,-0.1055988,-0.12318065,9.82223129,0.00211774674,-0.00375665538,0.00135128724,-0.0706949234,-0.000254631042,1
2794,28.419983,0,0,0,0,0.0800714195,-0.104342364,0.00135128724,-0.0708332062,-0.0984137431,-0.0872553512,9.74798584,-1.27822468e-05,0.0015696669,0.00135128724,-0.0706949234,-0.000254631042,1
2795,28.429980,0,0,0,0,0.136390716,-0.12274456,-0.00184450613,-0.0708332062,-0.112783857,-0.144735828,9.80786133,-1.27822468e-05,-0.000560861954,-0.00184450613,-0.0706949234,-0.000254631042,1
2796,28.439976,0,0,0,0,0.095761545,-0.0862472802,-0.000779241615,-0.0708332062,-0.0792535841,-0.101625472,9.74798584,0.00105248217,-0.000560861954,-0.000779241615,-0.0706949234,-0.000254631042,1
2797,28.449999,0,0,0,0,0.100725017,-0.117812976,0.00241655181,-0.0708332062,-0.110388838,-0.108810529,9.78151608,-0.00107804674,-0.00162612647,0.00241655181,-0.0706949234,-0.000254631042,1
2798,28.459973,0,0,0,0,0.115906626,-0.106884941,0.000286022841,-0.0708332062,-0.0984137431,-0.12318065,9.75756645,-0.00214331108,-0.000560861954,0.000286022841,-0.0706949234,-0.000254631042,1
2799,28.469998,0,0,0,0,0.0790384486,-0.0850607455,-0.00184450613,-0.0708332062,-0.0792535841,-0.0848603323,9.68092537,-1.27822468e-05,-0.00162612647,-0.00184450613,-0.0706949234,-0.000254631042,1
2800,28.479983,0,0,0,0,0.0679568499,-0.105883852,0.00135128724,-0.0708332062,-0.100808762,-0.0752802566,9.78870106,-1.27822468e-05,-0.00162612647,0.00135128724,-0.0706949234,-0.000254631042,1
2801,28.489996,0,0,0,0,0.133650482,-0.127365902,0.00135128724,-0.0709290504,-0.117573902,-0.142340809,9.79588604,0.00105248217,-0.00269139092,0.00135128724,-0.0706949234,-0.000254631042,1
2802,28.499981,0,0,0,0,0.0705153644,-0.103664346,0.00241655181,-0.0708332062,-0.0984137431,-0.0776752755,9.7623558,0.00211774674,-0.00162612647,0.00241655181,-0.0706949234,-0.000254631042,1
2803,28.509996,0,0,0,0,0.0701604113,-0.0748266727,0.00135128724,-0.0708332062,-0.0696735084,-0.0752802566,9.77193642,-0.00107804674,0.00370019581,0.00135128724,-0.0706949234,-0.000254631042,1
2804,28.519981,0,0,0,0,0.0991994739,-0.1393141,0.00348181627,-0.0708332062,-0.131944016,-0.108810529,9.77193642,-0.00214331108,0.000504402502,0.00348181627,-0.0706949234,-0.000254631042,1
2805,28.529999,0,0,0,0,0.0556727685,-0.109814353,0.00241655181,-0.0708332062,-0.1055988,-0.0633051544,9.80307102,-1.27822468e-05,0.000504402502,0.00241655181,-0.0706949234,-0.000254631042,1
2806,28.539982,0,0,0,0,0.16761741,-0.122559115,-0.000779241615,-0.0708332062,-0.110388838,-0.175871074,9.76954079,0.00105248217,0.000504402502,-0.000779241615,-0.0706949234,-0.000254631042,1
2807,28.550000,0,0,0,0,0.0761568621,-0.12567398,-0.000779241615,-0.0708332062,-0.119968921,-0.0848603323,9.81983662,0.00105248217,0.000504402502,-0.000779241615,-0.0706949234,-0.000254631042,1
2808,28.559974,0,0,0,0,0.0833238959,-0.126182497,0.000286022841,-0.0708332062,-0.119968921,-0.0920453891,9.7791214,-0.00107804674,0.00370019581,0.000286022841,-0.0706949234,-0.000254631042,1
2809,28.569996,0,0,0,0,0.0701763555,-0.108442374,0.000286022841,-0.0708332062,-0.103203781,-0.0776752755,9.82462692,-1.27822468e-05,-0.00162612647,0.000286022841,-0.0706949234,-0.000254631042,1
2810,28.579983,0,0,0,0,0.061653275,-0.127045974,0.00135128724,-0.0708332062,-0.12236394,-0.0704902187,9.79109669,-0.00107804674,-0.00269139092,0.00135128724,-0.0706949234,-0.000254631042,1
2811,28.589998,0,0,0,0,0.0889494568,-0.114576437,0.00241655181,-0.0708332062,-0.107993819,-0.0968354344,9.81265163,0.00105248217,-0.000560861954,0.00241655181,-0.0706949234,-0.000254631042,1
2812,28.599984,0,0,0,0,0.139457762,-0.113358013,0.000286022841,-0.0708332062,-0.103203781,-0.147130847,9.77433109,0.00211774674,-0.00269139092,0.000286022841,-0.0706949234,-0.000254631042,1
2813,28.609998,0,0,0,0,0.101403043,-0.108256921,0.00241655181,-0.0708332062,-0.100808762,-0.108810529,9.8270216,-1.27822468e-05,0.000504402502,0.00241655181,-0.0706949234,-0.000254631042,1
2814,28.619984,0,0,0,0,0.0810884535,-0.0900082737,-0.00184450613,-0.0708332062,-0.084043622,-0.0872553512,9.80786133,0.00211774674,-0.000560861954,-0.00184450613,-0.0706949234,-0.000254631042,1
2815,28.630004,0,0,0,0,0.0930248126,-0.090864718,-0.00184450613,-0.0709290504,-0.084043622,-0.0992304534,9.76954079,0.0031830112,0.000504402502,-0.00184450613,-0.0706949234,-0.000254631042,1
2816,28.639979,0,0,0,0,0.100894526,-0.126860514,0.00135128724,-0.0708332062,-0.119968921,-0.101625472,9.76714611,-0.00320857554,0.0015696669,0.00135128724,-0.0706949234,-0.000254631042,1
2817,28.650003,0,0,0,0,0.114720091,-0.134552017,-0.000779241615,-0.0708332062,-0.129548997,-0.0752802566,9.89408207,0.00105248217,-0.00162612647,-0.000779241615,-0.0706949234,-0.000254631042,1
2818,28.659976,0,0,0,0,0.088456884,-0.155359179,0.00135128724,-0.0708332062,-0.129548997,-0.0585151166,9.83899689,-0.00214331108,0.00263493136,0.00241655181,-0.0706949234,-0.000254631042,1
2819,28.669995,0,0,0,0,0.0334696062,-0.084232375,0.00348181627,-0.0709290504,-0.0888336599,-0.125575662,9.75756645,-0.00107804674,0.00370019581,0.00454708049,-0.0706949234,-0.000254631042,1
2820,28.679980,0,0,0,0,0.0805958807,-0.130791023,0.000286022841,-0.0708332062,-0.0792535841,-0.132760733,9.73361588,0.00211774674,-0.00588718429,-0.000779241615,-0.0706949234,-0.000254631042,1
2821,28.689997,0,0,0,0,0.138271227,-0.130081117,-0.00184450613,-0.0708332062,-0.0696735084,-0.0800702944,9.82462692,-0.00107804674,-0.00162612647,-0.00184450613,-0.0706949234,-0.000254631042,1
2822,28.699983,0,0,0,0,0.0833079591,-0.0925667956,0.00241655181,-0.0708332062,-0.086438641,-0.0824653134,9.72643089,-1.27822468e-05,0.00370019581,0.00135128724,-0.0706949234,-0.000254631042,1
2823,28.709981,0,0,0,0,0.115737125,-0.109273948,0.000286022841,-0.0708332062,-0.100808762,-0.12318065,9.7144556,-1.27822468e-05,0.000504402502,0.00135128724,-0.0706949234,-0.000254631042,1
2824,28.719978,0,0,0,0,0.0954384804,-0.124641009,-0.000779241615,-0.0708332062,-0.117573902,-0.104020491,9.80307102,0.00105248217,-0.00162612647,-0.00290977047,-0.0706949234,-0.000254631042,1
2825,28.729975,0,0,0,0,0.126834661,-0.122066543,-0.000779241615,-0.0708332062,-0.112783857,-0.135155752,9.78391171,-1.27822468e-05,-0.000560861954,-0.00184450613,-0.0706949234,-0.000254631042,1
2826,28.739984,0,0,0,0,0.102759078,-0.089144811,-0.000779241615,-0.0708332062,-0.0816486031,-0.108810529,9.72403622,-0.00107804674,0.000504402502,-0.000779241615,-0.0706949234,-0.000254631042,1
2827,28.749980,0,0,0,0,0.0950994641,-0.129419044,0.000286022841,-0.0708332062,-0.12236394,-0.104020491,9.80067635,-0.00107804674,-0.000560861954,0.000286022841,-0.0706949234,-0.000254631042,1
2828,28.759976,0,0,0,0,0.0967945158,-0.105528899,0.00241655181,-0.0708332062,-0.0984137431,-0.104020491,9.85576153,-1.27822468e-05,0.0015696669,0.00241655181,-0.0706949234,-0.000254631042,1
2829,28.769974,0,0,0,0,0.0667543709,-0.0889912471,0.000286022841,-0.0708332062,-0.084043622,-0.0728852376,9.76475143,-1.27822468e-05,-0.000560861954,0.000286022841,-0.0706949234,-0.000254631042,1
2830,28.779983,0,0,0,0,0.0870530084,-0.0736241937,0.000286022841,-0.0708332062,-0.0672784895,-0.0920453891,9.75038147,-1.27822468e-05,-0.00162612647,0.000286022841,-0.0706949234,-0.000254631042,1
2831,28.819994,0,0,0,0,0.12239565,-0.116949506,0.00135128724,-0.0708332062,-0.107993819,-0.1303657,9.76714611,0.00105248217,0.000504402502,0.00135128724,-0.0706949234,-0.000254631042,1
2832,28.829981,0,0,0,0,0.077512905,-0.106561869,0.000286022841,-0.0708332062,-0.100808762,-0.0848603323,9.80307102,0.00105248217,-0.00162612647,0.000286022841,-0.0706949234,-0.000254631042,1
2833,28.840001,0,0,0,0,0.11573936,-0.142900735,0.00241655181,-0.0709290504,-0.134339035,-0.125575662,9.78391171,-0.00214331108,-0.000560861954,0.00241655181,-0.0706949234,-0.000254631042,1
2834,28.849976,0,0,0,0,0.0526216812,-0.152816594,0.00241655181,-0.0708332062,-0.148709148,-0.0633051544,9.71685123,-1.27822468e-05,0.0015696669,0.00241655181,-0.0706949234,-0.000254631042,1
2835,28.859997,0,0,0,0,0.0921859965,-0.102800876,-0.000779241615,-0.0708332062,-0.0960187241,-0.0992304534,9.84378719,0.00105248217,-0.00162612647,-0.000779241615,-0.0706949234,-0.000254631042,1
2836,28.869982,0,0,0,0,0.0983360037,-0.117643468,0.00454708049,-0.0708332062,-0.110388838,-0.10641551,9.81504631,-0.00107804674,0.000504402502,0.00454708049,-0.0706949234,-0.000254631042,1
2837,28.880003,0,0,0,0,0.0963019505,-0.146311641,0.00241655181,-0.0708332062,-0.139129072,-0.10641551,9.81744194,0.00105248217,0.000504402502,0.00241655181,-0.0706949234,-0.000254631042,1
2838,28.889977,0,0,0,0,0.10501048,-0.158934712,-0.000779241615,-0.0708332062,-0.151104167,-0.115995586,9.81744194,-0.00107804674,-0.00269139092,-0.000779241615,-0.0706949234,-0.000254631042,1
2839,28.899975,0,0,0,0,0.110439457,-0.116112567,0.000286022841,-0.0709290504,-0.107993819,-0.118390612,9.84857655,0.00211774674,0.0015696669,0.000286022841,-0.0706949234,-0.000254631042,1
2840,28.909983,0,0,0,0,0.110450588,-0.11610198,-0.000779241615,-0.0708332062,-0.107993819,-0.118390612,9.74559116,0.00211774674,-0.000560861954,-0.000779241615,-0.0706949234,-0.000254631042,1
2841,28.919979,0,0,0,0,0.0650593191,-0.112881385,0.00241655181,-0.0708332062,-0.107993819,-0.0728852376,9.80546665,-0.00107804674,-0.000560861954,0.00241655181,-0.0706949234,-0.000254631042,1
2842,28.929977,0,0,0,0,0.078181617,-0.0970133096,0.000286022841,-0.0709290504,-0.0912286863,-0.0848603323,9.74080086,0.00105248217,0.0015696669,0.000286022841,-0.0706949234,-0.000254631042,1
2843,28.939974,0,0,0,0,0.0718505755,-0.0509434231,0.00241655181,-0.0709290504,-0.0457233116,-0.0752802566,9.76475143,0.00105248217,-0.000560861954,0.00241655181,-0.0706949234,-0.000254631042,1
2844,28.949984,0,0,0,0,0.0493532531,-0.0973607749,0.00241655181,-0.0708332062,-0.0936237052,-0.0561200976,9.78391171,0.00105248217,0.000504402502,0.00241655181,-0.0706949234,-0.000254631042,1
2845,28.959981,0,0,0,0,0.116431087,-0.133333594,0.00135128724,-0.0708332062,-0.124758959,-0.125575662,9.76714611,0.00211774674,-0.000560861954,0.00135128724,-0.0706949234,-0.000254631042,1
2846,28.969977,0,0,0,0,0.0764958709,-0.120895952,0.00348181627,-0.0708332062,-0.115178876,-0.0848603323,9.82223129,0.0031830112,-0.000560861954,0.00348181627,-0.0706949234,-0.000254631042,1
2847,28.980001,0,0,0,0,0.115737125,-0.109273948,-0.000779241615,-0.0708332062,-0.100808762,-0.12318065,9.80546665,0.00211774674,0.0015696669,-0.000779241615,-0.0706949234,-0.000254631042,1
2848,28.989976,0,0,0,0,0.110604145,-0.080097273,0.000286022841,-0.0708332062,-0.0720685273,-0.115995586,9.80067635,0.00105248217,0.0015696669,0.000286022841,-0.0706949234,-0.000254631042,1
2849,29.000001,0,0,0,0,0.0873981491,-0.102470241,0.00135128724,-0.0709290504,-0.0960187241,-0.0944404155,9.78630638,-1.27822468e-05,0.00263493136,0.00135128724,-0.0706949234,-0.000254631042,1
2850,29.009977,0,0,0,0,0.108570084,-0.108765438,0.00135128724,-0.0708332062,-0.100808762,-0.115995586,9.78870106,-1.27822468e-05,0.000504402502,0.00135128724,-0.0706949234,-0.000254631042,1
2851,29.019975,0,0,0,0,0.0918310434,-0.0739632025,0.00348181627,-0.0708332062,-0.0672784895,-0.0968354344,9.74798584,0.00211774674,0.000504402502,0.00348181627,-0.0706949234,-0.000254631042,1
2852,29.029994,0,0,0,0,0.10276325,-0.122770354,-0.000779241615,-0.0709290504,-0.115178876,-0.111205548,9.75517082,-0.00214331108,-0.00269139092,-0.000779241615,-0.0706949234,-0.000254631042,1
2853,29.039981,0,0,0,0,0.0911577418,-0.117143691,-0.000779241615,-0.0709290504,-0.110388838,-0.0992304534,9.7791214,0.00105248217,-0.000560861954,-0.000779241615,-0.0706949234,-0.000254631042,1
2854,29.049994,0,0,0,0,0.0718714073,-0.0845522285,-0.000779241615,-0.0708332062,-0.0792535841,-0.0776752755,9.73840618,-1.27822468e-05,-0.000560861954,-0.000779241615,-0.0706949234,-0.000254631042,1
2855,29.060083,0,0,0,0,0.100386009,-0.122591004,0.00348181627,-0.0708332062,-0.115178876,-0.108810529,9.80546665,-1.27822468e-05,0.00263493136,0.00348181627,-0.0706949234,-0.000254631042,1
2856,29.069977,0,0,0,0,0.112658717,-0.118671298,0.000286022841,-0.0709290504,-0.110388838,-0.120785631,9.79588604,-1.27822468e-05,0.000504402502,0.000286022841,-0.0706949234,-0.000254631042,1
2857,29.079976,0,0,0,0,0.0832990855,-0.103161901,-0.00184450613,-0.0709290504,-0.0984137431,-0.0704902187,9.79588604,0.00211774674,-0.000560861954,-0.00184450613,-0.0706949234,-0.000254631042,1
2858,29.089998,0,0,0,0,0.0746153742,-0.113559403,0.000286022841,-0.0708332062,-0.107993819,-0.0824653134,9.77672672,-1.27822468e-05,-0.00162612647,0.000286022841,-0.0706949234,-0.000254631042,1
2859,29.099984,0,0,0,0,0.102605522,-0.125149533,0.000286022841,-0.0708332062,-0.0960187241,-0.10641551,9.80307102,-1.27822468e-05,0.00370019581,0.000286022841,-0.0706949234,-0.000254631042,1
2860,29.110001,0,0,0,0,0.120854162,-0.104834937,0.00135128724,-0.0708332062,-0.151104167,-0.0896503702,9.75517082,-1.27822468e-05,-0.000560861954,0.00348181627,-0.0706949234,-0.000254631042,1
2861,29.119975,0,0,0,0,0.102759078,-0.089144811,0.00135128724,-0.0708332062,-0.103203781,-0.108810529,9.75996113,0.00211774674,-0.00162612647,-0.00184450613,-0.0706949234,-0.000254631042,1
2862,29.130004,0,0,0,0,0.101742052,-0.103478894,0.00454708049,-0.0708332062,-0.112783857,-0.120785631,9.78870106,-0.00107804674,0.00263493136,0.00241655181,-0.0706949234,-0.000254631042,1
2863,29.139980,0,0,0,0,0.0802409276,-0.10195335,0.00135128724,-0.0708332062,-0.127153978,-0.0800702944,9.77433109,-0.00214331108,-0.000560861954,0.00241655181,-0.0706949234,-0.000254631042,1
2864,29.150000,0,0,0,0,0.12325912,-0.138620138,-0.00290977047,-0.0708332062,-0.0888336599,-0.0537250787,9.78630638,0.00105248217,-0.00162612647,-0.00290977047,-0.0706949234,-0.000254631042,1
2865,29.159974,0,0,0,0,0.0742604211,-0.0847217366,0.00348181627,-0.0708332062,-0.0792535841,-0.0800702944,9.7791214,-0.00214331108,0.0015696669,0.00241655181,-0.0706949234,-0.000254631042,1
2866,29.170004,0,0,0,0,0.0807653815,-0.12840201,-0.000779241615,-0.0708332062,-0.12236394,-0.154315904,9.72164059,-1.27822468e-05,-0.00162612647,0.000286022841,-0.0706949234,-0.000254631042,1
2867,29.179979,0,0,0,0,0.119667627,-0.121558025,0.00348181627,-0.0708332062,-0.112783857,-0.127970681,9.81504631,-0.00214331108,-0.000560861954,0.00135128724,-0.0706949234,-0.000254631042,1
2868,29.189997,0,0,0,0,0.0732593313,-0.13267152,0.000286022841,-0.0708332062,-0.127153978,-0.0824653134,9.71924591,0.00105248217,-0.000560861954,0.00135128724,-0.0706949234,-0.000254631042,1
2869,29.199983,0,0,0,0,0.112839594,-0.116271488,0.00241655181,-0.0708332062,-0.107993819,-0.120785631,9.80786133,0.00105248217,0.0015696669,0.00348181627,-0.0706949234,-0.000254631042,1
2870,29.209980,0,0,0,0,0.0655678362,-0.105714343,0.000286022841,-0.0708332062,-0.100808762,-0.0728852376,9.72882557,-0.00107804674,-0.00269139092,0.000286022841,-0.0706949234,-0.000254631042,1
2871,29.220004,0,0,0,0,0.122210197,-0.085722819,-0.000779241615,-0.0708332062,-0.0768585652,-0.127970681,9.81265163,-1.27822468e-05,0.0015696669,-0.000779241615,-0.0706949234,-0.000254631042,1
2872,29.229979,0,0,0,0,0.0752774477,-0.070387654,-0.00184450613,-0.0708332062,-0.0648834705,-0.0800702944,9.76475143,0.00211774674,-0.00269139092,-0.00184450613,-0.0706949234,-0.000254631042,1
2873,29.239977,0,0,0,0,0.141322315,-0.0870788619,0.00135128724,-0.0708332062,-0.0768585652,-0.147130847,9.77672672,0.00211774674,0.000504402502,0.00135128724,-0.0706949234,-0.000254631042,1
2874,29.249973,0,0,0,0,0.0887560174,-0.083358258,0.000286022841,-0.0709290504,-0.0768585652,-0.0944404155,9.74319553,-1.27822468e-05,-0.00162612647,0.000286022841,-0.0706949234,-0.000254631042,1
2875,29.259975,0,0,0,0,0.118110195,-0.0758277625,0.000286022841,-0.0708332062,-0.0672784895,-0.12318065,9.75996113,-0.00107804674,-0.00162612647,0.000286022841,-0.0706949234,-0.000254631042,1
2876,29.269973,0,0,0,0,0.094050549,-0.0765217245,0.00135128724,-0.0708332062,-0.0696735084,-0.0992304534,9.83899689,-1.27822468e-05,0.000504402502,0.00135128724,-0.0706949234,-0.000254631042,1
2877,29.279982,0,0,0,0,0.0565202944,-0.0978692845,0.00348181627,-0.0708332062,-0.0936237052,-0.0633051544,9.80786133,-0.00320857554,0.0015696669,0.00348181627,-0.0706949234,-0.000254631042,1
2878,29.289978,0,0,0,0,0.07972195,-0.109128028,0.00135128724,-0.0709290504,-0.103203781,-0.0872553512,9.75756645,-1.27822468e-05,0.0015696669,0.00135128724,-0.0706949234,-0.000254631042,1
2879,29.299975,0,0,0,0,0.103453048,-0.113204449,-0.000779241615,-0.0708332062,-0.1055988,-0.111205548,9.7623558,-1.27822468e-05,0.0015696669,-0.000779241615,-0.0706949234,-0.000254631042,1
2880,29.310004,0,0,0,0,0.0647203103,-0.117659412,0.000286022841,-0.0708332062,-0.112783857,-0.0728852376,9.77193642,-1.27822468e-05,-0.00162612647,0.000286022841,-0.0706949234,-0.000254631042,1
2881,29.319978,0,0,0,0,0.0921700522,-0.069185175,0.000286022841,-0.0708332062,-0.0624884479,-0.0968354344,9.76475143,-1.27822468e-05,0.0015696669,0.000286022841,-0.0706949234,-0.000254631042,1
2882,29.330069,0,0,0,0,0.0686256289,-0.0963343754,0.000286022841,-0.0709290504,-0.0912286863,-0.0752802566,9.75996113,-0.00214331108,0.000504402502,0.000286022841,-0.0706949234,-0.000254631042,1
2883,29.339973,0,0,0,0,0.0950994641,-0.129419044,0.000286022841,-0.0708332062,-0.12236394,-0.104020491,9.81025696,-1.27822468e-05,0.0015696669,0.000286022841,-0.0706949234,-0.000254631042,1
2884,29.349982,0,0,0,0,0.0549788065,-0.0857547075,-0.000779241615,-0.0708332062,-0.0816486031,-0.0609101392,9.80546665,0.00105248217,-0.000560861954,-0.000779241615,-0.0706949234,-0.000254631042,1
2885,29.359997,0,0,0,0,0.0904660821,-0.0930839777,0.00135128724,-0.0709290504,-0.086438641,-0.0968354344,9.82223129,-1.27822468e-05,0.0015696669,0.00135128724,-0.0706949234,-0.000254631042,1
2886,29.369983,0,0,0,0,0.132799223,-0.105682462,0.00135128724,-0.0708332062,-0.0960187241,-0.13994579,9.76714611,-0.00107804674,0.000504402502,0.00135128724,-0.0706949234,-0.000254631042,1
2887,29.379997,0,0,0,0,0.10091047,-0.149039656,0.00241655181,-0.0708332062,-0.141524091,-0.111205548,9.75996113,0.00105248217,-0.000560861954,0.00241655181,-0.0706949234,-0.000254631042,1
2888,29.389996,0,0,0,0,0.12852031,-0.0981887206,0.00241655181,-0.0709290504,-0.0888336599,-0.135155752,9.82223129,0.00105248217,0.000504402502,0.00241655181,-0.0706949234,-0.000254631042,1
2889,29.399983,0,0,0,0,0.111976132,-0.0946008563,-0.000779241615,-0.0708332062,-0.086438641,-0.118390612,9.85097218,0.00211774674,-0.00269139092,-0.000779241615,-0.0706949234,-0.000254631042,1
2890,29.410005,0,0,0,0,0.157028377,-0.102599487,0.000286022841,-0.0708332062,-0.0912286863,-0.16389598,9.7312212,-1.27822468e-05,-0.000560861954,0.000286022841,-0.0706949234,-0.000254631042,1
2891,29.419979,0,0,0,0,0.0957532749,-0.0862564594,0.00135128724,-0.0709290504,-0.0792535841,-0.101625472,9.72403622,-0.00107804674,-0.000560861954,0.00135128724,-0.0706949234,-0.000254631042,1
2892,29.429977,0,0,0,0,0.0940664932,-0.110137418,0.00241655181,-0.0708332062,-0.103203781,-0.101625472,9.75756645,0.00211774674,0.00476546027,0.00241655181,-0.0706949234,-0.000254631042,1
2893,29.439975,0,0,0,0,0.130240709,-0.107901968,-0.000779241615,-0.0708332062,-0.0984137431,-0.137550771,9.82941628,-0.00107804674,0.000504402502,-0.000779241615,-0.0706949234,-0.000254631042,1
2894,29.449982,0,0,0,0,0.122072585,-0.155343235,0.00241655181,-0.0708332062,-0.146314129,-0.132760733,9.80067635,0.00105248217,0.000504402502,0.00241655181,-0.0706949234,-0.000254631042,1
2895,29.459979,0,0,0,0,0.065906845,-0.100936323,-0.00184450613,-0.0708332062,-0.0960187241,-0.0728852376,9.74080086,-1.27822468e-05,-0.000560861954,-0.00184450613,-0.0706949234,-0.000254631042,1
2896,29.469975,0,0,0,0,0.0833079591,-0.0925667956,-0.000779241615,-0.0708332062,-0.086438641,-0.0896503702,9.78870106,0.00105248217,-0.000560861954,-0.000779241615,-0.0706949234,-0.000254631042,1
2897,29.479983,0,0,0,0,0.113856621,-0.101937406,-0.00184450613,-0.0708332062,-0.0936237052,-0.120785631,9.78151608,-0.00214331108,-0.00375665538,-0.00184450613,-0.0706949234,-0.000254631042,1
2898,29.489981,0,0,0,0,0.0795788541,-0.145125106,0.00135128724,-0.0708332062,-0.139129072,-0.0896503702,9.81744194,-0.00107804674,-0.00162612647,0.00135128724,-0.0706949234,-0.000254631042,1
2899,29.499977,0,0,0,0,0.0942360014,-0.107748404,0.00135128724,-0.0708332062,-0.100808762,-0.101625472,9.78630638,0.00105248217,-0.000560861954,0.00135128724,-0.0706949234,-0.000254631042,1
2900,29.510002,0,0,0,0,0.0643972456,-0.156053141,0.000286022841,-0.0708332062,-0.151104167,-0.0752802566,9.75756645,-0.00107804674,-0.00162612647,0.000286022841,-0.0706949234,-0.000254631042,1
2901,29.519976,0,0,0,0,0.0933884755,-0.119693473,0.00241655181,-0.0708332062,-0.112783857,-0.101625472,9.81265163,-1.27822468e-05,-0.000560861954,0.00241655181,-0.0706949234,-0.000254631042,1
2902,29.529998,0,0,0,0,0.0894579738,-0.107409395,0.000286022841,-0.0708332062,-0.100808762,-0.0968354344,9.77433109,-0.00107804674,-0.000560861954,0.000286022841,-0.0706949234,-0.000254631042,1
2903,29.540002,0,0,0,0,0.117262669,-0.0877728239,0.000286022841,-0.0708332062,-0.0792535841,-0.12318065,9.84378719,0.00105248217,-0.000560861954,0.000286022841,-0.0706949234,-0.000254631042,1
2904,29.549975,0,0,0,0,0.085543409,-0.128741011,0.00135128724,-0.0708332062,-0.100808762,-0.101625472,9.85576153,0.00105248217,-0.00375665538,0.000286022841,-0.0706949234,-0.000254631042,1
2905,29.560004,0,0,0,0,0.0949140191,-0.0981923565,0.00241655181,-0.0708332062,-0.086438641,-0.12318065,9.82462692,-1.27822468e-05,-0.00162612647,0.00348181627,-0.0706949234,-0.000254631042,1
2906,29.569980,0,0,0,0,0.0785299316,-0.0922277868,0.00241655181,-0.0708332062,-0.0792535841,-0.137550771,9.79828167,0.00105248217,-0.00162612647,0.00241655181,-0.0706949234,-0.000254631042,1
2907,29.579977,0,0,0,0,0.0715409592,-0.0893234015,0.000286022841,-0.0707373619,-0.12236394,-0.0992304534,9.7312212,-0.00107804674,-0.00375665538,-0.00290977047,-0.0706949234,-0.000254631042,1
2908,29.589996,0,0,0,0,0.132640094,-0.108058766,0.000286022841,-0.0707373619,-0.1055988,-0.0968354344,9.79349136,0.00105248217,0.000504402502,0.000286022841,-0.0706949234,-0.000254631042,1
2909,29.599999,0,0,0,0,0.0811203346,-0.157239676,0.00135128724,-0.0708332062,-0.0888336599,-0.0800702944,9.79828167,-0.00214331108,0.000504402502,0.00135128724,-0.0706949234,-0.000254631042,1
2910,29.609973,0,0,0,0,0.0884409398,-0.121743478,0.000286022841,-0.0708332062,-0.115178876,-0.0968354344,9.75517082,-0.00107804674,0.000504402502,-0.00184450613,-0.0706949234,-0.000254631042,1
2911,29.620003,0,0,0,0,0.0522594415,-0.09035822,0.00135128724,-0.0707373619,-0.086438641,-0.0585151166,9.83420658,0.0031830112,-0.000560861954,0.00348181627,-0.0706949234,-0.000254631042,1
2912,29.629978,0,0,0,0,0.0968237966,-0.139135316,0.00241655181,-0.0707373619,-0.131944016,-0.10641551,9.77433109,0.00105248217,0.0015696669,0.00241655181,-0.0706949234,-0.000254631042,1
2913,29.639999,0,0,0,0,0.0911530182,-0.0835192576,0.00348181627,-0.0708332062,-0.0768585652,-0.0968354344,9.84857655,0.00105248217,-0.000560861954,0.00135128724,-0.0706949234,-0.000254631042,1
2914,29.649974,0,0,0,0,0.072040908,-0.0821632147,-0.000779241615,-0.0708332062,-0.0768585652,-0.0776752755,9.80067635,-1.27822468e-05,-0.000560861954,0.00135128724,-0.0706949234,-0.000254631042,1
2915,29.659997,0,0,0,0,0.109407715,-0.0631941855,0.00135128724,-0.0707373619,-0.0553033873,-0.113600567,9.77672672,0.00105248217,0.000504402502,0.00135128724,-0.0706949234,-0.000254631042,1
2916,29.670000,0,0,0,0,0.0582415946,-0.107589267,0.00135128724,-0.0707373619,-0.103203781,-0.0657001734,9.79588604,-0.00107804674,-0.00162612647,0.00135128724,-0.0706949234,-0.000254631042,1
2917,29.679974,0,0,0,0,0.0778678581,-0.135399535,0.00135128724,-0.0708332062,-0.129548997,-0.0872553512,9.82462692,-1.27822468e-05,0.0015696669,0.00135128724,-0.0706949234,-0.000254631042,1
2918,29.689998,0,0,0,0,0.138456672,-0.161307797,-0.000779241615,-0.0708332062,-0.151104167,-0.149525866,9.83899689,-0.00107804674,-0.00162612647,-0.000779241615,-0.0706949234,-0.000254631042,1
2919,29.699983,0,0,0,0,0.105503045,-0.118151985,0.000286022841,-0.0708332062,-0.110388838,-0.113600567,9.78391171,0.00211774674,0.0015696669,0.000286022841,-0.0706949234,-0.000254631042,1
2920,29.710004,0,0,0,0,0.0816240683,-0.11644911,0.00348181627,-0.0707373619,-0.110388838,-0.0896503702,9.84139156,-0.00214331108,0.00263493136,0.00348181627,-0.0706949234,-0.000254631042,1
2921,29.719978,0,0,0,0,0.112493023,-0.087423034,0.000286022841,-0.0707373619,-0.0792535841,-0.118390612,9.79109669,-1.27822468e-05,-0.00162612647,0.000286022841,-0.0706949234,-0.000254631042,1
2922,29.729997,0,0,0,0,0.103961557,-0.106037416,0.00241655181,-0.0708332062,-0.0984137431,-0.111205548,9.82223129,-0.00107804674,-0.00162612647,0.00241655181,-0.0706949234,-0.000254631042,1
2923,29.739983,0,0,0,0,0.104877964,-0.0940155461,0.00241655181,-0.0701007843,-0.086438641,-0.111205548,9.80546665,0.00105248217,-0.000560861954,0.00241655181,-0.0706949234,-0.000254631042,1
2924,29.749995,0,0,0,0,0.118465148,-0.104665428,0.00241655181,-0.0708332062,-0.0960187241,-0.125575662,9.80546665,-1.27822468e-05,0.0015696669,0.00241655181,-0.0706949234,-0.000254631042,1
2925,29.759981,0,0,0,0,0.102071352,-0.0650753826,-0.00290977047,-0.0707373619,-0.0576984063,-0.10641551,9.75038147,0.0031830112,-0.00162612647,-0.00290977047,-0.0706949234,-0.000254631042,1
2926,29.769979,0,0,0,0,0.0532750972,-0.076024048,-0.00184450613,-0.0707373619,-0.0720685273,-0.0585151166,9.79828167,0.00211774674,-0.00162612647,-0.00184450613,-0.0706949234,-0.000254631042,1
2927,29.779976,0,0,0,0,0.0623153523,-0.0838742107,-0.000779241615,-0.0708332062,-0.0792535841,-0.0680951998,9.81025696,-1.27822468e-05,-0.00162612647,-0.000779241615,-0.0706949234,-0.000254631042,1
2928,29.789973,0,0,0,0,0.0718873516,-0.118167929,-0.000779241615,-0.0708332062,-0.112783857,-0.0800702944,9.85097218,-0.00107804674,-0.000560861954,-0.000779241615,-0.0706949234,-0.000254631042,1
2929,29.799981,0,0,0,0,0.135367662,-0.103449978,0.00241655181,-0.0707373619,-0.0936237052,-0.142340809,9.78391171,-0.00107804674,-0.00269139092,0.00241655181,-0.0706949234,-0.000254631042,1
2930,29.809978,0,0,0,0,0.127335042,-0.0812716037,0.00135128724,-0.0707373619,-0.0720685273,-0.132760733,9.74559116,0.00211774674,-0.00162612647,0.00135128724,-0.0706949234,-0.000254631042,1
2931,29.819974,0,0,0,0,0.0850189477,-0.102292359,-0.000779241615,-0.0708332062,-0.0960187241,-0.0920453891,9.78391171,0.00105248217,-0.00269139092,-0.000779241615,-0.0706949234,-0.000254631042,1
2932,29.829982,0,0.00147665257,0,0,0.0767115802,-0.0848350748,0.00135128724,-0.0701007843,-0.0792535841,-0.0824653134,9.74319553,0.00105248217,-0.00269139092,0.00135128724,-0.0706949234,-0.000254631042,1
2933,29.839979,0,-0.0036916316,0,0,0.122242086,-0.152954221,0.00135128724,-0.0708332062,-0.14391911,-0.132760733,9.80786133,0.00105248217,0.0015696669,0.00135128724,-0.0706949234,-0.000254631042,1
2934,29.859999,0,0,0,0,0.113866404,-0.101926498,-0.000779241615,-0.0707373619,-0.0936237052,-0.120785631,9.80307102,0.00105248217,0.0015696669,-0.000779241615,-0.0706949234,-0.000254631042,1
2935,29.869974,0,0,0,0,0.120694928,-0.10721238,0.00241655181,-0.0707373619,-0.0984137431,-0.127970681,9.78391171,-1.27822468e-05,-0.00162612647,0.00241655181,-0.0706949234,-0.000254631042,1
2936,29.880002,0,0,0,0,0.120176144,-0.114390984,-0.00184450613,-0.0708332062,-0.1055988,-0.127970681,9.77672672,0.00105248217,0.0015696669,-0.00184450613,-0.0706949234,-0.000254631042,1
2937,29.890004,0,0,0,0,0.113178603,-0.111493461,-0.000779241615,-0.0708332062,-0.103203781,-0.120785631,9.84618187,0.00211774674,-0.000560861954,-0.000779241615,-0.0706949234,-0.000254631042,1
2938,29.899980,0,0,0,0,0.0744569823,-0.115941286,0.00135128724,-0.0707373619,-0.110388838,-0.0824653134,9.75996113,-1.27822468e-05,0.000504402502,0.00135128724,-0.0706949234,-0.000254631042,1
2939,29.909997,0,0,0,0,0.0483469255,-0.111690223,-0.000779241615,-0.0707373619,-0.107993819,-0.0561200976,9.80067635,0.00211774674,-0.00269139092,-0.000779241615,-0.0706949234,-0.000254631042,1
2940,29.919983,0,0,0,0,0.118644454,-0.102265045,0.00135128724,-0.0707373619,-0.0936237052,-0.125575662,9.76954079,0.00105248217,-0.00269139092,0.00135128724,-0.0706949234,-0.000254631042,1
2941,29.930003,0,0,0,0,0.097657986,-0.127199531,0.00241655181,-0.0708332062,-0.119968921,-0.10641551,9.73361588,-0.00107804674,0.000504402502,0.00241655181,-0.0706949234,-0.000254631042,1
2942,29.939978,0,0,0,0,0.0961324424,-0.148700655,0.000286022841,-0.0708332062,-0.141524091,-0.10641551,9.76714611,0.00105248217,-0.000560861954,0.000286022841,-0.0706949234,-0.000254631042,1
2943,29.949975,0,0,0,0,0.0700068548,-0.11083138,0.000286022841,-0.0708332062,-0.1055988,-0.0776752755,9.80307102,-1.27822468e-05,-0.000560861954,0.000286022841,-0.0706949234,-0.000254631042,1
2944,29.959983,0,0,0,0,0.105345093,-0.120530903,0.00241655181,-0.0707373619,-0.112783857,-0.113600567,9.76475143,-0.00107804674,0.000504402502,0.00241655181,-0.0706949234,-0.000254631042,1
2945,29.969980,0,0,0,0,0.0529447459,-0.114422873,0.000286022841,-0.0708332062,-0.110388838,-0.0609101392,9.85576153,0.0031830112,-0.000560861954,0.000286022841,-0.0706949234,-0.000254631042,1
2946,29.979977,0,0,0,0,0.121937431,-0.0904115587,-0.000779241615,-0.0701007843,-0.0816486031,-0.127970681,9.75756645,0.00105248217,-0.00162612647,-0.000779241615,-0.0706949234,-0.000254631042,1
2947,29.989973,0,0,0,0,0.0955760926,-0.128216565,0.000286022841,-0.0708332062,-0.119968921,-0.120785631,9.77193642,0.00211774674,-0.000560861954,0.000286022841,-0.0706949234,-0.000254631042,1
2948,29.999981,0,0,0,0,0.0908299536,-0.121912979,0.000286022841,-0.0708332062,-0.084043622,-0.0633051544,9.71924591,0.00211774674,0.0015696669,0.000286022841,-0.0706949234,-0.000254631042,1
2949,30.009978,0,0,0,0,0.0962860063,-0.11269594,0.00241655181,-0.0708332062,-0.0984137431,-0.0968354344,9.79588604,-0.00107804674,-0.00269139092,0.00241655181,-0.0706949234,-0.000254631042,1
2950,30.019975,0,0,0,0,0.124615155,-0.119508028,0.00135128724,-0.0708332062,-0.0720685273,-0.135155752,9.78391171,0.00105248217,0.0015696669,0.00241655181,-0.0706949234,-0.000254631042,1
2951,30.030003,0,0,0,0,0.118126139,-0.109443456,-0.000779241615,-0.0708332062,-0.0936237052,-0.10641551,9.73601055,-1.27822468e-05,-0.00269139092,0.000286022841,-0.0706949234,-0.000254631042,1
2952,30.039976,0,0,0,0,0.098860465,-0.144092128,-0.00184450613,-0.0708332062,-0.131944016,-0.0992304534,9.77672672,-1.27822468e-05,0.0015696669,0.00135128724,-0.0706949234,-0.000254631042,1
2953,30.049973,0,0,0,0,0.0785974562,-0.0921702459,0.00241655181,-0.0701007843,-0.115178876,-0.104020491,9.81983662,-1.27822468e-05,-0.00162612647,-0.000779241615,-0.0706949234,-0.000254631042,1
2954,30.059996,0,0,0,0,0.0894739181,-0.141025096,-0.000779241615,-0.0708332062,-0.12236394,-0.0800702944,9.75277615,-0.00320857554,-0.00375665538,-0.000779241615,-0.0706949234,-0.000254631042,1
2955,30.069982,0,0,0,0,0.088530086,-0.121678665,-0.000779241615,-0.0701007843,-0.115178876,-0.0968354344,9.78391171,0.00105248217,-0.00162612647,-0.000779241615,-0.0706949234,-0.000254631042,1
2956,30.080000,0,0,0,0,0.0652288273,-0.110492371,0.00135128724,-0.0708332062,-0.1055988,-0.0728852376,9.81744194,0.00105248217,0.00263493136,-0.000779241615,-0.0706949234,-0.000254631042,1
2957,30.089976,0,0,0,0,0.0834774673,-0.0901777819,0.00241655181,-0.0708332062,-0.084043622,-0.0896503702,9.81744194,-1.27822468e-05,-0.00269139092,-0.000779241615,-0.0706949234,-0.000254631042,1
2958,30.100002,0,0,0,0,0.067109324,-0.11782892,0.000286022841,-0.0708332062,-0.112783857,-0.0752802566,9.76954079,-1.27822468e-05,0.000504402502,0.00135128724,-0.0706949234,-0.000254631042,1
2959,30.109977,0,0,0,0,0.0817714781,-0.114075758,-0.000779241615,-0.0709290504,-0.107993819,-0.0896503702,9.75996113,-0.00107804674,-0.000560861954,-0.000779241615,-0.0706949234,-0.000254631042,1
2960,30.119995,0,0,0,0,0.114199042,-0.130786017,0.00241655181,-0.0709290504,-0.12236394,-0.12318065,9.79588604,-0.00107804674,-0.00162612647,0.00241655181,-0.0706949234,-0.000254631042,1
2961,30.129981,0,0,0,0,0.0833238959,-0.126182497,0.00135128724,-0.0708332062,-0.119968921,-0.0920453891,9.8318119,0.00105248217,-0.00162612647,0.00135128724,-0.0706949234,-0.000254631042,1
2962,30.139997,0,0,0,0,0.113162667,-0.0778777674,-0.00184450613,-0.0708332062,-0.0696735084,-0.118390612,9.78151608,-0.00214331108,-0.000560861954,-0.00184450613,-0.0706949234,-0.000254631042,1
2963,30.149982,0,0,0,0,0.0699909106,-0.0772156864,0.000286022841,-0.0708332062,-0.0720685273,-0.0752802566,9.80546665,-0.00107804674,0.00263493136,0.000286022841,-0.0706949234,-0.000254631042,1
2964,30.160000,0,0,0,0,0.0718760267,-0.118174814,-0.00184450613,-0.0709290504,-0.112783857,-0.0800702944,9.84618187,-1.27822468e-05,0.000504402502,-0.00184450613,-0.0706949234,-0.000254631042,1
2965,30.169975,0,0,0,0,0.100725017,-0.117812976,0.00135128724,-0.0708332062,-0.110388838,-0.108810529,9.76475143,0.00105248217,-0.00162612647,0.00135128724,-0.0706949234,-0.000254631042,1
2966,30.179997,0,0,0,0,0.120167933,-0.0807637721,0.00135128724,-0.0707373619,-0.0720685273,-0.125575662,9.79828167,-1.27822468e-05,0.00476546027,0.00135128724,-0.0706949234,-0.000254631042,1
2967,30.189984,0,0,0,0,0.0957774892,-0.119862981,0.00241655181,-0.0708332062,-0.112783857,-0.104020491,9.90605736,0.00211774674,-0.00162612647,0.00241655181,-0.0706949234,-0.000254631042,1
2968,30.199996,0,0,0,0,0.103730418,-0.144365132,0.00241655181,-0.0701966286,-0.136734053,-0.113600567,9.83660221,0.0031830112,0.0015696669,0.00241655181,-0.0706949234,-0.000254631042,1
2969,30.209999,0,0,0,0,0.100709073,-0.0841972753,-0.000779241615,-0.0708332062,-0.0768585652,-0.10641551,9.79588604,0.00211774674,-0.00162612647,-0.000779241615,-0.0706949234,-0.000254631042,1
2970,30.219973,0,0,0,0,0.0765074566,-0.120888621,-0.00184450613,-0.0707373619,-0.115178876,-0.0848603323,9.78391171,-1.27822468e-05,0.0015696669,-0.00184450613,-0.0706949234,-0.000254631042,1
2971,30.229999,0,0,0,0,0.0875774696,-0.100072853,0.00135128724,-0.0708332062,-0.0936237052,-0.0944404155,9.75756645,-0.00107804674,0.000504402502,0.00135128724,-0.0706949234,-0.000254631042,1
2972,30.239975,0,0,0,0,0.0817824155,-0.11406792,0.000286022841,-0.0708332062,-0.107993819,-0.0896503702,9.74798584,-1.27822468e-05,-0.00269139092,0.000286022841,-0.0706949234,-0.000254631042,1
2973,30.249998,0,0,0,0,0.0815709829,-0.152401939,0.000286022841,-0.0701007843,-0.146314129,-0.0920453891,9.75996113,-1.27822468e-05,-0.000560861954,0.000286022841,-0.0706949234,-0.000254631042,1
2974,30.259973,0,0,0,0,0.0875774696,-0.100072853,0.00135128724,-0.0708332062,-0.0936237052,-0.0944404155,9.7623558,0.00105248217,0.00370019581,0.00135128724,-0.0706949234,-0.000254631042,1
2975,30.270001,0,0,0,0,0.0896274745,-0.105020382,-0.00397503516,-0.0708332062,-0.0984137431,-0.0968354344,9.81265163,-0.00107804674,-0.00162612647,-0.00397503516,-0.0706949234,-0.000254631042,1
2976,30.279976,0,0,0,0,0.115070499,-0.118818976,-0.00184450613,-0.0707373619,-0.110388838,-0.12318065,9.77672672,0.00105248217,-0.000560861954,-0.00184450613,-0.0706949234,-0.000254631042,1
2977,30.289983,0,0,0,0,0.118877277,-0.0998003632,0.00135128724,-0.0701007843,-0.0912286863,-0.125575662,9.80067635,-1.27822468e-05,-0.00269139092,0.00135128724,-0.0706949234,-0.000254631042,1
2978,30.299979,0,0,0,0,0.106340386,-0.106217109,0.00135128724,-0.0709290504,-0.0984137431,-0.113600567,9.82462692,0.00211774674,-0.000560861954,0.00135128724,-0.0706949234,-0.000254631042,1
2979,30.309975,0,0,0,0,0.0903054997,-0.0954643264,0.000286022841,-0.0708332062,-0.0888336599,-0.0968354344,9.81504631,-1.27822468e-05,-0.000560861954,0.000286022841,-0.0706949234,-0.000254631042,1
2980,30.319973,0,0,0,0,0.0604348443,-0.0765376687,0.000286022841,-0.0708332062,-0.0720685273,-0.0657001734,9.79349136,-1.27822468e-05,0.000504402502,0.000286022841,-0.0706949234,-0.000254631042,1
2981,30.329981,0,0,0,0,0.0920164883,-0.10518989,0.00348181627,-0.0708332062,-0.0984137431,-0.0992304534,9.74319553,-1.27822468e-05,0.0015696669,0.00348181627,-0.0706949234,-0.000254631042,1
2982,30.339979,0,0,0,0,0.120674364,-0.107235514,0.000286022841,-0.0709290504,-0.0984137431,-0.127970681,9.78630638,-0.00214331108,-0.00269139092,0.000286022841,-0.0706949234,-0.000254631042,1
2983,30.349977,0,0,0,0,0.0833668709,-0.0925137475,0.00241655181,-0.0701966286,-0.086438641,-0.0896503702,9.80067635,-1.27822468e-05,-0.000560861954,0.00241655181,-0.0706949234,-0.000254631042,1
2984,30.359974,0,0,0,0,0.0548411794,-0.155375108,-0.00184450613,-0.0708332062,-0.151104167,-0.0657001734,9.81504631,-1.27822468e-05,-0.000560861954,-0.00184450613,-0.0706949234,-0.000254631042,1
2985,30.370000,0,0,0,0,0.0739491507,-0.12310838,-0.000779241615,-0.0707373619,-0.117573902,-0.0824653134,9.80067635,-1.27822468e-05,-0.000560861954,-0.000779241615,-0.0706949234,-0.000254631042,1
2986,30.379974,0,0,0,0,0.111992069,-0.128216565,0.00454708049,-0.0708332062,-0.119968921,-0.120785631,9.86055183,-1.27822468e-05,0.0015696669,0.00454708049,-0.0706949234,-0.000254631042,1
2987,30.389994,0,0,0,0,0.159868687,-0.131489605,0.00348181627,-0.0701007843,-0.119968921,-0.168686017,9.79349136,-1.27822468e-05,0.000504402502,0.00348181627,-0.0706949234,-0.000254631042,1
2988,30.399979,0,0,0,0,0.114810601,-0.123523973,-0.000779241615,-0.0701007843,-0.115178876,-0.12318065,9.79349136,-0.00107804674,0.00263493136,-0.000779241615,-0.0706949234,-0.000254631042,1
2989,30.409997,0,0,0,0,0.0705153644,-0.103664346,0.00241655181,-0.0708332062,-0.0984137431,-0.0776752755,9.82462692,-0.00107804674,-0.00162612647,0.00241655181,-0.0706949234,-0.000254631042,1
2990,30.419982,0,0,0,0,0.117326923,-0.0876869187,0.000286022841,-0.0701007843,-0.0792535841,-0.12318065,9.81504631,0.00105248217,-0.000560861954,0.000286022841,-0.0706949234,-0.000254631042,1
2991,30.430004,0,0,0,0,0.13486518,-0.144245684,0.000286022841,-0.0708332062,-0.134339035,-0.144735828,9.78391171,0.0031830112,0.000504402502,0.000286022841,-0.0706949234,-0.000254631042,1
2992,30.440038,0,0,0,0,0.0343252048,-0.0722841024,0.00135128724,-0.0708332062,-0.0696735084,-0.0393549614,9.76714611,0.00105248217,0.000504402502,0.00135128724,-0.0706949234,-0.000254631042,1
2993,30.449979,0,0,0,0,0.103267595,-0.0819777697,0.000286022841,-0.0708332062,-0.0744635463,-0.108810529,9.75756645,-0.00214331108,-0.00162612647,0.000286022841,-0.0706949234,-0.000254631042,1
