Index,Time,(odometrySubsystem).z[0],(odometrySubsystem).z[1],(odometrySubsystem).z[2],(odometrySubsystem).z[3],(odometrySubsystem).z[4],(odometrySubsystem).z[5],(odometrySubsystem).z[6],(odometrySubsystem).z[7],((((((aruwsrc::standard::DriversSingleton::drivers).mpu6500).imuData).accG).coordinates_).data)._M_elems[0],((((((aruwsrc::standard::DriversSingleton::drivers).mpu6500).imuData).accG).coordinates_).data)._M_elems[1],((((((aruwsrc::standard::DriversSingleton::drivers).mpu6500).imuData).accG).coordinates_).data)._M_elems[2],((((((aruwsrc::standard::DriversSingleton::drivers).mpu6500).imuData).gyroRadPerSec).coordinates_).data)._M_elems[0],((((((aruwsrc::standard::DriversSingleton::drivers).mpu6500).imuData).gyroRadPerSec).coordinates_).data)._M_elems[1],((((((aruwsrc::standard::DriversSingleton::drivers).mpu6500).imuData).gyroRadPerSec).coordinates_).data)._M_elems[2],(odometrySubsystem).chassisYaw,(odometrySubsystem).yawOffset,(odometrySubsystem).yawOffsetInitialized
0,0.000000,0,0.0103365686,0,0,-0.0221570637,0.15008302,0.00241655181,2.80493927,-0.134339035,-0.0704902187,9.81983662,-0.00107804674,-0.00269139092,0.00241655181,2.80490017,-0.000254631042,1
1,0.009986,0,-0.011074895,0,0,0.0368458442,0.043159835,-0.00397503516,2.80493927,-0.0433282889,0.0109404512,9.75756645,0.00105248217,0.000504402502,-0.00290977047,2.80490017,-0.000254631042,1
2,0.020002,0,0.0103365686,0,0,-0.0179866198,0.125780359,0.00241655181,2.80503559,-0.1055988,-0.0633051544,9.80067635,0.00105248217,-0.000560861954,0.00348181627,2.80490017,-0.000254631042,1
3,0.029976,0,-0.012551547,0,0,0.0724454671,0.0433936454,0.00135128724,2.80503559,-0.0433282889,0.0205205306,9.83660221,0.00211774674,-0.00269139092,0.00135128724,2.80490017,-0.000254631042,1
4,0.040004,0,0.0118132206,0,0,-0.0716607273,0.0303853322,-0.000779241615,2.80493927,-0.0241681337,-0.0585151166,9.84618187,0.00105248217,0.00263493136,0.00241655181,2.80490017,-0.000254631042,1
5,0.050084,0,-0.00516828429,0,0,0.0662311465,0.134374037,-0.00184450613,2.80493927,-0.0576984063,-0.0130097447,9.64260483,0.00211774674,-0.00162612647,0.000286022841,2.80490017,-0.000254631042,1
6,0.059979,0,0.00442995783,0,0,0.00835626759,0.0632790029,0.00135128724,2.80503559,-0.0768585652,-0.0800702944,9.80307102,-0.00214331108,0.000504402502,0.00241655181,2.80490017,-0.000254631042,1
7,0.069998,0,-0.00664493674,0,0,0.0718668401,0.157777876,-0.000779241615,2.80503559,-0.172659352,0.0277055893,9.86055183,0.0031830112,-0.000560861954,-0.000779241615,2.80490017,-0.000254631042,1
8,0.079983,0,0.00442995783,0,0,0.0301769786,0.0531061515,0.00135128724,2.80493927,-0.0600934289,0.0109404512,9.87013245,-1.27822468e-05,-0.000560861954,0.00135128724,2.80490017,-0.000254631042,1
9,0.089997,0,-0.00664493674,0,0,0.0585465021,0.0761644691,0.000286022841,2.80493927,-0.0912286863,0.0301006082,9.73601055,0.00105248217,0.0015696669,-0.00290977047,2.80490017,-0.000254631042,1
10,0.099982,0,0.00442995783,0,0,-0.0656786039,0.0764945447,-0.000779241615,2.80503559,-0.0505133495,-0.0872553512,9.82941628,-1.27822468e-05,0.000504402502,-0.00184450613,2.80490017,-0.000254631042,1
11,0.110002,0,-0.00516828429,0,0,0.0811522678,0.0682530031,0.000286022841,2.80493927,-0.0912286863,0.0540508032,9.75277615,-1.27822468e-05,-0.00375665538,0.000286022841,2.80490017,-0.000254631042,1
12,0.119976,0,0.0073832632,0,0,-0.0341360345,0.0578519367,-0.000779241615,2.80493927,-0.0433282889,-0.0513300598,9.78391171,0.00105248217,-0.00269139092,-0.000779241615,2.80490017,-0.000254631042,1
13,0.129998,0,-0.00516828429,0,0,0.0758388638,0.118324272,-0.000779241615,2.80493927,-0.136734053,0.032495629,9.74559116,-1.27822468e-05,-0.000560861954,-0.000779241615,2.80490017,-0.000254631042,1
14,0.139976,0,-0.00221497891,0,0,-0.0384325534,0.125329539,0.00135128724,2.80493927,-0.1055988,-0.0776752755,9.86534214,-1.27822468e-05,0.00263493136,0.00135128724,2.80490017,-0.000254631042,1
15,0.149999,0,-0.0036916316,0,0,0.0584325418,0.11934115,-0.000779241615,2.80493927,-0.131944016,0.0157304909,9.82223129,0.00211774674,-0.000560861954,-0.000779241615,2.80490017,-0.000254631042,1
16,0.159985,0,0.00147665257,0,0,0.00802267157,0.0913091227,0.00241655181,2.80493927,-0.0888336599,-0.0225898232,9.84857655,-1.27822468e-05,0.0015696669,0.00241655181,2.80490017,-0.000254631042,1
17,0.170003,0,-0.0036916316,0,0,0.100140885,0.0717572793,-0.00397503516,2.80493927,-0.100808762,0.0708159432,9.70248032,0.00105248217,0.0015696669,-0.00397503516,2.80490017,-0.000254631042,1
18,0.179978,0,0.00147665257,0,0,-0.0421603732,0.0276733004,-0.000779241615,2.80493927,-0.0121930353,-0.0489350408,9.81504631,-0.00107804674,-0.00162612647,-0.000779241615,2.80490017,-0.000254631042,1
19,0.190002,0,0,0,0,0.0566245168,0.0996742398,-0.00290977047,2.80493927,-0.112783857,0.0205205306,9.77193642,-1.27822468e-05,0.00263493136,-0.00290977047,2.80490017,-0.000254631042,1
20,0.199977,0,-0.00516828429,0,0,-0.00180968281,0.04146358,0.000286022841,2.80493927,-0.0385382511,-0.0154047646,9.86294651,0.00105248217,0.00370019581,0.000286022841,2.80490017,-0.000254631042,1
21,0.209996,0,-0.00221497891,0,0,0.121953309,0.163084343,0.000286022841,2.80493927,-0.194214523,0.0612358637,9.7312212,0.00211774674,-0.00269139092,0.000286022841,2.80490017,-0.000254631042,1
22,0.219983,0,-0.0036916316,0,0,-0.0536900796,0.0672328398,0.00135128724,2.80493927,-0.0457233116,-0.0728852376,9.90126705,0.00211774674,0.000504402502,0.00135128724,2.80490017,-0.000254631042,1
23,0.230006,0,-0.0036916316,0,0,0.100026928,0.114933953,0.000286022841,2.80493927,-0.141524091,0.0564458258,9.80067635,0.00211774674,-0.000560861954,0.000286022841,2.80490017,-0.000254631042,1
24,0.239980,0,0.00147665257,0,0,-0.0337974392,0.0805705711,0.00241655181,2.80493927,-0.0648834705,-0.0585151166,9.87013245,-1.27822468e-05,0.000504402502,0.00241655181,2.80490017,-0.000254631042,1
25,0.249998,0,-0.00221497891,0,0,0.0362804271,0.0560450144,-0.000779241615,2.80493927,-0.0648834705,0.0157304909,9.72403622,-1.27822468e-05,0.000504402502,-0.000779241615,2.80490017,-0.000254631042,1
26,0.259985,0,0,0,0,-0.0250937305,0.0546873473,-0.000779241615,2.80493927,-0.0433282889,-0.0417499803,9.85336685,-0.00107804674,-0.000560861954,-0.000779241615,2.80490017,-0.000254631042,1
27,0.270006,0,-0.00221497891,0,0,0.0735782906,0.11911542,0.00135128724,2.80493927,-0.136734053,0.0301006082,9.72882557,0.00211774674,0.00263493136,0.00135128724,2.80490017,-0.000254631042,1
28,0.279980,0,-0.0036916316,0,0,-0.00689625321,0.0559310503,0.00135128724,2.80493927,-0.0505133495,-0.0249848422,9.89408207,0.00105248217,0.00370019581,0.00135128724,2.80490017,-0.000254631042,1
29,0.290001,0,0.00147665257,0,0,0.0709791183,0.0971879363,0.00135128724,2.80493927,-0.115178876,0.034890648,9.78151608,0.0031830112,0.00263493136,0.00135128724,2.80490017,-0.000254631042,1
30,0.299975,0,0.00147665257,0,0,-0.0500729308,0.05581709,0.00135128724,2.80493927,-0.0361432321,-0.0657001734,9.86534214,0.00105248217,0.00263493136,0.00135128724,2.80490017,-0.000254631042,1
31,0.309998,0,-0.00221497891,0,0,0.115398414,0.129853979,-0.000779241615,2.80493927,-0.160684258,0.0660259053,9.74559116,0.00105248217,-0.00269139092,-0.000779241615,2.80490017,-0.000254631042,1
32,0.319985,0,-0.00221497891,0,0,0.00975748803,0.0526464656,0.00241655181,2.80420685,-0.0529083684,-0.00821970589,9.81025696,-1.27822468e-05,-0.000560861954,0.00241655181,2.80490017,-0.000254631042,1
33,0.329999,0,0.00147665257,0,0,0.0673515201,0.108610176,0.00241655181,2.80503559,-0.124758959,0.0277055893,9.78630638,0.00211774674,-0.000560861954,0.00241655181,2.80490017,-0.000254631042,1
34,0.339985,0,-0.0036916316,0,0,-0.0373006202,0.0488096364,0.00135128724,2.80493927,-0.0337482132,-0.0513300598,9.82941628,0.0031830112,-0.000560861954,0.00135128724,2.80490017,-0.000254631042,1
35,0.350000,0,0.00295330514,0,0,0.0695085973,0.15098922,0.00241655181,2.80493927,-0.165474296,0.0157304909,9.76475143,0.00105248217,-0.000560861954,0.00241655181,2.80490017,-0.000254631042,1
36,0.359975,0,-0.00959824212,0,0,-0.0385447927,0.0162538383,-0.000779241615,2.80503559,-0.00261295633,-0.0417499803,9.83420658,-1.27822468e-05,0.000504402502,-0.000779241615,2.80490017,-0.000254631042,1
37,0.370006,0,0.00590661028,0,0,0.0458723269,0.141498774,0.00135128724,2.80503559,-0.148709148,-0.00342966616,9.83420658,-0.00107804674,0.000504402502,0.00135128724,2.80490017,-0.000254631042,1
38,0.379980,0,-0.00664493674,0,0,-0.0177563652,0.0901765823,0.00135128724,2.80503559,-0.0792535841,-0.0465400182,9.87013245,0.00105248217,0.0015696669,0.00135128724,2.80490017,-0.000254631042,1
39,0.389996,0,0.00295330514,0,0,0.0981049463,0.138443738,0.00348181627,2.80493927,-0.163079277,0.0468657464,9.73361588,0.00211774674,-0.00162612647,0.00348181627,2.80490017,-0.000254631042,1
40,0.400017,0,-0.00664493674,0,0,-0.0704182014,0.0121810744,0.00135128724,2.80503559,0.0117571615,-0.0704902187,9.8318119,-1.27822468e-05,0.000504402502,0.00135128724,2.80490017,-0.000254631042,1
41,0.410000,0,0.00295330514,0,0,0.0749184191,0.159247592,-0.000779241615,2.80503559,-0.175054371,0.0181255098,9.79828167,-1.27822468e-05,-0.00162612647,-0.000779241615,2.80490017,-0.000254631042,1
42,0.419976,0,-0.00664493674,0,0,-0.0564057417,0.0377270468,0.00241655181,2.80503559,-0.0169830751,-0.0657001734,9.89887238,-0.00107804674,-0.000560861954,0.00241655181,2.80490017,-0.000254631042,1
43,0.430005,0,0.00442995783,0,0,0.0619357228,0.151102081,-0.00504029961,2.80493927,-0.163079277,0.00854543224,9.69290066,-1.27822468e-05,-0.00269139092,-0.00504029961,2.80490017,-0.000254631042,1
44,0.439978,0,-0.0155048529,0,0,-0.00724403001,0.0839612782,-0.000779241615,2.80503559,-0.0768585652,-0.0345649198,9.89887238,0.00105248217,-0.00269139092,-0.000779241615,2.80490017,-0.000254631042,1
45,0.449975,0,0.0199348107,0,0,0.0858852789,0.13257429,0.00135128724,2.80503559,-0.153499186,0.0372856669,9.78870106,-0.00107804674,-0.00162612647,0.00135128724,2.80490017,-0.000254631042,1
46,0.459983,0,-0.0177198313,0,0,0.0189807359,0.0646365955,0.000286022841,2.80503559,-0.0672784895,-0.00342966616,9.8797121,0.00211774674,-0.000560861954,0.000286022841,2.80490017,-0.000254631042,1
47,0.469981,0,0.0147665264,0,0,0.0394439176,0.115836874,-0.000779241615,2.80493927,-0.12236394,-0.00103464653,9.75038147,0.00105248217,0.0015696669,-0.000779241615,2.80490017,-0.000254631042,1
48,0.479977,0,-0.0191964842,0,0,-0.0377520807,0.0185181275,-0.000779241615,2.80503559,0.0213372391,-0.0513300598,9.73840618,0.00105248217,0.00263493136,-0.000779241615,2.80490017,-0.000254631042,1
49,0.489985,0,0.0228881147,0,0,0.0274566859,0.0743579939,0.00241655181,2.80503559,-0.0984137431,-0.0465400182,9.73840618,0.00105248217,-0.00375665538,0.00135128724,2.80490017,-0.000254631042,1
50,0.499986,0,-0.0140281999,0,0,0.0135503802,0.107134469,-0.00184450613,2.80503559,-0.0529083684,-0.00103464653,9.74559116,0.00211774674,-0.000560861954,0.00348181627,2.80490017,-0.000254631042,1
51,0.509983,0,0.0132898735,0,0,0.00802376866,0.0405595675,0.00241655181,2.80493927,-0.0648834705,-0.0657001734,9.75277615,-0.00214331108,-0.00375665538,0.00135128724,2.80490017,-0.000254631042,1
52,0.519980,0,-0.00221497891,0,0,0.0304027088,0.0682519078,0.000286022841,2.80493927,-0.0553033873,-0.0321699008,9.79109669,-1.27822468e-05,-0.000560861954,-0.000779241615,2.80490017,-0.000254631042,1
53,0.530002,0,0.00295330514,0,0,-0.00542682456,0.0528793298,-0.000779241615,2.80493927,-0.0002179367,-0.0752802566,9.85576153,-0.00107804674,0.0015696669,0.00135128724,2.80490017,-0.000254631042,1
54,0.539976,0,-0.00221497891,0,0,0.0695368275,0.194115028,-0.000779241615,2.80420685,-0.206189632,0.00136037311,9.68332005,0.00105248217,-0.000560861954,0.000286022841,2.80490017,-0.000254631042,1
55,0.550000,0,-0.0036916316,0,0.00147665257,-0.00927079096,0.0998988822,0.00135128724,2.80493927,-0.0912286863,-0.0417499803,9.85576153,0.00211774674,0.000504402502,0.000286022841,2.80490017,-0.000254631042,1
56,0.559986,0,0.00147665257,0,0,0.0740297511,0.149406925,-0.000779241615,2.80493927,-0.165474296,0.0205205306,9.81025696,0.00211774674,0.000504402502,0.000286022841,2.80490017,-0.000254631042,1
57,0.570006,0,-0.00516828429,0,0,-0.0466815233,0.0292555932,0.000286022841,2.80493927,-0.0121930353,-0.0537250787,9.85815716,-1.27822468e-05,0.00263493136,0.00135128724,2.80490017,-0.000254631042,1
58,0.580003,0,0.00295330514,0,0,0.0608983375,0.126078308,0.000286022841,2.80420685,-0.139129072,0.0157304909,9.6665554,-0.00107804674,-0.00482191984,0.000286022841,2.80490017,-0.000254631042,1
59,0.589976,0,-0.00959824212,0,0,-0.0634095743,0.0249601696,-0.000779241615,2.80493927,-0.00261295633,-0.0680951998,9.85097218,0.00105248217,0.00370019581,-0.000779241615,2.80490017,-0.000254631042,1
60,0.600006,0,0.0073832632,0,0,0.0140121607,0.137424663,-0.000779241615,2.80493927,-0.134339035,-0.0321699008,9.77433109,0.00105248217,-0.000560861954,-0.000779241615,2.80490017,-0.000254631042,1
61,0.609981,0,-0.0081215892,0,0,-0.0353797339,0.0760494098,0.00241655181,2.80493927,-0.0600934289,-0.0585151166,9.8318119,-0.00107804674,0.00583072472,0.00241655181,2.80490017,-0.000254631042,1
62,0.619998,0,0.00442995783,0,0,0.109746419,0.157206625,0.00135128724,2.80493927,-0.184634447,0.0516557842,9.59470463,0.00211774674,-0.00269139092,0.00135128724,2.80490017,-0.000254631042,1
63,0.629983,0,-0.011074895,0,0,-0.0168425702,0.0492621846,0.00241655181,2.80493927,-0.04093327,-0.0321699008,9.87731743,0.00105248217,0.00263493136,0.00241655181,2.80490017,-0.000254631042,1
64,0.640002,0,0.0073832632,0,0,0.00563510507,0.135277495,0.00348181627,2.80503559,-0.129548997,-0.0393549614,9.7144556,0.00105248217,0.000504402502,0.00348181627,2.80490017,-0.000254631042,1
65,0.649976,0,-0.011074895,0,0,-0.0340294726,0.0654215366,0.00135128724,2.80503559,-0.0505133495,-0.0537250787,9.85576153,-1.27822468e-05,0.000504402502,0.00135128724,2.80490017,-0.000254631042,1
66,0.660006,0,0.00885991566,0,0,0.0672491193,0.101030812,-0.000779241615,2.80493927,-0.117573902,0.0301006082,9.69529533,-1.27822468e-05,0.000504402502,-0.000779241615,2.80490017,-0.000254631042,1
67,0.669998,0,-0.0140281999,0,0,-0.0132290758,0.0378451645,-0.00184450613,2.80503559,-0.0313531905,-0.0249848422,9.93479729,-1.27822468e-05,0.00263493136,-0.00184450613,2.80490017,-0.000254631042,1
68,0.679983,0,0.0147665264,0,0,0.0750365406,0.116070926,0.00135128724,2.80503559,-0.134339035,0.032495629,9.68092537,0.00105248217,-0.00269139092,0.00135128724,2.80490017,-0.000254631042,1
69,0.690003,0,-0.0191964842,0,0,-0.0484964512,0.0603335686,0.000286022841,2.80503559,-0.04093327,-0.0657001734,9.88450241,0.00105248217,0.0015696669,0.000286022841,2.80490017,-0.000254631042,1
70,0.699978,0,0.0147665264,0,0,0.0649885386,0.101821959,-0.00184450613,2.80493927,-0.117573902,0.0277055893,9.85097218,0.00211774674,-0.00162612647,-0.00184450613,2.80490017,-0.000254631042,1
71,0.709998,0,-0.0177198313,0,0,0.0200049337,0.031291537,0.000286022841,2.80493927,-0.0361432321,0.00854543224,9.81504631,-1.27822468e-05,0.0015696669,0.000286022841,2.80490017,-0.000254631042,1
72,0.719983,0,0.0147665264,0,0,0.0368357003,0.0939129442,0.00348181627,2.80503559,-0.100808762,0.00375539274,9.77672672,-1.27822468e-05,-0.00269139092,0.00348181627,2.80490017,-0.000254631042,1
73,0.730006,0,-0.0191964842,0,0,-0.00498050125,0.0324203186,0.000286022841,2.80513144,-0.0289581716,-0.0154047646,9.86773682,-0.00107804674,-0.00269139092,0.000286022841,2.80490017,-0.000254631042,1
74,0.740001,0,0.0147665264,0,0,0.0615847595,0.128389388,0.00135128724,2.80503559,-0.141524091,0.0157304909,9.78391171,-1.27822468e-05,-0.00162612647,0.00135128724,2.80490017,-0.000254631042,1
75,0.749976,0,-0.0206731372,0,0,-0.0527849644,0.0263167322,0.000286022841,2.80493927,-0.0074029956,-0.0585151166,9.75277615,0.00105248217,0.0015696669,0.000286022841,2.80490017,-0.000254631042,1
76,0.760006,0,0.0214114618,0,0,-0.0470267236,0.0572819896,0.00241655181,2.80503559,-0.0385382511,-0.0633051544,9.83420658,-0.00107804674,0.000504402502,0.00241655181,2.80490017,-0.000254631042,1
77,0.769981,0,0.00442995783,0,0,0.026191514,0.143307418,-0.00290977047,2.80513144,-0.14391911,-0.0225898232,9.78630638,0.0031830112,0.00476546027,-0.00290977047,2.80490017,-0.000254631042,1
78,0.780003,0,-0.00959824212,0,0,-0.112573683,-0.0212801769,-0.00610556407,2.80503559,0.0572625361,-0.0992304534,9.8749218,0.00211774674,-0.000560861954,-0.00610556407,2.80490017,-0.000254631042,1
79,0.789977,0,0.0073832632,0,0,0.0693968236,0.0926667824,-0.000779241615,2.80493927,-0.110388838,0.034890648,9.64978981,-0.00107804674,-0.00162612647,-0.000779241615,2.80490017,-0.000254631042,1
80,0.799998,0,-0.0155048529,0,0.00147665257,-0.023168765,-0.0195742119,-0.000779241615,2.80503559,0.0261272788,-0.0154047646,9.80067635,-1.27822468e-05,-0.000560861954,-0.000779241615,2.80490017,-0.000254631042,1
81,0.809999,0,0.0103365686,0,-0.0036916316,0.124310389,0.169878036,0.0066776094,2.80503559,-0.20139958,0.0612358637,9.74559116,0.00105248217,0.000504402502,0.0066776094,2.80490017,-0.000254631042,1
82,0.819985,0,-0.0191964842,0,0,0.0237338431,0.0781982169,0.00241655181,2.80493927,-0.0816486031,-0.00342966616,9.93958759,0.0031830112,0.00370019581,0.00241655181,2.80490017,-0.000254631042,1
83,0.830005,0,0.0169815049,0,0,0.03684365,0.144658938,0.00241655181,2.80493927,-0.148709148,-0.0130097447,9.81983662,-0.00107804674,-0.000560861954,0.00241655181,2.80490017,-0.000254631042,1
84,0.839979,0,-0.0221497901,0,0,0.0293809325,0.0508484058,-0.000779241615,2.80503559,-0.0576984063,0.0109404512,9.86773682,0.00105248217,0.0015696669,-0.000779241615,2.80490017,-0.000254631042,1
85,0.849996,0,0.0228881147,0,0,-0.024544308,0.143298924,0.000286022841,2.80503559,-0.127153978,-0.0704902187,9.72403622,-0.00107804674,-0.000560861954,0.000286022841,2.80490017,-0.000254631042,1
86,0.859982,0,-0.0251030941,0,0,-0.0595666915,0.0286901724,0.000286022841,2.80493927,-0.0074029956,-0.0657001734,9.83899689,0.00105248217,0.00476546027,0.000286022841,2.80490017,-0.000254631042,1
87,0.869999,0,0.0243647695,0,-0.00221497891,0.00534995366,0.0618053824,0.000286022841,2.80430317,-0.0600934289,-0.0154047646,9.77193642,-0.00107804674,0.0015696669,0.000286022841,2.80490017,-0.000254631042,1
88,0.879984,0,-0.0206731372,0,0,0.0449812338,0.0301661268,-0.00184450613,2.80503559,-0.0433282889,0.032495629,9.75756645,-1.27822468e-05,0.000504402502,-0.00184450613,2.80490017,-0.000254631042,1
89,0.890003,0,0.0214114618,0,0,0.0162738319,0.0858839601,0.00241655181,2.80493927,-0.086438641,-0.0130097447,9.7791214,0.00105248217,-0.000560861954,0.00241655181,2.80490017,-0.000254631042,1
90,0.899979,0,-0.0206731372,0,0,-0.00192254817,0.0338907018,0.00135128724,2.80493927,-0.0313531905,-0.0130097447,9.83420658,-0.00107804674,0.0015696669,0.00135128724,2.80490017,-0.000254631042,1
91,0.909999,0,-0.00959824212,0,0,-0.013004804,0.0529909432,0.000286022841,2.80503559,-0.0457233116,-0.0297748819,9.80067635,-0.00107804674,0.000504402502,0.000286022841,2.80490017,-0.000254631042,1
92,0.920019,0,0.0132898735,0,0,0.075142689,0.174393371,-0.000779241615,2.80503559,-0.189424485,0.013335471,9.7144556,0.00211774674,-0.00269139092,-0.000779241615,2.80490017,-0.000254631042,1
93,0.930007,0,-0.0251030941,0,0,-0.0325537622,0.0116203986,-0.000779241615,2.80503559,-0.0002179367,-0.0345649198,9.88450241,0.00105248217,-0.000560861954,-0.000779241615,2.80490017,-0.000254631042,1
94,0.939983,0,0.0214114618,0,0,0.0110765882,-0.00872055627,0.00135128724,2.80493927,-0.127153978,-0.00342966616,9.82941628,-0.00107804674,-0.00588718429,-0.000779241615,2.80490017,-0.000254631042,1
95,0.950003,0,-0.0206731372,0,0,-0.0271353833,0.070621632,0.000286022841,2.80503559,-0.00979801547,0.0277055893,9.81744194,-1.27822468e-05,0.000504402502,-0.000779241615,2.80490017,-0.000254631042,1
96,0.959977,0,0.0487295389,0,0,-0.0113048274,0.0143355764,0.000286022841,2.80503559,0.126718104,0.013335471,9.66895008,-1.27822468e-05,-0.000560861954,0.00241655181,2.80490017,-0.000254631042,1
97,0.969985,0,-0.00221497891,0,-0.0036916316,0.133475363,0.478771716,0.00135128724,2.80493927,-0.2780402,-0.125575662,9.570755,0.00105248217,0.00370019581,-0.00290977047,2.80490017,-0.000254631042,1
98,0.979981,0,-0.0206731372,0,0.00147665257,0.0146893477,0.182861924,-0.00717082852,2.80493927,0.0165472012,-0.0824653134,10.0497589,0.0031830112,0.00476546027,-0.00930135697,2.80486965,-0.000254631042,1
99,0.989978,0,0.0118132206,0,0.00147665257,0.0752392113,0.123588741,-0.00610556407,2.80430317,-0.237324879,0.101951197,9.99467278,-0.00107804674,-0.00482191984,-0.00504029961,2.8047781,-0.000254631042,1
100,0.999986,0.00147665257,-0.0036916316,0.00295330514,0.00147665257,0.0570527352,0.122351117,-0.0114318859,2.80420685,-0.275645196,-0.0489350408,9.84857655,-1.27822468e-05,-0.00375665538,-0.00930135697,2.80471706,-0.000254631042,1
101,1.009983,0,0,0,0.00295330514,0.0421907604,-0.100872658,-0.00823609252,2.804111,0.0812127292,0.0732109621,9.6138649,-1.27822468e-05,0.00263493136,-0.00717082852,2.80471706,-0.000254631042,1
102,1.019981,0.00147665257,0.00442995783,0,0,-0.0403515771,-0.00340548623,-0.00504029961,2.80484343,0.0165472012,-0.0369599424,9.72164059,-0.00107804674,0.00583072472,-0.00823609252,2.80471706,-0.000254631042,1
103,1.029978,0.00147665257,-0.00221497891,0.00147665257,0.00590661028,-0.109748647,-0.0856952146,-0.00397503516,2.80493927,0.117138028,-0.0752802566,9.83899689,0.0031830112,-0.000560861954,-0.00397503516,2.80471706,-0.000254631042,1
104,1.039986,0,0.00295330514,0.00147665257,0,0.0425815471,0.117275149,-0.00717082852,2.80420685,-0.124758959,0.00136037311,9.85097218,0.00211774674,-0.00375665538,-0.00717082852,2.80471706,-0.000254631042,1
105,1.050000,0,0,0.00147665257,0.00147665257,0.0206205286,0.163061202,-0.00504029961,2.80391932,-0.160684258,-0.0345649198,9.79828167,-1.27822468e-05,-0.000560861954,-0.00504029961,2.80471706,-0.000254631042,1
106,1.059984,0,0,0.00295330514,0.00442995783,-0.00422513392,0.0778624713,-0.00397503516,2.80401516,-0.0720685273,-0.0297748819,9.78151608,0.00105248217,0.00583072472,-0.00397503516,2.80471706,-0.000254631042,1
107,1.070005,0,0,-0.0036916316,-0.00221497891,0.00424394477,0.0875760317,-0.00823609252,2.80420685,-0.084043622,-0.0249848422,9.77672672,-0.00107804674,0.00263493136,-0.00823609252,2.80471706,-0.000254631042,1
108,1.079980,0,0,0.00442995783,0.00147665257,-0.0124049047,0.0401161127,-0.00397503516,2.80420685,-0.0337482132,-0.0249848422,9.79588604,0.00105248217,-0.00162612647,-0.00397503516,2.80471706,-0.000254631042,1
109,1.090006,0.00147665257,0,0.00590661028,0.00147665257,-0.0919254124,0.088340193,-0.00504029961,2.80401516,-0.0529083684,-0.115995586,9.81744194,-0.00107804674,-0.00482191984,-0.00504029961,2.80471706,-0.000254631042,1
110,1.099980,0.00147665257,0.00147665257,-0.00221497891,0,0.0426152647,0.1172629,-0.00930135697,2.80391932,-0.124758959,0.00136037311,9.73361588,-1.27822468e-05,-0.00162612647,-0.00930135697,2.80471706,-0.000254631042,1
111,1.109999,-0.00221497891,0,0.00885991566,0.00295330514,-0.0108150207,0.0446371436,-0.00717082852,2.804111,-0.0385382511,-0.0249848422,9.83899689,0.00424827542,0.000504402502,-0.00717082852,2.80471706,-0.000254631042,1
112,1.119984,0.00590661028,0,0.00442995783,0,-0.0974919572,0.0725025982,-0.00823609252,2.80420685,-0.0361432321,-0.115995586,9.81744194,0.00211774674,0.000504402502,-0.00823609252,2.80471706,-0.000254631042,1
113,1.130000,0.00442995783,0.00147665257,0.00147665257,0.00147665257,0.111619025,0.075282,-0.00717082852,2.804111,-0.107993819,0.0803960189,9.79109669,-0.00107804674,0.000504402502,-0.00717082852,2.80471706,-0.000254631042,1
114,1.139986,0,-0.00221497891,0.00442995783,0.00147665257,0.0705554113,0.0160300266,-0.0114318859,2.80328274,-0.0385382511,0.0612358637,9.72643089,-1.27822468e-05,0.00263493136,-0.0114318859,2.80471706,-0.000254631042,1
115,1.150002,0.0228881147,0,-0.0036916316,0,0.148816705,0.0799849108,-0.00823609252,2.80401516,-0.124758959,0.113926299,9.69290066,-0.00214331108,0.0015696669,-0.00823609252,2.80471706,-0.000254631042,1
116,1.159978,0.0103365686,0,0,0.00147665257,-0.113878742,0.184885919,-0.00397503516,2.80401516,-0.136734053,-0.168686017,9.88210678,0.0031830112,0.00263493136,-0.00397503516,2.80471706,-0.000254631042,1
117,1.170001,0,0,0.00147665257,0,0.0883781686,-0.00548292603,-0.00610556407,2.80318689,-0.0241681337,0.0851860568,9.76954079,-0.00107804674,-0.00162612647,-0.00610556407,2.80471706,-0.000254631042,1
118,1.179976,0.00147665257,0.00147665257,-0.00221497891,0.00147665257,0.0697517395,0.0138151674,-0.00610556407,2.80391932,-0.0361432321,0.0612358637,9.74798584,-1.27822468e-05,-0.00269139092,-0.00610556407,2.80471706,-0.000254631042,1
119,1.190005,0.00295330514,0.00147665257,0,0,0.0341477245,0.013624656,-0.00290977047,2.80391932,-0.0241681337,0.0277055893,9.85576153,0.00211774674,-0.000560861954,-0.00290977047,2.80471706,-0.000254631042,1
120,1.199981,-0.00221497891,0,0.00295330514,0,-0.0992991924,0.0528655797,0.000286022841,2.80391932,-0.0169830751,-0.111205548,9.80067635,0.00105248217,0.0015696669,0.000286022841,2.80471706,-0.000254631042,1
121,1.209997,0,0,0,0,0.115740672,0.000121121047,-0.000779241615,2.80318689,-0.0385382511,0.109136254,9.76714611,-0.00107804674,0.000504402502,-0.000779241615,2.80471706,-0.000254631042,1
122,1.219998,0.00442995783,0.00147665257,0.00295330514,0,-0.116903566,0.0894930214,-0.000779241615,2.80401516,-0.0457233116,-0.13994579,9.81983662,0.00211774674,0.00370019581,-0.000779241615,2.80471706,-0.000254631042,1
123,1.229985,-0.00221497891,0,-0.00221497891,0,0.011729707,0.123050801,-0.00290977047,2.80328274,-0.119968921,-0.0297748819,9.83899689,-0.00107804674,-0.00162612647,-0.00290977047,2.80471706,-0.000254631042,1
124,1.239998,0.00295330514,0,0,0,0.049223315,0.0565602556,0.00135128724,2.80391932,-0.0696735084,0.0277055893,9.81983662,-1.27822468e-05,0.00263493136,0.00135128724,2.80471706,-0.000254631042,1
125,1.249985,0.0073832632,0,0,0,-0.0379606001,0.14054203,-0.00290977047,2.80318689,-0.119968921,-0.0824653134,9.74798584,-0.00107804674,-0.000560861954,-0.00290977047,2.80471706,-0.000254631042,1
126,1.260004,0,0,0,0,-0.0511109829,0.124848962,-0.00397503516,2.80328274,-0.100808762,-0.0896503702,9.75756645,0.00105248217,0.00263493136,-0.00397503516,2.80471706,-0.000254631042,1
127,1.269979,-0.00221497891,0,0,0,0.0707566738,0.0743589774,-0.00290977047,2.80337858,-0.0936237052,0.0420757085,9.80786133,-0.00107804674,-0.00375665538,-0.00290977047,2.80471706,-0.000254631042,1
128,1.280002,0.00295330514,0,0.00147665257,0,0.00859258138,0.0708369389,-0.00290977047,2.80328274,-0.0696735084,-0.0154047646,9.79828167,0.0031830112,0.0015696669,-0.00290977047,2.80471706,-0.000254631042,1
129,1.289996,0,0,0,0,0.0430344157,0.0460192338,-0.00290977047,2.80309105,-0.0576984063,0.0253105685,9.76954079,0.00105248217,0.000504402502,-0.00290977047,2.80471706,-0.000254631042,1
130,1.299983,-0.00221497891,0.00147665257,0,0,0.0498458222,0.000466004567,-0.00184450613,2.80328274,-0.0169830751,0.0468657464,9.77433109,-1.27822468e-05,0.00370019581,-0.00184450613,2.80471706,-0.000254631042,1
131,1.310003,0,0,0,0,0.0376297235,-0.00538787898,0.000286022841,2.80337858,-0.0074029956,0.0372856669,9.81983662,0.0031830112,-0.00375665538,0.000286022841,2.80471706,-0.000254631042,1
132,1.319978,0,0,0,0,0.0294700172,0.0507968254,0.00135128724,2.80328274,-0.0576984063,0.0109404512,9.80307102,0.00105248217,-0.000560861954,0.00135128724,2.80471706,-0.000254631042,1
133,1.330004,0,0,0,0,0.0311427694,0.106064841,0.00135128724,2.80328274,-0.110388838,-0.00582468603,9.80067635,-1.27822468e-05,0.00370019581,0.00135128724,2.80471706,-0.000254631042,1
134,1.339980,0,0,0,0,-0.00308495201,0.0520930625,0.000286022841,2.80337858,-0.0481183305,-0.0201948043,9.84618187,0.00105248217,-0.00375665538,0.000286022841,2.80471706,-0.000254631042,1
135,1.350001,0,0,0,0,-0.0011872598,0.0793288574,0.000286022841,2.80420685,-0.0744635463,-0.027379863,9.79588604,0.00211774674,0.000504402502,0.000286022841,2.80471706,-0.000254631042,1
136,1.359976,0,0,0,0,0.00096652651,0.114139251,-0.00184450613,2.80337858,-0.107993819,-0.0369599424,9.81983662,0.00211774674,-0.00375665538,-0.00184450613,2.80471706,-0.000254631042,1
137,1.369998,0,0,0,0,-0.0108204866,0.0878228918,-0.000779241615,2.80328274,-0.0792535841,-0.0393549614,9.83660221,0.0031830112,-0.00162612647,-0.000779241615,2.80471706,-0.000254631042,1
138,1.379983,0,0,0,-0.00221497891,0.035401918,0.0893331021,-0.00184450613,2.80337858,-0.0960187241,0.00375539274,9.88450241,-0.00107804674,0.000504402502,-0.00184450613,2.80471706,-0.000254631042,1
139,1.389999,0,0,0,0,0.0643206313,0.01371089,0.000286022841,2.80347443,-0.0529083684,0.109136254,9.81504631,-0.00214331108,-0.000560861954,0.000286022841,2.80471706,-0.000254631042,1
140,1.400001,0,0,0.00147665257,0,0.0374118909,0.0733930394,0.00348181627,2.80337858,-0.0529083684,0.00615041237,9.80786133,0.00105248217,0.000504402502,0.00241655181,2.80471706,-0.000254631042,1
141,1.409976,0,0,-0.00221497891,0,-0.0137067912,0.0507543907,-0.000779241615,2.80328274,-0.1055988,-0.0441449992,9.78151608,-1.27822468e-05,-0.000560861954,-0.000779241615,2.80471706,-0.000254631042,1
142,1.420005,0,0,0,0,0.0311791841,0.0628910214,0.000286022841,2.80337858,-0.0792535841,-0.0728852376,9.81983662,-1.27822468e-05,0.00263493136,0.000286022841,2.80471706,-0.000254631042,1
143,1.429980,0,0,0,0,0.0141909197,0.043477688,0.00241655181,2.80347443,-0.086438641,0.0157304909,9.79828167,-1.27822468e-05,0.000504402502,-0.000779241615,2.80471706,-0.000254631042,1
144,1.439977,0,0,0,0,-0.0123401377,0.134052679,-0.000779241615,2.80337858,-0.112783857,-0.0201948043,9.77433109,-1.27822468e-05,-0.00162612647,0.000286022841,2.80471706,-0.000254631042,1
145,1.450002,0,0,0,0,0.0730941147,0.124313794,-0.000779241615,2.80337858,-0.141524091,-0.0225898232,9.75756645,0.00105248217,0.000504402502,0.000286022841,2.80471706,-0.000254631042,1
146,1.459986,0,0,0,0,-0.0284900516,0.0737177879,0.000286022841,2.80347443,-0.0600934289,0.00615041237,9.84857655,0.0031830112,-0.00162612647,-0.00290977047,2.80471706,-0.000254631042,1
147,1.470000,0,0,0,0,-0.0127981026,0.0605838783,-0.000779241615,2.80347443,-0.0529083684,-0.0321699008,9.80307102,0.00211774674,-0.00375665538,-0.000779241615,2.80471706,-0.000254631042,1
148,1.480005,0,0,0,0,-0.00338089257,0.0801244825,0.00241655181,2.80337858,-0.0744635463,-0.0297748819,9.78630638,-0.00214331108,-0.00162612647,0.00135128724,2.80471706,-0.000254631042,1
149,1.489980,0,0,0,0,0.0191659201,0.115354545,0.000286022841,2.80337858,-0.115178876,-0.0201948043,9.80067635,-1.27822468e-05,-0.00162612647,-0.000779241615,2.80471706,-0.000254631042,1
150,1.499976,0,0,0,0,0.013024589,0.0185001642,0.00135128724,2.80347443,-0.0217731129,0.00615041237,9.76954079,-0.00214331108,-0.000560861954,0.00135128724,2.80471706,-0.000254631042,1
151,1.509984,0,0,0,0,0.0299561098,0.0810932815,0.000286022841,2.80347443,-0.086438641,0.00136037311,9.79828167,0.00211774674,0.0015696669,0.000286022841,2.80471706,-0.000254631042,1
152,1.519982,0,0,0,0,0.00732391933,0.132213965,0.000286022841,2.80337858,-0.127153978,-0.0369599424,9.75277615,0.00105248217,-0.000560861954,0.000286022841,2.80471706,-0.000254631042,1
153,1.529979,0,0,0,0,-0.000872188015,0.0944751874,0.00135128724,2.80337858,-0.0888336599,-0.0321699008,9.84139156,-1.27822468e-05,0.00263493136,0.00135128724,2.80471706,-0.000254631042,1
154,1.539982,0,0,0,0,0.019453492,0.0873249844,0.00135128724,2.80347443,-0.0888336599,-0.0106147248,9.81504631,-1.27822468e-05,0.0015696669,0.00135128724,2.80471706,-0.000254631042,1
155,1.549980,0,0,0,0,0.00380674028,0.057282459,0.000286022841,2.80357075,-0.0553033873,-0.0154047646,9.77672672,-0.00107804674,-0.00269139092,0.000286022841,2.80471706,-0.000254631042,1
156,1.559976,0,0,0,0,0.0117179146,0.123051926,-0.00184450613,2.80337858,-0.119968921,-0.0297748819,9.82462692,0.00211774674,0.000504402502,-0.00184450613,2.80471706,-0.000254631042,1
157,1.569984,0,0,0,0,0.0169531573,0.0729724169,0.00241655181,2.80337858,-0.0744635463,-0.00821970589,9.78151608,0.00105248217,0.00476546027,0.00241655181,2.80471706,-0.000254631042,1
158,1.580003,0,0,0,0,0.0430167727,0.0460357293,-0.00184450613,2.80347443,-0.0576984063,0.0253105685,9.81744194,0.00105248217,-0.00162612647,-0.00184450613,2.80471706,-0.000254631042,1
159,1.589977,0,0,0,0,0.0231778659,0.0834766552,-0.000779241615,2.80347443,-0.086438641,-0.00582468603,9.82462692,0.00105248217,0.000504402502,-0.000779241615,2.80471706,-0.000254631042,1
160,1.599997,0,0,0,0,-0.011919518,0.113593943,0.00135128724,2.80337858,-0.103203781,-0.0489350408,9.76954079,0.0031830112,0.0015696669,0.00135128724,2.80471706,-0.000254631042,1
161,1.609982,0,0,0,0,0.00833642576,0.0556923784,0.00135128724,2.80337858,-0.0553033873,-0.0106147248,9.84618187,-0.00107804674,0.0015696669,0.00135128724,2.80471706,-0.000254631042,1
162,1.620002,0,0,0,0,0.047856763,0.110341728,0.00241655181,2.80347443,-0.119968921,0.00854543224,9.79109669,-0.00107804674,0.000504402502,0.00241655181,2.80471706,-0.000254631042,1
163,1.629976,0,0,0,0,0.0262317378,0.0849416107,-0.000779241615,2.80347443,-0.0888336599,-0.00342966616,9.72403622,-1.27822468e-05,0.0015696669,-0.000779241615,2.80471706,-0.000254631042,1
164,1.640006,0,0,0,0,0.0312572904,0.113640524,0.00241655181,2.80337858,-0.117573902,-0.00821970589,9.7791214,0.00105248217,-0.000560861954,0.00241655181,2.80471706,-0.000254631042,1
165,1.650005,0,0,0,0,-0.0496117137,0.078613244,-0.00184450613,2.80337858,-0.0576984063,-0.0728852376,9.88450241,0.0031830112,0.00370019581,-0.00184450613,2.80471706,-0.000254631042,1
166,1.659979,0,0,0,0,0.0327113532,0.110589638,0.000286022841,2.80347443,-0.115178876,-0.00582468603,9.79588604,-0.00107804674,0.0015696669,0.000286022841,2.80471706,-0.000254631042,1
167,1.669999,0,0,0,0,0.0226820353,0.0531858467,0.000286022841,2.80347443,-0.0576984063,0.00375539274,9.78391171,-0.00107804674,-0.00162612647,0.000286022841,2.80471706,-0.000254631042,1
168,1.679975,0,0,0,0,-0.00581149012,0.116523273,-0.000779241615,2.80337858,-0.107993819,-0.0441449992,9.7623558,-1.27822468e-05,0.000504402502,-0.000779241615,2.80471706,-0.000254631042,1
169,1.689983,0,0,0,0,-0.0291529782,0.079033874,-0.00184450613,2.80337858,-0.0648834705,-0.0537250787,9.81025696,-0.00107804674,0.000504402502,-0.00184450613,2.80471706,-0.000254631042,1
170,1.700002,0,0,0,0,-0.00162970915,0.0490387343,0.000286022841,2.80357075,-0.0457233116,-0.0177997835,9.81744194,0.00105248217,0.00370019581,0.000286022841,2.80471706,-0.000254631042,1
171,1.710005,0,0,0,0,0.0276888087,0.0818904117,0.00135128724,2.80357075,-0.086438641,-0.00103464653,9.79828167,-0.00107804674,-0.00375665538,0.00135128724,2.80471706,-0.000254631042,1
172,1.719978,0,0,0,0.00295330514,-0.020240305,0.0682824776,0.000286022841,2.80337858,-0.0576984063,-0.0417499803,9.75038147,0.00105248217,0.000504402502,0.000286022841,2.80471706,-0.000254631042,1
173,1.730004,0,0.00885991566,-0.00516828429,0.00885991566,0.00908452645,0.101128526,-0.00184450613,2.80337858,-0.0984137431,-0.0249848422,9.7144556,0.00211774674,0.00263493136,-0.00184450613,2.80471706,-0.000254631042,1
174,1.739979,-0.053159494,0.0981974006,-0.0634960607,0.0679260194,-0.149478614,0.0400970057,-0.00397503516,2.80347443,0.0117571615,-0.154315904,9.75038147,0.00637880433,0.000504402502,-0.00397503516,2.80471706,-0.000254631042,1
175,1.750002,-0.143973619,0.0738326311,-0.177936628,0.0457762294,-0.119678073,0.796324909,-0.0497814044,2.80347443,-0.711538792,-0.377052754,9.41028786,0.0298146233,0.0015696669,-0.0497814044,2.80453396,-0.000254631042,1
176,1.760036,-0.126992121,0.120347172,-0.126992121,0.120347172,-2.52223778,0.93794775,-0.113697276,2.8016696,-0.0433282889,-2.69064164,9.01031971,0.0436630584,0.0228749551,-0.113697276,2.80389309,-0.000254631042,1
177,1.769985,-0.111487262,0.109272294,-0.163908437,0.0612810813,-0.0401136316,0.355087191,-0.160568923,2.80010891,-0.321150571,-0.156710923,7.75293446,0.0532504395,0.0516370945,-0.160568923,2.80261135,-0.000254631042,1
178,1.779998,-0.0575894527,0.100412376,-0.111487262,0.13068375,1.62149477,-0.590923607,-0.18293947,2.79893208,0.0117571615,1.72577453,8.60556126,0.075620994,0.10170453,-0.18293947,2.80105495,-0.000254631042,1
179,1.789983,-0.163908437,0.140282005,-0.110010616,0.149141908,0.844370604,0.157651439,-0.194657385,2.79687405,-0.433716506,0.741421402,9.70727062,0.0575114973,0.13046667,-0.194657385,2.79940701,-0.000254631042,1
180,1.800005,-0.0974590778,0.203778043,-0.190488189,0.106318988,0.287181914,-0.859539092,-0.191461578,2.7954092,0.711102903,0.561794937,11.5490408,0.0926652253,0.159228802,-0.191461578,2.7976675,-0.000254631042,1
181,1.809979,-0.216329604,0.226666182,-0.270965725,0.198609769,2.01507878,-0.0603836067,-0.18293947,2.79375267,-0.630108118,1.91498101,9.7623558,0.11503578,0.134727731,-0.18293947,2.79586697,-0.000254631042,1
182,1.820005,-0.159478486,0.21116133,-0.259890854,0.191226512,1.32526326,-2.22148037,-0.157373115,2.79199982,1.63318539,2.0059917,10.6197729,0.152320042,0.138988778,-0.157373115,2.79421902,-0.000254631042,1
183,1.829979,-0.184581578,0.273180723,-0.262844145,0.25324592,0.916787505,-0.40474838,-0.1520468,2.79019499,0.0644475967,1.00008357,9.85576153,0.182147443,0.0633550063,-0.1520468,2.79266262,-0.000254631042,1
184,1.839997,-0.139543667,0.223712862,-0.354396641,0.202301398,1.4127326,-1.39310431,-0.171221554,2.7886343,0.81887877,1.8072052,10.4066162,0.191734821,0.0196791627,-0.171221554,2.79110622,-0.000254631042,1
185,1.849983,-0.105580665,0.231096148,-0.374331415,0.151356876,0.0386105105,0.0727696121,-0.199983701,2.78697777,-0.0816486031,0.0109404512,9.43902874,0.186408505,-0.0570198782,-0.199983701,2.78936672,-0.000254631042,1
186,1.860002,-0.145450279,0.28056401,-0.389836311,0.31305033,-0.592237294,-1.48107195,-0.228745848,2.7837081,1.34338808,0.636040568,10.6724634,0.143797919,-0.0868472829,-0.228745848,2.78732204,-0.000254631042,1
187,1.870000,-0.26948911,0.444472402,-0.524211705,0.242171019,0.137683809,-0.379147887,-0.278813273,2.78160667,1.18771183,0.99050349,10.7730541,0.0607072897,-0.132653654,-0.295857489,2.78488064,-0.000254631042,1
188,1.879985,-0.324863553,0.481388688,-0.598044336,0.342583388,0.116520815,-1.8295356,-0.334207028,2.77881622,2.6702292,0.839617252,11.8268633,0.0180967133,-0.189112678,-0.34485966,2.78195095,-0.000254631042,1
189,1.889996,-0.395742863,0.588446021,-0.694026709,0.32412526,-0.624709725,-0.147049487,-0.395992368,2.77456141,0.143483236,0.0660259053,8.98637009,-0.0564718023,-0.213613763,-0.418362916,2.77847195,-0.000254631042,1
190,1.899982,-0.412724406,0.237741053,-0.74349463,0.447425723,-0.809096038,-0.34917438,-0.545129359,2.76845789,1.25477231,-0.13994579,9.82462692,-0.0522107445,-0.1251968,-0.582413614,2.7740469,-0.000254631042,1
191,1.909999,-0.473267168,0.341106772,-0.839477003,0.423060954,-0.100823611,-0.0499196462,-0.67402637,2.76356602,0.634462237,-1.145854,8.33013439,-0.132105574,-0.0548893511,-0.690005362,2.76824856,-0.000254631042,1
192,1.920001,-0.485818714,0.413462758,-0.85793519,0.476958781,0.629338205,-0.293564111,-0.791205466,2.75657272,-0.167869315,-0.147130847,8.96481419,-0.158737183,0.0356581286,-0.816771805,2.76144314,-0.000254631042,1
193,1.929978,-0.592137635,0.390574604,-0.725036442,0.476958781,1.13234794,-0.166610792,-0.895601392,2.75012064,-0.2780402,1.11025441,8.14811325,-0.153410852,0.103835061,-0.905188799,2.75347805,-0.000254631042,1
194,1.940006,-0.682951808,0.581801116,-0.871963322,0.561866343,2.16849065,1.21824086,-0.92862457,2.74001503,-1.96892405,1.51980281,8.121768,-0.112930819,0.233797312,-0.940342486,2.74496365,-0.000254631042,1
195,1.949982,-0.736111343,0.458500624,-0.865318418,0.54193145,4.50957108,-0.101836994,-0.974430978,2.73127842,-1.70547199,4.17587948,8.04991722,-0.0554065369,0.339258522,-0.961647809,2.736022,-0.000254631042,1
196,1.960000,-0.581062853,0.615764141,-0.938412786,0.553006411,5.5921216,-3.7073977,-0.856186628,2.72288132,1.11346614,6.61640501,8.27265358,0.0212925076,0.364824861,-0.821032882,2.727355,-0.000254631042,1
197,1.969986,-0.547099769,0.561866343,-0.986403883,0.561866343,2.13913012,-0.274331182,-0.767769635,2.71522617,-0.634898186,2.06107736,10.2221994,0.0415325277,0.299843729,-0.767769635,2.71969509,-0.000254631042,1
198,1.980003,-0.538239896,0.65637207,-0.887468219,0.660802066,6.74593401,-4.25208139,-0.58667469,2.71108484,1.04880059,7.90492535,11.357439,0.177886382,0.0772034451,-0.58667469,2.71298122,-0.000254631042,1
199,1.989978,-0.711008191,0.510921776,-0.826925516,0.673353553,-1.08686125,-1.54811883,-0.439668208,2.70310736,1.86310732,-0.326757342,11.6711864,0.203452736,-0.139045238,-0.439668208,2.70812893,-0.000254631042,1
200,2.000006,-0.711008191,0.560389698,-1.08829296,0.534548223,2.82181692,0.119498312,-0.492931426,2.69765806,-1.31987381,2.49697089,10.8904104,0.153385311,-0.253028542,-0.492931426,2.70303249,-0.000254631042,1
201,2.009980,-0.869009972,0.505015194,-1.21011674,0.534548223,-1.32052243,1.19198322,-0.444994539,2.69407415,-0.5031721,-1.7062887,9.44381809,-0.0138612203,-0.131588385,-0.444994539,2.69833279,-0.000254631042,1
202,2.019978,-0.797392428,0.571464598,-1.07574141,0.529379964,-1.13722467,0.0646579564,-0.496127218,2.69231176,0.435675621,-1.05244827,10.9383106,-0.069254972,0.0143528394,-0.496127218,2.69357204,-0.000254631042,1
203,2.029975,-0.853505194,0.536024868,-1.16360223,0.492463619,2.66021276,1.61755443,-0.469495595,2.68901539,-2.61797428,1.68505919,10.4066162,-0.213065669,0.265755236,-0.469495595,2.6886282,-0.000254631042,1
204,2.039984,-0.869009972,0.693288386,-1.07131159,0.393527865,-2.27299571,-0.359731376,-0.470560879,2.68287706,1.329018,-1.87873006,9.82941628,-0.235436216,0.308365852,-0.470560879,2.68395901,-0.000254631042,1
205,2.049980,-0.657110393,0.591399372,-1.07131159,0.409032762,6.26480865,-1.71386039,-0.407710284,2.67782021,-1.26957834,6.36971807,10.0545483,-0.282307863,0.424479663,-0.407710284,2.67928982,-0.000254631042,1
206,2.059977,-0.657110393,0.615764141,-0.798869073,0.384667993,1.66627777,-1.23224711,-0.239398479,2.67660856,0.354244947,2.04191709,14.9906836,-0.187499315,0.411696494,-0.239398479,2.67608547,-0.000254631042,1
207,2.069986,-0.737587929,0.532333255,-0.964254081,0.386144638,4.0445838,-4.57994652,-0.160568923,2.67699194,2.28223586,5.66797733,10.3970366,0.0191619787,0.283864766,-0.160568923,2.6737051,-0.000254631042,1
208,2.079982,-0.821018875,0.76785934,-1.1451441,0.492463619,1.49565876,-4.38827515,0.0375702791,2.67676544,3.25221896,3.30409241,10.5742674,-0.0447538905,-0.0634114668,0.0375702791,2.67275906,-0.000254631042,1
209,2.089978,-0.781887531,0.801822364,-1.25220132,0.611334205,2.92162299,-2.53251219,0.236774728,2.67646122,0.95299983,3.74717116,9.57554436,0.0394020006,-0.385121316,0.236774728,2.67361355,-0.000254631042,1
210,2.109996,-0.808467269,0.589922726,-1.12373269,0.527903259,3.57392669,5.26501369,0.362475932,2.68211985,-6.30390978,0.86835748,8.88577938,0.104383133,-0.626936376,0.362475932,2.6782217,-0.000254631042,1
211,2.119996,-0.713961542,0.32412526,-1.03218019,0.455547333,2.03881884,1.01481342,0.555288792,2.68939066,-1.80366778,1.3904717,14.3248682,0.194930613,-0.293508589,0.555288792,2.68167019,-0.000254631042,1
212,2.129982,-0.770074308,0.662278712,-0.96130085,0.325601876,1.67077971,0.4447276,0.499895036,2.6962347,-1.12108719,1.31622612,11.4891653,0.351524502,-0.243441164,0.499895036,2.68630886,-0.000254631042,1
213,2.140003,-0.883776605,0.544884801,-1.19018209,0.537501574,3.99760175,1.34238052,0.454088688,2.69762135,-2.92932677,3.03345513,9.20671177,0.198126405,0.0271360129,0.454088688,2.69030666,-0.000254631042,1
214,2.149977,-0.671138644,0.479912072,-1.2750895,0.372116446,-2.68184686,-1.6855489,0.614943624,2.69988012,2.6702292,-1.70389366,9.58512497,0.151254773,0.156033009,0.614943624,2.69515896,-0.000254631042,1
215,2.160004,-0.798869073,0.6098575,-1.3060993,0.387621284,-2.68448496,2.52761316,0.47006765,2.70820618,-1.16659248,-3.4977634,6.10755634,-0.0894949958,0.241254166,0.47006765,2.70025539,-0.000254631042,1
216,2.169978,-0.942842603,0.512398481,-1.29650104,0.465883881,-1.42581236,-1.31175435,0.378454894,2.71511173,1.78407168,-0.755465865,10.4185915,-0.347288996,0.293452144,0.378454894,2.70410061,-0.000254631042,1
217,2.179997,-0.640128911,0.510921776,-1.16360223,0.387621284,0.968445301,0.969467819,0.304951638,2.71861649,-1.28155351,0.485154331,9.16599655,-0.378181666,0.360563815,0.304951638,2.7075491,-0.000254631042,1
218,2.189985,-0.567034602,0.458500624,-0.8822999,0.297545522,-1.57203567,-0.385207295,0.317734838,2.72083139,0.993715167,-1.27758014,12.6531448,-0.412270129,0.343519568,0.317734838,2.71060085,-0.000254631042,1
219,2.199996,-0.621670783,0.454070717,-0.733896315,0.399434537,1.31496489,-0.812734067,0.272993714,2.72305536,0.208148777,1.53177786,13.1153831,-0.291895241,0.277473181,0.272993714,2.71362209,-0.000254631042,1
220,2.209998,-0.544146478,0.500585258,-0.747924507,0.355134934,1.72338247,3.11989546,0.369932771,2.72746801,-3.54963684,0.322292984,15.5822535,-0.252480447,0.0548328906,0.369932771,2.71667385,-0.000254631042,1
221,2.219975,-0.703624964,0.581801116,-0.669661939,0.40312618,1.60028315,-4.66323423,0.449827611,2.72984028,3.63302708,3.33283257,13.1321487,-0.110800289,-0.216809556,0.449827611,2.72073269,-0.000254631042,1
222,2.230000,-0.581062853,0.578847826,-0.896328092,0.442995787,1.36157274,-0.438859463,0.505221367,2.73406076,-0.136734053,1.42400205,0.620566368,0.108644187,-0.620544791,0.505221367,2.72521877,-0.000254631042,1
223,2.239986,-0.885991573,0.602474272,-0.576632857,0.547838032,4.34271717,-1.07376146,0.611747801,2.73783636,-0.718723834,4.41538143,2.503052,0.298261285,-0.575803638,0.611747801,2.73028469,-0.000254631042,1
224,2.250005,-0.860888481,0.536024868,-0.927337825,0.544884801,-1.61061299,3.97506118,0.594703555,2.74576139,-3.04668283,-3.01875949,2.08871341,0.452724606,-0.371272892,0.594703555,2.73611355,-0.000254631042,1
225,2.259981,-0.62905395,0.513875127,-0.891898096,0.502061903,-3.81161237,1.17424262,0.446631819,2.75200367,0.361430019,-3.97197723,14.0159111,0.346198171,-0.0666072592,0.446631819,2.74142361,-0.000254631042,1
226,2.270006,-0.712484896,0.566296279,-0.85793519,0.459977269,-0.955684423,2.06424499,0.45728448,2.75825405,-1.55698073,-1.65838826,7.34578133,0.134210542,0.183729887,0.45728448,2.74587917,-0.000254631042,1
227,2.279981,-0.836523712,0.543408155,-0.838000298,0.417154372,-1.7823329,-0.722180307,0.412543356,2.76012039,1.33380795,-1.38535607,14.6960964,-0.124648727,0.259363651,0.412543356,2.75036526,-0.000254631042,1
228,2.290005,-0.480650425,0.527903259,-0.766382694,0.409032762,-0.75606221,0.87698853,0.394433856,2.75957203,-0.531912327,-1.02849805,10.485652,-0.272720486,0.365890115,0.394433856,2.7546072,-0.000254631042,1
229,2.299979,-0.804037392,0.472528845,-0.715438187,0.361041576,-4.80848837,3.2465961,0.303886384,2.76325178,-1.24083817,-5.6676507,16.724678,-0.383507967,0.230601519,0.303886384,2.75845242,-0.000254631042,1
230,2.310001,-0.621670783,0.589922726,-0.821018875,0.411986113,-1.14745426,0.455323249,0.184576765,2.76983452,-0.0074029956,-1.23446977,18.9807873,-0.468729138,0.259363651,0.184576765,2.76116848,-0.000254631042,1
231,2.319986,-0.391312957,0.543408155,-0.737587929,0.338153452,-0.102158993,0.163227171,0.167532533,2.77101183,-1.0540266,0.580955088,12.5166283,-0.382442713,-0.0133440364,0.151553571,2.76336575,-0.000254631042,1
232,2.329998,-0.63717562,0.445949048,-0.507230163,0.442995787,-1.07689834,-1.99434745,0.160075679,2.77195358,0.850014031,3.31367254,6.38058853,-0.105473965,-0.150763154,0.15261884,2.76525784,-0.000254631042,1
233,2.339984,-0.470313877,0.636437237,-0.508706808,0.437089175,3.33083606,-0.953632891,0.230383143,2.77130938,1.06077576,2.48260069,2.2395997,0.06816414,-0.32972756,0.250623167,2.76739407,-0.000254631042,1
234,2.350003,-0.766382694,0.626839042,-0.75161618,0.515351772,1.04609847,0.23746787,0.22186102,2.77239084,-0.0672784895,1.72577453,1.21453118,0.247128576,-0.335053891,0.218665227,2.76998806,-0.000254631042,1
235,2.359976,-0.758999407,0.708793283,-0.758999407,0.574417889,-0.568434119,-0.608587027,0.231448397,2.77792692,0.943419755,-2.04159141,0.54871577,0.282282293,-0.294573843,0.231448397,2.77242947,-0.000254631042,1
236,2.369999,-0.712484896,0.646773815,-0.815850556,0.57737118,-1.58495522,2.70139766,0.198425204,2.77824926,-1.50668526,-2.3673141,0.43854484,0.354720294,-0.140110508,0.186707303,2.77480984,-0.000254631042,1
237,2.379986,-0.70510155,0.615764141,-0.869009972,0.547838032,-11.015502,-1.6250546,0.0759197995,2.77847528,5.4316864,-2.74812222,-7.02194166,0.177886382,0.0750729144,0.068462953,2.77639675,-0.000254631042,1
238,2.389983,-0.618717492,0.589922726,-0.771550953,0.521996677,-4.47188759,2.66115475,0.0503534526,2.78016663,-0.907930374,-5.12398148,7.57570314,-0.0799076185,0.227405727,0.0333092213,2.77731228,-0.000254631042,1
239,2.399980,-0.658587098,0.642343938,-0.753092885,0.505015194,-2.92885423,1.22968304,-0.0529771969,2.78035831,-0.115178876,-3.17443562,17.2827187,-0.177911937,0.232732043,-0.076413013,2.77767849,-0.000254631042,1
240,2.410002,-0.589184403,0.549314737,-0.737587929,0.521996677,-2.50702572,0.181136906,-0.164829969,2.77866697,0.720682979,-2.40802932,20.2884693,-0.209869877,0.200774118,-0.163764715,2.77688503,-0.000254631042,1
241,2.420005,-0.501323521,0.568511188,-0.665970266,0.547838032,-0.508511722,-1.59036744,-0.210636348,2.77245998,1.66671574,0.0995561779,14.9427834,-0.108669758,-0.0378451198,-0.210636348,2.77551174,-0.000254631042,1
242,2.429978,-0.60468924,0.512398481,-0.589184403,0.523473322,4.05251741,-0.509098947,-0.258573234,2.76953888,-0.998941123,3.96032786,16.2696247,-0.0447538905,-0.160350531,-0.258573234,2.77343655,-0.000254631042,1
243,2.440001,-0.528641641,0.532333255,-0.504276812,0.597306013,3.74000859,-2.4503665,-0.153112069,2.76980019,0.924259603,4.37466621,14.1093168,0.0521851741,-0.247702226,-0.153112069,2.77181911,-0.000254631042,1
244,2.449976,-0.598044336,0.475482106,-0.41124776,0.6098575,4.42286825,-0.155787572,-0.0401940234,2.7704792,-1.45878494,4.17827463,7.24998045,0.218366444,-0.227462202,-0.0401940234,2.77117825,-0.000254631042,1
245,2.460001,-0.702148318,0.572941244,-0.722083151,0.619455755,-1.37981832,-0.0333823748,0.0844419152,2.76862097,0.533871412,-1.27279007,8.28223419,0.243932784,-0.176329508,0.0844419152,2.77160549,-0.000254631042,1
246,2.469976,-0.609119177,0.538978219,-0.802560687,0.592876017,-1.658921,-0.45195359,0.0908335,2.76899433,1.02485049,-1.380566,0.342744052,0.199191675,-0.146502092,0.0908335,2.77236843,-0.000254631042,1
247,2.479997,-0.671138644,0.615764141,-0.975328982,0.527903259,3.18462706,2.04664755,0.030113427,2.76993418,-3.06344795,2.22393847,7.38649654,0.0319451503,0.0239402205,0.030113427,2.77273464,-0.000254631042,1
248,2.489982,-0.685166776,0.482865393,-0.887468219,0.561866343,2.32683277,1.20283854,0.0237218402,2.77085638,-1.9641341,1.73295951,0.824142992,0.0170314498,0.00689598918,0.0237218402,2.77310085,-0.000254631042,1
249,2.500001,-0.63200736,0.474005491,-0.757522762,0.534548223,-1.47769368,2.54703069,-0.0391287617,2.76815987,-1.83240795,-2.30504346,4.66814947,-0.0873644724,0.262559444,-0.0391287617,2.7730093,-0.000254631042,1
250,2.509976,-0.522735,0.505015194,-0.862365067,0.515351772,-1.56404734,-0.148210227,-0.0220845304,2.76806974,0.708707869,-1.40212119,11.6640015,-0.215196192,0.344584823,-0.0220845304,2.77264309,-0.000254631042,1
251,2.520004,-0.511660099,0.537501574,-0.945796013,0.489510328,1.45308125,-0.323666751,-0.0657603741,2.77209425,-0.222954765,1.47190237,16.6600132,-0.278046787,0.363759607,-0.0657603741,2.77233791,-0.000254631042,1
252,2.529979,-0.55005312,0.554483056,-0.742017984,0.431920886,-1.7491529,1.30214953,-0.046585612,2.77192497,-0.582207739,-2.10146689,17.6371803,-0.265263617,0.260428935,-0.046585612,2.77194118,-0.000254631042,1
253,2.540001,-0.474743813,0.421584338,-0.616502464,0.407556087,-2.34470105,-1.31773198,-0.0316719115,2.76888752,2.08105421,-1.70389366,15.3020363,-0.191760376,0.0814645067,-0.0316719115,2.77157497,-0.000254631042,1
254,2.549976,-0.62905395,0.407556087,-0.663017035,0.464407265,2.28828096,-0.951876521,0.0279828981,2.76856136,0.0524724945,2.47781062,16.4516468,-0.162998244,-0.051693555,0.0279828981,2.77139187,-0.000254631042,1
255,2.559983,-0.633484006,0.474005491,-0.596567631,0.421584338,2.47943282,-0.751594901,0.131313547,2.77037859,-0.199004561,2.58319163,14.3536091,-0.0372970402,-0.184851617,0.131313547,2.77188015,-0.000254631042,1
256,2.569980,-0.616502464,0.406079471,-0.648988843,0.431920886,4.50181818,-0.348654866,0.202686265,2.77430534,-1.29113352,4.32676601,4.95794678,0.0596420243,-0.331858099,0.202686265,2.77337551,-0.000254631042,1
257,2.579976,-0.771550953,0.352181673,-0.845383644,0.397957891,0.697585344,0.566920042,0.381650686,2.77654076,-0.778599322,0.449229032,2.62759304,0.0521851741,-0.225331664,0.381650686,2.77584743,-0.000254631042,1
258,2.589983,-0.77893424,0.529379964,-1.10379791,0.386144638,0.880738437,-0.132248208,0.448762357,2.78097391,-0.187029466,0.870752454,1.36541748,0.0841431096,-0.140110508,0.448762357,2.77947903,-0.000254631042,1
259,2.599980,-0.849813581,0.347013354,-1.07278812,0.318218619,1.96261883,0.959518254,0.502025604,2.78880692,-1.57853591,1.51022267,2.7784791,0.0095745977,0.131531939,0.502025604,2.78372097,-0.000254631042,1
260,2.609977,-0.831355333,0.35661158,-0.990833938,0.330031872,2.21289992,-0.0575931743,0.598964632,2.79631758,-0.694773674,2.10179257,8.01399136,0.0713599324,0.320083737,0.598964632,2.78875637,-0.000254631042,1
261,2.619986,-0.723559737,0.409032762,-1.0063386,0.25324592,1.51173556,-1.66298163,0.705491066,2.8062005,1.07275081,1.9748565,8.40437984,0.0127703911,0.342454314,0.705491066,2.79467678,-0.000254631042,1
262,2.629983,-0.723559737,0.338153452,-0.958347499,0.206731379,1.72512293,0.304595143,0.803495407,2.81257963,-0.845659912,1.53417289,10.682044,-0.0181222782,0.370151192,0.803495407,2.80154324,-0.000254631042,1
263,2.650002,-0.712484896,0.284255594,-0.990833938,0.214114636,-1.11779928,1.46331334,0.945175588,2.83255816,-1.0540266,-1.50989699,15.711585,-0.151280329,0.283864766,0.945175588,2.81817532,-0.000254631042,1
264,2.660003,-0.758999407,0.378023058,-0.955394268,0.212637976,0.722652853,-0.0900146365,0.979264081,2.84550381,-0.124758959,0.717471242,17.1988926,-0.0980171114,0.0100917816,0.979264081,2.82730007,-0.000254631042,1
265,2.669979,-0.836523712,0.376546443,-0.805513978,0.290162235,0.544692159,1.04560363,1.02933145,2.85464859,-1.15701246,0.226492211,15.2158155,0.0330104157,-0.256224334,1.02933145,2.83682156,-0.000254631042,1
266,2.680006,-0.835047007,0.339630127,-0.938412786,0.228142828,2.05647945,-0.036377959,1.08472526,2.86232042,-0.531912327,1.98683167,13.7907791,0.101187341,-0.493778288,1.08472526,2.84683132,-0.000254631042,1
267,2.689980,-0.880823314,0.265059143,-0.73241967,0.284255594,2.67528462,3.49956489,1.09963906,2.87028027,-4.08851624,1.63955379,8.19122314,0.0308798868,-0.470342487,1.09963906,2.85729885,-0.000254631042,1
268,2.699977,-0.904449761,0.259152532,-0.990833938,0.297545522,-1.65097058,1.6742276,1.12840116,2.88248539,-1.19533277,-2.02482629,8.51934052,-0.00427384023,-0.362750769,1.12840116,2.86816311,-0.000254631042,1
269,2.709998,-0.913309634,0.305667102,-1.02775025,0.322648585,0.609462559,1.14166379,1.11987901,2.89720058,-1.25520825,0.315107942,1.33188713,-0.0330359787,-0.202961117,1.11987901,2.87893581,-0.000254631042,1
270,2.719984,-0.885991573,0.318218619,-0.987880588,0.31600368,-1.46627271,2.79194117,1.04424524,2.91000748,-2.38086748,-2.06793666,5.46090078,-0.207739338,-0.0879125446,1.04424524,2.88970852,-0.000254631042,1
271,2.730003,-0.838000298,0.35956493,-0.962777376,0.31600368,-1.72655177,1.93797755,0.964350343,2.91789818,-1.50668526,-2.11344194,9.37675762,-0.307874203,-0.0559546128,0.964350343,2.89987087,-0.000254631042,1
272,2.739976,-0.742017984,0.417154372,-0.860888481,0.352181673,-0.340882808,0.755664468,0.878063917,2.92275524,-0.663638413,-0.496803731,12.0376244,-0.349419504,-0.175264239,0.878063917,2.90927029,-0.000254631042,1
273,2.750003,-0.839477003,0.448902398,-0.863841772,0.331508517,-0.823978603,-0.694851339,0.852497578,2.92999268,0.852409005,-0.659665048,12.7992411,-0.306808949,-0.291378051,0.852497578,2.91805935,-0.000254631042,1
274,2.759977,-0.832832038,0.488033652,-0.777457535,0.362518221,-1.09414315,-1.67290497,0.887651324,2.94040251,2.04752374,-1.66796827,11.6472368,-0.189629853,-0.389382362,0.887651324,2.92681789,-0.000254631042,1
275,2.769997,-0.806990683,0.442995787,-0.791485727,0.387621284,1.32789779,0.390764266,0.937718749,2.95351505,-2.66826963,1.96288145,3.32693863,-0.0277096573,-0.264746457,0.937718749,2.93609524,-0.000254631042,1
276,2.779982,-0.836523712,0.530856609,-0.941366017,0.397957891,-2.29074907,1.6477139,0.922805011,2.96109104,-1.64799142,-1.51468706,5.78901863,0.155515835,0.0122223105,0.900434494,2.9455862,-0.000254631042,1
277,2.789996,-0.840953648,0.493940294,-0.897804797,0.375069767,3.1655755,1.32928193,0.822670162,2.96872854,-1.99047923,1.70421934,7.50145769,0.292934954,0.313692153,0.807756484,2.95446682,-0.000254631042,1
278,2.799983,-0.865318418,0.530856609,-0.92586112,0.384667993,-1.15611923,0.323428869,0.778994322,2.9749279,-0.0624884479,-2.42718959,10.7395239,0.388808757,0.417022824,0.763015389,2.96264553,-0.000254631042,1
279,2.810004,-0.809943914,0.597306013,-0.871963322,0.369163156,0.65639019,1.03319943,0.649032056,2.97889566,-0.577417672,0.24086234,12.1046858,0.533684731,0.44152391,0.638379455,2.97003078,-0.000254631042,1
280,2.819980,-0.798869073,0.50649184,-0.907403111,0.520520031,-0.791304886,-0.0437715948,0.549962461,2.98397923,0.3374798,-0.568654299,11.7981224,0.448463559,0.42874074,0.532918274,2.97643948,-0.000254631042,1
281,2.829997,-0.871963322,0.65637207,-0.859411776,0.555959702,-2.91807151,0.285462439,0.450892895,2.99021292,-0.2780402,-3.22952104,10.1982498,0.290804416,0.389325947,0.422130734,2.98196316,-0.000254631042,1
282,2.839982,-0.843906999,0.657848716,-0.945796013,0.710269868,0.971139669,-2.46597934,0.355019093,2.9960022,2.29900098,1.31862116,9.22587204,0.152320042,0.165620387,0.356084347,2.98644924,-0.000254631042,1
283,2.850006,-0.845383644,0.707316577,-0.871963322,0.72429812,-0.79049474,3.0644753,0.355019093,2.99990845,-2.92214179,-1.21530962,8.33971405,-0.100147642,0.0569634177,0.356084347,2.99069118,-0.000254631042,1
284,2.860005,-0.744971275,0.608380854,-0.897804797,0.731681347,0.754085958,-0.235391378,0.39549914,3.00012684,0.126718104,0.779741764,13.4243412,-0.267394155,-0.0133440364,0.378454894,2.99499416,-0.000254631042,1
285,2.869979,-0.716914833,0.62093246,-0.737587929,0.574417889,1.43210292,1.51369619,0.331583261,3.00393724,-1.69589186,1.21084523,14.7847118,-0.250349909,-0.11241363,0.331583261,2.99899197,-0.000254631042,1
286,2.880003,-0.775980949,0.64825052,-0.720606506,0.612810791,3.94065905,-0.500980437,0.347562224,3.00905561,-0.0241681337,3.97230291,13.9775906,-0.233305693,-0.284986466,0.347562224,3.00277615,-0.000254631042,1
287,2.889978,-0.766382694,0.684428513,-0.692550123,0.571464598,3.96390104,0.548710823,0.392303348,3.0119853,-1.05642164,3.85973692,8.01638699,-0.104408704,-0.388317108,0.392303348,3.00698757,-0.000254631042,1
288,2.899998,-0.81954217,0.730204701,-0.756046116,0.608380854,2.95957541,-1.05424345,0.42639181,3.01442671,0.670387566,3.06938052,9.49171925,-0.0309054516,-0.283921182,0.42639181,3.01135159,-0.000254631042,1
289,2.909984,-0.790009141,0.86605674,-0.95022589,0.651942134,-1.54121375,-0.380550951,0.487111866,3.01977968,0.565006673,-1.48355186,2.99403095,0.155515835,-0.282855928,0.487111866,3.01614285,-0.000254631042,1
290,2.920004,-0.945796013,0.503538489,-0.992310584,0.694765031,-8.86773396,5.87040472,0.284711629,3.02206421,-4.77109671,-9.50447273,9.26658726,0.0884041637,-0.071933575,0.284711629,3.02032375,-0.000254631042,1
291,2.929999,-0.768597662,0.824710429,-0.907403111,0.702886701,-0.90850091,0.563873351,0.260210544,3.02346754,-0.452876657,-0.968622625,9.46537399,0.109709457,0.0953129455,0.260210544,3.0230093,-0.000254631042,1
292,2.939986,-0.843906999,0.6098575,-0.825448811,0.710269868,-4.0352931,1.30345678,0.131313547,3.0258913,-0.828894734,-4.15878868,10.8185596,0.0884041637,0.208230972,0.131313547,3.02548122,-0.000254631042,1
293,2.950001,-0.725036442,0.846121907,-0.788532436,0.64529717,0.526597202,0.452545613,0.0109386677,3.02579546,-0.510357141,0.470784217,11.3286991,-0.0138612203,0.265755236,0.0109386677,3.0263052,-0.000254631042,1
294,2.959976,-0.742017984,0.68073684,-0.893374801,0.772289276,1.2950896,0.159709826,0.0120039321,3.02697229,-0.306780457,1.26832569,9.68332005,0.00531353988,0.24871102,0.0120039321,3.02697659,-0.000254631042,1
295,2.970003,-0.764906049,0.702886701,-0.787055731,0.668923616,2.69584298,-2.71311426,-0.0135624148,3.0271821,2.38761663,2.98794985,10.0976591,0.00850933325,0.18586041,-0.0135624148,3.02749538,-0.000254631042,1
296,2.979977,-0.713961542,1.02110529,-0.828402102,0.915524542,-1.00837898,-0.958824337,0.061006099,3.02685976,1.06796086,-0.891981959,7.51822281,-0.022383336,-0.139045238,0.061006099,3.02819729,-0.000254631042,1
297,2.990001,-0.885991573,0.728728056,-0.952440858,1.0351336,-3.40642786,0.658421159,0.0269176345,3.02672958,-0.263670087,-3.45944309,9.65697575,-0.0916255265,-0.31161806,0.0269176345,3.02883816,-0.000254631042,1
298,2.999976,-0.792962432,0.710269868,-0.876393318,0.640867233,2.73254299,-1.01837444,0.0546145104,3.02526474,0.694337726,2.83227348,12.1765356,-0.0372970402,-0.155024216,0.0546145104,3.02923489,-0.000254631042,1
299,3.009996,-0.823972225,0.731681347,-0.70510155,0.908141434,3.95997429,1.78303814,0.0918987691,3.02928352,-2.21561122,3.73519588,14.2889433,0.135275796,-0.0804556906,0.0918987691,3.03033352,-0.000254631042,1
300,3.020000,-0.797392428,0.786317527,-0.865318418,0.697718382,0.0475550331,2.38285232,0.00774287386,3.03164577,-2.3736825,-0.214191392,11.9394293,0.0649683475,0.0921171457,0.00774287386,3.03103542,-0.000254631042,1
301,3.029985,-0.989357293,0.804775655,-0.815850556,0.914047897,0.485407382,1.32171142,0.0290481634,3.02931786,-1.36777413,0.334268093,9.70727062,0.0809473172,0.160294071,0.0290481634,3.03140163,-0.000254631042,1
302,3.039997,-0.804037392,0.926599503,-0.862365067,0.736849725,3.06981516,-1.48241377,0.0130691966,3.02816772,1.12544131,3.21787167,10.7251539,0.139536873,0.24871102,0.0130691966,3.03176785,-0.000254631042,1
303,3.049983,-0.862365067,0.940627754,-1.03218019,0.849075198,-2.70822096,-1.72180152,0.0642018914,3.02851629,2.01638865,-2.49664521,4.60827398,0.169364274,0.152837217,0.0642018914,3.03225613,-0.000254631042,1
304,3.059980,-0.8822999,0.843168676,-0.835047007,0.903711379,4.85079908,0.135626107,-0.0135624148,3.03036499,-0.673218489,4.80576992,9.98030281,0.222627491,0.141119301,-0.0135624148,3.0325613,-0.000254631042,1
305,3.070003,-0.826925516,0.94505769,-1.04473174,0.858673453,2.28760719,-1.12285209,0.0439618677,3.03236151,0.866779149,2.39637995,13.9680109,0.00211774674,-0.0176050942,0.0439618677,3.03295803,-0.000254631042,1
306,3.079978,-0.897804797,0.895589769,-0.756046116,1.06097484,2.84991169,0.020075649,-0.0114318859,3.02978945,-0.337915719,2.82987857,10.0904741,-0.0298401862,-0.200830579,-0.0114318859,3.03332424,-0.000254631042,1
307,3.089976,-0.85498184,0.832093716,-0.869009972,0.970160723,-0.998426437,-0.775198877,0.0801808611,3.02781057,0.883544266,-0.903957069,7.66431904,-0.214130938,-0.28605172,0.0801808611,3.0335989,-0.000254631042,1
308,3.099985,-0.92586112,0.843168676,-0.989357293,0.851290226,1.35356474,-2.57543969,0.0759197995,3.02883101,2.40677667,1.63476372,10.6365385,-0.223718315,-0.147567362,0.0759197995,3.0343008,-0.000254631042,1
309,3.109982,-0.795915782,0.97754401,-0.8822999,0.919216216,-2.80433083,-1.5439589,0.139835656,3.03468895,1.83436704,-2.62358117,5.72435284,-0.275916278,-0.276464343,0.139835656,3.03521633,-0.000254631042,1
310,3.119980,-0.944319308,0.674830258,-0.921431243,0.880084932,-5.51097107,1.48399401,0.0482229255,3.0361886,-0.895955324,-5.63651562,15.4361572,-0.162998244,0.0409844518,0.0482229255,3.03619289,-0.000254631042,1
311,3.129977,-0.838000298,1.05802166,-0.897804797,0.905188084,3.44001913,0.12539883,0.0716587454,3.03484631,-0.49119699,3.40707827,17.6515503,-0.0298401862,-0.0559546128,0.0716587454,3.03649807,-0.000254631042,1
312,3.139984,-0.871963322,1.04989994,-0.71912986,0.799607396,1.33467519,4.11211824,0.115334585,3.03337383,-4.23221731,0.882727563,11.484375,0.101187341,-0.0442367047,0.115334585,3.03762722,-0.000254631042,1
313,3.149981,-0.913309634,0.73537302,-0.953917563,0.963515699,1.30550194,-0.916422188,0.0844419152,3.03231907,0.768583357,1.3976568,5.19984388,0.249259099,-0.0463672355,0.0844419152,3.03860378,-0.000254631042,1
314,3.159977,-0.993787229,0.985665619,-0.85498184,0.857196808,0.587984622,-3.41607833,0.120660909,3.03448963,3.33364964,0.949788153,13.4842167,0.162972689,-0.0527588204,0.120660909,3.03939724,-0.000254631042,1
315,3.169998,-0.869009972,0.943580985,-1.05285323,0.871225059,0.189520776,3.03109694,0.172858864,3.04015589,-3.03470778,-0.118390612,8.31097412,0.108644187,0.0548328906,0.172858864,3.04080105,-0.000254631042,1
316,3.179985,-0.907403111,0.987142205,-1.0233202,0.886729896,-2.15162516,-0.898777127,0.030113427,3.03945827,1.11346614,-2.04877639,7.26435089,-0.118257143,0.21675308,0.030113427,3.04202175,-0.000254631042,1
317,3.189982,-0.794439077,0.820280552,-0.990833938,0.80329901,2.56362367,-1.73740983,-0.036998231,3.03980732,1.46792912,2.72689271,6.90988779,-0.21732673,0.363759607,-0.036998231,3.0419302,-0.000254631042,1
318,3.200001,-0.790009141,0.883038282,-0.814373851,0.83873868,1.06562412,-1.26054299,-0.0423245542,3.0388484,1.14460146,1.18929005,10.3635063,-0.123583458,0.26682052,-0.0423245542,3.04180813,-0.000254631042,1
319,3.210006,-0.8822999,1.01298368,-0.896328092,0.855720162,1.62365305,-0.999840796,-0.0689561665,3.03769779,0.826063812,1.71858943,8.52173615,-0.031970717,0.169881448,-0.0689561665,3.04131985,-0.000254631042,1
320,3.219980,-0.826925516,0.954655945,-0.880823314,0.885253191,1.68874836,-1.22233355,-0.064695105,3.03683519,0.143483236,1.82157528,10.1647196,0.0979915485,0.0303318072,-0.0476508774,3.04067898,-0.000254631042,1
321,3.229997,-0.845383644,0.994525611,-0.840953648,0.948010981,1.47475708,-2.65793848,-0.0476508774,3.03766346,1.73856628,1.30904102,11.6568165,0.154450566,-0.139045238,-0.0508466698,3.04031277,-0.000254631042,1
322,3.239982,-0.916262865,1.018152,-0.852028489,0.962039173,-0.470017999,1.51630521,-0.0348677039,3.03673935,-0.98457104,-0.257301748,7.68826914,0.19280009,-0.32972756,-0.0327371769,3.03991604,-0.000254631042,1
323,3.249996,-0.904449761,0.849075198,-0.81954217,1.00855362,-0.710264266,-0.231155053,0.01626499,3.03362656,1.22842717,-2.90858841,9.24503231,0.0617725551,-0.364881307,0.0151997255,3.03973293,-0.000254631042,1
324,3.260004,-0.931767762,0.812158942,-0.842430294,0.898543119,-1.01444113,3.81447172,-0.00930135697,3.03251076,-2.97243714,-0.204611316,7.80802011,-0.140627682,-0.257289588,0.0215913113,3.03951931,-0.000254631042,1
325,3.269981,-0.85498184,0.782625914,-0.891898096,0.983450651,-3.64458108,4.84623194,0.061006099,3.03442812,-3.30294991,0.24086234,7.35775661,-0.353680581,0.0345928632,0.0418313369,3.03988552,-0.000254631042,1
326,3.280000,-0.91478622,0.741279602,-0.821018875,0.83873868,-1.60249722,-0.397085845,0.00135128724,3.03829002,0.560216665,-1.31829548,11.0844069,-0.287634194,0.22953625,-0.0199540015,3.04000759,-0.000254631042,1
327,3.289985,-0.787055731,0.861626863,-0.85498184,0.86605674,2.37150836,0.812332988,-0.0497814044,3.03974581,-1.04923654,2.27662897,10.2916555,-0.219457254,0.136858255,-0.048716139,3.03964138,-0.000254631042,1
328,3.300000,-0.806990683,0.891159832,-0.720606506,0.851290226,-1.13205945,0.710818887,-0.0955877751,3.0355444,-0.586997747,-1.20093954,11.9466143,-0.0937560573,0.0740076527,-0.10197936,3.03906155,-0.000254631042,1
329,3.309985,-0.852028489,0.939151108,-0.800345719,0.820280552,1.56560421,-0.454527199,-0.13287203,3.03164768,0.279999346,1.60602355,11.9082937,0.06816414,-0.108152568,-0.127545714,3.03796291,-0.000254631042,1
330,3.319998,-0.870486677,0.837262034,-0.771550953,0.94210434,1.14977205,3.82638049,-0.0348677039,3.03024435,-3.93044496,0.717471242,10.0305986,0.0553809665,-0.124131538,-0.0348677039,3.03716946,-0.000254631042,1
331,3.329984,-0.794439077,0.798130691,-0.780410945,0.889683127,0.594247222,-0.064341642,0.0215913113,3.03337383,-0.0002179367,0.597720265,11.7526178,0.113970511,0.00263493136,0.0215913113,3.03704739,-0.000254631042,1
332,3.340004,-0.8822999,0.793700755,-0.763429463,0.793700755,3.13816714,1.13134181,0.0407660753,3.03659868,-1.45399487,3.00232005,8.16727352,0.0745557249,0.0761381835,0.0407660753,3.03723049,-0.000254631042,1
333,3.349980,-0.815850556,0.821757138,-0.866795123,0.885253191,-2.68464732,1.32924306,0.0567450412,3.03542137,-1.03726149,-2.81039262,9.05821991,-0.00214331108,0.260428935,0.0567450412,3.03777981,-0.000254631042,1
334,3.359997,-0.852028489,0.908141434,-0.942842603,0.810682297,1.6286211,-1.54406261,0.0141344611,3.03529119,1.36254823,1.78325498,7.58049345,0.00105248217,0.197578326,0.0141344611,3.03796291,-0.000254631042,1
335,3.369984,-0.723559737,0.844645321,-0.768597662,0.722821474,2.20215273,-0.187799051,-0.00184450613,3.03366137,-0.0505133495,2.2095685,9.93240261,-0.0894949958,0.0452455096,-0.00184450613,3.03799343,-0.000254631042,1
336,3.379997,-0.763429463,0.818803847,-0.692550123,0.779672623,-1.87608385,-1.2730161,0.030113427,3.03353071,1.46792912,-1.72784376,8.40917015,-0.0884297341,-0.117739946,0.030113427,3.03808498,-0.000254631042,1
337,3.390006,-0.747924507,0.772289276,-0.689596713,0.80625236,-0.80369705,0.62155354,-0.00717082852,3.03429794,-0.531912327,-0.865636766,8.58161163,-0.0958865881,-0.0676725209,-0.00717082852,3.0379324,-0.000254631042,1
338,3.399981,-0.73241967,0.704363346,-0.758999407,0.789270818,-2.94225526,2.61499715,0.0386355445,3.03734922,-2.29464674,-3.19838595,13.4051809,-0.102278173,-0.0868472829,0.0386355445,3.03805447,-0.000254631042,1
339,3.409997,-0.763429463,0.704363346,-0.760476053,0.73537302,-0.811761141,1.27910805,0.0876377076,3.03782845,-1.18814766,-0.939882338,17.0216599,-0.110800289,-0.114544153,0.0876377076,3.03872585,-0.000254631042,1
340,3.419983,-0.753092885,0.708793283,-0.542669773,0.747186184,-2.8081882,3.0247848,0.0972250924,3.03658199,-2.71377516,-3.10977006,13.2686653,-0.16832456,-0.140110508,0.0972250924,3.03951931,-0.000254631042,1
341,3.429998,-0.740541279,0.634960651,-0.638652325,0.634960651,-0.982097745,2.33238864,-0.018888738,3.03381824,-2.21321607,-1.22728467,16.1043682,-0.209869877,-0.023996681,-0.018888738,3.03991604,-0.000254631042,1
342,3.439983,-0.716914833,0.634960651,-0.623147368,0.736849725,-0.803074002,0.850042999,0.00348181627,3.03731441,-0.761834204,-0.887191951,6.46920395,-0.225848839,-0.0527588204,0.00348181627,3.03973293,-0.000254631042,1
343,3.450004,-0.698456705,0.722821474,-0.616502464,0.697718382,0.0419322699,0.186140925,-0.00184450613,3.04040909,-0.189424485,0.0229155496,5.53275156,-0.08416868,0.0697465986,-0.00184450613,3.03973293,-0.000254631042,1
344,3.459978,-0.668185294,0.758261144,-0.63200736,0.705839932,0.916142523,0.654854417,-0.00930135697,3.03919744,-0.745069087,0.84440726,3.80833769,0.137406334,0.0505718328,-0.00930135697,3.03964138,-0.000254631042,1
345,3.470000,-0.720606506,0.719868183,-0.689596713,0.773765981,0.733306766,0.823854566,0.0173302535,3.03693104,-0.895955324,0.64322561,6.28478765,0.264172822,0.177338302,0.0173302535,3.03973293,-0.000254631042,1
346,3.479986,-0.726513088,0.753831089,-0.654157102,0.660802066,-0.821565807,0.889735758,-0.0274108537,3.03552723,-0.797759473,-0.911142111,6.17222166,0.258846492,0.176273033,-0.0274108537,3.03961086,-0.000254631042,1
347,3.490004,-0.73241967,0.765644372,-0.742017984,0.801822364,-1.89885175,-0.327025622,-0.00717082852,3.03785515,0.521896303,-1.85477984,9.93958759,0.230084345,0.14218457,-0.00717082852,3.03939724,-0.000254631042,1
348,3.499980,-0.764906049,0.786317527,-0.723559737,0.674830258,-5.53535604,-0.541834772,-0.0103666214,3.03804684,1.11107111,-5.44970417,11.3454638,0.146993712,-0.0751293674,-0.0103666214,3.0393362,-0.000254631042,1
349,3.509998,-0.804037392,0.694765031,-0.692550123,0.741279602,-1.13007283,2.72727728,-0.0732172206,3.03673935,-2.59402418,-1.40930617,16.2600441,-1.27822468e-05,-0.0889778063,-0.0732172206,3.03896999,-0.000254631042,1
350,3.519999,-0.774504304,0.718391478,-0.657110393,0.731681347,0.24245815,0.971158803,-0.169091031,3.03270245,-0.991756082,0.135481477,12.7226,-0.0564718023,-0.0378451198,-0.169091031,3.0379324,-0.000254631042,1
351,3.529984,-0.69993329,0.663755357,-0.578109562,0.663755357,0.455933005,0.0587227829,-0.145655215,3.03254509,-0.107993819,0.446833998,9.36238766,-0.116126612,-0.0282577388,-0.145655215,3.03640652,-0.000254631042,1
352,3.540003,-0.66449368,0.761214435,-0.621670783,0.694765031,0.855856657,0.10546045,-0.119023591,3.0341754,-0.196609542,0.839617252,8.52413082,-0.0724507645,0.0292665418,-0.119023591,3.03521633,-0.000254631042,1
353,3.549979,-0.722083151,0.719868183,-0.657110393,0.682213545,1.16798866,0.746004403,-0.112632006,3.03169012,-0.869610071,1.07911921,6.91228294,0.0340756811,-0.0250619445,-0.112632006,3.03405666,-0.000254631042,1
354,3.560002,-0.679998517,0.753831089,-0.73241967,0.736849725,-2.13180208,-1.69812632,-0.0700214282,3.028543,1.92777288,-1.9266305,6.22730732,0.0649683475,-0.0953693986,-0.0700214282,3.03317165,-0.000254631042,1
355,3.569977,-0.678521872,0.733157992,-0.703624964,0.600997686,0.592667758,2.3066256,-0.0902614519,3.02685213,-2.3593123,0.324688017,10.3036308,0.0106398622,-0.139045238,-0.0902614519,3.03219509,-0.000254631042,1
356,3.580104,-0.69698,0.710269868,-0.712484896,0.68073684,-0.563933671,-0.244184434,-0.0178234726,3.02835131,0.306344569,-0.53272903,10.5287628,-0.00853489805,-0.253028542,-0.0178234726,3.03158474,-0.000254631042,1
357,3.589976,-0.661540389,0.540454865,-0.584754407,0.663755357,0.624079823,2.30084872,-0.0348677039,3.02755785,-2.35691738,0.358218282,9.19952679,0.0713599324,-0.249832749,-0.0348677039,3.03127956,-0.000254631042,1
358,3.599984,-0.66449368,0.617979109,-0.610595882,0.622409105,-2.33015847,1.46221066,0.0759197995,3.02682543,-1.18575263,-2.48227501,9.96353817,-0.0149264848,-0.201895848,0.0759197995,3.03112698,-0.000254631042,1
359,3.609981,-0.660063744,0.614287496,-0.60173595,0.547838032,-0.606227517,1.55126894,0.101486146,3.02876949,-1.47315502,-0.77702105,12.4088526,-0.0586023293,-0.059150409,0.101486146,3.03179836,-0.000254631042,1
360,3.619979,-0.658587098,0.615764141,-0.635698915,0.6098575,0.112808906,1.71560776,0.0972250924,3.02934456,-1.71744704,-0.0800702944,8.50976086,-0.0447538905,0.0633550063,0.0972250924,3.03250027,-0.000254631042,1
361,3.629975,-0.648988843,0.608380854,-0.663017035,0.611334205,-0.600129008,0.399342477,0.0791155919,3.03109741,-0.330730677,-0.640504897,8.7133379,0.0575114973,0.25403735,0.0791155919,3.03326321,-0.000254631042,1
362,3.639982,-0.56112802,0.65637207,-0.668185294,0.558912992,-3.4118557,-1.58189511,-0.0380634964,3.03157663,1.94693303,-3.21754599,11.0245314,0.0095745977,0.243384689,-0.0380634964,3.03347683,-0.000254631042,1
363,3.649981,-0.60468924,0.64529717,-0.603212535,0.566296279,-1.469311,1.29379952,-0.108370952,3.03084421,-1.12348211,-1.60330284,11.4819803,-0.116126612,0.357367992,-0.108370952,3.03295803,-0.000254631042,1
364,3.659978,-0.453332365,0.608380854,-0.586231053,0.537501574,1.36939609,-1.58633244,-0.205310017,3.02899599,1.42242372,1.53896296,10.3898516,-0.031970717,0.161359325,-0.205310017,3.03158474,-0.000254631042,1
365,3.669975,-0.615025818,0.693288386,-0.59361434,0.566296279,-0.982740641,-0.767723382,-0.190396324,3.02711296,0.876359224,-0.468063504,11.034112,-0.0713855028,0.0580286831,-0.190396324,3.02975368,-0.000254631042,1
366,3.690005,-0.59361434,0.575894475,-0.592137635,0.646773815,0.243165165,0.00493053766,-0.10197936,3.02265835,2.18643498,-0.623739779,11.3071442,-0.010665427,-0.215744287,-0.076413013,3.02694607,-0.000254631042,1
367,3.699979,-0.624624014,0.71617651,-0.535286605,0.668923616,0.256207258,-1.26743197,-0.0156929437,3.02352095,-0.433716506,-2.43437457,7.61402369,-0.00533910468,-0.128392592,0.00454708049,3.02645779,-0.000254631042,1
368,3.710003,-0.63717562,0.538978219,-0.59361434,0.637913942,0.449871719,2.31073642,-0.0412592888,3.02524662,-1.54261065,-0.0537250787,5.70998287,0.01490092,0.0377886593,-0.0689561665,3.02633572,-0.000254631042,1
369,3.719978,-0.655633748,0.608380854,-0.589184403,0.598782599,0.22985813,-1.49797571,-0.048716139,3.02419996,0.787743509,0.0564458258,6.07163095,0.110774718,0.22953625,-0.0316719115,3.02560329,-0.000254631042,1
370,3.729996,-0.650465429,0.674830258,-0.599520981,0.612810791,0.334433854,-0.0799016953,0.00774287386,3.02512407,-0.321150571,1.29946101,8.26307392,0.235410675,0.348845899,0.00135128724,3.02542019,-0.000254631042,1
371,3.739983,-0.578109562,0.636437237,-0.640128911,0.608380854,-2.52593398,-2.38045597,-0.103044629,3.02279663,2.66304398,-0.606974661,9.4965086,0.0607072897,0.3541722,-0.114762537,3.02490139,-0.000254631042,1
372,3.750003,-0.612072468,0.623885691,-0.584754407,0.646773815,-2.65800309,2.30811381,-0.127545714,3.02008533,-1.96892405,-2.91816854,8.8091383,-0.207739338,0.259363651,-0.143524691,3.02374172,-0.000254631042,1
373,3.760004,-0.531594932,0.640867233,-0.654157102,0.57737118,-0.320539504,0.468563706,-0.175482616,3.02081776,-0.426531464,-0.37465772,14.9068584,-0.447423846,0.140054047,-0.177613154,3.02215481,-0.000254631042,1
374,3.769979,-0.55005312,0.551529765,-0.678521872,0.568511188,-1.43059111,0.42555511,-0.184004739,3.02027702,-0.249299973,-1.47157669,18.2000103,-0.428249091,-0.0389103815,-0.184004739,3.02053738,-0.000254631042,1
375,3.780000,-0.572202861,0.643820524,-0.423799306,0.632745624,0.272188753,-2.30238104,-0.192526847,3.01770496,2.25110054,0.554609895,15.0864849,-0.167259291,-0.306291759,-0.192526847,3.01876736,-0.000254631042,1
376,3.789985,-0.63717562,0.512398481,-0.468837202,0.657848716,1.02337718,1.78578782,-0.209571078,3.01352882,-1.90186357,0.786926806,11.1251221,-0.057537064,-0.323335975,-0.209571078,3.01684475,-0.000254631042,1
377,3.799982,-0.581062853,0.547838032,-0.457762271,0.693288386,1.63947618,0.0583088025,-0.204244763,3.01127958,-0.270855159,1.6179986,7.25477076,0.0330104157,-0.282855928,-0.204244763,3.01483059,-0.000254631042,1
378,3.810004,-0.638652325,0.580324471,-0.548576415,0.694765031,0.311839908,1.44750047,-0.164829969,3.01290941,-1.47555006,0.123506375,9.96593285,0.0990568101,-0.115609422,-0.164829969,3.01321316,-0.000254631042,1
379,3.819980,-0.633484006,0.608380854,-0.573679566,0.586969376,2.66740417,1.12242508,-0.123284653,3.01157475,-1.45878494,2.49936581,6.21293688,0.305718124,0.0196791627,-0.123284653,3.01174831,-0.000254631042,1
380,3.830007,-0.592137635,0.614287496,-0.610595882,0.612810791,1.2417599,-0.0282737743,0.0673976839,3.01045895,-0.134339035,1.23479545,4.23704624,0.427158266,0.184795156,0.0673976839,3.01153469,-0.000254631042,1
381,3.839998,-0.713961542,0.623885691,-0.725036442,0.602474272,-0.716142595,-0.311046213,0.0737892687,3.01026726,0.402145356,-0.669245124,1.06364501,0.458050936,0.313692153,0.0737892687,3.01205349,-0.000254631042,1
382,3.849983,-0.677045226,0.667446911,-0.783364236,0.64529717,2.37598133,1.50448763,0.068462953,3.01201963,-1.79887772,2.16166806,4.47415304,0.41011405,0.414892286,0.068462953,3.01251125,-0.000254631042,1
383,3.860007,-0.607642531,0.62093246,-0.739064634,0.657848716,-2.08895469,0.0431210175,0.0918987691,3.01425171,0.222518891,-2.07751679,11.1826029,0.284412831,0.362694323,0.0918987691,3.01318264,-0.000254631042,1
384,3.869982,-0.681475222,0.563342929,-0.654157102,0.534548223,-1.63378847,1.37628531,0.01626499,3.01256037,-1.15461743,-1.79729939,8.26786423,0.0362062082,0.308365852,0.01626499,3.01357937,-0.000254631042,1
385,3.880004,-0.456285655,0.589922726,-0.749401152,0.505015194,-1.72478282,-0.576590061,-0.0242150594,3.01329279,0.792533517,-1.63683307,16.956995,-0.156606644,0.301974267,-0.0242150594,3.01324368,-0.000254631042,1
386,3.889979,-0.552268028,0.569987893,-0.685166776,0.527903259,-2.91642356,-0.423637301,-0.133937299,3.01440859,0.790138543,-2.83913302,18.8370857,-0.250349909,0.0846602991,-0.133937299,3.01254177,-0.000254631042,1
387,3.900002,-0.531594932,0.512398481,-0.468837202,0.509445131,1.18710816,-0.724387884,-0.188265786,3.01208115,0.565006673,1.27072072,17.962904,-0.2301099,-0.0921735987,-0.188265786,3.01104641,-0.000254631042,1
388,3.909976,-0.553744733,0.530856609,-0.575156152,0.512398481,-0.651290476,0.0344179645,-0.178678408,3.00825405,0.0524724945,-0.650084972,16.7941341,-0.187499315,-0.328662306,-0.178678408,3.00949001,-0.000254631042,1
389,3.920003,-0.521258295,0.544884801,-0.451855689,0.643820524,1.95105255,0.422135293,-0.141394153,3.00685024,-0.680403531,1.8766607,14.8757229,-0.104408704,-0.408557147,-0.141394153,3.00814724,-0.000254631042,1
390,3.929977,-0.595091045,0.489510328,-0.468837202,0.629792273,3.60993361,0.0810842365,-0.0934572443,3.00479221,-0.572627664,3.56514955,7.2284255,-0.0596675947,-0.451167703,-0.0934572443,3.0068655,-0.000254631042,1
391,3.940004,-0.635698915,0.578847826,-0.81142056,0.636437237,0.719164491,0.614618182,-0.0380634964,3.00511456,-0.706748724,0.628855526,-0.308701277,-0.0383623056,-0.539584637,-0.0380634964,3.00613308,-0.000254631042,1
392,3.949979,-0.729466379,0.660802066,-0.812897265,0.65637207,-2.47572589,-1.14712501,-0.0828046054,3.0043211,1.47511411,-2.29546356,-1.20204365,-0.0639286488,-0.498039365,-0.0828046054,3.00558376,-0.000254631042,1
393,3.960000,-0.715438187,0.540454865,-0.835047007,0.668923616,0.153829023,-0.0166055746,-0.0103666214,3.00168753,-0.0050079762,0.154641628,3.48261499,-0.041558098,-0.283921182,-0.0103666214,3.00485134,-0.000254631042,1
394,3.970084,-0.663017035,0.534548223,-0.843906999,0.64825052,0.88659066,1.45553088,0.0205260478,3.00283813,-1.56416583,0.676755905,4.14843035,-0.00427384023,0.108096115,0.0205260478,3.00475979,-0.000254631042,1
395,3.979977,-0.650465429,0.513875127,-0.73241967,0.526426613,1.28934777,0.122344837,0.0492881909,3.0065608,-0.294805348,1.2611407,7.49666739,0.205583259,0.423414409,0.0492881909,3.00500393,-0.000254631042,1
396,3.989997,-0.596567631,0.623885691,-0.703624964,0.537501574,-0.208573118,-0.57347858,0.035439752,3.00805998,0.596141934,-0.1303657,9.93958759,0.221562237,0.467090249,0.035439752,3.00543118,-0.000254631042,1
397,3.999982,-0.505753458,0.54193145,-0.709531605,0.560389698,0.0430217162,1.75175655,0.0492881909,3.00550604,-1.74139726,-0.195031241,11.4747953,0.191734821,0.6215536,0.0492881909,3.00570583,-0.000254631042,1
398,4.010006,-0.55005312,0.592876017,-0.678521872,0.469575554,-0.288645357,-1.79981804,0.0205260478,3.00416374,1.82239199,-0.0393549614,13.6997681,0.113970511,0.550180852,0.0205260478,3.00604153,-0.000254631042,1
399,4.019982,-0.607642531,0.586969376,-0.730943024,0.566296279,-3.04299998,0.579501569,-0.0359329656,3.00840092,-0.170264333,-3.09300494,20.1256065,-0.039427571,0.493721843,-0.0359329656,3.00591946,-0.000254631042,1
400,4.030003,-0.570726216,0.64529717,-0.545623124,0.520520031,-2.74115109,1.83937967,-0.0732172206,3.00830507,-1.45878494,-2.96127892,18.2790451,-0.010665427,0.222079411,-0.0732172206,3.00546169,-0.000254631042,1
401,4.039978,-0.508706808,0.540454865,-0.596567631,0.549314737,1.2080847,-3.14310479,-0.131806761,3.00568962,2.95044637,1.62278867,15.3379622,-0.105473965,-0.0729988441,-0.131806761,3.00451565,-0.000254631042,1
402,4.050003,-0.531594932,0.566296279,-0.457762271,0.592876017,1.11540961,-0.352981597,-0.106240422,3.00358057,0.196173668,1.15336478,13.5608568,-0.144888744,-0.501235127,-0.106240422,3.00335598,-0.000254631042,1
403,4.060007,-0.587707758,0.589922726,-0.463668913,0.622409105,1.98989344,1.33407211,-0.0668256357,2.99946594,-1.60248613,1.78085995,7.67150402,-0.0873644724,-0.788856566,-0.0668256357,3.00265408,-0.000254631042,1
404,4.069981,-0.630530655,0.441519141,-0.60468924,0.626839042,-0.563099682,2.10240221,0.00348181627,2.9978528,-2.00005937,-0.858451664,0.472075135,-0.0277096573,-0.738789141,0.00348181627,3.00237942,-0.000254631042,1
405,4.080003,-0.691073418,0.442995787,-0.808467269,0.597306013,1.01826751,1.35046792,-0.0178234726,3.00038004,-1.48034012,0.818062067,-0.129074797,0.0979915485,-0.402165562,-0.0178234726,3.00210476,-0.000254631042,1
406,4.089977,-0.644558847,0.481388688,-0.771550953,0.485080361,0.354666919,1.73098421,0.0791155919,3.00673437,-1.76295245,0.118716337,4.85735607,0.102252603,0.0452455096,0.0791155919,3.00210476,-0.000254631042,1
407,4.100001,-0.582539439,0.558912992,-0.661540389,0.503538489,-1.13011205,0.517136276,0.0993556157,3.00788498,-0.361865908,-1.18896437,8.52892113,0.173625335,0.283864766,0.0993556157,3.00298977,-0.000254631042,1
408,4.109977,-0.457762271,0.561866343,-0.661540389,0.452594042,0.12087401,0.0393387675,0.0620713644,3.00373554,0.109952964,-1.07879353,9.06780052,0.157646358,0.424479663,0.0620713644,3.00372219,-0.000254631042,1
409,4.120004,-0.541193247,0.515351772,-0.692550123,0.500585258,-1.08010781,1.23935986,0.0386355445,2.99929857,-1.22407293,-0.195031241,10.147954,0.0713599324,0.540593505,0.0386355445,3.00414944,-0.000254631042,1
410,4.129978,-0.521258295,0.614287496,-0.660063744,0.448902398,-0.274007678,0.502935886,0.0407660753,3.00241995,-0.963015854,-2.02243114,13.9057398,-0.0372970402,0.520353496,0.0450271331,3.00445461,-0.000254631042,1
411,4.139976,-0.443734109,0.543408155,-0.688120067,0.410509437,-1.82807744,-0.917508423,-0.00504029961,3.01003075,1.91579771,-3.68936491,20.178297,-0.0937560573,0.388260663,-0.0306066461,3.00469875,-0.000254631042,1
412,4.149983,-0.545623124,0.605427504,-0.706578195,0.536024868,-0.584948003,-2.99301815,-0.0966530442,3.01022291,3.62823701,2.55205631,13.9249001,-0.140627682,-0.130523115,-0.0955877751,3.00421047,-0.000254631042,1
413,4.159980,-0.513136804,0.569987893,-0.610595882,0.574417889,0.947798729,-0.721949458,-0.046585612,3.00307465,0.227308929,-0.583024442,13.3141699,-0.08416868,-0.536388874,-0.0391287617,3.00363064,-0.000254631042,1
414,4.169977,-0.654157102,0.605427504,-0.496155292,0.561866343,4.46603537,-0.0473409817,-0.0444550812,2.99485397,-0.488801956,2.22154355,8.03554726,-0.0724507645,-0.834662914,-0.0199540015,3.00308132,-0.000254631042,1
415,4.179985,-0.702148318,0.469575554,-0.677045226,0.674830258,-3.3666718,1.11867762,-0.0231497958,2.99660635,-1.72223711,-4.76951885,4.1987257,-0.159802452,-0.762224913,-0.046585612,3.0028677,-0.000254631042,1
416,4.189981,-0.74349463,0.430444241,-0.806990683,0.563342929,2.2618463,3.39945436,-0.0252803247,3.00320482,-3.67896795,1.37610161,4.0095191,-1.27822468e-05,-0.382990777,-0.00610556407,3.00247097,-0.000254631042,1
417,4.199979,-0.685166776,0.575894475,-0.742017984,0.639390528,5.84858608,3.17789698,0.0673976839,3.0098815,-3.91846991,5.3805747,1.71030033,0.148058981,0.117683493,0.0908335,3.00280666,-0.000254631042,1
418,4.209975,-0.66449368,0.564819574,-0.798869073,0.49837023,-2.57577586,1.17626989,0.0780503303,3.00763178,-0.821709692,-2.70980191,7.53977776,0.345132917,0.402109116,0.0524839833,3.00375271,-0.000254631042,1
419,4.230005,-0.477697134,0.584016085,-0.754569471,0.479912072,-0.291827202,-1.30319512,0.124921963,2.99926424,1.33141291,-0.104020491,10.9095707,0.323827624,0.329671144,0.120660909,3.00491238,-0.000254631042,1
420,4.239980,-0.671138644,0.588446021,-0.654157102,0.509445131,0.470752358,-0.689605296,0.117465116,3.00253391,0.61769712,0.561794937,9.53722382,0.331284463,0.324344814,0.117465116,3.00588894,-0.000254631042,1
421,4.249997,-0.460715622,0.612810791,-0.689596713,0.486557037,-0.525399864,-0.31502527,0.171793595,3.01135635,0.380590171,-0.480038583,9.78870106,0.0947957486,0.312626898,0.171793595,3.00717068,-0.000254631042,1
422,4.259983,-0.488772005,0.524949968,-0.725036442,0.496893615,-1.73831248,2.58513689,0.0823113844,3.01381445,-2.34254718,-2.05356646,10.9957914,-0.132105574,0.271081567,0.0823113844,3.00845242,-0.000254631042,1
423,4.270006,-0.586231053,0.654895484,-0.661540389,0.442995787,0.547690272,-3.36038756,0.0247871056,3.01237631,3.26179886,0.976133347,12.0040941,-0.33024475,0.113422439,0.0247871056,3.0089407,-0.000254631042,1
424,4.279980,-0.530118287,0.615764141,-0.711008191,0.569987893,-1.45138228,-1.16414917,0.0120039321,3.00902081,1.34578311,-1.28476524,11.9729595,-0.227979377,-0.179525301,0.0120039321,3.00918484,-0.000254631042,1
425,4.289999,-0.641605556,0.475482106,-0.559651315,0.492463619,-0.783787429,0.996518731,-0.0327371769,3.00617933,-0.881585181,-0.911142111,12.1190557,-0.118257143,-0.353163391,-0.0327371769,3.00906277,-0.000254631042,1
426,4.300001,-0.552268028,0.526426613,-0.576632857,0.631268978,1.2007277,1.14985514,-0.0146276793,3.00917816,-1.29831862,1.03840387,12.6363792,-0.116126612,-0.367011815,-0.0146276793,3.00887966,-0.000254631042,1
427,4.309976,-0.627577364,0.564819574,-0.575156152,0.592876017,1.70545256,0.47710982,0.00454708049,3.01269102,-0.69237864,1.62997365,8.04991722,-0.0703202412,-0.393643439,0.00454708049,3.00891018,-0.000254631042,1
428,4.320006,-0.60468924,0.580324471,-0.655633748,0.595829308,0.0443234853,1.06925857,0.131313547,3.01180124,-1.06600165,-0.0944404155,7.22603035,-0.0522107445,-0.19337374,0.131313547,3.00970364,-0.000254631042,1
429,4.329998,-0.607642531,0.544884801,-0.74349463,0.561866343,1.24335039,2.14573431,0.108943,3.01049376,-2.28985667,0.952183127,3.73648691,0.0884041637,0.10170453,0.108943,3.0108633,-0.000254631042,1
430,4.339984,-0.677045226,0.592876017,-0.754569471,0.606904149,1.90462971,1.46167529,0.0876377076,3.01180124,-1.69589186,1.69942927,10.0497589,0.101187341,0.360563815,0.0876377076,3.01174831,-0.000254631042,1
431,4.349982,-0.545623124,0.634960651,-0.71912986,0.509445131,1.02550149,-1.54172826,0.0791155919,3.01578569,1.40086854,1.21084523,9.20671177,0.150189519,0.395717531,0.0791155919,3.01263332,-0.000254631042,1
432,4.360002,-0.569249511,0.659325361,-0.702148318,0.594352722,2.02511811,-1.49225509,0.10681247,3.01672745,1.22842717,2.1951983,7.98764658,0.250324368,0.244449958,0.10681247,3.01357937,-0.000254631042,1
433,4.369976,-0.606165886,0.75973779,-0.737587929,0.608380854,-1.18128824,-0.895706713,0.125987232,3.01354599,1.03922057,-1.05723834,8.55766106,0.164037943,0.0782687142,0.125987232,3.01446438,-0.000254631042,1
434,4.383400,-0.638652325,0.663755357,-0.81954217,0.639390528,-1.30355895,-4.46816349,0.0812461227,3.01658916,4.59582472,-0.736305714,14.5571852,0.26097703,-0.258354872,0.0812461227,3.01599026,-0.000254631042,1
435,4.389982,-0.565557897,0.640867233,-0.785579205,0.660802066,-2.04248571,-1.16748035,0.0503534526,3.01668501,1.41284359,-1.88112509,11.1083574,0.171494797,-0.43518874,0.0503534526,3.01644802,-0.000254631042,1
436,4.399979,-0.817327261,0.524949968,-0.541193247,0.697718382,-0.134487897,1.41008198,0.0887029767,3.01604843,-1.38214433,-0.309992194,11.8939238,0.208779052,-0.356359184,0.0887029767,3.01705837,-0.000254631042,1
437,4.409998,-0.610595882,0.486557037,-0.626100659,0.619455755,2.40436482,-1.40223086,0.12172617,3.01767826,1.09430599,2.55924129,9.93958759,0.00637880433,-0.296704382,0.12172617,3.01803493,-0.000254631042,1
438,4.419997,-0.658587098,0.553006411,-0.67261529,0.584016085,-0.827758312,3.70274067,0.171793595,3.02077293,-3.57598209,-1.26800001,9.32406712,-0.126779258,-0.0836514831,0.171793595,3.01940823,-0.000254631042,1
439,4.429984,-0.726513088,0.454070717,-0.59361434,0.57737118,0.748301208,-1.09492266,0.101486146,3.02004051,0.996110201,0.875542521,11.9633789,-0.178977206,-0.0655419976,0.101486146,3.02072048,-0.000254631042,1
440,4.439997,-0.60173595,0.571464598,-0.606165886,0.512398481,-0.0138235856,1.0875622,0.193098888,3.02083445,-1.07797682,-0.144735828,13.4435015,-0.222653046,0.127270877,0.193098888,3.0219717,-0.000254631042,1
441,4.449984,-0.648988843,0.46293056,-0.556698084,0.637913942,-0.838460326,2.46166325,0.210143119,3.02279663,-2.34494209,-1.12429893,11.4029446,-0.209869877,0.165620387,0.210143119,3.02395535,-0.000254631042,1
442,4.460001,-0.669661939,0.622409105,-0.616502464,0.505015194,2.6140821,0.556310415,0.17818518,3.02649307,-0.852844954,2.53289604,7.92537594,-0.237566754,0.377608031,0.17818518,3.02569485,-0.000254631042,1
443,4.469976,-0.590661049,0.543408155,-0.669661939,0.569987893,1.17864716,0.504157901,0.181380972,3.02979755,-0.632503152,1.11504447,4.05023479,-0.184303522,0.484134465,0.181380972,3.0275259,-0.000254631042,1
444,4.479998,-0.69698,0.73537302,-0.679998517,0.547838032,1.50825679,-2.83031225,0.114269324,3.033494,2.65106893,1.80481017,3.90892839,-0.0894949958,0.480938673,0.114269324,3.02899075,-0.000254631042,1
445,4.489983,-0.470313877,0.756784499,-0.691073418,0.747186184,-1.04773557,-1.34880829,0.120660909,3.03395653,1.45355892,-0.896772027,9.86294651,-0.234370962,0.308365852,0.120660909,3.03015041,-0.000254631042,1
446,4.500000,-0.592137635,0.65637207,-0.758999407,0.834308743,2.86875367,-6.16837883,0.13450934,3.0339489,5.82446957,3.51485419,8.98157978,-0.325983703,-0.0687377825,0.13450934,3.0318594,-0.000254631042,1
447,4.509985,-0.723559737,0.725774765,-0.74349463,0.612810791,0.660331309,-5.92004061,0.0652671531,3.03399324,5.81488943,1.29227591,5.68842793,-0.231175169,-0.480995119,0.0652671531,3.032897,-0.000254631042,1
448,4.519996,-0.616502464,0.781149209,-0.457762271,0.696241736,2.05204773,-0.0390172079,0.120660909,3.03367138,-0.182239428,2.044312,11.2975636,0.0138356555,-0.844250321,0.120660909,3.03353786,-0.000254631042,1
449,4.530000,-0.747924507,0.47105217,-0.539716542,0.73537302,-0.846137166,2.23551559,0.146227241,3.03405476,-2.13178539,-1.08118856,12.1358204,0.174690589,-0.764355481,0.146227241,3.03497219,-0.000254631042,1
450,4.539986,-0.777457535,0.46293056,-0.545623124,0.687381744,-2.54758382,1.02074063,0.143031448,3.03362656,-0.740279019,-2.6427412,6.68715096,0.229019076,-0.598174214,0.143031448,3.03631496,-0.000254631042,1
451,4.550003,-0.763429463,0.554483056,-0.663017035,0.619455755,1.49352717,4.73142147,0.189903095,3.03878736,-4.8597126,1.00008357,1.18579102,0.283347577,-0.140110508,0.189903095,3.03781033,-0.000254631042,1
452,4.559977,-0.75161618,0.551529765,-0.825448811,0.781149209,-0.7388919,1.65505779,0.151553571,3.04239559,-1.57374585,-0.899167001,2.48389173,0.307848662,0.389325947,0.151553571,3.0396719,-0.000254631042,1
453,4.570004,-0.648988843,0.654895484,-0.783364236,0.532333255,-0.295909673,0.404613495,0.122791439,3.04395676,-0.373841017,-0.333942384,13.2758503,0.418636143,0.647119939,0.122791439,3.04119778,-0.000254631042,1
454,4.579979,-0.590661049,0.585492671,-0.698456705,0.524949968,-1.71695685,1.00825393,0.0258523691,3.04063559,-1.3725642,-2.07272673,13.2734547,0.373895049,0.693991601,0.0258523691,3.04208279,-0.000254631042,1
455,4.590004,-0.658587098,0.693288386,-0.678521872,0.619455755,-1.04740036,-0.387899548,-0.0678908974,3.03897095,1.61402524,-1.04047322,13.8386793,0.165103212,0.569355607,-0.0902614519,3.04202175,-0.000254631042,1
456,4.600001,-0.533071578,0.696241736,-0.663017035,0.713223159,-1.10590839,-1.60208786,-0.119023591,3.03845692,0.541056454,-2.64513636,13.2303448,-0.0436886288,0.358433276,-0.125415176,3.04122829,-0.000254631042,1
457,4.609986,-0.431182534,0.581801116,-0.55005312,0.725774765,-0.298458517,-1.28375781,-0.146720484,3.03966904,0.548241556,-0.379447758,14.9284134,-0.234370962,0.0590939485,-0.135002568,3.04009914,-0.000254631042,1
458,4.620000,-0.626100659,0.628315687,-0.507230163,0.776719272,2.3735373,-1.12900567,-0.0870656595,3.04043579,-0.565442562,0.537844777,9.81504631,-0.334505826,-0.144371569,-0.0721519589,3.03924465,-0.000254631042,1
459,4.629975,-0.691073418,0.611334205,-0.453332365,0.659325361,3.31019068,-1.66247272,-0.046585612,3.03966904,1.27393246,3.26816702,10.0234137,-0.241827801,-0.365946561,-0.0242150594,3.03881741,-0.000254631042,1
460,4.639996,-0.569249511,0.798130691,-0.429705888,0.637913942,3.07683754,-1.61531401,0.0769850686,3.03794289,0.481180996,1.44795227,9.71924591,-0.0884297341,-0.525736213,0.10681247,3.03906155,-0.000254631042,1
461,4.649983,-0.739064634,0.773765981,-0.635698915,0.697718382,1.91781378,-1.7275207,0.159010425,3.03717613,1.51822448,2.08742237,5.90876961,0.0372714698,-0.564085722,0.167532533,3.04022121,-0.000254631042,1
462,4.659980,-0.768597662,0.592876017,-0.7080549,0.684428513,0.0981920138,4.23745155,0.103616677,3.03842258,-4.22503233,-0.338732421,6.69194078,0.0969262794,-0.349967599,0.0791155919,3.04147243,-0.000254631042,1
463,4.669977,-0.678521872,0.600997686,-0.624624014,0.722821474,-0.876711428,2.7133255,0.139835656,3.04241467,-2.61318421,-1.14106405,8.27265358,0.168299004,-0.0740641057,0.140900925,3.04251003,-0.000254631042,1
464,4.679986,-0.655633748,0.544884801,-0.668185294,0.554483056,-1.80429292,2.11985397,0.0471576601,3.04471588,-1.93539381,-2.00087595,8.83787823,0.145928457,0.176273033,0.0237218402,3.0434866,-0.000254631042,1
465,4.689982,-0.640128911,0.684428513,-0.598044336,0.670400262,-0.733711898,1.57438588,-0.0295413826,3.04321623,-1.49471021,-0.884796917,10.0737085,0.11183998,0.284930021,-0.0295413826,3.04354763,-0.000254631042,1
466,4.699980,-0.575156152,0.563342929,-0.695503354,0.547838032,0.139952898,-1.16015303,-0.0998488367,3.03935432,1.1398114,0.257627487,12.3920879,0.0383367352,0.376542777,-0.0998488367,3.04293728,-0.000254631042,1
467,4.709975,-0.584754407,0.725774765,-0.596567631,0.662278712,-0.497502387,1.23944163,-0.0945225134,3.03737593,-1.18096268,-0.623739779,10.3898516,0.0287493579,0.365890115,-0.0945225134,3.04208279,-0.000254631042,1
468,4.719977,-0.609119177,0.600997686,-0.569249511,0.580324471,0.552951336,-0.114618406,-0.148851007,3.03877926,0.0572625361,0.561794937,9.41028786,0.00850933325,0.347780615,-0.148851007,3.04098415,-0.000254631042,1
469,4.729985,-0.420845985,0.736849725,-0.55817467,0.770812571,0.768136978,-1.95203793,-0.121154122,3.04149055,1.86550236,0.959368229,9.71206093,-0.0447538905,0.0558981523,-0.121154122,3.0396719,-0.000254631042,1
470,4.740006,-0.663017035,0.690335035,-0.621670783,0.781149209,-1.00245667,-1.18938792,-0.0721519589,3.0388751,1.28590763,-0.875216842,8.26307392,-0.123583458,-0.16248107,-0.0721519589,3.03893948,-0.000254631042,1
471,4.749979,-0.524211705,0.713223159,-0.56112802,0.713223159,-0.307343006,-1.85776758,0.00454708049,3.03545809,1.87987244,-0.108810529,8.96002483,-0.133170843,-0.407491863,0.00454708049,3.03866482,-0.000254631042,1
472,4.760001,-0.709531605,0.523473322,-0.548576415,0.657848716,-0.529605091,2.72589254,0.0215913113,3.03186655,-2.65150452,-0.824921429,10.8880157,-0.118257143,-0.46075511,0.0215913113,3.03878689,-0.000254631042,1
473,4.770004,-0.610595882,0.457023948,-0.518305063,0.639390528,2.20165706,0.0572553128,0.0844419152,3.03552723,-0.29001531,2.18322325,9.25940228,-0.120387666,-0.318009645,0.0844419152,3.03900051,-0.000254631042,1
474,4.779978,-0.633484006,0.523473322,-0.535286605,0.594352722,-0.336286753,2.57254362,0.163271472,3.04302454,-2.52696347,-0.58781445,8.61035156,-0.153410852,-0.142241046,0.163271472,3.04028225,-0.000254631042,1
475,4.790001,-0.640128911,0.5175668,-0.541193247,0.622409105,1.51005733,2.70161939,0.127052501,3.04398346,-2.83592105,1.23958552,9.47495365,-0.00107804674,0.132597193,0.127052501,3.04156399,-0.000254631042,1
476,4.799976,-0.610595882,0.558912992,-0.627577364,0.629792273,-0.401611596,1.82921302,0.113204055,3.04114151,-1.77971756,-0.583024442,10.373086,0.142732665,0.321149021,0.113204055,3.04269314,-0.000254631042,1
477,4.810006,-0.652680397,0.640867233,-0.62905395,0.602474272,0.253889918,1.47893822,0.0269176345,3.03957319,-1.49710524,0.101951197,11.2352934,0.146993712,0.417022824,0.0269176345,3.0431509,-0.000254631042,1
478,4.819982,-0.592137635,0.572941244,-0.510183454,0.615764141,-1.41263878,0.0860155523,-0.0444550812,3.04030561,0.0572625361,-1.41409624,11.1706276,0.118231572,0.440458626,-0.0444550812,3.0429678,-0.000254631042,1
479,4.829998,-0.599520981,0.693288386,-0.609119177,0.731681347,-1.03406286,-2.05505419,-0.0934572443,3.04437685,2.14571953,-0.829711437,9.13486099,-0.0138612203,0.262559444,-0.0934572443,3.04251003,-0.000254631042,1
480,4.839985,-0.552268028,0.748662829,-0.575156152,0.75973779,0.586129844,-1.70414162,-0.0178234726,3.04593754,1.64037049,0.746211469,11.026926,-0.144888744,-0.0729988441,-0.0178234726,3.0419302,-0.000254631042,1
481,4.850001,-0.763429463,0.690335035,-0.547099769,0.719868183,-0.64024049,-0.839780211,0.00454708049,3.04013157,0.900309443,-0.551889181,9.17797089,-0.0617981218,-0.336119145,0.00454708049,3.04199123,-0.000254631042,1
482,4.859975,-0.67261529,0.812158942,-0.556698084,0.713223159,1.34232903,-0.508946896,0.0407660753,3.03714132,0.366220057,1.38807678,10.9598656,-0.022383336,-0.437319279,0.0407660753,3.04214382,-0.000254631042,1
483,4.870007,-0.69993329,0.71617651,-0.60468924,0.711746514,0.973880708,1.94522154,0.0865724459,3.04048061,-2.0335896,0.772556663,6.61051035,0.00211774674,-0.480995119,0.0865724459,3.04266262,-0.000254631042,1
484,4.879982,-0.740541279,0.474005491,-0.541193247,0.741279602,0.213853493,0.178980023,0.120660909,3.04380131,-0.199004561,0.195356965,12.0927105,-0.0500802137,-0.249832749,0.120660909,3.04333401,-0.000254631042,1
485,4.890005,-0.675568581,0.544884801,-0.578109562,0.575894475,1.15449452,2.05170846,0.16540201,3.04766321,-2.15094566,0.956973195,12.5190239,-0.00107804674,-0.137979984,0.16540201,3.04464626,-0.000254631042,1
486,4.899980,-0.646035433,0.665232003,-0.603212535,0.671876907,-1.39241445,2.66185451,0.12172617,3.04635572,-2.51738334,-1.63922811,8.94325924,0.0852083713,0.091051884,0.12172617,3.04614162,-0.000254631042,1
487,4.910001,-0.688120067,0.521996677,-0.596567631,0.611334205,-0.657167137,0.660365641,-0.0114318859,3.04204893,-0.591787815,-0.719540536,9.00074005,0.145928457,0.195447788,-0.0114318859,3.04681301,-0.000254631042,1
488,4.919996,-0.596567631,0.73537302,-0.527164996,0.643820524,-0.297919214,0.161985025,-0.0391287617,3.04322624,-0.131944016,-0.312387228,9.03666496,0.0340756811,0.355237484,-0.0391287617,3.04653835,-0.000254631042,1
489,4.929982,-0.626100659,0.637913942,-0.618717492,0.625362396,-0.270721048,1.91993332,-0.107305683,3.04549265,-1.88509846,-0.45369339,10.82335,-0.00746963359,0.433001786,-0.107305683,3.04608059,-0.000254631042,1
490,4.939998,-0.530118287,0.660802066,-0.587707758,0.622409105,-0.499928951,-3.40958333,-0.149916276,3.04775906,3.44142532,-0.178266093,9.54201412,-0.0607328601,0.414892286,-0.149916276,3.04498196,-0.000254631042,1
491,4.949984,-0.582539439,0.674830258,-0.555221379,0.764167726,-0.13272211,-1.06975031,-0.0891961902,3.04578018,1.07754087,-0.0297748819,10.5359478,-0.144888744,0.0505718328,-0.0891961902,3.04397488,-0.000254631042,1
492,4.960003,-0.681475222,0.615764141,-0.556698084,0.756784499,1.32478321,-1.23497868,-0.0178234726,3.04003572,1.09430599,1.4431622,10.6772537,-0.182172999,-0.191243201,-0.0178234726,3.0434866,-0.000254631042,1
493,4.969977,-0.638652325,0.718391478,-0.468837202,0.697718382,1.37984204,-0.734487593,0.0226565767,3.03875446,0.588956892,1.44795227,9.15641594,-0.022383336,-0.413883448,0.0226565767,3.04327297,-0.000254631042,1
494,4.980002,-0.641605556,0.673353553,-0.497631967,0.696241736,2.06246328,-0.233539015,0.0801808611,3.04258156,0.0285222996,2.07544732,6.71828604,0.0884041637,-0.426666647,0.0801808611,3.04354763,-0.000254631042,1
495,4.989976,-0.711008191,0.546361446,-0.485818714,0.731681347,-1.93692255,3.44774055,0.0865724459,3.04526615,-3.24546933,-2.25953817,9.48213863,0.123557895,-0.293508589,0.0865724459,3.04440212,-0.000254631042,1
496,5.000002,-0.647512138,0.509445131,-0.552268028,0.662278712,-0.643787801,1.29964375,0.150488302,3.04782057,-1.23365307,-0.762650907,11.3550444,0.109709457,-0.103891514,0.150488302,3.0454092,-0.000254631042,1
497,5.010005,-0.618717492,0.563342929,-0.547099769,0.662278712,-1.4298507,3.33624101,0.128117755,3.04660845,-3.18559384,-1.73981893,12.5765038,0.0383367352,0.103835061,0.128117755,3.04681301,-0.000254631042,1
498,5.019980,-0.613549113,0.553006411,-0.548576415,0.603950918,-0.777344048,1.51730561,0.0333092213,3.04453373,-1.43483472,-0.920722187,9.45579338,0.0117051266,0.209296227,0.0333092213,3.04757595,-0.000254631042,1
499,5.030004,-0.655633748,0.534548223,-0.55005312,0.563342929,-0.816453636,-0.0217160694,-0.0242150594,3.04497862,0.100372888,-0.810551286,12.701045,-0.0362317748,0.337127984,-0.0242150594,3.04769802,-0.000254631042,1
500,5.039978,-0.620194077,0.670400262,-0.556698084,0.580324471,-0.529628396,1.17049527,-0.0625645816,3.04666996,-1.08995187,-0.901562035,11.0484819,-0.0873644724,0.326475352,-0.0625645816,3.04736233,-0.000254631042,1
501,5.050004,-0.579586148,0.632745624,-0.548576415,0.608380854,0.00568445167,-0.41646257,-0.123284653,3.04826498,0.414120436,0.0444707274,10.471282,-0.120387666,0.344584823,-0.123284653,3.04666042,-0.000254631042,1
502,5.059979,-0.567034602,0.668923616,-0.527164996,0.639390528,1.17569554,-0.452997744,-0.163764715,3.04695749,-0.170264333,1.61560357,6.62009048,-0.0777770877,0.132597193,-0.166960508,3.04543972,-0.000254631042,1
503,5.070007,-0.63717562,0.697718382,-0.535286605,0.758261144,-1.08839595,-0.0672287345,-0.149916276,3.04245901,1.01527035,-0.0321699008,8.78279305,-0.0309054516,-0.0442367047,-0.147785738,3.04406643,-0.000254631042,1
504,5.079981,-0.638652325,0.704363346,-0.555221379,0.651942134,2.147753,-0.765428722,-0.141394153,3.03990507,0.828458846,1.46711242,10.0784988,0.128884211,-0.264746457,-0.129676238,3.04275417,-0.000254631042,1
505,5.090007,-0.620194077,0.722821474,-0.470313877,0.750877798,0.845137715,-1.40299118,-0.0796088129,3.03980923,0.699127793,0.243257359,10.7131786,0.253520161,-0.458624572,-0.064695105,3.04174709,-0.000254631042,1
506,5.099981,-0.671138644,0.600997686,-0.55817467,0.705839932,0.218684733,1.10692239,-0.036998231,3.03915501,-0.141524091,-1.380566,9.36957264,0.224758029,-0.423470825,-0.0316719115,3.04119778,-0.000254631042,1
507,5.109997,-0.685166776,0.534548223,-0.56112802,0.728728056,0.817368627,0.437845767,-0.0338024385,3.03810835,-0.493591994,0.0971611589,9.62104988,0.136341065,-0.279660136,-0.0338024385,3.04083157,-0.000254631042,1
508,5.120118,-0.682951808,0.523473322,-0.590661049,0.614287496,0.727395177,1.34586501,0.0247871056,3.03900576,-1.16419744,0.554609895,10.380271,0.0511199087,-0.0953693986,0.0269176345,3.04064846,-0.000254631042,1
509,5.129976,-0.660063744,0.673353553,-0.627577364,0.696241736,-1.21563172,0.176121473,0.0183955189,3.0388484,-0.0505133495,-1.22728467,9.50608921,-0.0181222782,0.111291908,0.0183955189,3.04083157,-0.000254631042,1
510,5.139985,-0.650465429,0.603950918,-0.63717562,0.588446021,-1.7770381,2.83384609,-0.00930135697,3.03792429,-2.6347394,-2.06075144,6.07881594,-0.120387666,0.252972066,-0.036998231,3.04080105,-0.000254631042,1
511,5.150007,-0.640128911,0.510921776,-0.573679566,0.546361446,1.0286566,1.17259014,-0.127545714,3.03611946,-1.27436841,0.899492741,9.24982166,-0.229044631,0.492656589,-0.125415176,3.03991604,-0.000254631042,1
512,5.159980,-0.49024865,0.623885691,-0.562604606,0.509445131,1.17017841,0.0334756039,-0.0923919827,3.03869104,-0.153499186,1.16054988,13.0028181,-0.291895241,0.56509459,-0.0923919827,3.03887844,-0.000254631042,1
513,5.170005,-0.482127041,0.626839042,-0.624624014,0.575894475,-4.78262329,1.03837872,-0.124349914,3.04063559,-0.551072478,-4.86292458,16.8396397,-0.206674084,0.542724013,-0.124349914,3.03796291,-0.000254631042,1
514,5.179980,-0.397219539,0.682213545,-0.516090095,0.524949968,1.54437578,-2.69556618,-0.221288994,3.03817749,2.52173781,1.81439018,16.6552219,-0.169389829,0.25403735,-0.221288994,3.03625393,-0.000254631042,1
515,5.189978,-0.519781709,0.566296279,-0.555221379,0.561866343,0.23974593,-1.7607764,-0.212766871,3.03247595,1.7241962,0.43006888,14.9475737,0.0180967133,-0.132653654,-0.212766871,3.03436184,-0.000254631042,1
516,5.199986,-0.613549113,0.642343938,-0.485818714,0.640867233,0.0857174918,-0.836085081,-0.160568923,3.02963448,0.821273804,0.178591833,11.3263035,0.181082174,-0.458624572,-0.160568923,3.03259182,-0.000254631042,1
517,5.209982,-0.553744733,0.668923616,-0.412724406,0.745709598,1.07394791,-0.996902823,-0.0348677039,3.02836132,0.869174182,1.17971003,4.02867937,0.153385311,-0.601369977,-0.0348677039,3.03161526,-0.000254631042,1
518,5.219980,-0.678521872,0.696241736,-0.737587929,0.704363346,-0.837225616,-2.18562007,-0.0167582091,3.02964211,2.2654705,-0.58781445,4.75676537,0.152320042,-0.68446064,-0.0167582091,3.03127956,-0.000254631042,1
519,5.229977,-0.692550123,0.519043446,-0.74349463,0.718391478,-1.80968869,5.44588661,-0.122219391,3.02755785,-5.20459557,-2.41760945,-2.54085946,0.0958610177,-0.525736213,-0.122219391,3.03073025,-0.000254631042,1
520,5.239984,-0.621670783,0.445949048,-0.930291057,0.643820524,-2.40046835,0.186823845,-0.223419517,3.02222109,0.100372888,-2.4056344,-0.165000096,0.0564462319,-0.177394763,-0.223419517,3.02889919,-0.000254631042,1
521,5.249980,-0.567034602,0.569987893,-0.606165886,0.611334205,-2.84689283,1.09303713,-0.208505809,3.02263927,-0.747464061,-2.95648885,4.21309614,-0.0170570128,0.115552969,-0.208505809,3.02670193,-0.000254631042,1
522,5.259977,-0.538239896,0.564819574,-0.692550123,0.476958781,-2.19979215,1.10155666,-0.211701617,3.02305746,-0.833684802,-2.31462359,14.7631569,-0.161932975,0.336062729,-0.211701617,3.0245657,-0.000254631042,1
523,5.280002,-0.453332365,0.538978219,-0.69698,0.534548223,-0.951591074,0.138607904,-0.140328884,3.0171032,-0.019378094,-0.961437523,15.6756592,-0.24289307,0.247645751,-0.140328884,3.02096462,-0.000254631042,1
524,5.289976,-0.51461339,0.521996677,-0.497631967,0.496893615,1.92738569,-1.19336832,-0.176547885,3.01410437,0.938629746,2.06347227,14.3296585,-0.189629853,0.182664618,-0.176547885,3.01965237,-0.000254631042,1
525,5.300003,-0.408294439,0.482865393,-0.462192297,0.50649184,1.51102412,0.705721915,-0.106240422,3.01477528,-0.891165257,1.40963185,10.2054348,-0.169389829,0.21781835,-0.106240422,3.01806545,-0.000254631042,1
526,5.309977,-0.423799306,0.485080361,-0.494678646,0.474005491,-0.260465115,-0.184670061,-0.0700214282,3.01815796,0.215333834,-0.235746577,10.6389332,-0.109735027,0.224209934,-0.0700214282,3.01708889,-0.000254631042,1
527,5.320000,-0.488772005,0.526426613,-0.505753458,0.544884801,2.60650492,-0.560168207,0.0130691966,3.02067709,0.241679043,2.65504217,11.2951689,-0.0500802137,0.104900323,0.0130691966,3.01657009,-0.000254631042,1
528,5.329975,-0.530118287,0.606904149,-0.516090095,0.575894475,0.0767326653,-0.938712299,0.102551416,3.01681566,0.921864629,0.192961946,11.4484501,0.0820125788,-0.091108337,0.102551416,3.01696682,-0.000254631042,1
529,5.340002,-0.562604606,0.344060034,-0.453332365,0.54193145,2.06132317,0.95951134,0.061006099,3.01374769,-1.21449292,1.92216611,2.46233654,0.159776896,-0.288182259,0.061006099,3.01757717,-0.000254631042,1
530,5.349976,-0.575156152,0.409032762,-0.434874177,0.512398481,-0.246183589,1.00728416,0.0929640308,3.01409626,-0.967805862,-0.372262716,9.19713116,0.168299004,-0.28072539,0.0929640308,3.01791286,-0.000254631042,1
531,5.359996,-0.535286605,0.440042466,-0.48729533,0.464407265,-1.16752839,0.423723191,0.0929640308,3.01922226,-0.2780402,-1.21051955,8.22714901,0.174690589,-0.292443305,0.0929640308,3.01864529,-0.000254631042,1
532,5.369982,-0.457762271,0.328555197,-0.439304113,0.465883881,-0.464427292,0.594635904,0.0705934763,3.0207386,-0.534307361,-0.53272903,9.19713116,0.0873389021,-0.160350531,0.0705934763,3.01925564,-0.000254631042,1
533,5.380005,-0.440780818,0.401649505,-0.403864443,0.465883881,-1.71945381,1.41983342,0.156879887,3.02219439,-1.20491278,-1.87633502,10.689229,0.0202272423,-0.0378451198,0.156879887,3.02020168,-0.000254631042,1
534,5.389980,-0.439304113,0.335200131,-0.415677667,0.335200131,-0.89655894,1.9486047,0.135574609,3.01977968,-1.82522297,-1.12669384,13.0579033,-0.104408704,0.10170453,0.135574609,3.02154446,-0.000254631042,1
535,5.399999,-0.309358746,0.276134014,-0.386882991,0.318218619,-1.19778931,0.65476948,0.164336741,3.02072191,-0.505567074,-1.26800001,10.7682648,-0.225848839,0.212492019,0.164336741,3.02261257,-0.000254631042,1
536,5.409975,-0.318956971,0.35661158,-0.377284735,0.338153452,-2.15141392,0.684067488,0.170728326,3.02489805,-0.428926468,-2.2164278,10.9718409,-0.324918449,0.316887945,0.170728326,3.02407742,-0.000254631042,1
537,5.420002,-0.329293549,0.291638881,-0.352919966,0.205254719,0.349692732,-0.67980355,0.156879887,3.03052998,0.636857271,0.422883809,7.84155035,-0.390964836,0.287060559,0.156879887,3.02551174,-0.000254631042,1
538,5.429975,-0.238479391,0.267274112,-0.273919016,0.282040626,0.178181544,0.580633819,0.22186102,3.03253555,-0.596577823,0.113926299,7.88705587,-0.312135249,0.246580482,0.22186102,3.02725124,-0.000254631042,1
539,5.440005,-0.313788682,0.273180723,-0.292377204,0.365471512,-2.08822203,-1.18945146,0.216534704,3.03213501,1.41044855,-1.94579065,11.470005,-0.101212911,0.135792986,0.216534704,3.02941799,-0.000254631042,1
540,5.450006,-0.231834456,0.236264423,-0.298283815,0.267274112,-1.42363691,0.144084215,0.127052501,3.03251076,0.0117571615,-1.43086135,8.77560806,0.175755858,-0.0112135075,0.127052501,3.03106594,-0.000254631042,1
541,5.459980,-0.216329604,0.106318988,-0.208946332,0.327078551,-4.34423494,1.11289513,0.0855071843,3.03340054,-0.63729316,-4.43900585,7.88466072,0.343002379,-0.155024216,0.0855071843,3.03207302,-0.000254631042,1
542,5.469976,-0.35144335,0.135852039,-0.316742003,0.299022168,-3.28057623,1.67792511,-0.0508466698,3.03514385,-1.31987381,-3.44028282,9.80546665,0.33554554,-0.18698214,-0.0508466698,3.03262234,-0.000254631042,1
543,5.479997,-0.213376299,0.123300485,-0.142496973,0.290162235,-5.30432558,1.75105894,-0.0625645816,3.03400993,-1.17138255,-5.46167898,9.09893608,0.311044455,-0.296704382,-0.0625645816,3.03225613,-0.000254631042,1
544,5.489983,-0.184581578,0.181628272,-0.270965725,0.304190427,-5.29216623,2.79932213,-0.112632006,3.03069687,-2.19645095,-5.56945515,11.5179052,0.0766862556,-0.244506434,-0.112632006,3.03170681,-0.000254631042,1
545,5.499996,-0.222974524,0.163170099,-0.165385097,0.31305033,-3.84458566,2.03598261,-0.179743677,3.0263114,-1.59769607,-3.90252161,11.9753542,-0.141692951,-0.178460032,-0.179743677,3.03051662,-0.000254631042,1
546,5.509982,-0.0295330528,0.151356876,-0.0989357159,0.177198321,-3.25769877,1.99289918,-0.184004739,3.02698231,-2.12460041,-2.81518269,11.8771582,-0.235436216,-0.071933575,-0.192526847,3.02896023,-0.000254631042,1
547,5.519999,-0.141020313,0.117393889,-0.142496973,0.195656478,-1.67239642,1.10999513,-0.185069993,3.02768803,-1.4180696,-2.40802932,9.28574753,-0.350484788,0.0100917816,-0.18293947,3.02731228,-0.000254631042,1
548,5.529984,-0.0885991603,0.0782625824,-0.118132211,0.160216808,-0.65417403,0.271728903,-0.178678408,3.02563047,0.208148777,-0.760255873,8.33013439,-0.254610986,0.00583072472,-0.171221554,3.02575588,-0.000254631042,1
549,5.539981,-0.0885991603,0.0937674418,-0.0450379066,0.0708793253,-0.237406492,0.877196372,-0.122219391,3.02393913,-0.5031721,-0.496803731,9.79588604,-0.139562413,-0.00482191984,-0.107305683,3.02441311,-0.000254631042,1
550,5.549978,-0.0081215892,0.0169815049,-0.0686643422,0.0657110363,-1.73060858,0.0218608193,-0.0433898196,3.0209403,0.203358725,-1.40212119,10.3706913,-0.00960016251,-0.0495630279,-0.0284761172,3.02365017,-0.000254631042,1
551,5.560000,-0.026579747,0.0243647695,-0.0620194115,0.0952440947,-1.42146528,0.0440591425,0.0375702791,3.02138519,-0.124758959,-1.66317832,11.2281084,0.117166303,-0.0666072592,0.061006099,3.0235281,-0.000254631042,1
552,5.569975,-0.110010616,0.0981974006,-0.142496973,0.0472528823,-2.40827966,-0.189376324,0.108943,3.02459335,0.469205886,-2.36970901,10.0377836,0.148058981,-0.133718923,0.108943,3.02423,-0.000254631042,1
553,5.579983,-0.0191964842,0.00590661028,-0.0406079441,0.0627577379,-0.969775438,0.378142208,0.151553571,3.02590132,-0.263670087,-1.00694287,9.9755125,0.108644187,-0.079390429,0.174989387,3.0252676,-0.000254631042,1
554,5.589979,-0.0406079441,0.0612810813,-0.12108551,-0.00516828429,-3.12128925,0.914833307,0.167532533,3.02672958,-0.551072478,-3.20557094,9.0701952,0.0362062082,-0.0165398289,0.154749364,3.02676296,-0.000254631042,1
555,5.599976,-0.111487262,0.0169815049,-0.026579747,-0.0561127998,-1.75858045,0.230218232,0.145161986,3.02774954,-0.0289581716,-1.77334917,7.61162853,-0.0117306914,0.0431149788,0.146227241,3.02801418,-0.000254631042,1
556,5.609985,-0.00516828429,0.0199348107,-0.104104005,0.0472528823,-2.60417509,-0.0881972834,0.144096717,3.02978945,0.378195137,-2.57807589,10.3347654,-0.0330359787,0.0825297683,0.144096717,3.02932644,-0.000254631042,1
557,5.619982,-0.0930291116,0.0812158883,-0.136590362,0.0642343909,-0.610283136,-0.127611935,0.113204055,3.03169012,0.193778649,-0.592604518,10.6724634,-0.0362317748,0.0282012783,0.113204055,3.03045559,-0.000254631042,1
558,5.629978,-0.136590362,0.146188602,-0.0634960607,0.0228881147,-0.301510543,-0.212355167,0.135574609,3.03194332,0.244074062,-0.276461899,10.2581253,0.00424827542,0.0303318072,0.135574609,3.03161526,-0.000254631042,1
559,5.639976,-0.0945057645,0.110748947,-0.0930291116,-0.0140281999,-0.314028621,-0.461823612,0.102551416,3.03292894,0.493156075,-0.262091786,10.3922462,0.0670988783,-0.0367798544,0.102551416,3.03262234,-0.000254631042,1
560,5.649984,-0.139543667,0.0228881147,-0.152095214,0.00590661028,-0.0281308815,0.371863127,0.0748545378,3.03346968,-0.366655946,-0.0680951998,10.8784351,0.0841431096,-0.0399756469,0.0748545378,3.03344631,-0.000254631042,1
561,5.990007,0,0,0,0,0.0161475837,0.157466859,0.00241655181,3.03286743,-0.129548997,-0.0249848422,9.75517082,0.0031830112,-0.00162612647,0.00241655181,3.03341579,-0.000254631042,1
562,5.999983,-0.00516828429,0,-0.00221497891,0,0.0182001982,0.133153409,0.00135128724,3.0336957,-0.127153978,-0.0369599424,9.77433109,0.00531353988,0.00370019581,0.000286022841,3.03341579,-0.000254631042,1
563,6.010006,-0.00516828429,0,-0.00221497891,0,0.0761303827,0.177426532,-0.000779241615,3.03296328,-0.172659352,-0.0106147248,9.82223129,0.0031830112,0.00263493136,0.00241655181,3.03341579,-0.000254631042,1
564,6.019982,0.00295330514,-0.00221497891,-0.00221497891,0.00295330514,-0.0233042222,0.17140618,0.00135128724,3.03296328,-0.191819504,-0.161500961,9.78870106,-0.00107804674,-0.00162612647,0.00135128724,3.03341579,-0.000254631042,1
565,6.029979,-0.12108551,0.0937674418,-0.0730943009,0.0679260194,-0.573305428,0.365855813,-0.00504029961,3.0336957,-0.30199042,-0.439323246,9.72643089,0.00211774674,0.00263493136,-0.00930135697,3.03341579,-0.000254631042,1
566,6.040004,-0.104104005,0.0553744733,-0.0605427548,0.00147665257,1.29366386,-0.211697683,-0.0338024385,3.03223085,0.0692376345,1.30904102,8.92409897,0.0308798868,0.00689598918,-0.0327371769,3.03317165,-0.000254631042,1
567,6.049980,-0.0191964842,0.0354396626,-0.053159494,0.0428229235,0.113772705,0.211802498,-0.0178234726,3.03223085,-0.222954765,0.0899761021,9.70248032,0.0351409428,0.025005484,-0.0210192669,3.03295803,-0.000254631042,1
568,6.059977,-0.0605427548,0.0937674418,-0.0575894527,0.0369163156,0.0846205801,-0.163284376,-0.0380634964,3.03213501,0.153063327,0.101951197,9.91563702,0.0117051266,0.00370019581,-0.0380634964,3.03274441,-0.000254631042,1
569,6.069998,-0.119608864,0.0642343909,-0.110010616,0.0797392428,0.921738684,0.172765091,-0.036998231,3.0312109,-0.273250163,0.897097707,9.22587204,-0.00427384023,0.0154181039,-0.036998231,3.03231716,-0.000254631042,1
570,6.079983,-0.0546361469,0.0782625824,-0.0221497901,0.0369163156,1.08435857,0.313780814,-0.0199540015,3.0312109,-0.431321502,1.04319394,10.021018,0.0180967133,0.0228749551,-0.0199540015,3.03198147,-0.000254631042,1
571,6.090003,-0.0989357159,0.0538978167,-0.037654642,0.0339630097,0.781722426,-0.242895156,-0.0231497958,3.03140259,0.155458346,0.803691924,10.1431646,0.0223577712,0.0356581286,-0.0231497958,3.03170681,-0.000254631042,1
572,6.099977,-0.00516828429,0.0878608376,-0.119608864,0.0538978167,1.02059376,0.195831612,-0.00823609252,3.03149843,-0.306780457,0.992898464,9.46297836,0.0095745977,0.0345928632,-0.00823609252,3.03155422,-0.000254631042,1
573,6.109985,-0.0871224999,0.0413462743,-0.0155048529,0.0487295389,0.169904977,-0.110144764,0.00135128724,3.03140259,0.0907928124,0.180986851,9.70248032,0.0180967133,0.038853921,0.00135128724,3.03146267,-0.000254631042,1
574,6.119983,-0.053159494,0.1122256,-0.105580665,0.0679260194,0.592407644,-0.431241751,0.00987340324,3.03194332,0.363825023,0.636040568,10.2701006,0.0191619787,0.0303318072,0.00987340324,3.03146267,-0.000254631042,1
575,6.129980,-0.0420845971,0.0339630097,-0.0420845971,0.0642343909,0.349584609,0.662665844,0.0130691966,3.03111506,-0.697168648,0.274392605,10.1000538,0.0330104157,0.038853921,0.0130691966,3.03146267,-0.000254631042,1
576,6.139999,-0.159478486,0.129207104,-0.0716176555,0.0538978167,0.163690478,-0.167172447,0.0066776094,3.03203917,0.148273274,0.180986851,10.1910648,0.0372714698,0.0292665418,0.0066776094,3.03158474,-0.000254631042,1
577,6.149985,-0.0561127998,0.0524211675,-0.101150699,0.143235311,0.807962537,0.168734312,0.00135128724,3.03149843,-0.256485045,0.784531772,9.07259083,0.00744406879,0.0495065674,0.00135128724,3.03164577,-0.000254631042,1
578,6.159982,-0.12108551,0.161693454,-0.155048519,0.0487295389,0.948151648,0.0647713989,-0.00823609252,3.03223085,-0.167869315,0.93541801,8.909729,0.0276840944,0.0495065674,-0.00823609252,3.03173733,-0.000254631042,1
579,6.169978,-0.135113716,0.106318988,-0.105580665,0.147665262,0.504063189,-0.117721952,0.0141344611,3.0323267,0.062052574,0.513894558,9.63781548,0.0457935855,0.0825297683,0.0141344611,3.03182888,-0.000254631042,1
580,6.179976,-0.148403585,0.120347172,-0.114440568,0.10336569,1.08379078,0.222580269,-0.0231497958,3.03149843,-0.340310752,1.05277395,9.82462692,0.0905346945,0.0750729144,-0.0231497958,3.03173733,-0.000254631042,1
581,6.189984,-0.0649727136,0.123300485,-0.126992121,0.140282005,1.79489875,-0.0801199153,-0.0231497958,3.03149843,-0.117573902,1.792835,9.88210678,0.0947957486,0.0761381835,-0.0231497958,3.03158474,-0.000254631042,1
582,6.199978,-0.126992121,0.0981974006,-0.139543667,0.158740163,0.620672047,-0.239472628,-0.0444550812,3.03149843,0.16982846,0.64322561,10.0641289,0.0915999562,0.0803992376,-0.0444550812,3.0313406,-0.000254631042,1
583,6.209975,-0.187534884,0.222236201,-0.12108551,0.115178905,1.01855016,-0.062968567,-0.0423245542,3.03033018,-0.0505133495,1.01924372,9.77672672,0.0788167864,0.0505718328,-0.0423245542,3.03097439,-0.000254631042,1
584,6.219983,-0.162431777,0.0723559782,-0.148403585,0.229619488,1.14699805,-0.185877621,-0.0508466698,3.03023434,0.0572625361,1.16054988,9.91803265,0.0788167864,0.0622897409,-0.0508466698,3.03051662,-0.000254631042,1
585,6.229980,-0.122562163,0.203778043,-0.125515476,0.0878608376,1.19966388,-0.252914816,-0.0583035201,3.02950191,0.117138028,1.22042537,10.6269579,0.0639030859,0.0505718328,-0.0583035201,3.03002834,-0.000254631042,1
586,6.510004,-0.110010616,0.0834308639,-0.0634960607,0.243647665,-0.829924226,0.383966833,0.133444086,3.02822876,-0.287620306,-0.8680318,9.56117439,0.262042284,0.0814645067,0.149423048,3.02636623,-0.000254631042,1
587,6.519977,-0.179413289,0.0147665264,-0.012551547,0.134375393,0.176851884,-0.0680142567,0.17818518,3.02883101,0.0476824567,0.18338187,10.6485138,0.272694916,0.08359503,0.17818518,3.02783108,-0.000254631042,1
588,6.529983,-0.12108551,0.0834308639,-0.159478486,0.200824752,-3.11588097,0.851953864,0.174989387,3.03034782,-0.500777066,-3.19120073,11.3885746,0.188539028,0.0889213532,0.174989387,3.02941799,-0.000254631042,1
589,6.540003,-0.2613675,0.155786842,-0.0871224999,0.161693454,-2.60787177,0.572606802,0.144096717,3.03248405,-0.285225272,-2.65471649,9.26658726,-0.00746963359,0.0452455096,0.144096717,3.03088284,-0.000254631042,1
590,6.549978,0.00147665257,-0.026579747,-0.0664493665,0.0214114618,-4.422791,1.42136538,0.098290354,3.03471565,-0.941460669,-4.54917717,10.6197729,-0.171520352,0.025005484,0.098290354,3.03207302,-0.000254631042,1
591,6.560000,-0.179413289,0.0487295389,-0.0664493665,0.163170099,-4.23950338,0.952836871,0.0503534526,3.03490782,-0.495987028,-4.3168602,11.4628201,-0.296156287,0.0015696669,0.0503534526,3.03274441,-0.000254631042,1
592,6.569985,-0.108533971,0.0627577379,-0.111487262,0.0834308639,-2.57476902,0.190744892,0.0183955189,3.03525639,0.0836077482,-2.5804708,10.6652784,-0.354745835,-0.0474324971,0.0183955189,3.03314114,-0.000254631042,1
593,6.580001,-0.0546361469,-0.0036916316,-0.012551547,0.076785937,-1.3757869,0.588950396,-0.0178234726,3.03448963,-0.438506544,-1.43086135,8.83548355,-0.272720486,-0.137979984,-0.0178234726,3.03317165,-0.000254631042,1
594,6.589999,-0.105580665,-0.00221497891,-0.0575894527,0.138805345,-1.58130682,0.91520232,-0.036998231,3.03410625,-0.740279019,-1.67036331,9.04384995,-0.143823475,-0.11241363,-0.036998231,3.03304958,-0.000254631042,1
595,6.599986,-0.026579747,0.0118132206,-0.0324863568,0.0738326311,-2.20713472,1.64693117,-0.0828046054,3.03337383,-1.39890945,-2.37210417,9.89168739,-0.0298401862,-0.0953693986,-0.0828046054,3.0325613,-0.000254631042,1
596,6.609983,-0.0406079441,0.0273180734,0.0184581578,0.120347172,-3.76098013,1.95407116,-0.104109891,3.03312063,-1.53542554,-3.95042205,10.7826347,0.0372714698,0.00476546027,-0.104109891,3.03182888,-0.000254631042,1
597,6.619996,-0.107057318,0.0538978167,-0.00959824212,0.0538978167,-2.32346344,0.96657759,-0.161634177,3.03203917,-0.706748724,-2.41521454,9.56117439,0.0521851741,0.0377886593,-0.161634177,3.03066921,-0.000254631042,1
598,6.629982,-0.0081215892,0.0538978167,0.0169815049,0.090814136,-1.42073822,0.364072859,-0.148851007,3.03013849,-0.203794599,-1.45241654,8.87140846,0.0947957486,0.0740076527,-0.148851007,3.02929592,-0.000254631042,1
599,6.639979,-0.0221497901,0.0184581578,-0.011074895,0.00590661028,-0.902351677,-0.166736618,-0.147785738,3.02790642,0.268024266,-0.877611876,9.22587204,0.146993712,0.0420497172,-0.147785738,3.02798367,-0.000254631042,1
600,6.649976,0,0.0369163156,-0.011074895,0.0797392428,-0.768296063,-0.108256221,-0.12008886,3.02596235,0.196173668,-0.750675797,9.64500046,0.127818957,0.0335276015,-0.12008886,3.02679348,-0.000254631042,1
601,6.659985,-0.00221497891,0.0354396626,0.0073832632,-0.0140281999,-0.131543592,-0.0229035635,-0.107305683,3.02459335,0.0381023772,-0.127970681,10.0593386,0.123557895,-0.00162612647,-0.107305683,3.02593899,-0.000254631042,1
602,6.669981,0,-0.0036916316,-0.012551547,0.0287947264,0.0512879938,0.259446621,-0.0860003978,3.02409649,-0.263670087,0.0205205306,10.1455593,0.0894694328,0.0154181039,-0.0860003978,3.02502346,-0.000254631042,1
603,6.679978,0,0.00590661028,0.00147665257,-0.0191964842,0.552097619,-0.0944988951,-0.0785435438,3.02301502,0.0285222996,0.559399903,10.380271,0.0564462319,0.0175486337,-0.0785435438,3.02423,-0.000254631042,1
604,6.689986,0,0.0169815049,0.00295330514,0.00442995783,0.98699069,0.0122512989,-0.0540424623,3.02237844,-0.129548997,0.97852838,9.99467278,0.042597793,0.0303318072,-0.0540424623,3.0235281,-0.000254631042,1
605,6.699983,0,-0.00516828429,0.0073832632,-0.00959824212,1.31907725,-0.215802521,-0.036998231,3.0222826,0.0572625361,1.33538628,9.50848389,0.0543157011,0.0186138973,-0.036998231,3.02303982,-0.000254631042,1
606,6.709981,0.00147665257,0,-0.00221497891,0.00295330514,1.09975028,0.0457666591,-0.0135624148,3.02126265,-0.17744939,1.08630431,9.27377224,0.0543157011,0.0196791627,-0.0135624148,3.02264309,-0.000254631042,1
607,7.050003,-0.184581578,-0.173506677,-0.22740449,-0.191964835,0.92080462,-0.282767624,0.47006765,3.03859234,0.186593592,0.944998085,10.2341747,-0.0745812953,0.0239402205,0.47006765,3.04052639,-0.000254631042,1
608,7.059979,-0.235526085,-0.210422993,-0.218544587,-0.214852944,1.24168563,0.93426019,0.560615122,3.04536653,-1.04923654,1.1461798,9.12049103,-0.113996081,0.0186138973,0.560615122,3.04516506,-0.000254631042,1
609,7.069981,-0.189011529,-0.251030952,-0.252507597,-0.241432697,1.22038114,-0.569654644,0.650097311,3.05314279,0.45962581,1.26593077,10.4042215,-0.115061343,0.0228749551,0.650097311,3.05084133,-0.000254631042,1
610,7.079980,-0.286470622,-0.289423913,-0.264320821,-0.253984243,1.4009825,0.633490622,0.755558491,3.06036973,-0.745069087,1.34496641,9.3839426,-0.147019267,0.00370019581,0.755558491,3.05734158,-0.000254631042,1
611,7.089996,-0.268012434,-0.360303253,-0.338891774,-0.30492875,0.719435692,0.0686970875,0.885520756,3.0700202,-0.119968921,0.712681174,10.4473314,-0.156606644,-0.00269139092,0.885520756,3.06500149,-0.000254631042,1
612,7.099982,-0.292377204,-0.321910262,-0.363256544,-0.394266218,1.5768882,0.423390239,1.01441777,3.08136177,-0.517542183,1.5485431,9.59949493,-0.172585621,-0.0229314156,1.01441777,3.07376003,-0.000254631042,1
613,7.110007,-0.338891774,-0.405341148,-0.377284735,-0.428229272,1.85582685,-0.78996098,1.16355491,3.09439468,0.701522827,1.89103079,10.2868652,-0.174716145,-0.0442367047,1.16355491,3.08410549,-0.000254631042,1
614,7.120003,-0.398696214,-0.397219539,-0.463668913,-0.496155292,2.70567131,-0.450937361,1.30203927,3.10683441,0.356639981,2.71970773,10.2150145,-0.136366621,-0.127327323,1.30203927,3.0933218,-0.000254631042,1
615,7.129977,-0.471790493,-0.502800226,-0.432659209,-0.525688291,2.40168715,-0.480985343,1.47248161,3.12176776,0.433280587,2.41075015,10.5646877,-0.100147642,-0.208287433,1.47248161,3.10613918,-0.000254631042,1
616,7.139998,-0.501323521,-0.48729533,-0.504276812,-0.538239896,2.11847925,-0.0230741538,1.62268388,3.13738132,0.0141521813,2.11855769,9.73601055,-0.0554065369,-0.247702226,1.62268388,3.12045193,-0.000254631042,1
617,7.149984,-0.56112802,-0.559651315,-0.553744733,-0.547099769,2.88802791,0.696872413,1.78566933,-3.12844706,-0.658848345,2.89693904,9.53243446,-0.0181222782,-0.233853787,1.78566933,3.13635159,-0.000254631042,1
618,7.159981,-0.567034602,-0.553744733,-0.581062853,-0.552268028,2.22842598,0.720724463,1.94226313,-3.10968614,-0.64926827,2.25028372,7.51822281,0.0319451503,-0.157154739,1.94226313,-3.12946939,-0.000254631042,1
619,7.169979,-0.635698915,-0.60468924,-0.633484006,-0.624624014,1.98771667,0.540422618,2.06157279,-3.08946061,-0.43611154,2.01317692,6.43327904,0.109709457,-0.091108337,2.06157279,-3.11064005,-0.000254631042,1
620,7.179976,-0.691073418,-0.579586148,-0.711008191,-0.691073418,1.65622914,0.993611991,2.18407822,-3.0668807,-0.867215037,1.72577453,8.31576443,0.173625335,-0.0197356232,2.18407822,-3.09059,-0.000254631042,1
621,7.190000,-0.709531605,-0.647512138,-0.729466379,-0.675568581,2.21773267,1.20673549,2.30019212,-3.04179811,-0.979780972,2.32692432,9.27137756,0.203452736,-0.00695244875,2.30019212,-3.06925821,-0.000254631042,1
622,7.199985,-0.736111343,-0.640128911,-0.771550953,-0.646035433,0.899183214,1.90500307,2.408849,-3.01808453,-1.77971756,1.12701952,10.1742992,0.159776896,-0.0218661521,2.408849,-3.04682779,-0.000254631042,1
623,7.209981,-0.747924507,-0.75161618,-0.792962432,-0.723559737,0.0659940988,1.04120529,2.48448277,-2.99545193,-1.02049637,0.216912135,12.8160057,0.0809473172,-0.0676725209,2.48448277,-3.02339029,-0.000254631042,1
624,7.219978,-0.70510155,-0.760476053,-0.788532436,-0.702148318,-1.42362082,1.90413249,2.53774595,-2.97170377,-2.11741543,-1.08118856,13.0195827,-0.0490149483,-0.151828423,2.53774595,-2.99922037,-0.000254631042,1
625,7.229976,-0.753092885,-0.792962432,-0.746447921,-0.758999407,0.348634362,1.20465684,2.57396507,-2.94595003,-1.11390209,0.57616508,10.7802391,-0.154476121,-0.265811712,2.57396507,-2.97459269,-0.000254631042,1
626,7.239983,-0.808467269,-0.77893424,-0.791485727,-0.730943024,1.8602066,2.04147792,2.62296724,-2.91921067,-1.58093095,2.26465392,10.4281712,-0.145954013,-0.327597052,2.62296724,-2.94938517,-0.000254631042,1
627,7.249981,-0.77893424,-0.763429463,-0.797392428,-0.814373851,0.141103253,3.0231688,2.64320731,-2.89060545,-2.89340162,0.887517631,10.0952635,-0.231175169,-0.288182259,2.64320731,-2.92359781,-0.000254631042,1
628,7.259978,-0.812897265,-0.821018875,-0.791485727,-0.794439077,-0.181942672,1.83223891,2.6527946,-2.86799073,-1.8132478,0.319897979,9.7312212,-0.322787911,-0.191243201,2.6527946,-2.89762735,-0.000254631042,1
629,7.269986,-0.788532436,-0.777457535,-0.853505194,-0.902973056,0.821033061,0.399168283,2.67303467,-2.84471416,-0.141524091,0.901887715,10.8113747,-0.399486959,-0.108152568,2.67303467,-2.87150431,-0.000254631042,1
630,7.279983,-0.814373851,-0.788532436,-0.81142056,-0.916262865,0.908667028,0.666572273,2.73162413,-2.81545544,-0.340310752,1.07432914,6.85480213,-0.303613156,-0.0495630279,2.73162413,-2.84501505,-0.000254631042,1
631,7.580006,-0.972375751,-0.891898096,-0.976805627,-0.958347499,-3.28159165,0.852404952,3.10127091,-1.90514708,-3.37959051,-0.271671861,10.5383425,-0.33024475,0.184795156,3.10127091,-1.93357706,-0.000254631042,1
632,7.589997,-0.897804797,-0.945796013,-0.938412786,-0.933244407,-0.799215257,-1.48816812,3.09381413,-1.87235546,-0.321150571,-1.65838826,15.5415382,-0.491099685,0.225275204,3.09381413,-1.90208292,-0.000254631042,1
633,7.599983,-0.869009972,-0.843906999,-0.907403111,-0.910356343,1.15204263,0.83279568,3.05226874,-1.83849049,0.890729368,1.10785937,14.9811039,-0.532644987,0.0164833684,3.05226874,-1.87089396,-0.000254631042,1
634,7.609999,-0.891898096,-0.962777376,-0.908879638,-0.972375751,1.35601938,1.59576714,3.07463932,-1.80268049,0.95299983,1.86468565,14.0254908,-0.412270129,-0.239180103,3.07463932,-1.83970499,-0.000254631042,1
635,7.619986,-0.842430294,-0.894851446,-0.916262865,-0.938412786,-0.611737251,0.41713056,3.05439925,-1.77213621,-0.682798564,0.286367714,11.6448412,-0.193890914,-0.538519382,3.05439925,-1.80839396,-0.000254631042,1
636,7.629997,-0.910356343,-0.81954217,-0.809943914,-0.845383644,-3.42508769,-0.312702417,3.03948569,-1.74426126,-3.31971502,-0.899167001,3.32693863,0.0276840944,-0.619479477,3.03948569,-1.77735758,-0.000254631042,1
637,7.639999,-0.865318418,-0.798869073,-0.794439077,-0.805513978,-1.64026487,0.448687553,3.06931305,-1.71983957,-1.68870676,0.200147003,-0.921826303,0.137406334,-0.518279374,3.06931305,-1.74647379,-0.000254631042,1
638,7.649984,-0.894851446,-0.911832988,-0.877870023,-0.948749363,-3.24195433,0.994679451,3.0682478,-1.69274187,-3.33887529,0.592930198,1.16663086,0.168299004,-0.325466514,3.0682478,-1.71534634,-0.000254631042,1
639,7.659998,-0.896328092,-0.870486677,-0.893374801,-0.863841772,-3.95236492,5.82317543,3.08422661,-1.66167593,-4.46453428,5.44045019,13.2327394,0.230084345,-0.051693555,3.08422661,-1.68437099,-0.000254631042,1
640,7.669985,-0.870486677,-0.848336875,-0.860888481,-0.817327261,-4.14825916,-1.97771931,3.01924562,-1.62680817,-4.0310359,-2.20684767,6.6081152,0.156581104,0.046310775,3.01924562,-1.65333462,-0.000254631042,1
641,7.679998,-0.843906999,-0.825448811,-0.92586112,-0.845383644,-1.64198458,-1.22722089,2.8701086,-1.59289885,-1.61446118,-1.26321006,16.4851761,0.0170314498,0.121944554,2.8701086,-1.62336636,-0.000254631042,1
642,7.689985,-0.836523712,-0.815850556,-0.82249552,-0.843906999,-0.945398748,-1.88278723,2.75825572,-1.56652308,-0.953435779,-1.87873006,11.3143291,-0.103343435,0.113422439,2.75825572,-1.59443569,-0.000254631042,1
643,7.699981,-0.831355333,-0.775980949,-0.849813581,-0.82249552,-1.18645906,0.343673199,2.66025138,-1.54226637,-1.17617261,0.377378434,10.7874241,-0.292960495,0.178403556,2.66025138,-1.56635952,-0.000254631042,1
644,7.709978,-0.792962432,-0.825448811,-0.800345719,-0.869009972,-0.647178948,-0.191438407,2.6240325,-1.51753092,-0.656453311,-0.156710923,10.9502859,-0.442097515,0.257233143,2.6240325,-1.53929043,-0.000254631042,1
645,7.719986,-0.758999407,-0.81142056,-0.77893424,-0.845383644,0.708716214,0.207409188,2.56650805,-1.49044037,0.723077953,0.14985159,11.2688236,-0.399486959,0.119814023,2.56650805,-1.51252651,-0.000254631042,1
646,7.729984,-0.794439077,-0.829878747,-0.797392428,-0.781887531,0.0969518796,-0.0912389457,2.48661327,-1.457376,0.0860027671,-0.101625472,10.9119654,-0.331310034,-0.124131538,2.48661327,-1.48634243,-0.000254631042,1
647,7.739981,-0.788532436,-0.757522762,-0.768597662,-0.727989674,-0.788696706,0.319071352,2.43228483,-1.42853117,-0.735489011,0.427673846,9.95874786,-0.173650876,-0.38618657,2.43228483,-1.46073818,-0.000254631042,1
648,7.749977,-0.754569471,-0.754569471,-0.749401152,-0.711008191,-0.809505939,1.44221473,2.43974161,-1.40979338,-0.567837596,1.55333304,8.00680637,-0.0170570128,-0.519344628,2.43974161,-1.43540859,-0.000254631042,1
649,7.759975,-0.729466379,-0.712484896,-0.60173595,-0.757522762,-1.44806397,3.55453539,2.41843629,-1.39331484,-0.797759473,3.75435615,7.26674557,0.0670988783,-0.515083611,2.41843629,-1.41026211,-0.000254631042,1
650,7.769984,-0.77893424,-0.760476053,-0.770074308,-0.775980949,-3.31356263,-3.19800067,2.38328266,-1.37499666,-3.18559384,-0.829711437,5.81057358,-0.00107804674,-0.279660136,2.35558581,-1.38557339,-0.000254631042,1
651,8.110006,-0.575156152,-0.589184403,-0.641605556,-0.589184403,-0.962539554,-0.11118824,1.93267584,-0.629347324,-0.656453311,0.712681174,11.2017632,-0.0937560573,-0.0548893511,1.93267584,-0.639300346,-0.000254631042,1
652,8.120001,-0.587707758,-0.581062853,-0.63200736,-0.522735,-0.571498454,-0.676051378,1.95824218,-0.610843658,-0.881585181,0.0803960189,10.5024176,-0.00746963359,-0.198700055,1.95824218,-0.619830132,-0.000254631042,1
653,8.129985,-0.573679566,-0.630530655,-0.562604606,-0.536763191,-1.94398129,0.210908189,1.96676421,-0.592322826,-0.910325408,1.73056448,8.86422348,0.105448395,-0.308422267,1.96676421,-0.600024223,-0.000254631042,1
654,8.140003,-0.654157102,-0.607642531,-0.62905395,-0.496155292,-1.21722376,-0.916478574,2.02961493,-0.5730443,-1.43004465,0.525869668,8.3660593,0.169364274,-0.327597052,2.02961493,-0.58006382,-0.000254631042,1
655,8.150035,-0.646035433,-0.613549113,-0.612072468,-0.55005312,-0.30068177,-2.72236848,2.07116008,-0.55322504,-2.4742732,-1.17459428,8.89775372,0.173625335,-0.240245372,2.07116008,-0.559586525,-0.000254631042,1
656,8.159984,-0.627577364,-0.660063744,-0.630530655,-0.572202861,-0.748366356,-1.26891112,2.09353065,-0.53194046,-1.47315502,0.00136037311,9.49171925,0.0830778405,-0.133718923,2.09353065,-0.538865089,-0.000254631042,1
657,8.170000,-0.638652325,-0.661540389,-0.669661939,-0.63717562,-0.128314152,-1.00466931,2.13401079,-0.511039734,-0.939065635,-0.379447758,9.76714611,-0.0820381492,-0.0943041295,2.13401079,-0.517838478,-0.000254631042,1
658,8.179985,-0.655633748,-0.677045226,-0.623147368,-0.660063744,0.268521786,-0.430653781,2.14679384,-0.488900185,-0.254090011,-0.439323246,8.29660416,-0.209869877,-0.164611593,2.14679384,-0.496476173,-0.000254631042,1
659,8.190003,-0.62905395,-0.640128911,-0.650465429,-0.661540389,-1.22487736,0.201713309,2.12548876,-0.467092037,-0.371445984,1.1845001,8.29181385,-0.104408704,-0.135849446,2.12548876,-0.475235939,-0.000254631042,1
660,8.199977,-0.627577364,-0.595091045,-0.62905395,-0.595091045,-0.824341416,-0.0438871533,2.11270547,-0.446295261,-0.395396203,0.724656284,6.89312267,0.058576759,-0.11241363,2.11270547,-0.454087257,-0.000254631042,1
661,8.209986,-0.635698915,-0.60173595,-0.652680397,-0.60173595,0.668486953,-0.318408847,2.12335825,-0.425000668,-0.100808762,-0.549494147,9.8797121,0.187473774,-0.0431714393,2.12335825,-0.432908058,-0.000254631042,1
662,8.219983,-0.641605556,-0.644558847,-0.657110393,-0.60468924,-0.808660805,-0.757373571,2.08287811,-0.403731823,-0.951040745,0.298342794,12.2507811,0.227953821,-0.0367798544,2.08287811,-0.411881447,-0.000254631042,1
663,8.229980,-0.60173595,-0.596567631,-0.627577364,-0.584754407,0.233317718,-2.07643461,2.05731177,-0.387012959,-1.61446118,-2.18289757,10.3036308,0.188539028,0.0313970707,2.04452848,-0.391129494,-0.000254631042,1
664,8.239999,-0.541193247,-0.485818714,-0.573679566,-0.565557897,2.0119195,-2.68756747,1.94972003,-0.365237713,-1.82282794,-2.48227501,11.5586205,0.118231572,0.119814023,1.93054533,-0.371048927,-0.000254631042,1
665,8.249985,-0.547099769,-0.544146478,-0.559651315,-0.545623124,2.13263083,-2.26718998,1.84745467,-0.345527649,-0.678008497,-2.99959922,10.267705,-0.076711826,0.169881448,1.82508409,-0.351853371,-0.000254631042,1
666,8.260007,-0.569249511,-0.477697134,-0.541193247,-0.606165886,1.17353034,-1.6898427,1.77288616,-0.326566696,-0.43611154,-0.961437523,11.2568483,-0.254610986,0.18586041,1.76542926,-0.333451271,-0.000254631042,1
667,8.269983,-0.451855689,-0.496155292,-0.536763191,-0.521258295,0.319258213,-0.445963413,1.75371134,-0.307675362,-0.340310752,-0.690800309,11.687952,-0.403748006,0.189056203,1.74731982,-0.31532383,-0.000254631042,1
668,8.279979,-0.405341148,-0.556698084,-0.511660099,-0.547099769,0.154799461,0.398483723,1.72175348,-0.28958559,0.426095545,-0.0345649198,11.0844069,-0.434640676,0.0750729144,1.71536183,-0.297532082,-0.000254631042,1
669,8.289975,-0.395742863,-0.477697134,-0.491725326,-0.652680397,-1.1486119,0.299643219,1.70790505,-0.271512032,-0.019378094,1.18689513,10.3419504,-0.382442713,-0.118805215,1.71429658,-0.280045509,-0.000254631042,1
670,8.299984,-0.408294439,-0.453332365,-0.48729533,-0.471790493,-0.528257966,-0.629072785,1.70683968,-0.256969452,-0.742674053,0.351033211,7.46074247,-0.234370962,-0.249832749,1.69831765,-0.262497902,-0.000254631042,1
671,8.309981,-0.437827468,-0.417892665,-0.405341148,-0.465145528,-1.1380434,-0.169532388,1.68233871,-0.240866184,-0.43611154,1.06474912,4.67772961,-0.0159917492,-0.265811712,1.67701232,-0.245285988,-0.000254631042,1
672,8.319979,-0.445210755,-0.386882991,-0.403864443,-0.465145528,-0.316782206,-1.44118345,1.6706208,-0.223559856,-1.47555006,-0.0106147248,6.59135008,0.0106398622,-0.222135872,1.6706208,-0.228257179,-0.000254631042,1
673,8.329975,-0.374331415,-0.425275952,-0.358826578,-0.453332365,-0.192231134,-0.56195277,1.67914283,-0.206017971,-0.589392781,0.0732109621,9.21150208,-0.00214331108,-0.152893677,1.67914283,-0.211197853,-0.000254631042,1
674,8.339984,-0.357349932,-0.402387828,-0.425275952,-0.488772005,0.695004463,-1.02349842,1.66529441,-0.189339638,-0.874400139,-0.875216842,9.90366268,-0.0745812953,-0.071933575,1.66529441,-0.194169044,-0.000254631042,1
675,8.349981,-0.358826578,-0.397219539,-0.429705888,-0.485818714,1.51924002,-1.37865674,1.61522698,-0.174046993,-1.09474194,-1.73502886,10.5718727,-0.172585621,0.00583072472,1.61522698,-0.177506447,-0.000254631042,1
676,8.620006,-0.0775242597,-0.0546361469,-0.0465145558,-0.0634960607,-0.181628972,0.0949478447,0.189903095,-0.0742497444,0.0812127292,0.188171908,9.61147022,0.0340756811,0.0100917816,0.189903095,-0.0574808121,-0.000254631042,1
677,8.630002,-0.0155048529,-0.0221497901,-0.0479912087,-0.0251030941,1.14300847,-0.378531486,0.197359934,-0.0724453926,-0.294805348,-1.16740918,9.71206093,0.00850933325,0.0260707494,0.197359934,-0.0556497574,-0.000254631042,1
678,8.639976,-0.0915524587,-0.0620194115,-0.0804775655,-0.0361779891,0.0282007214,-0.124674343,0.155814633,-0.0708842278,-0.12236394,-0.0369599424,9.60667992,0.00744406879,0.0143528394,0.155814633,-0.0540323257,-0.000254631042,1
679,8.649998,-0.0819542184,-0.0450379066,-0.0347013362,-0.0347013362,0.0613387451,0.141960561,0.168597803,-0.0695157051,0.145878255,-0.0513300598,9.75756645,0.00744406879,0.0260707494,0.168597803,-0.052567482,-0.000254631042,1
680,8.659984,-0.0716176555,-0.0634960607,-0.0347013362,-0.0479912087,0.38476333,-0.21616447,0.155814633,-0.0682425499,-0.100808762,-0.405792981,9.2833519,0.0244883001,-0.00482191984,0.155814633,-0.0510110855,-0.000254631042,1
681,8.670066,-0.0324863568,-0.026579747,-0.0841691941,-0.00221497891,-0.129321605,-0.334838539,0.156879887,-0.066628933,-0.342705756,0.106741235,10.1144238,0.0159661844,0.0164833684,0.156879887,-0.0496683121,-0.000254631042,1
682,8.679983,-0.037654642,-0.026579747,-0.026579747,-0.0561127998,0.410475791,-0.233685628,0.141966194,-0.0658011436,-0.29001531,-0.281251937,10.0784988,0.0191619787,0.00689598918,0.136639863,-0.0483560562,-0.000254631042,1
683,8.689998,-0.0775242597,-0.0465145558,-0.0206731372,0,0.572931409,0.0109797977,0.120660909,-0.0641446114,0.222518891,-0.551889181,10.0761042,0.0127703911,0.013287575,0.115334585,-0.0472269058,-0.000254631042,1
684,8.699984,-0.0605427548,-0.0236264411,-0.0546361469,-0.0236264411,0.223426387,-0.0503811613,0.100420885,-0.0633158684,0.0069671222,-0.00582468603,9.47734833,0.0095745977,-0.00269139092,0.098290354,-0.0463113785,-0.000254631042,1
685,8.709982,-0.026579747,-0.037654642,-0.0494678579,-0.0221497901,-0.270067066,-0.304832518,0.0961598232,-0.0626797676,-0.347495794,0.200147003,9.93479729,0.0138356555,0.0111570461,0.101486146,-0.0455179214,-0.000254631042,1
686,8.719998,-0.0915524587,-0.00959824212,-0.00959824212,-0.00664493674,0.402699828,0.0924058408,0.098290354,-0.0618948936,0.133903161,-0.422558129,9.92521763,0.0127703911,0.0111570461,0.0918987691,-0.0447244644,-0.000254631042,1
687,8.729983,-0.0494678579,-0.0420845971,-0.0465145558,-0.0221497901,-0.0168882366,0.139968619,0.0780503303,-0.0604300499,0.138693199,0.36300832,9.99467278,0.0095745977,0.00902651716,0.0780503303,-0.0440530777,-0.000254631042,1
688,8.739980,-0.00221497891,-0.0081215892,-0.0251030941,-0.0155048529,0.241458908,-0.232961118,0.0929640308,-0.0596013069,-0.218164727,-0.254906714,9.77672672,0.00637880433,-0.00162612647,0.0918987691,-0.0433511734,-0.000254631042,1
689,8.749977,-0.0406079441,-0.037654642,-0.0191964842,-0.012551547,0.00493307179,-0.221221834,0.0759197995,-0.0582327843,-0.220559746,-0.0177997835,9.81983662,0.01490092,0.00689598918,0.0727240071,-0.0427408218,-0.000254631042,1
690,8.759984,-0.0745709538,-0.012551547,-0.0280563999,-0.0036916316,-0.148103207,0.159458086,0.0812461227,-0.0575957298,0.150668293,0.157036647,9.68811035,0.00850933325,0.00263493136,0.0855071843,-0.0421304703,-0.000254631042,1
691,8.769983,-0.0251030941,-0.0221497901,-0.012551547,-0.0206731372,-0.502753198,-0.000956049538,0.0823113844,-0.0557293892,-0.0289581716,0.501919448,10.1168194,0.0223577712,-0.000560861954,0.0823113844,-0.0415201187,-0.000254631042,1
692,8.779980,-0.0140281999,-0.0280563999,-0.0155048529,-0.0177198313,0.464612097,0.09898936,0.0876377076,-0.054874897,0.124323085,-0.458483428,9.89168739,0.0127703911,0.00476546027,0.0876377076,-0.0407876968,-0.000254631042,1
693,8.789977,-0.0494678579,0.00147665257,-0.0251030941,-0.012551547,0.0701169521,-0.275040746,0.0759197995,-0.054002285,-0.270855159,-0.0848603323,9.9443779,0.00850933325,0.000504402502,0.0759197995,-0.0401468277,-0.000254631042,1
694,8.799984,-0.0775242597,-0.0295330528,-0.00664493674,-0.0081215892,0.00921917334,0.018476421,0.0748545378,-0.0534081459,0.0189422201,-0.00821970589,9.87252712,0.00744406879,0.0111570461,0.0748545378,-0.0395364761,-0.000254631042,1
695,8.809982,0,-0.00221497891,-0.00221497891,-0.00221497891,0.325680077,-0.0291809347,0.0642018914,-0.0520634651,-0.0121930353,-0.326757342,9.99946308,0.0159661844,-0.00269139092,0.0642018914,-0.0389566422,-0.000254631042,1
696,9.140003,0.0369163156,0.0812158883,0.0509445108,0.0169815049,0.429241687,0.440203309,-0.0923919827,-0.179950714,0.770978391,0.343848169,9.85815716,0.0180967133,-0.00162612647,-0.0923919827,-0.162735939,-0.000254631042,1
697,9.149976,0.146188602,0.0199348107,0.0398696214,0.0273180734,0.243769348,-0.137304261,-0.0678908974,-0.180814266,-0.0241681337,-0.161500961,9.22826672,-0.0213180706,-0.0154745653,-0.0572382547,-0.164292336,-0.000254631042,1
698,9.160006,0.0612810813,0.0509445108,0.0487295389,-0.00221497891,0.555942774,-0.200161874,-0.0551077276,-0.182365894,-0.139129072,-0.393817872,9.36717796,-0.0117306914,-0.0112135075,-0.0593687855,-0.165574074,-0.000254631042,1
699,9.169977,0.0442995802,0.101889022,0.0228881147,0.0103365686,0.127145007,0.0761609003,-0.0700214282,-0.182557583,-0.0002179367,-0.0154047646,9.49890423,-0.0202528071,0.0122223105,-0.0710866973,-0.166855812,-0.000254631042,1
700,9.179986,0.0708793253,-0.00959824212,0.0413462743,0,-0.0544951335,-0.630695283,-0.0828046054,-0.182557583,-0.630108118,-0.266881824,9.71924591,0.0117051266,0.0186138973,-0.0860003978,-0.168229103,-0.000254631042,1
701,9.189996,0.0132898735,0.0553744733,0.00295330514,0.0118132206,0.247480974,0.0415462814,-0.0977183059,-0.183481693,0.0860027671,-0.235746577,10.0545483,0.0170314498,0.0218096916,-0.0987835675,-0.169663429,-0.000254631042,1
702,9.200005,0.143235311,0.0398696214,0.0487295389,0.0184581578,-0.291424006,-0.352665484,-0.0966530442,-0.184693813,-0.400186241,0.221702173,10.0856838,0.00105248217,0.0111570461,-0.0945225134,-0.171097755,-0.000254631042,1
703,9.209979,0.0118132206,0.0199348107,0.0524211675,0.00590661028,0.861371636,-0.206837922,-0.107305683,-0.186733723,-0.0433282889,-0.884796917,9.95635319,0.0180967133,0.00583072472,-0.115827799,-0.172532082,-0.000254631042,1
704,9.219983,0.0952440947,0.0442995802,0.00885991566,0.0132898735,-0.568861365,0.0541684516,-0.125415176,-0.187657833,-0.0529083684,0.568979979,9.32646275,-0.0127959559,-0.00908297859,-0.125415176,-0.174149513,-0.000254631042,1
705,9.230005,-0.00664493674,0.0073832632,0.075309284,0.0258414224,0.630274296,-0.0885641947,-0.116893068,-0.188198566,0.0309173185,-0.635714889,9.74559116,-0.00107804674,0.0111570461,-0.116893068,-0.175675392,-0.000254631042,1
706,9.240019,0.0583277754,0.0598044321,0.00295330514,-0.00221497891,-0.539223909,0.490469724,-0.126480445,-0.1887393,0.380590171,0.621670425,9.73601055,0.00211774674,-0.00375665538,-0.126480445,-0.177231789,-0.000254631042,1
707,9.249983,0.0339630097,0.0147665264,0.0398696214,0.0258414224,0.299054384,-0.225989118,-0.0987835675,-0.189907551,-0.165474296,-0.336337417,9.92521763,-0.00640436914,0.0143528394,-0.0987835675,-0.178666115,-0.000254631042,1
708,9.259982,0.0708793253,0.0442995802,0.0228881147,0.0169815049,0.224211767,0.422343373,-0.107305683,-0.19102335,0.457230806,-0.13994579,9.6665554,0.0159661844,-0.00482191984,-0.107305683,-0.179947853,-0.000254631042,1
709,9.269979,0.0103365686,0.00885991566,0.0457762294,0.0147665264,-0.509212494,-0.388868064,-0.0955877751,-0.192776203,-0.47922188,0.425278842,9.53482914,-0.00640436914,0.00796125364,-0.0955877751,-0.181229591,-0.000254631042,1
710,9.279975,0.0612810813,0.0273180734,-0.00959824212,0.0103365686,0.239362612,0.419021428,-0.0955877751,-0.193508625,0.457230806,-0.154315904,9.93000793,0.0127703911,0.00476546027,-0.0955877751,-0.182450294,-0.000254631042,1
711,9.290005,0.0442995802,0.0369163156,0.0457762294,0.0214114618,-0.375756145,-0.265684277,-0.0732172206,-0.193953037,-0.333125681,0.317502946,9.64978981,0.00211774674,0.000504402502,-0.0732172206,-0.183579445,-0.000254631042,1
712,9.299980,0,0.0228881147,0.0103365686,0.0118132206,0.576517999,0.22097525,-0.0785435438,-0.19385767,0.327899724,-0.523148954,10.028203,-0.00427384023,0.00902651716,-0.0785435438,-0.184617043,-0.000254631042,1
713,9.310005,0.075309284,0.0103365686,0.0273180734,0.0073832632,-0.608243942,0.190629974,-0.0774782822,-0.194877148,0.0692376345,0.633645535,9.5970993,0.00424827542,-0.0080177132,-0.0774782822,-0.185715675,-0.000254631042,1
714,9.319980,0.0073832632,0.0472528823,0.0228881147,0.0184581578,0.853931606,0.0156845823,-0.0732172206,-0.19614172,0.181803554,-0.834501505,9.69290066,-1.27822468e-05,-0.000560861954,-0.0732172206,-0.18666172,-0.000254631042,1
715,9.329976,0.0354396626,-0.00516828429,0.0273180734,0.0184581578,-0.633090854,0.114384599,-0.0860003978,-0.197701931,-0.0121930353,0.64322561,9.29293251,0.0106398622,-0.00695244875,-0.0860003978,-0.187699318,-0.000254631042,1
716,9.339984,0.0398696214,-0.0081215892,0.00147665257,0.00442995783,0.648702621,0.0135946488,-0.0721519589,-0.198242664,0.141088217,-0.633319855,9.93240261,0.00637880433,0.0154181039,-0.0721519589,-0.188645363,-0.000254631042,1
717,9.349981,0.00147665257,0.0398696214,0.0258414224,0.0184581578,-0.39455685,-0.0602799021,-0.0678908974,-0.198050976,-0.136734053,0.37498343,9.53243446,-1.27822468e-05,0.0015696669,-0.0678908974,-0.189652443,-0.000254631042,1
718,9.359978,0.0553744733,0.0073832632,0.0169815049,0.0169815049,0.0890250951,0.157749563,-0.0519119352,-0.198783398,0.172223479,-0.0561200976,9.99706841,0.00211774674,0.0143528394,-0.0519119352,-0.190293312,-0.000254631042,1
719,9.369986,0.00295330514,0.0472528823,0.0147665264,0.00885991566,-0.149961248,-0.0945755467,-0.0508466698,-0.199071407,-0.12236394,0.12829642,9.68811035,-1.27822468e-05,-0.00482191984,-0.0508466698,-0.191056252,-0.000254631042,1
720,9.379983,0.0339630097,-0.00221497891,0.0073832632,-0.0036916316,0.238502279,0.122472629,-0.0529771969,-0.200090885,0.167433441,-0.209401354,9.69769096,0.00211774674,0.00476546027,-0.0529771969,-0.191727638,-0.000254631042,1
721,9.389980,0.0214114618,0.0428229235,0.0103365686,0.0169815049,-0.0186581351,-0.133290708,-0.048716139,-0.200187206,-0.134339035,-0.00821970589,9.59470463,0.00211774674,-0.00375665538,-0.048716139,-0.19246006,-0.000254631042,1
722,9.399976,0.0214114618,-0.00221497891,0.0273180734,0,0.293645084,-0.267717659,-0.0508466698,-0.20072794,-0.203794599,-0.341127455,9.85815716,-0.00107804674,0.00689598918,-0.0508466698,-0.193161964,-0.000254631042,1
723,9.670001,-0.213376299,0.185319901,-0.281302303,0.327078551,-2.36429,0.040902961,-0.107305683,-0.227583408,-0.493591994,2.31255436,11.2568483,0.0852083713,0.08359503,-0.107305683,-0.224473,-0.000254631042,1
724,9.679975,-0.125515476,0.350704998,-0.173506677,0.35956493,-2.43752646,0.0743660852,-0.0391287617,-0.227295399,-0.476826876,2.39158988,10.4353571,0.0298146233,0.038853921,-0.0391287617,-0.225358009,-0.000254631042,1
725,9.689999,-0.15800184,0.177198321,-0.2724424,0.328555197,-2.16984987,-0.245661303,-0.0167582091,-0.227295399,-0.728303909,2.0586822,9.82462692,-0.00214331108,0.0122223105,-0.0167582091,-0.225693703,-0.000254631042,1
726,9.699985,-0.309358746,0.358088255,-0.276872367,0.445949048,-2.1710732,-0.112015337,0.00454708049,-0.227583408,-0.598972857,2.08981752,9.96353817,-0.0351665132,-0.0176050942,0.00454708049,-0.225937843,-0.000254631042,1
727,9.710004,-0.207469687,0.260629147,-0.344798356,0.291638881,-2.89691448,0.0339607,0.01626499,-0.227583408,-0.620528042,2.82987857,9.93958759,0.0180967133,-0.0325187966,0.01626499,-0.226059914,-0.000254631042,1
728,9.719978,-0.281302303,0.424537599,-0.436350852,0.454070717,-1.73045576,0.304319113,0.0120039321,-0.22739172,-0.0936237052,1.75451469,10.365901,0.0287493579,-0.0655419976,0.0120039321,-0.226059914,-0.000254631042,1
729,9.730002,-0.289423913,0.350704998,-0.440780818,0.448902398,-1.23556304,-0.0207625143,-0.0774782822,-0.228080273,-0.299595386,1.19887018,9.76954079,0.0436630584,-0.0847167522,-0.0774782822,-0.226639748,-0.000254631042,1
730,9.739978,-0.315265328,0.410509437,-0.431182534,0.585492671,-1.32985437,0.367083967,-0.112632006,-0.229545116,0.0548675135,1.37849665,8.60795689,-0.00107804674,-0.168872654,-0.112632006,-0.227707863,-0.000254631042,1
731,9.750004,-0.312312007,0.34849,-0.400172859,0.393527865,-1.55649126,-0.605294406,-0.155242592,-0.231489658,-0.946250737,1.37610161,9.41986847,-0.0479496866,-0.215744287,-0.155242592,-0.229111671,-0.000254631042,1
732,9.759998,-0.284993947,0.361041576,-0.347751677,0.393527865,-2.01297235,-0.508961797,-0.147785738,-0.233337879,-0.960620821,1.84073544,11.0652466,0.0191619787,-0.233853787,-0.147785738,-0.230607033,-0.000254631042,1
733,9.769985,-0.298283815,0.373593092,-0.372854799,0.35956493,-3.15857387,0.0492008887,-0.0817393363,-0.234218597,-0.685193598,3.08375072,10.598218,0.123557895,-0.220005348,-0.0817393363,-0.231766701,-0.000254631042,1
734,9.779982,-0.344798356,0.314526975,-0.355873257,0.378023058,-1.40941155,-0.130015254,-0.0327371769,-0.235491276,-0.455271691,1.34017634,10.5718727,0.0894694328,-0.130523115,-0.0327371769,-0.232377052,-0.000254631042,1
735,9.789978,-0.321910262,0.358088255,-0.341845065,0.273180723,-1.72027779,0.0629056841,0.035439752,-0.235552788,-0.340310752,1.68745422,9.64260483,0.0958610177,-0.051693555,0.035439752,-0.23252964,-0.000254631042,1
736,9.799975,-0.327816874,0.31600368,-0.33224684,0.28056401,-0.685226917,1.09849536,0.0663324222,-0.233766079,0.909889519,0.921047866,9.22826672,0.026618829,0.0750729144,0.0663324222,-0.232193947,-0.000254631042,1
737,9.809984,-0.214852944,0.40312618,-0.372854799,0.248077646,1.60057175,-0.541745782,0.0620713644,-0.232553959,-0.158289239,-1.68233848,8.73489285,-0.0607328601,0.113422439,0.0620713644,-0.231675148,-0.000254631042,1
738,9.819980,-0.310835391,0.256199241,-0.360303253,0.293115526,1.11139882,0.866855264,-0.00930135697,-0.231917858,1.09909606,-0.882401884,7.85831547,-0.135301366,0.0963782072,-0.00930135697,-0.231583595,-0.000254631042,1
739,9.829977,-0.290900558,0.228142828,-0.323386908,0.291638881,1.6140548,-0.287634581,-0.0252803247,-0.233225346,0.0931878313,-1.63683307,9.30011749,-0.203478292,0.0377886593,-0.0252803247,-0.231797218,-0.000254631042,1
740,9.839984,-0.299760491,0.47105217,-0.329293549,0.319695264,1.6298002,-2.11218143,-0.0295413826,-0.2339921,-1.67673171,-2.07512164,10.8664598,-0.302547872,0.0367233939,-0.0295413826,-0.232102394,-0.000254631042,1
741,9.849981,-0.318956971,0.296068817,-0.341845065,0.336676776,-0.00766364718,-0.884700716,-0.076413013,-0.233704567,-0.862425029,-0.19742626,12.0591803,-0.338766873,0.0537676252,-0.076413013,-0.232712746,-0.000254631042,1
742,10.200004,-0.621670783,0.711746514,-0.84686029,0.674830258,-2.55186296,1.10820353,-0.0934572443,-0.265512943,0.399750322,2.75323796,8.24870396,0.0031830112,0.182664618,-0.0934572443,-0.267075539,-0.000254631042,1
743,10.209979,-0.63717562,0.747186184,-0.869009972,0.857196808,-5.02236748,2.41863036,0.01626499,-0.265643597,1.01527035,5.48116541,8.45707035,-0.010665427,-0.0527588204,0.01626499,-0.267533302,-0.000254631042,1
744,10.220007,-0.681475222,0.789270818,-0.823972225,0.705839932,-1.86057317,2.5292995,0.157945156,-0.267752647,1.94693303,2.46344066,8.83787823,-0.0649939179,-0.277529597,0.157945156,-0.26667881,-0.000254631042,1
745,10.229982,-0.77893424,0.697718382,-0.945796013,0.612810791,1.19162416,-0.898293674,0.114269324,-0.269443989,-0.548677444,-1.38775098,8.96481419,-0.0511454791,-0.307357013,0.114269324,-0.265641212,-0.000254631042,1
746,10.239996,-0.733896315,0.64529717,-0.808467269,0.731681347,-4.15738344,0.492590368,0.139835656,-0.263236523,-0.606157899,4.14234924,11.709507,-0.00640436914,-0.195504263,0.139835656,-0.264756203,-0.000254631042,1
747,10.249997,-0.774504304,0.657848716,-0.885991573,0.690335035,-3.14325595,-0.810078144,0.179250449,-0.258162975,-1.5857209,2.83227348,9.97072315,0.0330104157,-0.0580851436,0.179250449,-0.263047218,-0.000254631042,1
748,10.259997,-0.702148318,0.719868183,-0.787055731,0.665232003,-0.914840996,-0.585163414,0.187772557,-0.259278774,-0.800154507,0.73423636,8.5959816,0.189604297,0.0186138973,0.187772557,-0.261521339,-0.000254631042,1
749,10.269982,-0.828402102,0.677783549,-0.904449761,0.727251351,-2.21592093,-1.30229843,0.155814633,-0.261004925,-1.83001292,1.80481017,7.25956059,0.174690589,0.191186741,0.155814633,-0.260361671,-0.000254631042,1
750,10.279998,-0.581062853,0.837262034,-0.885991573,0.815112174,-0.203719884,3.08055091,0.181380972,-0.258118629,2.92649627,0.983318388,12.1813259,-0.0245138649,0.201839387,0.181380972,-0.259049416,-0.000254631042,1
751,10.290091,-0.836523712,0.745709598,-0.871963322,0.57737118,-0.792550564,-1.92245567,0.164336741,-0.254038334,-2.05993485,0.283972681,14.9930792,-0.094821319,0.109161377,0.164336741,-0.256943703,-0.000254631042,1
752,10.299984,-0.815850556,0.837262034,-0.795915782,0.812158942,-3.13655519,2.66758227,0.162206218,-0.251466274,1.80323184,3.70166564,8.95044422,-0.192825645,-0.0421061777,0.162206218,-0.255784035,-0.000254631042,1
753,10.309981,-0.681475222,0.588446021,-0.84686029,0.591399372,0.187080577,-0.669302464,0.130248293,-0.252425671,-0.601367891,-0.348312497,10.6413288,-0.0649939179,0.00476546027,0.130248293,-0.254441261,-0.000254631042,1
754,10.319977,-0.907403111,0.611334205,-0.757522762,0.769335985,-3.31753707,0.527981699,0.162206218,-0.250707626,-0.311570495,3.34480786,6.73744631,-0.0724507645,0.0186138973,0.162206218,-0.253037453,-0.000254631042,1
755,10.329986,-0.599520981,1.00264704,-0.885991573,0.792224109,-1.36287951,-0.692517519,0.228252605,-0.248222351,-1.00612617,1.15096974,8.36845493,-0.173650876,0.0772034451,0.228252605,-0.251145363,-0.000254631042,1
756,10.340007,-0.859411776,0.585492671,-0.812897265,0.939151108,4.70943069,0.906187177,0.246362105,-0.245493412,2.02357364,-4.34799528,10.1910648,-0.218391985,0.0495065674,0.246362105,-0.248948097,-0.000254631042,1
757,10.349982,-0.853505194,0.905188084,-0.840953648,0.693288386,-1.71431518,1.46778226,0.164336741,-0.24383688,1.01048028,2.01796699,6.7973218,-0.405878544,-0.0868472829,0.164336741,-0.246933937,-0.000254631042,1
758,10.359996,-0.711008191,0.908141434,-0.82249552,1.06909645,-0.370503396,2.74129009,0.316669554,-0.240218639,2.57442832,1.01205862,9.26179695,-0.238632008,-0.202961117,0.316669554,-0.244797707,-0.000254631042,1
759,10.369982,-0.965730786,0.651942134,-0.85498184,0.755307794,-1.1684953,-1.91685104,0.174989387,-0.238979816,-2.13897038,0.681545913,12.2196465,0.01490092,-0.326531768,0.174989387,-0.241776466,-0.000254631042,1
760,10.379979,-0.814373851,0.790747523,-0.716914833,0.744232893,2.96964097,-2.10718465,0.173924118,-0.239842892,-1.341429,-3.3851974,9.79109669,0.0362062082,-0.31161806,0.173924118,-0.240464211,-0.000254631042,1
761,10.389976,-0.798869073,0.821757138,-0.85793519,0.906664729,1.37824619,-1.80833328,0.169663072,-0.236634254,-1.43483472,-1.76376915,11.4676104,0.187473774,-0.184851617,0.169663072,-0.238724709,-0.000254631042,1
762,10.399983,-0.885991573,0.951702595,-0.839477003,0.787794113,-2.90779328,-0.53806138,-0.091326721,-0.236695766,-1.20491278,2.70054746,4.8549614,0.249259099,-0.150763154,-0.091326721,-0.237900734,-0.000254631042,1
763,10.409979,-0.69993329,0.807728887,-0.768597662,0.872701705,-1.50249565,2.19712329,-0.0252803247,-0.238849163,1.77928162,1.97964656,9.04864025,0.417570889,0.0803992376,-0.0252803247,-0.238511086,-0.000254631042,1
764,10.419977,-0.792962432,0.920692921,-0.916262865,0.821757138,3.16157413,-0.91977483,-0.00290977047,-0.238657475,-0.146314129,-3.28939652,10.1144238,0.33554554,0.108096115,-0.00290977047,-0.238297462,-0.000254631042,1
765,10.429985,-0.922907889,0.871225059,-1.01519859,1.08090973,-0.821927786,1.63978136,-0.0785435438,-0.239102364,1.3984735,1.18689513,7.14938974,0.0724252015,0.105965585,-0.0785435438,-0.238602638,-0.000254631042,1
766,10.439982,-0.70510155,0.857196808,-1.04620838,0.782625914,3.4110229,5.4813385,-0.018888738,-0.239198208,6.13342714,-2.01524615,5.76267338,-0.232240424,-0.0325187966,-0.018888738,-0.238755226,-0.000254631042,1
767,10.449979,-0.848336875,0.793700755,-1.0233202,0.851290226,-0.201837927,-3.23607254,-0.114762537,-0.241587162,-3.19038391,-0.578234375,-0.385341913,-0.390964836,-0.0559546128,-0.114762537,-0.239182472,-0.000254631042,1
768,10.720001,-0.800345719,0.949487627,-1.00486207,0.792224109,-0.676514506,0.781239092,0.0141344611,-0.250733852,0.588956892,0.849197328,14.9116488,-0.154476121,0.207165703,0.0141344611,-0.253159523,-0.000254631042,1
769,10.729976,-0.753092885,0.959085763,-0.965730786,0.877131641,-0.285597116,-0.436614603,0.00774287386,-0.24936533,-0.493591994,0.169011742,15.845706,-0.0809728801,0.0708118603,0.00774287386,-0.252976418,-0.000254631042,1
770,10.740005,-0.869009972,0.852766812,-0.838000298,0.792224109,-2.16559935,3.44836688,-0.0444550812,-0.252782345,2.79716516,2.95920968,12.4375935,0.12994948,-0.291378051,-0.0444550812,-0.253190041,-0.000254631042,1
771,10.749978,-0.916262865,0.931029379,-0.849813581,0.948010981,-3.04587221,-1.14970827,0.0918987691,-0.257506847,-1.88749337,2.65264702,9.39591789,0.253520161,-0.365946561,0.0918987691,-0.253281593,-0.000254631042,1
772,10.760003,-0.931767762,0.801822364,-0.990833938,0.846121907,-3.82418299,-1.40276647,0.112138793,-0.256835461,-2.32817698,3.34241271,2.70423365,0.284412831,-0.326531768,0.112138793,-0.252366066,-0.000254631042,1
773,10.769977,-0.922907889,0.855720162,-1.06171322,0.948010981,2.35057545,1.85873771,-0.0199540015,-0.251501083,2.38522148,-1.8140645,-0.447612405,0.0447283238,-0.321205437,-0.0199540015,-0.251877785,-0.000254631042,1
774,10.779999,-0.922907889,0.752354503,-1.10010624,0.835785329,-1.5294342,-3.97034669,-0.0753477514,-0.249453068,-4.22503233,0.501919448,6.78774166,-0.31746158,-0.142241046,-0.0753477514,-0.25206089,-0.000254631042,1
775,10.789985,-0.893374801,0.779672623,-1.06983483,0.812158942,4.87775755,-5.06475401,-0.10517516,-0.253201962,-3.68136287,-5.99097824,12.8782768,-0.499621809,0.148576155,-0.10517516,-0.252701759,-0.000254631042,1
776,10.800001,-0.74349463,1.13037753,-0.931767762,0.773765981,-1.32584071,2.33519292,-0.083869867,-0.254928112,1.92537785,1.87187064,22.99963,-0.352615297,0.173077241,-0.083869867,-0.253647804,-0.000254631042,1
777,10.809976,-0.809943914,0.812158942,-0.96130085,0.713223159,-1.92776942,-2.03404164,-0.158438385,-0.258981228,-2.459903,1.34257138,14.48773,-0.357941628,0.0590939485,-0.158438385,-0.254532814,-0.000254631042,1
778,10.819984,-0.780410945,0.718391478,-0.736111343,0.832093716,-2.43628287,1.90120804,-0.108370952,-0.258920193,1.21405697,2.84185362,11.2999592,-0.0117306914,0.0122223105,-0.108370952,-0.255997658,-0.000254631042,1
779,10.829980,-0.843906999,1.02110529,-0.887468219,0.812158942,-4.55715561,1.19005811,-0.0146276793,-0.257516384,-0.00979801547,4.70996904,3.83228779,0.101187341,-0.0580851436,-0.0146276793,-0.256699562,-0.000254631042,1
780,10.839978,-0.999693871,0.733157992,-0.992310584,0.90961796,-3.4675436,-1.37804198,-0.0604340509,-0.257482052,-2.21561122,3.00232005,4.72083998,0.403722465,0.0708118603,-0.0604340509,-0.256821632,-0.000254631042,1
781,10.849986,-0.95022589,1.06097484,-1.05728328,0.895589769,1.47884011,-1.38537681,-0.0753477514,-0.257543564,-0.963015854,-1.7829293,-2.10017586,0.671103776,0.072942391,-0.0753477514,-0.257370949,-0.000254631042,1
782,10.859982,-0.838000298,0.994525611,-1.14071405,1.018152,5.89749146,1.52325642,-0.0231497958,-0.260560036,2.99116182,-5.30600309,16.8396397,0.333415002,0.23592785,-0.0231497958,-0.258133888,-0.000254631042,1
783,10.870002,-0.791485727,0.863103449,-1.10527444,0.937674403,-0.14525421,-1.52552319,-0.036998231,-0.260464191,-1.51147532,-0.25251171,9.86534214,-0.00533910468,0.0665507987,-0.036998231,-0.258316994,-0.000254631042,1
784,10.879976,-0.874916673,0.959085763,-1.07869482,0.776719272,0.471969157,-3.72450161,-0.127545714,-0.26014185,-3.4777863,-1.41409624,13.2806396,-0.323853165,0.280668974,-0.127545714,-0.25886631,-0.000254631042,1
785,10.889998,-0.81142056,1.0351336,-1.04325497,0.844645321,3.10223675,1.64012599,-0.141394153,-0.25825882,2.3780365,-2.5804708,0.752292395,-0.429314345,0.150706694,-0.141394153,-0.260117531,-0.000254631042,1
786,10.900018,-0.658587098,0.713223159,-0.986403883,0.614287496,-0.299146891,5.85064554,-0.189331055,-0.256933689,5.58257246,1.77606988,30.9606762,-0.43570593,0.267885774,-0.189331055,-0.261582375,-0.000254631042,1
787,10.909996,-0.723559737,0.97754401,-0.788532436,0.769335985,-4.59186172,-2.28393197,-0.266030103,-0.262887478,-3.39875078,3.84057689,22.2308292,-0.176846683,-0.0889778063,-0.266030103,-0.26377964,-0.000254631042,1
788,10.920007,-0.780410945,0.964992404,-0.927337825,0.871225059,0.274633467,-0.874737918,-0.0742824897,-0.27155304,-0.769019246,-0.499198735,16.2600441,0.370699257,-0.305226475,-0.0742824897,-0.265366554,-0.000254631042,1
789,10.929982,-0.962777376,0.946534336,-0.71912986,0.809205592,-8.11035347,2.99042654,-0.00504029961,-0.273183346,1.89663756,4.31479073,2.7162087,0.561381578,-0.517214119,-0.00504029961,-0.266190529,-0.000254631042,1
790,10.940000,-0.806990683,0.869748354,-1.05285323,0.919216216,-1.47563732,-0.118031465,0.101486146,-0.269478321,-2.8622663,-4.61384249,8.58161163,0.542206824,-0.277529597,0.0727240071,-0.265854836,-0.000254631042,1
791,10.949975,-1.03218019,0.90961796,-1.15474236,0.813635588,5.49873114,0.506337941,-0.0274108537,-0.26618433,2.26307559,-4.63539743,-2.47140384,0.446333021,-0.129457861,-0.0497814044,-0.265885353,-0.000254631042,1
792,10.960003,-0.831355333,0.922169626,-1.26253796,0.857196808,-3.98660159,1.54403281,-0.00823609252,-0.261232853,1.32422793,1.02163875,4.44541264,0.0830778405,-0.00695244875,0.0205260478,-0.266282082,-0.000254631042,1
793,10.969977,-0.8822999,0.807728887,-1.13923752,0.711746514,3.48055768,-1.87340724,-0.0348677039,-0.265120983,-1.58093095,-1.71347368,6.56739998,-0.139562413,0.129401401,-0.0817393363,-0.266312599,-0.000254631042,1
794,10.979986,-0.742017984,0.824710429,-1.11561096,0.801822364,-2.12434006,0.537025928,-0.125415176,-0.273944378,0.502736151,2.58319163,12.8471413,-0.291895241,0.199708849,-0.121154122,-0.267472267,-0.000254631042,1
795,10.989983,-0.77893424,0.903711379,-1.07721806,0.662278712,0.586839497,0.00390335405,-0.091326721,-0.274170399,-1.43962479,-0.690800309,11.7717772,-0.312135249,0.26149419,-0.0955877751,-0.268509865,-0.000254631042,1
796,10.999979,-0.713961542,0.76785934,-0.948749363,0.790747523,-0.700312972,3.32192707,-0.140328884,-0.268250942,3.01750684,1.55572808,12.0855255,-0.0937560573,0.0420497172,-0.146720484,-0.26970005,-0.000254631042,1
797,11.009976,-0.798869073,0.877131641,-0.947272658,0.752354503,-1.82955825,3.46102834,-0.114762537,-0.267387867,2.85464549,2.67899227,7.47750759,0.0713599324,-0.0729988441,-0.0870656595,-0.270920753,-0.000254631042,1
798,11.019986,-0.947272658,0.844645321,-0.939889371,0.857196808,-1.92180562,-0.806665182,0.0066776094,-0.273595333,-1.29592359,1.63236868,6.8212719,0.0915999562,-0.00375665538,0.0109386677,-0.271286964,-0.000254631042,1
799,11.029983,-0.781887531,0.793700755,-1.00190878,0.736849725,-0.0210800078,-0.016647825,-0.0156929437,-0.276690006,-0.0217731129,0.0157304909,13.4458961,0.0511199087,0.117683493,-0.0210192669,-0.271439552,-0.000254631042,1
800,11.039979,-0.883776605,0.970160723,-0.953917563,0.823233843,0.773783982,-1.35336566,0.0130691966,-0.270727158,-1.09713697,-1.10753369,13.9201097,-0.010665427,0.194382533,0.0130691966,-0.271653175,-0.000254631042,1
801,11.049976,-0.95022589,0.796654105,-0.942842603,0.765644372,-0.39245075,-2.60986686,-0.0433898196,-0.268809795,-2.6203692,-0.314782232,11.3837843,-0.0969518498,0.288125813,-0.0433898196,-0.271714211,-0.000254631042,1
802,11.079997,-0.790009141,0.897066414,-0.908879638,0.820280552,-2.49475288,0.474524021,0.0897682384,-0.272085667,-0.213374689,2.53050113,9.67613506,0.0543157011,-0.151828423,0.0897682384,-0.270188332,-0.000254631042,1
803,11.089996,-0.944319308,0.90961796,-0.979758978,0.789270818,-0.163254976,1.05438805,0.153684095,-0.271100521,0.972160041,0.439648956,8.86661911,0.118231572,-0.300965428,0.153684095,-0.269150734,-0.000254631042,1
804,11.099983,-1.03587186,0.851290226,-1.06318986,0.875654936,-1.28721297,0.528002262,0.150488302,-0.266890049,0.16982846,1.38089168,2.46712661,0.155515835,-0.265811712,0.150488302,-0.267838478,-0.000254631042,1
805,11.110006,-0.845383644,0.855720162,-0.981235683,0.818803847,1.83669376,-2.36357141,0.210143119,-0.263473034,-1.80366778,-2.38886929,7.82478523,0.0852083713,-0.130523115,0.210143119,-0.266068459,-0.000254631042,1
806,11.119983,-0.828402102,0.843168676,-0.92881453,0.80625236,1.62427044,-0.484763503,0.139835656,-0.260229588,-0.0505133495,-1.69431353,12.8471413,0.0330104157,0.00796125364,0.139835656,-0.26454258,-0.000254631042,1
807,11.130005,-0.897804797,0.857196808,-0.947272658,0.728728056,0.886438489,-2.85280418,0.0173302535,-0.264300823,-2.5221734,-1.6009078,13.5225372,-0.120387666,0.0782687142,0.0173302535,-0.263810158,-0.000254631042,1
808,11.139979,-0.812897265,0.812158942,-0.899281442,0.772289276,0.272655487,0.742183149,0.0237218402,-0.265835285,0.787743509,-0.0680951998,12.0735502,-0.121452935,0.186925679,0.0237218402,-0.263749123,-0.000254631042,1
809,11.150002,-0.828402102,0.911094666,-0.908879638,0.707316577,-1.38736093,-0.0535591133,0.0663324222,-0.262818813,-0.41216132,1.32580626,11.709507,-0.189629853,0.13046667,0.0663324222,-0.263230324,-0.000254631042,1
810,11.159976,-0.880823314,0.837262034,-0.877870023,0.809205592,-2.08969259,0.571838737,0.0407660753,-0.259470463,0.0165472012,2.16645813,10.3922462,-0.0894949958,0.168816179,0.0407660753,-0.262803078,-0.000254631042,1
811,11.169985,-0.849813581,0.925122857,-0.873439968,0.736849725,-1.88346589,2.99609637,0.113204055,-0.258005619,2.4163568,2.58558655,6.68236065,0.06816414,-0.0197356232,0.113204055,-0.262040138,-0.000254631042,1
812,11.179981,-0.832832038,0.858673453,-0.913309634,0.875654936,1.36226702,0.930224836,0.139835656,-0.260752201,1.24998224,-1.07639849,10.9047804,0.151254773,-0.0261272099,0.139835656,-0.260972023,-0.000254631042,1
813,11.189978,-0.952440858,0.922169626,-0.927337825,0.812158942,1.93448472,-2.72885084,0.13450934,-0.262189865,-2.13418055,-2.57568073,10.2365704,0.058576759,-0.0197356232,0.13450934,-0.259690285,-0.000254631042,1
814,11.199975,-0.8822999,0.815112174,-0.939889371,0.804775655,-0.564448237,-2.43478632,0.0450271331,-0.257926941,-2.4982233,-0.0752802566,8.3349247,-0.133170843,0.0196791627,0.0450271331,-0.258652687,-0.000254631042,1
815,11.209983,-0.85498184,0.801822364,-0.8822999,0.755307794,1.35947096,0.552401841,0.0397008099,-0.254065037,0.876359224,-1.17698932,9.29053688,-0.14275822,0.128336146,0.0397008099,-0.258286476,-0.000254631042,1
816,11.219983,-0.888944805,0.923646212,-0.910356343,0.810682297,0.0803154558,-0.0283814725,0.0620713644,-0.252661228,-0.0074029956,-0.0848603323,11.822073,-0.145954013,0.108096115,0.0620713644,-0.257676125,-0.000254631042,1
817,11.229980,-0.798869073,0.823233843,-0.879346609,0.775242567,-2.37804127,1.09077454,0.0226565767,-0.254387379,0.457230806,2.57600641,11.1969728,-0.128909782,0.0846602991,0.0226565767,-0.257187843,-0.000254631042,1
818,11.239977,-0.809943914,0.912571311,-0.848336875,0.844645321,-0.560164034,0.332951188,0.0801808611,-0.257359028,0.179408535,0.626460493,9.18994617,0.0159661844,-0.103891514,0.0801808611,-0.256669044,-0.000254631042,1
819,11.249998,-0.899281442,0.7951774,-0.919954538,0.821757138,1.05274224,-3.4122324,0.0556797758,-0.257140636,-3.03231263,-1.88591516,0.69481194,0.141667396,-0.227462202,0.0556797758,-0.256058693,-0.000254631042,1
820,11.259985,-0.904449761,0.886729896,-0.948749363,0.898543119,-1.45487869,2.05165839,0.0929640308,-0.255990505,1.61642027,1.92695618,7.92777109,0.158711627,-0.0932388678,0.0929640308,-0.255570412,-0.000254631042,1
821,11.269996,-0.870486677,0.970160723,-0.919954538,0.779672623,3.03847957,-3.01590848,0.0631366298,-0.250733852,-2.16771078,-3.69175982,8.55766106,0.133145273,-0.0548893511,0.0631366298,-0.254685402,-0.000254631042,1
822,11.279982,-0.835047007,0.827663779,-0.927337825,0.821757138,2.16145372,-1.32877111,0.0173302535,-0.249199867,-0.754649162,-2.42239952,14.1332674,-0.00320857554,0.0846602991,0.0173302535,-0.254136086,-0.000254631042,1
823,11.289979,-0.863841772,0.86605674,-0.897804797,0.784840882,0.112783305,-0.472755969,-0.0753477514,-0.255407333,-0.428926468,-0.228561506,18.2287502,-0.0809728801,0.119814023,-0.0753477514,-0.254410744,-0.000254631042,1
824,11.300001,-0.81954217,0.881561637,-0.845383644,0.793700755,-1.92170882,0.495053917,-0.0391287617,-0.255859852,-0.0074029956,1.98443663,14.0733919,-0.160867706,0.0622897409,-0.0391287617,-0.254899025,-0.000254631042,1
825,11.310005,-0.831355333,0.773765981,-0.852028489,0.776719272,0.574375868,0.502222836,-0.0870656595,-0.257804394,0.632067204,-0.427348167,9.352808,-0.19921723,0.038853921,-0.0870656595,-0.255173683,-0.000254631042,1
826,11.319982,-0.808467269,0.929552794,-0.862365067,0.844645321,-0.0361218601,-0.399186552,-0.0423245542,-0.254901409,-0.395396203,-0.0657001734,8.54089642,-0.112930819,-0.0154745653,-0.0423245542,-0.255906105,-0.000254631042,1
827,11.329996,-0.843906999,0.864580154,-0.911832988,0.852766812,-0.572077811,1.98755991,-0.0114318859,-0.252442837,1.78167665,1.05037892,7.43918705,-0.258872032,-0.0634114668,-0.0114318859,-0.256058693,-0.000254631042,1
828,11.339981,-0.866795123,0.827663779,-0.913309634,0.885253191,-2.20183158,-0.978009284,-0.0167582091,-0.255058289,-1.50189531,1.88384581,5.19026375,-0.214130938,-0.190177932,-0.0167582091,-0.256058693,-0.000254631042,1
829,11.349996,-0.865318418,0.928076148,-0.893374801,0.878608227,0.123026215,0.601445735,0.0109386677,-0.25863266,0.612907052,0.034890648,5.52796125,-0.2120004,-0.163546324,0.0109386677,-0.255997658,-0.000254631042,1
830,11.359998,-0.826925516,0.835785329,-0.933244407,0.770812571,-0.731487572,2.62809849,0.0599408336,-0.258283615,2.3540864,1.37849665,9.74080086,-0.169389829,-0.098565191,0.0599408336,-0.255723,-0.000254631042,1
831,11.369983,-0.859411776,0.827663779,-0.899281442,0.894113183,0.234227195,-2.82446337,0.0876377076,-0.253497601,-2.67545485,-0.93509233,11.4412651,-0.160867706,0.115552969,0.0876377076,-0.255112648,-0.000254631042,1
832,11.380001,-0.831355333,0.881561637,-0.942842603,0.719868183,0.946577251,-0.757598758,0.00135128724,-0.24827528,-0.282830268,-1.96734583,15.958272,-0.122518197,0.105965585,0.00135128724,-0.254410744,-0.000254631042,1
833,11.389975,-0.766382694,0.816588879,-0.962777376,0.809205592,0.0289833676,1.05776286,-0.0220845304,-0.250062943,1.98764837,-0.798576176,10.2844706,-0.0266443938,0.0196791627,-0.0295413826,-0.254471779,-0.000254631042,1
834,11.399997,-0.842430294,0.875654936,-0.863841772,0.758261144,1.23279631,-1.23691857,-0.0444550812,-0.257900238,0.962579966,2.14969301,14.051836,0.153385311,-0.0900430754,-0.048716139,-0.254776955,-0.000254631042,1
835,11.410001,-0.860888481,0.832093716,-0.888944805,0.900019765,-3.90617228,-1.43904531,-0.0881309286,-0.260105133,-2.82873607,4.91354609,5.83931398,0.204518005,-0.0080177132,-0.0891961902,-0.255417824,-0.000254631042,1
836,11.419977,-0.849813581,0.946534336,-0.894851446,0.812158942,-1.16718376,1.03435683,-0.0306066461,-0.258571148,1.31943786,-3.23910117,4.45978308,0.290804416,0.00796125364,-0.0306066461,-0.25596714,-0.000254631042,1
837,11.430005,-0.859411776,0.948010981,-1.04620838,0.911094666,5.82197809,3.55456328,-0.0902614519,-0.25327158,3.69529748,0.161826685,8.77321339,0.206648529,-0.107087307,-0.0902614519,-0.256363869,-0.000254631042,1
838,11.439979,-0.821018875,0.888206601,-1.08164811,0.80625236,-2.23027158,-2.06346679,-0.00290977047,-0.254256725,-0.994151115,-1.02849805,13.9584303,-0.11186555,-0.130523115,0.0066776094,-0.25673008,-0.000254631042,1
839,11.450005,-0.849813581,0.756784499,-1.11413443,0.949487627,0.431712747,-3.65813231,-0.0614993125,-0.261100769,-3.42270088,-1.36140585,14.0470467,-0.165128767,-0.0144093009,-0.076413013,-0.25697422,-0.000254631042,1
840,11.459982,-0.804037392,0.915524542,-0.958347499,0.738326311,-0.744693339,2.80290341,-0.0860003978,-0.260210991,2.51694775,1.44076717,12.7465506,-0.209869877,0.0654855371,-0.0678908974,-0.25773716,-0.000254631042,1
841,11.470005,-0.863841772,0.810682297,-1.03587186,0.818803847,0.0162357707,-1.86487925,-0.0753477514,-0.258275986,-1.79887772,-0.492013693,8.8570385,-0.13104032,0.048441302,-0.0945225134,-0.258316994,-0.000254631042,1
842,11.480002,-0.791485727,0.886729896,-0.945796013,0.7951774,-2.46775675,2.30627799,-0.1520468,-0.25741291,1.60205019,2.97357965,9.74559116,0.0383367352,-0.0080177132,-0.154177323,-0.259476662,-0.000254631042,1
843,11.489976,-0.773027658,0.90961796,-0.939889371,0.891159832,-2.63337898,-0.977091849,-0.131806761,-0.260176182,-1.62164629,2.29339409,8.37563992,0.040467266,-0.104956776,-0.131806761,-0.2607584,-0.000254631042,1
844,11.499985,-0.871963322,0.835785329,-0.860888481,0.840215385,-0.720034778,0.195911899,-0.10197936,-0.265947819,-0.0002179367,0.746211469,11.611311,0.0873389021,-0.0197356232,-0.10197936,-0.261795998,-0.000254631042,1
845,11.509982,-0.840953648,0.864580154,-0.959824145,0.851290226,1.75223494,1.84738839,-0.091326721,-0.266732693,2.24391556,-1.20333457,4.81185102,-0.0745812953,-0.098565191,-0.091326721,-0.262803078,-0.000254631042,1
846,11.519979,-0.81954217,0.877131641,-1.03218019,0.837262034,-2.24545956,-1.22048378,-0.00717082852,-0.26335907,-1.76295245,1.85031557,5.36031008,-0.226914108,0.125140354,-0.00717082852,-0.263291359,-0.000254631042,1
847,11.529977,-0.849813581,0.812158942,-1.08681631,0.837262034,1.18534303,-3.44748735,-0.083869867,-0.260866165,-3.02512765,-2.03440642,7.10388422,-0.266328901,0.274277389,-0.083869867,-0.263718605,-0.000254631042,1
848,11.539984,-0.77893424,0.966469049,-1.08681631,0.764167726,-1.62890363,2.39182639,-0.076413013,-0.258189678,1.89663756,2.18561816,17.3234329,-0.0586023293,0.287060559,-0.076413013,-0.264359474,-0.000254631042,1
849,11.549981,-0.726513088,1.05359161,-1.04177845,0.824710429,1.81249118,4.29095173,-0.0327371769,-0.267430782,4.61738014,-0.614159703,12.6675148,0.150189519,-0.1433063,-0.0327371769,-0.264878273,-0.000254631042,1
850,11.559977,-0.948749363,0.826187134,-0.879346609,0.885253191,-1.53721642,-1.27107489,-0.0977183059,-0.275057793,-1.64080644,1.13420463,10.253335,0.233280137,-0.283921182,-0.0977183059,-0.265763283,-0.000254631042,1
851,11.569985,-0.840953648,0.86605674,-0.893374801,0.883038282,-2.254179,0.108666666,-0.0785435438,-0.273017883,-0.5031721,2.19998837,8.44509506,0.150189519,-0.177394763,-0.0785435438,-0.266861916,-0.000254631042,1
852,11.590005,-0.902973056,0.926599503,-1.09567606,0.844645321,4.90386438,1.06465816,-0.076413013,-0.261041164,2.29421091,-4.46295643,4.38553715,-0.0958865881,-0.0218661521,-0.076413013,-0.267746925,-0.000254631042,1
853,11.600007,-0.845383644,0.868271768,-1.17172384,0.812158942,0.152964711,-1.58964586,-0.0476508774,-0.268138409,-1.49231517,-0.568654299,7.07753897,-0.270589948,0.117683493,-0.0476508774,-0.268418312,-0.000254631042,1
854,11.609982,-0.812897265,0.83873868,-1.18870544,0.804775655,0.915662885,3.29003572,-0.0306066461,-0.271842957,3.41508007,0.00136037311,15.1583357,-0.2120004,0.242319435,-0.0306066461,-0.268754005,-0.000254631042,1
855,11.620006,-0.800345719,0.872701705,-1.08829296,0.792224109,0.551071346,-1.710343,-0.0625645816,-0.271912098,-1.49950027,-0.990177751,15.9486923,-0.112930819,0.14218457,-0.0625645816,-0.269333839,-0.000254631042,1
856,11.629980,-0.84686029,0.83061707,-0.839477003,0.846121907,-1.58337188,1.2158277,-0.0689561665,-0.270011425,0.749423206,1.85031557,11.0580616,0.0628378168,-0.023996681,-0.0689561665,-0.269974709,-0.000254631042,1
857,11.639998,-0.879346609,0.885253191,-0.927337825,0.846121907,-2.86416435,-0.379825443,-0.056172993,-0.269340038,-1.12827218,2.65983224,8.96241951,0.128884211,-0.0751293674,-0.056172993,-0.27046299,-0.000254631042,1
858,11.649983,-0.899281442,0.889683127,-0.908879638,0.94505769,0.650890946,0.577248216,0.0130691966,-0.270665646,0.730263054,-0.472853541,5.12320328,0.195995882,-0.00162612647,0.0130691966,-0.270829201,-0.000254631042,1
859,11.659981,-0.919954538,0.923646212,-1.00929201,0.889683127,-0.524141431,0.463229984,0.030113427,-0.270473957,0.306344569,0.628855526,4.94836664,0.166168481,-0.0921735987,0.030113427,-0.27070713,-0.000254631042,1
860,11.669998,-0.896328092,0.861626863,-1.04768503,0.823233843,-2.07020998,-1.78836215,0.030113427,-0.271398067,-2.27788162,1.51501274,5.45850563,-0.0234485995,0.0143528394,0.030113427,-0.270554543,-0.000254631042,1
861,11.679984,-0.863841772,0.843168676,-1.01667535,0.820280552,2.3372767,0.106691182,0.0588755682,-0.270727158,0.727868021,-2.22361279,8.46425533,-0.125713989,0.104900323,0.0588755682,-0.270188332,-0.000254631042,1
862,11.690005,-0.839477003,0.878608227,-1.01372206,0.747186184,1.22819638,-2.35172749,0.068462953,-0.266655445,-1.94497395,-1.80448449,15.0266094,-0.169389829,0.262559444,0.068462953,-0.269791603,-0.000254631042,1
863,11.699980,-0.842430294,0.816588879,-1.0233202,0.793700755,2.89103937,-0.644063115,0.00135128724,-0.26442337,0.133903161,-2.958884,14.1236868,-0.233305693,0.195447788,0.00135128724,-0.269303322,-0.000254631042,1
864,11.709976,-0.922907889,0.956132531,-0.958347499,0.741279602,-6.12219858,3.53085232,-0.0529771969,-0.268285751,1.78167665,6.83914185,14.8876982,0.01490092,-0.0186703578,-0.0529771969,-0.269608498,-0.000254631042,1
865,11.719985,-0.733896315,0.80329901,-0.84686029,0.834308743,-4.61881495,3.20663047,0.00987340324,-0.273637772,1.8391571,5.31351423,3.21676779,0.224758029,-0.381925523,0.00987340324,-0.269822121,-0.000254631042,1
866,11.729983,-1.05432999,0.824710429,-0.962777376,0.852766812,1.73733318,-2.28708029,0.0929640308,-0.274980068,-1.72942209,-2.29306841,4.46696806,0.267368615,-0.206156909,0.0929640308,-0.26970005,-0.000254631042,1
867,11.739980,-0.918477952,0.959085763,-1.07278812,0.824710429,2.13502216,-1.72777307,0.0972250924,-0.26752615,-1.10192704,-2.51580524,11.8508129,0.24180226,-0.176329508,0.0972250924,-0.268967628,-0.000254631042,1
868,11.749976,-0.871963322,0.782625914,-1.07131159,0.897066414,1.68064857,-5.23284388,0.117465116,-0.262383461,-4.61781549,-2.98043919,10.5000219,-0.0277096573,0.0846602991,0.117465116,-0.267838478,-0.000254631042,1
869,11.759985,-0.947272658,0.877131641,-1.03882527,0.796654105,3.47298884,-0.14520368,0.0524839833,-0.264737606,0.768583357,-3.38998747,12.7297859,-0.134236112,0.278538436,0.0524839833,-0.267075539,-0.000254631042,1
870,11.769982,-0.783364236,0.813635588,-1.06318986,0.64825052,-2.69864011,0.466741323,0.0940292999,-0.264171124,-0.254090011,2.72689271,19.3831501,-0.177911937,0.222079411,0.0940292999,-0.266495705,-0.000254631042,1
871,11.779978,-0.804037392,0.786317527,-0.918477952,0.745709598,1.41476309,-1.65743983,-0.00504029961,-0.269087315,-1.22167802,-1.80448449,15.1056452,-0.139562413,0.125140354,-0.00504029961,-0.265915871,-0.000254631042,1
872,11.789999,-0.877870023,0.846121907,-0.85498184,0.789270818,-3.40802503,0.853823304,-0.0359329656,-0.26804018,-0.0792535841,3.51245904,14.3033133,-0.0351665132,0.0590939485,-0.0359329656,-0.266068459,-0.000254631042,1
873,11.799984,-0.802560687,0.83873868,-0.885991573,0.798130691,-2.53472733,2.35574841,0.0450271331,-0.264352322,1.6116302,3.06219554,4.86214638,0.131014749,-0.0708683133,0.0450271331,-0.266190529,-0.000254631042,1
874,11.809997,-0.879346609,0.914047897,-0.944319308,0.863103449,-1.29080677,1.48718798,0.13450934,-0.262373447,1.10149109,1.63236868,2.09589839,0.308913916,-0.149697885,0.13450934,-0.265305519,-0.000254631042,1
875,11.819984,-0.972375751,0.843168676,-0.987880588,0.951702595,2.22540522,-2.92127156,0.0865724459,-0.263105869,-2.24195623,-2.90858841,5.04416752,0.203452736,-0.079390429,0.0865724459,-0.264176369,-0.000254631042,1
876,11.829999,-0.797392428,0.857196808,-1.08829296,0.864580154,9.38204956,2.7743938,0.0716587454,-0.26548624,6.20527792,-6.28556585,9.49890423,-0.0990823805,-0.124131538,0.0716587454,-0.263474464,-0.000254631042,1
877,11.840006,-0.913309634,0.832093716,-1.03882527,0.80625236,-0.849018276,-1.58634031,-0.00184450613,-0.264814854,-2.08867502,0.758186579,5.81296873,-0.381377459,-0.0463672355,-0.00184450613,-0.263047218,-0.000254631042,1
878,11.849981,-0.814373851,0.699195027,-0.933244407,0.83061707,-4.05078983,-0.608838022,-0.0732172206,-0.262304783,-4.53878021,-0.659665048,12.7513409,-0.457011223,0.199708849,-0.0433898196,-0.263352394,-0.000254631042,1
879,11.859999,-0.814373851,0.861626863,-0.927337825,0.761214435,2.56615734,0.0351469703,-0.0412592888,-0.257361412,1.5349896,-1.10274374,14.8661432,-0.383507967,0.264689982,-0.103044629,-0.263352394,-0.000254631042,1
880,11.869984,-0.682951808,0.72429812,-0.902973056,0.799607396,-1.17037547,4.95627546,-0.173352093,-0.262304783,4.76347637,3.24900699,11.1227274,-0.178977206,-0.147567362,-0.159503654,-0.264603615,-0.000254631042,1
881,11.880005,-0.842430294,0.95317924,-0.800345719,0.765644372,-3.20193076,-0.688026607,-0.0519119352,-0.268868446,-0.393001169,3.42623854,6.58895493,0.138471603,-0.316944391,-0.0199540015,-0.265580177,-0.000254631042,1
882,11.889980,-0.874916673,0.949487627,-0.763429463,0.868271768,-3.01428723,-2.06521821,-0.00930135697,-0.270341396,2.19122505,2.37482476,5.74111795,0.443137228,-0.315879136,-0.0124971503,-0.265702248,-0.000254631042,1
883,11.900000,-1.01519859,0.908141434,-0.860888481,0.889683127,-1.45982838,-0.662513435,0.0748545378,-0.267882824,-1.02528632,1.23240042,1.03969479,0.736084938,-0.071933575,0.0993556157,-0.26554966,-0.000254631042,1
884,11.909998,-0.970899045,0.886729896,-1.04325497,0.905188084,1.57871854,-2.85194373,0.0897682384,-0.262339115,-2.34494209,-2.26432824,7.678689,0.80852294,0.186925679,0.0812461227,-0.26466465,-0.000254631042,1
885,11.919984,-0.835047007,0.851290226,-1.0403018,0.878608227,3.22989655,0.480899036,0.123856701,-0.258538723,1.29069757,-2.99959922,9.60667992,0.635950089,0.244449958,0.131313547,-0.263718605,-0.000254631042,1
886,11.930005,-0.952440858,0.934721053,-1.00338542,0.820280552,3.53136206,-0.872194529,0.0759197995,-0.263150692,0.0764226913,-3.6366744,10.2748899,0.274825454,0.299843729,0.0407660753,-0.262619972,-0.000254631042,1
887,11.939981,-0.727989674,0.798130691,-0.93693608,0.835785329,1.13897204,0.523773849,-0.0114318859,-0.265739441,0.804508626,-0.961437523,12.8758812,-0.0202528071,0.236993104,-0.0114318859,-0.262558937,-0.000254631042,1
888,11.950003,-0.921431243,0.796654105,-0.866795123,0.776719272,2.09047174,-1.58769536,0.000286022841,-0.266061306,-0.982176006,-2.43437457,15.3092213,-0.280177325,0.0995739996,0.000286022841,-0.262497902,-0.000254631042,1
889,11.959977,-0.749401152,0.823233843,-0.89042151,0.786317527,-0.449342728,2.1464231,-0.111566745,-0.26227808,1.95651305,0.99050349,14.4757547,-0.287634194,0.048441302,-0.111566745,-0.263047218,-0.000254631042,1
890,11.970006,-0.829878747,0.753831089,-0.754569471,0.745709598,-1.0796876,0.651321054,-0.0284761172,-0.260011196,0.351849943,1.21084523,12.5333939,-0.15554139,-0.0825862214,-0.0284761172,-0.2635355,-0.000254631042,1
891,11.979981,-0.812897265,0.762691081,-0.791485727,0.821757138,-0.490066409,-0.813484132,0.0599408336,-0.262243271,-0.912720442,0.262417525,11.0101614,-0.13104032,-0.023996681,0.0599408336,-0.263382912,-0.000254631042,1
892,11.990006,-0.783364236,0.727251351,-0.795915782,0.762691081,1.98106909,0.0374397263,0.0173302535,-0.263968945,0.553031564,-1.90268028,10.2317801,-0.209869877,-0.0623462014,0.0173302535,-0.262986183,-0.000254631042,1
893,11.999982,-0.869009972,0.781149209,-0.829878747,0.756784499,0.303035527,-2.72702599,-0.0284761172,-0.264160633,-2.55330873,-1.00454783,10.1000538,-0.218391985,0.0633550063,-0.0284761172,-0.262986183,-0.000254631042,1
894,12.009999,-0.897804797,0.741279602,-0.919954538,0.843168676,0.548710883,2.40425897,-0.0977183059,-0.262818813,2.46425748,0.09476614,5.41539574,-0.207739338,-0.0548893511,-0.0977183059,-0.26365757,-0.000254631042,1
895,12.019975,-0.815850556,0.983450651,-0.900758088,0.801822364,-4.34337282,1.43359983,-0.0114318859,-0.261223316,0.263234228,4.56626797,8.11458302,-0.2301099,-0.127327323,-0.0114318859,-0.264176369,-0.000254631042,1
896,12.029983,-0.859411776,0.932506025,-0.876393318,0.787794113,-1.62652707,0.0540507138,0.0673976839,-0.263489723,-0.371445984,1.58446836,7.77927971,-0.101212911,-0.26794225,0.0673976839,-0.26365757,-0.000254631042,1
897,12.039980,-0.907403111,0.87417835,-0.869009972,0.823233843,-1.95546091,0.13381739,0.136639863,-0.265215397,-0.383421093,1.92216611,4.77832079,0.0457935855,-0.235984311,0.136639863,-0.262742043,-0.000254631042,1
898,12.049977,-0.938412786,0.94505769,-0.849813581,0.834308743,-0.24516733,0.494882107,0.154749364,-0.263018131,0.414120436,0.365403324,3.93766856,0.259911746,-0.16248107,0.154749364,-0.261460304,-0.000254631042,1
899,12.059986,-0.938412786,0.946534336,-0.958347499,0.878608227,-1.73747683,1.52932751,0.18351151,-0.258467197,1.0344305,2.07065725,7.96848631,0.448463559,-0.0815209597,0.18351151,-0.259995461,-0.000254631042,1
900,12.069982,-0.942842603,0.835785329,-0.916262865,0.80625236,2.97945809,-3.01427794,0.244231582,-0.256296635,-2.16052556,-3.64625454,11.0389013,0.317436039,0.116618231,0.244231582,-0.258347511,-0.000254631042,1
901,12.079981,-0.845383644,0.868271768,-1.00929201,0.71617651,7.15979528,0.496897161,0.208012581,-0.253969193,2.27984071,-6.80528498,14.3368435,0.309979171,0.0995739996,0.208012581,-0.256211281,-0.000254631042,1
902,12.089978,-0.840953648,0.773765981,-0.891898096,0.786317527,1.206828,-0.474766403,0.139835656,-0.252442837,-0.158289239,-1.28716016,11.4412651,0.124623157,0.134727731,0.139835656,-0.254593849,-0.000254631042,1
903,12.099975,-0.995263934,0.73537302,-0.663017035,0.748662829,1.92144632,-4.09763813,0.0631366298,-0.25674963,-3.47539139,-2.89900851,14.3703737,0.0180967133,0.226340458,0.0631366298,-0.253464699,-0.000254631042,1
904,12.119997,-0.722083151,0.798130691,-0.825448811,0.755307794,-0.640656173,-1.00608742,0.0588755682,-0.249330521,-1.13306224,0.372588396,8.58879662,-0.165128767,0.418088078,0.0588755682,-0.252518654,-0.000254631042,1
905,12.129983,-0.790009141,0.690335035,-0.805513978,0.779672623,-1.21319413,5.09737825,0.0524839833,-0.245982647,4.64851522,2.41793513,8.78518772,-0.0596675947,0.365890115,0.0524839833,-0.251847267,-0.000254631042,1
906,12.140004,-0.722083151,0.885253191,-0.828402102,0.65637207,-4.32415342,1.1454457,0.105747208,-0.245075226,0.062052574,4.47286224,12.8160057,-0.141692951,0.0601592101,0.105747208,-0.251023293,-0.000254631042,1
907,12.150006,-0.753092885,0.733157992,-0.576632857,0.761214435,0.829342484,-0.751980066,0.156879887,-0.25109911,-0.522332251,-0.990177751,11.2568483,-0.00320857554,-0.144371569,0.156879887,-0.24992466,-0.000254631042,1
908,12.159980,-0.722083151,0.762691081,-0.733896315,0.64825052,0.000575050071,0.298690081,0.171793595,-0.249554634,0.289579451,0.0732109621,6.09797621,0.141667396,-0.228527457,0.171793595,-0.248398781,-0.000254631042,1
909,12.170001,-0.817327261,0.752354503,-0.791485727,0.83873868,1.05245185,-0.988996327,0.155814633,-0.244864941,-0.70435375,-1.26081502,4.42864752,-1.27822468e-05,-0.165676862,0.155814633,-0.246811867,-0.000254631042,1
910,12.179986,-0.853505194,0.721344769,-0.838000298,0.745709598,5.68032265,-1.51810598,0.112138793,-0.24034071,-0.12236394,-5.87841272,5.84170914,-0.0138612203,0.025005484,0.112138793,-0.245316505,-0.000254631042,1
911,12.190004,-0.763429463,0.690335035,-0.831355333,0.786317527,-1.88891828,0.204510763,0.0972250924,-0.238170147,-0.246904954,1.88384581,9.45100403,-0.0330359787,0.0846602991,0.0972250924,-0.244339943,-0.000254631042,1
912,12.199979,-0.825448811,0.748662829,-0.754569471,0.711746514,0.798901498,-2.8542614,0.0471576601,-0.241988659,-2.57965398,-1.45960164,10.238965,-0.094821319,0.224209934,0.0471576601,-0.243393898,-0.000254631042,1
913,12.210003,-0.764906049,0.798130691,-0.737587929,0.815112174,0.707867205,-0.652122736,-0.0284761172,-0.243216991,-0.462456733,-0.844081581,12.5932693,0.0489893816,0.10170453,-0.0284761172,-0.243180275,-0.000254631042,1
914,12.219977,-0.828402102,0.83061707,-0.877870023,0.7951774,0.0986927971,-1.9233408,-0.0103666214,-0.240670681,-1.84438312,-0.554284215,15.1966553,0.0969262794,0.0697465986,-0.0103666214,-0.243302345,-0.000254631042,1
915,12.229986,-0.859411776,0.860150158,-0.626100659,0.736849725,-3.39451885,2.73255801,0.0673976839,-0.24086237,1.84394717,3.94835281,15.4505281,0.314240247,-0.238114834,0.0673976839,-0.243027687,-0.000254631042,1
916,12.239981,-0.671138644,0.80625236,-0.539716542,0.770812571,-1.983163,-0.336565137,0.149423048,-0.240993023,-0.800154507,1.8455255,8.37563992,0.386678219,-0.265811712,0.149423048,-0.241959572,-0.000254631042,1
917,12.249978,-0.852028489,0.653418779,-0.756046116,0.756784499,2.84157801,-2.7983284,0.145161986,-0.242649555,-2.0335896,-3.43070269,6.64643574,0.347263426,-0.213613763,0.145161986,-0.240586281,-0.000254631042,1
918,12.260180,-0.814373851,0.73537302,-0.880823314,0.7951774,4.32617855,-2.71871543,0.0556797758,-0.238596439,-1.61925125,-4.84615946,4.05262947,0.296130747,-0.153958946,0.0556797758,-0.239548683,-0.000254631042,1
919,12.269982,-0.753092885,0.540454865,-0.856458545,0.69181174,4.66072035,-6.58559179,-0.0817393363,-0.240087986,-3.30534482,-5.16469669,5.86565924,-0.0564718023,0.176273033,-0.115827799,-0.239518166,-0.000254631042,1
920,12.279979,-0.650465429,0.671876907,-0.918477952,0.674830258,1.66222954,-2.53636622,-0.220223725,-0.240645885,-1.84438312,-2.76488733,10.9790258,-0.33557108,0.290256351,-0.239398479,-0.240952492,-0.000254631042,1
921,12.289976,-0.582539439,0.742756248,-0.655633748,0.646773815,1.98912132,-1.75947094,-0.252181649,-0.242110729,-1.01091623,-2.958884,12.7489452,-0.467663884,0.373346984,-0.272421688,-0.242966652,-0.000254631042,1
922,12.299997,-0.519781709,0.622409105,-0.726513088,0.670400262,5.77386475,-4.24129629,-0.383209199,-0.246862411,-4.47650957,-2.25714326,12.1765356,-0.514535487,0.284930021,-0.416232377,-0.245804787,-0.000254631042,1
923,12.309982,-0.522735,0.670400262,-0.763429463,0.50649184,-1.05547667,-2.47891593,-0.488670379,-0.25122118,-3.91846991,0.408513695,19.9028702,-0.540101826,0.148576155,-0.453516632,-0.249772072,-0.000254631042,1
924,12.320003,-0.518305063,0.685905159,-0.587707758,0.592876017,-6.41685581,5.61542416,-0.385339707,-0.255336285,-2.4215827,6.8654871,15.8193607,-0.254610986,-0.0943041295,-0.338468075,-0.253373146,-0.000254631042,1
925,12.329981,-0.473267168,0.660802066,-0.615025818,0.603950918,1.57712924,-1.92222583,-0.161634177,-0.257907867,-1.4563899,-2.01524615,-2.63426518,0.135275796,-0.319074929,-0.1520468,-0.255631447,-0.000254631042,1
926,12.339978,-0.703624964,0.670400262,-0.553744733,0.62093246,-4.11762238,3.51052976,-0.0817393363,-0.260296822,2.33253121,4.88241053,4.45499277,0.29186967,-0.269007504,-0.064695105,-0.256913185,-0.000254631042,1
927,12.349997,-0.570726216,0.628315687,-0.725036442,0.614287496,1.81562018,-1.60577214,-0.00184450613,-0.256626606,-1.09234691,-2.1637373,1.8540014,0.311044455,-0.223201141,0.0066776094,-0.257340431,-0.000254631042,1
928,12.360099,-0.56112802,0.538978219,-0.71912986,0.544884801,-1.26834869,0.867631674,-0.0338024385,-0.258406162,0.514711261,1.44795227,3.94245863,0.287608624,-0.159285277,-0.0167582091,-0.257645607,-0.000254631042,1
929,12.369982,-0.579586148,0.566296279,-0.624624014,0.580324471,1.78726959,0.980409265,0.0705934763,-0.259138584,1.4056586,-1.47636676,10.3754816,0.0852083713,-0.182721093,0.0705934763,-0.257615089,-0.000254631042,1
930,12.379997,-0.576632857,0.580324471,-0.638652325,0.544884801,3.94728446,-5.06460238,0.114269324,-0.259426594,-3.88254452,-5.11440134,12.9932375,-0.0969518498,-0.0431714393,0.114269324,-0.25673008,-0.000254631042,1
931,12.390005,-0.491725326,0.50649184,-0.643082201,0.49837023,2.79889679,0.481773645,0.0183955189,-0.256366253,1.17573667,-2.58526087,16.4348812,-0.153410852,0.0154181039,0.0183955189,-0.256608009,-0.000254631042,1
932,12.399979,-0.483603686,0.526426613,-0.626100659,0.474005491,-1.50631571,-1.01936674,-0.000779241615,-0.256174564,-1.36777413,1.19887018,14.6505909,-0.313200533,-0.0410409123,-0.000779241615,-0.256638527,-0.000254631042,1
933,12.409996,-0.485818714,0.574417889,-0.620194077,0.47105217,2.17716599,0.230572388,0.00135128724,-0.257865429,0.778163433,-2.04638147,15.4193926,-0.256741524,-0.0463672355,0.00135128724,-0.256577492,-0.000254631042,1
934,12.419983,-0.480650425,0.495416969,-0.589184403,0.431920886,0.139440104,1.21644008,-0.0316719115,-0.258536816,1.21166193,0.176196814,16.0133572,-0.204543546,-0.11241363,-0.0316719115,-0.256913185,-0.000254631042,1
935,12.430000,-0.445210755,0.50649184,-0.482127041,0.488033652,-2.25812221,0.600131691,-0.00184450613,-0.257804394,0.00457210233,2.33650446,9.41268349,-0.031970717,-0.181655824,-0.00184450613,-0.257309914,-0.000254631042,1
936,12.439975,-0.545623124,0.503538489,-0.530118287,0.457023948,1.9736433,-2.97924733,0.01626499,-0.259269238,-2.3736825,-2.67148161,6.61051035,0.11503578,-0.103891514,0.01626499,-0.257126808,-0.000254631042,1
937,12.450002,-0.55005312,0.474005491,-0.525688291,0.441519141,-0.01651619,-1.6036073,0.0365050174,-0.258406162,-1.5545857,-0.393817872,2.80961442,0.182147443,0.116618231,0.0365050174,-0.257035255,-0.000254631042,1
938,12.459999,-0.456285655,0.529379964,-0.530118287,0.380976379,0.030077938,-0.35452193,0.0961598232,-0.254579067,-0.335520715,-0.118390612,4.76395035,0.248193845,0.315822691,0.0961598232,-0.256394386,-0.000254631042,1
939,12.469985,-0.485818714,0.536024868,-0.592137635,0.417154372,-0.938105702,-0.791920722,0.0823113844,-0.252730846,-1.00133622,0.71028614,7.24519062,0.373895049,0.435132325,0.0823113844,-0.255631447,-0.000254631042,1
940,12.480006,-0.409771085,0.536024868,-0.564081252,0.418631017,3.10257626,1.17004216,0.0748545378,-0.253593445,1.91100776,-2.70980191,9.24982166,0.2790865,0.308365852,0.0748545378,-0.254899025,-0.000254631042,1
941,12.489981,-0.41936934,0.510921776,-0.565557897,0.452594042,1.01710975,0.262359053,0.0780503303,-0.254438877,0.509921253,-0.918327212,11.0939875,0.0947957486,0.0793339759,0.0780503303,-0.254288673,-0.000254631042,1
942,12.500001,-0.414201051,0.523473322,-0.552268028,0.424537599,0.823049843,0.372057825,0.119595647,-0.254664898,0.567401707,-0.702775419,12.8088207,-0.210935146,-0.166742116,0.119595647,-0.253403664,-0.000254631042,1
943,12.510003,-0.453332365,0.509445131,-0.519781709,0.406079471,1.67719507,-0.818502903,0.148357779,-0.252336979,-0.373841017,-1.82843459,13.0770636,-0.285503656,-0.204026371,0.148357779,-0.252488136,-0.000254631042,1
944,12.519978,-0.422322661,0.503538489,-0.524211705,0.378023058,-0.461219192,1.56377339,0.201620996,-0.247341633,1.40326357,0.830037177,12.1142654,-0.27378574,-0.262615919,0.201620996,-0.250992775,-0.000254631042,1
945,12.530003,-0.408294439,0.447425723,-0.465145528,0.390574604,0.568093717,0.400631696,0.219730496,-0.245493412,0.52668637,-0.45369339,12.6723051,-0.303613156,-0.25515908,0.219730496,-0.249009132,-0.000254631042,1
946,12.539977,-0.463668913,0.411986113,-0.443734109,0.397957891,0.413479358,0.925731182,0.198425204,-0.24571991,0.998505235,-0.175871074,9.16360092,-0.192825645,-0.296704382,0.198425204,-0.247086525,-0.000254631042,1
947,12.549985,-0.463668913,0.430444241,-0.443734109,0.396481216,0.519670546,-1.3380959,0.166467279,-0.245850086,-1.17138255,-0.829711437,8.54568577,-0.0596675947,-0.221070603,0.166467279,-0.245347023,-0.000254631042,1
948,12.559981,-0.468837202,0.36768651,-0.480650425,0.380976379,1.25534892,-1.9061352,0.0759197995,-0.244830132,-1.54500556,-1.67994344,6.91467762,0.131014749,-0.104956776,0.0759197995,-0.244065285,-0.000254631042,1
949,12.569977,-0.471790493,0.39500457,-0.463668913,0.454070717,1.19582617,-1.31112111,0.0205260478,-0.243200302,-0.98457104,-1.47636676,6.8021121,0.207713798,0.126205608,0.0205260478,-0.243485451,-0.000254631042,1
950,12.579986,-0.449640721,0.492463619,-0.49024865,0.372116446,-0.00437537301,-0.87237817,-0.0359329656,-0.241762161,-0.848054886,-0.204611316,6.46441412,0.249259099,0.277473181,-0.0359329656,-0.243302345,-0.000254631042,1
951,12.589983,-0.414201051,0.481388688,-0.505753458,0.43856582,0.315532953,0.153411999,-0.0774782822,-0.243322849,0.22491391,-0.269276857,9.42226315,0.239671722,0.436197579,-0.0774782822,-0.243638039,-0.000254631042,1
952,12.599979,-0.34036842,0.496893615,-0.530118287,0.372116446,1.82475269,-0.201103806,-0.111566745,-0.245746136,0.248864099,-1.81885457,9.7791214,0.127818957,0.494787127,-0.111566745,-0.244370461,-0.000254631042,1
953,12.609976,-0.273919016,0.474005491,-0.511660099,0.362518221,1.44188082,1.60000312,-0.114762537,-0.244473457,1.90142763,-1.01173294,12.152586,0.026618829,0.396782786,-0.114762537,-0.245316505,-0.000254631042,1
954,12.619984,-0.255460888,0.43856582,-0.462192297,0.362518221,0.297572315,1.70765865,-0.100914098,-0.24383688,1.72898626,0.123506375,13.2423201,-0.0522107445,0.187990949,-0.100914098,-0.246232033,-0.000254631042,1
955,12.639999,-0.306405395,0.363994837,-0.343321711,0.384667993,0.312745005,0.379858017,-0.0572382547,-0.24919796,0.445255697,-0.209401354,11.5682011,-0.194956169,-0.326531768,-0.0572382547,-0.247605324,-0.000254631042,1
956,12.650002,-0.372854799,0.347013354,-0.312312007,0.410509437,1.19358408,0.236094236,-0.0380634964,-0.250217915,0.524291337,-1.09795368,11.7190876,-0.316396326,-0.462885618,-0.0380634964,-0.248124123,-0.000254631042,1
957,12.659977,-0.366209835,0.321171969,-0.239956036,0.36768651,1.26303208,0.736642957,0.0215913113,-0.248684406,1.02485049,-1.04286826,13.3429108,-0.355811119,-0.419209778,0.0215913113,-0.248337746,-0.000254631042,1
958,12.670000,-0.284993947,0.166861728,-0.163908437,0.21928291,0.13913466,-0.561169803,0.113204055,-0.24612999,-0.510357141,-0.271671861,5.17110348,-0.331310034,-0.362750769,0.113204055,-0.247849464,-0.000254631042,1
959,12.679975,-0.262844145,0.223712862,-0.204516381,0.336676776,0.662107825,-1.95797992,0.14729251,-0.244918346,-1.73900223,-1.11711383,3.91850853,-0.161932975,-0.132653654,0.14729251,-0.246659279,-0.000254631042,1
960,12.690001,-0.225927845,0.163170099,-0.2724424,0.279087335,-1.09460187,-2.26469541,0.128117755,-0.244473457,-2.46229792,0.513894558,5.4058156,0.0159661844,0.118748762,0.128117755,-0.245408058,-0.000254631042,1
961,12.699986,-0.0945057645,-0.011074895,0.00147665257,0.0612810813,1.71264625,-3.01440978,0.160075679,-0.243487835,-2.51259351,-2.38886929,10.8640652,0.124623157,0.376542777,0.160075679,-0.244156837,-0.000254631042,1
962,12.710003,-0.0561127998,0.0952440947,-0.230357811,0.171291694,4.01564789,-1.61264431,0.246362105,-0.239102364,-0.615737975,-4.28332996,13.28543,0.0905346945,0.442589164,0.246362105,-0.2423563,-0.000254631042,1
963,12.719980,-0.126992121,0.118870527,-0.184581578,0.0428229235,3.59576344,-3.45066214,0.192033619,-0.235928535,-0.778599322,-3.64385962,11.2544537,0.0628378168,0.348845899,0.170728326,-0.24022007,-0.000254631042,1
964,12.729996,-0.0575894527,0.0679260194,-0.273919016,0.198609769,2.67402577,-0.510571241,0.130248293,-0.235230923,-0.14391911,-2.87984824,12.0639696,0.141667396,0.201839387,0.127052501,-0.238755226,-0.000254631042,1
965,12.739983,-0.105580665,0.0243647695,-0.135113716,0.0598044321,3.94538093,-0.909148216,0.0844419152,-0.235299587,-0.00261295633,-4.87729454,11.6232862,0.183212712,0.0175486337,0.0652671531,-0.237595558,-0.000254631042,1
966,12.749979,-0.0450379066,0.0863841772,-0.239956036,0.152833551,3.30663204,-1.39090717,-0.0114318859,-0.237183094,-0.167869315,-3.3325069,6.98173857,0.131014749,-0.0548893511,-0.0210192669,-0.237229347,-0.000254631042,1
967,12.759978,-0.155048519,0.0922907889,-0.0804775655,0.0863841772,3.12041306,-1.00917387,-0.0412592888,-0.237435818,0.112347983,-3.74684548,4.3400321,0.0383367352,-0.0580851436,-0.056172993,-0.237381935,-0.000254631042,1
968,12.769986,-0.0516828448,0.0797392428,-0.193441495,0.120347172,2.25077748,-0.991317689,-0.0860003978,-0.2356143,-0.819314659,-2.81039262,8.03794193,0.0191619787,-0.0346493237,-0.0860003978,-0.237931252,-0.000254631042,1
969,12.779983,-0.0730943009,0.107795633,-0.0841691941,0.121823832,2.56773376,-1.07689357,-0.0902614519,-0.235483646,0.773373365,-3.29179168,12.1334257,-0.0202528071,-0.0495630279,-0.0934572443,-0.238541603,-0.000254631042,1
970,12.789979,-0.037654642,0.0812158883,-0.124038823,0.115178905,2.63576365,-1.96878552,-0.12008886,-0.238247395,-1.29113352,-3.02594447,13.0004225,-0.0522107445,-0.116674684,-0.123284653,-0.239396095,-0.000254631042,1
971,12.799978,-0.0804775655,0.0937674418,-0.0561127998,0.0317480303,2.15928984,-1.02993953,-0.138198361,-0.242362022,-0.481616914,-2.34336376,11.5179052,-0.103343435,-0.119870476,-0.13926363,-0.240494728,-0.000254631042,1
972,12.809986,-0.0081215892,0.0524211675,-0.0236264411,0.0524211675,1.00360394,-0.812185585,-0.136067823,-0.243477821,-0.546282411,-1.16980422,9.58033466,-0.105473965,-0.0889778063,-0.136067823,-0.241715431,-0.000254631042,1
973,12.819984,-0.00959824212,0.115178905,-0.011074895,0.0243647695,0.736691892,0.101145022,-0.113697276,-0.242676258,0.275209308,-0.690800309,8.10739803,-0.022383336,-0.0474324971,-0.113697276,-0.242814064,-0.000254631042,1
974,12.840000,-0.00221497891,0.115178905,-0.0479912087,0.0073832632,1.15445805,0.500122428,-0.064695105,-0.243583679,0.76379329,-0.999757826,9.99467278,0.120362096,0.0111570461,-0.064695105,-0.244523048,-0.000254631042,1
975,12.849986,-0.00221497891,0.0287947264,-0.00664493674,-0.00959824212,1.2746197,0.291784197,-0.0572382547,-0.246294975,0.593746901,-1.16501415,11.1083574,0.0809473172,-0.00375665538,-0.0572382547,-0.2451334,-0.000254631042,1
976,12.859999,-0.00221497891,0.0354396626,0.00147665257,-0.00221497891,1.05796325,0.425534427,-0.0529771969,-0.248622894,0.67278254,-0.920722187,10.8736448,0.0202272423,-0.010148243,-0.0529771969,-0.245743752,-0.000254631042,1
977,12.870003,0,0.0487295389,0.00885991566,-0.00664493674,0.196094751,0.380011946,-0.0508466698,-0.247951984,0.41651547,-0.0968354344,9.62823486,-0.0149264848,-0.0208008867,-0.0508466698,-0.246354103,-0.000254631042,1
978,12.879978,0,0,-0.00959824212,0.00295330514,-0.438861012,0.302890807,-0.0380634964,-0.246609211,0.186593592,0.499524444,8.97200012,0.00531353988,0.000504402502,-0.0380634964,-0.246811867,-0.000254631042,1
979,12.889996,0,0.00590661028,-0.00516828429,-0.0036916316,-0.378066927,0.279919803,-0.0178234726,-0.246034145,0.179408535,0.434858918,9.42705345,0.0276840944,0.0164833684,-0.0178234726,-0.247117043,-0.000254631042,1
980,12.899982,0,0.0214114618,0.00590661028,-0.0036916316,-0.672035336,0.102844223,0.00454708049,-0.247437954,-0.0648834705,0.676755905,10.0329933,0.0298146233,0.0239402205,0.00454708049,-0.24726963,-0.000254631042,1
981,12.910003,0,0,-0.012551547,0.00147665257,-0.513886869,-0.168353811,0.00880813878,-0.249468803,-0.29001531,0.456414074,10.021018,0.0170314498,0.0207444262,0.00880813878,-0.24726963,-0.000254631042,1
982,12.919977,0,-0.00221497891,0.0103365686,-0.0081215892,-0.795128882,0.0854735896,0.00561234495,-0.248588085,-0.112783857,0.791716814,10.1168194,0.0191619787,0.0218096916,0.00561234495,-0.24726963,-0.000254631042,1
983,12.930004,-0.0036916316,0,-0.0140281999,0.00442995783,-0.536540806,-0.0847193524,0.0215913113,-0.247088909,-0.213374689,0.499524444,9.84378719,0.0372714698,0.00476546027,0.0215913113,-0.247239113,-0.000254631042,1
984,12.940000,-0.00221497891,0,0.00295330514,-0.0081215892,-0.523730457,-0.103105143,0.0247871056,-0.246417522,-0.227744803,0.482759297,9.67853069,0.0394020006,0.0164833684,0.0247871056,-0.247086525,-0.000254631042,1
985,12.949986,0,0,0.00442995783,0.00295330514,-0.489455193,-0.0943943858,0.0247871056,-0.246513367,-0.21097967,0.451624036,9.65458012,-1.27822468e-05,0.0111570461,0.0247871056,-0.246933937,-0.000254631042,1
986,12.960001,0,0,-0.00959824212,-0.0036916316,-0.32033667,-0.030603826,0.0290481634,-0.246992588,-0.107993819,0.303132832,9.87252712,-0.0213180706,0.0100917816,0.0290481634,-0.246781349,-0.000254631042,1
987,12.969976,0,0,0.0118132206,-0.0036916316,-0.171425521,0.0603601076,0.0247871056,-0.247376442,0.0165472012,0.180986851,9.93240261,-0.0202528071,-0.00375665538,0.0247871056,-0.246567726,-0.000254631042,1
988,12.980000,-0.00221497891,0,-0.0140281999,0.00442995783,0.0740191564,-0.0830561519,0.0215913113,-0.246452332,-0.0624884479,-0.0920453891,9.8270216,0.0031830112,-0.0112135075,0.0215913113,-0.246293068,-0.000254631042,1
989,12.990006,-0.0081215892,0.00147665257,0.00590661028,-0.0081215892,0.220814094,-0.265583426,0.00987340324,-0.246068954,-0.203794599,-0.278856933,9.77433109,0.00424827542,-0.010148243,0.00987340324,-0.24614048,-0.000254631042,1
990,12.999980,-0.0251030941,0.00147665257,0.00442995783,0.00885991566,0.229080647,-0.193497568,0.00454708049,-0.245780945,-0.131944016,-0.269276857,9.70248032,-0.010665427,0.00263493136,0.00454708049,-0.246048927,-0.000254631042,1
991,13.009998,-0.0251030941,0.00147665257,-0.0081215892,-0.011074895,0.110166721,0.0413319618,-0.000779241615,-0.245240688,0.0668426156,-0.0968354344,9.60188961,-0.0127959559,0.00689598918,-0.000779241615,-0.246048927,-0.000254631042,1
992,13.019984,-0.0155048529,0,0.0103365686,0.00885991566,0.231507018,-0.0952725336,0.00135128724,-0.245527744,-0.0361432321,-0.247721672,9.8270216,0.00105248217,0.00796125364,0.00135128724,-0.246048927,-0.000254631042,1
993,13.029980,-0.0236264411,0,-0.012551547,-0.0081215892,0.0802718475,-0.17600587,-0.00184450613,-0.246452332,-0.151104167,-0.120785631,9.79828167,0.0191619787,-0.000560861954,-0.00184450613,-0.246048927,-0.000254631042,1
994,13.040004,0.00442995783,0,0.0103365686,-0.00221497891,0.0511002913,-0.302003562,-0.00397503516,-0.246260166,-0.280435234,-0.12318065,9.88450241,0.0117051266,0.000504402502,-0.00397503516,-0.246048927,-0.000254631042,1
995,13.049979,-0.00516828429,0,-0.0036916316,0.00295330514,-0.108018167,-0.316342205,-0.00397503516,-0.246068954,-0.333125681,0.0277055893,9.69050598,-0.00427384023,0.00902651716,-0.00397503516,-0.246048927,-0.000254631042,1
996,13.060004,0,0,-0.0081215892,-0.00664493674,-0.219269544,-0.258895457,0.000286022841,-0.245240688,-0.304385424,0.14985159,9.78391171,-0.0117306914,0.00689598918,0.000286022841,-0.246048927,-0.000254631042,1
997,13.069978,0,0,0.00885991566,0.0073832632,-0.243261978,-0.205804646,-0.00184450613,-0.246164799,-0.258880049,0.185776889,9.80067635,0.00105248217,-0.000560861954,-0.00184450613,-0.246048927,-0.000254631042,1
998,13.079975,0,0,-0.0140281999,-0.011074895,-0.15045251,-0.23896721,-0.000779241615,-0.246548176,-0.268460125,0.0875810832,9.79828167,0.0106398622,-0.00482191984,-0.000779241615,-0.246048927,-0.000254631042,1
999,13.089984,0,0,0.00885991566,0.00885991566,-0.0469333567,-0.171171397,0.000286022841,-0.246452332,-0.17744939,0.00375539274,9.86773682,0.00211774674,-0.00269139092,0.000286022841,-0.246048927,-0.000254631042,1
1000,13.099981,0,0,0.00147665257,-0.0081215892,-0.0514827184,-0.120638154,0.00241655181,-0.246260166,-0.129548997,0.0205205306,9.79349136,-0.00960016251,-0.00482191984,0.00241655181,-0.246048927,-0.000254631042,1
1001,13.109978,0,0,-0.0081215892,-0.00664493674,0.0108646294,0.0390265211,0.00348181627,-0.24597311,0.0404973961,-0.00103464653,9.70727062,-0.00320857554,-0.00269139092,0.00348181627,-0.246048927,-0.000254631042,1
1002,13.119986,0,0.00147665257,0.0103365686,0.0073832632,0.00209568138,-0.0155674787,0.0066776094,-0.246068954,-0.0145880543,-0.00582468603,9.83420658,0.00424827542,0.000504402502,0.0066776094,-0.246048927,-0.000254631042,1
1003,13.129982,0,0.00147665257,-0.0140281999,-0.0140281999,0.0885935277,-0.0545975566,0.00880813878,-0.246260166,-0.0313531905,-0.0992304534,9.84618187,0.00531353988,0.00263493136,0.00880813878,-0.246048927,-0.000254631042,1
1004,13.139980,0,-0.00221497891,0.00590661028,0.0103365686,0.0216641575,-0.143969119,0.00454708049,-0.246356487,-0.134339035,-0.0561200976,9.79588604,-0.00427384023,0.00263493136,0.00454708049,-0.246048927,-0.000254631042,1
1005,13.149977,0,0,0.00590661028,-0.00664493674,-0.0217715241,-0.150318921,0.000286022841,-0.245432377,-0.151104167,-0.0154047646,9.79828167,-0.00107804674,0.00476546027,0.000286022841,-0.246048927,-0.000254631042,1
1006,13.160000,0,0,-0.00959824212,-0.00221497891,-0.124694072,-0.176344365,-0.000779241615,-0.24597311,-0.20139958,0.078001,9.77193642,0.00531353988,0.00263493136,-0.000779241615,-0.246048927,-0.000254631042,1
1007,13.169986,0,-0.00221497891,0.0103365686,0.00885991566,-0.00105822436,-0.244429931,-0.00290977047,-0.246068954,-0.270855159,-0.0585151166,9.80546665,0.00744406879,-0.00269139092,-0.00290977047,-0.246048927,-0.000254631042,1
1008,13.180005,0,0,-0.0081215892,-0.011074895,-0.0655585006,-0.225759044,-0.00290977047,-0.246260166,-0.237324879,0.013335471,9.81504631,-1.27822468e-05,0.0015696669,-0.00290977047,-0.246048927,-0.000254631042,1
1009,13.189979,0,0,-0.0036916316,0.00885991566,-0.0997959673,-0.185044125,-0.00610556407,-0.246356487,-0.218164727,0.0205205306,9.78151608,-0.00853489805,0.00370019581,-0.00504029961,-0.246048927,-0.000254631042,1
1010,13.200000,-0.026579747,0.00147665257,-0.011074895,0.00295330514,-0.0885708332,-0.121236295,-0.00290977047,-0.245527744,-0.163079277,0.0612358637,9.72882557,-0.00214331108,-0.000560861954,-0.00397503516,-0.246048927,-0.000254631042,1
1011,13.209986,-0.0686643422,0.0339630097,-0.0701410025,0.0369163156,-0.0851035118,-0.186304599,-0.00290977047,-0.245432377,-0.184634447,0.0684209242,9.75038147,0.00850933325,-0.00695244875,-0.00290977047,-0.246048927,-0.000254631042,1
1012,13.219998,-0.0804775655,0.124777146,-0.124038823,0.0937674418,-0.0446784422,-0.270517647,-0.00504029961,-0.246164799,-0.191819504,-0.242931634,9.65218544,0.0106398622,-0.00162612647,-0.00823609252,-0.246048927,-0.000254631042,1
1013,13.229985,-0.0760476068,0.075309284,-0.105580665,0.0428229235,0.707970858,0.0712401643,-0.0135624148,-0.246260166,0.426095545,0.398933619,10.162324,0.00424827542,-0.000560861954,-0.0220845304,-0.24614048,-0.000254631042,1
1014,13.239998,-0.0745709538,0.10336569,-0.0516828448,0.0339630097,-1.33405077,-0.104344234,-0.0252803247,-0.246356487,-0.426531464,0.236072302,9.58991432,0.00531353988,-0.00908297859,-0.0156929437,-0.246323586,-0.000254631042,1
1015,13.249985,-0.0251030941,0.0952440947,-0.0347013362,0.0967207476,-0.310001463,1.23400843,-0.0231497958,-0.247184753,1.12065125,0.602510273,9.44381809,0.0191619787,-0.00375665538,-0.0220845304,-0.246476173,-0.000254631042,1
1016,13.260083,-0.0310097057,0.0708793253,-0.0945057645,-0.00664493674,-0.136268318,-0.613002002,-0.0423245542,-0.247088909,-0.733093977,0.389353544,8.78279305,0.0138356555,0.0303318072,-0.0412592888,-0.246750832,-0.000254631042,1
1017,13.269978,-0.0974590778,0.0679260194,-0.037654642,0.0723559782,-0.179165795,0.294369608,-0.0220845304,-0.246801376,0.241679043,0.245652378,9.81504631,0.0191619787,0.0537676252,-0.0274108537,-0.247086525,-0.000254631042,1
1018,13.279975,-0.0206731372,0.0922907889,-0.0885991603,0.0118132206,-0.715608835,-0.148125976,-0.0348677039,-0.247245789,-0.318755567,0.657595754,10.6461182,0.0319451503,0.0580286831,-0.0348677039,-0.247391701,-0.000254631042,1
1019,13.289984,-0.0206731372,0.0369163156,-0.037654642,0.0849075317,-0.423562974,-0.1846807,-0.0242150594,-0.247533798,-0.282830268,0.365403324,10.5191822,0.0447283238,0.0633550063,-0.0242150594,-0.247666359,-0.000254631042,1
1020,13.299982,-0.04356125,0.0694026724,-0.037654642,0.0302713774,-0.101599738,-0.228932127,-0.0391287617,-0.248893738,-0.246904954,0.0420757085,9.92042732,0.0436630584,0.038853921,-0.0391287617,-0.247941017,-0.000254631042,1
1021,13.309978,-0.0465145558,0.0863841772,-0.0494678579,0.0369163156,-0.285358012,-0.125341982,-0.0274108537,-0.249085426,-0.191819504,0.245652378,9.8749218,0.0244883001,0.0527023599,-0.0274108537,-0.248246193,-0.000254631042,1
1022,13.319986,-0.00664493674,0.0428229235,-0.0546361469,0.0457762294,-0.265854925,-0.194597885,-0.0156929437,-0.248893738,-0.254090011,0.209727079,9.75038147,0.0468588509,0.048441302,-0.0156929437,-0.248429298,-0.000254631042,1
1023,13.329983,-0.0236264411,0.0878608376,-0.0251030941,0.0339630097,0.093398191,0.032981053,-0.0124971503,-0.247629642,0.0548675135,-0.0824653134,10.0258083,0.0287493579,0.0409844518,-0.0124971503,-0.248490334,-0.000254631042,1
1024,13.339980,-0.037654642,0,-0.0479912087,0.0487295389,-0.0332418829,-0.290779412,-0.0210192669,-0.248701572,-0.29001531,-0.0393549614,9.6186552,0.0180967133,0.0345928632,-0.0210192669,-0.248642921,-0.000254631042,1
1025,13.349976,-0.00516828429,0.0738326311,-0.0295330528,0.0487295389,0.0109097119,-0.262485176,0.00135128724,-0.249085426,-0.251695007,-0.0752802566,10.2629156,0.0159661844,0.0154181039,0.00135128724,-0.248673439,-0.000254631042,1
1026,13.370005,-0.0347013362,0.0413462743,-0.012551547,0.0553744733,-0.00304436521,0.15871194,-0.0199540015,-0.249085426,0.153063327,0.0420757085,10.5191822,0.0138356555,0.0154181039,-0.0199540015,-0.24903965,-0.000254631042,1
1027,13.379980,-0.0191964842,0.0383929685,-0.0280563999,0.0457762294,-0.105131052,-0.524577439,-0.0242150594,-0.248989582,-0.534307361,-0.027379863,9.41028786,0.00211774674,-0.0080177132,-0.0242150594,-0.249192238,-0.000254631042,1
1028,13.389997,-0.0191964842,0.0413462743,-0.0081215892,0.0258414224,-0.0300228223,-0.0444832854,-0.0220845304,-0.249181271,-0.0505133495,0.0181255098,9.93719292,0.00211774674,-0.00908297859,-0.0220845304,-0.249344826,-0.000254631042,1
1029,13.399984,-0.0361779891,0.0339630097,-0.00959824212,0.0398696214,0.154877752,-0.677275956,-0.0263455883,-0.249277592,-0.618133008,-0.317177266,9.24982166,0.00424827542,-0.0165398289,-0.0263455883,-0.249497414,-0.000254631042,1
1030,13.409998,-0.0324863568,0.0169815049,-0.037654642,0.0354396626,-0.298619896,0.258981615,-0.0423245542,-0.250105381,0.177013516,0.353428245,10.0162287,0.00105248217,-0.000560861954,-0.0423245542,-0.249802589,-0.000254631042,1
1031,13.419983,-0.0177198313,0.0738326311,-0.0406079441,0.0184581578,0.250495642,-0.7344293,-0.0252803247,-0.250837803,-0.64926827,-0.424953133,9.13246632,0.00744406879,0.000504402502,-0.0252803247,-0.25004673,-0.000254631042,1
1032,13.430002,-0.0730943009,0.100412376,-0.037654642,0.0708793253,-0.490559906,0.0882891119,-0.036998231,-0.250646114,-0.0361432321,0.497129411,9.49890423,0.0330104157,0.013287575,-0.036998231,-0.250199318,-0.000254631042,1
1033,13.440004,-0.012551547,0.0428229235,-0.0620194115,0.0472528823,-0.467102319,-0.253689855,-0.0572382547,-0.251282692,-0.361865908,0.389353544,9.41747284,0.042597793,0.0218096916,-0.0572382547,-0.250687599,-0.000254631042,1
1034,13.449978,-0.0450379066,0.0952440947,-0.0819542184,0.0383929685,-0.526841998,-0.292378992,-0.0636298433,-0.252110958,-0.414556354,0.437253922,9.53961945,0.0553809665,0.0282012783,-0.0636298433,-0.251267433,-0.000254631042,1
1035,13.460004,-0.0347013362,0.0398696214,-0.0391312912,0.0723559782,-0.20098573,0.3188878,-0.0593687855,-0.252939701,0.25844419,0.274392605,10.155139,0.0500546433,0.048441302,-0.0593687855,-0.251877785,-0.000254631042,1
1036,13.469978,-0.00959824212,0.106318988,-0.0361779891,0.0317480303,-0.29280597,0.317847669,-0.056172993,-0.25284338,0.234493986,0.36300832,10.3036308,0.058576759,0.0207444262,-0.056172993,-0.252366066,-0.000254631042,1
1037,13.480002,-0.012551547,0.00442995783,-0.0479912087,0.0723559782,-0.583271325,-0.116274804,-0.0636298433,-0.253575802,-0.258880049,0.535449743,9.78151608,0.0500546433,0.0324623361,-0.0636298433,-0.2529459,-0.000254631042,1
1038,13.490001,-0.0324863568,0.121823832,-0.0206731372,0.0457762294,-0.26085785,0.220804542,-0.0433898196,-0.253672123,0.148273274,0.30792287,10.591033,0.0212925076,0.0175486337,-0.0433898196,-0.253464699,-0.000254631042,1
1039,13.499977,-0.00664493674,-0.0251030941,-0.0140281999,0.0922907889,-0.123746946,-0.336759895,-0.0551077276,-0.254744053,-0.35707587,0.034890648,10.1838799,0.00105248217,0.0111570461,-0.0551077276,-0.254014015,-0.000254631042,1
1040,13.510006,-0.04356125,0.10336569,-0.0479912087,0.0147665264,-0.504560947,0.225208983,-0.0338024385,-0.254744053,0.0907928124,0.545029819,10.2653103,-0.0309054516,-0.0112135075,-0.0338024385,-0.254502296,-0.000254631042,1
1041,13.519981,-0.0494678579,0.0118132206,-0.0310097057,0.118870527,-0.524521887,0.0250418764,-0.0220845304,-0.254839897,-0.107993819,0.513894558,9.36717796,-0.031970717,-0.00908297859,-0.0220845304,-0.25483799,-0.000254631042,1
1042,13.530001,-0.0605427548,0.109272294,-0.0804775655,0.0132898735,-0.652695,0.340575933,-0.00823609252,-0.254839897,0.165038422,0.717471242,9.35999298,-0.00853489805,-0.0208008867,-0.00823609252,-0.25508213,-0.000254631042,1
1043,13.539977,-0.0561127998,0.0442995802,-0.0391312912,0.154310212,-0.986033142,0.172590613,0.0120039321,-0.254935741,-0.0816486031,0.997688532,9.07259083,0.00105248217,-0.00695244875,0.0120039321,-0.25508213,-0.000254631042,1
1044,13.549998,-0.04356125,0.101889022,-0.107057318,0.00885991566,-0.627732933,-0.133749455,-0.0135624148,-0.254744053,-0.287620306,0.573770046,9.28574753,0.0191619787,-0.00162612647,-0.0135624148,-0.255051613,-0.000254631042,1
1045,13.559985,-0.159478486,0.0679260194,-0.0620194115,0.147665262,-1.63754022,-0.0963182598,0.00348181627,-0.254552364,-0.505567074,1.56051815,9.39352322,0.0170314498,0.0377886593,0.00348181627,-0.255204201,-0.000254631042,1
1046,13.570000,-0.0664493665,0.120347172,-0.152095214,0.0878608376,-1.12747741,0.0282319412,0.0066776094,-0.25445652,-0.256485045,1.09827936,9.90845203,0.042597793,0.0303318072,0.0066776094,-0.255143166,-0.000254631042,1
1047,13.579977,-0.187534884,0.200824752,-0.210422993,0.169815063,-1.93985081,-0.364125311,-0.00290977047,-0.254552364,-0.840869844,1.78565001,9.1923418,0.0489893816,0.0537676252,-0.00290977047,-0.255173683,-0.000254631042,1
1048,13.590006,-0.230357811,0.151356876,-0.182366595,0.234787777,-2.25717688,0.651428759,0.0205260478,-0.254552364,0.062052574,2.34847951,9.42705345,0.0884041637,0.0676160604,0.0205260478,-0.25508213,-0.000254631042,1
1049,13.599981,-0.174983323,0.192703143,-0.186058223,0.175721675,-1.98666358,-0.649090946,0.030113427,-0.25445652,-1.12827218,1.75930476,9.59230995,0.103317864,0.072942391,0.030113427,-0.254929543,-0.000254631042,1
1050,13.609978,-0.218544587,0.172768354,-0.245862663,0.203778043,-2.63234663,1.24768674,0.0397008099,-0.253288269,0.548241556,2.86101389,10.7898197,0.110774718,0.0601592101,0.0397008099,-0.254654884,-0.000254631042,1
1051,13.619976,-0.233311102,0.240694344,-0.248815984,0.322648585,-2.30768085,-0.176635295,0.0759197995,-0.252460003,-0.747464061,2.19040823,10.5335522,0.0617725551,0.0015696669,0.0759197995,-0.254166603,-0.000254631042,1
1052,13.629984,-0.239956036,0.20820801,-0.29680717,0.389097959,-2.54042315,1.00166023,0.10681247,-0.252555847,0.335084796,2.71012759,10.7467089,0.0223577712,-0.0687377825,0.10681247,-0.253434181,-0.000254631042,1
1053,13.639980,-0.221497893,0.177198321,-0.22740449,0.273180723,-1.89874792,0.392038375,0.133444086,-0.25191927,0.0764226913,2.34608459,10.7682648,-0.0522107445,-0.11241363,0.141966194,-0.252366066,-0.000254631042,1
1054,13.649977,-0.268012434,0.185319901,-0.282778949,0.321171969,-2.45418406,1.42859602,0.140900925,-0.250454426,0.756608248,2.84185362,11.5131159,-0.0777770877,-0.164611593,0.138770401,-0.25105381,-0.000254631042,1
1055,13.659985,-0.242909357,0.262105852,-0.316742003,0.256199241,-2.47244287,2.89745749e-05,0.159010425,-0.248701572,-0.867215037,2.32452941,11.1275177,-0.107604496,-0.184851617,0.164336741,-0.249711037,-0.000254631042,1
1056,13.669982,-0.343321711,0.13068375,-0.222974524,0.284255594,-1.20004928,0.583380044,0.154749364,-0.248414516,0.277604342,1.00966358,11.5370655,-0.0990823805,-0.191243201,0.149423048,-0.248246193,-0.000254631042,1
1057,13.679978,-0.29680717,0.250292629,-0.295330524,0.195656478,-2.82511163,-0.0626176372,0.16540201,-0.246417522,-0.879190147,2.33171439,10.1431646,-0.117191873,-0.122001007,0.179250449,-0.246842384,-0.000254631042,1
1058,13.690006,-0.354396641,0.231096148,-0.241432697,0.21928291,-0.698751628,-0.22373651,0.192033619,-0.24383688,-0.388211131,0.827642143,8.96241951,-0.109735027,-0.0538240857,0.187772557,-0.245072365,-0.000254631042,1
1059,13.699980,-0.287947237,0.237741053,-0.312312007,0.232572764,-0.496038169,-1.58489227,0.188837826,-0.241892338,-1.53063548,0.00615041237,7.66671419,-0.129975051,0.0793339759,0.186707303,-0.243332863,-0.000254631042,1
1060,13.710001,-0.323386908,0.250292629,-0.310835391,0.202301398,0.0214023255,-1.50949311,0.145161986,-0.239896297,-1.46117997,-0.379447758,9.16360092,-0.136366621,0.156033009,0.129183024,-0.241684914,-0.000254631042,1
1061,13.719976,-0.281302303,0.250292629,-0.301975459,0.206731379,0.0781095624,-0.605819285,0.098290354,-0.238431454,-0.57023263,-0.21898143,10.6868334,-0.15554139,0.182664618,0.0929640308,-0.240525246,-0.000254631042,1
1062,13.729984,-0.193441495,0.21116133,-0.315265328,0.279087335,0.777344823,-1.20909047,0.0492881909,-0.237986088,-0.991756082,-1.04047322,11.5370655,-0.153410852,0.124075085,0.0279828981,-0.239731789,-0.000254631042,1
1063,13.740005,-0.259890854,0.322648585,-0.290900558,0.276134014,0.0140778478,0.78500104,-0.0274108537,-0.238021374,0.766188323,0.171406761,11.3143291,-0.117191873,-0.0325187966,-0.0327371769,-0.239609718,-0.000254631042,1
1064,13.750003,-0.191964835,0.302713752,-0.233311102,0.174245,0.561427712,0.0133615844,-0.0785435438,-0.238979816,0.145878255,-0.542309105,9.01031971,-0.0532760061,-0.126262069,-0.0785435438,-0.239945412,-0.000254631042,1
1065,13.759976,-0.176459983,0.21116133,-0.20156309,0.285732299,-0.119352095,-0.239754021,-0.0998488367,-0.240383625,-0.261275083,0.0588408448,6.75181627,0.0702946708,-0.169937909,-0.0998488367,-0.240677834,-0.000254631042,1
1066,13.769996,-0.231834456,0.262105852,-0.186058223,0.245124325,0.607399762,-0.512465775,-0.0966530442,-0.241560459,-0.352285832,-0.712355494,7.59486341,0.118231572,-0.0953693986,-0.0966530442,-0.241440773,-0.000254631042,1
1067,13.779982,-0.119608864,0.178674966,-0.131422073,0.214114636,1.61717606,0.121159263,-0.0955877751,-0.241970539,0.505131185,-1.54103231,8.60556126,0.140602127,-0.0687377825,-0.0955877751,-0.242203712,-0.000254631042,1
1068,13.789999,-0.0804775655,0.0524211675,-0.0885991603,0.0472528823,3.30511785,0.2676557,-0.111566745,-0.243296146,1.05598569,-3.14330053,11.6376562,0.0873389021,-0.0580851436,-0.111566745,-0.243058205,-0.000254631042,1
1069,13.799985,-0.0790009201,0.0981974006,-0.00516828429,0.250292629,2.14248228,-0.62779063,-0.143524691,-0.245240688,-0.0888336599,-2.23079801,10.7275486,-0.0628633872,-0.114544153,-0.143524691,-0.24424839,-0.000254631042,1
1070,13.809980,-0.0745709538,0.0782625824,-0.0686643422,0.212637976,1.40454996,-0.154993385,-0.108370952,-0.247472286,0.193778649,-1.39972615,12.0376244,-0.120387666,-0.10921783,-0.108370952,-0.245377541,-0.000254631042,1
1071,13.819977,-0.0280563999,-0.012551547,-0.0494678579,0.076785937,0.378961474,0.807990491,-0.0860003978,-0.248396397,0.876359224,-0.168686017,8.93607426,-0.178977206,-0.153958946,-0.0860003978,-0.246323586,-0.000254631042,1
1072,13.829986,-0.0251030941,0.0428229235,-0.012551547,0.178674966,1.89882278,0.590168774,0.0173302535,-0.247184753,1.03682554,-1.69670856,7.73137951,-0.241827801,-0.111348361,0.0173302535,-0.246567726,-0.000254631042,1
1073,13.839983,-0.0701410025,0.0657110363,-0.0804775655,0.138805345,1.58791709,0.655665219,0.0535492487,-0.245876789,1.02245545,-1.380566,6.6081152,-0.209869877,-0.129457861,0.0535492487,-0.246201515,-0.000254631042,1
1074,13.849979,-0.0915524587,0.0147665264,-0.0804775655,0.143235311,0.233496338,0.178193465,0.061006099,-0.246068954,0.229703948,-0.183056146,7.58767843,-0.13743189,-0.061280936,0.061006099,-0.245804787,-0.000254631042,1
1075,13.859976,-0.026579747,0.106318988,-0.026579747,0.089337483,2.48094225,0.511463761,0.0876377076,-0.246548176,1.10149109,-2.28109336,8.18882847,-0.0639286488,-0.0580851436,0.0876377076,-0.245102882,-0.000254631042,1
1076,13.869985,-0.138067007,0.0214114618,-0.167600065,0.10336569,1.98731732,-0.281528085,0.0279828981,-0.245815754,0.210543796,-1.996086,9.69769096,-0.0639286488,-0.010148243,0.0279828981,-0.244645119,-0.000254631042,1
1077,13.880001,-0.0959824175,0.0967207476,-0.0494678579,0.138805345,2.76222682,-0.973559439,0.0428966023,-0.244604111,-0.275645196,-2.91577363,11.9394293,-0.0671244487,-0.0186703578,0.0428966023,-0.244400978,-0.000254631042,1
1078,13.889975,-0.0804775655,0.0553744733,-0.131422073,0.120347172,1.50701976,-1.79045415,-0.00930135697,-0.244411945,-1.3725642,-1.89549518,12.0927105,-0.0500802137,0.0122223105,-0.00930135697,-0.244217873,-0.000254631042,1
1079,13.900001,-0.119608864,0.0184581578,0,0.106318988,1.74917018,-1.95537555,-0.0220845304,-0.244795322,-1.47315502,-2.17092252,10.0473633,-0.031970717,-0.00162612647,-0.0220845304,-0.244278908,-0.000254631042,1
1080,13.909976,-0.0361779891,0.0952440947,-0.0324863568,0.0553744733,2.09474921,-1.73482358,-0.0263455883,-0.245466709,-1.17377758,-2.45353484,10.5119972,0.0489893816,0.0122223105,-0.0263455883,-0.244523048,-0.000254631042,1
1081,13.919997,-0.129945427,-0.00959824212,-0.0649727136,0.124777146,0.717324615,-1.71694648,-0.0636298433,-0.246582508,-1.48992014,-1.11471879,8.80434799,0.110774718,0.00689598918,-0.0636298433,-0.244919777,-0.000254631042,1
1082,13.929982,-0.0036916316,0.0487295389,-0.0236264411,0.0228881147,1.37327135,-0.965630054,-0.0380634964,-0.246487141,-0.601367891,-1.56737745,9.04384995,0.144863188,0.046310775,-0.0380634964,-0.245408058,-0.000254631042,1
1083,13.939999,-0.0516828448,0.0782625824,-0.0391312912,0.075309284,1.19313872,-0.817070425,-0.046585612,-0.246836185,-0.500777066,-1.35661578,9.05582523,0.118231572,0.0303318072,-0.046585612,-0.245865822,-0.000254631042,1
1084,13.950017,-0.0790009201,0.0184581578,-0.026579747,-0.00516828429,1.04042184,-0.383914024,-0.0444550812,-0.247280598,-0.117573902,-1.10274374,10.0305986,0.0521851741,0.0282012783,-0.0444550812,-0.246323586,-0.000254631042,1
1085,13.960007,-0.011074895,0.0398696214,-0.011074895,0.00885991566,0.776135266,0.0845980495,-0.0316719115,-0.248396397,0.272814304,-0.731515646,10.7371292,0.0287493579,-0.0176050942,-0.0316719115,-0.246750832,-0.000254631042,1
1086,13.969981,-0.0324863568,0.0457762294,-0.00221497891,-0.0036916316,0.329817772,0.145569548,-0.0242150594,-0.249564648,0.222518891,-0.283646971,10.1455593,-0.0351665132,-0.0250619445,-0.0242150594,-0.246994972,-0.000254631042,1
1087,13.980005,-0.0206731372,0,-0.00516828429,-0.0221497901,-0.353947073,0.275235951,-0.0391287617,-0.249277592,0.179408535,0.410908699,9.570755,-0.0426233634,-0.033584062,-0.0391287617,-0.247300148,-0.000254631042,1
1088,13.989998,-0.0191964842,0.00295330514,-0.0479912087,0.00590661028,-0.427906454,0.402602404,-0.0359329656,-0.248893738,0.284789413,0.513894558,9.35520267,-0.00746963359,-0.0197356232,-0.0359329656,-0.247605324,-0.000254631042,1
1089,13.999984,-0.0155048529,0.0243647695,0.0132898735,0.00147665257,-0.486865282,0.277139276,-0.0380634964,-0.24962616,0.148273274,0.540239751,9.53961945,0.0234230366,-0.00588718429,-0.0380634964,-0.24803257,-0.000254631042,1
1090,14.010006,-0.0494678579,0.0214114618,0.00590661028,0.00442995783,-0.319969207,0.368440688,-0.0359329656,-0.25055027,0.277604342,0.401328623,9.51566887,0.0340756811,0.00796125364,-0.0359329656,-0.248490334,-0.000254631042,1
1091,14.019982,0.00442995783,0,-0.0310097057,0.0073832632,-0.22033757,0.535740376,-0.0327371769,-0.250454426,0.464415848,0.346243173,10.2221994,0.0117051266,0.0228749551,-0.0327371769,-0.248948097,-0.000254631042,1
1092,14.030001,-0.0191964842,0.00885991566,-0.0177198313,0.00147665257,-0.194554821,0.326605231,-0.00930135697,-0.251091003,0.268024266,0.269602567,9.91803265,0.0031830112,0.00583072472,-0.00930135697,-0.249222755,-0.000254631042,1
1093,14.040004,-0.0155048529,-0.0036916316,0.00295330514,0.0169815049,-0.192986906,0.0145171443,0.00774287386,-0.250358582,-0.0337482132,0.190566927,9.53722382,-0.00640436914,-0.00482191984,0.00774287386,-0.249283791,-0.000254631042,1
1094,14.049978,0,0,0,0.0118132206,-0.143749788,-0.257693052,0.0173302535,-0.249722004,-0.285225272,0.0756059811,9.65458012,-0.0159917492,-0.00482191984,0.0173302535,-0.24916172,-0.000254631042,1
1095,14.060007,0,-0.00221497891,-0.0081215892,-0.00221497891,-0.037339393,-0.470217168,0.0247871056,-0.249817848,-0.464851767,-0.0800702944,9.92042732,-1.27822468e-05,0.0015696669,0.0247871056,-0.249009132,-0.000254631042,1
1096,14.069981,-0.00516828429,-0.00221497891,0.00442995783,0,0.0351933204,-0.496123463,0.0215913113,-0.249722004,-0.472036809,-0.156710923,9.94677258,-1.27822468e-05,0.0111570461,0.0215913113,-0.248856544,-0.000254631042,1
1097,14.080002,-0.00221497891,0,-0.00959824212,-0.00221497891,0.252925903,-0.321542948,0.0173302535,-0.248989582,-0.249299973,-0.324362308,9.96114254,0.0138356555,0.00263493136,0.0173302535,-0.248703957,-0.000254631042,1
1098,14.089976,0,0,-0.00221497891,0,0.216203824,-0.163830519,0.0141344611,-0.248893738,-0.0768585652,-0.362682641,9.74080086,0.0095745977,-0.00588718429,0.0141344611,-0.248551369,-0.000254631042,1
1099,14.099986,0,0,0.00295330514,0,0.275388181,-0.194014803,0.00774287386,-0.248893738,-0.0936237052,-0.26448682,9.67134571,-0.00427384023,-0.00908297859,0.00774287386,-0.248429298,-0.000254631042,1
1100,14.110001,0,0,-0.0036916316,0,0.191212907,-0.0588401854,0.00561234495,-0.249530315,0.0141521813,-0.115995586,9.70008564,-0.010665427,-0.00162612647,0.00241655181,-0.248398781,-0.000254631042,1
1101,14.119977,0,0,0.00442995783,0,-0.0381544977,0.088582769,-0.00504029961,-0.249433994,0.0788177103,0.00615041237,9.81504631,-0.00533910468,0.00370019581,-0.00290977047,-0.248398781,-0.000254631042,1
1102,14.130001,0,0,-0.00664493674,0,-0.0832831413,0.154362187,-0.00717082852,-0.248701572,0.160248384,0.0516557842,9.83660221,0.00637880433,-0.00162612647,-0.00717082852,-0.248398781,-0.000254631042,1
1103,14.139975,0,0,0.00442995783,0,0.0798053369,0.0956010595,-0.0103666214,-0.249530315,0.0836077482,-0.115995586,9.74798584,0.0095745977,-0.00162612647,-0.00823609252,-0.248520851,-0.000254631042,1
1104,14.149984,0,0,-0.00516828429,0,0.0609659925,-0.0751378909,-0.0114318859,-0.250262737,-0.0672784895,-0.0704902187,9.74080086,0.0031830112,-0.00162612647,-0.00930135697,-0.248612404,-0.000254631042,1
1105,14.159981,-0.00664493674,0.00442995783,-0.00664493674,0.00590661028,0.0730818287,-0.105354063,-0.00610556407,-0.249530315,-0.084043622,-0.0968354344,9.78630638,-0.00320857554,0.00263493136,-0.00930135697,-0.248673439,-0.000254631042,1
1106,14.169977,-0.0036916316,0,0.00295330514,-0.0036916316,0.00541392015,-0.147454455,-0.00930135697,-0.250166416,-0.141524091,-0.0417499803,9.76954079,-0.00107804674,0.00476546027,-0.00717082852,-0.248673439,-0.000254631042,1
1107,14.179984,0,0,-0.00516828429,0,-0.0463220514,-0.176259264,-0.00823609252,-0.249530315,-0.182239428,0.00136037311,9.86773682,0.00211774674,0.000504402502,-0.00717082852,-0.248673439,-0.000254631042,1
1108,14.189981,0,-0.00221497891,0.0073832632,-0.00221497891,0.00908455811,-0.249703765,-0.00397503516,-0.24962616,-0.239719898,-0.0704902187,9.84618187,-0.00107804674,-0.000560861954,-0.00397503516,-0.248673439,-0.000254631042,1
1109,14.199978,0,0,-0.00664493674,0,-0.0209075976,-0.172871113,0.000286022841,-0.250454426,-0.172659352,-0.0225898232,9.78870106,-0.00107804674,-0.000560861954,0.000286022841,-0.248673439,-0.000254631042,1
1110,14.209986,0,0,-0.0036916316,0,0.0128163509,-0.0702292621,0.00135128724,-0.249722004,-0.0648834705,-0.0297748819,9.75517082,0.0031830112,-0.00162612647,0.00135128724,-0.248673439,-0.000254631042,1
1111,14.219984,0,0,0.00442995783,-0.00221497891,-0.0101567386,-0.0149363,0.00454708049,-0.249722004,-0.0169830751,0.00615041237,9.82462692,0.00211774674,-0.00162612647,0.00454708049,-0.248673439,-0.000254631042,1
1112,14.240004,0,0,0.00885991566,-0.00221497891,-0.0256734844,0.0211471766,0.00561234495,-0.249530315,0.0141521813,0.0301006082,9.68332005,-0.00320857554,-0.000560861954,0.00561234495,-0.248642921,-0.000254631042,1
1113,14.249978,0,0,-0.00959824212,0,0.0249805283,-0.0807380155,0.00774287386,-0.249530315,-0.0720685273,-0.0441449992,9.68092537,-0.00214331108,0.0015696669,0.00774287386,-0.248642921,-0.000254631042,1
1114,14.260005,0,0,0.00295330514,0,0.0607843399,-0.124473132,0.00348181627,-0.24962616,-0.1055988,-0.0896503702,9.90126705,0.00424827542,0.00370019581,0.00348181627,-0.248642921,-0.000254631042,1
1115,14.269980,0,0,0.00147665257,0,0.139599264,-0.164339527,0.00561234495,-0.24962616,-0.124758959,-0.175871074,9.82941628,-1.27822468e-05,0.0015696669,0.00561234495,-0.248642921,-0.000254631042,1
1116,14.279996,0,0,-0.00516828429,0,0.136246115,-0.138751939,0.00135128724,-0.249530315,-0.100808762,-0.166290998,9.75996113,-0.00107804674,-0.00162612647,0.00135128724,-0.248642921,-0.000254631042,1
1117,14.289982,0,0,0.00590661028,0,0.0606614351,-0.154091746,-0.00184450613,-0.249530315,-0.134339035,-0.0968354344,9.70248032,-0.00214331108,0.000504402502,-0.00184450613,-0.248642921,-0.000254631042,1
1118,14.300005,0,0,-0.0081215892,0,0.056109637,-0.13315922,-0.00184450613,-0.249530315,-0.115178876,-0.0872553512,9.7623558,0.00211774674,0.0015696669,-0.00184450613,-0.248642921,-0.000254631042,1
1119,14.309996,0,0,0.0073832632,0,0.0030448921,-0.0504322238,-0.00717082852,-0.249530315,-0.0481183305,-0.0154047646,9.77672672,-1.27822468e-05,-0.000560861954,-0.00717082852,-0.248642921,-0.000254631042,1
1120,14.319984,0,0,-0.0081215892,0,-0.0433719568,-0.0386032797,-0.00504029961,-0.249530315,-0.0481183305,0.032495629,9.88929176,0.00105248217,0.0015696669,-0.00504029961,-0.248642921,-0.000254631042,1
1121,14.329983,0,0,-0.00221497891,0,-0.00728653232,-0.0230836682,-0.00184450613,-0.249530315,-0.0241681337,0.00136037311,9.7623558,0.0031830112,0.000504402502,-0.00184450613,-0.248642921,-0.000254631042,1
1122,14.339980,0,0,0.00442995783,0,0.0125174802,-0.119610086,-0.000779241615,-0.250262737,-0.112783857,-0.0417499803,9.7623558,0.00105248217,0.00263493136,-0.000779241615,-0.248642921,-0.000254631042,1
1123,14.349977,0,0,-0.00664493674,0,0.0088245254,-0.0568482503,0.00454708049,-0.249530315,-0.0529083684,-0.0225898232,9.75277615,-1.27822468e-05,0.00370019581,0.00454708049,-0.248642921,-0.000254631042,1
1124,14.359985,0,0,0.00885991566,0,0.0133229662,-0.0876568705,0.00348181627,-0.24962616,-0.0816486031,-0.0345649198,9.8270216,-0.00107804674,0.000504402502,0.00348181627,-0.248642921,-0.000254631042,1
1125,14.369982,0,0,-0.0081215892,0,0.0102728345,-0.119010419,0.00454708049,-0.24962616,-0.112783857,-0.0393549614,9.76475143,0.00211774674,-0.000560861954,0.00454708049,-0.248642921,-0.000254631042,1
1126,14.379980,0,0,0.00442995783,0,0.0725802705,-0.0879252777,0.00348181627,-0.249530315,-0.0672784895,-0.0920453891,9.74559116,0.00211774674,0.000504402502,0.00348181627,-0.248642921,-0.000254631042,1
1127,14.389977,0,0,0.00147665257,0,0.0259386878,-0.125470415,0.00454708049,-0.249530315,-0.115178876,-0.0561200976,9.82941628,-1.27822468e-05,-0.00482191984,0.00454708049,-0.248642921,-0.000254631042,1
1128,14.399975,0,0,-0.00664493674,0,0.0458681099,-0.0860610381,0.00241655181,-0.249530315,-0.0720685273,-0.0657001734,9.75756645,-0.00107804674,-0.000560861954,0.00241655181,-0.248642921,-0.000254631042,1
1129,14.410007,0,0,0.00442995783,0,0.0569776669,-0.0715839937,0.00135128724,-0.249433994,-0.0553033873,-0.0728852376,9.8318119,-1.27822468e-05,0.0015696669,0.00135128724,-0.248642921,-0.000254631042,1
1130,14.419976,0,0,-0.00959824212,0,0.0649908185,-0.0983403325,-0.000779241615,-0.249433994,-0.0792535841,-0.0872553512,9.84378719,0.00105248217,0.0015696669,-0.000779241615,-0.248642921,-0.000254631042,1
1131,14.429984,0,0,0.0073832632,0,0.0754925609,-0.0861958861,-0.00184450613,-0.249530315,-0.0648834705,-0.0944404155,9.81744194,0.00105248217,-0.000560861954,-0.00184450613,-0.248642921,-0.000254631042,1
1132,14.440004,0,0,-0.00664493674,0,0.023302624,-0.0679486617,-0.00184450613,-0.249433994,-0.0600934289,-0.0393549614,9.74559116,-0.00107804674,0.00263493136,-0.00184450613,-0.248642921,-0.000254631042,1
1133,14.449980,0,0,-0.0036916316,0,0.0447751097,-0.070953086,-0.00397503516,-0.249530315,-0.0576984063,-0.0609101392,9.81265163,0.00105248217,0.000504402502,-0.00397503516,-0.248642921,-0.000254631042,1
1134,14.459997,0,0,0.00442995783,0,-0.00541515741,-0.122423284,-0.000779241615,-0.249530315,-0.119968921,-0.0249848422,9.75277615,-1.27822468e-05,-0.00269139092,-0.000779241615,-0.248642921,-0.000254631042,1
1135,14.469984,0,0,-0.00664493674,0,-0.00304936711,-0.113139912,0.000286022841,-0.249530315,-0.110388838,-0.0249848422,9.80307102,0.00105248217,0.000504402502,0.000286022841,-0.248642921,-0.000254631042,1
1136,14.480000,0,0,0.00590661028,0,-0.0151022021,-0.0828805193,0.00241655181,-0.249433994,-0.084043622,-0.00582468603,9.82462692,0.00105248217,-0.00269139092,0.00241655181,-0.248642921,-0.000254631042,1
1137,14.489985,0,0,-0.0081215892,0,0.0192520469,-0.0644453168,0.00348181627,-0.249433994,-0.0576984063,-0.0345649198,9.79349136,0.00105248217,0.0015696669,0.00348181627,-0.248642921,-0.000254631042,1
1138,14.499997,0,0,0.00590661028,0,0.047606077,-0.0889687464,0.00135128724,-0.249433994,-0.0744635463,-0.0680951998,9.79109669,-1.27822468e-05,-0.00162612647,0.00135128724,-0.248642921,-0.000254631042,1
1139,14.509998,0,0,-0.00516828429,0,0.0384984575,-0.0471045636,0.00454708049,-0.249433994,-0.0361432321,-0.0489350408,9.81265163,0.00211774674,-0.00269139092,0.00454708049,-0.248642921,-0.000254631042,1
1140,14.519984,0,0,-0.0036916316,0,0.0371840261,-0.0813708305,-0.000779241615,-0.249433994,-0.0696735084,-0.0561200976,9.84139156,-0.00107804674,-0.00162612647,-0.000779241615,-0.248642921,-0.000254631042,1
1141,14.529997,0,0,0.00295330514,0,0.0602170378,-0.126782343,-0.00184450613,-0.249433994,-0.107993819,-0.0896503702,9.80307102,-0.00107804674,0.000504402502,-0.00184450613,-0.248642921,-0.000254631042,1
1142,14.539983,0,0,-0.00516828429,0,0.0243970789,-0.0830565095,0.00135128724,-0.249433994,-0.0744635463,-0.0441449992,9.77433109,0.00105248217,-0.00269139092,0.00135128724,-0.248642921,-0.000254631042,1
1143,14.550000,0,0,0.00590661028,0,0.00132007326,-0.0475198068,-0.00184450613,-0.249433994,-0.0457233116,-0.0130097447,9.78630638,-1.27822468e-05,-0.00162612647,-0.00184450613,-0.248642921,-0.000254631042,1
1144,14.559986,0,0,-0.00516828429,0,0.0555752367,-0.125599891,0.00135128724,-0.249433994,-0.086438641,-0.0920453891,9.75996113,-1.27822468e-05,-0.00162612647,-0.000779241615,-0.248642921,-0.000254631042,1
1145,14.569999,0,0,-0.0036916316,0,0.0359575823,-0.0958874449,-0.000779241615,-0.249433994,-0.0553033873,-0.0201948043,9.76714611,0.00105248217,0.00263493136,0.000286022841,-0.248642921,-0.000254631042,1
1146,14.579986,0,0,0.00147665257,0,-0.00513939094,-0.063174881,0.000286022841,-0.249433994,-0.119968921,0.00854543224,9.79109669,-0.00107804674,0.0015696669,-0.00184450613,-0.248642921,-0.000254631042,1
1147,14.590001,0,0,-0.0036916316,0,-0.00353257451,-0.0957118049,0.00135128724,-0.249338627,-0.0505133495,-0.0345649198,9.84857655,0.00105248217,-0.000560861954,0.00135128724,-0.248642921,-0.000254631042,1
1148,14.600001,0,0,0.00295330514,0,0.019843271,-0.0621244162,0.00241655181,-0.249433994,-0.0792535841,-0.0513300598,9.77672672,-0.00107804674,0.000504402502,-0.000779241615,-0.248642921,-0.000254631042,1
1149,14.609975,0,0,-0.00516828429,0,0.0495117344,-0.0523815826,0.000286022841,-0.249433994,-0.0696735084,-0.0154047646,9.80546665,-1.27822468e-05,0.00370019581,0.00241655181,-0.248642921,-0.000254631042,1
1150,14.619998,0,0,0.00295330514,0,0.0699299052,-0.0402159803,0.00135128724,-0.248606205,-0.0217731129,-0.0776752755,9.75996113,-1.27822468e-05,-0.000560861954,-0.000779241615,-0.248642921,-0.000254631042,1
1151,14.629983,0,0,-0.0036916316,0,0.0505695716,-0.077359423,0.00348181627,-0.249338627,-0.0624884479,-0.0680951998,9.81983662,-1.27822468e-05,0.000504402502,0.00135128724,-0.248642921,-0.000254631042,1
1152,14.639997,0,0,-0.00221497891,0,0.0103501063,-0.10913264,0.00135128724,-0.249338627,-0.103203781,-0.0369599424,9.82462692,0.00211774674,-0.000560861954,0.000286022841,-0.248642921,-0.000254631042,1
1153,14.649984,0,0,0.00147665257,0,0.00988826435,-0.0818291232,0.00348181627,-0.249338627,-0.0768585652,-0.0297748819,9.72164059,-0.00107804674,-0.000560861954,0.00454708049,-0.248642921,-0.000254631042,1
1154,14.659981,-0.0140281999,0,-0.0221497901,0.00295330514,0.0863506347,-0.13095668,-0.000779241615,-0.249338627,-0.1055988,-0.115995586,9.81025696,-1.27822468e-05,-0.000560861954,-0.000779241615,-0.248642921,-0.000254631042,1
1155,14.669978,-0.0900758132,0.0317480303,-0.0590661056,0.0132898735,-0.0825194269,0.0405592248,-0.000779241615,-0.249338627,0.0189422201,0.0899761021,9.71206093,0.0031830112,-0.000560861954,-0.000779241615,-0.248642921,-0.000254631042,1
1156,14.679975,-0.0730943009,0.0383929685,-0.0871224999,0.0302713774,-0.135272831,0.0761367232,0.00454708049,-0.248701572,0.0404973961,0.14985159,9.71924591,0.0095745977,-0.00375665538,0.00454708049,-0.248642921,-0.000254631042,1
1157,14.689983,0.0199348107,0.0553744733,-0.0324863568,0.0598044321,0.25530687,-0.28272292,0.00135128724,-0.249338627,-0.21097967,-0.317177266,9.45100403,0.0095745977,0.0015696669,0.00135128724,-0.248642921,-0.000254631042,1
1158,14.699980,0.00885991566,0.0627577379,-0.0140281999,0.0132898735,0.160362899,-0.209117711,-0.00290977047,-0.249338627,-0.163079277,-0.207006335,9.7096653,0.00850933325,0.0175486337,-0.00290977047,-0.248642921,-0.000254631042,1
1159,14.709976,-0.0745709538,0.0073832632,-0.0140281999,-0.0406079441,-0.0977164432,0.155630916,0.00135128724,-0.249242783,0.126718104,0.133086458,10.0018578,0.00531353988,0.00476546027,0.00135128724,-0.248642921,-0.000254631042,1
1160,14.719984,-0.0036916316,-0.0081215892,0.00442995783,-0.00959824212,0.0978743806,-0.183214173,0.0109386677,-0.248606205,-0.153499186,-0.13994579,9.97790813,-0.00640436914,-0.0080177132,0.0109386677,-0.248581886,-0.000254631042,1
1161,14.729981,0.0598044321,-0.011074895,0.00442995783,0.0103365686,0.142479688,-0.0464060679,0.00454708049,-0.249433994,-0.00979801547,-0.149525866,9.72643089,-0.00533910468,-0.012278772,0.00454708049,-0.248581886,-0.000254631042,1
1162,14.740004,-0.0494678579,0.0147665264,-0.0036916316,-0.00959824212,-0.0745111778,-0.14192009,0.0066776094,-0.248701572,-0.15589422,0.0372856669,9.43663311,-0.00746963359,-0.00908297859,0.0066776094,-0.248581886,-0.000254631042,1
1163,14.749979,-0.026579747,-0.00959824212,0,-0.0206731372,0.236229777,-0.15409112,0.000286022841,-0.248606205,-0.0912286863,-0.266881824,9.67134571,0.00424827542,0.00263493136,0.000286022841,-0.248581886,-0.000254631042,1
1164,14.759997,0.0413462743,0,-0.0036916316,-0.0140281999,0.0546563491,0.0748591572,-0.000779241615,-0.248510361,0.0860027671,-0.0345649198,9.88689709,0.0031830112,0.00689598918,-0.000779241615,-0.248581886,-0.000254631042,1
1165,14.769983,-0.053159494,0.0073832632,-0.00221497891,-0.00221497891,0.19661209,-0.0278584249,-0.00610556407,-0.248414516,0.0213372391,-0.19742626,9.97072315,0.00637880433,0.0015696669,-0.00610556407,-0.248581886,-0.000254631042,1
1166,14.780001,-0.0036916316,-0.011074895,0,0,0.0389765427,0.0615221858,-0.00610556407,-0.249338627,0.0692376345,-0.0225898232,9.74798584,0.00105248217,-0.00162612647,-0.00610556407,-0.248581886,-0.000254631042,1
1167,14.789975,0.00295330514,0.0103365686,0,-0.00516828429,-0.0123512167,-0.140408859,-0.00504029961,-0.248701572,-0.139129072,-0.0225898232,9.63063049,-0.00214331108,-0.00375665538,-0.00504029961,-0.248642921,-0.000254631042,1
1168,14.800001,-0.0140281999,-0.0081215892,0.00147665257,0.00147665257,-0.0545574874,-0.0728297159,-0.00717082852,-0.249433994,-0.084043622,0.034890648,9.74319553,-0.00214331108,0.00796125364,-0.00717082852,-0.248642921,-0.000254631042,1
1169,14.809975,-0.00221497891,-0.00516828429,-0.00221497891,0,-0.0514432117,-0.0316433534,-0.000779241615,-0.248606205,-0.0433282889,0.0420757085,9.91084766,0.0031830112,0.00583072472,-0.000779241615,-0.248642921,-0.000254631042,1
1170,14.820001,0,0.00885991566,0,-0.0036916316,0.00118959008,-0.0968928561,0.000286022841,-0.248510361,-0.0936237052,-0.0249848422,9.92042732,0.00531353988,-0.00162612647,0.000286022841,-0.248642921,-0.000254631042,1
1171,14.829986,0,-0.0140281999,0,0.00147665257,0.0734192207,-0.162275046,0.00454708049,-0.249433994,-0.139129072,-0.111205548,9.80307102,-0.00107804674,-0.00269139092,0.00454708049,-0.248642921,-0.000254631042,1
1172,14.840002,0,0,0,-0.0036916316,0.0100145591,-0.178258345,0.00454708049,-0.249530315,-0.170264333,-0.0537250787,9.72164059,-1.27822468e-05,-0.00375665538,0.00454708049,-0.248642921,-0.000254631042,1
1173,14.849979,0,0.00442995783,0,0.00295330514,0.0911559314,-0.092648074,0.00454708049,-0.249433994,-0.0672784895,-0.111205548,9.76475143,-0.00427384023,0.0015696669,0.00454708049,-0.248642921,-0.000254631042,1
1174,14.859975,0,-0.012551547,0,-0.00221497891,-0.0073327329,-0.0428408012,0.00454708049,-0.248510361,-0.0433282889,-0.00342966616,9.86534214,-1.27822468e-05,0.000504402502,0.00454708049,-0.248642921,-0.000254631042,1
1175,14.869983,0,0.0118132206,0,-0.00221497891,0.0652211234,-0.0587808304,0.00241655181,-0.248510361,-0.04093327,-0.0776752755,9.78391171,0.00105248217,-0.00269139092,0.00241655181,-0.248642921,-0.000254631042,1
1176,14.879980,0,-0.012551547,0,0,0.110572115,-0.0455913432,0.00348181627,-0.248606205,-0.0169830751,-0.118390612,9.70008564,0.00424827542,0.000504402502,0.00348181627,-0.248642921,-0.000254631042,1
1177,14.889977,0,-0.00516828429,0,-0.0036916316,0.018968381,-0.153304845,-0.000779241615,-0.248701572,-0.14391911,-0.0561200976,9.78151608,0.00105248217,0.0015696669,-0.000779241615,-0.248642921,-0.000254631042,1
1178,14.899984,0,0.00885991566,0,0,0.0250551272,-0.0807148963,-0.00397503516,-0.248606205,-0.0720685273,-0.0441449992,9.86294651,-0.00107804674,0.00263493136,-0.00397503516,-0.248642921,-0.000254631042,1
1179,14.909982,0,-0.0155048529,0,0,0.04213636,-0.0134214694,-0.00610556407,-0.249242783,-0.00261295633,-0.0441449992,9.79588604,0.00105248217,-0.000560861954,-0.00610556407,-0.248642921,-0.000254631042,1
1180,14.919980,0,0.0132898735,0,0,-0.0535212867,-0.127486333,-0.000779241615,-0.248510361,-0.136734053,0.0205205306,9.7791214,0.00105248217,0.0015696669,-0.000779241615,-0.248642921,-0.000254631042,1
1181,14.929977,0,-0.00516828429,0,0,-0.023319643,-0.125267282,-0.00184450613,-0.248606205,-0.127153978,-0.00821970589,9.7791214,-0.00214331108,-0.00482191984,-0.00184450613,-0.248642921,-0.000254631042,1
1182,14.940003,0,-0.00959824212,0,0,0.0291708652,-0.0546144918,0.00241655181,-0.249433994,-0.0457233116,-0.0417499803,9.82462692,0.00211774674,-0.000560861954,0.00241655181,-0.248642921,-0.000254631042,1
1183,14.950006,0,0.0103365686,0,0,-0.000376930082,-0.0446079709,0.00241655181,-0.248701572,-0.0433282889,-0.0106147248,9.91803265,0.00211774674,-0.00375665538,0.00241655181,-0.248642921,-0.000254631042,1
1184,14.959980,0,-0.0140281999,0,0,0.0274790525,-0.0516822562,0.00135128724,-0.248701572,-0.0433282889,-0.0393549614,9.77193642,-0.00107804674,-0.00162612647,0.00135128724,-0.248642921,-0.000254631042,1
1185,14.970005,0,0.00885991566,0,0,0.0593224652,-0.0820009634,0.00135128724,-0.248606205,-0.0648834705,-0.0776752755,9.71206093,-1.27822468e-05,-0.00482191984,0.00135128724,-0.248642921,-0.000254631042,1
1186,14.979978,0,0.00295330514,0,0,0.0460256152,-0.0662644953,0.00135128724,-0.248510361,-0.0529083684,-0.0609101392,9.75996113,-1.27822468e-05,0.0015696669,0.00135128724,-0.248642921,-0.000254631042,1
1187,14.989997,0,-0.012551547,0,0,0.0204481743,-0.0696614385,0.000286022841,-0.248606205,-0.0624884479,-0.0369599424,9.77433109,0.0031830112,-0.000560861954,0.000286022841,-0.248642921,-0.000254631042,1
1188,14.999982,0,0.0118132206,0,0,0.0715475827,-0.0727580562,0.00241655181,-0.248701572,-0.0529083684,-0.0872553512,9.79109669,-1.27822468e-05,0.000504402502,0.00241655181,-0.248642921,-0.000254631042,1
1189,15.009997,0,-0.0081215892,0,0,0.0587618835,-0.0744531006,-0.000779241615,-0.248701572,-0.136734053,-0.0585151166,9.73361588,-1.27822468e-05,-0.00162612647,-0.000779241615,-0.248642921,-0.000254631042,1
1190,15.019983,0,-0.00664493674,0,0,-0.00011572009,-0.111410543,-0.00184450613,-0.249338627,-0.117573902,0.00375539274,9.73361588,0.00211774674,-0.000560861954,-0.000779241615,-0.248642921,-0.000254631042,1
1191,15.029996,0,0.0103365686,0,0,-0.0110159386,-0.0962678492,-0.000779241615,-0.248606205,-0.103203781,-0.0154047646,9.7623558,-1.27822468e-05,0.00370019581,-0.000779241615,-0.248642921,-0.000254631042,1
1192,15.039983,0,-0.0155048529,0,0,-0.000996350194,-0.0469286777,0.000286022841,-0.249338627,-0.0505133495,-0.0441449992,9.84378719,0.00211774674,-0.00269139092,0.00241655181,-0.248642921,-0.000254631042,1
1193,15.049998,0,0.0118132206,0,0,0.0158053972,-0.0684828311,-0.000779241615,-0.248606205,-0.0720685273,-0.0321699008,9.80067635,-1.27822468e-05,0.000504402502,0.00135128724,-0.248642921,-0.000254631042,1
1194,15.059984,0,-0.00664493674,0,0,0.0151802739,-0.0806790739,0.00348181627,-0.248606205,-0.0768585652,-0.0633051544,9.80067635,0.00105248217,-0.00162612647,0.000286022841,-0.248642921,-0.000254631042,1
1195,15.069999,0,-0.012551547,0,0,0.046536915,-0.0836972296,-0.000779241615,-0.248606205,-0.0960187241,-0.0633051544,9.79109669,-1.27822468e-05,-0.00162612647,0.00135128724,-0.248642921,-0.000254631042,1
1196,15.079984,0,0.0169815049,0,0,0.0761256665,-0.0936795473,-0.00184450613,-0.248606205,-0.0720685273,-0.0968354344,9.85097218,0.00105248217,-0.000560861954,0.00135128724,-0.248642921,-0.000254631042,1
1197,15.090004,0,-0.0140281999,0,0,0.0484208278,-0.0372691229,-0.00184450613,-0.249338627,-0.0241681337,-0.0561200976,9.83899689,0.00211774674,-0.000560861954,-0.000779241615,-0.248642921,-0.000254631042,1
1198,15.099978,0,-0.0036916316,0,0,0.0592866428,-0.0918758214,0.00241655181,-0.248606205,-0.0744635463,-0.0800702944,9.76954079,0.00211774674,-0.00162612647,0.000286022841,-0.248642921,-0.000254631042,1
1199,15.110003,0,0.00885991566,0,0,0.0551615246,-0.108125538,-0.00290977047,-0.248606205,-0.0912286863,-0.0800702944,9.78391171,0.00211774674,0.0015696669,-0.00290977047,-0.248642921,-0.000254631042,1
1200,15.119977,0,-0.0140281999,0,0,-0.00011572009,-0.111410543,-0.00397503516,-0.249338627,-0.107993819,-0.027379863,9.7623558,-0.00107804674,0.00263493136,-0.00397503516,-0.248642921,-0.000254631042,1
1201,15.130006,0,0.0132898735,0,0,0.0174300168,-0.101018086,-0.00184450613,-0.248606205,-0.0936237052,-0.0417499803,9.78870106,-0.00107804674,-0.00162612647,-0.00184450613,-0.248642921,-0.000254631042,1
1202,15.139981,0,-0.0081215892,0,0,0.0134773338,-0.0580285601,0.000286022841,-0.249338627,-0.0529083684,-0.027379863,9.79349136,0.00211774674,0.0015696669,0.000286022841,-0.248642921,-0.000254631042,1
1203,15.149997,0,-0.00664493674,0,0,-0.00799778476,-0.0649112016,0.00241655181,-0.248606205,-0.0648834705,-0.00821970589,9.88689709,0.00105248217,0.00370019581,0.00241655181,-0.248642921,-0.000254631042,1
1204,15.159982,0,0.0073832632,0,0,0.0293235295,-0.0249657631,0.00241655181,-0.248606205,-0.0169830751,-0.0345649198,9.84618187,-1.27822468e-05,-0.000560861954,0.00241655181,-0.248642921,-0.000254631042,1
1205,15.169998,0,-0.012551547,0,0,0.0233230405,-0.0778042078,0.000286022841,-0.248606205,-0.0696735084,-0.0417499803,9.75277615,0.00105248217,0.0015696669,0.000286022841,-0.248642921,-0.000254631042,1
1206,15.179985,0,0.00885991566,0,0,0.0540634841,-0.0930134133,-0.00184450613,-0.248510361,-0.0768585652,-0.0752802566,9.78630638,-1.27822468e-05,-0.00269139092,-0.00184450613,-0.248642921,-0.000254631042,1
1207,15.189983,0,-0.00664493674,0,0,0.0546874367,-0.0808171183,0.000286022841,-0.248510361,-0.0648834705,-0.0728852376,9.78630638,-0.00107804674,-0.00162612647,0.000286022841,-0.248642921,-0.000254631042,1
1208,15.199980,0,-0.00516828429,0,0,0.0465678535,-0.0639771745,0.00135128724,-0.249242783,-0.0505133495,-0.0609101392,9.79828167,0.00105248217,0.000504402502,0.00135128724,-0.248642921,-0.000254631042,1
1209,15.209977,0,0.00590661028,0,0,-0.000336854719,-0.0347331539,-0.000779241615,-0.248606205,-0.0337482132,-0.00821970589,9.76714611,-0.00107804674,0.0015696669,-0.000779241615,-0.248642921,-0.000254631042,1
1210,15.219985,0,-0.011074895,0,0,0.0214735214,-0.104520127,-0.000779241615,-0.248701572,-0.0960187241,-0.0465400182,9.83420658,0.0031830112,-0.00375665538,-0.000779241615,-0.248642921,-0.000254631042,1
1211,15.229982,0,0.0103365686,0,0,0.0383491367,-0.0964506045,-0.00290977047,-0.248701572,-0.084043622,-0.0609101392,9.78391171,0.00105248217,0.000504402502,-0.00290977047,-0.248642921,-0.000254631042,1
1212,15.239979,0,-0.012551547,0,0,0.0258951802,-0.00926952809,0.00135128724,-0.248606205,-0.00261295633,-0.027379863,9.84618187,-1.27822468e-05,0.000504402502,0.00135128724,-0.248642921,-0.000254631042,1
1213,15.249977,0,0.00295330514,0,0,-0.0133630298,-0.10555467,-0.00184450613,-0.248510361,-0.1055988,-0.0130097447,9.75277615,-0.00107804674,-0.00162612647,-0.00184450613,-0.248642921,-0.000254631042,1
1214,15.259984,0,0.00442995783,0,0,0.0326162763,-0.0801582858,0.00241655181,-0.248510361,-0.0696735084,-0.0513300598,9.78151608,-1.27822468e-05,-0.00162612647,0.00241655181,-0.248642921,-0.000254631042,1
1215,15.270002,0,-0.0081215892,0,0,0.0547455102,-0.0610778742,0.000286022841,-0.248701572,-0.0457233116,-0.0680951998,9.73840618,-0.00214331108,-0.00162612647,0.000286022841,-0.248642921,-0.000254631042,1
1216,15.279976,0,0.00885991566,0,0,0.0482239872,-0.0964873657,-0.00290977047,-0.248701572,-0.0816486031,-0.0704902187,9.81744194,0.00105248217,-0.000560861954,-0.00290977047,-0.248642921,-0.000254631042,1
1217,15.290004,0,-0.012551547,0,0,0.0243583638,-0.112660848,0.000286022841,-0.248606205,-0.103203781,-0.0513300598,9.80307102,0.00211774674,0.000504402502,0.000286022841,-0.248642921,-0.000254631042,1
1218,15.299978,0,0.00590661028,0,0,0.00479381857,-0.0632144734,0.000286022841,-0.248510361,-0.0600934289,-0.0201948043,9.78151608,-0.00214331108,-0.00162612647,0.000286022841,-0.248642921,-0.000254631042,1
1219,15.309998,0,0,0,0,0.0360810049,-0.085979335,0.000286022841,-0.248510361,-0.0744635463,-0.0561200976,9.78630638,-1.27822468e-05,-0.000560861954,0.000286022841,-0.248642921,-0.000254631042,1
1220,15.319985,0,-0.00959824212,0,0,0.0424834527,-0.0801972374,-0.00184450613,-0.248606205,-0.0672784895,-0.0609101392,9.81983662,0.00211774674,0.00263493136,-0.00184450613,-0.248642921,-0.000254631042,1
1221,15.329997,0,0.0073832632,0,0,0.000626822701,-0.0893395022,-0.00184450613,-0.248606205,-0.086438641,-0.0225898232,9.77672672,0.00105248217,-0.00269139092,-0.00184450613,-0.248642921,-0.000254631042,1
1222,15.339983,0,-0.012551547,0,0,-0.00972986966,-0.0620005056,0.00241655181,-0.248606205,-0.0624884479,-0.00582468603,9.71924591,0.00105248217,-0.000560861954,0.00241655181,-0.248642921,-0.000254631042,1
1223,15.349997,0,0.00885991566,-0.0036916316,0,-0.0203971136,-0.123537153,-0.000779241615,-0.248510361,-0.124758959,-0.0106147248,9.77193642,0.00211774674,0.00263493136,-0.000779241615,-0.248642921,-0.000254631042,1
1224,15.359982,0,-0.00664493674,0,0,0.0958843529,-0.0937419981,0.00241655181,-0.248510361,-0.0672784895,-0.115995586,9.79828167,0.00211774674,0.00263493136,0.00241655181,-0.248642921,-0.000254631042,1
1225,15.369998,0,-0.00516828429,0,0,0.00867325719,-0.116088361,0.00135128724,-0.248510361,-0.110388838,-0.0369599424,9.79828167,-1.27822468e-05,0.000504402502,0.00135128724,-0.248642921,-0.000254631042,1
1226,15.379984,0,0.00590661028,0,0,0.0372155495,-0.0912148729,-0.000779241615,-0.248606205,-0.0792535841,-0.0585151166,9.81504631,-0.00107804674,0.000504402502,-0.000779241615,-0.248642921,-0.000254631042,1
1227,15.389981,0,-0.012551547,0,0,0.0275198016,-0.041804783,-0.000779241615,-0.248606205,-0.0337482132,-0.0369599424,9.78151608,-0.00107804674,0.000504402502,-0.000779241615,-0.248642921,-0.000254631042,1
1228,15.399977,0,0.0103365686,0,0,0.0919700414,-0.0507429615,-0.00290977047,-0.248510361,-0.0265631527,-0.101625472,9.75996113,-1.27822468e-05,0.000504402502,-0.00290977047,-0.248642921,-0.000254631042,1
1229,15.409986,0,-0.00221497891,0,0,-0.0133979032,-0.115429528,0.00348181627,-0.248510361,-0.115178876,-0.0154047646,9.74798584,0.00105248217,-0.00269139092,0.00348181627,-0.248642921,-0.000254631042,1
1230,15.419984,0,-0.0081215892,0,0,-0.0045694341,-0.0806074291,0.00135128724,-0.248606205,-0.0792535841,-0.0154047646,9.8318119,0.00211774674,0.000504402502,0.00135128724,-0.248642921,-0.000254631042,1
1231,15.429981,0,0.0073832632,0,0,0.0459476113,-0.0860186145,0.00241655181,-0.248606205,-0.0720685273,-0.0657001734,9.76714611,-1.27822468e-05,0.0015696669,0.00241655181,-0.248642921,-0.000254631042,1
1232,15.439979,0,-0.011074895,0,0,-0.0236874688,-0.068341814,0.00135128724,-0.248510361,-0.0720685273,0.00615041237,9.78870106,0.00105248217,0.000504402502,0.00135128724,-0.248642921,-0.000254631042,1
1233,15.450148,0,0.00885991566,0,0,0.0417866893,-0.112143189,0.000286022841,-0.248606205,-0.0984137431,-0.0680951998,9.77672672,0.0031830112,-0.00162612647,0.000286022841,-0.248642921,-0.000254631042,1
1234,15.460005,0,0.00590661028,0,0,-0.0225512348,-0.0735716224,-0.000779241615,-0.248606205,-0.0768585652,0.00375539274,9.81025696,-1.27822468e-05,-0.000560861954,-0.000779241615,-0.248642921,-0.000254631042,1
1235,15.469979,0,-0.011074895,0,0,0.0338641852,-0.0557656847,0.00241655181,-0.248510361,-0.0960187241,-0.0680951998,9.85576153,0.00105248217,0.000504402502,0.00135128724,-0.248642921,-0.000254631042,1
1236,15.479976,0,0.0132898735,0,0,0.017509453,-0.0812666938,-0.00184450613,-0.248510361,-0.086438641,-0.0776752755,9.81744194,-1.27822468e-05,-0.000560861954,-0.000779241615,-0.248642921,-0.000254631042,1
1237,15.489997,0,-0.012551547,0,0,0.0261979122,-0.0859469697,0.00135128724,-0.248606205,-0.0792535841,-0.0728852376,9.82462692,-1.27822468e-05,-0.000560861954,0.00135128724,-0.248642921,-0.000254631042,1
1238,15.499984,0,0.00147665257,0,0,0.0383941531,-0.0865720958,-0.00184450613,-0.248606205,-0.0888336599,-0.0848603323,9.8318119,-1.27822468e-05,0.00263493136,-0.000779241615,-0.248642921,-0.000254631042,1
1239,15.510002,0,0.0073832632,0,0,-0.00102722971,-0.066679202,0.00135128724,-0.248510361,-0.0744635463,0.00136037311,9.81504631,-0.00214331108,0.00263493136,0.00241655181,-0.248642921,-0.000254631042,1
1240,15.519976,0,-0.00959824212,0,0,-0.0098285526,-0.0916260108,0.00348181627,-0.248510361,-0.0912286863,-0.0489350408,9.75517082,-1.27822468e-05,0.0015696669,0.00241655181,-0.248642921,-0.000254631042,1
1241,15.530004,0,0.0118132206,0,0,0.0337595604,-0.0853902549,0.000286022841,-0.248510361,-0.0385382511,-0.0752802566,9.76954079,0.00105248217,0.000504402502,0.000286022841,-0.248642921,-0.000254631042,1
1242,15.539979,0,-0.011074895,0,0,0.0105733192,-0.0696256161,0.00241655181,-0.248606205,-0.0648834705,-0.027379863,9.8270216,0.00105248217,0.000504402502,0.00241655181,-0.248642921,-0.000254631042,1
1243,15.549999,0,0,0,0,-0.0347056091,-0.0630749762,0.00135128724,-0.248510361,-0.0696735084,0.0181255098,9.81504631,0.0031830112,0.0015696669,-0.000779241615,-0.248642921,-0.000254631042,1
1244,15.559976,0,0.00590661028,0,0,-0.00986342598,-0.101500869,0.00241655181,-0.248510361,-0.100808762,-0.0154047646,9.74559116,-1.27822468e-05,0.000504402502,0.000286022841,-0.248642921,-0.000254631042,1
1245,15.570005,0,-0.012551547,0,0,0.031322524,-0.114428751,-0.000779241615,-0.248606205,-0.103203781,-0.0585151166,9.76954079,-1.27822468e-05,-0.000560861954,0.00135128724,-0.248642921,-0.000254631042,1
1246,15.579979,0,0.0118132206,0,0,0.00181354547,-0.0846965462,-0.000779241615,-0.248510361,-0.0816486031,-0.0225898232,9.82223129,0.00105248217,-0.00482191984,-0.000779241615,-0.248642921,-0.000254631042,1
1247,15.589998,0,-0.0140281999,0,0,0.0053208773,-0.0806422308,0.00135128724,-0.248414516,-0.0768585652,-0.0249848422,9.79109669,-0.00107804674,0.000504402502,0.00135128724,-0.248642921,-0.000254631042,1
1248,15.599984,0,0.00295330514,0,0,0.0290817972,-0.0940869525,-0.000779241615,-0.248510361,-0.084043622,-0.0513300598,9.70487595,-1.27822468e-05,0.00370019581,-0.000779241615,-0.248642921,-0.000254631042,1
1249,15.610004,0,0.00885991566,0,0,0.0457685143,-0.135392889,-0.000779241615,-0.248606205,-0.119968921,-0.0776752755,9.8270216,0.0031830112,0.0015696669,-0.000779241615,-0.248642921,-0.000254631042,1
1250,15.619979,0,-0.0155048529,0,0,0.0414481275,-0.0453405976,0.000286022841,-0.248606205,-0.0337482132,-0.0513300598,9.82941628,-1.27822468e-05,0.0015696669,0.000286022841,-0.248642921,-0.000254631042,1
1251,15.630000,0,0.0118132206,0,0,0.00358078443,-0.0777322203,-0.000779241615,-0.248510361,-0.0744635463,-0.0225898232,9.79349136,-1.27822468e-05,-0.00162612647,-0.000779241615,-0.248642921,-0.000254631042,1
1252,15.639985,0,-0.00516828429,0,0,0.0703135878,-0.0971369743,0.00135128724,-0.248510361,-0.0768585652,-0.0920453891,9.73361588,0.00105248217,-0.00162612647,0.00135128724,-0.248642921,-0.000254631042,1
1253,15.650000,0,-0.00664493674,0,0,0.0018054269,-0.084696725,0.000286022841,-0.248606205,-0.0816486031,-0.0225898232,9.77433109,-1.27822468e-05,-0.000560861954,0.000286022841,-0.248642921,-0.000254631042,1
1254,15.659985,0,0.00885991566,0,0,0.0233304966,-0.0778019652,0.00135128724,-0.248510361,-0.0696735084,-0.0417499803,9.80786133,-0.00107804674,0.0015696669,0.00135128724,-0.248642921,-0.000254631042,1
1255,15.669998,0,-0.012551547,0,0,0.0290817972,-0.0940869525,0.000286022841,-0.248510361,-0.084043622,-0.0513300598,9.87013245,0.00105248217,0.000504402502,0.000286022841,-0.248642921,-0.000254631042,1
1256,15.680003,0,0.0103365686,0,0,0.0216330122,-0.0650165826,0.000286022841,-0.248510361,-0.0576984063,-0.0369599424,9.7791214,0.00105248217,-0.00269139092,0.000286022841,-0.248642921,-0.000254631042,1
1257,15.689979,0,-0.0036916316,0,0,-0.00165118417,-0.0788755044,-0.000779241615,-0.248510361,-0.0768585652,-0.0177997835,9.80307102,0.00105248217,-0.000560861954,-0.000779241615,-0.248642921,-0.000254631042,1
1258,15.699976,0,-0.00664493674,0,0,-0.0336669497,-0.0979315117,0.00135128724,-0.248510361,-0.103203781,0.00854543224,9.77193642,0.00105248217,-0.000560861954,0.00135128724,-0.248642921,-0.000254631042,1
1259,15.710007,0,0.00885991566,0,0,0.054547932,-0.120316543,0.000286022841,-0.248510361,-0.103203781,-0.0824653134,9.84618187,0.00211774674,-0.000560861954,0.000286022841,-0.248642921,-0.000254631042,1
1260,15.719982,0,-0.0140281999,0,0,0.0330658592,-0.117336266,0.000286022841,-0.248510361,-0.1055988,-0.0609101392,9.7623558,-1.27822468e-05,0.00263493136,0.000286022841,-0.248642921,-0.000254631042,1
1261,15.729979,0,-0.011074895,0,0,0.0320271961,-0.0824797302,0.00348181627,-0.248510361,-0.0720685273,-0.0513300598,9.79109669,0.00105248217,0.00370019581,0.00348181627,-0.248642921,-0.000254631042,1
1262,15.739976,0,0.0147665264,0,0,-0.0196267739,-0.0718433037,0.00135128724,-0.248414516,-0.0744635463,0.00136037311,9.78630638,-1.27822468e-05,0.0015696669,0.00135128724,-0.248642921,-0.000254631042,1
1263,15.749985,0,-0.0177198313,0,0,-0.0109635554,-0.0863950923,0.00135128724,-0.248414516,-0.086438641,-0.0106147248,9.80546665,0.00211774674,-0.00269139092,0.00135128724,-0.248642921,-0.000254631042,1
1264,15.759982,0,0.0073832632,0,0,0.0687556043,-0.0448521636,0.000286022841,-0.248510361,-0.0265631527,-0.0776752755,9.79828167,0.00105248217,-0.00162612647,0.000286022841,-0.248642921,-0.000254631042,1
1265,15.769978,0,0.00885991566,0,0,0.0326162763,-0.0801582858,0.00135128724,-0.248510361,-0.0696735084,-0.0513300598,9.81983662,-1.27822468e-05,0.000504402502,0.00135128724,-0.248642921,-0.000254631042,1
1266,15.779976,0,-0.012551547,0,0,0.000190804058,-0.0521614365,-0.000779241615,-0.248414516,-0.0505133495,-0.0130097447,9.75038147,0.00211774674,0.000504402502,-0.000779241615,-0.248642921,-0.000254631042,1
1267,15.789984,0,0.0132898735,0,0,0.0477306731,-0.0790453032,-0.000779241615,-0.248414516,-0.0648834705,-0.0657001734,9.7791214,-1.27822468e-05,-0.000560861954,-0.000779241615,-0.248642921,-0.000254631042,1
1268,15.799980,0,-0.012551547,0,0,0.0522264875,-0.119727463,0.00135128724,-0.248510361,-0.103203781,-0.0800702944,9.78391171,-0.00214331108,0.0015696669,0.00135128724,-0.248642921,-0.000254631042,1
1269,15.810003,0,-0.011074895,0,0,0.0470991507,-0.0912461802,0.00135128724,-0.248510361,-0.0768585652,-0.0680951998,9.80067635,-0.00107804674,0.0015696669,0.00135128724,-0.248642921,-0.000254631042,1
1270,15.819978,0,0.0147665264,0,0,-0.0416979939,-0.0711865872,0.00241655181,-0.248414516,-0.0792535841,0.0229155496,9.8318119,0.00105248217,0.00476546027,0.00241655181,-0.248642921,-0.000254631042,1
1271,15.830000,0,-0.0155048529,0,0,0.0071553071,-0.0539280102,0.000286022841,-0.248414516,-0.0505133495,-0.0201948043,9.81744194,-1.27822468e-05,0.000504402502,0.000286022841,-0.248642921,-0.000254631042,1
1272,15.839986,0,-0.00516828429,0,0,0.0214586388,-0.114390872,-0.000779241615,-0.248510361,-0.1055988,-0.0489350408,9.71924591,0.00211774674,-0.00162612647,-0.000779241615,-0.248642921,-0.000254631042,1
1273,15.850001,0,0.0103365686,0,0,0.0361158773,-0.076104477,0.00135128724,-0.248510361,-0.0648834705,-0.0537250787,9.84618187,0.00105248217,0.00263493136,0.00135128724,-0.248642921,-0.000254631042,1
1274,15.859978,0,-0.0177198313,0,0,0.0390961543,-0.0546223968,-0.00184450613,-0.248510361,-0.0433282889,-0.0513300598,9.80546665,-1.27822468e-05,-0.00162612647,-0.00184450613,-0.248642921,-0.000254631042,1
1275,15.869999,0,0.0118132206,0,0,0.0529899485,-0.0680317357,0.00135128724,-0.248510361,-0.0529083684,-0.0680951998,9.79349136,0.00211774674,0.0015696669,0.00135128724,-0.248642921,-0.000254631042,1
1276,15.880001,0,0.00885991566,0,0,0.0164707899,-0.0464101546,-0.000779241615,-0.248510361,-0.04093327,-0.027379863,9.76714611,-1.27822468e-05,-0.00162612647,-0.000779241615,-0.248642921,-0.000254631042,1
1277,15.889975,0,-0.0191964842,0,0,0.022706544,-0.0899982676,0.00135128724,-0.248510361,-0.0816486031,-0.0441449992,9.75756645,0.0031830112,0.0015696669,0.00135128724,-0.248642921,-0.000254631042,1
1278,15.899984,0,0.00295330514,0,0,0.0239946712,-0.05572851,0.00135128724,-0.248414516,-0.0481183305,-0.0369599424,9.8270216,-1.27822468e-05,0.000504402502,0.00135128724,-0.248642921,-0.000254631042,1
1279,15.909981,0,0.0147665264,0,0,-0.00223248242,-0.081197165,0.000286022841,-0.248414516,-0.0792535841,-0.0177997835,9.72164059,-1.27822468e-05,-0.000560861954,0.000286022841,-0.248642921,-0.000254631042,1
1280,15.919977,0,-0.0081215892,0,0,0.0470991507,-0.0912461802,0.00135128724,-0.248510361,-0.0768585652,-0.0680951998,9.79828167,0.00211774674,-0.00162612647,0.00135128724,-0.248642921,-0.000254631042,1
1281,15.929975,0,-0.00221497891,0,0,0.0303024612,-0.0795663074,-0.000779241615,-0.248414516,-0.103203781,-0.0513300598,9.78391171,-0.00214331108,0.000504402502,-0.00184450613,-0.248642921,-0.000254631042,1
1282,15.939983,0,0.00885991566,0,0,0.0518187582,-0.0726696551,0.000286022841,-0.248414516,-0.0912286863,-0.0680951998,9.8318119,-0.00107804674,0.0015696669,0.00135128724,-0.248642921,-0.000254631042,1
1283,15.949979,0,-0.012551547,0,0,0.0553462692,-0.0587459542,0.000286022841,-0.248510361,-0.0936237052,-0.00821970589,9.77193642,0.00211774674,-0.00162612647,0.000286022841,-0.248642921,-0.000254631042,1
1284,15.959975,0,0.0118132206,0,0,0.00527827535,-0.0905175954,-0.000779241615,-0.248510361,-0.100808762,-0.0609101392,9.75038147,0.00211774674,0.00263493136,0.000286022841,-0.248642921,-0.000254631042,1
1285,15.969984,0,-0.00221497891,0,0,0.0467193164,-0.0343184769,0.00241655181,-0.248510361,-0.0600934289,-0.0393549614,9.8270216,0.00105248217,0.000504402502,0.00241655181,-0.248642921,-0.000254631042,1
1286,15.990006,0,0.0118132206,0,0,0.00638668286,-0.105624422,0.00135128724,-0.248510361,-0.0672784895,-0.0585151166,9.78151608,0.00105248217,-0.000560861954,0.00241655181,-0.248642921,-0.000254631042,1
1287,15.999979,0,-0.0140281999,0,0,0.0267952271,-0.0836230144,0.000286022841,-0.248510361,-0.0744635463,-0.0465400182,9.7791214,-1.27822468e-05,-0.000560861954,-0.000779241615,-0.248642921,-0.000254631042,1
1288,16.009998,0,0.00885991566,0,0,0.0250706002,-0.0807100907,0.000286022841,-0.248414516,-0.0720685273,-0.0441449992,9.74319553,-1.27822468e-05,0.000504402502,-0.000779241615,-0.248642921,-0.000254631042,1
1289,16.019985,0,0.00442995783,0,0,0.0609690435,-0.114524536,-0.000779241615,-0.248414516,-0.0960187241,-0.0872553512,9.81265163,-1.27822468e-05,-0.000560861954,0.00135128724,-0.248642921,-0.000254631042,1
1290,16.029996,0,-0.011074895,0,0,0.0141144712,-0.0556959324,0.000286022841,-0.248510361,-0.0505133495,-0.027379863,9.7791214,-1.27822468e-05,0.00263493136,0.000286022841,-0.248642921,-0.000254631042,1
1291,16.039981,0,0.0118132206,0,0,0.0145291789,-0.102748774,0.00135128724,-0.248510361,-0.0960187241,-0.0393549614,9.76954079,0.00211774674,0.000504402502,0.00135128724,-0.248642921,-0.000254631042,1
1292,16.049998,0,-0.012551547,0,0,0.0274938866,-0.051674366,0.00135128724,-0.248414516,-0.0433282889,-0.0393549614,9.87013245,0.00105248217,-0.00162612647,0.00135128724,-0.248642921,-0.000254631042,1
1293,16.059985,0,-0.012551547,0,0,0.026180461,-0.095816806,0.00241655181,-0.248414516,-0.086438641,-0.0489350408,9.75517082,-1.27822468e-05,0.00263493136,0.00241655181,-0.248642921,-0.000254631042,1
1294,16.070007,0,0.0169815049,0,0,0.009746789,-0.141070038,0.00135128724,-0.248510361,-0.134339035,-0.0441449992,9.87013245,0.00211774674,0.000504402502,0.00135128724,-0.248642921,-0.000254631042,1
1295,16.080007,0,-0.0155048529,0,0,0.0100955367,-0.0423214734,0.000286022841,-0.248510361,-0.0385382511,-0.0201948043,9.76475143,0.00105248217,-0.00375665538,0.000286022841,-0.248642921,-0.000254631042,1
1296,16.089980,0,0.00147665257,0,0,0.000610018673,-0.0992142409,0.00241655181,-0.248414516,-0.0960187241,-0.0249848422,9.82223129,0.00105248217,0.00370019581,0.00241655181,-0.248642921,-0.000254631042,1
1297,16.100005,0,0.00885991566,0,0,-0.0144288428,-0.0805743784,0.000286022841,-0.248414516,-0.0816486031,-0.00582468603,9.80307102,-0.00107804674,0.00263493136,0.000286022841,-0.248642921,-0.000254631042,1
1298,16.109980,0,-0.0177198313,0,0,0.0465190448,-0.0935631692,0.00135128724,-0.248414516,-0.0792535841,-0.0680951998,9.76954079,0.00105248217,0.00263493136,0.00135128724,-0.248642921,-0.000254631042,1
1299,16.119977,0,0.0147665264,0,0,0.0366003402,-0.103407606,0.00241655181,-0.248510361,-0.0912286863,-0.0609101392,9.74319553,0.00105248217,0.0015696669,0.00241655181,-0.248642921,-0.000254631042,1
1300,16.130008,0,-0.00221497891,0,0,-0.00213564001,-0.051572375,-0.000779241615,-0.248510361,-0.0505133495,-0.0106147248,9.78630638,0.00211774674,0.000504402502,-0.000779241615,-0.248642921,-0.000254631042,1
1301,16.139998,0,-0.00959824212,0,0,0.0244737826,-0.0830339342,0.00135128724,-0.248510361,-0.0744635463,-0.0441449992,9.81265163,-0.00107804674,-0.00375665538,0.00135128724,-0.248642921,-0.000254631042,1
1302,16.150001,0,0.0073832632,0,0,-0.0325477086,-0.113041468,0.00135128724,-0.248414516,-0.117573902,0.00375539274,9.75277615,-0.00107804674,0.000504402502,0.00135128724,-0.248642921,-0.000254631042,1
1303,16.159975,0,-0.011074895,0,0,0.0877418593,-0.0966176465,0.00135128724,-0.248510361,-0.0720685273,-0.108810529,9.75517082,-0.00107804674,0.000504402502,0.00135128724,-0.248642921,-0.000254631042,1
1304,16.170006,0,0.0103365686,0,0,-0.00981977023,-0.0916269571,0.00241655181,-0.248414516,-0.0912286863,-0.0130097447,9.74080086,0.00105248217,0.00263493136,0.00241655181,-0.248642921,-0.000254631042,1
1305,16.179981,0,-0.0036916316,0,0,0.0378558189,-0.0790113807,-0.00397503516,-0.248414516,-0.0672784895,-0.0561200976,9.84618187,0.00105248217,-0.00269139092,-0.00397503516,-0.248642921,-0.000254631042,1
1306,16.189998,0,-0.00664493674,0,0,0.0188271105,-0.0371243767,0.000286022841,-0.248510361,-0.0313531905,-0.027379863,9.7791214,0.00105248217,0.00263493136,0.000286022841,-0.248642921,-0.000254631042,1
1307,16.199985,0,0.00590661028,0,0,0.0476184823,-0.108674452,0.00241655181,-0.248510361,-0.0936237052,-0.0728852376,9.77193642,-1.27822468e-05,-0.000560861954,0.00241655181,-0.248642921,-0.000254631042,1
1308,16.209997,0,-0.012551547,0,0,0.0121835982,-0.11203339,0.00348181627,-0.248414516,-0.1055988,-0.0393549614,9.79109669,0.00211774674,0.00263493136,0.00348181627,-0.248642921,-0.000254631042,1
1309,16.219985,0,0.0103365686,0,0,0.0559746772,-0.0465442874,0.00241655181,-0.248414516,-0.0313531905,-0.0657001734,9.75996113,-1.27822468e-05,-0.000560861954,0.00241655181,-0.248642921,-0.000254631042,1
1310,16.229981,0,-0.00516828429,0,0,0.0315427408,-0.0551766045,-0.00184450613,-0.248510361,-0.0457233116,-0.0441449992,9.84378719,0.00211774674,0.0015696669,-0.00184450613,-0.248642921,-0.000254631042,1
1311,16.239977,0,-0.00664493674,0,0,0.0477928557,-0.0593001619,0.000286022841,-0.248510361,-0.0457233116,-0.0609101392,9.83660221,0.00105248217,0.00263493136,0.000286022841,-0.248642921,-0.000254631042,1
1312,16.249985,0,0.00442995783,0,0,0.0448203199,-0.0807779506,-0.00184450613,-0.248414516,-0.0672784895,-0.0633051544,9.80307102,0.00211774674,0.00476546027,-0.00184450613,-0.248642921,-0.000254631042,1
1313,16.259981,0,-0.00959824212,0,0,0.000677876815,-0.0794645175,0.000286022841,-0.248414516,-0.0768585652,-0.0201948043,9.78391171,-0.00107804674,-0.00162612647,0.000286022841,-0.248642921,-0.000254631042,1
1314,16.269977,0,0.0073832632,0,0,-0.0253500827,-0.0456815772,0.000286022841,-0.248510361,-0.0505133495,0.013335471,9.81504631,-1.27822468e-05,-0.000560861954,0.000286022841,-0.248642921,-0.000254631042,1
1315,16.279986,0,-0.00516828429,0,0,0.0616168901,-0.0924592093,0.000286022841,-0.248510361,-0.0744635463,-0.0824653134,9.75756645,0.0031830112,0.0015696669,0.000286022841,-0.248642921,-0.000254631042,1
1316,16.289983,0,-0.00516828429,0,0,-0.0289806351,-0.0892376006,-0.000779241615,-0.248414516,-0.0936237052,0.00615041237,9.86534214,0.00105248217,-0.00162612647,-0.000779241615,-0.248642921,-0.000254631042,1
1317,16.299981,0,0.0103365686,0,0,-0.00812105555,-0.104412168,0.00241655181,-0.248414516,-0.103203781,-0.0177997835,9.84378719,-1.27822468e-05,0.0015696669,0.00241655181,-0.248642921,-0.000254631042,1
1318,16.329999,0,0,0,0,0.0182031561,-0.0493206792,0.00135128724,-0.248510361,-0.0433282889,-0.0297748819,9.78151608,-1.27822468e-05,0.00263493136,0.00135128724,-0.248642921,-0.000254631042,1
1319,16.339985,0,-0.00959824212,0,0,-0.0151651436,-0.122393869,0.00135128724,-0.248510361,-0.12236394,-0.0154047646,9.81265163,0.00105248217,-0.000560861954,0.00135128724,-0.248642921,-0.000254631042,1
1320,16.349996,0,0.0103365686,0,0,0.0273242462,-0.101048671,0.00135128724,-0.248414516,-0.0912286863,-0.0513300598,9.81983662,-0.00107804674,0.0015696669,0.00135128724,-0.248642921,-0.000254631042,1
1321,16.359982,0,-0.012551547,0,0,0.0506071113,-0.0871875212,0.000286022841,-0.248414516,-0.0720685273,-0.0704902187,9.75756645,0.00105248217,0.000504402502,0.000286022841,-0.248642921,-0.000254631042,1
1322,16.369978,0,-0.00516828429,0,0,0.0138144586,-0.144568324,0.00241655181,-0.248414516,-0.0672784895,-0.0728852376,9.77672672,0.00105248217,0.000504402502,0.00241655181,-0.248642921,-0.000254631042,1
1323,16.380004,0,0.0118132206,0,0,0.0313683674,-0.104550891,-0.000779241615,-0.248510361,-0.0505133495,-0.0896503702,9.82941628,0.00424827542,0.0015696669,-0.000779241615,-0.248642921,-0.000254631042,1
1324,16.389978,0,-0.0155048529,0,0,0.0377785005,-0.0987647101,0.000286022841,-0.248510361,-0.0720685273,-0.00342966616,9.77433109,-0.00107804674,0.000504402502,0.000286022841,-0.248642921,-0.000254631042,1
1325,16.399996,0,0.0118132206,0,0,-0.00011455096,-0.141035184,-0.000779241615,-0.248414516,-0.086438641,-0.0441449992,9.76475143,0.00211774674,0.0015696669,-0.00184450613,-0.248642921,-0.000254631042,1
1326,16.409984,0,-0.00664493674,0,0,0.0388638973,-0.123742677,0.00135128724,-0.248414516,-0.0576984063,-0.0441449992,9.81744194,0.00105248217,0.000504402502,0.000286022841,-0.248642921,-0.000254631042,1
1327,16.420000,0,-0.0081215892,0,0,0.0301328208,-0.128940612,0.000286022841,-0.248414516,-0.0696735084,-0.0465400182,9.75277615,0.00105248217,0.00263493136,0.000286022841,-0.248642921,-0.000254631042,1
1328,16.429985,0,0.0073832632,0,0,0.0327557735,-0.0406588539,0.00241655181,-0.248510361,-0.0457233116,-0.0944404155,9.81025696,0.00105248217,0.000504402502,0.00135128724,-0.248642921,-0.000254631042,1
1329,16.439982,0,-0.011074895,0,0,0.0540983602,-0.0831385627,0.000286022841,-0.248510361,-0.0672784895,-0.0728852376,9.78630638,0.00105248217,-0.000560861954,0.000286022841,-0.248642921,-0.000254631042,1
1330,16.449979,0,0.0103365686,0,0,0.00192344817,-0.0550717972,0.000286022841,-0.248414516,-0.0529083684,-0.0154047646,9.78870106,-1.27822468e-05,-0.00162612647,0.00135128724,-0.248642921,-0.000254631042,1
1331,16.459975,0,-0.0036916316,0,0,-0.024824705,-0.0631122291,-0.000779241615,-0.248414516,-0.0672784895,0.00854543224,9.81504631,-1.27822468e-05,0.00263493136,0.000286022841,-0.248642921,-0.000254631042,1
1332,16.469984,0,-0.0081215892,0,0,0.0470739678,-0.101116523,0.00135128724,-0.248414516,-0.086438641,-0.0704902187,9.79828167,-1.27822468e-05,0.000504402502,0.000286022841,-0.248642921,-0.000254631042,1
1333,16.479980,0,0.00885991566,0,0,0.0210503861,-0.0673360154,0.000286022841,-0.248414516,-0.0600934289,-0.0369599424,9.81983662,0.00105248217,0.00263493136,0.000286022841,-0.248642921,-0.000254631042,1
1334,16.490131,0,-0.012551547,0,0,0.014606881,-0.0829976648,0.000286022841,-0.248414516,-0.0768585652,-0.0345649198,9.74559116,0.00105248217,-0.00162612647,0.000286022841,-0.248642921,-0.000254631042,1
1335,16.499982,0,0.0103365686,0,0,0.0274599586,-0.0615492277,-0.000779241615,-0.248414516,-0.0529083684,-0.0417499803,9.81983662,-1.27822468e-05,0.000504402502,-0.000779241615,-0.248642921,-0.000254631042,1
1336,16.509978,0,-0.00221497891,0,0,-0.00099235482,-0.0568043403,0.00241655181,-0.248510361,-0.0553033873,-0.0130097447,9.78870106,-1.27822468e-05,-0.00162612647,0.00241655181,-0.248642921,-0.000254631042,1
1337,16.519996,0,-0.0081215892,0,0,-0.00210076431,-0.041697517,-0.00184450613,-0.248510361,-0.04093327,-0.00821970589,9.7791214,0.00105248217,-0.00162612647,-0.00184450613,-0.248642921,-0.000254631042,1
1338,16.529977,0,0.00885991566,0,0,0.0495651104,-0.0523310788,0.000286022841,-0.248414516,-0.0385382511,-0.0609101392,9.82941628,0.00105248217,-0.00375665538,0.000286022841,-0.248642921,-0.000254631042,1
1339,16.539976,0,-0.0155048529,0,0,0.0262143854,-0.085941948,0.000286022841,-0.248414516,-0.0768585652,-0.0465400182,9.80067635,0.0031830112,-0.000560861954,0.000286022841,-0.248642921,-0.000254631042,1
1340,16.550003,0,0.0118132206,0,0,0.029124748,-0.084209308,0.000286022841,-0.248414516,-0.0744635463,-0.0489350408,9.75996113,-0.00107804674,-0.00269139092,0.000286022841,-0.248642921,-0.000254631042,1
1341,16.559977,0,0,0,0,0.00701959431,-0.0934274495,-0.000779241615,-0.248414516,-0.0888336599,-0.0297748819,9.70008564,-0.00107804674,0.00263493136,-0.000779241615,-0.248642921,-0.000254631042,1
1342,16.570007,0,-0.00959824212,0,0,-0.0086852666,-0.0968579799,0.00135128724,-0.248510361,-0.0960187241,-0.0154047646,9.81744194,-0.00107804674,0.000504402502,0.00135128724,-0.248642921,-0.000254631042,1
1343,16.580001,0,0.0103365686,0,0,0.0273843072,-0.0813015699,0.000286022841,-0.248510361,-0.0720685273,-0.0465400182,9.74798584,0.00211774674,0.00370019581,0.000286022841,-0.248642921,-0.000254631042,1
1344,16.589975,0,-0.0140281999,0,0,0.0371651761,-0.110957459,0.000286022841,-0.248414516,-0.0984137431,-0.0633051544,9.7791214,-1.27822468e-05,0.00263493136,0.000286022841,-0.248642921,-0.000254631042,1
1345,16.599999,0,0.00442995783,0,0,0.039754983,-0.0325512365,-0.000779241615,-0.248510361,-0.0217731129,-0.0465400182,9.78391171,0.00105248217,-0.00162612647,-0.000779241615,-0.248642921,-0.000254631042,1
1346,16.609984,0,0.00442995783,0,0,0.0257216953,-0.0586413331,-0.000779241615,-0.248510361,-0.0505133495,-0.0393549614,9.86534214,-0.00107804674,-0.00269139092,-0.000779241615,-0.248642921,-0.000254631042,1
1347,16.620004,0,-0.0140281999,0,0,-0.0102729136,-0.0544490106,0.00135128724,-0.248414516,-0.0553033873,-0.00342966616,9.79109669,0.00105248217,0.000504402502,0.00135128724,-0.248642921,-0.000254631042,1
1348,16.629977,0,0.00442995783,0,0,0.00698566437,-0.103302315,0.00135128724,-0.248414516,-0.0984137431,-0.0321699008,9.8270216,-0.00214331108,-0.00162612647,0.00135128724,-0.248642921,-0.000254631042,1
1349,16.639997,0,0.00885991566,0,0,0.0256868172,-0.0685161874,0.000286022841,-0.248510361,-0.0600934289,-0.0417499803,9.80067635,0.00105248217,0.00263493136,0.000286022841,-0.248642921,-0.000254631042,1
1350,16.650005,0,-0.011074895,0,0,-0.00515078707,-0.0829293057,0.00454708049,-0.248510361,-0.0816486031,-0.0154047646,9.80546665,0.00105248217,0.00263493136,0.00454708049,-0.248642921,-0.000254631042,1
1351,16.660004,0,0.0132898735,0,0,0.0541741885,-0.0633836538,-0.000779241615,-0.248414516,-0.0481183305,-0.0680951998,9.81504631,-1.27822468e-05,-0.00162612647,-0.000779241615,-0.248642921,-0.000254631042,1
1352,16.670003,0,-0.011074895,0,0,0.0279131047,-0.0987271667,-0.000779241615,-0.248414516,-0.0888336599,-0.0513300598,9.78630638,-0.00214331108,-0.00375665538,-0.000779241615,-0.248642921,-0.000254631042,1
1353,16.679978,0,-0.0081215892,0,0,0.0193177387,-0.0644256547,-0.000779241615,-0.248414516,-0.0576984063,-0.0345649198,9.77193642,0.00105248217,0.000504402502,-0.000779241615,-0.248642921,-0.000254631042,1
1354,16.689976,0,0.00885991566,0,0,-0.011006712,-0.0962688997,0.000286022841,-0.248510361,-0.0960187241,-0.0130097447,9.82223129,-0.00107804674,0.000504402502,0.000286022841,-0.248642921,-0.000254631042,1
1355,16.699996,0,-0.0177198313,0,0,0.00118959008,-0.0968928561,0.00241655181,-0.248510361,-0.0936237052,-0.0249848422,9.81983662,-0.00107804674,-0.00162612647,0.00241655181,-0.248642921,-0.000254631042,1
1356,16.709983,0,0.00885991566,0,0,0.0314123183,-0.0946730226,0.000286022841,-0.248414516,-0.084043622,-0.0537250787,9.7623558,-1.27822468e-05,0.0015696669,0.000286022841,-0.248642921,-0.000254631042,1
1357,16.720002,0,0.00147665257,0,0,-0.0121751986,-0.100912958,0.00135128724,-0.248414516,-0.100808762,-0.0130097447,9.81744194,-0.00107804674,-0.000560861954,0.00135128724,-0.248642921,-0.000254631042,1
1358,16.729976,0,-0.00959824212,0,0,-0.000612522592,-0.11373204,0.00241655181,-0.248510361,-0.110388838,-0.027379863,9.7791214,-1.27822468e-05,0.00370019581,0.00241655181,-0.248642921,-0.000254631042,1
1359,16.740002,0,0.0132898735,0,0,0.00306145451,-0.0603039451,-0.000779241615,-0.248510361,-0.0576984063,-0.0177997835,9.8270216,-0.00107804674,0.00370019581,-0.000779241615,-0.248642921,-0.000254631042,1
1360,16.749976,0,-0.0140281999,0,0,0.0191820264,-0.103925101,0.00135128724,-0.248414516,-0.0960187241,-0.0441449992,9.81025696,-0.00107804674,0.0015696669,0.00135128724,-0.248642921,-0.000254631042,1
1361,16.759985,0,0.00442995783,0,0,0.00812945049,-0.108534172,-0.000779241615,-0.248414516,-0.103203781,-0.0345649198,9.74559116,-0.00107804674,-0.000560861954,-0.000779241615,-0.248642921,-0.000254631042,1
1362,16.769982,0,0.00590661028,0,0,-0.00278741051,-0.0736438036,-0.000779241615,-0.248414516,-0.0720685273,-0.0154047646,9.7312212,0.00211774674,-0.000560861954,-0.000779241615,-0.248642921,-0.000254631042,1
1363,16.779979,0,-0.011074895,0,0,0.0558050461,-0.0959185958,0.000286022841,-0.248414516,-0.0792535841,-0.0776752755,9.76714611,0.00211774674,0.0015696669,0.000286022841,-0.248642921,-0.000254631042,1
1364,16.789976,0,0.0132898735,0,0,0.0336549394,-0.115014829,-0.000779241615,-0.248510361,-0.103203781,-0.0609101392,9.81504631,-0.00107804674,0.0015696669,-0.000779241615,-0.248642921,-0.000254631042,1
1365,16.799984,0,-0.0140281999,0,0,0.0047320202,-0.0829637349,-0.00184450613,-0.248414516,-0.0792535841,-0.0249848422,9.74080086,-0.00107804674,-0.00269139092,-0.00184450613,-0.248642921,-0.000254631042,1
1366,16.809980,0,-0.0081215892,0,0,0.00643073535,-0.0957489535,0.000286022841,-0.248414516,-0.0912286863,-0.0297748819,9.75038147,0.00105248217,-0.00269139092,0.000286022841,-0.248642921,-0.000254631042,1
1367,16.819978,0,0.00885991566,0,0,0.0343226753,-0.121421173,0.00241655181,-0.248414516,-0.107993819,-0.0680951998,9.80786133,0.00105248217,0.0015696669,0.00241655181,-0.248642921,-0.000254631042,1
1368,16.829985,0,-0.0140281999,0,0,0.0140519515,-0.0754443035,0.00135128724,-0.248414516,-0.0768585652,-0.0489350408,9.73840618,0.00105248217,0.0015696669,0.000286022841,-0.248642921,-0.000254631042,1
1369,16.849997,0,-0.0036916316,0,0,0.0553179681,-0.0686155111,0.00135128724,-0.248414516,-0.0984137431,-0.0609101392,9.7791214,-0.00107804674,0.000504402502,0.00135128724,-0.248642921,-0.000254631042,1
1370,16.859982,0,-0.011074895,0,0,0.0419099666,-0.0825105906,0.000286022841,-0.248414516,-0.0529083684,-0.0824653134,9.80067635,0.00105248217,0.000504402502,0.000286022841,-0.248642921,-0.000254631042,1
1371,16.870007,0,0.0169815049,0,0,-0.00919698458,-0.0794305876,0.000286022841,-0.248414516,-0.0481183305,-0.0369599424,9.84378719,-0.00107804674,0.00263493136,0.00135128724,-0.248642921,-0.000254631042,1
1372,16.879981,0,-0.0177198313,0,0,0.0447524711,-0.100527667,0.000286022841,-0.248414516,-0.0768585652,-0.0776752755,9.79349136,0.00211774674,-0.000560861954,0.000286022841,-0.248642921,-0.000254631042,1
1373,16.890005,0,-0.0036916316,0,0,0.06162576,-0.0924533084,-0.000779241615,-0.248414516,-0.0936237052,-0.0561200976,9.76714611,0.00105248217,-0.000560861954,0.000286022841,-0.248642921,-0.000254631042,1
1374,16.899980,0,0.0103365686,0,0,0.0424648933,-0.0900639519,-0.000779241615,-0.248414516,-0.0768585652,-0.0633051544,9.74080086,-1.27822468e-05,0.00263493136,-0.000779241615,-0.248642921,-0.000254631042,1
1375,16.910003,0,-0.0140281999,0,0,0.0140858805,-0.0655694455,-0.00290977047,-0.248414516,-0.0600934289,-0.0297748819,9.81504631,0.0031830112,-0.000560861954,0.000286022841,-0.248642921,-0.000254631042,1
1376,16.919979,0,0.0118132206,0,0,0.0209486,-0.0969605967,0.000286022841,-0.248414516,-0.0888336599,-0.0441449992,9.8318119,-0.00107804674,0.000504402502,0.00241655181,-0.248642921,-0.000254631042,1
1377,16.930001,0,-0.00221497891,0,0,-0.00219855341,-0.071322307,0.00135128724,-0.248414516,-0.0696735084,-0.0154047646,9.78391171,-0.00107804674,0.000504402502,0.00241655181,-0.248642921,-0.000254631042,1
1378,16.939976,0,-0.0081215892,0,0,0.0233379565,-0.0777997375,-0.000779241615,-0.248414516,-0.0696735084,-0.0417499803,9.81744194,-1.27822468e-05,0.000504402502,-0.000779241615,-0.248642921,-0.000254631042,1
1379,16.950006,0,0.0169815049,0,0,0.050120037,-0.0598844402,0.00241655181,-0.248414516,-0.0457233116,-0.0633051544,9.80067635,0.0031830112,-0.00162612647,0.00241655181,-0.248642921,-0.000254631042,1
1380,16.959980,0,-0.0140281999,0,0,0.0355003923,-0.088297382,0.000286022841,-0.248414516,-0.0768585652,-0.0561200976,9.72643089,0.00211774674,0.0015696669,0.000286022841,-0.248642921,-0.000254631042,1
1381,16.969977,0,-0.0036916316,0,0,0.00410923501,-0.0951600969,0.000286022841,-0.248414516,-0.0912286863,-0.027379863,9.84857655,-0.00107804674,-0.000560861954,0.000286022841,-0.248642921,-0.000254631042,1
1382,16.979986,0,0.0103365686,0,0,-0.0121073416,-0.081163235,0.000286022841,-0.248414516,-0.0816486031,-0.00821970589,9.79109669,-0.00107804674,0.000504402502,0.000286022841,-0.248642921,-0.000254631042,1
1383,16.989982,0,-0.0155048529,0,0,-0.0301583484,-0.0938806012,0.00454708049,-0.248414516,-0.0984137431,0.00615041237,9.79349136,0.00211774674,-0.000560861954,0.00454708049,-0.248642921,-0.000254631042,1
1384,16.999978,0,0.0118132206,0,0,0.0132595254,-0.13701497,0.00241655181,-0.248414516,-0.129548997,-0.0465400182,9.81025696,-0.00320857554,0.000504402502,0.00241655181,-0.248642921,-0.000254631042,1
1385,17.009986,0,0,0,0,0.0402112491,-0.0697253719,0.00135128724,-0.248414516,-0.0576984063,-0.0561200976,9.8318119,0.00211774674,0.0015696669,0.00135128724,-0.248642921,-0.000254631042,1
1386,17.019984,0,-0.012551547,0,0,-0.00399905397,-0.0881616622,0.000286022841,-0.248414516,-0.086438641,-0.0177997835,9.82223129,0.00105248217,-0.000560861954,0.000286022841,-0.248642921,-0.000254631042,1
1387,17.029981,0,0.0147665264,0,0,0.00171987852,-0.114320956,0.00135128724,-0.248414516,-0.110388838,-0.0297748819,9.83899689,0.00211774674,-0.000560861954,0.00135128724,-0.248642921,-0.000254631042,1
1388,17.039977,0,-0.0177198313,0,0,0.0285358895,-0.0865308046,-0.00290977047,-0.248414516,-0.0768585652,-0.0489350408,9.75277615,-0.00107804674,0.000504402502,-0.00290977047,-0.248642921,-0.000254631042,1
1389,17.049999,0,-0.00516828429,0,0,0.00525302114,-0.100391954,0.000286022841,-0.248414516,-0.0960187241,-0.0297748819,9.84618187,-1.27822468e-05,-0.000560861954,0.000286022841,-0.248642921,-0.000254631042,1
1390,17.060002,0,0.00885991566,0,0,0.0551822521,-0.108114958,0.00241655181,-0.248414516,-0.0912286863,-0.0800702944,9.79109669,-1.27822468e-05,-0.00162612647,0.00241655181,-0.248642921,-0.000254631042,1
1391,17.069977,0,-0.0140281999,0,0,0.0150939552,-0.110300742,-0.00184450613,-0.248414516,-0.103203781,-0.0417499803,9.87013245,0.00105248217,0.000504402502,-0.00184450613,-0.248642921,-0.000254631042,1
1392,17.080002,0,0.0118132206,0,0,0.00188951823,-0.0649466589,-0.00184450613,-0.248414516,-0.0624884479,-0.0177997835,9.77433109,0.00211774674,0.000504402502,-0.00184450613,-0.248642921,-0.000254631042,1
1393,17.089977,0,-0.0036916316,0,0,0.085599266,-0.0466460772,0.00241655181,-0.248414516,-0.0241681337,-0.0944404155,9.74080086,0.00105248217,-0.00375665538,0.00241655181,-0.248642921,-0.000254631042,1
1394,17.100006,0,-0.011074895,0,0,-0.0167503431,-0.0799855217,0.000286022841,-0.248414516,-0.0816486031,-0.00342966616,9.84618187,-1.27822468e-05,0.000504402502,0.000286022841,-0.248642921,-0.000254631042,1
1395,17.109981,0,0.0147665264,0,0,0.0186949559,-0.0766220242,0.000286022841,-0.248414516,-0.0696735084,-0.0369599424,9.80067635,0.00105248217,0.000504402502,0.000286022841,-0.248642921,-0.000254631042,1
1396,17.119998,0,-0.0140281999,0,0,0.0685902536,-0.0942198783,0.000286022841,-0.248414516,-0.0744635463,-0.0896503702,9.78151608,0.00105248217,0.000504402502,0.000286022841,-0.248642921,-0.000254631042,1
1397,17.129985,0,-0.00959824212,0,0,0.0151618132,-0.0905510187,-0.000779241615,-0.248414516,-0.084043622,-0.0369599424,9.75756645,0.00105248217,0.000504402502,-0.000779241615,-0.248642921,-0.000254631042,1
1398,17.139998,0,0.0103365686,0,0,0.0186949559,-0.0766220242,0.00135128724,-0.248414516,-0.0696735084,-0.0369599424,9.81983662,0.00211774674,-0.000560861954,0.00135128724,-0.248642921,-0.000254631042,1
1399,17.149984,0,-0.012551547,0,0,0.0744449049,-0.080879733,0.000286022841,-0.248414516,-0.0600934289,-0.0920453891,9.78391171,-1.27822468e-05,0.000504402502,0.000286022841,-0.248642921,-0.000254631042,1
1400,17.159997,0,0.0118132206,0,0,0.00136635092,-0.0672668591,-0.000779241615,-0.247437954,-0.0648834705,-0.0177997835,9.81983662,-1.27822468e-05,0.00263493136,-0.000779241615,-0.248642921,-0.000254631042,1
1401,17.170018,0,-0.0081215892,0,0,0.072678335,-0.0878442377,-0.000779241615,-0.248414516,-0.0672784895,-0.0920453891,9.72882557,-1.27822468e-05,0.000504402502,-0.000779241615,-0.248642921,-0.000254631042,1
1402,17.180002,0,-0.00221497891,0,0,0.0604819693,-0.0872214511,-0.000779241615,-0.248414516,-0.0696735084,-0.0800702944,9.84618187,0.00211774674,-0.00269139092,-0.000779241615,-0.248642921,-0.000254631042,1
1403,17.190035,0,0.00590661028,0,0,0.0162716694,-0.105657741,-0.00184450613,-0.248414516,-0.0984137431,-0.0417499803,9.81983662,-0.00107804674,-0.00162612647,-0.00184450613,-0.248642921,-0.000254631042,1
1404,17.199982,0,-0.011074895,0,0,0.0657138303,-0.0860776678,-0.000779241615,-0.248414516,-0.0672784895,-0.0848603323,9.74080086,-0.00107804674,-0.00162612647,-0.000779241615,-0.248642921,-0.000254631042,1
1405,17.209996,0,0.0073832632,0,0,0.0366781056,-0.0836543813,0.00135128724,-0.248414516,-0.0720685273,-0.0561200976,9.81025696,-1.27822468e-05,-0.000560861954,0.00135128724,-0.248642921,-0.000254631042,1
1406,17.219983,0,-0.00959824212,0,0,0.0396563224,-0.0621720105,0.000286022841,-0.248414516,-0.0505133495,-0.0537250787,9.80307102,-1.27822468e-05,-0.00269139092,0.000286022841,-0.248642921,-0.000254631042,1
1407,17.229999,0,0.00295330514,0,0,0.0239762235,-0.0853297189,0.000286022841,-0.247437954,-0.0768585652,-0.0441449992,9.80546665,-1.27822468e-05,0.000504402502,0.000286022841,-0.248642921,-0.000254631042,1
1408,17.239984,0,0.00442995783,0,0,0.00992995221,-0.0916948095,0.00241655181,-0.248414516,-0.086438641,-0.0321699008,9.7791214,0.00105248217,0.00263493136,0.00241655181,-0.248642921,-0.000254631042,1
1409,17.249996,0,-0.011074895,0,0,0.0342548229,-0.112690106,0.00135128724,-0.248414516,-0.100808762,-0.0609101392,9.79828167,0.00105248217,0.0015696669,0.00135128724,-0.248642921,-0.000254631042,1
1410,17.259981,0,0.00885991566,0,0,0.0257273149,-0.058638867,-0.000779241615,-0.248414516,-0.0505133495,-0.0393549614,9.80307102,0.00105248217,0.000504402502,-0.000779241615,-0.248642921,-0.000254631042,1
1411,17.270002,0,-0.012551547,0,0,-0.00625931751,-0.0974538252,0.000286022841,-0.247437954,-0.0960187241,-0.0177997835,9.79349136,0.00105248217,-0.000560861954,0.000286022841,-0.248642921,-0.000254631042,1
1412,17.279976,0,-0.00221497891,0,0,0.0303363875,-0.069691442,0.00348181627,-0.248414516,-0.0600934289,-0.0465400182,9.78630638,-1.27822468e-05,0.00263493136,0.00348181627,-0.248642921,-0.000254631042,1
1413,17.289985,0,0.00442995783,0,0,0.066442661,-0.0442503206,-0.00184450613,-0.248318195,-0.0265631527,-0.0752802566,9.8797121,0.00105248217,0.000504402502,-0.00184450613,-0.248642921,-0.000254631042,1
1414,17.299982,0,-0.00959824212,0,0,0.00816337857,-0.0986593142,-0.000779241615,-0.248414516,-0.119968921,-0.0776752755,9.75996113,-1.27822468e-05,-0.000560861954,-0.000779241615,-0.248642921,-0.000254631042,1
1415,17.309980,0,0.0073832632,0,0,0.0559229665,-0.0859891623,-0.00290977047,-0.247437954,-0.0984137431,-0.0680951998,9.77433109,-1.27822468e-05,0.00263493136,0.000286022841,-0.248642921,-0.000254631042,1
1416,17.319976,0,-0.011074895,0,0,0.0151957376,-0.0806761608,0.00348181627,-0.248414516,-0.0936237052,-0.0537250787,9.81983662,-0.00107804674,0.0015696669,0.00241655181,-0.248642921,-0.000254631042,1
1417,17.329985,0,0.00295330514,0,0,-0.0335897058,-0.0781850144,-0.00184450613,-0.248414516,-0.0648834705,-0.0225898232,9.80067635,0.00211774674,-0.00375665538,-0.000779241615,-0.248642921,-0.000254631042,1
1418,17.339982,0,0.00442995783,0,0,0.0506071113,-0.0871875212,0.00135128724,-0.248414516,-0.084043622,-0.0657001734,9.78151608,-0.00107804674,-0.000560861954,0.000286022841,-0.248642921,-0.000254631042,1
1419,17.349979,0,-0.00959824212,0,0,0.0163734518,-0.0760331601,0.00241655181,-0.248414516,-0.0696735084,-0.0154047646,9.87013245,0.00105248217,-0.000560861954,-0.000779241615,-0.248642921,-0.000254631042,1
1420,17.359976,0,0.0118132206,0,0,0.0216053128,-0.0748893768,0.00241655181,-0.248414516,-0.0672784895,-0.0393549614,9.79828167,0.00105248217,0.000504402502,0.00135128724,-0.248642921,-0.000254631042,1
1421,17.380007,0,0,0,0,0.0303703155,-0.059816584,0.00241655181,-0.248414516,-0.0505133495,-0.0441449992,9.8270216,0.00211774674,-0.00162612647,0.000286022841,-0.248642921,-0.000254631042,1
1422,17.389983,0,0.00590661028,0,0,0.0204954538,-0.059782654,0.00135128724,-0.248414516,-0.0529083684,-0.0345649198,9.78391171,-0.00214331108,0.0015696669,0.00135128724,-0.248642921,-0.000254631042,1
1423,17.399998,0,-0.0081215892,0,0,0.0405757576,-0.136523992,-0.000779241615,-0.248318195,-0.12236394,-0.0728852376,9.81504631,-0.00107804674,-0.00269139092,-0.000779241615,-0.248642921,-0.000254631042,1
1424,17.409983,0,0.00885991566,0,0,0.0581265427,-0.0965074524,0.000286022841,-0.248414516,-0.0792535841,-0.0800702944,9.82462692,0.0031830112,0.000504402502,0.000286022841,-0.248642921,-0.000254631042,1
1425,17.419998,0,-0.012551547,0,0,-0.00877776928,-0.126483396,0.000286022841,-0.248414516,-0.124758959,-0.0225898232,9.78630638,0.00211774674,0.000504402502,0.000286022841,-0.248642921,-0.000254631042,1
1426,17.429983,0,0,0,0,0.00837074593,-0.0394093394,0.00135128724,-0.248318195,-0.0361432321,-0.0177997835,9.87252712,0.00105248217,-0.000560861954,0.00135128724,-0.248642921,-0.000254631042,1
1427,17.439998,0,0.0073832632,0,0,0.0686323121,-0.0843384117,-0.000779241615,-0.248318195,-0.0648834705,-0.0872553512,9.79349136,-1.27822468e-05,-0.000560861954,-0.000779241615,-0.248642921,-0.000254631042,1
1428,17.449982,0,-0.012551547,0,0,0.0181400236,-0.0690686554,0.00241655181,-0.248414516,-0.0624884479,-0.0345649198,9.78870106,0.00105248217,0.000504402502,0.00241655181,-0.248642921,-0.000254631042,1
1429,17.460002,0,0.0118132206,0,0,0.0273669586,-0.0911711678,0.000286022841,-0.248318195,-0.0816486031,-0.0489350408,9.75756645,-1.27822468e-05,0.000504402502,0.000286022841,-0.248642921,-0.000254631042,1
1430,17.469997,0,-0.012551547,0,0,0.0344223715,-0.0929035023,0.000286022841,-0.247341633,-0.0816486031,-0.0561200976,9.7623558,0.00105248217,-0.000560861954,0.000286022841,-0.248642921,-0.000254631042,1
1431,17.479982,0,-0.00221497891,0,0,-0.00506889774,-0.0631805733,-0.000779241615,-0.248318195,-0.0624884479,-0.0106147248,9.77433109,-0.00107804674,0.000504402502,-0.000779241615,-0.248642921,-0.000254631042,1
1432,17.489980,0,0.00590661028,0,0,0.0106205931,-0.0597487241,0.00135128724,-0.248414516,-0.0553033873,-0.0249848422,9.73840618,0.00211774674,-0.000560861954,0.00135128724,-0.248642921,-0.000254631042,1
1433,17.499978,0,-0.00959824212,0,0,0.0558050461,-0.0959185958,-0.00290977047,-0.248414516,-0.0792535841,-0.0776752755,9.81265163,0.00211774674,-0.00269139092,-0.00290977047,-0.248642921,-0.000254631042,1
1434,17.509986,0,0.0103365686,0,0,0.0238928851,-0.0853530914,-0.00184450613,-0.248414516,-0.0768585652,-0.0441449992,9.77193642,-1.27822468e-05,-0.000560861954,-0.00184450613,-0.248642921,-0.000254631042,1
1435,17.519982,0,-0.00959824212,0,0,-0.0462731421,-0.0502591543,0.000286022841,-0.248414516,-0.0600934289,0.032495629,9.83899689,-0.00107804674,0.000504402502,0.000286022841,-0.248642921,-0.000254631042,1
1436,17.529979,0,0,0,0,0.0378115401,-0.128348812,-0.000779241615,-0.247437954,-0.115178876,-0.0680951998,9.78151608,-1.27822468e-05,-0.000560861954,-0.000779241615,-0.248642921,-0.000254631042,1
1437,17.539976,0,0.00590661028,0,0,0.088432014,-0.0942014232,0.00135128724,-0.247437954,-0.0696735084,-0.108810529,9.82941628,-0.00214331108,-0.00375665538,0.00135128724,-0.248642921,-0.000254631042,1
1438,17.549984,0,-0.00959824212,0,0,0.0151773756,-0.120160833,-0.000779241615,-0.247437954,-0.112783857,-0.0441449992,9.75996113,-1.27822468e-05,0.00263493136,-0.000779241615,-0.248642921,-0.000254631042,1
1439,17.559983,0,0.0103365686,0,0,0.00878616609,-0.0864629522,0.00348181627,-0.248414516,-0.0816486031,-0.0297748819,9.83420658,0.00105248217,0.00263493136,0.00348181627,-0.248642921,-0.000254631042,1
1440,17.570004,0,-0.012551547,0,0,0.084874697,-0.0884670243,0.00241655181,-0.248414516,-0.0648834705,-0.104020491,9.75038147,0.00105248217,0.0015696669,0.00241655181,-0.248642921,-0.000254631042,1
1441,17.579979,0,0.00147665257,0,0,0.0233040284,-0.0876745954,-0.000779241615,-0.248414516,-0.0792535841,-0.0441449992,9.77433109,-1.27822468e-05,-0.00162612647,-0.000779241615,-0.248642921,-0.000254631042,1
1442,17.589977,0,0.00442995783,0,0,0.00945718586,-0.0841322541,0.00135128724,-0.247437954,-0.0792535841,-0.0297748819,9.77193642,-0.00107804674,0.000504402502,0.00135128724,-0.248642921,-0.000254631042,1
1443,17.599997,0,-0.012551547,0,0,0.0024105201,-0.0823748782,0.00135128724,-0.248414516,-0.0792535841,-0.0225898232,9.75756645,0.00105248217,-0.000560861954,0.00135128724,-0.248642921,-0.000254631042,1
1444,17.609982,0,0.0118132206,0,0,0.00371271162,-0.0579785518,0.000286022841,-0.247437954,-0.0553033873,-0.0177997835,9.75756645,0.00105248217,-0.000560861954,0.000286022841,-0.248642921,-0.000254631042,1
1445,17.620128,0,-0.011074895,0,0,0.0136165228,-0.0481266379,-0.00184450613,-0.247341633,-0.0433282889,-0.0249848422,9.80307102,0.00105248217,0.000504402502,-0.00184450613,-0.248642921,-0.000254631042,1
1446,17.629976,0,-0.00221497891,0,0,0.0151278833,-0.100425884,0.000286022841,-0.248414516,-0.0936237052,-0.0393549614,9.75038147,0.00211774674,0.000504402502,0.000286022841,-0.248642921,-0.000254631042,1
1447,17.640004,0,0.00590661028,0,0,0.0239762235,-0.0853297189,0.00135128724,-0.247437954,-0.0768585652,-0.0441449992,9.78391171,0.00105248217,-0.00162612647,0.00135128724,-0.248642921,-0.000254631042,1
1448,17.649979,0,-0.012551547,0,0,0.0124144219,-0.0626469851,-0.000779241615,-0.247437954,-0.0576984063,-0.027379863,9.84857655,-1.27822468e-05,-0.000560861954,-0.000779241615,-0.248642921,-0.000254631042,1
1449,17.659998,0,0.0118132206,0,0,-0.00576562714,-0.0951261744,0.000286022841,-0.248414516,-0.0936237052,-0.0177997835,9.81025696,-1.27822468e-05,0.0015696669,0.000286022841,-0.248642921,-0.000254631042,1
1450,17.669983,0,-0.0081215892,0,0,0.0443671793,-0.0436000042,0.000286022841,-0.248414516,-0.0313531905,-0.0537250787,9.80067635,0.00105248217,0.000504402502,0.000286022841,-0.248642921,-0.000254631042,1
1451,17.680002,0,-0.00959824212,0,0,0.013984099,-0.0951940194,-0.000779241615,-0.248414516,-0.0888336599,-0.0369599424,9.76714611,0.00105248217,-0.00162612647,-0.000779241615,-0.248642921,-0.000254631042,1
1452,17.689977,0,0.0103365686,0,0,0.0605159029,-0.0773465931,0.000286022841,-0.248414516,-0.0600934289,-0.0776752755,9.82223129,-0.00107804674,-0.00162612647,0.000286022841,-0.248642921,-0.000254631042,1
1453,17.699997,0,-0.0155048529,0,0,0.0409018919,-0.0377792902,-0.000779241615,-0.248414516,-0.0265631527,-0.0489350408,9.79828167,0.00105248217,0.000504402502,-0.000779241615,-0.248642921,-0.000254631042,1
1454,17.709983,0,0.0103365686,0,0,0.0314801745,-0.0749233067,-0.000779241615,-0.248414516,-0.0648834705,-0.0489350408,9.82941628,0.00105248217,-0.00269139092,-0.000779241615,-0.248642921,-0.000254631042,1
1455,17.720005,0,-0.00221497891,0,0,0.0490101799,-0.0447777174,0.00241655181,-0.248414516,-0.0313531905,-0.0585151166,9.81744194,0.00211774674,-0.000560861954,0.00241655181,-0.248642921,-0.000254631042,1
1456,17.729978,0,-0.00959824212,0,0,-0.00510891201,-0.073054947,0.000286022841,-0.248414516,-0.0720685273,-0.0130097447,9.79109669,-0.00107804674,-0.00162612647,0.000286022841,-0.248642921,-0.000254631042,1
1457,17.739996,0,0.0118132206,0,0,0.0111415945,-0.0771769509,0.000286022841,-0.248414516,-0.0720685273,-0.0297748819,9.81983662,-1.27822468e-05,-0.00269139092,0.000286022841,-0.248642921,-0.000254631042,1
1458,17.749982,0,-0.012551547,0,0,0.0133952405,-0.0975155309,0.00241655181,-0.248414516,-0.0912286863,-0.0369599424,9.76714611,-1.27822468e-05,-0.00162612647,0.00241655181,-0.248642921,-0.000254631042,1
1459,17.760006,0,-0.00221497891,0,0,-0.0179619864,-0.0935176909,0.00135128724,-0.247437954,-0.0792535841,-0.0680951998,9.79109669,0.00211774674,-0.000560861954,0.00135128724,-0.248642921,-0.000254631042,1
1460,17.769982,0,0.0073832632,0,0,0.0145729566,-0.0928725228,0.00135128724,-0.248414516,-0.110388838,-0.0657001734,9.79588604,0.00105248217,-0.00162612647,0.000286022841,-0.248642921,-0.000254631042,1
1461,17.780002,0,-0.0140281999,0,0,0.0401773192,-0.0796002373,0.00135128724,-0.248414516,-0.0744635463,-0.0441449992,9.79349136,-0.00214331108,0.0015696669,0.000286022841,-0.248642921,-0.000254631042,1
1462,17.789978,0,0.0132898735,0,0,0.00979423895,-0.131194249,0.00135128724,-0.248414516,-0.103203781,-0.0561200976,9.81744194,-1.27822468e-05,0.000504402502,0.00135128724,-0.248642921,-0.000254631042,1
1463,17.799998,0,-0.00959824212,0,0,0.0684545487,-0.133719325,0.00135128724,-0.248414516,-0.0912286863,-0.0417499803,9.7791214,0.00105248217,0.0015696669,0.000286022841,-0.248642921,-0.000254631042,1
1464,17.809983,0,-0.00664493674,0,0,0.00816337857,-0.0986593142,0.000286022841,-0.248414516,-0.0385382511,-0.0776752755,9.75517082,0.00211774674,-0.00162612647,0.00135128724,-0.248642921,-0.000254631042,1
1465,17.819981,0,0.0073832632,0,0,0.0053208773,-0.0806422308,-0.000779241615,-0.248414516,-0.0481183305,-0.0201948043,9.80307102,0.00105248217,-0.00162612647,-0.00184450613,-0.248642921,-0.000254631042,1
1466,17.829978,0,-0.012551547,0,0,0.0255576745,-0.108013175,-0.000779241615,-0.248414516,-0.0984137431,-0.0513300598,9.78391171,-0.00214331108,-0.00162612647,0.000286022841,-0.248642921,-0.000254631042,1
1467,17.839985,0,0.0118132206,0,0,-0.0143949157,-0.0706995204,0.00348181627,-0.248414516,-0.0720685273,-0.00342966616,9.80307102,-1.27822468e-05,0.0015696669,0.00348181627,-0.248642921,-0.000254631042,1
1468,17.849983,0,-0.00516828429,0,0,0.0169623084,-0.0737116635,0.00135128724,-0.248414516,-0.0672784895,-0.0345649198,9.84378719,-1.27822468e-05,0.0015696669,0.000286022841,-0.248642921,-0.000254631042,1
1469,17.859980,0,-0.00664493674,0,0,0.0454091765,-0.0784564465,0.00135128724,-0.248414516,-0.0648834705,-0.0633051544,9.8270216,-1.27822468e-05,0.0015696669,0.00135128724,-0.248642921,-0.000254631042,1
1470,17.869976,0,0.0073832632,0,0,0.0309931021,-0.047620222,0.000286022841,-0.248414516,-0.0385382511,-0.0417499803,9.83660221,-1.27822468e-05,-0.000560861954,0.000286022841,-0.248642921,-0.000254631042,1
1471,17.879985,0,-0.012551547,0,0,0.0350971483,-0.0510851853,0.000286022841,-0.247437954,-0.04093327,-0.0465400182,9.77672672,0.00211774674,0.0015696669,0.000286022841,-0.248642921,-0.000254631042,1
1472,17.889982,0,0.0103365686,0,0,0.00660037715,-0.0463746488,0.000286022841,-0.248414516,-0.0433282889,-0.0177997835,9.82462692,-1.27822468e-05,-0.00162612647,0.000286022841,-0.248642921,-0.000254631042,1
1473,17.910005,0,-0.00959824212,0,0,0.062180683,-0.100006662,0.00241655181,-0.248414516,-0.0816486031,-0.0848603323,9.76714611,-1.27822468e-05,-0.000560861954,0.00241655181,-0.248642921,-0.000254631042,1
1474,17.919981,0,0.0118132206,0,0,0.0332402326,-0.0679619834,0.00241655181,-0.248510361,-0.0576984063,-0.0489350408,9.80067635,0.00105248217,0.00263493136,0.00241655181,-0.248642921,-0.000254631042,1
1475,17.930000,0,-0.0177198313,0,0,-0.00413476629,-0.127661109,0.000286022841,-0.248414516,-0.124758959,-0.027379863,9.82223129,0.00211774674,0.00476546027,0.000286022841,-0.248642921,-0.000254631042,1
1476,17.939985,0,-0.00221497891,0,0,-0.044710137,-0.102543816,-0.000779241615,-0.248414516,-0.110388838,0.0181255098,9.76954079,-1.27822468e-05,-0.00162612647,-0.000779241615,-0.248642921,-0.000254631042,1
1477,17.950007,0,0.0118132206,0,0,-0.0190379173,-0.0695218071,-0.000779241615,-0.248414516,-0.0720685273,0.00136037311,9.73361588,-1.27822468e-05,-0.00269139092,-0.000779241615,-0.248642921,-0.000254631042,1
1478,17.960014,0,-0.0140281999,0,0,0.0390332788,-0.103954889,0.000286022841,-0.247437954,-0.0912286863,-0.0633051544,9.84618187,-1.27822468e-05,0.000504402502,0.000286022841,-0.248642921,-0.000254631042,1
1479,17.970002,0,0.0118132206,0,0,0.0204323977,-0.109137051,0.00348181627,-0.247437954,-0.100808762,-0.0465400182,9.79828167,-1.27822468e-05,0.00583072472,0.00348181627,-0.248642921,-0.000254631042,1
1480,17.979999,0,0,0,0,0.0169623084,-0.0737116635,-0.000779241615,-0.248414516,-0.0672784895,-0.0345649198,9.78630638,0.00105248217,0.000504402502,-0.000779241615,-0.248642921,-0.000254631042,1
1481,17.989984,0,-0.00959824212,0,0,-0.000533767394,-0.0939823836,0.00135128724,-0.248414516,-0.0912286863,-0.0225898232,9.79349136,-0.00107804674,-0.000560861954,0.00135128724,-0.248642921,-0.000254631042,1
1482,17.999997,0,0.0118132206,0,0,-0.00576562714,-0.0951261744,0.00135128724,-0.248414516,-0.0936237052,-0.0177997835,9.78870106,-1.27822468e-05,-0.000560861954,0.00135128724,-0.248642921,-0.000254631042,1
1483,18.009982,0,-0.0140281999,0,0,-0.00149374304,-0.0492525622,-0.000779241615,-0.247437954,-0.0481183305,-0.0106147248,9.76714611,-1.27822468e-05,0.0015696669,-0.000779241615,-0.248642921,-0.000254631042,1
1484,18.019980,0,-0.00221497891,0,0,0.0825871229,-0.0780033022,-0.00184450613,-0.248414516,-0.0553033873,-0.0992304534,9.75517082,0.00105248217,0.0015696669,-0.00184450613,-0.248642921,-0.000254631042,1
1485,18.029978,0,0.0103365686,0,0,0.0203153491,-0.109158903,-0.000779241615,-0.248510361,-0.100808762,-0.0465400182,9.82941628,0.0031830112,0.0015696669,-0.000779241615,-0.248642921,-0.000254631042,1
1486,18.039986,0,-0.012551547,0,0,0.0431057736,-0.0975793824,0.000286022841,-0.247533798,-0.084043622,-0.0657001734,9.77672672,0.00105248217,-0.00162612647,0.000286022841,-0.248642921,-0.000254631042,1
1487,18.049984,0,0.0132898735,0,0,0.0267353896,-0.103370175,0.00135128724,-0.248414516,-0.0936237052,-0.0513300598,9.73840618,-1.27822468e-05,-0.000560861954,0.00135128724,-0.248642921,-0.000254631042,1
1488,18.059981,0,-0.00959824212,0,0,0.0245496016,-0.0632818714,0.00348181627,-0.248414516,-0.0553033873,-0.0393549614,9.78391171,0.00105248217,0.000504402502,0.00348181627,-0.248642921,-0.000254631042,1
1489,18.069977,0,-0.0081215892,0,0,0.0366441756,-0.0935292393,0.00241655181,-0.248414516,-0.0816486031,-0.0585151166,9.80786133,-0.00107804674,0.0015696669,0.00241655181,-0.248642921,-0.000254631042,1
1490,18.079986,0,0.0103365686,0,0,0.0233040284,-0.0876745954,0.000286022841,-0.248414516,-0.0792535841,-0.0441449992,9.80546665,-1.27822468e-05,-0.00269139092,0.000286022841,-0.248642921,-0.000254631042,1
1491,18.089984,0,-0.0140281999,0,0,0.0332308896,-0.0975541472,-0.000779241615,-0.247533798,-0.086438641,-0.0561200976,9.80546665,0.00105248217,0.0015696669,-0.000779241615,-0.248642921,-0.000254631042,1
1492,18.099999,0,0.00885991566,0,0,0.0371312425,-0.120832317,0.000286022841,-0.248414516,-0.107993819,-0.0657001734,9.80546665,-1.27822468e-05,0.0015696669,0.000286022841,-0.248642921,-0.000254631042,1
1493,18.109984,0,-0.00516828429,0,0,0.0204809699,-0.0893872753,-0.000779241615,-0.247437954,-0.0816486031,-0.0417499803,9.83660221,0.00211774674,-0.000560861954,-0.000779241615,-0.248642921,-0.000254631042,1
1494,18.120006,0,-0.00959824212,0,0,0.00587580819,-0.0881955922,0.00135128724,-0.248414516,-0.084043622,-0.027379863,9.74559116,-1.27822468e-05,-0.000560861954,0.00135128724,-0.248642921,-0.000254631042,1
1495,18.129980,0,0.00885991566,0,0,0.0353986062,-0.117921963,-0.00184450613,-0.248414516,-0.1055988,-0.0633051544,9.77433109,-0.00107804674,0.0015696669,-0.00184450613,-0.248642921,-0.000254631042,1
1496,18.139996,0,-0.0140281999,0,0,0.0267693195,-0.0934953094,0.000286022841,-0.248414516,-0.084043622,-0.0489350408,9.78630638,-1.27822468e-05,0.000504402502,0.000286022841,-0.248642921,-0.000254631042,1
1497,18.149981,0,0.0103365686,0,0,0.0605159029,-0.0773465931,0.00348181627,-0.248414516,-0.0600934289,-0.0776752755,9.80546665,-0.00107804674,0.0015696669,0.00348181627,-0.248642921,-0.000254631042,1
1498,18.160002,0,0,0,0,0.0610369034,-0.094774805,0.00135128724,-0.248414516,-0.0768585652,-0.0824653134,9.77433109,0.00105248217,0.000504402502,0.00135128724,-0.248642921,-0.000254631042,1
1499,18.169976,0,-0.00959824212,0,0,-0.00567272818,-0.0951317549,0.00135128724,-0.247437954,-0.0936237052,-0.0177997835,9.81265163,-1.27822468e-05,0.000504402502,0.00135128724,-0.248642921,-0.000254631042,1
1500,18.179983,0,0.0103365686,0,0,0.0389656797,-0.0941180959,0.00348181627,-0.248414516,-0.0816486031,-0.0609101392,9.79109669,0.00105248217,-0.00162612647,0.00348181627,-0.248642921,-0.000254631042,1
1501,18.190003,0,-0.0140281999,0,0,0.0152987987,-0.0707863942,0.00348181627,-0.247437954,-0.0648834705,-0.0321699008,9.83660221,0.00105248217,0.0015696669,0.00348181627,-0.248642921,-0.000254631042,1
1502,18.199976,0,0,0,0,0.0273581762,-0.0911738053,-0.000779241615,-0.248414516,-0.0816486031,-0.0489350408,9.75038147,0.00105248217,-0.00162612647,-0.000779241615,-0.248642921,-0.000254631042,1
1503,18.210004,0,0.00590661028,0,0,0.0337429941,-0.0952586308,0.000286022841,-0.248318195,-0.084043622,-0.0561200976,9.80786133,-0.00107804674,-0.000560861954,0.000286022841,-0.248642921,-0.000254631042,1
1504,18.220003,0,-0.011074895,0,0,0.0215465706,-0.094637014,-0.000779241615,-0.248414516,-0.0672784895,-0.0896503702,9.7623558,-1.27822468e-05,0.000504402502,-0.000779241615,-0.248642921,-0.000254631042,1
1505,18.229978,0,0.0073832632,0,0,0.0395545401,-0.0917965919,0.000286022841,-0.248414516,-0.0960187241,-0.0489350408,9.83420658,0.0031830112,0.0015696669,-0.000779241615,-0.248642921,-0.000254631042,1
1506,18.240000,0,-0.011074895,0,0,0.0153653799,-0.0313018598,0.00135128724,-0.248414516,-0.0744635463,-0.0704902187,9.78630638,0.00105248217,-0.00162612647,0.00135128724,-0.248642921,-0.000254631042,1
1507,18.249976,0,0.00147665257,0,0,0.0227059051,-0.129473418,0.000286022841,-0.247437954,-0.0816486031,-0.0728852376,9.8964777,-1.27822468e-05,0.0015696669,0.00135128724,-0.248642921,-0.000254631042,1
1508,18.260005,0,0.00590661028,0,0,0.0164413098,-0.0562834404,0.00348181627,-0.248414516,-0.0744635463,-0.0776752755,9.7791214,-0.00107804674,0.0015696669,0.00241655181,-0.248642921,-0.000254631042,1
1509,18.270042,0,-0.0140281999,0,0,0.0187628102,-0.0568722971,0.000286022841,-0.248414516,-0.0744635463,-0.0249848422,9.75996113,0.00211774674,-0.00375665538,0.000286022841,-0.248642921,-0.000254631042,1
1510,18.279983,0,0.00590661028,0,0,-0.0144288428,-0.0805743784,0.000286022841,-0.248414516,-0.0672784895,-0.00103464653,9.87013245,0.00105248217,0.000504402502,-0.00184450613,-0.248642921,-0.000254631042,1
1511,18.290000,0,-0.00221497891,0,0,0.0349793918,-0.0708691627,0.00241655181,-0.248414516,-0.0600934289,-0.0513300598,9.81025696,0.0031830112,0.0015696669,0.000286022841,-0.248642921,-0.000254631042,1
1512,18.299976,0,-0.00516828429,0,0,0.0287418012,-0.0371284522,0.00135128724,-0.247437954,-0.0289581716,-0.0369599424,9.78630638,-1.27822468e-05,-0.00269139092,0.00135128724,-0.248642921,-0.000254631042,1
1513,18.310001,0,0.00295330514,0,0,0.0644343272,-0.12034525,0.00135128724,-0.248414516,-0.100808762,-0.0920453891,9.81504631,0.00105248217,0.000504402502,0.000286022841,-0.248642921,-0.000254631042,1
1514,18.319976,0,-0.00959824212,0,0,-0.0126389517,-0.0933719799,0.00348181627,-0.247437954,-0.0936237052,-0.0106147248,9.76475143,-1.27822468e-05,0.0015696669,0.00348181627,-0.248642921,-0.000254631042,1
1515,18.330000,0,0.0073832632,0,0,-0.024917556,-0.0927392095,-0.00184450613,-0.248318195,-0.0960187241,0.00136037311,9.7623558,0.00211774674,0.000504402502,-0.00184450613,-0.248642921,-0.000254631042,1
1516,18.339986,0,-0.0081215892,0,0,0.0181588959,-0.0888006836,0.00241655181,-0.247437954,-0.0816486031,-0.0393549614,9.78391171,-1.27822468e-05,0.00370019581,0.00241655181,-0.248642921,-0.000254631042,1
1517,18.349983,0,0.00147665257,0,0,0.0233040284,-0.0876745954,0.00135128724,-0.248414516,-0.0792535841,-0.0441449992,9.74080086,0.00105248217,-0.000560861954,0.00135128724,-0.248642921,-0.000254631042,1
1518,18.359980,0,0.00590661028,0,0,0.0286689438,-0.0667531192,-0.000779241615,-0.247437954,-0.0576984063,-0.0441449992,9.81983662,0.00105248217,-0.00375665538,-0.000779241615,-0.248642921,-0.000254631042,1
1519,18.369977,0,-0.0081215892,0,0,0.0122571206,-0.13177003,-0.00184450613,-0.247341633,-0.124758959,-0.0441449992,9.81265163,-0.00214331108,0.00370019581,-0.00184450613,-0.248642921,-0.000254631042,1
1520,18.379985,0,0.0132898735,0,0,0.0529414453,-0.117349312,0.00135128724,-0.247437954,-0.100808762,-0.0800702944,9.78391171,0.00105248217,-0.000560861954,0.00135128724,-0.248642921,-0.000254631042,1
1521,18.389982,0,-0.011074895,0,0,0.0401773192,-0.0796002373,0.00135128724,-0.248414516,-0.0672784895,-0.0585151166,9.73361588,0.00211774674,0.000504402502,0.00135128724,-0.248642921,-0.000254631042,1
1522,18.399978,0,-0.0036916316,0,0,0.0279809572,-0.0789774507,0.00135128724,-0.248414516,-0.0696735084,-0.0465400182,9.78151608,-0.00320857554,0.0015696669,0.00135128724,-0.248642921,-0.000254631042,1
1523,18.409975,0,0.0073832632,0,0,0.00957861077,-0.0347578041,0.00348181627,-0.247437954,-0.0313531905,-0.0177997835,9.72643089,0.00211774674,0.0015696669,0.00348181627,-0.248642921,-0.000254631042,1
1524,18.419983,0,-0.011074895,0,0,0.0175172426,-0.0812650174,-0.00290977047,-0.248414516,-0.0744635463,-0.0369599424,9.76714611,0.00211774674,-0.00162612647,-0.00290977047,-0.248642921,-0.000254631042,1
1525,18.430098,0,0.0103365686,0,0,0.00596193271,-0.0881898105,0.000286022841,-0.247437954,-0.084043622,-0.027379863,9.80546665,-1.27822468e-05,-0.000560861954,0.000286022841,-0.248642921,-0.000254631042,1
1526,18.439980,0,-0.011074895,0,0,0.0408416204,-0.0772388875,-0.00290977047,-0.247437954,-0.0648834705,-0.0585151166,9.76714611,0.00211774674,-0.00162612647,-0.00290977047,-0.248642921,-0.000254631042,1
1527,18.450004,0,0,0,0,0.00947680697,-0.0545168668,0.00135128724,-0.248414516,-0.0505133495,-0.0225898232,9.67853069,-1.27822468e-05,0.000504402502,0.00135128724,-0.248642921,-0.000254631042,1
1528,18.459979,0,0.00442995783,0,0,0.0291926023,-0.0644595847,0.00135128724,-0.248414516,-0.0553033873,-0.0441449992,9.78630638,-0.00107804674,-0.000560861954,0.00135128724,-0.248642921,-0.000254631042,1
1529,18.470006,0,-0.0081215892,0,0,0.0314873941,-0.0749202743,-0.00184450613,-0.248318195,-0.0648834705,-0.0489350408,9.76954079,-1.27822468e-05,-0.000560861954,-0.00184450613,-0.248642921,-0.000254631042,1
1530,18.479981,0,0.00885991566,0,0,0.0343162753,-0.132406369,0.000286022841,-0.247437954,-0.119968921,-0.0657001734,9.84139156,0.00211774674,0.000504402502,0.000286022841,-0.248642921,-0.000254631042,1
1531,18.490002,0,-0.012551547,0,0,0.0136072719,-0.0481292531,0.00135128724,-0.247533798,-0.0433282889,-0.0249848422,9.78391171,-0.00214331108,0.0015696669,0.00135128724,-0.248642921,-0.000254631042,1
1532,18.499977,0,0.00442995783,0,0,0.0395545401,-0.0917965919,0.000286022841,-0.248414516,-0.0792535841,-0.0609101392,9.80067635,0.00105248217,-0.000560861954,0.000286022841,-0.248642921,-0.000254631042,1
1533,18.510006,0,0.00295330514,0,0,0.0355088934,-0.0882939547,0.000286022841,-0.248318195,-0.0768585652,-0.0561200976,9.77672672,0.00211774674,-0.000560861954,0.000286022841,-0.248642921,-0.000254631042,1
1534,18.519981,0,-0.0081215892,0,0,0.0168605261,-0.103336245,-0.00184450613,-0.248414516,-0.0960187241,-0.0417499803,9.73601055,0.0031830112,-0.000560861954,-0.00184450613,-0.248642921,-0.000254631042,1
1535,18.530001,0,0.00885991566,0,0,0.0408901908,-0.0574891046,0.00241655181,-0.247437954,-0.0457233116,-0.0537250787,9.80307102,0.00105248217,0.0015696669,0.00241655181,-0.248642921,-0.000254631042,1
1536,18.539975,0,-0.0140281999,0,0,0.0350133218,-0.0609942973,0.000286022841,-0.248414516,-0.0505133495,-0.0489350408,9.81744194,0.00211774674,0.000504402502,0.000286022841,-0.248642921,-0.000254631042,1
1537,18.549983,0,-0.00221497891,0,0,0.028693229,-0.0568782315,0.000286022841,-0.247437954,-0.0481183305,-0.0417499803,9.80546665,0.0031830112,0.0015696669,0.000286022841,-0.248642921,-0.000254631042,1
1538,18.559979,0,0.00590661028,0,0,0.0565824173,-0.0540424213,-0.00290977047,-0.247437954,-0.0385382511,-0.0680951998,9.85576153,-0.00107804674,-0.00375665538,-0.00290977047,-0.248642921,-0.000254631042,1
1539,18.569977,0,-0.00959824212,0,0,0.0268032439,-0.0836204514,0.000286022841,-0.248414516,-0.0744635463,-0.0465400182,9.77672672,-1.27822468e-05,-0.000560861954,0.000286022841,-0.248642921,-0.000254631042,1
1540,18.579986,0,0.0103365686,0,0,0.0367445014,-0.093489863,-0.000779241615,-0.247341633,-0.0816486031,-0.0585151166,9.78151608,-0.00107804674,0.000504402502,-0.000779241615,-0.248642921,-0.000254631042,1
1541,18.589985,0,-0.00959824212,0,0,0.0314804688,-0.104517192,0.00135128724,-0.247437954,-0.0936237052,-0.0561200976,9.82223129,0.00105248217,-0.000560861954,0.00135128724,-0.248642921,-0.000254631042,1
1542,18.599983,0,0,0,0,0.0599719509,-0.0894901678,-0.000779241615,-0.247533798,-0.0720685273,-0.0800702944,9.74319553,-1.27822468e-05,-0.000560861954,-0.000779241615,-0.248642921,-0.000254631042,1
1543,18.609981,0,0.00590661028,0,0,0.0359874628,-0.115600459,0.00135128724,-0.248414516,-0.103203781,-0.0633051544,9.84139156,0.00105248217,0.000504402502,0.00135128724,-0.248642921,-0.000254631042,1
1544,18.619978,0,-0.00959824212,0,0,0.0292150751,-0.0841780081,0.00241655181,-0.247341633,-0.0744635463,-0.0489350408,9.78630638,-0.00214331108,0.00263493136,0.00241655181,-0.248642921,-0.000254631042,1
1545,18.630006,0,0.0103365686,0,0,0.0448369607,-0.110354491,0.00135128724,-0.247341633,-0.0960187241,-0.0704902187,9.7791214,-0.00107804674,-0.00269139092,0.00135128724,-0.248642921,-0.000254631042,1
1546,18.639982,0,-0.012551547,0,0,-0.0127640562,-0.103234455,0.00135128724,-0.248414516,-0.103203781,-0.0130097447,9.89408207,0.00211774674,0.000504402502,0.00135128724,-0.248642921,-0.000254631042,1
1547,18.649979,0,-0.00664493674,0,0,0.0664044768,-0.0541315824,-0.000779241615,-0.248414516,-0.0361432321,-0.0776752755,9.77433109,0.00105248217,-0.000560861954,-0.000779241615,-0.248642921,-0.000254631042,1
1548,18.660001,0,0.00885991566,0,0,-0.0197023153,-0.131111771,-0.000779241615,-0.248414516,-0.0720685273,-0.0393549614,9.73601055,-1.27822468e-05,-0.000560861954,-0.000779241615,-0.248642921,-0.000254631042,1
1549,18.669976,0,-0.0140281999,0,0,0.00896773767,-0.0469547696,-0.000779241615,-0.247437954,-0.100808762,-0.0633051544,9.74559116,-1.27822468e-05,-0.00162612647,-0.00184450613,-0.248642921,-0.000254631042,1
1550,18.680004,0,0.00885991566,0,0,0.0151278833,-0.100425884,-0.000779241615,-0.248414516,-0.0696735084,-0.0417499803,9.79109669,0.00105248217,-0.000560861954,0.000286022841,-0.248642921,-0.000254631042,1
1551,18.689978,0,-0.00221497891,0,0,0.00599376112,-0.0783143491,-0.00184450613,-0.247341633,-0.0696735084,-0.0465400182,9.80067635,0.00105248217,0.000504402502,0.000286022841,-0.248642921,-0.000254631042,1
1552,18.699998,0,-0.0081215892,0,0,0.0367911682,-0.0737400874,0.00135128724,-0.247341633,-0.0648834705,-0.027379863,9.79349136,-1.27822468e-05,-0.00162612647,0.000286022841,-0.248642921,-0.000254631042,1
1553,18.709985,0,0.00885991566,0,0,0.00901630614,-0.0272049941,0.00135128724,-0.247437954,-0.0912286863,-0.0561200976,9.77193642,-1.27822468e-05,0.0015696669,0.00135128724,-0.248642921,-0.000254631042,1
1554,18.720005,0,-0.012551547,0,0,0.0417625606,-0.122014031,-0.000779241615,-0.248510361,-0.1055988,-0.0441449992,9.86534214,-0.00107804674,-0.000560861954,-0.00290977047,-0.248642921,-0.000254631042,1
1555,18.729999,0,0.0103365686,0,0,0.0198466256,-0.0818519667,-0.000779241615,-0.248318195,-0.0744635463,-0.0106147248,9.77193642,-1.27822468e-05,0.000504402502,0.000286022841,-0.248642921,-0.000254631042,1
1556,18.739985,0,-0.00221497891,0,0,0.0319699161,-0.141694665,0.00241655181,-0.247437954,-0.129548997,-0.0657001734,9.79588604,0.0031830112,0.000504402502,-0.000779241615,-0.248642921,-0.000254631042,1
1557,18.750001,0,-0.0081215892,0,0,0.0210592151,-0.0870672166,-0.00290977047,-0.247533798,-0.0792535841,-0.0417499803,9.78870106,0.00105248217,0.000504402502,0.00135128724,-0.248642921,-0.000254631042,1
1558,18.759976,0,0.00885991566,0,0,0.0216055773,-0.104492903,0.00241655181,-0.247437954,-0.0960187241,-0.0465400182,9.79588604,-0.00107804674,0.00263493136,-0.000779241615,-0.248642921,-0.000254631042,1
1559,18.769999,0,-0.012551547,0,0,0.0409424007,-0.037735384,0.000286022841,-0.247341633,-0.0265631527,-0.0489350408,9.78151608,0.00105248217,0.000504402502,0.00135128724,-0.248642921,-0.000254631042,1
1560,18.779986,0,0.0103365686,0,0,0.00767313037,-0.100973368,-0.000779241615,-0.247437954,-0.0960187241,-0.0321699008,9.79588604,0.00105248217,-0.00482191984,-0.000779241615,-0.248642921,-0.000254631042,1
1561,18.789999,0,-0.00221497891,0,0,0.0361158773,-0.076104477,0.000286022841,-0.248510361,-0.0648834705,-0.0537250787,9.79828167,0.00211774674,-0.000560861954,0.000286022841,-0.248642921,-0.000254631042,1
1562,18.799984,0,-0.00959824212,0,0,0.055263523,-0.117935903,0.000286022841,-0.247437954,-0.100808762,-0.0824653134,9.76475143,0.00211774674,0.000504402502,0.000286022841,-0.248642921,-0.000254631042,1
1563,18.809998,0,0.0103365686,0,0,0.0135035627,-0.0678896457,-0.000779241615,-0.248318195,-0.0624884479,-0.0297748819,9.77433109,-0.00214331108,0.00263493136,-0.000779241615,-0.248642921,-0.000254631042,1
1564,18.820086,0,-0.012551547,0,0,0.0315141007,-0.0650484413,0.000286022841,-0.248414516,-0.0553033873,-0.0465400182,9.77193642,0.00105248217,0.000504402502,0.000286022841,-0.248642921,-0.000254631042,1
1565,18.829975,0,-0.00959824212,0,0,0.0164908729,-0.0562689342,0.00241655181,-0.247533798,-0.0505133495,-0.0297748819,9.81025696,-1.27822468e-05,0.000504402502,0.00241655181,-0.248642921,-0.000254631042,1
1566,18.839996,0,0.0073832632,0,0,0.0343566053,-0.0830655247,0.000286022841,-0.248414516,-0.0720685273,-0.0537250787,9.81265163,0.00105248217,0.000504402502,0.000286022841,-0.248642921,-0.000254631042,1
1567,18.849981,0,-0.0140281999,0,0,0.0401821733,-0.109185629,-0.000779241615,-0.247437954,-0.0960187241,-0.0657001734,9.80307102,0.00105248217,-0.00162612647,-0.000779241615,-0.248642921,-0.000254631042,1
1568,18.860005,0,0.0132898735,0,0,0.0133952405,-0.0975155309,0.00135128724,-0.248414516,-0.0912286863,-0.0369599424,9.75038147,0.00105248217,-0.00162612647,0.00135128724,-0.248642921,-0.000254631042,1
1569,18.869979,0,-0.011074895,0,0,-0.00503756758,-0.0730599016,0.000286022841,-0.247437954,-0.0720685273,-0.0130097447,9.76954079,0.00211774674,0.00476546027,0.000286022841,-0.248642921,-0.000254631042,1
1570,18.879977,0,-0.00664493674,0,0,0.0336998887,-0.105136745,0.00241655181,-0.248414516,-0.0936237052,-0.0585151166,9.77672672,-1.27822468e-05,0.00263493136,0.00241655181,-0.248642921,-0.000254631042,1
1571,18.889986,0,0.00885991566,0,0,0.0286037438,-0.0667810813,0.00135128724,-0.248414516,-0.0576984063,-0.0441449992,9.80067635,0.00105248217,0.000504402502,0.00135128724,-0.248642921,-0.000254631042,1
1572,18.899983,0,-0.0140281999,0,0,0.0319333188,-0.112101242,0.00241655181,-0.248414516,-0.100808762,-0.0585151166,9.79828167,-0.00214331108,-0.00162612647,0.00241655181,-0.248642921,-0.000254631042,1
1573,18.909981,0,0.0103365686,0,0,0.0233379565,-0.0777997375,-0.00184450613,-0.248414516,-0.0696735084,-0.0417499803,9.79109669,0.0031830112,0.0015696669,-0.00184450613,-0.248642921,-0.000254631042,1
1574,18.919977,0,0,0,0,0.0243799612,-0.112656176,0.00135128724,-0.248414516,-0.103203781,-0.0513300598,9.79588604,0.00211774674,0.000504402502,0.00135128724,-0.248642921,-0.000254631042,1
1575,18.929986,0,-0.0140281999,0,0,0.0292312466,-0.0743059367,0.00135128724,-0.247437954,-0.0648834705,-0.0465400182,9.77193642,-0.00107804674,0.000504402502,0.00135128724,-0.248642921,-0.000254631042,1
1576,18.939983,0,0.0132898735,0,0,0.0431057736,-0.0975793824,0.00135128724,-0.247533798,-0.084043622,-0.0657001734,9.75996113,-0.00107804674,-0.000560861954,0.00135128724,-0.248642921,-0.000254631042,1
1577,18.949980,0,-0.0140281999,0,0,0.0286203753,-0.0865028948,0.00135128724,-0.247437954,-0.0768585652,-0.0489350408,9.8270216,-1.27822468e-05,-0.00162612647,0.00135128724,-0.248642921,-0.000254631042,1
1578,18.959998,0,0.00442995783,0,0,0.069952555,-0.0500091426,-0.000779241615,-0.247437954,-0.0313531905,-0.0800702944,9.79349136,0.00105248217,-0.00162612647,-0.000779241615,-0.248642921,-0.000254631042,1
1579,18.969984,0,0.0073832632,0,0,0.064673245,-0.0709078163,0.00135128724,-0.247437954,-0.0529083684,-0.0800702944,9.79109669,-1.27822468e-05,0.00263493136,0.00135128724,-0.248642921,-0.000254631042,1
1580,18.979997,0,-0.011074895,0,0,0.0320670567,-0.102195121,0.00135128724,-0.247437954,-0.0912286863,-0.0561200976,9.76954079,0.00105248217,0.00263493136,0.00135128724,-0.248642921,-0.000254631042,1
1581,18.989981,0,0.0118132206,0,0,0.0605837591,-0.057596866,0.00135128724,-0.248414516,-0.04093327,-0.0728852376,9.75277615,-1.27822468e-05,0.0015696669,0.00135128724,-0.248642921,-0.000254631042,1
1582,19.000004,0,-0.012551547,0,0,0.0186726302,-0.116103277,0.00135128724,-0.247437954,-0.107993819,-0.0465400182,9.81265163,0.00211774674,0.00263493136,0.00135128724,-0.248642921,-0.000254631042,1
1583,19.009980,0,-0.00516828429,0,0,0.0228196532,-0.0801011622,0.000286022841,-0.247533798,-0.0720685273,-0.0417499803,9.81744194,0.00211774674,-0.00162612647,0.000286022841,-0.248642921,-0.000254631042,1
1584,19.019999,0,0.00885991566,0,0,-0.0189214461,-0.0497905798,-0.000779241615,-0.247437954,-0.0529083684,0.00615041237,9.8270216,-0.00214331108,0.000504402502,-0.000779241615,-0.248642921,-0.000254631042,1
1585,19.029985,0,-0.012551547,0,0,0.0449477509,-0.0609843582,-0.000779241615,-0.247437954,-0.0481183305,-0.0585151166,9.83899689,-0.00107804674,0.000504402502,-0.000779241615,-0.248642921,-0.000254631042,1
1586,19.039998,0,0.0118132206,0,0,0.00126921281,-0.10676641,0.00241655181,-0.247437954,-0.103203781,-0.027379863,9.77433109,0.00105248217,0.00263493136,0.00241655181,-0.248642921,-0.000254631042,1
1587,19.050002,0,-0.0036916316,0,0,0.0489234403,-0.094108969,-0.00290977047,-0.247533798,-0.0792535841,-0.0704902187,9.79109669,-1.27822468e-05,-0.000560861954,-0.00290977047,-0.248642921,-0.000254631042,1
1588,19.059976,0,-0.00959824212,0,0,0.00432358729,-0.04578159,0.000286022841,-0.247437954,-0.0433282889,-0.0154047646,9.86294651,-0.00320857554,0.0015696669,0.000286022841,-0.248642921,-0.000254631042,1
1589,19.069986,0,0.0103365686,0,0,0.0332888104,-0.0778011903,0.00135128724,-0.247437954,-0.0672784895,-0.0513300598,9.80307102,0.00105248217,-0.00269139092,0.00135128724,-0.248642921,-0.000254631042,1
1590,19.079982,0,-0.012551547,0,0,0.0483215861,-0.106301248,-0.00184450613,-0.247437954,-0.0912286863,-0.0728852376,9.79828167,0.00105248217,-0.00375665538,-0.00184450613,-0.248642921,-0.000254631042,1
1591,19.089979,0,0.00590661028,0,0,0.0286376718,-0.056906227,-0.00184450613,-0.248414516,-0.0481183305,-0.0417499803,9.77672672,-1.27822468e-05,-0.00162612647,-0.00184450613,-0.248642921,-0.000254631042,1
1592,19.099975,0,0.00442995783,0,0,0.0240733624,-0.0458301604,0.00135128724,-0.247437954,-0.0385382511,-0.0345649198,9.80546665,0.00211774674,0.00263493136,0.00135128724,-0.248642921,-0.000254631042,1
1593,19.109984,0,-0.012551547,0,0,-0.00330208219,-0.0759685636,0.00135128724,-0.247437954,-0.0744635463,-0.0154047646,9.71685123,-0.00107804674,0.000504402502,0.00135128724,-0.248642921,-0.000254631042,1
1594,19.119980,0,0.0118132206,0,0,0.0198657718,-0.0773184896,0.000286022841,-0.247533798,-0.0576984063,-0.0872553512,9.79588604,-0.00107804674,-0.000560861954,0.000286022841,-0.248642921,-0.000254631042,1
1595,19.129977,0,-0.0081215892,0,0,0.0128943035,-0.0998257101,-0.000779241615,-0.247533798,-0.0720685273,-0.0441449992,9.75277615,-1.27822468e-05,0.0015696669,-0.00184450613,-0.248642921,-0.000254631042,1
1596,19.139976,0,-0.0036916316,0,0,0.0199672338,-0.0620846823,0.000286022841,-0.247437954,-0.0553033873,-0.0417499803,9.79109669,0.00211774674,-0.000560861954,0.00135128724,-0.248642921,-0.000254631042,1
1597,19.149998,0,0.0073832632,0,0,0.0239762235,-0.0853297189,-0.00184450613,-0.247437954,-0.0816486031,-0.0680951998,9.82223129,-0.00107804674,-0.00269139092,0.000286022841,-0.248642921,-0.000254631042,1
1598,19.159983,0,-0.0155048529,0,0,-0.00333459396,-0.0858431309,0.00241655181,-0.247533798,-0.0960187241,-0.0800702944,9.68811035,-0.00214331108,-0.00269139092,0.00135128724,-0.248642921,-0.000254631042,1
1599,19.170000,0,0.0132898735,0,0,0.0623192005,-0.0802020878,0.00135128724,-0.247533798,-0.0457233116,-0.0369599424,9.7791214,0.00211774674,-0.000560861954,0.000286022841,-0.248642921,-0.000254631042,1
1600,19.179985,0,-0.0036916316,0,0,-0.00638841046,-0.107322529,-0.00290977047,-0.248414516,-0.1055988,-0.0417499803,9.79588604,0.00211774674,0.000504402502,-0.00184450613,-0.248642921,-0.000254631042,1
1601,19.189996,0,-0.0081215892,0,0,0.0470739678,-0.101116523,0.000286022841,-0.248414516,-0.086438641,-0.0704902187,9.73840618,0.00211774674,0.000504402502,0.00348181627,-0.248642921,-0.000254631042,1
1602,19.199984,0,0.00885991566,0,0,0.0454129204,-0.108036734,0.000286022841,-0.247437954,-0.0936237052,-0.0704902187,9.81744194,0.00211774674,-0.000560861954,-0.000779241615,-0.248642921,-0.000254631042,1
1603,19.210002,0,-0.011074895,0,0,0.00486160722,-0.0632092953,-0.000779241615,-0.247437954,-0.0600934289,-0.0201948043,9.82462692,-1.27822468e-05,-0.00162612647,-0.000779241615,-0.248642921,-0.000254631042,1
1604,19.219997,0,0.0073832632,0,0,0.0135876015,-0.0580028407,0.000286022841,-0.247437954,-0.0529083684,-0.027379863,9.75038147,0.00105248217,0.000504402502,0.00135128724,-0.248642921,-0.000254631042,1
1605,19.229983,0,0.00147665257,0,0,-0.00273977732,-0.0835213736,0.000286022841,-0.247437954,-0.0816486031,-0.0177997835,9.80786133,0.00211774674,-0.00375665538,0.000286022841,-0.248642921,-0.000254631042,1
1606,19.239999,0,-0.00959824212,0,0,0.0292493589,-0.0644338429,0.00135128724,-0.247533798,-0.0553033873,-0.0441449992,9.81265163,0.00105248217,0.0015696669,0.00135128724,-0.248642921,-0.000254631042,1
1607,19.249984,0,0.0103365686,0,0,0.0378843918,-0.0987241417,-0.000779241615,-0.247437954,-0.086438641,-0.0609101392,9.80307102,-0.00214331108,-0.000560861954,-0.000779241615,-0.248642921,-0.000254631042,1
1608,19.260001,0,-0.011074895,0,0,-0.00391295692,-0.0881655216,0.000286022841,-0.247437954,-0.086438641,-0.0177997835,9.80307102,0.00105248217,-0.000560861954,0.000286022841,-0.248642921,-0.000254631042,1
1609,19.269975,0,0.00590661028,0,0,0.0361901857,-0.0760691762,0.00135128724,-0.247533798,-0.0648834705,-0.0537250787,9.81744194,0.00211774674,-0.000560861954,0.00135128724,-0.248642921,-0.000254631042,1
1610,19.280004,0,0.00147665257,0,0,0.0448823273,-0.0610325262,-0.000779241615,-0.248510361,-0.0481183305,-0.0585151166,9.82223129,0.0031830112,-0.00269139092,-0.000779241615,-0.248642921,-0.000254631042,1
1611,19.290063,0,-0.0081215892,0,0,0.0513031073,-0.0749410912,0.00135128724,-0.247437954,-0.0600934289,-0.0680951998,9.8749218,0.00105248217,-0.000560861954,0.00135128724,-0.248642921,-0.000254631042,1
1612,19.299980,0,0.0073832632,0,0,-0.00347805303,-0.105589889,0.00135128724,-0.248414516,-0.103203781,-0.0225898232,9.7623558,-1.27822468e-05,0.000504402502,0.00135128724,-0.248642921,-0.000254631042,1
1613,19.309977,0,-0.012551547,0,0,0.0472212546,-0.0813207254,0.00135128724,-0.247437954,-0.0672784895,-0.0657001734,9.82223129,0.00105248217,-0.00162612647,0.00135128724,-0.248642921,-0.000254631042,1
1614,19.319998,0,0.0073832632,0,0,0.0559399575,-0.076119639,0.00135128724,-0.247533798,-0.0600934289,-0.0728852376,9.84378719,-0.00214331108,0.000504402502,0.00135128724,-0.248642921,-0.000254631042,1
1615,19.329984,0,0,0,0,-0.021854395,-0.0614009574,-0.00184450613,-0.247437954,-0.0648834705,0.00615041237,9.84139156,0.00105248217,-0.00162612647,-0.00184450613,-0.248642921,-0.000254631042,1
1616,19.340005,0,-0.00664493674,0,0,0.0483701602,-0.0865514651,0.00241655181,-0.247437954,-0.0720685273,-0.0680951998,9.80307102,-1.27822468e-05,0.0015696669,0.00241655181,-0.248642921,-0.000254631042,1
1617,19.349977,0,0.0073832632,0,0,0.0169552434,-0.0737132877,0.00135128724,-0.248510361,-0.0672784895,-0.0345649198,9.79349136,0.00424827542,-0.000560861954,0.00135128724,-0.248642921,-0.000254631042,1
1618,19.360000,0,-0.011074895,0,0,0.030869592,-0.11671415,0.00135128724,-0.247437954,-0.1055988,-0.0585151166,9.86534214,0.00105248217,0.0015696669,0.00135128724,-0.248642921,-0.000254631042,1
1619,19.369975,0,0.0073832632,0,0,0.0262254439,-0.115540974,-0.000779241615,-0.247437954,-0.1055988,-0.0537250787,9.81744194,0.00105248217,0.0015696669,-0.000779241615,-0.248642921,-0.000254631042,1
1620,19.379997,0,-0.00221497891,0,0,0.0274714772,-0.081272155,0.000286022841,-0.247437954,-0.0720685273,-0.0465400182,9.83420658,0.00105248217,-0.000560861954,0.000286022841,-0.248642921,-0.000254631042,1
1621,19.389982,0,-0.0081215892,0,0,0.0396154821,-0.0720506683,0.000286022841,-0.248510361,-0.0600934289,-0.0561200976,9.72882557,0.00105248217,0.000504402502,0.000286022841,-0.248642921,-0.000254631042,1
1622,19.399979,0,0.0073832632,0,0,0.0576499328,-0.0889033526,0.00135128724,-0.247533798,-0.0720685273,-0.0776752755,9.75277615,0.00211774674,0.00583072472,0.00135128724,-0.248642921,-0.000254631042,1
1623,19.409976,0,-0.011074895,0,0,0.00767313037,-0.100973368,0.000286022841,-0.247437954,-0.0960187241,-0.0321699008,9.85336685,-0.00107804674,-0.00269139092,0.000286022841,-0.248642921,-0.000254631042,1
1624,19.419984,0,0.00885991566,0,0,0.0204081181,-0.119011939,0.00241655181,-0.247437954,-0.110388838,-0.0489350408,9.75277615,0.0031830112,-0.00162612647,0.00241655181,-0.248642921,-0.000254631042,1
1625,19.429981,0,-0.0036916316,0,0,0.0767730772,-0.111018248,-0.00184450613,-0.247437954,-0.0888336599,-0.101625472,9.7791214,-1.27822468e-05,-0.00695244875,-0.00184450613,-0.248642921,-0.000254631042,1
1626,19.439978,0,-0.00516828429,0,0,0.00243260479,-0.102122493,0.00241655181,-0.247533798,-0.0984137431,-0.027379863,9.78870106,-1.27822468e-05,0.00263493136,0.00241655181,-0.248642921,-0.000254631042,1
1627,19.449986,0,0.00442995783,0,0,-0.0178535171,-0.0846442729,0.00135128724,-0.247533798,-0.086438641,-0.00342966616,9.85576153,-0.00107804674,-0.00162612647,0.00135128724,-0.248642921,-0.000254631042,1
1628,19.459983,0,-0.00959824212,0,0,0.0315141007,-0.0650484413,0.000286022841,-0.248414516,-0.0553033873,-0.0465400182,9.8270216,-1.27822468e-05,-0.00375665538,0.000286022841,-0.248642921,-0.000254631042,1
1629,19.469979,0,0.00885991566,0,0,0.0129281543,-0.089949578,0.00241655181,-0.247437954,-0.084043622,-0.0345649198,9.77193642,0.00105248217,0.000504402502,0.00241655181,-0.248642921,-0.000254631042,1
1630,19.490000,0,-0.00221497891,0,0,0.00832595862,-0.0690274239,0.00348181627,-0.247533798,-0.0648834705,-0.0249848422,9.78630638,-1.27822468e-05,0.0015696669,0.00348181627,-0.248642921,-0.000254631042,1
1631,19.499975,0,0.00590661028,0,0,0.0577003956,-0.0691535771,0.000286022841,-0.247533798,-0.0529083684,-0.0728852376,9.80546665,0.00211774674,-0.000560861954,0.000286022841,-0.248642921,-0.000254631042,1
1632,19.509996,0,-0.00959824212,0,0,0.00773921749,-0.0516072512,0.00135128724,-0.248510361,-0.0481183305,-0.0201948043,9.72164059,-1.27822468e-05,0.00263493136,0.00135128724,-0.248642921,-0.000254631042,1
1633,19.519982,0,0.0103365686,0,0,0.0303558595,-0.0894115642,-0.000779241615,-0.247437954,-0.0792535841,-0.0513300598,9.82223129,0.0031830112,-0.000560861954,-0.000779241615,-0.248642921,-0.000254631042,1
1634,19.530002,0,-0.011074895,0,0,0.0455586277,-0.0487873964,-0.00184450613,-0.247437954,-0.0361432321,-0.0561200976,9.82462692,-1.27822468e-05,-0.00162612647,-0.00184450613,-0.248642921,-0.000254631042,1
1635,19.540000,0,0,0,0,0.0140679302,-0.0951816663,-0.000779241615,-0.247533798,-0.0888336599,-0.0369599424,9.79109669,-0.00214331108,-0.000560861954,-0.000779241615,-0.248642921,-0.000254631042,1
1636,19.549986,0,0.00590661028,0,0,-0.00565661211,-0.0852563158,-0.000779241615,-0.247533798,-0.084043622,-0.0154047646,9.75038147,0.00105248217,0.000504402502,-0.000779241615,-0.248642921,-0.000254631042,1
1637,19.560005,0,-0.0140281999,0,0,0.0703934357,-0.106936403,0.00135128724,-0.247437954,-0.086438641,-0.0944404155,9.87252712,-1.27822468e-05,0.0015696669,0.00135128724,-0.248642921,-0.000254631042,1
1638,19.569979,0,0.00295330514,0,0,-0.0131769711,-0.0759442747,0.000286022841,-0.247437954,-0.0768585652,-0.00582468603,9.79349136,0.00105248217,0.0015696669,0.000286022841,-0.248642921,-0.000254631042,1
1639,19.580007,0,0.00590661028,0,0,-0.0307811331,-0.106076956,0.00241655181,-0.248414516,-0.0481183305,-0.0537250787,9.84857655,-0.00107804674,0.0015696669,0.000286022841,-0.248642921,-0.000254631042,1
1640,19.589982,0,-0.011074895,0,0,0.0198458079,-0.111459129,0.000286022841,-0.247437954,-0.0576984063,-0.0752802566,9.83420658,0.00105248217,-0.00162612647,-0.000779241615,-0.248642921,-0.000254631042,1
1641,19.599978,0,0.0118132206,0,0,0.0187454857,-0.0864786133,0.000286022841,-0.247437954,-0.0481183305,-0.0657001734,9.7623558,0.00211774674,-0.000560861954,0.000286022841,-0.248642921,-0.000254631042,1
1642,19.609986,0,-0.011074895,0,0,0.0373463668,-0.0812964439,0.000286022841,-0.247437954,-0.1055988,-0.0728852376,9.73361588,0.00105248217,-0.00482191984,0.000286022841,-0.248642921,-0.000254631042,1
1643,19.619983,0,0,0,0,-0.00524462434,-0.112554386,0.00135128724,-0.248414516,-0.0600934289,-0.0465400182,9.82941628,0.00105248217,0.000504402502,0.00135128724,-0.248642921,-0.000254631042,1
1644,19.629980,0,0.00590661028,0,0,0.0152745135,-0.0806612819,0.000286022841,-0.247437954,-0.0505133495,-0.0680951998,9.83660221,-0.00107804674,0.00263493136,0.000286022841,-0.248642921,-0.000254631042,1
1645,19.639979,0,-0.00959824212,0,0,-0.0020986977,-0.0614497289,-0.00184450613,-0.247341633,-0.0600934289,-0.0130097447,9.78630638,-1.27822468e-05,-0.000560861954,-0.000779241615,-0.248642921,-0.000254631042,1
1646,19.649977,0,0.0103365686,0,0,0.0396441594,-0.0917579234,0.00348181627,-0.247437954,-0.0792535841,-0.0609101392,9.8270216,0.00105248217,-0.00162612647,0.000286022841,-0.248642921,-0.000254631042,1
1647,19.659985,0,-0.00959824212,0,0,0.099471502,-0.0895910934,0.00135128724,-0.247533798,-0.0624884479,-0.118390612,9.8797121,0.00211774674,0.00263493136,0.00241655181,-0.248642921,-0.000254631042,1
1648,19.669981,0,0,0,0,0.0257117078,-0.0882383808,0.000286022841,-0.247437954,-0.0792535841,-0.0465400182,9.75277615,-0.00107804674,0.0015696669,-0.000779241615,-0.248642921,-0.000254631042,1
1649,19.680003,0,0.00590661028,0,0,0.0710834339,-0.0651079267,0.00135128724,-0.247341633,-0.0457233116,-0.0848603323,9.77672672,0.00105248217,0.000504402502,0.00135128724,-0.248642921,-0.000254631042,1
1650,19.689976,0,-0.011074895,0,0,-0.0253496505,-0.0654585138,0.000286022841,-0.247437954,-0.0696735084,0.00854543224,9.8270216,0.00211774674,0.000504402502,0.000286022841,-0.248642921,-0.000254631042,1
1651,19.700067,0,0.0103365686,0,0,0.0365654565,-0.113282464,0.000286022841,-0.248510361,-0.100808762,-0.0633051544,9.83899689,-1.27822468e-05,0.0015696669,0.000286022841,-0.248642921,-0.000254631042,1
1652,19.709985,0,-0.012551547,0,0,0.0385681167,-0.0569025166,-0.000779241615,-0.247437954,-0.0457233116,-0.0513300598,9.79588604,-1.27822468e-05,0.000504402502,-0.000779241615,-0.248642921,-0.000254631042,1
1653,19.720006,0,-0.00221497891,0,0,0.00834902655,-0.0887703076,0.00135128724,-0.246705532,-0.084043622,-0.0297748819,9.79588604,0.00105248217,-0.00162612647,0.00135128724,-0.248642921,-0.000254631042,1
1654,19.729981,0,0.00885991566,0,0,0.0128403092,-0.0899621621,0.00135128724,-0.248414516,-0.084043622,-0.0345649198,9.7312212,0.00105248217,0.0015696669,0.00135128724,-0.248642921,-0.000254631042,1
1655,19.739979,0,-0.0155048529,0,0,0.045388639,-0.117911622,-0.000779241615,-0.247437954,-0.103203781,-0.0728852376,9.77193642,0.00211774674,-0.00269139092,-0.000779241615,-0.248642921,-0.000254631042,1
1656,19.749999,0,0.0118132206,0,0,0.0657249987,-0.115638115,0.000286022841,-0.247437954,-0.0960187241,-0.0920453891,9.85815716,-1.27822468e-05,0.000504402502,0.000286022841,-0.248642921,-0.000254631042,1
1657,19.760001,0,-0.0036916316,0,0,0.0495433398,-0.081907317,0.000286022841,-0.247437954,-0.0672784895,-0.0680951998,9.83899689,0.00211774674,-0.00269139092,0.000286022841,-0.248642921,-0.000254631042,1
1658,19.769975,0,-0.00664493674,0,0,0.0343288183,-0.122534767,0.000286022841,-0.247533798,-0.110388838,-0.0633051544,9.80546665,0.00105248217,-0.000560861954,0.000286022841,-0.248642921,-0.000254631042,1
1659,19.779999,0,0.00885991566,0,0,0.0164234117,-0.0858920217,0.000286022841,-0.247437954,-0.0792535841,-0.0369599424,9.81983662,-1.27822468e-05,0.0015696669,0.000286022841,-0.248642921,-0.000254631042,1
1660,19.789985,0,-0.011074895,0,0,0.0547585227,-0.0906280354,0.00135128724,-0.247341633,-0.0744635463,-0.0752802566,9.76714611,0.00105248217,0.00263493136,0.00135128724,-0.248642921,-0.000254631042,1
1661,19.799996,0,0.00885991566,0,0,0.00420216145,-0.0951560363,0.00135128724,-0.247437954,-0.0912286863,-0.027379863,9.85815716,0.00105248217,0.00263493136,0.00135128724,-0.248642921,-0.000254631042,1
1662,19.809983,0,0.00295330514,0,0,0.0291736666,-0.0940585062,0.00454708049,-0.247533798,-0.084043622,-0.0513300598,9.74319553,0.00105248217,-0.000560861954,0.00454708049,-0.248642921,-0.000254631042,1
1663,19.819979,0,-0.00959824212,0,0,0.04132111,-0.0848320946,0.00135128724,-0.248414516,-0.0720685273,-0.0609101392,9.77433109,-1.27822468e-05,-0.00269139092,0.00135128724,-0.248642921,-0.000254631042,1
1664,19.830003,0,0.0103365686,0,0,0.0367597789,-0.0836185142,-0.00290977047,-0.247437954,-0.0720685273,-0.0561200976,9.81504631,-1.27822468e-05,-0.000560861954,-0.00290977047,-0.248642921,-0.000254631042,1
1665,19.840001,0,-0.012551547,0,0,0.0344377048,-0.08303193,0.00135128724,-0.247437954,-0.0720685273,-0.0537250787,9.81983662,-1.27822468e-05,-0.00269139092,0.00135128724,-0.248642921,-0.000254631042,1
1666,19.849975,0,0.0073832632,0,0,0.0373220816,-0.0911713317,0.00135128724,-0.247437954,-0.0792535841,-0.0585151166,9.76714611,0.00424827542,0.0015696669,0.00135128724,-0.248642921,-0.000254631042,1
1667,19.859996,0,0.00295330514,0,0,0.0152502321,-0.0905361697,0.00135128724,-0.247437954,-0.084043622,-0.0369599424,9.83420658,0.00105248217,-0.000560861954,0.00135128724,-0.248642921,-0.000254631042,1
1668,19.869997,0,-0.0081215892,0,0,0.000755477988,-0.0794638172,0.000286022841,-0.247437954,-0.0768585652,-0.0201948043,9.79588604,-1.27822468e-05,-0.00375665538,0.000286022841,-0.248642921,-0.000254631042,1
1669,19.879983,0,0.0103365686,0,0,0.0320184901,-0.121944889,0.00348181627,-0.247437954,-0.110388838,-0.0609101392,9.7623558,0.00211774674,0.0015696669,0.00348181627,-0.248642921,-0.000254631042,1
1670,19.889998,0,-0.012551547,0,0,0.0471882336,-0.0912001356,0.00241655181,-0.247533798,-0.0768585652,-0.0680951998,9.82462692,0.00211774674,0.000504402502,0.00241655181,-0.248642921,-0.000254631042,1
1671,19.899984,0,0.0073832632,0,0,0.0246113855,-0.0632578656,0.000286022841,-0.247437954,-0.0553033873,-0.0393549614,9.80307102,0.00105248217,0.000504402502,0.000286022841,-0.248642921,-0.000254631042,1
1672,19.909979,0,0.00147665257,0,0,0.038005814,-0.0493496992,-0.00184450613,-0.247437954,-0.0385382511,-0.0489350408,9.76475143,0.00211774674,-0.00269139092,-0.00184450613,-0.248642921,-0.000254631042,1
1673,19.920005,0,-0.0081215892,0,0,0.0326779336,-0.0899981484,0.00241655181,-0.247437954,-0.0792535841,-0.0537250787,9.75038147,-1.27822468e-05,0.000504402502,0.00241655181,-0.248642921,-0.000254631042,1
1674,19.929980,0,0.00885991566,0,0,0.0111926701,-0.0870409161,-0.00184450613,-0.247437954,-0.0816486031,-0.0321699008,9.80307102,0.0031830112,0.000504402502,-0.00184450613,-0.248642921,-0.000254631042,1
1675,19.939976,0,-0.0140281999,0,0,0.0298421234,-0.0621089675,0.00135128724,-0.247437954,-0.0529083684,-0.0441449992,9.81025696,0.0031830112,0.0015696669,0.00135128724,-0.248642921,-0.000254631042,1
1676,19.949985,0,0.00295330514,0,0,0.0245142449,-0.102757424,0.00135128724,-0.247437954,-0.0936237052,-0.0489350408,9.77193642,0.00105248217,0.00370019581,0.00135128724,-0.248642921,-0.000254631042,1
1677,19.959983,0,0.00590661028,0,0,0.040230751,-0.0894358456,0.00135128724,-0.247437954,-0.0768585652,-0.0609101392,9.7623558,-0.00214331108,0.00263493136,0.00135128724,-0.248642921,-0.000254631042,1
1678,19.969979,0,-0.011074895,0,0,0.0495190509,-0.0917822048,0.00348181627,-0.247437954,-0.0768585652,-0.0704902187,9.80546665,-0.00107804674,0.00370019581,0.00348181627,-0.248642921,-0.000254631042,1
1679,19.979976,0,0.0103365686,0,0,0.0657492802,-0.105763219,-0.000779241615,-0.247437954,-0.086438641,-0.0896503702,9.8270216,0.00105248217,0.000504402502,-0.000779241615,-0.248642921,-0.000254631042,1
1680,19.989985,0,-0.012551547,0,0,0.039692726,-0.0720081404,0.00241655181,-0.247437954,-0.0600934289,-0.0561200976,9.86773682,0.00105248217,-0.000560861954,0.00241655181,-0.248642921,-0.000254631042,1
1681,19.999982,0,-0.00221497891,0,0,0.050032787,-0.119084798,0.00241655181,-0.247437954,-0.103203781,-0.0776752755,9.80067635,-0.00107804674,0.000504402502,0.00241655181,-0.248642921,-0.000254631042,1
1682,20.009979,0,0.00590661028,0,0,0.0380248949,-0.0591967553,0.000286022841,-0.246705532,-0.0481183305,-0.0513300598,9.79109669,0.00211774674,-0.00162612647,0.000286022841,-0.248642921,-0.000254631042,1
1683,20.029998,0,0.00885991566,0,0,0.00953585654,-0.0742504001,0.000286022841,-0.247437954,-0.110388838,-0.0345649198,9.80786133,0.00105248217,0.00263493136,0.000286022841,-0.248642921,-0.000254631042,1
1684,20.039984,0,0.00147665257,0,0,0.0147587471,-0.0730990916,0.00135128724,-0.246801376,-0.0912286863,-0.0585151166,9.77193642,-1.27822468e-05,0.0015696669,0.000286022841,-0.248642921,-0.000254631042,1
1685,20.050002,0,-0.00959824212,0,0,0.0153230857,-0.0609115027,0.00135128724,-0.247437954,-0.0648834705,-0.0417499803,9.84139156,0.0031830112,-0.000560861954,0.00135128724,-0.248642921,-0.000254631042,1
1686,20.059977,0,0.0103365686,0,0,0.0285960902,-0.0963777825,0.000286022841,-0.247437954,-0.0720685273,-0.0513300598,9.86534214,-0.00107804674,-0.00162612647,-0.000779241615,-0.248642921,-0.000254631042,1
1687,20.070002,0,-0.00664493674,0,0,-0.001525876,-0.0887532532,0.00135128724,-0.246705532,-0.086438641,-0.0441449992,9.81504631,0.00211774674,0.0015696669,0.00135128724,-0.248642921,-0.000254631042,1
1688,20.079976,0,-0.00664493674,0,0,0.0261386782,-0.145168141,-0.000779241615,-0.247533798,-0.1055988,-0.0489350408,9.7623558,0.00105248217,-0.00162612647,0.00135128724,-0.248642921,-0.000254631042,1
1689,20.089985,0,0.00885991566,0,0,0.0240185093,-0.0655822381,0.000286022841,-0.247533798,-0.0576984063,-0.0513300598,9.83899689,0.00105248217,-0.00162612647,-0.000779241615,-0.248642921,-0.000254631042,1
1690,20.100000,0,-0.0140281999,0,0,0.0309910178,-0.0673397034,0.000286022841,-0.247437954,-0.0576984063,-0.0465400182,9.74798584,0.00211774674,0.00263493136,0.000286022841,-0.248642921,-0.000254631042,1
1691,20.110006,0,0.00885991566,0,0,0.0339482538,-0.0458544455,-0.000779241615,-0.247437954,-0.0361432321,-0.0441449992,9.82941628,-0.00107804674,-0.000560861954,-0.00184450613,-0.248642921,-0.000254631042,1
1692,20.119981,0,0.00147665257,0,0,0.0472941101,-0.0516960584,0.000286022841,-0.247437954,-0.0385382511,-0.0585151166,9.87731743,-1.27822468e-05,0.000504402502,-0.000779241615,-0.248642921,-0.000254631042,1
1693,20.129979,0,-0.011074895,0,0,-0.00215318776,-0.0811993033,0.00241655181,-0.247437954,-0.0792535841,-0.0177997835,9.81265163,-0.00214331108,0.0015696669,0.00241655181,-0.248642921,-0.000254631042,1
1694,20.139976,0,0.0118132206,0,0,0.00707664108,-0.103296116,0.00135128724,-0.247533798,-0.0984137431,-0.0321699008,9.84378719,0.00105248217,0.0015696669,0.00135128724,-0.248642921,-0.000254631042,1
1695,20.149984,0,-0.0140281999,0,0,0.000287206843,-0.0324114747,-0.000779241615,-0.247533798,-0.0313531905,-0.00821970589,9.75517082,0.00105248217,-0.000560861954,-0.000779241615,-0.248642921,-0.000254631042,1
1696,20.159981,0,0.00295330514,0,0,0.00192865753,-0.0748196691,0.000286022841,-0.247437954,-0.0720685273,-0.0201948043,9.72882557,0.00424827542,-0.000560861954,0.000286022841,-0.248642921,-0.000254631042,1
1697,20.169979,0,0.0073832632,0,0,0.0304044262,-0.0696617812,0.00135128724,-0.247437954,-0.0600934289,-0.0465400182,9.77672672,0.00211774674,-0.000560861954,0.00135128724,-0.248642921,-0.000254631042,1
1698,20.179976,0,-0.011074895,0,0,0.0187940523,-0.0667288303,0.00348181627,-0.247437954,-0.0600934289,-0.0345649198,9.76954079,0.00105248217,0.0015696669,0.00348181627,-0.248642921,-0.000254631042,1
1699,20.189984,0,0.0118132206,0,0,0.033943858,-0.0458576977,0.000286022841,-0.247533798,-0.0361432321,-0.0441449992,9.76954079,-1.27822468e-05,-0.00162612647,0.000286022841,-0.248642921,-0.000254631042,1
1700,20.199981,0,-0.011074895,0,0,0.0815246254,-0.0923897773,0.000286022841,-0.246801376,-0.0696735084,-0.101625472,9.7791214,0.00105248217,-0.00162612647,0.000286022841,-0.248642921,-0.000254631042,1
1701,20.210006,0,-0.00221497891,0,0,0.0316261798,-0.0452678576,0.000286022841,-0.247437954,-0.0361432321,-0.0417499803,9.81983662,0.00105248217,0.00263493136,0.000286022841,-0.248642921,-0.000254631042,1
1702,20.219983,0,0.0073832632,0,0,0.011168384,-0.0969158113,0.000286022841,-0.247437954,-0.0912286863,-0.0345649198,9.78391171,-1.27822468e-05,0.000504402502,0.000286022841,-0.248642921,-0.000254631042,1
1703,20.230002,0,-0.011074895,0,0,0.0274471957,-0.0911470428,0.00241655181,-0.247437954,-0.0816486031,-0.0489350408,9.70487595,-1.27822468e-05,0.000504402502,0.00241655181,-0.248642921,-0.000254631042,1
1704,20.240002,0,0.0103365686,0,0,0.0825296268,-0.127304971,-0.00184450613,-0.247533798,-0.103203781,-0.111205548,9.84378719,-0.00107804674,0.000504402502,-0.00184450613,-0.248642921,-0.000254631042,1
1705,20.249977,0,-0.00959824212,0,0,0.0495351031,-0.121370621,0.000286022841,-0.246705532,-0.1055988,-0.0776752755,9.81025696,0.00105248217,0.0015696669,0.000286022841,-0.248642921,-0.000254631042,1
1706,20.259996,0,0,0,0,0.0298178364,-0.0719838589,0.00135128724,-0.247437954,-0.0624884479,-0.0465400182,9.86773682,-1.27822468e-05,0.0015696669,0.00135128724,-0.248642921,-0.000254631042,1
1707,20.269982,0,0.00442995783,0,0,0.0198943801,-0.0917093456,0.00241655181,-0.247437954,-0.084043622,-0.0417499803,9.8270216,-1.27822468e-05,0.000504402502,0.00241655181,-0.248642921,-0.000254631042,1
1708,20.280006,0,-0.00959824212,0,0,-0.00562415691,-0.0753819719,0.00135128724,-0.247437954,-0.0744635463,-0.0130097447,9.84618187,0.00105248217,0.000504402502,0.00135128724,-0.248642921,-0.000254631042,1
1709,20.289980,0,0.00885991566,0,0,0.0263271146,-0.105646834,-0.00184450613,-0.246705532,-0.0960187241,-0.0513300598,9.82941628,0.00105248217,-0.00375665538,-0.00184450613,-0.248642921,-0.000254631042,1
1710,20.300005,0,-0.00959824212,0,0,0.0234197248,-0.107384443,-0.00290977047,-0.246705532,-0.0984137431,-0.0489350408,9.85097218,-1.27822468e-05,0.0015696669,-0.00290977047,-0.248642921,-0.000254631042,1
1711,20.309981,0,-0.00221497891,0,0,-0.0113985809,-0.0591020733,0.000286022841,-0.247533798,-0.0600934289,-0.00342966616,9.78391171,0.00211774674,0.00263493136,0.000286022841,-0.248642921,-0.000254631042,1
1712,20.319996,0,0.00442995783,0,0,0.025125118,-0.0905604511,0.00135128724,-0.247437954,-0.0816486031,-0.0465400182,9.82462692,-1.27822468e-05,-0.00162612647,0.00135128724,-0.248642921,-0.000254631042,1
1713,20.329983,0,-0.00664493674,0,0,0.0205295403,-0.0696374997,-0.00184450613,-0.247437954,-0.0624884479,-0.0369599424,9.75517082,-0.00107804674,-0.00162612647,-0.00184450613,-0.248642921,-0.000254631042,1
1714,20.340003,0,0.0073832632,0,0,-0.00797051657,-0.084670268,0.000286022841,-0.247437954,-0.084043622,-0.0130097447,9.88210678,-1.27822468e-05,-0.000560861954,0.000286022841,-0.248642921,-0.000254631042,1
1715,20.349977,0,-0.00959824212,0,0,0.0146799702,-0.0829847604,0.00135128724,-0.247533798,-0.0768585652,-0.0345649198,9.74080086,-1.27822468e-05,-0.00375665538,0.00135128724,-0.248642921,-0.000254631042,1
1716,20.359997,0,0.00295330514,0,0,0.0240557697,-0.0754372329,0.00241655181,-0.246705532,-0.0672784895,-0.0417499803,9.74559116,-1.27822468e-05,0.000504402502,0.00241655181,-0.248642921,-0.000254631042,1
1717,20.370007,0,0.00442995783,0,0,0.0234139189,-0.0777769014,-0.00184450613,-0.247437954,-0.0696735084,-0.0417499803,9.81983662,-1.27822468e-05,0.000504402502,-0.00184450613,-0.248642921,-0.000254631042,1
1718,20.379982,0,-0.00664493674,0,0,-0.00735964254,-0.0724733099,-0.000779241615,-0.247437954,-0.0720685273,-0.0106147248,9.7144556,-0.00107804674,-0.00162612647,-0.000779241615,-0.248642921,-0.000254631042,1
1719,20.390006,0,0.00885991566,0,0,0.00251524732,-0.0724975988,0.00135128724,-0.247437954,-0.0696735084,-0.0201948043,9.80546665,0.00211774674,-0.00162612647,0.00135128724,-0.248642921,-0.000254631042,1
1720,20.399980,0,-0.012551547,0,0,0.0351175033,-0.0609343685,-0.000779241615,-0.246705532,-0.0505133495,-0.0489350408,9.77672672,-1.27822468e-05,-0.00162612647,-0.000779241615,-0.248642921,-0.000254631042,1
1721,20.409999,0,0.00442995783,0,0,0.0628649071,-0.0976238176,-0.000779241615,-0.247437954,-0.0792535841,-0.0848603323,9.81265163,-0.00107804674,0.0015696669,-0.000779241615,-0.248642921,-0.000254631042,1
1722,20.419986,0,0,0,0,0.0251164399,-0.0905628651,-0.000779241615,-0.247533798,-0.0816486031,-0.0465400182,9.8797121,-1.27822468e-05,0.000504402502,-0.000779241615,-0.248642921,-0.000254631042,1
1723,20.429997,0,-0.00664493674,0,0,-0.00675454363,-0.0602756999,0.000286022841,-0.247533798,-0.0600934289,-0.00821970589,9.74080086,0.00105248217,-0.00269139092,0.000286022841,-0.248642921,-0.000254631042,1
1724,20.439982,0,0.0073832632,0,0,-0.00508613838,-0.0928096771,-0.000779241615,-0.247437954,-0.0912286863,-0.0177997835,9.7791214,-1.27822468e-05,-0.000560861954,-0.000779241615,-0.248642921,-0.000254631042,1
1725,20.449997,0,-0.012551547,0,0,0.0199915189,-0.0522097982,0.00454708049,-0.247437954,-0.0457233116,-0.0321699008,9.78391171,0.00105248217,-0.000560861954,0.00454708049,-0.248642921,-0.000254631042,1
1726,20.459982,0,0.0073832632,0,0,0.0402221754,-0.0894396976,-0.000779241615,-0.247533798,-0.0768585652,-0.0609101392,9.79828167,-0.00107804674,-0.00162612647,-0.000779241615,-0.248642921,-0.000254631042,1
1727,20.469979,0,0.00590661028,0,0,0.0275393855,-0.0516501293,-0.000779241615,-0.247533798,-0.0433282889,-0.0393549614,9.79349136,0.00211774674,-0.00269139092,-0.000779241615,-0.248642921,-0.000254631042,1
1728,20.479975,0,-0.0081215892,0,0,-0.00273977732,-0.0626469851,0.00241655181,-0.247437954,-0.0576984063,-0.027379863,9.76954079,0.00105248217,-0.00269139092,0.00241655181,-0.248642921,-0.000254631042,1
1729,20.489983,0,0.00885991566,0,0,0.080879204,-0.094763726,0.000286022841,-0.247437954,-0.0960187241,-0.0609101392,9.86294651,0.00105248217,0.000504402502,0.000286022841,-0.248642921,-0.000254631042,1
1730,20.499980,0,-0.011074895,0,0,-0.00799480174,-0.0945451632,0.000286022841,-0.247437954,-0.084043622,-0.00821970589,9.78630638,0.00105248217,0.0015696669,0.00135128724,-0.248642921,-0.000254631042,1
1731,20.509977,0,0.00442995783,0,0,0.0302968249,-0.109164245,0.00241655181,-0.247533798,-0.0553033873,-0.0417499803,9.79828167,-1.27822468e-05,-0.00162612647,0.000286022841,-0.248642921,-0.000254631042,1
1732,20.519984,0,0.00147665257,0,0,0.0245870985,-0.0731327534,0.00241655181,-0.247437954,-0.0648834705,-0.0680951998,9.75517082,0.0031830112,0.0015696669,0.00135128724,-0.248642921,-0.000254631042,1
1733,20.529982,0,-0.00664493674,0,0,-0.0212920904,-0.0689537674,0.000286022841,-0.247437954,-0.0696735084,-0.0513300598,9.76475143,0.00211774674,-0.00162612647,0.00241655181,-0.248642921,-0.000254631042,1
1734,20.539979,0,0.0073832632,0,0,0.0495102517,-0.0917869508,-0.000779241615,-0.247533798,-0.0768585652,-0.0657001734,9.78870106,-1.27822468e-05,-0.00162612647,0.00135128724,-0.248642921,-0.000254631042,1
1735,20.550006,0,-0.011074895,0,0,0.0466771126,-0.063897498,0.00348181627,-0.247533798,-0.0936237052,-0.0585151166,9.83660221,0.00211774674,-0.00162612647,0.00454708049,-0.248642921,-0.000254631042,1
1736,20.559981,0,0.00590661028,0,0,0.00134206773,-0.0771417469,0.000286022841,-0.247437954,-0.0744635463,-0.0201948043,9.80067635,-0.00320857554,-0.000560861954,-0.000779241615,-0.248642921,-0.000254631042,1
1737,20.569999,0,0,0,0,0.0431151241,-0.0975752473,0.00135128724,-0.247437954,-0.084043622,-0.0657001734,9.75996113,-0.00107804674,-0.000560861954,0.00241655181,-0.248642921,-0.000254631042,1
1738,20.579986,0,-0.00516828429,0,0,0.0494093262,-0.131286487,0.00135128724,-0.247533798,-0.115178876,-0.0800702944,9.80067635,-1.27822468e-05,-0.000560861954,0.00135128724,-0.248642921,-0.000254631042,1
1739,20.590003,0,0.0073832632,0,0,0.0418816917,-0.121973187,0.000286022841,-0.247533798,-0.107993819,-0.0704902187,9.77193642,0.00105248217,0.0015696669,0.00241655181,-0.248642921,-0.000254631042,1
1740,20.599977,0,-0.011074895,0,0,0.0826305524,-0.0878054202,-0.000779241615,-0.247533798,-0.0648834705,-0.101625472,9.77193642,-1.27822468e-05,-0.000560861954,-0.000779241615,-0.248642921,-0.000254631042,1
1741,20.610006,0,0.00442995783,0,0,0.0303801447,-0.0795366764,0.00135128724,-0.247437954,-0.0696735084,-0.0489350408,9.78151608,-1.27822468e-05,0.0015696669,0.00135128724,-0.248642921,-0.000254631042,1
1742,20.620001,0,0.00442995783,0,0,0.00474018138,-0.112583734,0.00135128724,-0.247437954,-0.107993819,-0.0321699008,9.82941628,0.00211774674,0.00263493136,0.00135128724,-0.248642921,-0.000254631042,1
1743,20.629976,0,-0.0081215892,0,0,0.00190437248,-0.0846945569,0.00241655181,-0.247437954,-0.0816486031,-0.0225898232,9.80067635,-1.27822468e-05,-0.00162612647,0.00241655181,-0.248642921,-0.000254631042,1
1744,20.640006,0,0.0073832632,0,0,0.0437988564,-0.0557536185,0.000286022841,-0.247437954,-0.0433282889,-0.0561200976,9.81744194,0.00211774674,-0.00375665538,0.000286022841,-0.248642921,-0.000254631042,1
1745,20.649980,0,-0.00959824212,0,0,0.0339186266,-0.0557325855,0.000286022841,-0.247533798,-0.0457233116,-0.0465400182,9.81265163,-1.27822468e-05,-0.00269139092,0.000286022841,-0.248642921,-0.000254631042,1
1746,20.659978,0,0.00147665257,0,0,0.00306987925,-0.0800506994,0.00348181627,-0.247533798,-0.0768585652,-0.0225898232,9.82223129,-1.27822468e-05,0.00263493136,0.00348181627,-0.248642921,-0.000254631042,1
1747,20.669986,0,0.00590661028,0,0,0.0194107611,-0.0742674544,0.000286022841,-0.246705532,-0.0672784895,-0.0369599424,9.8270216,-0.00214331108,0.000504402502,0.000286022841,-0.248642921,-0.000254631042,1
1748,20.679982,0,-0.0081215892,0,0,0.040313296,-0.0795314535,0.00135128724,-0.246705532,-0.0672784895,-0.0585151166,9.83660221,0.00105248217,0.000504402502,0.00135128724,-0.248642921,-0.000254631042,1
1749,20.689980,0,0.0073832632,0,0,0.0135568101,-0.0678790286,0.00241655181,-0.247533798,-0.0624884479,-0.0297748819,9.78870106,-1.27822468e-05,-0.000560861954,0.00241655181,-0.248642921,-0.000254631042,1
1750,20.699976,0,-0.011074895,0,0,0.0152898673,-0.100401349,0.00241655181,-0.246801376,-0.0936237052,-0.0393549614,9.80546665,0.00211774674,0.0015696669,0.00241655181,-0.248642921,-0.000254631042,1
1751,20.709985,0,0.00442995783,0,0,0.0141499052,-0.0655556545,-0.000779241615,-0.247437954,-0.0600934289,-0.0297748819,9.85815716,-0.00107804674,-0.00162612647,-0.000779241615,-0.248642921,-0.000254631042,1
1752,20.719982,0,0.00147665257,0,0,0.000852616911,-0.0399642624,0.00241655181,-0.247437954,-0.0385382511,-0.0106147248,9.75277615,0.00105248217,0.000504402502,0.00241655181,-0.248642921,-0.000254631042,1
1753,20.729979,0,-0.00664493674,0,0,0.0309910178,-0.0673397034,-0.000779241615,-0.247437954,-0.0576984063,-0.0465400182,9.75517082,0.00424827542,0.000504402502,-0.000779241615,-0.248642921,-0.000254631042,1
1754,20.759998,0,0.00590661028,0,0,0.045950938,-0.125464424,0.00241655181,-0.247437954,-0.110388838,-0.0752802566,9.75038147,0.00105248217,-0.00162612647,0.00241655181,-0.248642921,-0.000254631042,1
1755,20.769983,0,0.00147665257,0,0,0.0159339607,-0.0487145409,0.000286022841,-0.247437954,-0.0433282889,-0.027379863,9.79588604,0.00105248217,0.0015696669,0.000286022841,-0.248642921,-0.000254631042,1
1756,20.779999,0,-0.00664493674,0,0,0.0483366288,-0.0964309871,0.000286022841,-0.247533798,-0.0816486031,-0.0704902187,9.78630638,0.00211774674,0.000504402502,0.000286022841,-0.248642921,-0.000254631042,1
1757,20.790100,0,0.00885991566,0,0,0.0367265306,-0.0934969261,-0.000779241615,-0.247533798,-0.0816486031,-0.0585151166,9.83420658,0.00105248217,0.00370019581,-0.000779241615,-0.248642921,-0.000254631042,1
1758,20.799981,0,-0.011074895,0,0,0.034464404,-0.102756493,-0.000779241615,-0.246705532,-0.0912286863,-0.0585151166,9.81265163,0.00211774674,0.000504402502,-0.000779241615,-0.248642921,-0.000254631042,1
1759,20.810001,0,0.0073832632,0,0,-0.0131554483,-0.0957037136,0.00135128724,-0.246705532,-0.0960187241,-0.0106147248,9.75038147,-1.27822468e-05,0.000504402502,0.00135128724,-0.248642921,-0.000254631042,1
1760,20.819979,0,0.00147665257,0,0,0.0327265039,-0.0702483729,0.000286022841,-0.247437954,-0.0600934289,-0.0489350408,9.85097218,0.00105248217,0.0015696669,0.000286022841,-0.248642921,-0.000254631042,1
1761,20.829997,0,-0.0081215892,0,0,0.0547820479,-0.110342994,0.000286022841,-0.246705532,-0.0936237052,-0.0800702944,9.8318119,0.00105248217,-0.000560861954,0.000286022841,-0.248642921,-0.000254631042,1
1762,20.839982,0,0.00885991566,0,0,0.0321641974,-0.0626955554,0.00348181627,-0.247437954,-0.0529083684,-0.0465400182,9.81025696,0.0031830112,0.000504402502,0.00348181627,-0.248642921,-0.000254631042,1
1763,20.850005,0,-0.011074895,0,0,0.0455034897,-0.0685415342,-0.00184450613,-0.247533798,-0.0553033873,-0.0609101392,9.7623558,0.00105248217,0.0015696669,-0.00184450613,-0.248642921,-0.000254631042,1
1764,20.859980,0,0.00295330514,0,0,0.0305027701,-0.0400177054,0.000286022841,-0.246801376,-0.0313531905,-0.0393549614,9.80067635,-1.27822468e-05,0.0015696669,0.000286022841,-0.248642921,-0.000254631042,1
1765,20.869999,0,0.00590661028,0,0,-0.0218435209,-0.0811667517,-0.000779241615,-0.246705532,-0.084043622,0.00136037311,9.80307102,0.00105248217,-0.00162612647,-0.000779241615,-0.248642921,-0.000254631042,1
1766,20.879985,0,-0.012551547,0,0,0.00138151529,-0.0870156363,0.00135128724,-0.246705532,-0.084043622,-0.0225898232,9.78391171,-0.00214331108,-0.000560861954,0.00135128724,-0.248642921,-0.000254631042,1
1767,20.890001,0,0.0103365686,0,0,0.0548332073,-0.0807182863,0.00241655181,-0.246705532,-0.0648834705,-0.0728852376,9.78870106,-1.27822468e-05,-0.00162612647,0.00241655181,-0.248642921,-0.000254631042,1
1768,20.900003,0,-0.0081215892,0,0,0.0298535023,-0.0818369016,0.00135128724,-0.246705532,-0.0720685273,-0.0489350408,9.81983662,-1.27822468e-05,0.00370019581,0.00135128724,-0.248642921,-0.000254631042,1
1769,20.909978,0,-0.00516828429,0,0,0.0414967276,-0.0452961214,0.00135128724,-0.247533798,-0.0337482132,-0.0513300598,9.86534214,-1.27822468e-05,0.000504402502,0.00135128724,-0.248642921,-0.000254631042,1
1770,20.920002,0,0.0073832632,0,0,0.0622783154,-0.0999458954,0.00135128724,-0.247437954,-0.0816486031,-0.0848603323,9.75277615,0.00105248217,0.0015696669,0.00135128724,-0.248642921,-0.000254631042,1
1771,20.930002,0,-0.012551547,0,0,0.015225946,-0.100411065,0.000286022841,-0.247437954,-0.0936237052,-0.0393549614,9.81025696,0.00105248217,0.0015696669,0.000286022841,-0.248642921,-0.000254631042,1
1772,20.940006,0,0.00885991566,0,0,0.0727397949,-0.0976481065,0.00135128724,-0.247437954,-0.0768585652,-0.0944404155,9.81744194,0.00105248217,-0.00162612647,0.00135128724,-0.248642921,-0.000254631042,1
1773,20.949980,0,0.00442995783,0,0,0.0402726382,-0.10913901,0.00135128724,-0.247533798,-0.100808762,-0.0465400182,9.8270216,-1.27822468e-05,0.00263493136,0.00135128724,-0.248642921,-0.000254631042,1
1774,20.960005,0,-0.0155048529,0,0,0.0187876578,-0.0667306334,0.000286022841,-0.247533798,-0.107993819,-0.0513300598,9.80067635,-1.27822468e-05,0.00263493136,0.000286022841,-0.248642921,-0.000254631042,1
1775,20.969979,0,0.0132898735,0,0,0.0460146107,-0.0958441719,-0.000779241615,-0.247533798,-0.0792535841,-0.0417499803,9.78630638,0.00105248217,0.000504402502,-0.000779241615,-0.248642921,-0.000254631042,1
1776,20.979976,0,-0.00516828429,0,0,0.0152745135,-0.0806612819,-0.00184450613,-0.247437954,-0.0912286863,-0.0369599424,9.8318119,-1.27822468e-05,-0.00162612647,0.00135128724,-0.248642921,-0.000254631042,1
1777,20.989984,0,-0.00664493674,0,0,0.0326536484,-0.0998730361,0.000286022841,-0.247437954,-0.0912286863,-0.0417499803,9.7791214,0.00105248217,-0.000560861954,-0.000779241615,-0.248642921,-0.000254631042,1
1778,20.999981,0,0.00885991566,0,0,0.0600048155,-0.0796095282,-0.00184450613,-0.247437954,-0.0600934289,-0.0177997835,9.76714611,-0.00107804674,0.000504402502,-0.00184450613,-0.248642921,-0.000254631042,1
1779,21.009978,0,-0.0140281999,0,0,0.0164908729,-0.0562689342,0.00135128724,-0.247533798,-0.0457233116,-0.027379863,9.79588604,0.00211774674,-0.00269139092,0.000286022841,-0.248642921,-0.000254631042,1
1780,21.019975,0,0.00885991566,0,0,-0.000328162365,-0.0643584132,-0.000779241615,-0.246801376,-0.0624884479,-0.027379863,9.80546665,0.0031830112,0.000504402502,-0.000779241615,-0.248642921,-0.000254631042,1
1781,21.029983,0,0.00147665257,0,0,0.0709800273,-0.104614332,-0.00290977047,-0.247437954,-0.084043622,-0.0944404155,9.82223129,-1.27822468e-05,-0.00162612647,-0.000779241615,-0.248642921,-0.000254631042,1
1782,21.039979,0,-0.0140281999,0,0,0.010092346,-0.0620603971,0.000286022841,-0.247437954,-0.0576984063,-0.0249848422,9.80067635,0.0031830112,-0.00162612647,0.000286022841,-0.248642921,-0.000254631042,1
1783,21.049976,0,0.0132898735,0,0,-0.00100429123,-0.086430043,0.00135128724,-0.247437954,-0.084043622,-0.0201948043,9.85097218,0.00105248217,0.000504402502,0.00135128724,-0.248642921,-0.000254631042,1
1784,21.069996,0,-0.00959824212,0,0,0.05759947,-0.108653128,0.00241655181,-0.247533798,-0.0912286863,-0.0824653134,9.80786133,-0.00107804674,-0.00162612647,0.00241655181,-0.248642921,-0.000254631042,1
1785,21.079983,0,0.0118132206,0,0,0.0273879971,-0.110899448,-0.000779241615,-0.247533798,-0.100808762,-0.0537250787,9.87252712,-0.00107804674,0.00263493136,-0.000779241615,-0.248642921,-0.000254631042,1
1786,21.090003,0,-0.0140281999,0,0,-0.00849338807,-0.0869985893,-0.00184450613,-0.246705532,-0.086438641,-0.0130097447,9.76475143,-1.27822468e-05,-0.00482191984,-0.00184450613,-0.248642921,-0.000254631042,1
1787,21.099997,0,0.0073832632,0,0,0.0309181642,-0.0969643742,-0.00184450613,-0.247437954,-0.086438641,-0.0537250787,9.81504631,0.00211774674,0.0015696669,-0.00184450613,-0.248642921,-0.000254631042,1
1788,21.109983,0,0.00147665257,0,0,0.0687236711,-0.0744096562,0.000286022841,-0.247533798,-0.0553033873,-0.0848603323,9.73840618,-0.00107804674,0.00263493136,0.000286022841,-0.248642921,-0.000254631042,1
1789,21.119998,0,-0.011074895,0,0,-0.00631911959,-0.117202997,-0.00290977047,-0.247533798,-0.115178876,-0.0225898232,9.77433109,-1.27822468e-05,-0.00162612647,-0.00290977047,-0.248642921,-0.000254631042,1
1790,21.129984,0,0.0103365686,0,0,0.0442793965,-0.0929353461,0.00135128724,-0.247533798,-0.0792535841,-0.0657001734,9.84857655,-1.27822468e-05,-0.000560861954,0.00135128724,-0.248642921,-0.000254631042,1
1791,21.140003,0,-0.00959824212,0,0,0.0554036088,-0.0586918779,0.00135128724,-0.247533798,-0.0433282889,-0.0680951998,9.69769096,0.00211774674,0.00370019581,0.00135128724,-0.248642921,-0.000254631042,1
1792,21.149977,0,-0.00516828429,0,0,0.0420679599,-0.0725639388,-0.00184450613,-0.246705532,-0.0600934289,-0.0585151166,9.79828167,0.00105248217,0.000504402502,-0.00184450613,-0.248642921,-0.000254631042,1
1793,21.160007,0,0.0073832632,0,0,0.0281263217,-0.0690573081,0.00241655181,-0.246801376,-0.0600934289,-0.0441449992,9.81504631,0.00105248217,0.0015696669,0.00241655181,-0.248642921,-0.000254631042,1
1794,21.169980,0,-0.012551547,0,0,0.0152415549,-0.09053763,0.00135128724,-0.247533798,-0.084043622,-0.0369599424,9.77433109,-1.27822468e-05,0.00370019581,0.00135128724,-0.248642921,-0.000254631042,1
1795,21.179978,0,0.0103365686,0,0,0.0442541726,-0.102810226,0.000286022841,-0.247533798,-0.0888336599,-0.0680951998,9.82941628,-0.00214331108,0.000504402502,0.000286022841,-0.248642921,-0.000254631042,1
1796,21.189985,0,-0.00516828429,0,0,0.0147767486,-0.0632241815,0.000286022841,-0.246801376,-0.0576984063,-0.0297748819,9.76475143,0.00105248217,-0.00375665538,0.000286022841,-0.248642921,-0.000254631042,1
1797,21.199983,0,-0.00664493674,0,0,0.0158283673,-0.0882156119,-0.00184450613,-0.247533798,-0.0816486031,-0.0369599424,9.8318119,0.00105248217,0.00263493136,-0.00184450613,-0.248642921,-0.000254631042,1
1798,21.209979,0,0.00590661028,0,0,-0.0166798923,-0.0800002366,-0.00184450613,-0.247533798,-0.0816486031,-0.00342966616,9.74798584,0.00105248217,-0.00162612647,-0.00184450613,-0.248642921,-0.000254631042,1
1799,21.219976,0,-0.00959824212,0,0,0.0286689438,-0.0667531192,0.00135128724,-0.247437954,-0.0576984063,-0.0441449992,9.82462692,-1.27822468e-05,-0.00269139092,0.00135128724,-0.248642921,-0.000254631042,1
1800,21.229985,0,0.00885991566,0,0,0.0565268137,-0.103380904,0.00241655181,-0.246801376,-0.086438641,-0.0800702944,9.79349136,0.00105248217,-0.00162612647,0.00241655181,-0.248642921,-0.000254631042,1
1801,21.239982,0,-0.00664493674,0,0,0.0315829962,-0.0847473294,0.00135128724,-0.246801376,-0.0744635463,-0.0513300598,9.79109669,-0.00107804674,-0.00162612647,0.00135128724,-0.248642921,-0.000254631042,1
1802,21.249978,0,0,0,0,0.0286373142,-0.0766307563,-0.000779241615,-0.247533798,-0.0672784895,-0.0465400182,9.83660221,-1.27822468e-05,-0.00162612647,-0.000779241615,-0.248642921,-0.000254631042,1
1803,21.260005,0,0.00590661028,0,0,0.0594860651,-0.0523126349,-0.00184450613,-0.247533798,-0.0361432321,-0.0704902187,9.75277615,0.00211774674,-0.000560861954,-0.00184450613,-0.248642921,-0.000254631042,1
1804,21.269979,0,-0.00959824212,0,0,0.0239276551,-0.105079494,0.00135128724,-0.247437954,-0.0960187241,-0.0489350408,9.75996113,-1.27822468e-05,-0.000560861954,0.00135128724,-0.248642921,-0.000254631042,1
1805,21.280004,0,0.00885991566,0,0,0.00530248601,-0.120136552,-0.000779241615,-0.247437954,-0.115178876,-0.0345649198,9.86773682,-1.27822468e-05,-0.00162612647,-0.000779241615,-0.248642921,-0.000254631042,1
1806,21.290003,0,-0.00959824212,0,0,0.0530871525,-0.0580999777,0.000286022841,-0.247437954,-0.0433282889,-0.0657001734,9.80786133,-1.27822468e-05,-0.00269139092,0.000286022841,-0.248642921,-0.000254631042,1
1807,21.299979,0,-0.00221497891,0,0,-0.00145766814,-0.0492536426,0.00241655181,-0.246705532,-0.0481183305,-0.0106147248,9.79349136,-1.27822468e-05,0.000504402502,0.00241655181,-0.248642921,-0.000254631042,1
1808,21.309998,0,0.00590661028,0,0,-0.00457240362,-0.12011227,-0.000779241615,-0.247437954,-0.117573902,-0.0249848422,9.78630638,-0.00107804674,-0.00482191984,-0.000779241615,-0.248642921,-0.000254631042,1
1809,21.319984,0,-0.00959824212,0,0,0.0279852133,-0.108574748,0.000286022841,-0.247437954,-0.0984137431,-0.0537250787,9.77193642,0.00211774674,0.0015696669,0.000286022841,-0.248642921,-0.000254631042,1
1810,21.330003,0,0.00885991566,0,0,-0.00799480174,-0.0945451632,0.00348181627,-0.247437954,-0.0936237052,-0.0154047646,9.81265163,-0.00214331108,-0.000560861954,0.00348181627,-0.248642921,-0.000254631042,1
1811,21.339979,0,-0.011074895,0,0,0.0639652312,-0.12260434,0.00241655181,-0.247437954,-0.103203781,-0.0920453891,9.78151608,-1.27822468e-05,0.000504402502,0.00241655181,-0.248642921,-0.000254631042,1
1812,21.349996,0,0.00147665257,0,0,0.0286446568,-0.076628007,-0.00184450613,-0.247437954,-0.0672784895,-0.0465400182,9.82462692,0.0031830112,-0.00269139092,-0.00184450613,-0.248642921,-0.000254631042,1
1813,21.359983,0,0.00442995783,0,0,0.0600631051,-0.0795655549,0.000286022841,-0.246705532,-0.0624884479,-0.0776752755,9.86055183,-1.27822468e-05,-0.00162612647,0.000286022841,-0.248642921,-0.000254631042,1
1814,21.369999,0,-0.00959824212,0,0,0.0210432746,-0.0969400853,0.00135128724,-0.247437954,-0.0888336599,-0.0441449992,9.78151608,0.0031830112,0.00263493136,0.00135128724,-0.248642921,-0.000254631042,1
1815,21.380003,0,0.00885991566,0,0,0.00771391718,-0.0812243298,0.000286022841,-0.247533798,-0.0768585652,-0.027379863,9.75277615,0.00105248217,-0.00162612647,0.000286022841,-0.248642921,-0.000254631042,1
1816,21.389979,0,-0.00959824212,0,0,0.0251402855,-0.120166734,-0.000779241615,-0.246705532,-0.110388838,-0.0537250787,9.81744194,0.00211774674,-0.00162612647,-0.000779241615,-0.248642921,-0.000254631042,1
1817,21.399996,0,0,0,0,0.0279852133,-0.108574748,0.00241655181,-0.247437954,-0.0984137431,-0.0537250787,9.74798584,-1.27822468e-05,-0.000560861954,0.00241655181,-0.248642921,-0.000254631042,1
1818,21.409983,0,0.00442995783,0,0,0.0158611033,-0.0783392042,0.000286022841,-0.246705532,-0.0624884479,-0.0609101392,9.81025696,0.00105248217,0.0015696669,0.000286022841,-0.248642921,-0.000254631042,1
1819,21.419999,0,-0.00664493674,0,0,0.0280268863,-0.138176233,0.000286022841,-0.246609211,-0.0984137431,-0.0609101392,9.84139156,-0.00214331108,0.00263493136,0.000286022841,-0.248642921,-0.000254631042,1
1820,21.429986,0,0.00885991566,0,0,0.0280988365,-0.0888044164,0.000286022841,-0.246705532,-0.117573902,-0.0465400182,9.7623558,-1.27822468e-05,0.00263493136,0.00135128724,-0.248642921,-0.000254631042,1
1821,21.440003,0,-0.0081215892,0,0,0.0314930007,-0.134121835,-0.000779241615,-0.246801376,-0.0912286863,-0.0441449992,9.78391171,0.00211774674,-0.000560861954,0.000286022841,-0.248642921,-0.000254631042,1
1822,21.450005,0,-0.00221497891,0,0,0.0564673431,-0.093552798,-0.00184450613,-0.247629642,-0.0720685273,-0.0657001734,9.74798584,0.0031830112,0.00263493136,-0.00184450613,-0.248642921,-0.000254631042,1
1823,21.459980,0,0.00295330514,0,0,0.0554825775,-0.0389014781,-0.000779241615,-0.246801376,-0.0624884479,-0.0154047646,9.84378719,-1.27822468e-05,0.000504402502,0.00135128724,-0.248642921,-0.000254631042,1
1824,21.469997,0,-0.0081215892,0,0,0.00122064108,-0.126516193,-0.000779241615,-0.247437954,-0.107993819,-0.0465400182,9.80786133,-0.00107804674,-0.000560861954,-0.00184450613,-0.248642921,-0.000254631042,1
1825,21.479982,0,0.0073832632,0,0,0.0175237339,-0.110872537,0.00348181627,-0.247437954,-0.103203781,-0.0441449992,9.79588604,-0.00107804674,0.000504402502,0.00241655181,-0.248642921,-0.000254631042,1
1826,21.490003,0,-0.011074895,0,0,0.070357956,-0.116818041,0.00348181627,-0.247533798,-0.0960187241,-0.0968354344,9.81744194,-0.00107804674,0.0015696669,0.00241655181,-0.248642921,-0.000254631042,1
1827,21.499978,0,-0.00221497891,0,0,0.0546800531,-0.110393576,-0.000779241615,-0.247629642,-0.0936237052,-0.0800702944,9.77672672,0.00211774674,0.00263493136,-0.00184450613,-0.248642921,-0.000254631042,1
1828,21.509975,0,0.00590661028,0,0,0.0112660779,-0.0771588758,0.00135128724,-0.246801376,-0.0720685273,-0.0297748819,9.84857655,0.00105248217,-0.000560861954,0.00135128724,-0.248642921,-0.000254631042,1
1829,21.519984,0,-0.00959824212,0,0,0.080879204,-0.094763726,0.000286022841,-0.247437954,-0.0720685273,-0.101625472,9.78151608,-1.27822468e-05,-0.00162612647,0.000286022841,-0.248642921,-0.000254631042,1
1830,21.529981,0,0.00885991566,0,0,0.0564609878,-0.10341686,0.000286022841,-0.247437954,-0.086438641,-0.0800702944,9.83899689,-1.27822468e-05,-0.000560861954,0.000286022841,-0.248642921,-0.000254631042,1
1831,21.539977,0,-0.00664493674,0,0,-0.00151638337,-0.078878209,0.00135128724,-0.246801376,-0.0768585652,-0.0177997835,9.81025696,-1.27822468e-05,0.00370019581,0.00135128724,-0.248642921,-0.000254631042,1
1832,21.549984,0,-0.00516828429,0,0,-0.00672839349,-0.0701555312,-0.00184450613,-0.246801376,-0.0696735084,-0.0106147248,9.76714611,0.00105248217,-0.00162612647,-0.00184450613,-0.248642921,-0.000254631042,1
1833,21.559981,0,0.00590661028,0,0,0.0408594497,-0.0673679113,0.00241655181,-0.247533798,-0.0553033873,-0.0561200976,9.75517082,0.00105248217,0.00263493136,0.00241655181,-0.248642921,-0.000254631042,1
1834,21.569977,0,-0.011074895,0,0,0.0257359929,-0.0783634931,0.00135128724,-0.247437954,-0.0696735084,-0.0441449992,9.79828167,-1.27822468e-05,0.0015696669,0.00135128724,-0.248642921,-0.000254631042,1
1835,21.579986,0,0.00885991566,0,0,-0.0154779516,-0.0951188281,0.000286022841,-0.246705532,-0.0960187241,-0.00821970589,9.82462692,-1.27822468e-05,0.0015696669,0.000286022841,-0.248642921,-0.000254631042,1
1836,21.590003,0,-0.0036916316,0,0,0.0270280913,-0.0342025869,0.00135128724,-0.246801376,-0.0265631527,-0.0345649198,9.84139156,-1.27822468e-05,0.0015696669,0.00135128724,-0.248642921,-0.000254631042,1
1837,21.599976,0,-0.00664493674,0,0,0.0292605497,-0.0841622129,0.000286022841,-0.246801376,-0.0744635463,-0.0489350408,9.83660221,0.00105248217,-0.00269139092,0.000286022841,-0.248642921,-0.000254631042,1
1838,21.610005,0,0.00590661028,0,0,0.0135876015,-0.0580028407,-0.00184450613,-0.247437954,-0.0529083684,-0.027379863,9.78391171,0.00211774674,0.00263493136,-0.00184450613,-0.248642921,-0.000254631042,1
1839,21.619979,0,-0.011074895,0,0,0.0436673611,-0.105132252,0.000286022841,-0.247533798,-0.0912286863,-0.0680951998,9.76475143,-1.27822468e-05,-0.00162612647,0.000286022841,-0.248642921,-0.000254631042,1
1840,21.629998,0,0.00885991566,0,0,0.0605185442,-0.106912114,0.00241655181,-0.247437954,-0.0888336599,-0.0848603323,9.76475143,-1.27822468e-05,-0.000560861954,0.00241655181,-0.248642921,-0.000254631042,1
1841,21.639984,0,-0.0036916316,0,0,0.0240046121,-0.105061941,0.00241655181,-0.246705532,-0.0960187241,-0.0489350408,9.80307102,0.0031830112,0.00263493136,0.00241655181,-0.248642921,-0.000254631042,1
1842,21.650000,0,-0.00516828429,0,0,0.0153258592,-0.080651544,0.000286022841,-0.246801376,-0.0744635463,-0.0345649198,9.79349136,0.00105248217,0.0015696669,0.000286022841,-0.248642921,-0.000254631042,1
1843,21.659975,0,0.00442995783,0,0,0.041932147,-0.102223419,0.000286022841,-0.247533798,-0.0888336599,-0.0657001734,9.75996113,-0.00107804674,0.00476546027,0.000286022841,-0.248642921,-0.000254631042,1
1844,21.669996,0,-0.00959824212,0,0,0.0252255481,-0.0707922205,-0.000779241615,-0.246705532,-0.0624884479,-0.0417499803,9.80067635,-0.00107804674,0.00370019581,-0.000779241615,-0.248642921,-0.000254631042,1
1845,21.679981,0,0.00885991566,0,0,0.0328120515,-0.0504745729,0.00241655181,-0.246705532,-0.04093327,-0.0441449992,9.7791214,0.00211774674,0.00263493136,0.00241655181,-0.248642921,-0.000254631042,1
1846,21.690004,0,0.00590661028,0,0,-0.0276753604,-0.0945168883,0.00241655181,-0.246705532,-0.0984137431,0.00375539274,9.79588604,-1.27822468e-05,0.0015696669,0.00241655181,-0.248642921,-0.000254631042,1
1847,21.699979,0,-0.00959824212,0,0,-0.00634435238,-0.127077878,0.00241655181,-0.247533798,-0.124758959,-0.0249848422,9.79109669,0.00105248217,-0.00375665538,0.00241655181,-0.248642921,-0.000254631042,1
1848,21.709975,0,0.00295330514,0,0,0.00598621601,-0.0783149227,-0.000779241615,-0.247437954,-0.0744635463,-0.0249848422,9.73601055,-1.27822468e-05,0.0015696669,-0.000779241615,-0.248642921,-0.000254631042,1
1849,21.719983,0,0.00295330514,0,0,0.0350663438,-0.0905590802,0.00348181627,-0.246705532,-0.0792535841,-0.0561200976,9.81025696,0.00105248217,-0.000560861954,0.00348181627,-0.248642921,-0.000254631042,1
1850,21.729980,0,-0.00664493674,0,0,0.0652588904,-0.0981626362,-0.000779241615,-0.246705532,-0.0792535841,-0.0872553512,9.75996113,-1.27822468e-05,-0.00162612647,-0.000779241615,-0.248642921,-0.000254631042,1
1851,21.739977,0,0.00590661028,0,0,0.028547518,-0.116127566,0.000286022841,-0.247437954,-0.1055988,-0.0561200976,9.8270216,-1.27822468e-05,0.000504402502,0.000286022841,-0.248642921,-0.000254631042,1
1852,21.749985,0,-0.0081215892,0,0,-0.00328054419,-0.095720768,0.00135128724,-0.246705532,-0.0936237052,-0.0201948043,9.7791214,0.00211774674,0.0015696669,0.00135128724,-0.248642921,-0.000254631042,1
1853,21.759981,0,0,0,0,0.0228859913,-0.0800822377,0.000286022841,-0.246705532,-0.0720685273,-0.0417499803,9.82462692,0.00211774674,0.000504402502,0.000286022841,-0.248642921,-0.000254631042,1
1854,21.769978,0,0.00442995783,0,0,-0.0108841006,-0.125913322,-0.000779241615,-0.246705532,-0.124758959,-0.0201948043,9.76714611,-1.27822468e-05,-0.00269139092,-0.000779241615,-0.248642921,-0.000254631042,1
1855,21.780047,0,-0.00959824212,0,0,0.0112095606,-0.0771671012,0.00135128724,-0.247533798,-0.0720685273,-0.0297748819,9.77193642,-1.27822468e-05,-0.000560861954,0.00135128724,-0.248642921,-0.000254631042,1
1856,21.789982,0,0.0073832632,0,0,0.0454614833,-0.0882869512,0.00135128724,-0.247437954,-0.0744635463,-0.0657001734,9.78391171,-0.00107804674,-0.000560861954,0.00135128724,-0.248642921,-0.000254631042,1
1857,21.799978,0,-0.00664493674,0,0,0.0530785434,-0.0876857936,0.000286022841,-0.246705532,-0.0720685273,-0.0728852376,9.82223129,-1.27822468e-05,0.000504402502,0.000286022841,-0.248642921,-0.000254631042,1
1858,21.809999,0,-0.00664493674,0,0,0.0158125348,-0.0980889872,0.000286022841,-0.247437954,-0.0912286863,-0.0393549614,9.81504631,-0.00214331108,-0.00162612647,0.000286022841,-0.248642921,-0.000254631042,1
1859,21.820006,0,0.00590661028,0,0,-0.0149124553,-0.0730356127,0.000286022841,-0.247437954,-0.0744635463,-0.00342966616,9.80067635,-1.27822468e-05,0.000504402502,0.000286022841,-0.248642921,-0.000254631042,1
1860,21.829980,0,-0.00959824212,0,0,0.0832979605,-0.0755475238,0.00241655181,-0.246801376,-0.0529083684,-0.0992304534,9.81983662,-0.00107804674,-0.000560861954,0.00241655181,-0.248642921,-0.000254631042,1
1861,21.840005,0,0.00590661028,0,0,0.0403303467,-0.0696565434,0.00135128724,-0.246705532,-0.0576984063,-0.0561200976,9.81265163,-0.00107804674,-0.000560861954,0.00135128724,-0.248642921,-0.000254631042,1
1862,21.849979,0,0.00442995783,0,0,0.0669965073,-0.101070032,-0.000779241615,-0.246705532,-0.0816486031,-0.0896503702,9.82462692,-1.27822468e-05,0.000504402502,-0.000779241615,-0.248642921,-0.000254631042,1
1863,21.860005,0,-0.011074895,0,0,0.0240557697,-0.0754372329,0.00135128724,-0.246705532,-0.0672784895,-0.0417499803,9.75996113,-1.27822468e-05,0.0015696669,0.00135128724,-0.248642921,-0.000254631042,1
1864,21.869980,0,0.00885991566,0,0,0.0449242033,-0.100451037,0.00241655181,-0.246705532,-0.0888336599,-0.0225898232,9.83420658,-0.00107804674,-0.000560861954,0.00135128724,-0.248642921,-0.000254631042,1
1865,21.880006,0,-0.0081215892,0,0,0.0298364498,-0.0917118043,0.00135128724,-0.246705532,-0.0768585652,-0.0633051544,9.8318119,-0.00107804674,0.0015696669,0.00241655181,-0.248642921,-0.000254631042,1
1866,21.889982,0,-0.0036916316,0,0,0.0228859913,-0.0800822377,0.000286022841,-0.246705532,-0.0265631527,-0.0417499803,9.82941628,0.00105248217,-0.00588718429,-0.00290977047,-0.248642921,-0.000254631042,1
1867,21.900005,0,0.00442995783,0,0,0.101249173,-0.112165868,-0.000779241615,-0.246705532,-0.0816486031,-0.0441449992,9.80546665,-0.00214331108,-0.000560861954,-0.000779241615,-0.248642921,-0.000254631042,1
1868,21.909980,0,-0.00959824212,0,0,0.0105817942,-0.0992378816,-0.00184450613,-0.247437954,-0.0648834705,-0.0369599424,9.86055183,0.00105248217,-0.00162612647,-0.000779241615,-0.248642921,-0.000254631042,1
1869,21.919998,0,0.0073832632,0,0,0.00604357477,-0.0783105195,0.00135128724,-0.246705532,-0.0672784895,-0.0177997835,9.79109669,0.00211774674,0.000504402502,0.00241655181,-0.248642921,-0.000254631042,1
1870,21.930002,0,-0.0036916316,0,0,0.0135390293,-0.07775262,0.00135128724,-0.247437954,-0.0720685273,-0.0130097447,9.84618187,0.00211774674,-0.00269139092,-0.000779241615,-0.248642921,-0.000254631042,1
1871,21.939976,0,-0.00516828429,0,0,-0.00617088377,-0.0875834748,0.000286022841,-0.246705532,-0.086438641,-0.0154047646,9.85815716,-1.27822468e-05,0.0015696669,-0.000779241615,-0.248642921,-0.000254631042,1
1872,21.949999,0,0.00590661028,0,0,0.0547649935,-0.120217897,0.000286022841,-0.246705532,-0.103203781,-0.0824653134,9.79109669,-0.00107804674,0.0015696669,0.00135128724,-0.248642921,-0.000254631042,1
1873,21.959984,0,-0.00959824212,0,0,-0.00914369524,-0.0893144161,0.000286022841,-0.247437954,-0.0888336599,-0.0130097447,9.74080086,-1.27822468e-05,-0.00162612647,0.000286022841,-0.248642921,-0.000254631042,1
1874,21.969996,0,0.00590661028,0,0,0.0304042865,-0.0992642045,0.000286022841,-0.246705532,-0.0888336599,-0.0537250787,9.80786133,-0.00107804674,-0.00162612647,0.000286022841,-0.248642921,-0.000254631042,1
1875,21.979982,0,0,0,0,0.0134904617,-0.0975023955,0.00135128724,-0.247437954,-0.0912286863,-0.0369599424,9.88929176,-1.27822468e-05,-0.00269139092,0.00135128724,-0.248642921,-0.000254631042,1
1876,21.990003,0,-0.00664493674,0,0,0.0135789216,-0.0876175836,0.00241655181,-0.246705532,-0.0816486031,-0.0345649198,9.79828167,-0.00107804674,-0.000560861954,0.00241655181,-0.248642921,-0.000254631042,1
1877,22.000000,0,0.0073832632,0,0,0.0437544249,-0.10509605,0.000286022841,-0.246705532,-0.0912286863,-0.0680951998,9.79828167,0.00105248217,0.000504402502,0.000286022841,-0.248642921,-0.000254631042,1
1878,22.009985,0,-0.00959824212,0,0,0.0234367754,-0.0975095332,-0.000779241615,-0.246705532,-0.0888336599,-0.0465400182,9.83660221,0.00211774674,0.00263493136,-0.000779241615,-0.248642921,-0.000254631042,1
1879,22.020004,0,0,0,0,0.0125285108,-0.0231382623,-0.000779241615,-0.246705532,-0.019378094,-0.0177997835,9.86534214,-1.27822468e-05,-0.00162612647,-0.000779241615,-0.248642921,-0.000254631042,1
1880,22.029979,0,0.00590661028,0,0,0.0268778987,-0.123074129,-0.000779241615,-0.246705532,-0.112783857,-0.0561200976,9.79109669,0.00105248217,0.000504402502,-0.000779241615,-0.248642921,-0.000254631042,1
1881,22.039976,0,-0.011074895,0,0,0.0124603026,-0.0626378804,0.00241655181,-0.246705532,-0.0576984063,-0.027379863,9.78151608,0.00211774674,0.0015696669,0.00241655181,-0.248642921,-0.000254631042,1
1882,22.049984,0,0.00885991566,0,0,0.00779824145,-0.0713430047,0.00135128724,-0.246705532,-0.0672784895,-0.0249848422,9.84857655,0.00211774674,-0.000560861954,0.00135128724,-0.248642921,-0.000254631042,1
1883,22.059982,0,-0.00516828429,0,0,0.0524936542,-0.0900082961,0.00135128724,-0.246705532,-0.0744635463,-0.0728852376,9.76475143,-1.27822468e-05,-0.00375665538,0.00135128724,-0.248642921,-0.000254631042,1
1884,22.069978,0,-0.00516828429,0,0,0.0339136198,-0.0853291824,0.00135128724,-0.246705532,-0.0744635463,-0.0537250787,9.85815716,-0.00107804674,0.000504402502,0.00135128724,-0.248642921,-0.000254631042,1
1885,22.079986,0,0.0073832632,0,0,0.0537316352,-0.0458636694,-0.000779241615,-0.246705532,-0.0313531905,-0.0633051544,9.82941628,0.00211774674,0.000504402502,-0.000779241615,-0.248642921,-0.000254631042,1
1886,22.089983,0,-0.011074895,0,0,0.0408811346,-0.0870838538,-0.00290977047,-0.246705532,-0.0744635463,-0.0609101392,9.80307102,-1.27822468e-05,-0.00162612647,-0.00290977047,-0.248642921,-0.000254631042,1
1887,22.099980,0,0.00295330514,0,0,-0.0154950041,-0.104993731,0.000286022841,-0.246705532,-0.1055988,-0.0106147248,9.81983662,-1.27822468e-05,0.00263493136,0.000286022841,-0.248642921,-0.000254631042,1
1888,22.109976,0,0.00442995783,0,0,0.0165033657,-0.076005064,0.000286022841,-0.246705532,-0.0696735084,-0.0345649198,9.75277615,-1.27822468e-05,0.00263493136,0.000286022841,-0.248642921,-0.000254631042,1
1889,22.120000,0,-0.00959824212,0,0,0.0257592816,-0.0980944261,0.000286022841,-0.246705532,-0.0888336599,-0.0489350408,9.87013245,-0.00320857554,0.000504402502,0.000286022841,-0.248642921,-0.000254631042,1
1890,22.129986,0,0.00885991566,0,0,0.00781529397,-0.0614680983,-0.00184450613,-0.246705532,-0.0576984063,-0.0225898232,9.84618187,-1.27822468e-05,0.00263493136,-0.00184450613,-0.248642921,-0.000254631042,1
1891,22.139982,0,-0.0081215892,0,0,0.0327438414,-0.0899741873,0.00241655181,-0.246705532,-0.0792535841,-0.0537250787,9.80067635,0.00211774674,-0.00269139092,0.00241655181,-0.248642921,-0.000254631042,1
1892,22.150002,0,-0.00221497891,0,0,0.0193766598,-0.0940172523,0.000286022841,-0.246705532,-0.086438641,-0.0417499803,9.86294651,-1.27822468e-05,-0.000560861954,0.000286022841,-0.248642921,-0.000254631042,1
1893,22.159999,0,0.00590661028,0,0,0.0374059007,-0.0812690705,-0.000779241615,-0.246705532,-0.0696735084,-0.0561200976,9.80307102,0.00105248217,-0.000560861954,-0.000779241615,-0.248642921,-0.000254631042,1
1894,22.169984,0,-0.00959824212,0,0,0.0344814546,-0.0928815827,0.000286022841,-0.246705532,-0.0816486031,-0.0561200976,9.80786133,0.00211774674,-0.00162612647,0.000286022841,-0.248642921,-0.000254631042,1
1895,22.180005,0,0.0073832632,0,0,0.0252806693,-0.0411650762,0.000286022841,-0.246609211,-0.0337482132,-0.0345649198,9.79828167,0.00105248217,-0.000560861954,0.000286022841,-0.248642921,-0.000254631042,1
1896,22.189979,0,-0.0036916316,0,0,-0.0125454627,-0.0835075155,0.000286022841,-0.246609211,-0.084043622,-0.00821970589,9.77433109,0.00211774674,0.0015696669,0.000286022841,-0.248642921,-0.000254631042,1
1897,22.200004,0,-0.00664493674,0,0,-0.0189284775,-0.0794309601,-0.000779241615,-0.246609211,-0.0816486031,-0.00103464653,9.8797121,-0.00107804674,0.000504402502,-0.000779241615,-0.248642921,-0.000254631042,1
1898,22.209979,0,0.00442995783,0,0,0.0123920934,-0.102137499,0.00135128724,-0.246705532,-0.0960187241,-0.0369599424,9.75277615,0.00424827542,0.000504402502,0.00135128724,-0.248642921,-0.000254631042,1
1899,22.220005,0,-0.00959824212,0,0,0.0693190098,-0.101654917,0.00135128724,-0.246705532,-0.0816486031,-0.0920453891,9.78870106,-0.00107804674,-0.00375665538,0.00135128724,-0.248642921,-0.000254631042,1
1900,22.229980,0,0.00442995783,0,0,0.0152824353,-0.110274784,0.00135128724,-0.246705532,-0.103203781,-0.0417499803,9.73601055,-0.00107804674,0.00263493136,0.00135128724,-0.248642921,-0.000254631042,1
1901,22.239976,0,0,0,0,0.0154017992,-0.0411504544,0.000286022841,-0.246705532,-0.0361432321,-0.0249848422,9.8318119,0.00211774674,0.0015696669,0.000286022841,-0.248642921,-0.000254631042,1
1902,22.249983,0,-0.00664493674,0,0,-0.0200495049,-0.054451365,0.00135128724,-0.246609211,-0.0576984063,0.00615041237,9.77672672,-0.00214331108,0.0015696669,0.00135128724,-0.248642921,-0.000254631042,1
1903,22.259980,0,0.0073832632,0,0,0.005492792,-0.0608832091,0.00241655181,-0.246705532,-0.0576984063,-0.0201948043,9.81744194,-1.27822468e-05,-0.00269139092,0.00241655181,-0.248642921,-0.000254631042,1
1904,22.269977,0,-0.0081215892,0,0,0.030489549,-0.0498896837,0.00135128724,-0.246705532,-0.04093327,-0.0417499803,9.7623558,0.0031830112,-0.00162612647,0.00135128724,-0.248642921,-0.000254631042,1
1905,22.279985,0,0.00442995783,0,0,0.0129940333,-0.089940086,0.000286022841,-0.246705532,-0.084043622,-0.0345649198,9.83420658,-1.27822468e-05,-0.00269139092,0.000286022841,-0.248642921,-0.000254631042,1
1906,22.289982,0,0,0,0,0.0194340162,-0.0643906742,0.00135128724,-0.246609211,-0.0576984063,-0.0345649198,9.88210678,-1.27822468e-05,0.00263493136,0.00135128724,-0.248642921,-0.000254631042,1
1907,22.299979,0,-0.00664493674,0,0,0.035651233,-0.0882365778,-0.000779241615,-0.246705532,-0.0768585652,-0.0561200976,9.84139156,-1.27822468e-05,-0.00162612647,-0.000779241615,-0.248642921,-0.000254631042,1
1908,22.310006,0,0.00590661028,0,0,0.0188088194,-0.0864648595,-0.000779241615,-0.246705532,-0.0792535841,-0.0393549614,9.84618187,-1.27822468e-05,0.00263493136,-0.000779241615,-0.248642921,-0.000254631042,1
1909,22.319982,0,-0.0081215892,0,0,0.0559518263,-0.105697982,0.000286022841,-0.246705532,-0.0648834705,-0.0417499803,9.80067635,-1.27822468e-05,0.000504402502,0.000286022841,-0.248642921,-0.000254631042,1
1910,22.330002,0,0.00147665257,0,0,-0.0393049307,-0.101467341,0.000286022841,-0.246705532,-0.0768585652,-0.0393549614,9.74319553,-1.27822468e-05,0.000504402502,0.000286022841,-0.248642921,-0.000254631042,1
1911,22.339978,0,0.00442995783,0,0,0.0461451337,-0.066181317,0.00135128724,-0.246705532,-0.100808762,-0.0752802566,9.81504631,-0.00107804674,0.000504402502,0.00135128724,-0.248642921,-0.000254631042,1
1912,22.349996,0,-0.00959824212,0,0,0.0113075767,-0.0574079826,0.000286022841,-0.246705532,-0.084043622,-0.0345649198,9.79349136,-1.27822468e-05,0.00370019581,0.00241655181,-0.248642921,-0.000254631042,1
1913,22.359981,0,0.00885991566,0,0,0.00194935128,-0.0945680439,-0.000779241615,-0.246705532,-0.0720685273,-0.0417499803,9.82223129,0.00105248217,0.0015696669,-0.00184450613,-0.248642921,-0.000254631042,1
1914,22.370003,0,-0.00959824212,0,0,0.0641795322,-0.0534269474,-0.00290977047,-0.246609211,-0.0768585652,-0.0441449992,9.80786133,-0.00107804674,-0.00269139092,-0.00184450613,-0.248642921,-0.000254631042,1
1915,22.379978,0,0,0,0,0.0106715309,-0.0893551931,-0.000779241615,-0.246705532,-0.084043622,-0.027379863,9.79588604,-1.27822468e-05,0.00263493136,0.00135128724,-0.248642921,-0.000254631042,1
1916,22.390000,0,0.00442995783,0,0,0.0495692082,-0.101620816,-0.000779241615,-0.246705532,-0.086438641,-0.0513300598,9.8270216,0.00105248217,0.000504402502,-0.00184450613,-0.248642921,-0.000254631042,1
1917,22.399985,0,-0.0081215892,0,0,0.0380144976,-0.0690679923,0.000286022841,-0.246609211,-0.0576984063,-0.0537250787,9.79588604,-1.27822468e-05,0.00370019581,0.000286022841,-0.248642921,-0.000254631042,1
1918,22.410002,0,0.00590661028,0,0,0.0176731441,-0.0713600591,0.00135128724,-0.246705532,-0.0648834705,-0.0345649198,9.7791214,-1.27822468e-05,-0.000560861954,0.000286022841,-0.248642921,-0.000254631042,1
1919,22.420045,0,-0.00221497891,0,0,0.0281158853,-0.0789295137,0.00135128724,-0.246705532,-0.0696735084,-0.0465400182,9.85576153,0.00105248217,-0.00162612647,0.00135128724,-0.248642921,-0.000254631042,1
1920,22.429979,0,-0.011074895,0,0,-0.0172496699,-0.111961238,-0.00184450613,-0.246705532,-0.112783857,-0.0106147248,9.79828167,0.00105248217,-0.00162612647,-0.00184450613,-0.248642921,-0.000254631042,1
1921,22.439976,0,0.0103365686,0,0,0.0525107048,-0.0801333934,0.000286022841,-0.246705532,-0.0648834705,-0.0704902187,9.79349136,-1.27822468e-05,-0.00162612647,0.000286022841,-0.248642921,-0.000254631042,1
1922,22.450004,0,-0.0081215892,0,0,0.0240216646,-0.0951870307,0.00241655181,-0.246705532,-0.086438641,-0.0465400182,9.75277615,0.00105248217,0.0015696669,0.00241655181,-0.248642921,-0.000254631042,1
1923,22.459979,0,0,0,0,-0.0166220199,-0.0898905396,-0.000779241615,-0.246609211,-0.0912286863,-0.00582468603,9.7623558,0.00211774674,-0.00269139092,-0.000779241615,-0.248642921,-0.000254631042,1
1924,22.469996,0,0.00442995783,0,0,0.0217404757,-0.0748502463,0.000286022841,-0.246609211,-0.0672784895,-0.0393549614,9.80546665,0.00105248217,0.0015696669,0.000286022841,-0.248642921,-0.000254631042,1
1925,22.480001,0,-0.00959824212,0,0,0.0444245674,-0.0533990189,0.000286022841,-0.246705532,-0.04093327,-0.0561200976,9.80786133,-1.27822468e-05,-0.00162612647,0.000286022841,-0.248642921,-0.000254631042,1
1926,22.489986,0,0.0103365686,0,0,0.104809672,-0.0686061308,0.00135128724,-0.246705532,-0.04093327,-0.118390612,9.8797121,-1.27822468e-05,0.000504402502,0.00135128724,-0.248642921,-0.000254631042,1
1927,22.500002,0,-0.0081215892,0,0,0.0124341324,-0.0823864937,-0.000779241615,-0.246609211,-0.0768585652,-0.0321699008,9.77193642,-1.27822468e-05,-0.00162612647,-0.000779241615,-0.248642921,-0.000254631042,1
1928,22.509976,0,-0.00664493674,0,0,0.0147405956,-0.0928460583,-0.000779241615,-0.246609211,-0.086438641,-0.0369599424,9.77433109,0.00105248217,-0.000560861954,-0.000779241615,-0.248642921,-0.000254631042,1
1929,22.520002,0,0.00590661028,0,0,0.0188258719,-0.0765899569,-0.000779241615,-0.246705532,-0.0696735084,-0.0369599424,9.84139156,0.00211774674,-0.00162612647,-0.000779241615,-0.248642921,-0.000254631042,1
1930,22.529976,0,-0.00959824212,0,0,0.0396942981,-0.101603761,-0.000779241615,-0.246705532,-0.0888336599,-0.0633051544,9.81744194,-1.27822468e-05,0.000504402502,-0.000779241615,-0.248642921,-0.000254631042,1
1931,22.540007,0,0.0073832632,0,0,0.00434006518,-0.055653315,0.00135128724,-0.246705532,-0.0529083684,-0.0177997835,9.84378719,0.00105248217,0.0015696669,0.00135128724,-0.248642921,-0.000254631042,1
1932,22.549981,0,-0.00221497891,0,0,-0.00448442763,-0.120115586,0.000286022841,-0.246705532,-0.117573902,-0.0249848422,9.82941628,0.00105248217,0.0015696669,0.000286022841,-0.248642921,-0.000254631042,1
1933,22.559977,0,-0.00664493674,0,0,0.0263612196,-0.085897021,0.00241655181,-0.246705532,-0.0768585652,-0.0465400182,9.8318119,0.00211774674,0.0015696669,0.00241655181,-0.248642921,-0.000254631042,1
1934,22.569985,0,0.0073832632,0,0,0.0356919393,-0.0684833303,-0.00184450613,-0.246609211,-0.0576984063,-0.0513300598,9.77672672,0.00211774674,-0.000560861954,-0.00184450613,-0.248642921,-0.000254631042,1
1935,22.579982,0,-0.00959824212,0,0,0.0281499941,-0.0591797009,-0.000779241615,-0.246705532,-0.0505133495,-0.0417499803,9.80546665,-1.27822468e-05,0.0015696669,-0.000779241615,-0.248642921,-0.000254631042,1
1936,22.589980,0,0.00147665257,0,0,0.0379737392,-0.0888214633,0.00241655181,-0.246705532,-0.0768585652,-0.0585151166,9.80307102,-0.00107804674,0.0015696669,0.00241655181,-0.248642921,-0.000254631042,1
1937,22.599977,0,0.00442995783,0,0,0.0234367754,-0.0975095332,-0.000779241615,-0.246705532,-0.0888336599,-0.0465400182,9.81265163,0.00105248217,0.000504402502,-0.000779241615,-0.248642921,-0.000254631042,1
1938,22.609984,0,-0.00664493674,0,0,-0.00666660815,-0.0405321047,0.00135128724,-0.246609211,-0.04093327,-0.00342966616,9.76954079,0.00105248217,-0.00269139092,0.00135128724,-0.248642921,-0.000254631042,1
1939,22.619982,0,0.00590661028,0,0,0.0385756753,-0.0766240582,0.000286022841,-0.246705532,-0.0648834705,-0.0561200976,9.84857655,0.00211774674,-0.00482191984,0.000286022841,-0.248642921,-0.000254631042,1
1940,22.629980,0,-0.0081215892,0,0,0.0210972186,-0.106799558,0.00135128724,-0.246705532,-0.0984137431,-0.0465400182,9.77193642,0.00105248217,0.000504402502,0.00135128724,-0.248642921,-0.000254631042,1
1941,22.650005,0,0.00295330514,0,0,-0.00617088377,-0.0875834748,0.00135128724,-0.246705532,-0.086438641,-0.0154047646,9.80546665,-1.27822468e-05,-0.00269139092,0.00135128724,-0.248642921,-0.000254631042,1
1942,22.660023,0,-0.0081215892,0,0,0.0333798863,-0.0580269769,-0.00290977047,-0.246705532,-0.0481183305,-0.0465400182,9.74798584,0.00424827542,-0.00162612647,-0.00290977047,-0.248642921,-0.000254631042,1
1943,22.669986,0,0.00885991566,0,0,0.0949518159,-0.0587141775,0.000286022841,-0.246705532,-0.0337482132,-0.10641551,9.78630638,-0.00107804674,-0.00162612647,0.000286022841,-0.248642921,-0.000254631042,1
1944,22.679998,0,-0.00959824212,0,0,0.0130110858,-0.0800651833,0.000286022841,-0.246705532,-0.0744635463,-0.0321699008,9.78391171,-0.00107804674,0.0015696669,0.000286022841,-0.248642921,-0.000254631042,1
1945,22.689984,0,-0.00516828429,0,0,-0.000373153016,-0.0939831585,0.00135128724,-0.246705532,-0.0912286863,-0.0225898232,9.80546665,0.00105248217,0.000504402502,0.00135128724,-0.248642921,-0.000254631042,1
1946,22.699996,0,0.00442995783,0,0,0.00896801986,-0.0666979998,-0.00184450613,-0.246705532,-0.0624884479,-0.0249848422,9.81744194,-1.27822468e-05,-0.00375665538,-0.00184450613,-0.248642921,-0.000254631042,1
1947,22.709982,0,-0.011074895,0,0,0.0455772951,-0.0586289167,0.00135128724,-0.246705532,-0.0457233116,-0.0585151166,9.79349136,-0.00107804674,0.000504402502,0.00135128724,-0.248642921,-0.000254631042,1
1948,22.719997,0,0.0073832632,0,0,0.00955290906,-0.0643754974,0.00135128724,-0.246705532,-0.0600934289,-0.0249848422,9.80307102,0.00424827542,0.0015696669,0.00135128724,-0.248642921,-0.000254631042,1
1949,22.729985,0,-0.00221497891,0,0,0.0658437759,-0.0958401337,-0.000779241615,-0.246705532,-0.0768585652,-0.0872553512,9.76475143,-0.00214331108,0.000504402502,-0.000779241615,-0.248642921,-0.000254631042,1
1950,22.739998,0,-0.00664493674,0,0,0.0152483275,-0.130024597,0.000286022841,-0.246705532,-0.12236394,-0.0465400182,9.79109669,0.00105248217,0.00263493136,0.000286022841,-0.248642921,-0.000254631042,1
1951,22.749984,0,0.0073832632,0,0,0.0216991622,-0.0946021453,-0.000779241615,-0.246705532,-0.086438641,-0.0441449992,9.84378719,-1.27822468e-05,-0.00162612647,-0.000779241615,-0.248642921,-0.000254631042,1
1952,22.759982,0,-0.00516828429,0,0,0.0641232207,-0.0830578431,0.00241655181,-0.246705532,-0.0648834705,-0.0824653134,9.76714611,-0.00107804674,0.00263493136,0.00241655181,-0.248642921,-0.000254631042,1
1953,22.769979,0,-0.00516828429,0,0,0.0164692644,-0.0957548693,0.00241655181,-0.246705532,-0.0816486031,-0.0489350408,9.77672672,-1.27822468e-05,0.00263493136,0.00241655181,-0.248642921,-0.000254631042,1
1954,22.779975,0,0.00442995783,0,0,0.0560488701,-0.0859071538,0.00241655181,-0.24597311,-0.0696735084,-0.0513300598,9.75038147,0.00211774674,-0.00162612647,0.000286022841,-0.248642921,-0.000254631042,1
1955,22.789983,0,-0.00959824212,0,0,0.0733791366,-0.105147198,0.000286022841,-0.246705532,-0.0768585652,-0.0609101392,9.76475143,-1.27822468e-05,0.000504402502,0.00135128724,-0.248642921,-0.000254631042,1
1956,22.799980,0,0.00885991566,0,0,0.0344814546,-0.0928815827,0.000286022841,-0.246705532,-0.086438641,-0.0441449992,9.77193642,-1.27822468e-05,0.00263493136,-0.00184450613,-0.248642921,-0.000254631042,1
1957,22.809976,0,-0.0036916316,0,0,0.0298535023,-0.0818369016,0.00241655181,-0.246705532,-0.0672784895,-0.0369599424,9.74319553,-1.27822468e-05,0.0015696669,0.00241655181,-0.248642921,-0.000254631042,1
1958,22.819984,0,-0.00516828429,0,0,0.0418933816,-0.121969178,0.00135128724,-0.247437954,-0.0481183305,-0.0728852376,9.78151608,-0.00107804674,0.000504402502,0.00135128724,-0.248642921,-0.000254631042,1
1959,22.829983,0,0.00590661028,0,0,0.0176560953,-0.0812349617,-0.000779241615,-0.246705532,-0.0768585652,-0.0848603323,9.85815716,-1.27822468e-05,-0.000560861954,0.00135128724,-0.248642921,-0.000254631042,1
1960,22.839998,0,-0.00959824212,0,0,0.0472978577,-0.0714112148,-0.000779241615,-0.246705532,-0.0576984063,-0.0106147248,9.83899689,-0.00107804674,-0.00269139092,0.000286022841,-0.248642921,-0.000254631042,1
1961,22.849984,0,0.00590661028,0,0,0.0716835707,-0.0824830979,0.000286022841,-0.246609211,-0.0624884479,-0.0896503702,9.85097218,0.00105248217,-0.000560861954,0.00135128724,-0.248642921,-0.000254631042,1
1962,22.859983,0,0.00295330514,0,0,0.0287081543,-0.0766042471,0.00241655181,-0.246609211,-0.0672784895,-0.0465400182,9.74798584,-1.27822468e-05,-0.000560861954,0.00135128724,-0.248642921,-0.000254631042,1
1963,22.870002,0,-0.0081215892,0,0,0.0164692644,-0.0957548693,-0.00290977047,-0.246705532,-0.0888336599,-0.0393549614,9.80307102,-1.27822468e-05,-0.000560861954,-0.000779241615,-0.248642921,-0.000254631042,1
1964,22.880006,0,0.00885991566,0,0,0.0188599769,-0.0568401441,0.00135128724,-0.246705532,-0.0505133495,-0.0321699008,9.83899689,-0.00214331108,0.00263493136,0.00135128724,-0.248642921,-0.000254631042,1
1965,22.889980,0,-0.00959824212,0,0,0.0170029961,-0.123057075,0.00135128724,-0.246705532,-0.115178876,-0.0465400182,9.79109669,0.00105248217,0.0015696669,0.00135128724,-0.248642921,-0.000254631042,1
1966,22.900000,0,0.00147665257,0,0,0.0240216646,-0.0951870307,0.000286022841,-0.246705532,-0.086438641,-0.0465400182,9.81744194,0.00105248217,0.00370019581,0.000286022841,-0.248642921,-0.000254631042,1
1967,22.909985,0,0.00442995783,0,0,0.00951880403,-0.0841253027,-0.000779241615,-0.246705532,-0.0792535841,-0.0297748819,9.80067635,-1.27822468e-05,0.000504402502,-0.000779241615,-0.248642921,-0.000254631042,1
1968,22.920000,0,-0.0081215892,0,0,0.030421339,-0.0893893018,0.00135128724,-0.246705532,-0.0792535841,-0.0513300598,9.79828167,-0.00107804674,-0.000560861954,0.00135128724,-0.248642921,-0.000254631042,1
1969,22.929985,0,0.00885991566,0,0,0.0589274317,-0.0644607544,0.00241655181,-0.246705532,-0.0481183305,-0.0728852376,9.80546665,-0.00107804674,0.0015696669,0.00241655181,-0.248642921,-0.000254631042,1
1970,22.940002,0,0.00295330514,0,0,0.0618007146,-0.0824729502,-0.00184450613,-0.246705532,-0.0648834705,-0.0800702944,9.79588604,-1.27822468e-05,-0.00269139092,-0.00184450613,-0.248642921,-0.000254631042,1
1971,22.949976,0,-0.00516828429,0,0,0.0112734707,-0.077157788,0.00135128724,-0.246705532,-0.0720685273,-0.0297748819,9.79588604,-1.27822468e-05,0.000504402502,0.00135128724,-0.248642921,-0.000254631042,1
1972,22.960000,0,0.00590661028,0,0,-0.0137062324,-0.0782764107,-0.00184450613,-0.246705532,-0.0792535841,-0.00582468603,9.77193642,-0.00107804674,-0.00162612647,-0.00184450613,-0.248642921,-0.000254631042,1
1973,22.969986,0,-0.011074895,0,0,0.0525859632,-0.0702149346,0.000286022841,-0.245876789,-0.0553033873,-0.0680951998,9.81504631,0.00105248217,-0.000560861954,0.000286022841,-0.248642921,-0.000254631042,1
1974,22.980004,0,0.00885991566,0,0,0.0170882549,-0.0736825615,0.00135128724,-0.246705532,-0.0672784895,-0.0345649198,9.80067635,0.00105248217,0.000504402502,0.00135128724,-0.248642921,-0.000254631042,1
1975,22.989979,0,0,0,0,0.0502905101,-0.0202990789,0.00135128724,-0.246705532,-0.0074029956,-0.0537250787,9.81025696,0.00105248217,-0.000560861954,0.00135128724,-0.248642921,-0.000254631042,1
1976,22.999997,0,-0.00959824212,0,0,0.0472467057,-0.101035923,0.000286022841,-0.246705532,-0.086438641,-0.0704902187,9.81025696,-0.00214331108,0.000504402502,0.000286022841,-0.248642921,-0.000254631042,1
1977,23.009999,0,0.0103365686,0,0,-0.0491217598,-0.0718303099,0.00135128724,-0.246609211,-0.0816486031,0.0301006082,9.79828167,-1.27822468e-05,-0.000560861954,0.00135128724,-0.248642921,-0.000254631042,1
1978,23.019985,0,-0.0081215892,0,0,0.0693287998,-0.101648241,0.000286022841,-0.246609211,-0.0816486031,-0.0920453891,9.79349136,0.00105248217,0.0015696669,0.000286022841,-0.248642921,-0.000254631042,1
1979,23.030005,0,0,0,0,0.0617764555,-0.10221681,0.00241655181,-0.246609211,-0.084043622,-0.0848603323,9.84857655,0.00105248217,0.0015696669,0.00241655181,-0.248642921,-0.000254631042,1
1980,23.039979,0,0.00590661028,0,0,0.0106962388,-0.0794792697,0.000286022841,-0.246609211,-0.0744635463,-0.0297748819,9.81983662,0.0031830112,0.000504402502,0.000286022841,-0.248642921,-0.000254631042,1
1981,23.050005,0,-0.011074895,0,0,0.0165267885,-0.0661285743,-0.00184450613,-0.246609211,-0.0600934289,-0.0321699008,9.72643089,0.0031830112,-0.00162612647,-0.00184450613,-0.248642921,-0.000254631042,1
1982,23.060004,0,0.00885991566,0,0,-0.00271270843,-0.103273168,-0.00184450613,-0.246705532,-0.100808762,-0.0225898232,9.79588604,-0.00107804674,0.0015696669,-0.00184450613,-0.248642921,-0.000254631042,1
1983,23.069997,0,-0.0081215892,0,0,0.0420588516,-0.0824347958,0.000286022841,-0.246609211,-0.0696735084,-0.0609101392,9.81744194,-1.27822468e-05,-0.00162612647,0.000286022841,-0.248642921,-0.000254631042,1
1984,23.079982,0,-0.00516828429,0,0,0.0385508612,-0.0963701531,0.00241655181,-0.246609211,-0.084043622,-0.0609101392,9.80307102,0.0031830112,0.0015696669,0.00241655181,-0.248642921,-0.000254631042,1
1985,23.089980,0,0.00590661028,0,0,0.00369635574,-0.0974750817,0.00241655181,-0.246609211,-0.0936237052,-0.027379863,9.81983662,0.00105248217,0.000504402502,0.00241655181,-0.248642921,-0.000254631042,1
1986,23.099977,0,-0.011074895,0,0,-0.0230050329,-0.0858139768,0.00135128724,-0.246609211,-0.0888336599,0.00136037311,9.82462692,-0.00107804674,0.0015696669,0.00135128724,-0.248642921,-0.000254631042,1
1987,23.109984,0,0.0073832632,0,0,0.0182968881,-0.0492859818,0.00135128724,-0.246609211,-0.0433282889,-0.0297748819,9.84139156,0.00105248217,-0.000560861954,0.00135128724,-0.248642921,-0.000254631042,1
1988,23.119981,0,0.00442995783,0,0,0.00664551556,-0.0661131069,0.00135128724,-0.246705532,-0.0624884479,-0.0225898232,9.74319553,-1.27822468e-05,0.000504402502,0.00135128724,-0.248642921,-0.000254631042,1
1989,23.129978,0,-0.0081215892,0,0,0.0135789216,-0.0876175836,0.00241655181,-0.246705532,-0.0816486031,-0.0345649198,9.75517082,0.00105248217,-0.00162612647,0.00241655181,-0.248642921,-0.000254631042,1
1990,23.139986,0,0.00885991566,0,0,0.0437806398,-0.0952169225,0.000286022841,-0.246609211,-0.0816486031,-0.0657001734,9.74798584,0.00105248217,-0.00162612647,0.000286022841,-0.248642921,-0.000254631042,1
1991,23.149984,0,-0.0081215892,0,0,0.0426596142,-0.0702373236,0.000286022841,-0.246609211,-0.0576984063,-0.0585151166,9.8270216,-1.27822468e-05,-0.00162612647,0.000286022841,-0.248642921,-0.000254631042,1
1992,23.159982,0,-0.0036916316,0,0,0.0536233485,-0.114982836,0.00348181627,-0.246609211,-0.0984137431,-0.0800702944,9.79109669,-0.00107804674,0.0015696669,0.00348181627,-0.248642921,-0.000254631042,1
1993,23.170005,0,0.0073832632,0,0,0.0252184737,-0.130023211,0.00135128724,-0.24597311,-0.119968921,-0.0561200976,9.77672672,-1.27822468e-05,-0.00162612647,0.00135128724,-0.248642921,-0.000254631042,1
1994,23.179978,0,-0.011074895,0,0,-0.0172326192,-0.102086335,0.00241655181,-0.246705532,-0.103203781,-0.00821970589,9.78870106,-0.00107804674,0.000504402502,0.00241655181,-0.248642921,-0.000254631042,1
1995,23.189996,0,0.00885991566,0,0,-0.0182961989,-0.0869967267,0.00241655181,-0.245876789,-0.0888336599,-0.00342966616,9.75277615,-0.00214331108,0.000504402502,0.00241655181,-0.248642921,-0.000254631042,1
1996,23.199983,0,-0.00516828429,0,0,0.0298452862,-0.0917089358,0.000286022841,-0.246609211,-0.0816486031,-0.0513300598,9.7623558,0.00105248217,0.0015696669,0.000286022841,-0.248642921,-0.000254631042,1
1997,23.210000,0,-0.00664493674,0,0,0.0106640365,-0.0992290825,0.000286022841,-0.246609211,-0.0936237052,-0.0345649198,9.75038147,-1.27822468e-05,-0.00269139092,0.000286022841,-0.248642921,-0.000254631042,1
1998,23.219986,0,0.0073832632,0,0,0.0420427471,-0.0841726884,-0.000779241615,-0.246609211,-0.0720685273,-0.0585151166,9.81265163,0.00105248217,0.00263493136,-0.000779241615,-0.248642921,-0.000254631042,1
1999,23.229998,0,-0.00959824212,0,0,0.00838313065,-0.0690205023,-0.00184450613,-0.246705532,-0.0744635463,-0.0585151166,9.77193642,0.00105248217,-0.00162612647,-0.00290977047,-0.248642921,-0.000254631042,1
2000,23.239984,0,0.00295330514,0,0,0.0264044907,-0.105627522,0.000286022841,-0.24597311,-0.0600934289,-0.0585151166,9.78870106,-1.27822468e-05,0.0015696669,0.000286022841,-0.248642921,-0.000254631042,1
2001,23.250003,0,0.00295330514,0,0,0.0200186819,-0.0620681122,-0.00290977047,-0.246609211,-0.086438641,-0.0154047646,9.80786133,-1.27822468e-05,0.0015696669,-0.00290977047,-0.248642921,-0.000254631042,1
2002,23.259977,0,-0.0081215892,0,0,0.032704208,-0.119595759,0.00135128724,-0.246609211,-0.0481183305,-0.0537250787,9.75038147,-0.00320857554,-0.000560861954,0.00135128724,-0.248642921,-0.000254631042,1
2003,23.270003,0,0.0073832632,0,0,0.0124091441,-0.0922625884,0.00241655181,-0.246705532,-0.086438641,-0.0633051544,9.74798584,0.00105248217,-0.00162612647,0.000286022841,-0.248642921,-0.000254631042,1
2004,23.280003,0,-0.00959824212,0,0,0.0443654545,-0.0830279887,-0.000779241615,-0.246801376,-0.146314129,-0.0561200976,9.76954079,0.00105248217,-0.000560861954,-0.000779241615,-0.248642921,-0.000254631042,1
2005,23.289978,0,0.00295330514,0,0,0.0396942981,-0.101603761,0.000286022841,-0.246705532,-0.0888336599,-0.0633051544,9.83420658,-1.27822468e-05,-0.000560861954,-0.000779241615,-0.248642921,-0.000254631042,1
2006,23.299998,0,0.00147665257,0,0,0.0583006702,-0.0964023545,0.000286022841,-0.246609211,-0.0792535841,-0.0800702944,9.7791214,0.00105248217,-0.00162612647,0.00241655181,-0.248642921,-0.000254631042,1
2007,23.309983,0,-0.00516828429,0,0,0.0367869101,-0.103341378,0.00348181627,-0.246705532,-0.0912286863,-0.0609101392,9.78870106,0.00211774674,-0.00269139092,0.00241655181,-0.248642921,-0.000254631042,1
2008,23.320003,0,0.00590661028,0,0,0.0867366344,-0.101112448,0.000286022841,-0.246801376,-0.0768585652,-0.108810529,9.75996113,-0.00107804674,0.000504402502,-0.000779241615,-0.248642921,-0.000254631042,1
