Index,Time,(odometrySubsystem).z[0],(odometrySubsystem).z[1],(odometrySubsystem).z[2],(odometrySubsystem).z[3],(odometrySubsystem).z[4],(odometrySubsystem).z[5],(odometrySubsystem).z[6],(odometrySubsystem).z[7],((((((aruwsrc::standard::DriversSingleton::drivers).mpu6500).imuData).accG).coordinates_).data)._M_elems[0],((((((aruwsrc::standard::DriversSingleton::drivers).mpu6500).imuData).accG).coordinates_).data)._M_elems[1],((((((aruwsrc::standard::DriversSingleton::drivers).mpu6500).imuData).accG).coordinates_).data)._M_elems[2],((((((aruwsrc::standard::DriversSingleton::drivers).mpu6500).imuData).gyroRadPerSec).coordinates_).data)._M_elems[0],((((((aruwsrc::standard::DriversSingleton::drivers).mpu6500).imuData).gyroRadPerSec).coordinates_).data)._M_elems[1],((((((aruwsrc::standard::DriversSingleton::drivers).mpu6500).imuData).gyroRadPerSec).coordinates_).data)._M_elems[2],(odometrySubsystem).chassisYaw,(odometrySubsystem).yawOffset,(odometrySubsystem).yawOffsetInitialized
0,0.000000,0,0,0,0,0.0528853461,-0.111763664,0.00135128724,-0.141273022,-0.084043622,-0.0752802566,9.83660221,-1.27822468e-05,0.0015696669,0.000286022841,-0.141027793,-0.000254631042,1
1,0.010004,0,0,0,0,0.0437273681,-0.0911082476,0.00135128724,-0.141273022,-0.084043622,-0.0561200976,9.8318119,-0.00107804674,0.000504402502,0.00135128724,-0.141032353,-0.000254631042,1
2,0.019977,0,0,0,0,0.0579543263,-0.0931316167,-0.00184450613,-0.141273022,-0.084043622,-0.0704902187,9.85097218,-0.00107804674,-0.000560861954,-0.00290977047,-0.141039014,-0.000254631042,1
3,0.029986,0,0,0,0,0.0565842725,-0.0687455684,-0.00184450613,-0.141273022,-0.0600934289,-0.0657001734,9.80067635,-0.00107804674,-0.00162612647,-0.000779241615,-0.1410615,-0.000254631042,1
4,0.039984,0,0,0,0,0.0751951858,-0.039943859,0.00241655181,-0.141273022,-0.0289581716,-0.0800702944,9.76475143,0.00105248217,0.0015696669,0.00135128724,-0.141053692,-0.000254631042,1
5,0.049982,0,0,0,0,0.0450762771,-0.0816236138,-0.00184450613,-0.141273022,-0.0744635463,-0.0561200976,9.79349136,0.00105248217,0.0015696669,-0.00184450613,-0.141056538,-0.000254631042,1
6,0.059979,0,0,0,0,0.0189935211,-0.0779141188,-0.00184450613,-0.141273022,-0.0744635463,-0.0297748819,9.8318119,0.00105248217,-0.00375665538,-0.00184450613,-0.141070038,-0.000254631042,1
7,0.069986,0,0,0,0,0.0637083203,-0.086692594,-0.00397503516,-0.141273022,-0.0768585652,-0.0752802566,9.77193642,-0.00107804674,0.000504402502,-0.00397503516,-0.141078189,-0.000254631042,1
8,0.079984,0,0,0,0,0.0270658359,0.0128643969,-0.000779241615,-0.141273022,0.0165472012,-0.0249848422,9.83420658,0.00105248217,-0.000560861954,-0.000779241615,-0.141097024,-0.000254631042,1
9,0.089981,0,0,0,0,0.0308598857,-0.0965356007,0.00135128724,-0.141273022,-0.0912286863,-0.0441449992,9.71685123,0.00105248217,0.0015696669,0.00135128724,-0.141092613,-0.000254631042,1
10,0.099978,0,0,0,0,0.0389744788,-0.0734984577,-0.000779241615,-0.141273022,-0.0672784895,-0.0489350408,9.77433109,-0.00107804674,-0.00162612647,-0.000779241615,-0.141101211,-0.000254631042,1
11,0.109997,0,0,0,0,0.0511694625,-0.0897536725,0.00135128724,-0.141368866,-0.0816486031,-0.0633051544,9.84139156,-1.27822468e-05,-0.00162612647,0.00135128724,-0.141085431,-0.000254631042,1
12,0.119983,0,0,0,0,0.0406547077,-0.0616465509,-0.00184450613,-0.141368866,-0.0553033873,-0.0489350408,9.78151608,-1.27822468e-05,0.0015696669,-0.00184450613,-0.14109689,-0.000254631042,1
13,0.130001,0,0,0,0,0.0457718708,-0.110751979,-0.000779241615,-0.141273022,-0.103203781,-0.0609101392,9.79349136,0.00105248217,0.000504402502,-0.000779241615,-0.141114235,-0.000254631042,1
14,0.139977,0,0,0,0,0.0718440488,-0.0975261331,0.000286022841,-0.141273022,-0.086438641,-0.0848603323,9.75277615,-0.00107804674,-0.00162612647,0.000286022841,-0.141114816,-0.000254631042,1
15,0.149999,0,0,0,0,0.0362678021,-0.0924711972,0.00241655181,-0.141368866,-0.086438641,-0.0489350408,9.75038147,0.00211774674,0.000504402502,0.00241655181,-0.141108841,-0.000254631042,1
16,0.159984,0,0,0,0,0.0349090323,-0.0850203708,0.000286022841,-0.141368866,-0.0792535841,-0.0465400182,9.83420658,0.00105248217,0.00263493136,0.000286022841,-0.141108751,-0.000254631042,1
17,0.170000,0,0,0,0,0.0223763622,-0.0711378679,0.000286022841,-0.141273022,-0.0672784895,-0.0321699008,9.81504631,-0.00107804674,0.0015696669,0.000286022841,-0.141110405,-0.000254631042,1
18,0.180007,0,0,0,0,0.00985667948,-0.0911293849,-0.000779241615,-0.141273022,-0.0888336599,-0.0225898232,9.89887238,-1.27822468e-05,0.000504402502,-0.000779241615,-0.141112447,-0.000254631042,1
19,0.189982,0,0,0,0,0.0626876503,-0.0938120708,-0.000779241615,-0.141368866,-0.084043622,-0.0752802566,9.85097218,-0.00107804674,0.000504402502,-0.000779241615,-0.141116798,-0.000254631042,1
20,0.200002,0,0,0,0,0.0183111448,-0.0826581866,-0.000779241615,-0.141368866,-0.0792535841,-0.0297748819,9.78391171,-0.00107804674,-0.00269139092,-0.000779241615,-0.14110674,-0.000254631042,1
21,0.209977,0,0,0,0,0.0118726725,-0.0769035667,-0.000779241615,-0.141368866,-0.0744635463,-0.0225898232,9.82462692,0.0031830112,0.000504402502,-0.000779241615,-0.141119331,-0.000254631042,1
22,0.219985,0,0,0,0,0.0555563718,-0.0589290261,-0.000779241615,-0.141368866,-0.0505133495,-0.0633051544,9.77193642,-1.27822468e-05,-0.00162612647,-0.000779241615,-0.141137198,-0.000254631042,1
23,0.229983,0,0,0,0,0.0965583324,-0.0937941819,0.00135128724,-0.141368866,-0.0792535841,-0.108810529,9.85336685,0.00105248217,0.00263493136,0.00135128724,-0.141138658,-0.000254631042,1
24,0.239978,0,0,0,0,0.0799425542,-0.0575613156,0.00135128724,-0.141368866,-0.0457233116,-0.0872553512,9.81265163,0.00211774674,-0.000560861954,0.00135128724,-0.141135007,-0.000254631042,1
25,0.249976,0,0,0,0,0.0623501949,-0.0961832032,-0.000779241615,-0.141368866,-0.086438641,-0.0752802566,9.79588604,-1.27822468e-05,-0.00269139092,-0.000779241615,-0.141134843,-0.000254631042,1
26,0.259984,0,0,0,0,0.0484698266,-0.108722694,0.00135128724,-0.141368866,-0.100808762,-0.0633051544,9.75277615,-0.00107804674,0.0015696669,0.00135128724,-0.141127482,-0.000254631042,1
27,0.269981,0,0,0,0,0.0460897572,-0.091449894,-0.000779241615,-0.141368866,-0.084043622,-0.0585151166,9.84378719,-0.00107804674,-0.00162612647,-0.000779241615,-0.141125396,-0.000254631042,1
28,0.279977,0,0,0,0,0.0101939067,-0.0887582302,0.000286022841,-0.141273022,-0.086438641,-0.0225898232,9.82462692,-1.27822468e-05,-0.00162612647,0.000286022841,-0.141131848,-0.000254631042,1
29,0.289985,0,0,0,0,0.05997907,-0.095845744,-0.000779241615,-0.141368866,-0.086438641,-0.0728852376,9.82223129,-0.00214331108,0.000504402502,-0.000779241615,-0.141134068,-0.000254631042,1
30,0.300001,0,0,0,0,0.0193324536,-0.0924801454,0.00135128724,-0.141368866,-0.0888336599,-0.0321699008,9.80067635,-1.27822468e-05,-0.00482191984,0.00135128724,-0.141135454,-0.000254631042,1
31,0.309976,0,0,0,0,-0.033150848,-0.104365803,0.000286022841,-0.141273022,-0.107993819,0.0181255098,9.8270216,-1.27822468e-05,-0.00162612647,0.000286022841,-0.141137064,-0.000254631042,1
32,0.320003,0,0,0,0,0.0548770055,-0.0467306785,0.00135128724,-0.141273022,-0.0385382511,-0.0609101392,9.78630638,0.00105248217,-0.000560861954,0.00135128724,-0.14113681,-0.000254631042,1
33,0.329978,0,0,0,0,0.0149097629,-0.0555634275,0.00135128724,-0.141368866,-0.0529083684,-0.0225898232,9.72643089,0.00105248217,-0.00162612647,0.00135128724,-0.141124681,-0.000254631042,1
34,0.340002,0,0,0,0,0.0623323061,-0.0623125136,0.00135128724,-0.141368866,-0.0529083684,-0.0704902187,9.81265163,-1.27822468e-05,-0.00162612647,0.00135128724,-0.141120896,-0.000254631042,1
35,0.349977,0,0,0,0,0.0542155057,-0.0853488743,0.000286022841,-0.141368866,-0.0768585652,-0.0657001734,9.74319553,-1.27822468e-05,0.0015696669,0.000286022841,-0.141120747,-0.000254631042,1
36,0.359999,0,0,0,0,0.0349066108,-0.0680816844,-0.000779241615,-0.141273022,-0.0624884479,-0.0441449992,9.79109669,-1.27822468e-05,0.000504402502,-0.000779241615,-0.141124368,-0.000254631042,1
37,0.369984,0,0,0,0,0.0619799085,-0.0308070164,-0.000779241615,-0.141273022,-0.0217731129,-0.0657001734,9.80307102,-0.00107804674,-0.00162612647,-0.000779241615,-0.141136631,-0.000254631042,1
38,0.380006,0,0,0,0,0.0718257576,-0.0805976763,0.000286022841,-0.141368866,-0.0912286863,-0.0609101392,9.79109669,0.0031830112,0.00263493136,0.000286022841,-0.141144529,-0.000254631042,1
39,0.390129,0,0,0,0,0.0514890291,-0.0535118654,0.00135128724,-0.141368866,-0.0457233116,-0.0585151166,9.79349136,-1.27822468e-05,0.000504402502,0.00135128724,-0.141156629,-0.000254631042,1
40,0.399983,0,0,0,0,0.0355660543,-0.0464074276,0.00135128724,-0.141368866,-0.0624884479,-0.0489350408,9.86534214,-0.00107804674,0.0015696669,-0.000779241615,-0.141161531,-0.000254631042,1
41,0.410000,0,0,0,0,0.0386299826,-0.0758733153,-0.00184450613,-0.141368866,-0.0936237052,-0.0393549614,9.83660221,-0.00107804674,-0.000560861954,0.000286022841,-0.141162768,-0.000254631042,1
42,0.419985,0,0,0,0,0.0477680862,-0.0626589134,0.000286022841,-0.141368866,-0.0720685273,-0.0609101392,9.83420658,0.00105248217,-0.00162612647,-0.000779241615,-0.141167507,-0.000254631042,1
43,0.430007,0,0,0,0,0.05997907,-0.095845744,0.00135128724,-0.141368866,-0.0433282889,-0.0393549614,9.76475143,0.00424827542,0.00263493136,-0.000779241615,-0.141168937,-0.000254631042,1
44,0.439980,0,0,0,0,0.0382746309,-0.0443737544,0.00135128724,-0.141368866,-0.0960187241,-0.0321699008,9.8270216,-0.00107804674,0.0015696669,0.00348181627,-0.141171843,-0.000254631042,1
45,0.450004,0,0,0,0,0.0596416146,-0.0982168689,-0.00184450613,-0.141368866,-0.0313531905,-0.0704902187,9.81025696,-0.00107804674,-0.00269139092,-0.00290977047,-0.141171083,-0.000254631042,1
46,0.459979,0,0,0,0,0.0244032126,-0.0738485903,-0.000779241615,-0.141368866,-0.0960187241,0.00136037311,9.83660221,0.00211774674,-0.00162612647,-0.00184450613,-0.141179189,-0.000254631042,1
47,0.470006,0,0,0,0,0.0376265608,-0.0999220386,-0.000779241615,-0.141368866,-0.0600934289,-0.0704902187,9.79828167,-0.00214331108,0.0015696669,-0.000779241615,-0.141181916,-0.000254631042,1
48,0.479981,0,0,0,0,0.0555742718,-0.0927997082,-0.00290977047,-0.141368866,-0.084043622,-0.0680951998,9.84618187,0.00105248217,0.000504402502,-0.00184450613,-0.141188085,-0.000254631042,1
49,0.490007,0,0,0,0,0.0393048897,-0.0711310655,-0.000779241615,-0.141368866,-0.0648834705,-0.0489350408,9.7096653,0.0031830112,0.000504402502,-0.00184450613,-0.141201362,-0.000254631042,1
50,0.499981,0,0,0,0,0.044713106,-0.0501283705,0.000286022841,-0.141368866,-0.0433282889,-0.0513300598,9.80786133,-1.27822468e-05,0.0015696669,0.00135128724,-0.141211316,-0.000254631042,1
51,0.510006,0,0,0,0,0.0711240098,-0.034533903,0.00135128724,-0.141368866,-0.0241681337,-0.0752802566,9.80786133,0.00105248217,-0.000560861954,0.00135128724,-0.141212016,-0.000254631042,1
52,0.519980,0,0,0,0,0.0101943463,-0.105694547,0.00348181627,-0.141368866,-0.103203781,-0.0249848422,9.79109669,0.00105248217,0.0015696669,0.00348181627,-0.141197115,-0.000254631042,1
53,0.530005,0,0,0,0,0.0450505614,-0.0477572456,0.00348181627,-0.141368866,-0.04093327,-0.0513300598,9.81983662,0.00105248217,0.000504402502,0.00348181627,-0.141188815,-0.000254631042,1
54,0.540004,0,0,0,0,0.0474685654,-0.115831524,0.00135128724,-0.141273022,-0.107993819,-0.0633051544,9.84139156,-1.27822468e-05,0.0015696669,0.00135128724,-0.141190499,-0.000254631042,1
55,0.549979,0,0,0,0,0.0257592015,-0.064361617,0.000286022841,-0.141273022,-0.0600934289,-0.0345649198,9.81744194,-1.27822468e-05,-0.000560861954,0.000286022841,-0.141182244,-0.000254631042,1
56,0.559976,0,0,0,0,0.0738504827,-0.0663709119,0.00135128724,-0.141368866,-0.0553033873,-0.0824653134,9.79588604,0.00105248217,-0.000560861954,0.00135128724,-0.141176403,-0.000254631042,1
57,0.569985,0,0,0,0,0.062327709,-0.0453712009,-0.00184450613,-0.141273022,-0.0361432321,-0.0680951998,9.85097218,-0.00107804674,0.000504402502,-0.00184450613,-0.141174451,-0.000254631042,1
58,0.579982,0,0,0,0,0.0596404597,-0.0812758207,0.00135128724,-0.141273022,-0.0720685273,-0.0704902187,9.75277615,-0.00214331108,-0.00162612647,0.00135128724,-0.141175434,-0.000254631042,1
59,0.589978,0,0,0,0,0.0213329736,-0.0274453145,0.000286022841,-0.141273022,-0.0241681337,-0.0249848422,9.81025696,0.00105248217,0.000504402502,0.000286022841,-0.141168997,-0.000254631042,1
60,0.599986,0,0,0,0,0.0535386577,-0.0731506646,-0.00184450613,-0.141273022,-0.0648834705,-0.0633051544,9.78391171,-1.27822468e-05,0.00370019581,-0.00184450613,-0.141175047,-0.000254631042,1
61,0.609983,0,0,0,0,0.0599988252,-0.112775348,0.000286022841,-0.141273022,-0.103203781,-0.0752802566,9.81265163,0.00105248217,-0.00375665538,0.000286022841,-0.141184717,-0.000254631042,1
62,0.619980,0,0,0,0,0.0240730662,-0.0762174129,0.000286022841,-0.141273022,-0.0720685273,-0.0345649198,9.80067635,0.00424827542,0.000504402502,0.000286022841,-0.141190827,-0.000254631042,1
63,0.629978,0,0,0,0,0.0630426332,-0.0914288685,0.000286022841,-0.141177177,-0.0816486031,-0.0752802566,9.72164059,0.00211774674,0.0015696669,0.000286022841,-0.141185895,-0.000254631042,1
64,0.660004,0,0,0,0,0.0759013444,-0.0860075653,-0.00184450613,-0.141273022,-0.0744635463,-0.0872553512,9.79349136,-1.27822468e-05,0.00370019581,-0.00184450613,-0.141181648,-0.000254631042,1
65,0.669980,0,0,0,0,0.0403128155,-0.0470784754,-0.000779241615,-0.141273022,-0.04093327,-0.0465400182,9.75038147,-0.00214331108,0.0015696669,-0.000779241615,-0.141182438,-0.000254631042,1
66,0.679997,0,0,0,0,0.0467569046,-0.0528279953,-0.00184450613,-0.141177177,-0.0457233116,-0.0537250787,9.81265163,-1.27822468e-05,-0.00162612647,-0.00184450613,-0.141178653,-0.000254631042,1
67,0.689983,0,0,0,0,0.0477922857,-0.0795851052,0.000286022841,-0.141177177,-0.0720685273,-0.0585151166,9.79349136,0.00105248217,0.000504402502,0.000286022841,-0.141183153,-0.000254631042,1
68,0.699996,0,0,0,0,0.0779564157,-0.122586638,-0.00184450613,-0.141273022,-0.110388838,-0.0944404155,9.81025696,-1.27822468e-05,-0.000560861954,-0.00184450613,-0.141171396,-0.000254631042,1
69,0.709983,0,0,0,0,0.0681028515,-0.072802864,0.000286022841,-0.141273022,-0.0624884479,-0.0776752755,9.80546665,-1.27822468e-05,0.000504402502,0.000286022841,-0.141179383,-0.000254631042,1
70,0.720006,0,0,0,0,0.0227030218,-0.0518313646,-0.000779241615,-0.141273022,-0.0481183305,-0.0297748819,9.78391171,0.00211774674,0.00263493136,-0.000779241615,-0.141178459,-0.000254631042,1
71,0.730037,0,0,0,0,0.0890849158,-0.0443383791,-0.000779241615,-0.141273022,-0.0313531905,-0.0944404155,9.81983662,-1.27822468e-05,0.00263493136,-0.000779241615,-0.141195044,-0.000254631042,1
72,0.739984,0,0,0,0,0.075237453,-0.107685231,0.00135128724,-0.141273022,-0.0960187241,-0.0896503702,9.77433109,-0.00320857554,0.00263493136,0.00135128724,-0.141186655,-0.000254631042,1
73,0.749981,0,0,0,0,0.0684506372,-0.0873670503,-0.00184450613,-0.141273022,-0.0768585652,-0.0800702944,9.75756645,-0.00107804674,-0.000560861954,-0.00184450613,-0.141185984,-0.000254631042,1
74,0.759979,0,0,0,0,0.0383000225,-0.0782407746,0.000286022841,-0.141273022,-0.0720685273,-0.0489350408,9.81744194,-0.00214331108,-0.00269139092,0.000286022841,-0.141188622,-0.000254631042,1
75,0.769981,0,0,0,0,0.0467624106,-0.0697678179,-0.000779241615,-0.141273022,-0.0624884479,-0.0561200976,9.84618187,-1.27822468e-05,-0.000560861954,-0.000779241615,-0.141196579,-0.000254631042,1
76,0.779978,0,0,0,0,0.0210274532,-0.0806225017,0.000286022841,-0.141273022,-0.0768585652,-0.0321699008,9.7623558,-0.00320857554,-0.000560861954,0.000286022841,-0.141188487,-0.000254631042,1
77,0.789975,0,0,0,0,0.0108683612,-0.0840159133,0.00241655181,-0.141273022,-0.0816486031,-0.0225898232,9.76954079,-1.27822468e-05,0.00263493136,0.00241655181,-0.141182095,-0.000254631042,1
78,0.799984,0,0,0,0,0.0501558222,-0.079926908,0.000286022841,-0.141273022,-0.0720685273,-0.0609101392,9.80307102,0.00211774674,0.00263493136,0.000286022841,-0.141177475,-0.000254631042,1
79,0.809981,0,0,0,0,0.0399861597,-0.0663849786,-0.000779241615,-0.141273022,-0.0600934289,-0.0489350408,9.83420658,-1.27822468e-05,0.00263493136,-0.000779241615,-0.141172841,-0.000254631042,1
80,0.819979,0,0,0,0,0.0403445251,-0.0988961905,0.000286022841,-0.141273022,-0.0912286863,-0.0609101392,9.78151608,-0.00107804674,-0.00162612647,0.000286022841,-0.141178936,-0.000254631042,1
81,0.830004,0,0,0,0,0.0359077267,-0.0782196373,-0.00184450613,-0.141273022,-0.0672784895,-0.0824653134,9.80307102,-1.27822468e-05,0.000504402502,-0.00184450613,-0.141186818,-0.000254631042,1
82,0.839979,0,0,0,0,0.0779141411,-0.0548452698,-0.00184450613,-0.141273022,-0.100808762,-0.0800702944,9.76954079,0.00105248217,0.0015696669,0.00241655181,-0.141192928,-0.000254631042,1
83,0.850157,0,0,0,0,0.0105317999,-0.103323422,0.00241655181,-0.141368866,-0.100808762,-0.0249848422,9.78391171,-0.00107804674,-0.000560861954,0.00241655181,-0.141184613,-0.000254631042,1
84,0.859984,0,0,0,0,0.0362766609,-0.0924677253,0.00241655181,-0.141273022,-0.0576984063,-0.0489350408,9.81504631,-0.00107804674,0.00476546027,-0.000779241615,-0.141171396,-0.000254631042,1
85,0.869981,0,0,0,0,0.0654050335,-0.0917721391,0.00135128724,-0.141273022,-0.0553033873,-0.0249848422,9.8270216,-1.27822468e-05,0.000504402502,0.000286022841,-0.14116852,-0.000254631042,1
86,0.879999,0,0,0,0,0.0545440055,-0.0660424009,-0.00290977047,-0.141368866,-0.0984137431,-0.0225898232,9.79828167,0.00105248217,-0.000560861954,-0.00290977047,-0.141191602,-0.000254631042,1
87,0.889997,0,0,0,0,0.0138928387,-0.0457401313,-0.000779241615,-0.141273022,-0.107993819,-0.104020491,9.84378719,-1.27822468e-05,0.00263493136,-0.000779241615,-0.141203701,-0.000254631042,1
88,0.899983,0,0,0,0,0.0200052038,-0.0708006397,-0.00184450613,-0.141273022,-0.0457233116,-0.0728852376,9.86055183,-0.00107804674,-0.00375665538,-0.00184450613,-0.141215116,-0.000254631042,1
89,0.910000,0,0,0,0,0.0586287789,-0.0883892998,0.000286022841,-0.141273022,-0.084043622,-0.0920453891,9.78391171,-1.27822468e-05,-0.00269139092,-0.00184450613,-0.141217604,-0.000254631042,1
90,0.919985,0,0,0,0,0.0447284803,-0.067059435,0.00135128724,-0.141273022,-0.0600934289,-0.0609101392,9.87252712,0.00211774674,0.00263493136,0.00135128724,-0.141223595,-0.000254631042,1
91,0.929999,0,0,0,0,0.0518419594,-0.068071112,-0.00184450613,-0.141273022,-0.0600934289,-0.0609101392,9.85576153,-1.27822468e-05,0.000504402502,-0.000779241615,-0.141233087,-0.000254631042,1
92,0.939984,0,0,0,0,0.039311707,-0.0711273029,0.00135128724,-0.141273022,-0.0648834705,-0.0489350408,9.78151608,-1.27822468e-05,0.000504402502,0.00135128724,-0.141228288,-0.000254631042,1
93,0.949997,0,0,0,0,0.0254325457,-0.0836681128,-0.000779241615,-0.141273022,-0.0792535841,-0.0369599424,9.78151608,-0.00107804674,-0.000560861954,0.00135128724,-0.141219825,-0.000254631042,1
94,0.959982,0,0,0,0,0.0335682705,-0.0945016593,-0.000779241615,-0.141273022,-0.0888336599,-0.0465400182,9.85336685,0.00105248217,-0.000560861954,-0.000779241615,-0.141222,-0.000254631042,1
95,0.969999,0,0,0,0,0.0752268955,-0.0907498896,0.00241655181,-0.141273022,-0.0792535841,-0.0872553512,9.7623558,0.00211774674,0.000504402502,0.00241655181,-0.141220614,-0.000254631042,1
96,0.979985,0,0,0,0,0.0494919308,-0.101604573,0.00135128724,-0.141273022,-0.0936237052,-0.0633051544,9.75996113,0.00105248217,-0.00162612647,0.00135128724,-0.141209617,-0.000254631042,1
97,0.990004,0,0,0,0,0.035243839,-0.0657105222,-0.000779241615,-0.141273022,-0.0600934289,-0.0441449992,9.8270216,0.00105248217,0.000504402502,-0.000779241615,-0.141208127,-0.000254631042,1
98,0.999979,0,0,0,0,0.0430423431,-0.0789152309,0.000286022841,-0.141273022,-0.0720685273,-0.0537250787,9.82223129,-1.27822468e-05,0.0015696669,0.000286022841,-0.141205132,-0.000254631042,1
99,1.009999,0,0,0,0,0.0122172702,-0.0745312795,-0.000779241615,-0.141273022,-0.0720685273,-0.0225898232,9.78151608,-0.00214331108,0.00476546027,-0.000779241615,-0.141201943,-0.000254631042,1
100,1.020002,0,0,0,0,0.0596404597,-0.0812758207,0.00241655181,-0.141273022,-0.0720685273,-0.0704902187,9.74319553,-1.27822468e-05,-0.000560861954,0.00241655181,-0.141191602,-0.000254631042,1
101,1.029977,0,0,0,0,0.04778466,-0.0795896873,-0.000779241615,-0.141273022,-0.0720685273,-0.0585151166,9.84139156,0.00105248217,0.000504402502,-0.000779241615,-0.141188383,-0.000254631042,1
102,1.040002,0,0,0,0,0.026433656,-0.0596192926,0.000286022841,-0.141273022,-0.0553033873,-0.0345649198,9.79828167,-1.27822468e-05,0.000504402502,0.000286022841,-0.141197711,-0.000254631042,1
103,1.049977,0,0,0,0,0.0555831641,-0.0927943885,-0.000779241615,-0.141273022,-0.084043622,-0.0680951998,9.80546665,0.00105248217,0.00476546027,-0.000779241615,-0.141203776,-0.000254631042,1
104,1.060000,0,0,0,0,0.0298587717,-0.120584413,0.000286022841,-0.141273022,-0.115178876,-0.0465400182,9.78630638,-1.27822468e-05,-0.00162612647,0.000286022841,-0.141195372,-0.000254631042,1
105,1.069985,0,0,0,0,0.0572526678,-0.0470624194,0.00241655181,-0.141177177,-0.0385382511,-0.0633051544,9.85336685,-0.00107804674,-0.000560861954,0.00241655181,-0.141188085,-0.000254631042,1
106,1.079983,0,0,0,0,0.00137945451,-0.0657315329,0.000286022841,-0.141177177,-0.0648834705,-0.0106147248,9.82941628,-1.27822468e-05,0.0015696669,0.000286022841,-0.141183391,-0.000254631042,1
107,1.089980,0,0,0,0,0.0189935211,-0.0779141188,-0.00184450613,-0.141273022,-0.0744635463,-0.0297748819,9.82462692,-1.27822468e-05,-0.000560861954,-0.00184450613,-0.141190425,-0.000254631042,1
108,1.099976,0,0,0,0,0.0322087966,-0.087050952,-0.00184450613,-0.141273022,-0.0816486031,-0.0441449992,9.81983662,-1.27822468e-05,-0.00162612647,-0.00184450613,-0.141184106,-0.000254631042,1
109,1.109985,0,0,0,0,-0.0253629144,-0.100635163,0.00135128724,-0.141273022,-0.103203781,0.0109404512,9.82941628,-1.27822468e-05,0.000504402502,0.00135128724,-0.141193599,-0.000254631042,1
110,1.119983,0,0,0,0,0.0186517984,-0.0633481443,-0.00184450613,-0.141177177,-0.0600934289,-0.027379863,9.75038147,-0.00214331108,-0.00162612647,-0.00184450613,-0.141191736,-0.000254631042,1
111,1.129980,0,0,0,0,0.0383000225,-0.0782407746,-0.00184450613,-0.141273022,-0.0720685273,-0.0489350408,9.7791214,-1.27822468e-05,-0.00162612647,-0.00184450613,-0.14120093,-0.000254631042,1
112,1.139976,0,0,0,0,0.0386583917,-0.109740302,-0.000779241615,-0.141273022,-0.103203781,-0.0537250787,9.76714611,0.00105248217,-0.00162612647,-0.000779241615,-0.141208693,-0.000254631042,1
113,1.149985,0,0,0,0,0.0494602285,-0.0507985428,-0.000779241615,-0.141273022,-0.0433282889,-0.0561200976,9.84139156,-0.00214331108,-0.000560861954,-0.000779241615,-0.141220003,-0.000254631042,1
114,1.170005,0,0,0,0,0.0220179986,-0.0396383405,-0.000779241615,-0.141273022,-0.0361432321,-0.027379863,9.80067635,-1.27822468e-05,0.000504402502,-0.000779241615,-0.14122501,-0.000254631042,1
115,1.179996,0,0,0,0,0.0470890701,-0.0504613146,-0.00184450613,-0.141273022,-0.0433282889,-0.0537250787,9.77433109,0.00211774674,-0.00162612647,-0.00184450613,-0.14122732,-0.000254631042,1
116,1.189981,0,0,0,0,0.0484485477,-0.0579120219,0.00241655181,-0.141273022,-0.0505133495,-0.0561200976,9.79109669,-0.00107804674,-0.00482191984,0.00241655181,-0.141233146,-0.000254631042,1
117,1.200006,0,0,0,0,0.0674120113,-0.0606162995,-0.000779241615,-0.141368866,-0.0505133495,-0.0752802566,9.79588604,-1.27822468e-05,0.0015696669,-0.000779241615,-0.14123714,-0.000254631042,1
118,1.209981,0,0,0,0,0.104328729,-0.0561936051,0.00241655181,-0.141368866,-0.04093327,-0.111205548,9.78391171,-1.27822468e-05,0.000504402502,0.00241655181,-0.141246244,-0.000254631042,1
119,1.219997,0,0,0,0,0.0657247379,-0.0724719316,0.00135128724,-0.141368866,-0.0624884479,-0.0752802566,9.80786133,0.00105248217,0.000504402502,0.00135128724,-0.141242802,-0.000254631042,1
120,1.229983,0,0,0,0,0.0528567359,-0.0778980404,0.000286022841,-0.141368866,-0.0696735084,-0.0633051544,9.79349136,-0.00107804674,-0.000560861954,0.000286022841,-0.141246393,-0.000254631042,1
121,1.240001,0,0,0,0,0.0714882985,-0.0829688087,-0.000779241615,-0.141368866,-0.0720685273,-0.0824653134,9.85336685,-1.27822468e-05,0.0015696669,-0.000779241615,-0.141246349,-0.000254631042,1
122,1.249986,0,0,0,0,0.0430437252,-0.0958546922,-0.000779241615,-0.141368866,-0.0888336599,-0.0561200976,9.83420658,-1.27822468e-05,-0.00162612647,-0.000779241615,-0.141251579,-0.000254631042,1
123,1.260005,0,0,0,0,0.0237372555,-0.0955261886,-0.000779241615,-0.141368866,-0.0912286863,-0.0369599424,9.78630638,-1.27822468e-05,-0.00375665538,-0.000779241615,-0.141249627,-0.000254631042,1
124,1.269978,0,0,0,0,0.0515047312,-0.0704422742,-0.000779241615,-0.141273022,-0.0624884479,-0.0609101392,9.79109669,0.00105248217,-0.00162612647,-0.000779241615,-0.141250864,-0.000254631042,1
125,1.279986,0,0,0,0,0.0681134164,-0.0470890403,0.000286022841,-0.141273022,-0.0433282889,-0.0297748819,9.78630638,0.00105248217,0.0015696669,0.000286022841,-0.141259655,-0.000254631042,1
126,1.289983,0,0,0,0,0.0494602285,-0.0507985428,0.00135128724,-0.141273022,-0.0696735084,-0.0321699008,9.78151608,-0.00107804674,-0.00162612647,0.000286022841,-0.141256273,-0.000254631042,1
127,1.299979,0,0,0,0,0.0362678021,-0.0924711972,-0.00184450613,-0.141368866,-0.0936237052,-0.0872553512,9.80307102,-1.27822468e-05,0.00370019581,-0.00397503516,-0.141269892,-0.000254631042,1
128,1.309976,0,0,0,0,0.0338608883,-0.0243923757,0.000286022841,-0.141368866,-0.0576984063,-0.0896503702,9.77672672,-1.27822468e-05,-0.00162612647,0.000286022841,-0.141296297,-0.000254631042,1
129,1.319984,0,0,0,0,0.0917827338,-0.0253691077,0.00135128724,-0.141273022,-0.086438641,-0.0633051544,9.79828167,-1.27822468e-05,0.000504402502,0.00135128724,-0.14129135,-0.000254631042,1
130,1.329980,0,0,0,0,-0.00237861974,-0.024073042,0.00135128724,-0.141273022,-0.0576984063,-0.0249848422,9.79588604,-0.00107804674,0.00370019581,0.000286022841,-0.141285643,-0.000254631042,1
131,1.339977,0,0,0,0,0.0332128145,-0.0799406618,0.000286022841,-0.141368866,-0.0960187241,-0.0585151166,9.78630638,-1.27822468e-05,-0.00162612647,0.000286022841,-0.141285032,-0.000254631042,1
132,1.349984,0,0,0,0,0.0650498271,-0.0772141889,0.00135128724,-0.141368866,-0.0648834705,-0.0441449992,9.80546665,-1.27822468e-05,-0.000560861954,0.000286022841,-0.141282573,-0.000254631042,1
133,1.360004,0,0,0,0,0.0501392111,-0.0629963726,-0.00290977047,-0.141368866,-0.0337482132,-0.0345649198,9.81265163,0.00105248217,0.0015696669,0.000286022841,-0.141285405,-0.000254631042,1
134,1.369979,0,0,0,0,0.0291365273,-0.0575881526,-0.000779241615,-0.141368866,-0.0529083684,-0.0537250787,9.81504631,-1.27822468e-05,-0.000560861954,-0.00184450613,-0.141286418,-0.000254631042,1
135,1.379996,0,0,0,0,0.0545440055,-0.0660424009,0.00241655181,-0.141368866,-0.0576984063,-0.0633051544,9.79349136,-1.27822468e-05,0.00370019581,0.00135128724,-0.141290635,-0.000254631042,1
136,1.389981,0,0,0,0,0.0240568146,-0.0592843704,-0.000779241615,-0.141368866,-0.0553033873,-0.0321699008,9.78391171,0.00105248217,0.000504402502,-0.000779241615,-0.141286194,-0.000254631042,1
137,1.400004,0,0,0,0,0.026099436,-0.0789282992,0.000286022841,-0.141368866,-0.0744635463,-0.0369599424,9.77672672,-0.00107804674,-0.000560861954,0.00241655181,-0.141283765,-0.000254631042,1
138,1.409979,0,0,0,0,0.0718168095,-0.0636623353,0.000286022841,-0.141368866,-0.0529083684,-0.0800702944,9.82223129,-1.27822468e-05,-0.00269139092,0.000286022841,-0.141275719,-0.000254631042,1
139,1.420003,0,0,0,0,0.0464182682,-0.072143428,0.000286022841,-0.141368866,-0.0648834705,-0.0561200976,9.79109669,0.00105248217,-0.000560861954,0.000286022841,-0.141283706,-0.000254631042,1
140,1.429978,0,0,0,0,0.0443935432,-0.086370185,-0.000779241615,-0.141368866,-0.0792535841,-0.0561200976,9.75517082,-0.00107804674,-0.000560861954,-0.000779241615,-0.141293436,-0.000254631042,1
141,1.440000,0,0,0,0,0.0728291795,-0.0565489531,0.00135128724,-0.141368866,-0.0457233116,-0.0800702944,9.8270216,0.00105248217,0.0015696669,0.00135128724,-0.141283557,-0.000254631042,1
142,1.450004,0,0,0,0,0.0711419061,-0.0684045851,-0.000779241615,-0.141368866,-0.0576984063,-0.0800702944,9.80786133,-0.00107804674,0.0015696669,-0.000779241615,-0.141280755,-0.000254631042,1
143,1.459980,0,0,0,0,0.0562223382,-0.0372514278,-0.00184450613,-0.141368866,-0.0289581716,-0.0609101392,9.8270216,-1.27822468e-05,0.000504402502,-0.00184450613,-0.141288638,-0.000254631042,1
144,1.469997,0,0,0,0,0.0711419061,-0.0684045851,0.000286022841,-0.141368866,-0.0576984063,-0.0800702944,9.78151608,-0.00107804674,0.000504402502,0.000286022841,-0.141284049,-0.000254631042,1
145,1.479983,0,0,0,0,0.030850634,-0.0965385512,0.00135128724,-0.141368866,-0.0912286863,-0.0441449992,9.80786133,-0.00214331108,-0.00269139092,0.00135128724,-0.141275838,-0.000254631042,1
146,1.490006,0,0,0,0,0.0413562097,-0.0907710195,0.000286022841,-0.141273022,-0.084043622,-0.0537250787,9.79828167,-1.27822468e-05,0.0015696669,0.000286022841,-0.141276211,-0.000254631042,1
147,1.499980,0,0,0,0,0.0515047312,-0.0704422742,-0.00397503516,-0.141273022,-0.0624884479,-0.0609101392,9.81265163,-0.00320857554,-0.00162612647,-0.00397503516,-0.141279206,-0.000254631042,1
148,1.510003,0,0,0,0,0.0138973994,-0.0626768097,-0.000779241615,-0.141368866,-0.0600934289,-0.0225898232,9.78151608,-1.27822468e-05,0.00263493136,-0.000779241615,-0.141283497,-0.000254631042,1
149,1.519979,0,0,0,0,0.0386299826,-0.0758733153,-0.00184450613,-0.141368866,-0.0696735084,-0.0489350408,9.73361588,-1.27822468e-05,-0.000560861954,-0.00184450613,-0.14129141,-0.000254631042,1
150,1.529998,0,0,0,0,0.0538422652,-0.0199786294,-0.000779241615,-0.141368866,-0.0121930353,-0.0561200976,9.81265163,-1.27822468e-05,-0.00162612647,-0.000779241615,-0.141295701,-0.000254631042,1
151,1.539983,0,0,0,0,0.0372801647,-0.0853578225,-0.000779241615,-0.141368866,-0.0792535841,-0.0489350408,9.87252712,-0.00107804674,-0.00162612647,-0.000779241615,-0.141282037,-0.000254631042,1
152,1.550002,0,0,0,0,0.0281241629,-0.0647015348,0.00241655181,-0.141368866,-0.0600934289,-0.0369599424,9.79588604,0.00105248217,0.0015696669,0.00241655181,-0.141275033,-0.000254631042,1
153,1.559976,0,0,0,0,0.0498101376,-0.0992429629,-0.00290977047,-0.14146471,-0.0912286863,-0.0633051544,9.87013245,0.00211774674,-0.00269139092,-0.00290977047,-0.141283378,-0.000254631042,1
154,1.569997,0,0,0,0,0.0650587827,-0.0941495299,0.000286022841,-0.141368866,-0.084043622,-0.0776752755,9.87731743,-1.27822468e-05,0.00370019581,0.000286022841,-0.141280875,-0.000254631042,1
155,1.579984,0,0,0,0,0.0250741802,-0.0521685891,0.000286022841,-0.141273022,-0.0481183305,-0.0321699008,9.85815716,-0.00214331108,-0.000560861954,0.000286022841,-0.141294122,-0.000254631042,1
156,1.590004,0,0,0,0,0.0189723819,-0.0440434292,0.00135128724,-0.141273022,-0.04093327,-0.0249848422,9.76475143,-0.00107804674,-0.000560861954,0.00135128724,-0.141287953,-0.000254631042,1
157,1.599976,0,0,0,0,0.0684265718,-0.0704448223,0.00241655181,-0.14146471,-0.0600934289,-0.0776752755,9.76475143,-0.00107804674,0.000504402502,0.00241655181,-0.141272619,-0.000254631042,1
158,1.609984,0,0,0,0,0.0592952147,-0.0836526603,0.000286022841,-0.141368866,-0.0744635463,-0.0704902187,9.72403622,-0.00107804674,-0.00162612647,0.000286022841,-0.141264513,-0.000254631042,1
159,1.619981,0,0,0,0,-0.00335859414,-0.0819925442,0.00135128724,-0.141273022,-0.0816486031,-0.00821970589,9.78870106,0.00105248217,0.00263493136,0.00135128724,-0.141266406,-0.000254631042,1
160,1.629977,0,0,0,0,-0.00268413988,-0.0772502273,0.000286022841,-0.141273022,-0.0768585652,-0.00821970589,9.81025696,-1.27822468e-05,-0.00269139092,0.000286022841,-0.141254887,-0.000254631042,1
161,1.639986,0,0,0,0,0.0420068465,-0.0691014156,0.000286022841,-0.14146471,-0.0624884479,-0.0513300598,9.71685123,-1.27822468e-05,0.0015696669,0.000286022841,-0.141263112,-0.000254631042,1
162,1.649982,0,0,0,0,0.039660234,-0.102630623,-0.00184450613,-0.141368866,-0.0960187241,-0.0537250787,9.74798584,0.00105248217,0.000504402502,-0.00184450613,-0.141260862,-0.000254631042,1
163,1.659978,0,0,0,0,-0.00198854762,-0.106378593,-0.00184450613,-0.141273022,-0.1055988,-0.0130097447,9.79349136,-0.00107804674,0.000504402502,-0.00184450613,-0.14126268,-0.000254631042,1
164,1.669975,0,0,0,0,0.0254334714,-0.100605898,0.000286022841,-0.141368866,-0.0960187241,-0.0393549614,9.80067635,0.00211774674,0.000504402502,0.000286022841,-0.14127247,-0.000254631042,1
165,1.679984,0,0,0,0,0.0485894307,-0.125615299,-0.00184450613,-0.140488148,-0.117573902,-0.0657001734,9.80067635,-1.27822468e-05,-0.000560861954,-0.00184450613,-0.14126879,-0.000254631042,1
166,1.699999,0,0,0,0,0.0217213705,-0.0928134397,0.000286022841,-0.141177177,-0.0888336599,-0.0345649198,9.80307102,0.00105248217,0.0015696669,0.000286022841,-0.14127551,-0.000254631042,1
167,1.710082,0,0,0,0,0.051142633,-0.0389476456,0.000286022841,-0.141368866,-0.0313531905,-0.0561200976,9.82462692,0.00424827542,0.000504402502,0.000286022841,-0.141268894,-0.000254631042,1
168,1.719976,0,0,0,0,0.0248274747,-0.0883909762,0.00241655181,-0.140488148,-0.084043622,-0.0369599424,9.81025696,0.0031830112,-0.000560861954,0.00241655181,-0.141249955,-0.000254631042,1
169,1.730000,0,0,0,0,0.0586287789,-0.0883892998,0.00135128724,-0.141273022,-0.0792535841,-0.0704902187,9.7791214,0.00105248217,0.00263493136,0.00135128724,-0.141238347,-0.000254631042,1
170,1.739986,0,0,0,0,-0.0131846955,-0.0660807192,0.00135128724,-0.141177177,-0.0936237052,-0.00582468603,9.81744194,-1.27822468e-05,0.0015696669,0.00135128724,-0.14123337,-0.000254631042,1
171,1.750003,0,0,0,0,0.0454029366,-0.0623171106,0.00348181627,-0.141273022,-0.086438641,-0.0321699008,9.81265163,-1.27822468e-05,0.00370019581,0.00241655181,-0.141221017,-0.000254631042,1
172,1.759979,0,0,0,0,0.0931918025,-0.0496820249,0.000286022841,-0.140488148,-0.086438641,-0.0800702944,9.82462692,0.00211774674,0.000504402502,0.00135128724,-0.141203821,-0.000254631042,1
173,1.770005,0,0,0,0,0.0464451015,-0.122949451,-0.000779241615,-0.141368866,-0.0792535841,-0.0537250787,9.81983662,0.00211774674,-0.000560861954,0.00135128724,-0.141201794,-0.000254631042,1
174,1.779980,0,0,0,0,0.0420267135,-0.0690893382,-0.000779241615,-0.141177177,-0.0241681337,0.0157304909,9.79588604,-0.00107804674,0.000504402502,0.000286022841,-0.141203299,-0.000254631042,1
175,1.789996,0,0,0,0,0.0433747135,-0.0596045665,-0.00184450613,-0.141177177,-0.0792535841,-0.00103464653,9.8964777,-0.00107804674,0.000504402502,-0.000779241615,-0.141201779,-0.000254631042,1
176,1.799981,0,0,0,0,0.0736056045,-0.0856055468,0.000286022841,-0.140392303,-0.117573902,-0.0920453891,9.85097218,-1.27822468e-05,-0.000560861954,0.000286022841,-0.141189203,-0.000254631042,1
177,1.809980,0,0,0,0,0.0359124504,-0.0609716438,-0.00290977047,-0.141368866,-0.0912286863,-0.0680951998,9.75277615,-0.00107804674,-0.00482191984,-0.00290977047,-0.141181916,-0.000254631042,1
178,1.819977,0,0,0,0,0.0328726806,-0.0653732941,0.000286022841,-0.141273022,-0.0600934289,-0.0393549614,9.78870106,0.00105248217,0.00263493136,-0.000779241615,-0.141195491,-0.000254631042,1
179,1.829986,0,0,0,0,0.051831387,-0.0511357673,-0.000779241615,-0.141273022,-0.0337482132,-0.0489350408,9.86294651,-0.00214331108,-0.00269139092,0.000286022841,-0.141200066,-0.000254631042,1
180,1.839984,0,0,0,0,0.0792765841,-0.079238914,0.00135128724,-0.141368866,-0.0672784895,-0.0896503702,9.82462692,-1.27822468e-05,-0.000560861954,0.00135128724,-0.141190559,-0.000254631042,1
181,1.849982,0,0,0,0,0.0867363736,-0.0948154926,0.00241655181,-0.141368866,-0.0816486031,-0.0992304534,9.7312212,0.00211774674,0.000504402502,0.00135128724,-0.141178668,-0.000254631042,1
182,1.859978,0,0,0,0,0.0796214119,-0.0768601596,-0.000779241615,-0.141273022,-0.0648834705,-0.0896503702,9.81025696,0.00105248217,0.0015696669,-0.000779241615,-0.141177431,-0.000254631042,1
183,1.869975,0,0,0,0,0.0399967283,-0.0833203197,0.000286022841,-0.141273022,-0.0768585652,-0.0513300598,9.89168739,0.00211774674,-0.000560861954,0.00135128724,-0.141181558,-0.000254631042,1
184,1.879984,0,0,0,0,0.0762394965,-0.100579053,0.00241655181,-0.141368866,-0.0888336599,-0.0896503702,9.83420658,-0.00107804674,-0.000560861954,0.00241655181,-0.141172707,-0.000254631042,1
185,1.889997,0,0,0,0,0.0315449089,-0.108728617,-0.00184450613,-0.141273022,-0.103203781,-0.0465400182,9.72643089,0.00211774674,0.000504402502,-0.00184450613,-0.141166821,-0.000254631042,1
186,1.899983,0,-0.0081215892,0,-0.00516828429,0.0356022045,-0.0972100496,0.000286022841,-0.141273022,-0.0912286863,-0.0489350408,9.86055183,-0.00214331108,-0.000560861954,0.000286022841,-0.141175181,-0.000254631042,1
187,1.910003,0,0.00147665257,0,0,0.0251455978,-0.0690818131,0.00241655181,-0.140392303,-0.0648834705,-0.0345649198,9.79349136,-0.00107804674,-0.000560861954,0.00241655181,-0.141160443,-0.000254631042,1
188,1.919977,0.0738326311,-0.102627359,0.076785937,-0.102627359,-0.386653423,-0.276649594,0.000286022841,-0.141273022,-0.328335643,0.343848169,9.64978981,0.00105248217,0.000504402502,0.000286022841,-0.141152218,-0.000254631042,1
189,1.929996,0.25324592,-0.184581578,0.20820801,-0.0406079441,0.045803573,-0.161558002,0.0365050174,-0.141273022,-0.153499186,-0.0680951998,9.97072315,-0.0255791284,0.0218096916,0.0365050174,-0.140996784,-0.000254631042,1
190,1.939983,0.0967207476,-0.12108551,0.194179818,-0.0959824175,0.393639326,-0.906842053,0.103616677,-0.139564037,-0.843264878,-0.515963912,10.6389332,-0.0479496866,0.0100917816,0.103616677,-0.140340671,-0.000254631042,1
191,1.949996,0.149141908,-0.182366595,0.0863841772,-0.0450379066,0.00659519015,-0.271985531,0.10681247,-0.138735771,-0.268460125,-0.0441449992,11.7550125,-0.076711826,-0.00269139092,0.10681247,-0.139391035,-0.000254631042,1
192,1.959981,0.118870527,-0.193441495,0.0967207476,-0.141020313,2.81045985,1.02691042,0.0993556157,-0.137811661,1.40326357,-2.6427412,10.82335,-0.0905602649,-0.0602156706,0.0993556157,-0.138462871,-0.000254631042,1
193,1.970002,0.109272294,-0.156525165,0.0812158883,-0.0310097057,1.12843406,0.179793924,0.0482229255,-0.137428284,0.332689762,-1.09316361,8.54329109,-0.0671244487,-0.0857820138,0.0482229255,-0.137869567,-0.000254631042,1
194,1.980000,0.149141908,-0.193441495,0.0878608376,-0.132898733,1.93061626,-0.506203532,0.0141344611,-0.137236118,-0.237324879,-1.98171592,7.99004173,-0.0862992033,-0.0687377825,0.0141344611,-0.137563616,-0.000254631042,1
195,1.989985,0.157263488,-0.191964835,0.13068375,-0.115917228,1.92400742,-0.256450236,-0.0455203466,-0.137331963,0.0093621416,-1.94100058,9.89168739,-0.0820381492,-0.0389103815,-0.0455203466,-0.137691498,-0.000254631042,1
196,2.000004,0.287208945,-0.230357811,0.110748947,-0.111487262,2.71851707,-1.13293111,-0.100914098,-0.13825655,-0.747464061,-2.84871292,9.76954079,-0.0969518498,-0.0431714393,-0.100914098,-0.138294935,-0.000254631042,1
197,2.009979,0.220759571,-0.352919966,0.188273221,-0.129945427,1.40958178,-1.09348834,-0.156307861,-0.139817238,-0.886375248,-1.5482173,8.90254402,-0.0756465644,-0.0165398289,-0.156307861,-0.139154822,-0.000254631042,1
198,2.019997,0.452594042,-0.485818714,0.194179818,-0.142496973,2.71198082,-1.16263354,-0.202114224,-0.141334534,-0.769019246,-2.84871292,8.89056873,-0.00107804674,-0.0176050942,-0.202114224,-0.140620887,-0.000254631042,1
199,2.029982,0.319695264,-0.578109562,0.239217728,-0.22740449,1.86698306,0.0155485207,-0.277748019,-0.144804478,0.284789413,-1.84519982,11.0149517,0.103317864,-0.0325187966,-0.277748019,-0.142654583,-0.000254631042,1
200,2.039998,0.31305033,-0.35144335,0.20968467,-0.208946332,3.25627398,-0.465921372,-0.208505809,-0.14715004,0.0165472012,-3.28939652,12.5788994,0.0617725551,-0.145436838,-0.208505809,-0.144994572,-0.000254631042,1
201,2.049985,0.304190427,-0.451855689,0.291638881,-0.321910262,2.29586935,0.124667205,-0.188265786,-0.14807415,0.462020844,-2.25235319,10.9766312,-0.0245138649,-0.127327323,-0.188265786,-0.146818846,-0.000254631042,1
202,2.060002,0.426014245,-0.286470622,0.265059143,-0.278349042,0.308908641,0.323877662,-0.104109891,-0.14928627,0.366220057,-0.257301748,9.02947998,-0.0490149483,-0.102826245,-0.104109891,-0.148387924,-0.000254631042,1
203,2.069977,0.426014245,-0.428229272,0.31600368,-0.321910262,0.482834995,0.111048818,-0.0252803247,-0.149669647,0.181803554,-0.460878432,5.87763453,-0.0564718023,0.013287575,-0.0252803247,-0.149080694,-0.000254631042,1
204,2.080007,0.540454865,-0.347751677,0.396481216,-0.324863553,0.385332584,0.140748233,0.110008262,-0.148396492,0.196173668,-0.360287607,5.2118187,0.0223577712,0.144315094,0.110008262,-0.148999259,-0.000254631042,1
205,2.090073,0.54193145,-0.623147368,0.135852039,-0.361779869,-0.454244316,-1.05859017,0.0908335,-0.14766407,-1.11390209,0.293552756,7.96369648,0.185343236,0.189056203,0.0908335,-0.148055121,-0.000254631042,1
206,2.099979,0.404602796,-0.544146478,0.265059143,-0.395742863,4.49679661,-0.333322853,0.0482229255,-0.148902893,0.3374798,-4.49648666,12.7681055,0.258846492,0.192251995,0.0482229255,-0.147475898,-0.000254631042,1
207,2.110073,0.20820801,-0.354396641,0.180151626,-0.372854799,1.8707794,1.108073,-0.0359329656,-0.149600506,1.37452328,-1.68473351,16.9953156,0.202387467,0.0654855371,-0.0359329656,-0.147556692,-0.000254631042,1
208,2.119978,0.330031872,-0.374331415,0.260629147,-0.316742003,1.13663816,0.819439352,-0.0508466698,-0.149251461,0.979345083,-1.00215292,15.5199833,-0.010665427,-0.0548893511,-0.0508466698,-0.147992656,-0.000254631042,1
209,2.129976,0.331508517,-0.443734109,0.291638881,-0.329293549,2.97670722,-0.635650396,-0.0551077276,-0.148108959,-0.189424485,-3.03791952,10.0880785,-0.103343435,-0.135849446,-0.0551077276,-0.148476735,-0.000254631042,1
210,2.139985,0.347013354,-0.519781709,0.426014245,-0.405341148,2.04196715,-0.0685583055,-0.0593687855,-0.148588181,0.234493986,-2.02961636,5.29564428,-0.159802452,-0.0804556906,-0.0593687855,-0.149069533,-0.000254631042,1
211,2.149981,0.543408155,-0.69993329,0.445949048,-0.449640721,-0.430260837,-1.99887168,-0.0785435438,-0.150402069,-2.04077458,0.125901401,3.50896025,-0.0990823805,0.0612244755,-0.0785435438,-0.149772272,-0.000254631042,1
212,2.159976,0.524949968,-0.706578195,0.476958781,-0.383191347,0.288703978,0.857092261,-0.0433898196,-0.150751114,0.890729368,-0.156710923,6.75421143,-0.0586023293,0.19864358,-0.0433898196,-0.15037787,-0.000254631042,1
213,2.169985,0.464407265,-0.510183454,0.336676776,-0.437827468,3.5594666,-0.846503735,0.0183955189,-0.150846958,-0.30199042,-3.64625454,11.4053392,-0.110800289,0.164555117,0.0183955189,-0.150524855,-0.000254631042,1
214,2.179983,0.423060954,-0.621670783,0.411986113,-0.425275952,2.37556624,-0.917061687,0.0109386677,-0.150846958,-0.682798564,-1.61048782,12.6579351,-0.104408704,0.0665507987,0.0109386677,-0.150471792,-0.000254631042,1
215,2.189979,0.447425723,-0.689596713,0.399434537,-0.394266218,1.35625279,-0.983427763,0.0130691966,-0.150367737,-0.407371283,-1.67994344,10.0808935,-0.0213180706,0.0154181039,0.0151997255,-0.150428072,-0.000254631042,1
216,2.199976,0.485080361,-0.722083151,0.397957891,-0.443734109,0.448255062,-1.21670675,-0.0146276793,-0.150960445,-0.589392781,-0.851266623,7.55654287,0.120362096,-0.033584062,-0.018888738,-0.150463521,-0.000254631042,1
217,2.219999,0.411986113,-0.609119177,0.411986113,-0.522735,3.11047363,-0.485504985,0.0940292999,-0.14944315,0.792533517,-1.27997518,14.5428152,0.0862736329,-0.00695244875,0.0972250924,-0.149902657,-0.000254631042,1
218,2.230006,0.485080361,-0.542669773,0.430444241,-0.572202861,1.43216074,-1.31353199,0.182446241,-0.148266315,0.141088217,-0.714750528,12.4950733,-0.0543412715,-0.133718923,0.195229411,-0.148741663,-0.000254631042,1
219,2.239981,0.440042466,-0.756046116,0.505015194,-0.564081252,0.613047242,0.32596758,0.170728326,-0.14606905,0.0357073583,-1.8140645,11.913084,-0.0426233634,-0.165676862,0.164336741,-0.147048637,-0.000254631042,1
220,2.250000,0.600997686,-0.570726216,0.5175668,-0.606165886,-0.845293283,-0.74094981,0.180315703,-0.144900322,0.232098967,0.034890648,11.8244677,-0.0330359787,-0.16248107,0.186707303,-0.145583749,-0.000254631042,1
221,2.259977,0.592876017,-0.688120067,0.578847826,-0.587707758,1.8439033,1.91507149,0.193098888,-0.142607212,1.18292177,-1.13627398,9.71206093,0.0894694328,-0.122001007,0.180315703,-0.143878087,-0.000254631042,1
222,2.269999,0.711746514,-0.644558847,0.5175668,-0.576632857,0.278428763,1.01984584,0.179250449,-0.140602112,0.167433441,-0.997362852,4.84059095,0.103317864,-0.134784177,0.185642034,-0.142261028,-0.000254631042,1
223,2.279986,0.694765031,-0.677045226,0.581801116,-0.598044336,1.4365418,-0.0422096886,0.150488302,-0.139433384,0.244074062,-1.82364464,5.26690435,0.105448395,0.00796125364,0.145161986,-0.140640289,-0.000254631042,1
224,2.290005,0.755307794,-0.621670783,0.574417889,-0.630530655,1.75436819,0.0357265398,0.170728326,-0.138509274,0.277604342,-1.73263383,4.89567661,0.112905249,0.131531939,0.177119911,-0.13917923,-0.000254631042,1
225,2.299981,0.758261144,-0.660063744,0.561866343,-0.60468924,0.305814743,0.0548253693,0.198425204,-0.135326862,0.0955828503,-0.295622051,6.40693378,0.0820125788,0.29771319,0.194164142,-0.137426406,-0.000254631042,1
226,2.310001,0.693288386,-0.698456705,0.597306013,-0.67261529,3.1159637,-0.647826016,0.17818518,-0.133364677,-0.227744803,-3.17443562,9.13007069,0.0468588509,0.407435447,0.171793595,-0.135630757,-0.000254631042,1
227,2.319975,0.694765031,-0.791485727,0.537501574,-0.722083151,1.84812403,0.0990859866,0.117465116,-0.132440567,0.342269838,-1.81885457,13.6279182,0.042597793,0.267885774,0.117465116,-0.1341874,-0.000254631042,1
228,2.329983,0.575894475,-0.695503354,0.606904149,-0.661540389,0.801595628,1.10281253,0.0801808611,-0.133487225,1.19968688,-0.647689939,15.7355347,-0.0958865881,0.0740076527,0.0801808611,-0.133282706,-0.000254631042,1
229,2.339980,0.663755357,-0.736111343,0.682213545,-0.692550123,3.47030973,-2.29282475,0.128117755,-0.133409023,-1.81085277,-3.74445033,15.4361572,-0.167259291,-0.145436838,0.128117755,-0.132128909,-0.000254631042,1
230,2.349977,0.646773815,-0.77893424,0.713223159,-0.770074308,1.32653129,-0.170607761,0.0695282146,-0.129537582,0.00217708293,-1.33745563,12.9836578,-0.289764702,-0.206156909,0.0695282146,-0.131166697,-0.000254631042,1
231,2.359986,0.769335985,-0.770074308,0.741279602,-0.513136804,1.60840225,-1.79525542,0.0237218402,-0.127514362,-1.57614088,-1.82364464,8.22954369,-0.221587777,-0.173133701,0.0237218402,-0.130503327,-0.000254631042,1
232,2.369983,0.841691971,-0.787055731,0.744232893,-0.715438187,-2.91238928,2.21427393,-0.0529771969,-0.128630161,1.82239199,3.17236638,5.72435284,-0.0554065369,-0.0836514831,-0.0529771969,-0.130555302,-0.000254631042,1
233,2.379979,0.826187134,-0.733896315,0.753831089,-0.633484006,-4.49703932,-2.04539371,-0.00610556407,-0.130496025,-2.61318421,4.1926446,5.82254887,0.202387467,-0.0112135075,-0.00610556407,-0.130587876,-0.000254631042,1
234,2.389976,0.674830258,-0.783364236,0.787794113,-0.595091045,3.06740952,-1.23872435,-0.0359329656,-0.131289959,-0.826499701,-3.20317602,9.32646275,0.239671722,0.072942391,-0.0359329656,-0.130640149,-0.000254631042,1
235,2.399983,0.779672623,-0.832832038,0.782625914,-0.709531605,1.20647132,-1.59210944,-0.018888738,-0.131289959,-1.42046463,-1.40451622,10.8065844,0.231149614,0.170946717,-0.018888738,-0.130949989,-0.000254631042,1
236,2.410000,0.679260254,-0.671138644,0.640867233,-0.681475222,0.972005486,-0.807245731,-0.0455203466,-0.131132603,-0.673218489,-1.06921339,12.9309673,0.209844321,0.178403556,-0.0455203466,-0.131280556,-0.000254631042,1
237,2.419976,0.758261144,-0.75161618,0.756784499,-0.713961542,2.58971691,-0.814583421,0.0460923947,-0.130879879,-0.469641805,-2.67387652,13.7309036,-0.00214331108,0.157098278,0.0460923947,-0.130959243,-0.000254631042,1
238,2.429996,0.7951774,-0.828402102,0.713223159,-0.787055731,1.87511706,-0.408038229,0.000286022841,-0.13043499,-0.160684258,-1.91226029,10.1311893,-0.149149805,0.109161377,0.000286022841,-0.130668297,-0.000254631042,1
239,2.440014,0.823233843,-0.809943914,0.80329901,-0.790009141,-0.0783576891,-0.86435914,0.0215913113,-0.130243301,-0.867215037,-0.0345649198,9.97311783,-0.129975051,0.0782687142,0.0215913113,-0.130623236,-0.000254631042,1
240,2.450000,0.778195918,-0.828402102,0.662278712,-0.698456705,1.26000214,-1.17108595,-0.0604340509,-0.130940914,-0.996546149,-1.40212119,14.8302174,0.0319451503,0.0644202679,-0.0604340509,-0.130536735,-0.000254631042,1
241,2.460004,0.731681347,-0.894851446,0.818803847,-0.768597662,-0.248155057,-1.42172515,-0.0977183059,-0.132022381,-1.44201982,0.0588408448,11.3742046,0.0947957486,-0.155024216,-0.0977183059,-0.131278872,-0.000254631042,1
242,2.469979,0.718391478,-0.859411776,0.679260254,-0.753092885,-0.772399783,1.24591708,-0.0828046054,-0.132850647,1.1326263,0.930628002,13.8746052,0.226888552,-0.199765325,-0.0828046054,-0.132072687,-0.000254631042,1
243,2.480002,0.694765031,-0.758999407,0.80625236,-0.620194077,3.29856372,-0.367410243,-0.0295413826,-0.133234024,0.0740276724,-3.31813693,9.79588604,0.145928457,-0.326531768,-0.0295413826,-0.132727429,-0.000254631042,1
244,2.489977,0.779672623,-0.815850556,0.765644372,-0.75161618,0.575378716,-1.98975921,-0.115827799,-0.134446144,-1.89467847,-0.836896539,7.02245378,0.0905346945,-0.196569532,-0.115827799,-0.133345813,-0.000254631042,1
245,2.500001,0.832093716,-0.81142056,0.928076148,-0.742017984,0.285688281,-0.413635075,-0.0593687855,-0.134925365,-0.371445984,-0.338732421,1.9593823,0.0127703911,0.013287575,-0.0593687855,-0.134252429,-0.000254631042,1
246,2.509976,0.847598612,-0.817327261,0.784840882,-0.798869073,0.148380771,-1.77944744,-0.0124971503,-0.133687019,-1.7437923,-0.384237796,2.76650405,-0.041558098,0.339258522,-0.0124971503,-0.13457413,-0.000254631042,1
247,2.520006,0.840215385,-0.899281442,0.881561637,-0.869009972,3.36353707,1.24263644,0.061006099,-0.134070396,1.68108582,-3.16725063,6.33268785,-0.076711826,0.464959711,0.061006099,-0.134601519,-0.000254631042,1
248,2.530005,0.787794113,-0.972375751,0.612810791,-0.874916673,-0.0921373963,0.203275591,-0.018888738,-0.135308743,0.188988611,0.118716337,15.1798906,-0.0362317748,0.304104775,-0.018888738,-0.134297729,-0.000254631042,1
249,2.539979,0.816588879,-0.763429463,0.821757138,-0.808467269,1.54714751,0.636701763,-0.0135624148,-0.137550831,0.842828929,-1.44523156,15.1822853,-0.0788423568,-0.0218661521,-0.0135624148,-0.134575322,-0.000254631042,1
250,2.549996,0.728728056,-0.986403883,0.812158942,-0.802560687,1.20325601,-1.46686971,0.0482229255,-0.135318756,-1.29113352,-1.39014602,14.705677,-0.0181222782,-0.293508589,0.0482229255,-0.134352773,-0.000254631042,1
251,2.559982,0.841691971,-0.852028489,0.792224109,-0.783364236,-5.92350292,-0.71044004,0.0237218402,-0.132214069,-1.48513007,5.77814817,6.72068119,-0.0436886288,-0.424536109,0.0237218402,-0.134100392,-0.000254631042,1
252,2.570003,0.799607396,-0.899281442,0.880084932,-0.698456705,1.85062122,-3.8141818,0.14729251,-0.131899834,-3.53766179,-2.33617878,0.189462811,0.256715953,-0.297769636,0.14729251,-0.133387282,-0.000254631042,1
253,2.579979,0.755307794,-0.879346609,0.677783549,-0.814373851,-1.86224389,1.63383055,0.0109386677,-0.131995678,1.37452328,2.06107736,9.79349136,0.247128576,-0.220005348,0.0109386677,-0.132452756,-0.000254631042,1
254,2.589998,0.841691971,-0.742017984,0.886729896,-0.81954217,3.49076629,-2.91345477,0.0801808611,-0.134463787,-2.41918778,-3.8498311,10.8544855,0.131014749,-0.165676862,0.0801808611,-0.132285267,-0.000254631042,1
255,2.599985,0.64825052,-0.812897265,0.844645321,-0.89042151,-0.346119404,-2.07557607,0.0950945616,-0.131577492,-2.10304523,0.0708159432,8.33971405,-0.0170570128,-0.0943041295,0.0950945616,-0.131618246,-0.000254631042,1
256,2.609996,0.926599503,-0.826925516,0.851290226,-0.89042151,0.287428111,-0.324821353,0.13450934,-0.128760338,-0.285225272,-0.326757342,6.76379156,-0.322787911,0.255102605,0.13450934,-0.130511537,-0.000254631042,1
257,2.619982,0.841691971,-0.907403111,0.694765031,-0.835047007,-8.2026062,4.97852945,0.0322439559,-0.127617836,3.89408422,8.76952744,5.08727789,0.06816414,0.107030854,0.0322439559,-0.129639879,-0.000254631042,1
258,2.629997,0.94210434,-0.737587929,0.812158942,-0.809943914,0.163491309,0.0966948494,0.068462953,-0.13043499,0.117138028,-0.149525866,10.155139,0.177886382,0.119814023,0.068462953,-0.129145309,-0.000254631042,1
259,2.640006,0.719868183,-0.866795123,0.68073684,-0.814373851,4.17937088,-1.2496388,-0.0316719115,-0.131700039,-0.689983606,-4.30728006,13.4411058,0.194930613,0.00796125364,-0.0316719115,-0.1287871,-0.000254631042,1
260,2.649982,0.818803847,-0.729466379,0.855720162,-0.777457535,-4.40471458,1.2172327,-0.0412592888,-0.130619049,-0.019378094,4.50639248,19.0789833,0.0820125788,0.0335276015,-0.0412592888,-0.129295573,-0.000254631042,1
261,2.659979,0.80329901,-0.788532436,0.844645321,-0.832832038,2.02723956,-1.62042594,-0.0103666214,-0.128979206,-4.96748877,-0.290832013,8.12416267,-0.11186555,0.038853921,0.0066776094,-0.129435822,-0.000254631042,1
262,2.669976,0.905188084,-0.870486677,0.727251351,-0.874916673,1.80034947,3.0450995,0.0333092213,-0.127871037,4.57187462,-1.61288285,14.8374023,-0.231175169,-0.0229314156,0.0183955189,-0.129199013,-0.000254631042,1
263,2.679983,0.818803847,-0.740541279,0.792224109,-0.795915782,-0.390809149,3.15346885,0.01626499,-0.128507614,1.18292177,-2.85350299,12.4375935,-0.355811119,-0.157154739,0.0130691966,-0.128985867,-0.000254631042,1
264,2.689980,0.914047897,-0.918477952,0.928076148,-0.788532436,-0.859525502,-2.74658155,-0.0433898196,-0.132214069,-2.20603108,-1.26081502,6.01415062,-0.164063498,-0.230657995,-0.0519119352,-0.129059374,-0.000254631042,1
265,2.699978,0.855720162,-0.896328092,0.807728887,-0.821018875,-1.02782023,-0.272958785,-0.0433898196,-0.13109827,-1.71265697,0.604905307,3.38202405,-0.133170843,0.0409844518,-0.0380634964,-0.129549295,-0.000254631042,1
266,2.709985,0.903711379,-0.883776605,0.926599503,-0.849813581,-1.27555072,-0.782835722,0.00774287386,-0.127836227,-1.16419744,1.93893123,-0.797285259,-0.0639286488,0.151771948,0.01626499,-0.129627421,-0.000254631042,1
267,2.719983,0.937674403,-0.911832988,0.931029379,-0.839477003,-2.43776345,-1.15742517,0.0940292999,-0.12678957,-2.36889243,3.02627015,1.71509027,0.0692294016,0.409565955,0.120660909,-0.129130974,-0.000254631042,1
268,2.729981,0.87417835,-0.883776605,0.68885839,-0.862365067,6.02141428,2.96039319,0.117465116,-0.127583504,3.41268516,0.0109404512,7.76011992,0.232214868,0.314757437,0.0673976839,-0.127881244,-0.000254631042,1
269,2.759997,0.829140425,-0.870486677,0.677783549,-0.74349463,0.135109529,0.465455174,-0.0306066461,-0.126555443,0.478785962,-0.0752802566,14.4565945,0.265238076,-0.249832749,-0.0359329656,-0.127597913,-0.000254631042,1
270,2.770000,0.878608227,-0.787055731,0.891159832,-0.757522762,2.3021369,-0.510440588,-0.0849351287,-0.126563072,-0.215769708,-2.34815383,13.7859888,0.00531353988,-0.230657995,-0.0977183059,-0.12803942,-0.000254631042,1
271,2.779975,0.764167726,-0.873439968,0.936197698,-0.775980949,0.856472433,-2.14008117,-0.137133092,-0.131201744,-2.0096395,-1.12908888,8.34929466,-0.143823475,-0.282855928,-0.137133092,-0.129130051,-0.000254631042,1
272,2.790004,0.891159832,-0.85793519,0.858673453,-0.859411776,1.32636809,1.00146794,-0.0103666214,-0.131010056,1.16615665,-1.18417442,9.46537399,-0.4484891,-0.033584062,-0.0103666214,-0.12972796,-0.000254631042,1
273,2.799979,0.869748354,-0.942842603,0.843168676,-0.843906999,-2.79554701,-3.27549291,-0.0114318859,-0.129684925,-3.60951233,2.34847951,9.15402126,-0.439967006,0.0825297683,-0.0114318859,-0.129671767,-0.000254631042,1
274,2.810001,0.881561637,-0.887468219,0.863103449,-0.843906999,-1.24753451,-0.0559247695,-0.0401940234,-0.128856659,-0.215769708,1.23000538,10.816165,-0.18643406,0.108096115,-0.0401940234,-0.129962936,-0.000254631042,1
275,2.819975,0.959085763,-0.852028489,0.824710429,-0.81142056,-0.189735085,3.55937839,-0.018888738,-0.131612301,3.50369596,0.65520072,9.84857655,-0.057537064,-0.101760983,-0.018888738,-0.13030085,-0.000254631042,1
276,2.830005,0.835785329,-0.927337825,0.929552794,-0.791485727,0.00551731372,-1.2017585,0.0205260478,-0.132214069,-1.1905427,-0.16389598,1.79891598,0.00211774674,-0.136914715,0.0205260478,-0.130159304,-0.000254631042,1
277,2.840058,0.851290226,-0.911832988,0.832093716,-0.85793519,-1.60800683,-1.29457605,-0.0391287617,-0.130147457,-1.49231517,1.42639709,7.29069567,-0.0831034109,0.0633550063,-0.0391287617,-0.130246282,-0.000254631042,1
278,2.849982,0.875654936,-0.840953648,0.908141434,-0.839477003,0.555650532,-1.51414192,0.0343744867,-0.129048347,-1.43004465,-0.745885789,11.695137,-0.0990823805,0.152837217,0.0343744867,-0.1303792,-0.000254631042,1
279,2.859979,0.790747523,-0.894851446,0.682213545,-0.787055731,-0.420117646,1.54043639,0.0333092213,-0.130417347,1.47271907,0.616880417,16.0253334,-0.100147642,0.0303318072,0.0333092213,-0.129953459,-0.000254631042,1
280,2.869977,0.895589769,-0.814373851,0.936197698,-0.797392428,2.31743741,1.25913393,0.0386355445,-0.131324768,1.55175471,-2.13260221,11.5418558,-0.175781414,-0.0687377825,0.0386355445,-0.129676819,-0.000254631042,1
281,2.879985,0.812158942,-0.913309634,0.762691081,-0.805513978,-0.864106417,1.17377722,-0.0412592888,-0.130653381,1.05119562,1.00966358,6.2823925,0.0340756811,-0.176329508,-0.0412592888,-0.129836395,-0.000254631042,1
282,2.889981,0.860150158,-0.900758088,0.939151108,-0.744971275,-0.576397955,-1.98572814,-0.0551077276,-0.128342628,-2.04316974,0.317502946,4.76874065,0.159776896,-0.157154739,-0.0551077276,-0.130256444,-0.000254631042,1
283,2.899977,0.796654105,-0.790009141,0.891159832,-0.70510155,0.789908946,4.35002279,-0.129676238,-0.132248878,4.41619825,-0.209401354,10.1910648,0.290804416,-0.0900430754,-0.129676238,-0.131166831,-0.000254631042,1
284,2.909985,0.852766812,-0.860888481,0.857196808,-0.82249552,-5.70831299,-3.95663476,-0.00930135697,-0.132344723,-4.67529631,5.13628292,7.45595217,0.00637880433,-0.000560861954,-0.00930135697,-0.131624997,-0.000254631042,1
285,2.919981,0.793700755,-0.843906999,0.781149209,-0.823972225,2.15980458,-0.263485044,0.0322439559,-0.131201744,0.0213372391,-2.17571259,16.3821907,-0.094821319,0.175207764,0.0322439559,-0.131434441,-0.000254631042,1
286,2.929978,0.932506025,-0.764906049,0.813635588,-0.757522762,-0.180384025,1.77264988,0.0567450412,-0.131298065,1.73377621,0.410908699,13.8123341,-0.203478292,0.0345928632,0.0567450412,-0.131132215,-0.000254631042,1
287,2.940000,0.697718382,-0.938412786,0.841691971,-0.842430294,2.46910095,0.132956699,-0.0338024385,-0.133172989,0.45962581,-2.4295845,11.913084,-0.270589948,0.0100917816,-0.0338024385,-0.131010175,-0.000254631042,1
288,2.949982,0.939151108,-0.805513978,0.897066414,-0.814373851,0.32351175,3.26198316,-0.0433898196,-0.132153034,3.27616906,0.109136254,4.65617466,-0.276981533,-0.0879125446,-0.0433898196,-0.131545573,-0.000254631042,1
289,2.959980,0.900019765,-0.916262865,0.915524542,-0.804037392,-0.939864814,-2.24120665,-0.048716139,-0.131263256,-2.34494209,0.638435602,2.7401588,-0.206674084,0.0718771219,-0.048716139,-0.131907687,-0.000254631042,1
290,2.969998,0.903711379,-1.07721806,0.872701705,-0.829878747,-1.73055315,0.662984312,-0.036998231,-0.131201744,0.430885583,1.80241513,0.972634196,-0.0298401862,0.176273033,-0.036998231,-0.132340342,-0.000254631042,1
291,2.979984,0.80329901,-0.975328982,0.790747523,-0.859411776,1.36178851,-0.0142308529,0.0322439559,-0.131934166,0.165038422,-1.35182571,11.2999592,0.204518005,0.186925679,0.0322439559,-0.132483274,-0.000254631042,1
292,2.990001,0.903711379,-0.900758088,0.750877798,-0.75161618,-9.7331295,7.08125639,-0.00397503516,-0.133617878,5.72148371,10.5897417,17.4120483,0.29186967,0.0665507987,-0.00397503516,-0.132500514,-0.000254631042,1
293,3.000002,0.857196808,-0.852028489,0.80329901,-0.620194077,2.70027423,-3.17690992,0.0950945616,-0.133888721,-2.78802061,-3.10019016,10.1766949,0.224758029,-0.120935746,0.0950945616,-0.131997332,-0.000254631042,1
294,3.009977,0.639390528,-0.998217165,0.778195918,-0.817327261,0.680123985,-2.16245818,-0.0689561665,-0.130940914,-2.05514479,-0.956647515,17.6898708,0.168299004,-0.0783251673,-0.0689561665,-0.131808922,-0.000254631042,1
295,3.020006,1.0565449,-0.838000298,0.895589769,-0.887468219,2.9066186,0.406115443,-0.13287203,-0.132919788,0.787743509,-2.82715774,11.8867388,-0.125713989,-0.16248107,-0.13287203,-0.13271071,-0.000254631042,1
296,3.029979,0.864580154,-0.933244407,0.872701705,-0.727989674,3.34194374,-1.01395118,-0.0604340509,-0.134035587,-0.55825752,-3.4474678,8.85464382,-0.322787911,-0.0293230023,-0.0604340509,-0.133585781,-0.000254631042,1
297,3.039996,0.891159832,-0.959824145,0.934721053,-0.877870023,-4.38033915,-2.27881408,-0.12008886,-0.133878708,-2.84310603,4.03696823,8.50257587,-0.421857506,0.199708849,-0.12008886,-0.134314701,-0.000254631042,1
298,3.049981,1.05802166,-0.921431243,0.861626863,-0.859411776,0.482838482,1.98851061,-0.0828046054,-0.135692596,2.03554869,-0.209401354,13.3429108,-0.0447538905,0.255102605,-0.0828046054,-0.135251954,-0.000254631042,1
299,3.059999,0.931029379,-0.852028489,0.705839932,-0.832832038,-4.0324955,2.32021141,-0.113697276,-0.137462616,1.74575138,4.31239557,14.382349,0.209844321,-0.0250619445,-0.113697276,-0.13619718,-0.000254631042,1
300,3.069984,0.563342929,-0.939889371,0.962039173,-0.737587929,0.214576796,-0.369437724,-0.018888738,-0.141361237,-0.335520715,-0.26448682,13.5608568,0.0990568101,-0.168872654,-0.018888738,-0.136943027,-0.000254631042,1
301,3.080004,0.875654936,-0.805513978,0.83061707,-0.730943024,-2.20667386,2.98648071,-0.00823609252,-0.137489319,2.65585899,2.59516668,15.0194244,0.119296834,-0.184851617,-0.00823609252,-0.137219802,-0.000254631042,1
302,3.089979,0.744232893,-0.916262865,1.06097484,-0.839477003,3.36824012,-4.3183136,0.0279828981,-0.136381149,-3.82027411,-3.9240768,8.96481419,-0.227979377,0.0495065674,0.0279828981,-0.137207747,-0.000254631042,1
303,3.100006,0.849075198,-0.888944805,0.83873868,-0.814373851,-0.944112718,-0.0362567119,0.0748545378,-0.135090351,-0.163079277,0.930628002,10.26052,-0.178977206,0.125140354,0.0748545378,-0.136888549,-0.000254631042,1
304,3.109981,0.889683127,-0.897804797,0.891159832,-0.85498184,0.252769738,-1.38152444,0.0705934763,-0.135884285,-1.47315502,0.57616508,5.72914314,-0.235436216,0.209296227,0.0705934763,-0.136222064,-0.000254631042,1
305,3.120000,0.914047897,-1.00929201,0.860150158,-0.879346609,1.68479228,-1.23231816,0.0705934763,-0.136695862,-0.615737975,-0.262091786,4.49331331,-0.162998244,0.251906812,0.0705934763,-0.135721043,-0.000254631042,1
306,3.129999,0.980497301,-0.990833938,0.764167726,-0.913309634,-0.183504492,2.30638266,0.0588755682,-0.135038853,2.81872034,2.60953665,5.22139883,0.0543157011,0.209296227,0.0428966023,-0.135128394,-0.000254631042,1
307,3.139986,0.849075198,-1.01076865,0.816588879,-0.873439968,-0.157225624,-2.42970419,0.00774287386,-0.134943008,0.397355318,-0.8680318,5.34114981,0.485747814,0.0654855371,-0.0316719115,-0.13490051,-0.000254631042,1
308,3.150004,0.846121907,-0.990833938,0.851290226,-0.838000298,-0.895652354,0.458897412,-0.0902614519,-0.136565208,4.56708479,-0.676430225,14.5643702,0.724367023,-0.0367798544,-0.10197936,-0.13554889,-0.000254631042,1
309,3.159978,0.772289276,-0.998217165,0.642343938,-0.744971275,-2.40008211,2.72987604,-0.0923919827,-0.138187408,2.1888299,1.3976568,17.309063,0.643406928,-0.412818193,-0.0529771969,-0.136500552,-0.000254631042,1
310,3.170005,0.653418779,-0.812897265,0.810682297,-0.655633748,0.274980396,0.682087839,-0.0391287617,-0.138379097,-0.697168648,-0.724330604,19.0023422,0.454855144,-0.381925523,-0.0583035201,-0.136871487,-0.000254631042,1
311,3.179979,0.801822364,-0.958347499,0.861626863,-0.73241967,2.12652802,-3.84320235,-0.091326721,-0.138160706,-1.48513007,-1.8140645,8.53610611,0.113970511,-0.407491863,-0.0849351287,-0.137620896,-0.000254631042,1
312,3.189976,0.758261144,-0.859411776,0.886729896,-0.761952758,2.0414629,-0.15866819,0.0066776094,-0.13714838,0.16982846,-3.52889848,7.8199954,-0.241827801,-0.0602156706,0.0205260478,-0.137977302,-0.000254631042,1
313,3.199983,0.875654936,-0.907403111,0.946534336,-0.933244407,-1.41129267,-4.18579531,0.0322439559,-0.13781929,-5.12076998,1.72337949,7.39607668,-0.542232394,0.0654855371,0.0482229255,-0.137765631,-0.000254631042,1
314,3.209981,0.864580154,-0.89042151,0.94210434,-0.911832988,0.86525625,-1.93238974,0.0290481634,-0.138804913,-1.79408765,-0.314782232,13.1034088,-0.683912575,0.338193238,0.0194607824,-0.137425229,-0.000254631042,1
315,3.219979,0.885253191,-0.979758978,0.815112174,-0.85793519,-1.43188155,0.215765491,-0.0412592888,-0.138134003,0.0165472012,1.44795227,11.3334894,-0.561407149,0.224209934,-0.036998231,-0.137528524,-0.000254631042,1
316,3.229976,0.892636478,-0.986403883,0.83061707,-0.896328092,-2.7643733,1.31896508,-0.0955877751,-0.139468193,0.921864629,2.92088938,8.1744585,-0.229044631,-0.0282577388,-0.109436214,-0.138097465,-0.000254631042,1
317,3.239985,0.846121907,-0.995263934,0.979020655,-0.853505194,2.3935051,1.27834284,-0.064695105,-0.141012192,1.60205019,-2.19008255,8.44749069,0.0202272423,-0.191243201,-0.0583035201,-0.138939783,-0.000254631042,1
318,3.249980,0.875654936,-1.03218019,0.83061707,-0.685166776,1.30445457,-1.25337708,-0.0881309286,-0.140183926,-1.05881667,-1.46678662,7.02245378,0.227953821,-0.213613763,-0.0881309286,-0.139577612,-0.000254631042,1
319,3.259979,0.796654105,-0.921431243,0.871225059,-0.794439077,-0.621512532,-0.879952788,-0.126480445,-0.140314102,-0.958225787,0.492339373,6.67757082,0.371764511,-0.0197356232,-0.126480445,-0.140761539,-0.000254631042,1
320,3.270006,0.911094666,-0.908879638,0.7951774,-0.790009141,-2.57997894,-1.78396904,-0.00610556407,-0.140200615,-2.12699533,2.30536914,5.52796125,0.447398305,0.0665507987,-0.00610556407,-0.141362697,-0.000254631042,1
321,3.279981,0.756784499,-0.853505194,0.83873868,-0.885991573,3.05208826,-3.08664846,0.00135128724,-0.141560555,-2.62515926,-3.45704794,9.83660221,0.341937125,0.178403556,0.00135128724,-0.141284525,-0.000254631042,1
322,3.290006,0.826187134,-0.852028489,0.801822364,-0.843906999,2.22774768,2.61999774,0.030113427,-0.142450333,2.90973115,-1.83322465,14.4374342,0.0639030859,0.150706694,0.030113427,-0.141374335,-0.000254631042,1
323,3.300013,0.787794113,-0.893374801,0.775242567,-0.871963322,-0.66170615,1.91823065,0.0205260478,-0.141622066,1.80562687,0.925837934,13.5105619,-0.108669758,-0.0367798544,0.0205260478,-0.141073987,-0.000254631042,1
324,3.310001,0.793700755,-0.874916673,0.80625236,-0.919954538,0.745807409,0.0143359685,-0.00504029961,-0.141717911,0.119533047,-0.736305714,15.3547268,-0.0980171114,-0.231723249,-0.00504029961,-0.141024515,-0.000254631042,1
325,3.319975,0.849075198,-0.84686029,0.97754401,-0.733896315,2.20025778,0.151810139,0.00987340324,-0.1421628,0.462020844,-2.15655231,13.6806078,-0.113996081,-0.243441164,0.00987340324,-0.141096205,-0.000254631042,1
326,3.330001,0.702886701,-0.955394268,0.823233843,-0.815850556,-2.4921906,-3.38631749,-0.0508466698,-0.140985489,-3.70291805,1.99162161,7.58288813,-0.0799076185,-0.225331664,-0.0508466698,-0.141427606,-0.000254631042,1
327,3.340002,0.928076148,-0.879346609,1.08607781,-0.825448811,0.512199342,0.717868984,-0.0391287617,-0.141560555,0.782953441,-0.405792981,9.4965086,-0.206674084,0.0569634177,-0.0391287617,-0.141946092,-0.000254631042,1
328,3.349976,0.787794113,-1.00486207,0.898543119,-0.856458545,0.801478505,-2.45899653,0.0439618677,-0.141848087,-2.32099199,-1.14106405,0.304423749,-0.234370962,0.0953129455,0.0439618677,-0.141924843,-0.000254631042,1
329,3.360004,0.897066414,-0.973852336,0.86605674,-0.877870023,-2.01031613,1.6896404,0.0386355445,-0.141656399,1.38889349,2.22872853,6.8739624,-0.14275822,0.301974267,0.0386355445,-0.141565502,-0.000254631042,1
330,3.369978,0.846121907,-0.924384594,0.843168676,-0.982712388,3.19796872,0.127971381,0.0631366298,-0.141273022,0.576981783,-3.14809036,8.98637009,-0.215196192,0.118748762,0.0631366298,-0.141022637,-0.000254631042,1
331,3.379998,0.871225059,-1.06614316,0.799607396,-0.766382694,-1.09451449,-0.831592739,-0.0519119352,-0.141238213,-0.977385938,0.966553271,11.4604254,0.0159661844,0.110226646,-0.0519119352,-0.14105387,-0.000254631042,1
332,3.389984,0.922169626,-1.05875993,0.857196808,-0.930291057,-1.62859678,-1.44342554,-0.103044629,-0.142415524,-1.65996659,1.40723693,6.91467762,0.290804416,-0.145436838,-0.103044629,-0.141711757,-0.000254631042,1
333,3.399981,0.722821474,-1.03218019,0.951702595,-0.939889371,0.400705725,0.0191794317,-0.166960508,-0.143846035,0.0764226913,-0.393817872,13.8362846,0.500661492,-0.172068447,-0.166960508,-0.142643169,-0.000254631042,1
334,3.409977,0.83873868,-0.842430294,0.919216216,-0.595091045,1.58436799,0.870976686,-0.0231497958,-0.144133568,1.08951592,-1.44283652,15.3044319,0.363242418,-0.0879125446,-0.0231497958,-0.14387913,-0.000254631042,1
335,3.419986,0.730204701,-0.863841772,0.744232893,-0.919954538,0.969575882,-5.7545867,-0.0359329656,-0.143566132,-5.55666351,-1.7829293,11.6496315,0.0244883001,0.0260707494,-0.0359329656,-0.144038439,-0.000254631042,1
336,3.429983,0.83061707,-0.823972225,0.905188084,-0.73241967,2.91675258,0.185305044,0.0215913113,-0.142807007,0.598536968,-2.86068821,9.26658726,-0.132105574,0.176273033,0.0215913113,-0.144057512,-0.000254631042,1
337,3.439979,0.821757138,-0.89042151,0.75973779,-0.939889371,0.222256318,1.23806894,-0.0359329656,-0.144429207,1.25716734,-0.0417499803,11.6927423,-0.175781414,0.102769792,-0.0359329656,-0.144153088,-0.000254631042,1
338,3.449975,0.875654936,-0.918477952,0.895589769,-0.826925516,0.263891369,2.02104735,0.0418313369,-0.14578104,2.03794384,0.032495629,10.5790577,-0.268459409,-0.010148243,0.0418313369,-0.144343734,-0.000254631042,1
339,3.459984,0.782625914,-0.993787229,0.851290226,-0.921431243,-2.44633102,2.65081215,0.0322439559,-0.143880367,2.27265573,2.8011384,7.6307888,-0.138497159,-0.0303882677,0.0322439559,-0.143927082,-0.000254631042,1
340,3.469981,0.911094666,-0.877870023,0.770812571,-0.853505194,-2.85779881,4.01352453,0.0375702791,-0.142799377,3.56596637,3.39989328,16.176218,0.11503578,-0.309487551,0.0375702791,-0.143640473,-0.000254631042,1
341,3.479996,0.73537302,-0.897804797,0.863103449,-0.896328092,1.00900793,-0.192628384,0.0918987691,-0.141778946,-0.0481183305,-1.02610302,12.384903,0.240736991,-0.384056062,0.0918987691,-0.143041164,-0.000254631042,1
342,3.489982,0.728728056,-0.862365067,0.900019765,-0.638652325,1.80330634,-3.45335102,0.0397008099,-0.142764568,-3.16164374,-2.27630329,5.90876961,0.229019076,-0.38618657,0.0397008099,-0.142398983,-0.000254631042,1
343,3.500005,0.80625236,-0.866795123,0.854243517,-0.874916673,0.663089156,-1.03854764,0.0151997255,-0.141970634,-0.934275627,-0.803366244,3.5448854,0.0362062082,-0.0250619445,0.0151997255,-0.142265946,-0.000254631042,1
344,3.510007,0.810682297,-0.879346609,0.900019765,-0.797392428,-0.940206051,-0.538348615,0.0929640308,-0.139249802,-0.663638413,0.85638237,3.16647243,-0.0532760061,0.275342643,0.0929640308,-0.142020643,-0.000254631042,1
345,3.519981,0.960562468,-0.862365067,0.926599503,-1.00338542,-2.7029829,0.0101254471,0.164336741,-0.137130737,-0.359470904,2.67899227,4.65138435,0.040467266,0.492656589,0.164336741,-0.140869647,-0.000254631042,1
346,3.530004,0.810682297,-0.877870023,0.815112174,-1.0122453,5.86639309,-1.60521424,0.217599973,-0.138325691,-0.780994356,-6.03169394,13.1632843,0.0159661844,0.501178682,0.217599973,-0.139115244,-0.000254631042,1
347,3.539979,0.851290226,-0.933244407,0.696241736,-0.888944805,-2.30874705,1.30375981,0.180315703,-0.137681007,0.974555016,2.46583557,14.6625662,0.0500546433,0.228470996,0.180315703,-0.13743858,-0.000254631042,1
348,3.549999,0.793700755,-0.952440858,0.779672623,-0.852028489,-0.120509468,2.66323781,0.170728326,-0.135955334,2.62232876,0.480364293,15.2158155,0.109709457,-0.159285277,0.170728326,-0.135684311,-0.000254631042,1
349,3.559986,0.756784499,-0.945796013,0.826187134,-0.777457535,1.76876771,-0.100162938,0.0631366298,-0.134935379,0.138693199,-1.76616418,15.7738552,0.203452736,-0.343576014,0.0631366298,-0.134549156,-0.000254631042,1
350,3.570005,0.790747523,-0.907403111,0.823233843,-0.768597662,1.01476324,1.91695035,0.100420885,-0.13109827,2.03315377,-0.755465865,16.0516777,0.11503578,-0.44797191,0.100420885,-0.133808807,-0.000254631042,1
351,3.579979,0.7951774,-0.877870023,0.937674403,-0.754569471,-2.47449088,-0.331902891,0.0812461227,-0.12974596,-0.64926827,2.41075015,9.62584019,-0.0831034109,-0.363816023,0.0812461227,-0.132841483,-0.000254631042,1
352,3.590002,0.76785934,-0.921431243,0.934721053,-0.739064634,-3.7508471,-5.63496399,0.161140949,-0.129937649,-5.87520123,-0.832106471,3.84186792,-0.105473965,-0.0165398289,0.161140949,-0.131695077,-0.000254631042,1
353,3.600006,0.886729896,-0.842430294,0.801822364,-0.897804797,0.12581031,1.56049335,0.163271472,-0.128760338,2.12895441,-1.13627398,7.6307888,-0.11186555,0.263624728,0.17818518,-0.130157024,-0.000254631042,1
354,3.609982,0.852766812,-0.919954538,0.76785934,-0.880823314,-1.06947589,1.04047346,0.161140949,-0.125926971,-1.03486645,4.78660965,10.3227911,-0.0639286488,0.177338302,0.164336741,-0.128565893,-0.000254631042,1
355,3.620005,0.963515699,-0.823972225,0.820280552,-0.842430294,-2.95630026,-2.18368268,0.189903095,-0.126398087,-1.02049637,-0.305202127,7.27393055,0.244998053,0.0633550063,0.19096835,-0.126799002,-0.000254631042,1
356,3.629980,0.821757138,-0.826925516,0.677783549,-0.839477003,3.43739676,-1.07946146,0.10681247,-0.125788212,3.25461388,-0.872821808,11.0173464,0.292934954,-0.0442367047,0.0769850686,-0.125341401,-0.000254631042,1
357,3.639998,0.827663779,-0.771550953,0.905188084,-0.777457535,0.763024688,2.17316222,0.0780503303,-0.124515533,-3.66220284,-0.214191392,14.614666,0.0607072897,-0.0740641057,0.0705934763,-0.124569848,-0.000254631042,1
358,3.649983,0.758261144,-0.865318418,0.878608227,-0.764906049,0.20504263,-0.399614543,0.0460923947,-0.122971535,-1.26957834,3.54838443,6.90270281,-0.0639286488,0.0196791627,0.0471576601,-0.12389382,-0.000254631042,1
359,3.659996,0.966469049,-0.800345719,0.897066414,-0.876393318,-0.947822392,1.26569617,0.118530378,-0.12084341,1.2092669,-2.13739228,15.1511507,-0.302547872,0.202904642,0.135574609,-0.123037592,-0.000254631042,1
360,3.669981,0.7951774,-0.852028489,0.736849725,-0.911832988,1.81291223,-0.119391128,0.0769850686,-0.121035099,-2.20363593,-0.702775419,14.593111,-0.333440542,0.150706694,0.0673976839,-0.122005507,-0.000254631042,1
361,3.680002,0.956132531,-0.840953648,0.895589769,-0.836523712,-1.02108681,0.40214166,0.0492881909,-0.12169838,0.275209308,1.23719049,10.7419195,-0.384573251,0.0218096916,0.0418313369,-0.121318087,-0.000254631042,1
362,3.689996,0.847598612,-0.8822999,0.823233843,-0.869009972,0.481693298,-0.0157596506,0.0279828981,-0.121820927,0.0428924151,-0.480038583,6.57698011,-0.18110773,-0.113478892,0.0151997255,-0.120837547,-0.000254631042,1
363,3.699983,0.963515699,-0.8822999,0.937674403,-0.805513978,-0.989000857,0.331589669,0.0151997255,-0.120260239,0.210543796,1.02163875,4.83819628,0.0095745977,-0.148632631,0.0247871056,-0.120716996,-0.000254631042,1
364,3.709980,0.827663779,-0.880823314,0.843168676,-0.730943024,-1.17321599,-3.35585856,-0.000779241615,-0.117949009,-3.47060132,0.770161629,-2.27740741,0.0905346945,-0.0783251673,-0.00397503516,-0.120425574,-0.000254631042,1
365,3.719977,0.912571311,-0.873439968,0.829140425,-0.744971275,-6.11203003,-0.807739079,-0.0306066461,-0.119501114,-1.53063548,5.9721446,6.29676294,0.271629661,0.152837217,-0.0306066461,-0.120464556,-0.000254631042,1
366,3.729984,0.792224109,-0.733896315,0.64825052,-0.766382694,3.93003535,3.88611197,0.0258523691,-0.119692802,4.32758284,-3.43788791,6.56260967,0.328088671,0.111291908,0.0258523691,-0.120376252,-0.000254631042,1
367,3.739981,0.857196808,-0.640128911,0.762691081,-0.71912986,2.83967113,1.48706865,0.0173302535,-0.120486259,1.81760192,-2.64034629,11.1826029,0.303587586,0.0718771219,0.0173302535,-0.120199114,-0.000254631042,1
368,3.749978,0.687381744,-0.760476053,0.72429812,-0.73241967,-0.667701125,0.74729383,-0.048716139,-0.121567726,0.66080749,0.753396511,14.5835304,0.16084215,-0.0548893511,-0.048716139,-0.120298773,-0.000254631042,1
369,3.759986,0.810682297,-0.742017984,0.770812571,-0.726513088,0.227412537,0.93241477,-0.00823609252,-0.120582581,0.95299983,-0.113600567,17.0240555,0.0521851741,-0.0953693986,-0.00823609252,-0.120494172,-0.000254631042,1
370,3.769982,0.747186184,-0.774504304,0.846121907,-0.736111343,3.2551465,1.2060864,-0.0210192669,-0.120965958,1.59007514,-3.08581996,7.94693136,-0.0703202412,-0.233853787,-0.0210192669,-0.120513633,-0.000254631042,1
371,3.779981,0.886729896,-0.77893424,0.872701705,-0.70510155,-3.7273984,-6.62527466,-0.0657603741,-0.121157646,-7.02720594,2.89933419,4.316082,-0.220522523,0.0644202679,-0.0657603741,-0.120896421,-0.000254631042,1
372,3.800007,1.03808689,-0.771550953,0.730204701,-0.77893424,-4.92269325,5.05207729,-0.0828046054,-0.121863365,4.41619825,5.50032568,14.7823172,0.0947957486,0.223144665,-0.0828046054,-0.12239854,-0.000254631042,1
373,3.809981,0.725774765,-0.774504304,0.843168676,-0.716914833,4.92902803,-6.91988039,0.0333092213,-0.125857353,-6.24642944,-5.75866175,10.7323389,0.246063307,-0.0410409123,0.0333092213,-0.122464173,-0.000254631042,1
374,3.820003,0.80625236,-0.865318418,0.69181174,-0.641605556,-4.33375311,-0.30850634,-0.0614993125,-0.124262333,-0.843264878,4.26210022,13.2926149,0.224758029,-0.0900430754,-0.0614993125,-0.122702494,-0.000254631042,1
375,3.829978,0.886729896,-0.806990683,0.864580154,-0.806990683,0.961641908,2.87537575,-0.00610556407,-0.123608112,2.97200155,-0.59978956,11.1442823,-0.110800289,-0.0410409123,-0.00610556407,-0.123020947,-0.000254631042,1
376,3.839999,0.779672623,-0.812897265,0.810682297,-0.863841772,0.788566649,-1.16222298,-0.0167582091,-0.1232934,-1.05642164,-0.925512254,1.76299071,-0.310004741,-0.169937909,-0.0167582091,-0.123191416,-0.000254631042,1
377,3.850003,0.875654936,-0.89042151,0.908141434,-0.832832038,0.17719093,-0.292458415,-0.0284761172,-0.123232365,-0.268460125,-0.211796373,0.941498995,-0.529449224,0.0505718328,-0.0284761172,-0.123368084,-0.000254631042,1
378,3.860006,1.01150692,-0.840953648,0.758261144,-0.785579205,-0.99096936,0.854140937,0.0183955189,-0.123581409,0.725472987,1.08869922,8.74207783,-0.297221571,0.136858255,0.0183955189,-0.123427242,-0.000254631042,1
379,3.869981,0.925122857,-0.843906999,0.68885839,-0.806990683,-3.3762989,-1.30865133,-0.00397503516,-0.123642445,-1.71505201,3.1891315,7.84873533,-0.0202528071,0.156033009,-0.00397503516,-0.12348935,-0.000254631042,1
380,3.880128,0.741279602,-0.85793519,0.851290226,-0.723559737,1.75703526,3.24167514,0.0620713644,-0.124104977,3.43424034,-1.3422457,14.0470467,0.269499123,0.0665507987,0.0620713644,-0.123220004,-0.000254631042,1
381,3.889976,0.796654105,-0.652680397,0.619455755,-0.729466379,-4.80314922,3.23781991,0.0247871056,-0.124262333,2.61753869,5.167418,17.3186436,0.337676048,-0.0698030517,0.0247871056,-0.123004444,-0.000254631042,1
382,3.900007,0.676306903,-0.758999407,0.796654105,-0.689596713,-0.908503056,-0.467222571,0.0897682384,-0.122840881,-0.575022638,0.84440726,16.422905,0.155515835,-0.244506434,0.0897682384,-0.122335449,-0.000254631042,1
383,3.909980,0.764167726,-0.792962432,0.722821474,-0.716914833,1.54366696,-2.45334506,0.0450271331,-0.120965958,-2.24914145,-1.82843459,16.2744141,0.201322213,-0.245571688,0.0450271331,-0.12168286,-0.000254631042,1
384,3.919977,0.736849725,-0.802560687,0.821757138,-0.671138644,1.55142176,-1.59122813,-0.0135624148,-0.121349335,-1.39172435,-1.73263383,15.6564999,-0.0138612203,-0.240245372,-0.0135624148,-0.121495262,-0.000254631042,1
385,3.929984,0.829140425,-0.780410945,0.761214435,-0.727989674,2.8001368,-1.52241158,0.0183955189,-0.123259068,-1.16659248,-2.96606898,11.0101614,-0.232240424,-0.0974999219,0.0183955189,-0.121741191,-0.000254631042,1
386,3.939981,0.772289276,-0.783364236,0.821757138,-0.825448811,-0.347024232,-0.324973047,-0.0178234726,-0.120267868,-0.364260942,0.305527866,6.27520752,-0.327048957,-0.0186703578,-0.0178234726,-0.121719584,-0.000254631042,1
387,3.949977,1.08755457,-0.804037392,0.83873868,-0.775980949,-2.38615322,0.249139354,-0.00290977047,-0.121096134,-0.04093327,2.3987751,4.01430941,-0.264198363,0.145380363,-0.00290977047,-0.121704489,-0.000254631042,1
388,3.959985,0.790747523,-0.768597662,0.782625914,-0.805513978,3.29380393,2.19481897,0.0151997255,-0.121157646,2.57682323,-3.00438929,2.7401588,0.026618829,0.14218457,0.0151997255,-0.121608689,-0.000254631042,1
389,3.969981,0.928076148,-0.770074308,0.83873868,-0.798869073,-2.95321918,0.445679396,-0.0242150594,-0.122587681,0.0812127292,2.98555493,5.96385479,0.120362096,0.163489863,-0.0242150594,-0.121645585,-0.000254631042,1
390,3.979980,0.840215385,-0.897804797,0.832093716,-0.831355333,-1.66160226,-1.46765757,0.0194607824,-0.122683525,-1.65996659,1.46950734,3.02995634,0.140602127,0.157098278,0.0194607824,-0.121714756,-0.000254631042,1
391,3.989980,0.878608227,-0.887468219,0.796654105,-0.746447921,5.67540312,-3.67057371,-0.00290977047,-0.121890068,-2.95327711,-6.07959414,9.60667992,-0.0862992033,0.226340458,-0.00290977047,-0.121611029,-0.000254631042,1
392,4.010001,0.775242567,-0.859411776,0.860150158,-0.715438187,0.822947621,-1.43565774,-0.00930135697,-0.124584675,-1.32226884,-0.994967818,14.7990828,-0.139562413,-0.0208008867,-0.00930135697,-0.122437149,-0.000254631042,1
393,4.019975,0.886729896,-0.795915782,0.728728056,-0.828402102,4.69313812,-0.348087251,-0.0721519589,-0.124392509,0.236889005,-4.70006323,15.8840265,-0.202413023,-0.115609422,-0.0721519589,-0.122781754,-0.000254631042,1
394,4.029999,0.875654936,-0.70510155,0.83873868,-0.722083151,-0.0177140906,0.51354903,-0.0146276793,-0.12262249,0.507526219,0.0803960189,6.69673109,-0.319592118,-0.207222164,-0.0146276793,-0.123449691,-0.000254631042,1
395,4.039984,0.854243517,-0.922907889,0.881561637,-0.788532436,0.148976877,-2.98721981,-0.0476508774,-0.1235466,-2.94609189,-0.515963912,4.63222456,-0.0788423568,-0.133718923,-0.0476508774,-0.1234788,-0.000254631042,1
396,4.049996,0.885253191,-0.821018875,0.725774765,-0.804037392,-1.83536053,0.995475531,-0.0955877751,-0.124087334,0.464415848,4.31958055,8.67501736,0.319566548,-0.0868472829,-0.0955877751,-0.124244288,-0.000254631042,1
397,4.059981,0.985665619,-0.771550953,0.702886701,-0.663017035,-3.05630922,4.0173111,-0.0412592888,-0.125857353,2.81632519,2.71252251,14.3607941,0.544337332,-0.272203296,-0.0210192669,-0.124885768,-0.000254631042,1
398,4.069998,0.736849725,-0.758999407,0.837262034,-0.688120067,-0.350502789,-0.988691866,0.0194607824,-0.127732754,-0.445691615,-2.39365935,7.73137951,0.50279206,-0.209352702,0.0173302535,-0.124972895,-0.000254631042,1
399,4.079983,0.820280552,-0.800345719,0.841691971,-0.69698,1.48445082,-2.21909523,0.00241655181,-0.124933243,1.28111756,1.10306942,8.16008759,0.378156096,-0.1614158,-0.00610556407,-0.124980271,-0.000254631042,1
400,4.089981,0.718391478,-0.77893424,0.809205592,-0.775980949,3.24623847,0.418610662,0.0801808611,-0.123868942,0.0596575551,-2.98522902,7.07993412,0.12994948,0.196513057,0.0737892687,-0.124619775,-0.000254631042,1
401,4.100001,0.761214435,-0.787055731,0.832093716,-0.775980949,-1.73479426,-1.32429433,0.108943,-0.123711586,-0.404976279,0.928232968,6.69194078,-0.189629853,0.326475352,0.127052501,-0.123917714,-0.000254631042,1
402,4.109986,0.889683127,-0.736111343,1.04104006,-0.933244407,1.34694803,0.34444651,0.185642034,-0.123328209,0.263234228,-2.01045609,8.13613796,-0.531579733,0.586399853,0.176054657,-0.122519799,-0.000254631042,1
403,4.119996,0.937674403,-0.89042151,0.993048966,-0.953917563,1.62832117,1.14894462,0.135574609,-0.122020721,1.2236371,-1.42367637,0.28047356,-0.63384515,0.434067041,0.138770401,-0.121220596,-0.000254631042,1
404,4.129981,1.01150692,-0.873439968,0.799607396,-0.933244407,1.77233458,1.83173609,0.15261884,-0.118463039,1.19010675,0.346243173,8.72291756,-0.654085159,0.334997445,0.115334585,-0.119896039,-0.000254631042,1
405,4.139996,0.818803847,-0.941366017,0.798130691,-0.809943914,-3.04512453,1.00756633,0.0535492487,-0.119657993,-2.3976326,5.58175659,13.6901884,-0.272720486,0.1144877,0.0333092213,-0.119228452,-0.000254631042,1
406,4.149982,0.931029379,-0.95022589,0.920692921,-0.781887531,-3.74471903,2.44243002,0.0290481634,-0.12022543,1.9756732,0.983318388,16.4779911,0.0745557249,-0.194438994,0.0333092213,-0.118889563,-0.000254631042,1
407,4.159998,0.718391478,-0.905926406,0.809205592,-0.703624964,1.04245436,0.0144630373,0.0141344611,-0.11955452,0.138693199,-1.03328812,11.4388695,0.284412831,-0.370207608,0.00348181627,-0.118566267,-0.000254631042,1
408,4.169983,0.745709598,-0.853505194,0.826187134,-0.547099769,0.129751578,-0.157610521,0.0109386677,-0.116066456,-0.141524091,-0.147130847,16.5809765,0.320631832,-0.53532362,-0.00184450613,-0.118436389,-0.000254631042,1
409,4.180001,0.676306903,-0.736111343,0.787794113,-0.694026709,4.59038258,-2.77024484,-0.0721519589,-0.117949009,-2.21082115,-4.88447952,17.6635265,0.186408505,-0.405361354,-0.10197936,-0.118635029,-0.000254631042,1
410,4.190001,0.76785934,-0.75161618,0.728728056,-0.626100659,0.779007673,-2.28037143,-0.258573234,-0.120582581,-2.1701057,-1.04765821,16.2911797,0.314240247,-0.442645609,-0.256442726,-0.120220795,-0.000254631042,1
411,4.199985,0.772289276,-0.760476053,0.976067305,-0.733896315,2.40011978,0.179002061,-0.218093202,-0.122779846,0.47160092,-2.36012912,15.06493,0.0926652253,-0.349967599,-0.218093202,-0.122310109,-0.000254631042,1
412,4.210001,0.807728887,-0.82249552,0.878608227,-0.797392428,2.80713344,-1.27063036,-0.223419517,-0.125953674,-0.907930374,-2.9445138,5.27887917,-0.187499315,-0.242375895,-0.223419517,-0.124355622,-0.000254631042,1
413,4.219986,0.840215385,-0.771550953,0.823233843,-0.771550953,-5.42061901,-1.43854988,-0.108370952,-0.124060631,-2.09825516,5.20094824,2.10547853,-0.346223712,0.219948873,-0.108370952,-0.125730857,-0.000254631042,1
414,4.230002,0.903711379,-0.744971275,0.863103449,-0.866795123,-0.950059593,1.5664041,-0.0476508774,-0.12406826,1.4367938,1.13659966,5.93751001,-0.246088862,0.447915494,-0.0476508774,-0.126405209,-0.000254631042,1
415,4.239977,0.94210434,-0.777457535,0.54193145,-0.809943914,-2.89540029,1.20283902,-0.0966530442,-0.126327038,0.828458846,3.02387524,11.1179371,0.026618829,0.278538436,-0.0966530442,-0.127055079,-0.000254631042,1
416,4.249985,0.741279602,-0.911832988,0.902234733,-0.715438187,0.690190375,1.44910383,-0.107305683,-0.132946491,1.52780461,-0.492013693,8.40198517,0.0244883001,0.136858255,-0.107305683,-0.127949357,-0.000254631042,1
417,4.259983,0.784840882,-0.904449761,0.693288386,-0.733896315,2.10183477,0.437368423,-0.177613154,-0.133627892,0.713497877,-2.02482629,10.8041897,0.253520161,-0.0399756469,-0.177613154,-0.129396737,-0.000254631042,1
418,4.269979,0.738326311,-0.832832038,0.86605674,-0.681475222,-2.03040671,-1.52309799,-0.157373115,-0.130810738,-1.7749275,1.81439018,7.48229742,0.143797919,-0.0176050942,-0.157373115,-0.131174028,-0.000254631042,1
419,4.279976,0.804775655,-0.825448811,0.854243517,-0.665970266,0.608320296,-2.56266546,-0.0551077276,-0.129876614,-2.46229792,-0.93509233,5.66447735,0.0702946708,0.104900323,-0.0551077276,-0.13216345,-0.000254631042,1
420,4.289985,0.796654105,-0.736111343,0.837262034,-0.774504304,-2.32569337,-0.538042903,0.00135128724,-0.130486488,-0.836079836,2.23591375,4.88370132,0.0415325277,0.214622557,0.00135128724,-0.132308081,-0.000254631042,1
421,4.299982,0.705839932,-0.766382694,0.823233843,-0.781887531,1.53423488,-1.38711071,0.0258523691,-0.134419441,-1.16898751,-1.7062887,8.22954369,-0.116126612,0.313692153,0.0258523691,-0.132264733,-0.000254631042,1
422,4.309978,0.758261144,-0.805513978,0.649727106,-0.674091876,-2.39746451,1.92892849,-0.0614993125,-0.135387897,1.5876801,2.6358819,15.0936699,0.0830778405,0.136858255,-0.0614993125,-0.1324379,-0.000254631042,1
423,4.319975,0.676306903,-0.679998517,0.651942134,-0.785579205,-2.23241282,4.61139917,-0.0593687855,-0.135449409,4.26770735,2.83466864,22.647562,0.23647593,-0.208287433,-0.0593687855,-0.133247659,-0.000254631042,1
424,4.340002,0.634960651,-0.647512138,0.671876907,-0.570726216,0.567341566,0.15457052,0.00774287386,-0.130914211,0.227308929,-0.542309105,15.7379303,0.109709457,-0.457559288,0.00774287386,-0.133193284,-0.000254631042,1
425,4.349977,0.654895484,-0.720606506,0.764167726,-0.648988843,0.73795259,-1.8072722,0.00987340324,-0.132954597,-1.69349682,-0.971017599,11.8795538,-0.0277096573,-0.242375895,0.00987340324,-0.133296713,-0.000254631042,1
426,4.359998,0.649727106,-0.725036442,0.80625236,-0.562604606,-0.0369261801,-1.40903187,0.114269324,-0.134192944,-1.40130448,-0.151920885,1.74862063,-0.0735160336,-0.202961117,0.114269324,-0.132944152,-0.000254631042,1
427,4.369998,0.668923616,-0.75161618,0.755307794,-0.771550953,0.333957851,-2.50149894,0.0908335,-0.131742477,-2.4359529,-0.659665048,1.50432861,-0.275916278,0.317953229,0.0908335,-0.131971642,-0.000254631042,1
428,4.379984,0.730204701,-0.702148318,0.679260254,-0.7080549,-2.39709449,-0.134062052,0.138770401,-0.127809525,-0.438506544,2.3604548,6.36621809,-0.253545731,0.423414409,0.138770401,-0.131076083,-0.000254631042,1
429,4.389997,0.693288386,-0.727989674,0.860150158,-0.768597662,-1.01572645,-0.714750528,0.151553571,-0.127905369,-0.83847481,0.916257858,3.14491725,-0.276981533,0.54698509,0.151553571,-0.129742518,-0.000254631042,1
430,4.399984,0.676306903,-0.695503354,0.76785934,-0.771550953,1.38114905,1.77266204,0.112138793,-0.130530834,1.9373529,-1.13866901,4.72323513,-0.365398496,0.377608031,0.112138793,-0.128531352,-0.000254631042,1
431,4.409996,0.738326311,-0.739064634,0.600997686,-0.757522762,-5.54385138,5.66500044,0.0173302535,-0.129380226,4.90238762,6.22841167,11.0173464,-0.143823475,0.0803992376,0.0173302535,-0.127806902,-0.000254631042,1
432,4.420006,0.625362396,-0.763429463,0.762691081,-0.749401152,1.15020251,1.40603304,0.0237218402,-0.126363754,1.53977966,-0.963832557,10.0521536,-0.010665427,-0.153958946,0.0237218402,-0.127597734,-0.000254631042,1
433,4.429981,0.649727106,-0.722083151,0.718391478,-0.516090095,2.09083867,1.63249671,0.0247871056,-0.125980377,1.88226748,-1.86914992,15.7930155,0.276955992,-0.42986244,0.0247871056,-0.127395406,-0.000254631042,1
434,4.439978,0.527903259,-0.69993329,0.679260254,-0.603212535,-2.68287659,-1.82607555,0.0226565767,-0.125918865,-2.14855051,2.43230534,15.9846172,0.281217039,-0.46075511,0.0226565767,-0.127187371,-0.000254631042,1
435,4.449985,0.665232003,-0.647512138,0.798130691,-0.504276812,2.18407965,-3.98323917,0.01626499,-0.127130508,-3.67417789,-2.67148161,13.6782131,0.226888552,-0.336119145,0.01626499,-0.126969054,-0.000254631042,1
436,4.459983,0.571464598,-0.675568581,0.769335985,-0.612072468,2.09749007,-2.88367534,0.0151997255,-0.125351429,-2.59881401,-2.44155955,5.72435284,0.152320042,-0.0964346603,0.0151997255,-0.126762196,-0.000254631042,1
437,4.469980,0.594352722,-0.671138644,0.606904149,-0.627577364,1.38495135,-2.06660748,-0.0519119352,-0.126406193,-1.87551832,-1.63443804,8.46665096,-0.110800289,0.186925679,-0.0519119352,-0.126773283,-0.000254631042,1
438,4.479977,0.654895484,-0.618717492,0.76785934,-0.648988843,-1.10730052,0.660443485,-0.0817393363,-0.127138615,0.514711261,1.18210506,9.16599655,-0.193890914,0.295582682,-0.0817393363,-0.127311856,-0.000254631042,1
439,4.489986,0.682213545,-0.702148318,0.612810791,-0.695503354,-0.0722364113,0.574166775,-0.0987835675,-0.128220081,0.560216665,0.145061553,8.3660593,-0.310004741,0.290256351,-0.0987835675,-0.128057301,-0.000254631042,1
440,4.499983,0.701409996,-0.720606506,0.668923616,-0.655633748,0.314387232,0.289467722,-0.0955877751,-0.13043499,0.327899724,-0.274066895,7.67150402,-0.31746158,0.167750925,-0.0955877751,-0.128875181,-0.000254631042,1
441,4.509980,0.697718382,-0.709531605,0.707316577,-0.646035433,-1.33848572,4.68843079,-0.130741507,-0.131228447,4.06413031,5.03808689,2.31384516,-0.0649939179,0.0356581286,-0.130741507,-0.129766747,-0.000254631042,1
442,4.519997,0.694765031,-0.713961542,0.527903259,-0.669661939,-7.56109619,2.90534377,-0.12008886,-0.13176918,2.27984071,4.91115093,7.25716543,0.281217039,-0.108152568,-0.12008886,-0.131036714,-0.000254631042,1
443,4.530004,0.600997686,-0.652680397,0.69181174,-0.533071578,-0.563336551,1.41274321,-0.0689561665,-0.131577492,0.706312835,1.78804505,11.8196783,0.468703598,-0.299900174,-0.0593687855,-0.131840572,-0.000254631042,1
444,4.539979,0.563342929,-0.586231053,0.564819574,-0.436350852,-0.104371935,-0.933465898,-0.0700214282,-0.132850647,-0.536702335,-0.362682641,13.1680737,0.475095183,-0.34251073,-0.0774782822,-0.132421121,-0.000254631042,1
445,4.549976,0.536024868,-0.60468924,0.755307794,-0.501323521,0.140726358,-3.48227882,-0.100914098,-0.133966446,-2.32817698,-1.90747035,12.3944826,0.361111879,-0.198700055,-0.110501476,-0.133239672,-0.000254631042,1
446,4.560004,0.538978219,-0.626100659,0.643820524,-0.567034602,0.368825018,-1.96184206,-0.107305683,-0.134480476,-1.06121171,-1.40930617,9.49411392,0.0947957486,0.0196791627,-0.0966530442,-0.134291112,-0.000254631042,1
447,4.569979,0.615764141,-0.60173595,0.756784499,-0.644558847,0.286702007,-0.15739733,-0.0359329656,-0.134357929,0.675177574,-0.865636766,8.84027386,-0.250349909,0.234862581,-0.0199540015,-0.134975776,-0.000254631042,1
448,4.580006,0.639390528,-0.641605556,0.776719272,-0.764906049,-2.11942649,2.16769505,0.0247871056,-0.134837151,1.74335635,2.0203619,6.61530018,-0.518796563,0.311561644,0.0524839833,-0.135026693,-0.000254631042,1
449,4.589981,0.701409996,-0.66449368,0.741279602,-0.771550953,0.511818111,0.488877445,0.132378817,-0.134357929,-0.397791207,0.705496132,7.47032213,-0.590169311,0.337127984,0.139835656,-0.134224758,-0.000254631042,1
450,4.599998,0.71617651,-0.740541279,0.555959702,-0.761952758,0.397289902,1.67670441,0.117465116,-0.133207321,0.117138028,-0.980597675,11.2424784,-0.464468092,0.234862581,0.0972250924,-0.133050278,-0.000254631042,1
451,4.610000,0.673353553,-0.781887531,0.591399372,-0.725036442,-1.66682446,0.266925842,0.10681247,-0.131960869,-0.769019246,0.252837449,11.9945145,-0.176846683,0.115552969,0.116399847,-0.132256448,-0.000254631042,1
452,4.619985,0.632745624,-0.761952758,0.54193145,-0.677045226,-0.227170348,3.43829107,0.0887029767,-0.131002426,3.37915492,0.674360871,13.615943,0.124623157,-0.160350531,0.0695282146,-0.131356493,-0.000254631042,1
453,4.630000,0.634960651,-0.74349463,0.619455755,-0.536763191,-2.07187366,3.53035355,0.00774287386,-0.130523205,3.23066378,2.51373601,14.4589901,0.352589756,-0.438384533,0.00241655181,-0.130987629,-0.000254631042,1
454,4.639982,0.515351772,-0.720606506,0.668923616,-0.385406286,2.25535178,1.02851903,0.0460923947,-0.131159306,1.31464779,-2.10146689,15.1966553,0.288673878,-0.517214119,0.0397008099,-0.130715549,-0.000254631042,1
455,4.650007,0.457023948,-0.607642531,0.585492671,-0.527164996,1.65857971,-0.254493713,-0.00504029961,-0.129284382,-0.0385382511,-1.67754841,15.6828451,0.329153955,-0.495908827,-0.0135624148,-0.130558997,-0.000254631042,1
456,4.659981,0.537501574,-0.663017035,0.697718382,-0.513136804,1.79340041,0.301018268,-0.048716139,-0.128917694,0.529081404,-1.73981893,9.2833519,0.153385311,-0.428797156,-0.048716139,-0.130782798,-0.000254631042,1
457,4.670001,0.575894475,-0.706578195,0.657848716,-0.437827468,-1.28441763,-0.884569168,0.0247871056,-0.130722523,-1.04444647,1.15815485,0.924733818,-0.0298401862,-0.192308471,0.0247871056,-0.130800903,-0.000254631042,1
458,4.680007,0.69181174,-0.595091045,0.68073684,-0.62905395,-1.47180665,-1.98382235,0.122791439,-0.128220081,-2.15573573,1.20605528,0.713972092,-0.103343435,0.240188897,0.122791439,-0.130097941,-0.000254631042,1
459,4.689981,0.72429812,-0.624624014,0.705839932,-0.733896315,-1.41834629,-2.12815571,0.160075679,-0.126292229,-2.28985667,1.13899469,0.565480888,-0.162998244,0.666294694,0.160075679,-0.128750652,-0.000254631042,1
460,4.700002,0.719868183,-0.677045226,0.538978219,-0.703624964,3.22876167,3.34514332,0.194164142,-0.12501955,3.72164273,-2.78644252,9.67853069,0.0575114973,0.774951696,0.194164142,-0.126971096,-0.000254631042,1
461,4.709977,0.637913942,-0.624624014,0.39500457,-0.691073418,-2.91607404,2.70389938,0.061006099,-0.126816273,2.31337094,3.23463678,11.1562576,0.274825454,0.466024995,0.061006099,-0.126130834,-0.000254631042,1
462,4.719997,0.617979109,-0.624624014,0.639390528,-0.547099769,2.71558857,3.63256836,0.0801808611,-0.128927708,3.95156455,-2.22600794,13.5680428,0.275890708,0.209296227,0.0801808611,-0.12547116,-0.000254631042,1
463,4.729982,0.513875127,-0.60173595,0.493940294,-0.545623124,2.60940552,1.60821533,0.0375702791,-0.124829769,1.92058778,-2.38886929,15.3451471,0.262042284,-0.140110508,0.0375702791,-0.124810293,-0.000254631042,1
464,4.740001,0.530856609,-0.595091045,0.634960651,-0.547099769,1.65522051,1.28503573,0.01626499,-0.122395992,1.47750914,-1.48594689,16.513916,0.0447283238,-0.246636957,0.01626499,-0.124491177,-0.000254631042,1
465,4.749986,0.488033652,-0.630530655,0.564819574,-0.499108583,3.24789739,-1.51251221,-0.0583035201,-0.123197556,-1.10192704,-3.4091475,13.5608568,0.0351409428,-0.371272892,-0.0583035201,-0.124648683,-0.000254631042,1
466,4.760005,0.543408155,-0.624624014,0.651942134,-0.440780818,-1.87346137,-1.97984481,-0.0902614519,-0.125543118,-2.19884586,1.6108135,10.028203,-0.0969518498,-0.281790674,-0.0902614519,-0.125310108,-0.000254631042,1
467,4.769979,0.560389698,-0.648988843,0.727251351,-0.466622204,-0.370560139,-4.23634624,-0.0540424623,-0.128054619,-4.24898243,-0.173476055,5.21421385,-0.2120004,-0.00269139092,-0.0540424623,-0.125883356,-0.000254631042,1
468,4.779976,0.654895484,-0.630530655,0.71617651,-0.613549113,-1.46338511,-1.50280726,-0.0359329656,-0.125638962,-1.67433667,1.26353574,4.57953405,-0.300417364,0.353106946,-0.0359329656,-0.126283273,-0.000254631042,1
469,4.789983,0.668923616,-0.555221379,0.495416969,-0.681475222,-0.234562963,1.25013673,-0.0412592888,-0.123650551,1.21166193,0.38695851,13.4267359,-0.294025779,0.474547088,-0.0412592888,-0.126402169,-0.000254631042,1
470,4.799980,0.632745624,-0.572202861,0.608380854,-0.603212535,-0.36690703,0.331750154,-0.0636298433,-0.127521992,0.282394379,0.406118661,11.7933331,-0.0799076185,0.197578326,-0.0636298433,-0.126860291,-0.000254631042,1
471,4.809977,0.564819574,-0.586231053,0.595829308,-0.485818714,1.88283777,1.8260752,-0.0551077276,-0.131447315,2.05710387,-1.62725306,10.0904741,0.0351409428,-0.0687377825,-0.0551077276,-0.127354071,-0.000254631042,1
472,4.819985,0.591399372,-0.647512138,0.54193145,-0.544146478,-1.23677886,1.01815116,-0.091326721,-0.131186485,0.847618997,1.3593365,7.20926523,0.229019076,-0.279660136,-0.091326721,-0.12806347,-0.000254631042,1
473,4.829981,0.646773815,-0.562604606,0.623885691,-0.562604606,0.591097236,0.482332349,-0.0380634964,-0.126459599,0.553031564,-0.525543988,7.54456806,0.233280137,-0.29883489,-0.0380634964,-0.128748387,-0.000254631042,1
474,4.839978,0.495416969,-0.536763191,0.589922726,-0.552268028,0.416359007,-3.41457057,-0.046585612,-0.127295494,-3.33408523,-0.846476614,1.97854245,0.188539028,-0.264746457,-0.046585612,-0.128996968,-0.000254631042,1
475,4.849975,0.50649184,-0.539716542,0.561866343,-0.316742003,-0.2275583,-2.11765671,-0.0156929437,-0.127775192,-2.12939048,-0.0441449992,6.65601587,0.250324368,0.0537676252,-0.0156929437,-0.129251286,-0.000254631042,1
476,4.869999,0.410509437,-0.548576415,0.469575554,-0.524211705,-2.28285837,-2.68360257,0.0727240071,-0.131865025,-2.96046209,1.91019106,15.7067947,0.234345406,0.193317264,0.0727240071,-0.129163876,-0.000254631042,1
477,4.880004,0.50649184,-0.483603686,0.457023948,-0.536763191,-2.64345121,0.808063388,0.135574609,-0.126973629,0.466810882,2.7244978,14.7416019,0.170429543,0.091051884,0.135574609,-0.128350824,-0.000254631042,1
478,4.889978,0.469575554,-0.4466874,0.445949048,-0.504276812,0.333876073,0.449600726,0.125987232,-0.127357006,0.488366038,-0.274066895,18.3293419,0.0191619787,0.136858255,0.125987232,-0.127101839,-0.000254631042,1
479,4.899998,0.424537599,-0.483603686,0.393527865,-0.521258295,-0.0509098023,-0.20140253,0.116399847,-0.125447273,-0.206189632,0.0253105685,14.5979004,0.0095745977,-0.0559546128,0.116399847,-0.126010373,-0.000254631042,1
480,4.909984,0.532333255,-0.497631967,0.553006411,-0.499108583,1.17225552,-0.0921900123,0.0887029767,-0.12515974,0.0548675135,-1.17459428,13.1680737,-0.220522523,-0.0580851436,0.0887029767,-0.125048175,-0.000254631042,1
481,4.919996,0.362518221,-0.483603686,0.430444241,-0.521258295,0.509123385,-0.697134972,0.0237218402,-0.125857353,-0.627713084,-0.592604518,8.99355507,-0.387769043,-0.153958946,0.0237218402,-0.124518774,-0.000254631042,1
482,4.929981,0.489510328,-0.440780818,0.455547333,-0.468837202,-1.46831572,1.34522367,0.0215913113,-0.123450756,1.15418148,1.62278867,1.51630366,-0.533710241,-0.15608947,0.0215913113,-0.124288,-0.000254631042,1
483,4.940003,0.49837023,-0.377284735,0.434135884,-0.392789602,-0.383604169,0.442783922,0.000286022841,-0.122560978,0.39256525,0.434858918,2.78566432,-0.496426016,-0.180590555,0.000286022841,-0.124073893,-0.000254631042,1
484,4.949976,0.421584338,-0.448164046,0.430444241,-0.378761381,-1.76308513,0.838250458,0.035439752,-0.123163223,0.615302086,1.85271049,1.54983401,-0.266328901,-0.228527457,0.035439752,-0.123952769,-0.000254631042,1
485,4.960004,0.382453024,-0.357349932,0.387621284,-0.386882991,-1.77720988,-0.856929779,0.0716587454,-0.122936726,-1.06839669,1.65871394,3.80115247,0.00211774674,-0.0453019701,0.0716587454,-0.123370618,-0.000254631042,1
486,4.969978,0.353658289,-0.358826578,0.36768651,-0.343321711,-1.86302125,-3.61328983,0.00348181627,-0.121951103,-3.81308913,1.40963185,8.3660593,0.299326539,0.191186741,0.00348181627,-0.122947372,-0.000254631042,1
487,4.979975,0.305667102,-0.287947237,0.248077646,-0.337415129,-1.91344821,0.644818723,-0.0455203466,-0.120904446,0.409330398,1.97725153,15.831336,0.569903672,0.386130154,-0.0455203466,-0.123169526,-0.000254631042,1
488,4.989982,0.20820801,-0.193441495,0.232572764,-0.262844145,-4.37472439,2.50513577,-0.00717082852,-0.123354912,0.133903161,4.57345295,19.6010971,0.700931191,0.324344814,-0.00717082852,-0.123376876,-0.000254631042,1
489,4.999979,0.189749852,-0.152095214,0.118870527,-0.216329604,-3.29466558,2.54381084,0.00987340324,-0.125282288,2.28463078,4.31479073,16.4947567,0.846872449,0.108096115,0.0173302535,-0.123345196,-0.000254631042,1
490,5.009976,0.0339630097,-0.011074895,0.100412376,-0.111487262,-5.80235243,2.0354104,0.0343744867,-0.124707222,1.30985773,4.87283039,12.3226318,0.984291553,-0.0836514831,0.0322439559,-0.123142868,-0.000254631042,1
491,5.019984,0.0812158883,-0.110010616,-0.00959824212,-0.053159494,-1.82272577,-2.21780109,0.0226565767,-0.124104977,1.50624943,0.00854543224,14.9236231,0.834089279,-0.0868472829,0.0205260478,-0.122918569,-0.000254631042,1
492,5.029980,-0.0236264411,-0.0361779891,0.0708793253,0.0383929685,-3.36544633,0.48768723,-0.00930135697,-0.1235466,-1.26478827,3.969908,14.3057079,0.566707909,-0.155024216,0.0066776094,-0.1229655,-0.000254631042,1
493,5.039978,0.0583277754,-0.131422073,0.0708793253,0.0472528823,-1.342345,-0.750582814,-0.0103666214,-0.123581409,-0.773809314,2.29578924,10.2221994,0.11183998,-0.0634114668,-0.0167582091,-0.122928657,-0.000254631042,1
494,5.049979,0.20968467,-0.0590661056,-0.0236264411,0.0428229235,-1.45930254,0.481715441,-0.0146276793,-0.12450552,-0.675613463,1.58925831,11.0868015,-0.250349909,-0.0431714393,-0.0146276793,-0.123034686,-0.000254631042,1
495,5.070006,0.215591267,-0.159478486,0.0302713774,-0.00664493674,-2.9248476,1.33900034,-0.0700214282,-0.12542963,0.323109686,2.17843318,8.1050024,-0.846898079,-0.012278772,-0.0689561665,-0.123899557,-0.000254631042,1
496,5.080014,0.257675886,-0.139543667,0,-0.128468782,-2.53547192,0.464161307,-0.0849351287,-0.125368118,-1.59530103,5.42368507,8.87380409,-1.00455713,-0.00269139092,-0.0966530442,-0.124564737,-0.000254631042,1
497,5.089998,0.205254719,-0.255460888,0.0708793253,-0.0391312912,-4.3312521,0.140514582,-0.0817393363,-0.125463963,-0.402581245,4.05373335,10.6796484,-0.928923428,0.0356581286,-0.0828046054,-0.125382885,-0.000254631042,1
498,5.100006,0.203778043,-0.115917228,0.158740163,-0.247339323,-5.40043545,0.887001693,-0.0923919827,-0.126502037,0.198568687,5.4691906,10.028203,-0.610409319,-0.00908297859,-0.0817393363,-0.126217872,-0.000254631042,1
499,5.109980,0.21928291,-0.115917228,0.0657110363,0.00295330514,-3.82629323,1.39152515,-0.048716139,-0.127644539,0.893124342,3.97230291,4.80945587,-0.148084536,-0.0548893511,-0.0380634964,-0.12686944,-0.000254631042,1
500,5.120004,0.0937674418,0.0103365686,0.0509445108,-0.0406079441,-3.18342662,0.88843745,-0.0199540015,-0.127514362,0.476390958,3.27056217,5.65250254,0.184277982,-0.091108337,-0.0114318859,-0.127143398,-0.000254631042,1
501,5.129978,0.0228881147,-0.00664493674,-0.00516828429,0.0199348107,-0.883759201,-0.932591975,0.0141344611,-0.127322197,-1.03726149,0.758186579,8.26067924,0.308913916,-0.0740641057,0.0141344611,-0.127168655,-0.000254631042,1
502,5.139998,0.0199348107,0.0302713774,-0.0236264411,0.0457762294,-0.773491383,-0.31964305,0.0343744867,-0.126337051,-0.414556354,0.727051318,12.1166601,0.324892879,0.0292665418,0.0343744867,-0.126958638,-0.000254631042,1
503,5.149984,0.0103365686,-0.0036916316,0.0273180734,0.0287947264,0.469446182,0.210860655,0.0887029767,-0.125638962,0.268024266,-0.439323246,10.478467,0.162972689,0.0186138973,0.0887029767,-0.126432091,-0.000254631042,1
504,5.160005,0.0273180734,0.0214114618,0.0243647695,-0.00664493674,0.2642003,0.000131308625,0.116399847,-0.125926971,0.0333123393,-0.262091786,10.7658691,0.0170314498,0.025005484,0.116399847,-0.125525296,-0.000254631042,1
505,5.169999,0.0103365686,0.0369163156,-0.0280563999,0,0.108295098,0.258970797,0.125987232,-0.124566555,0.27041927,-0.0752802566,11.1490726,-0.110800289,0.00902651716,0.125987232,-0.124455512,-0.000254631042,1
506,5.179985,0.00147665257,-0.0036916316,-0.0324863568,-0.0206731372,0.573599339,-0.170341626,0.129183024,-0.123450756,-0.0984137431,-0.590209484,12.0280447,-0.205608815,-0.012278772,0.129183024,-0.123317257,-0.000254631042,1
507,5.190006,0.00442995783,-0.012551547,-0.011074895,-0.0140281999,0.480913997,0.0567354709,0.110008262,-0.121794224,0.114743009,-0.470458508,9.74080086,-0.232240424,-0.0303882677,0.110008262,-0.122254886,-0.000254631042,1
508,5.199980,0.0199348107,0.00147665257,-0.0406079441,-0.0177198313,-0.719389915,0.226758882,0.0631366298,-0.120425224,0.138693199,0.741421402,6.72547102,-0.153410852,-0.0186703578,0.0631366298,-0.121486194,-0.000254631042,1
509,5.209999,-0.00221497891,0.00295330514,-0.012551547,0.0103365686,0.517249763,-0.0603495203,0.0492881909,-0.12032938,0.00217708293,-0.52075392,6.83803701,0.0095745977,0.00902651716,0.0492881909,-0.120935142,-0.000254631042,1
510,5.220005,0.00147665257,0.0258414224,-0.0575894527,0.0147665264,0.287822843,0.0373082832,0.00987340324,-0.120486259,0.0716326535,-0.281251937,8.78039837,0.121427365,0.0111570461,0.00987340324,-0.120648667,-0.000254631042,1
511,5.229977,-0.00664493674,0.0457762294,-0.0575894527,0.0568511225,0.733717799,-0.304108888,0.0066776094,-0.120931149,-0.213374689,-0.765045941,10.9191504,0.0830778405,0.0409844518,0.0066776094,-0.120512135,-0.000254631042,1
512,5.239997,-0.0036916316,0.0073832632,-0.0295330528,0.0428229235,1.5533675,0.0286867414,-0.0146276793,-0.120582581,0.215333834,-1.53863728,11.6256819,0.00637880433,0.0196791627,-0.0146276793,-0.120506428,-0.000254631042,1
513,5.249983,0,-0.00664493674,-0.0177198313,-0.0140281999,0.8862077,-0.240554422,-0.0391287617,-0.120870113,-0.131944016,-0.908747077,10.8329296,-0.0586023293,0.0111570461,-0.0391287617,-0.120731145,-0.000254631042,1
514,5.260004,0,0.0398696214,-0.0191964842,0.0442995802,0.479645342,0.0669328496,-0.0604340509,-0.120965958,0.124323085,-0.468063504,9.03427029,-0.0628633872,0.0143528394,-0.0604340509,-0.121135555,-0.000254631042,1
515,5.270006,0,0.0199348107,-0.00664493674,-0.00516828429,-0.257306695,0.137241364,-0.056172993,-0.121061802,0.105162926,0.271997601,8.80674362,-0.0245138649,0.0313970707,-0.056172993,-0.121618457,-0.000254631042,1
516,5.279980,0,-0.0081215892,-0.00516828429,-0.00516828429,0.206340104,0.119175993,-0.0551077276,-0.122430801,0.143483236,-0.190241203,9.48453426,0.00105248217,0.0260707494,-0.0551077276,-0.1219799,-0.000254631042,1
517,5.289976,0,0.00885991566,-0.0310097057,0.0302713774,0.0142019661,-0.0888492316,-0.0551077276,-0.12287569,-0.086438641,-0.0249848422,9.90126705,0.0234230366,0.0100917816,-0.0551077276,-0.122464135,-0.000254631042,1
518,5.299985,0,0.0103365686,-0.00516828429,0.0228881147,0.162025645,-0.0251926109,-0.046585612,-0.123703957,-0.0050079762,-0.16389598,10.478467,0.0106398622,0.013287575,-0.046585612,-0.122905999,-0.000254631042,1
519,5.309983,0,0.0132898735,-0.00516828429,0.0073832632,0.284749627,-0.0475630388,-0.0433898196,-0.123259068,-0.0121930353,-0.288437009,10.3826666,0.0031830112,0.0143528394,-0.0433898196,-0.123307645,-0.000254631042,1
520,5.319979,0,0.00885991566,-0.0081215892,0.0214114618,0.147489473,-0.0450822748,-0.036998231,-0.1235466,-0.0265631527,-0.151920885,10.0162287,-0.0117306914,0.0186138973,-0.036998231,-0.123689339,-0.000254631042,1
521,5.329976,0,-0.0036916316,-0.00221497891,0.0258414224,0.0746608824,0.14492619,-0.0359329656,-0.124279022,0.153063327,-0.0561200976,9.67853069,-0.0191875417,0.00796125364,-0.0359329656,-0.124027267,-0.000254631042,1
522,5.339985,0,0.0147665264,0,0.0457762294,-0.21466653,-0.0458119474,-0.0263455883,-0.124279022,-0.0720685273,0.20733206,9.45100403,-0.0213180706,0.00476546027,-0.0263455883,-0.124339439,-0.000254631042,1
523,5.349981,-0.00221497891,0.0118132206,-0.00959824212,-0.00221497891,-0.0708871633,0.00387137663,-0.0178234726,-0.12515974,-0.0050079762,0.0708159432,9.68811035,-0.0117306914,0.00370019581,-0.0178234726,-0.124580555,-0.000254631042,1
524,5.359978,-0.0036916316,0.0302713774,-0.0036916316,-0.00959824212,0.0170509256,0.0121184532,-0.0103666214,-0.12515974,0.0141521813,-0.0154047646,10.0114384,-0.00107804674,0.00689598918,-0.0103666214,-0.124730229,-0.000254631042,1
525,5.380000,-0.00221497891,-0.00221497891,-0.0140281999,0.0317480303,0.0591393523,-0.0945676863,-0.00610556407,-0.125255585,-0.086438641,-0.0704902187,10.042573,-0.0149264848,0.00902651716,-0.00610556407,-0.124940604,-0.000254631042,1
526,5.389975,-0.0036916316,0.0169815049,-0.011074895,0.0627577379,0.00629807264,-0.0541191585,-0.00184450613,-0.125255585,-0.0529083684,-0.0130097447,9.74559116,-0.0138612203,0.0111570461,-0.00184450613,-0.125008851,-0.000254631042,1
527,5.400002,-0.00516828429,-0.0140281999,-0.00959824212,-0.00221497891,-0.0845459178,0.0104259178,0.0066776094,-0.125255585,-0.0002179367,0.0851860568,9.56117439,-0.00640436914,0.0122223105,0.0066776094,-0.125018686,-0.000254631042,1
528,5.409997,-0.00221497891,0.0073832632,-0.00221497891,-0.00664493674,0.158660308,-0.0902013257,0.0109386677,-0.125255585,-0.0696735084,-0.168686017,9.8270216,0.00105248217,0.00902651716,0.0109386677,-0.124955803,-0.000254631042,1
529,5.419982,0,0.0214114618,-0.00221497891,0.0258414224,0.251045078,-0.104222544,0.0120039321,-0.12515974,-0.0720685273,-0.262091786,10.0305986,0.00105248217,0.000504402502,0.0120039321,-0.12488541,-0.000254631042,1
530,5.429997,0,-0.00959824212,0,-0.0420845971,0.409045756,-0.172338516,0.00774287386,-0.125063896,-0.119968921,-0.427348167,9.96832752,-0.00214331108,0.00476546027,0.00774287386,-0.124816708,-0.000254631042,1
531,5.439984,0,-0.00664493674,0,0.0413462743,0.368064612,-0.152703136,0.000286022841,-0.125063896,-0.1055988,-0.384237796,9.73361588,-0.00853489805,0.0015696669,0.000286022841,-0.124778248,-0.000254631042,1
532,5.450000,0,0,0,-0.0155048529,0.304718256,-0.25336352,-0.00504029961,-0.125063896,-0.213374689,-0.333942384,9.56117439,-0.00533910468,0.00796125364,-0.00504029961,-0.124802426,-0.000254631042,1
533,5.459975,0.0273180734,0.0073832632,0.0214114618,-0.0546361469,0.0926972404,-0.134981066,-0.00930135697,-0.125063896,-0.163079277,0.130691439,10.1790895,-0.00107804674,0.0015696669,-0.00930135697,-0.124859311,-0.000254631042,1
534,5.470001,0.0812158883,-0.207469687,0.109272294,-0.105580665,1.11680877,0.0428294614,-0.0114318859,-0.125063896,0.488366038,-1.53384721,10.8329296,-0.00214331108,-0.0208008867,-0.018888738,-0.12494193,-0.000254631042,1
535,5.479976,0.0302713774,-0.012551547,-0.012551547,0.00147665257,0.521013319,0.102877565,-0.0476508774,-0.125796318,-0.400186241,-0.566259325,9.96593285,-0.0362317748,-0.0197356232,-0.0401940234,-0.125292346,-0.000254631042,1
536,5.489985,0.0457762294,-0.037654642,0.0339630097,-0.0391312912,0.0051917918,-0.292959034,-0.0178234726,-0.125255585,-0.218164727,-0.424953133,8.06428719,-0.0500802137,-0.0314535312,-0.0220845304,-0.125516623,-0.000254631042,1
537,5.499982,0.0103365686,-0.0590661056,0.0169815049,-0.00221497891,0.52516067,-0.264750093,-0.0401940234,-0.126083851,-0.34510079,0.231282264,9.19952679,-0.0159917492,-0.012278772,-0.0380634964,-0.125795335,-0.000254631042,1
538,5.509979,0.0642343909,-0.0516828448,0.0472528823,-0.0546361469,-0.0276423059,0.288151652,0.00241655181,-0.125988007,0.200963706,-0.0609101392,11.0987768,-0.0181222782,-0.00908297859,0.0120039321,-0.125985727,-0.000254631042,1
539,5.519976,0.0878608376,-0.0516828448,0.00590661028,-0.0347013362,0.878008902,0.0430786312,0.00774287386,-0.125988007,-0.103203781,-0.444113284,10.3419504,-0.0213180706,-0.0282577388,0.00774287386,-0.125922874,-0.000254631042,1
540,5.529985,0.0723559782,-0.102627359,0.0354396626,-0.0634960607,-0.216184393,-0.0187274441,0.030113427,-0.125892162,-0.0145880543,-0.10641551,9.36957264,-0.039427571,-0.0314535312,0.0365050174,-0.125775099,-0.000254631042,1
541,5.539982,0.0199348107,-0.053159494,0.0413462743,-0.0295330528,1.12403882,-0.206818596,0.0460923947,-0.12515974,-0.213374689,-1.09795368,9.42944813,-0.00320857554,-0.0303882677,0.0386355445,-0.125387669,-0.000254631042,1
542,5.549978,0.0553744733,-0.105580665,0.0169815049,-0.0406079441,-0.26884234,0.311145037,0.0247871056,-0.124968052,0.275209308,0.305527866,9.71924591,-0.00320857554,-0.0218661521,0.0279828981,-0.125137389,-0.000254631042,1
543,5.559976,0.090814136,-0.0420845971,0.0568511225,-0.0701410025,0.624353826,-0.361008137,0.0428966023,-0.124872208,-0.280435234,-0.664455116,9.83420658,0.00105248217,-0.0112135075,0.0418313369,-0.124817967,-0.000254631042,1
544,5.569999,0.0199348107,-0.138067007,0.0184581578,-0.0494678579,0.271006882,0.0553311855,0.0183955189,-0.123895645,0.088397786,-0.262091786,9.70727062,-0.010665427,-0.00269139092,0.0141344611,-0.124539077,-0.000254631042,1
545,5.579985,0.076785937,-0.0236264411,0.0457762294,-0.0450379066,1.08691657,-0.368272752,0.0215913113,-0.124776363,-0.230139822,-1.12429893,10.4473314,-0.0117306914,-0.0197356232,0.0183955189,-0.12436121,-0.000254631042,1
546,5.589998,0.0199348107,-0.0775242597,0.0228881147,-0.0716176555,1.0605911,-1.04071665,-0.0103666214,-0.124680519,-0.900745332,-1.18177938,9.19952679,0.0159661844,-0.0112135075,-0.0231497958,-0.124291591,-0.000254631042,1
547,5.599983,0.0598044321,-0.0561127998,0.0428229235,-0.0280563999,-0.168537751,0.206781179,-0.018888738,-0.124776363,0.184198573,0.192961946,10.0689182,0.0159661844,0.00796125364,-0.018888738,-0.124517456,-0.000254631042,1
548,5.610001,0.0398696214,-0.0420845971,0.0568511225,-0.0406079441,0.832351863,-0.319446713,-0.0316719115,-0.124776363,-0.213374689,-0.865636766,9.77433109,0.0127703911,-0.0112135075,-0.0316719115,-0.124686018,-0.000254631042,1
549,5.620009,0.0598044321,-0.110010616,0.0243647695,-0.0140281999,-0.423137844,0.139792174,-0.0348677039,-0.124872208,0.0860027671,0.437253922,9.91563702,0.00531353988,-0.00908297859,-0.0348677039,-0.125010118,-0.000254631042,1
550,5.630004,0.0398696214,-0.00959824212,0.0878608376,-0.0479912087,0.723263383,-0.398128361,-0.0178234726,-0.12560463,-0.304385424,-0.767440975,10.2557306,0.0106398622,-0.023996681,-0.0178234726,-0.125204787,-0.000254631042,1
551,5.639977,0.0738326311,-0.0686643422,0.0169815049,-0.0295330528,-0.299312413,0.0301682856,-0.036998231,-0.125063896,-0.0074029956,0.300737828,9.84857655,0.0191619787,-0.0197356232,-0.036998231,-0.125501618,-0.000254631042,1
552,5.650002,0.0413462743,-0.0280563999,0.089337483,-0.0406079441,1.04266262,-0.182096645,-0.0167582091,-0.12515974,-0.0505133495,-1.05723834,10.0066481,-0.00427384023,-0.010148243,-0.0167582091,-0.125695139,-0.000254631042,1
553,5.659996,0.0442995802,-0.0745709538,0.0147665264,-0.0605427548,-0.298392981,0.418977082,-0.048716139,-0.125892162,0.378195137,0.348638207,9.21868706,0.00744406879,-0.023996681,-0.048716139,-0.126018107,-0.000254631042,1
554,5.669981,0.115178905,-0.0310097057,0.0849075317,-0.0716176555,0.457834363,-0.396190047,-0.00290977047,-0.125988007,-0.335520715,-0.503988802,9.39112854,-0.00853489805,-0.00375665538,-0.00290977047,-0.126232341,-0.000254631042,1
555,5.680003,0.00147665257,-0.0634960607,0.0273180734,-0.0634960607,0.168288395,0.367132246,-0.0263455883,-0.126083851,0.385380208,-0.120785631,9.8318119,0.0202272423,-0.00695244875,-0.0263455883,-0.126330763,-0.000254631042,1
556,5.689977,0.0952440947,-0.0494678579,0.0981974006,-0.0206731372,0.223506734,0.00285522756,-0.00717082852,-0.125988007,0.0309173185,-0.221376449,10.0545483,0.00850933325,-0.0314535312,-0.00717082852,-0.126518175,-0.000254631042,1
557,5.700004,0.0524211675,-0.053159494,0.0398696214,-0.0989357159,0.712824583,-0.856393814,-0.0252803247,-0.126720428,-0.75943917,-0.815341353,9.82223129,0.0234230366,-0.0208008867,-0.0252803247,-0.12663731,-0.000254631042,1
558,5.709978,0.0612810813,-0.04356125,0.115178905,-0.0177198313,0.240978971,0.328783125,-0.0178234726,-0.126912117,0.356639981,-0.19742626,9.78630638,-0.00320857554,0.00370019581,-0.0178234726,-0.126892135,-0.000254631042,1
559,5.720004,0.163170099,-0.0974590778,0.0184581578,-0.0885991603,0.325756401,-0.312237591,-0.0338024385,-0.127007961,-0.268460125,-0.362682641,9.28574753,0.00850933325,0.00370019581,-0.0338024385,-0.127102375,-0.000254631042,1
560,5.729978,0.0354396626,-0.0494678579,0.135852039,-0.0664493665,0.257077098,0.114235267,-0.0124971503,-0.127007961,0.145878255,-0.240536615,9.93240261,-0.00320857554,0.0100917816,-0.0124971503,-0.127319589,-0.000254631042,1
561,5.739999,0.180151626,-0.114440568,0.0354396626,-0.085645847,1.18360794,-0.0049456642,-0.0327371769,-0.127740383,0.145878255,-1.17459428,10.3323708,-0.00214331108,-0.00695244875,-0.0327371769,-0.127428755,-0.000254631042,1
562,5.750066,-0.0177198313,-0.0686643422,0.202301398,-0.0730943009,0.949078262,-0.138929248,-0.0284761172,-0.127644539,-0.0169830751,-0.95904249,9.88450241,-0.022383336,-0.0176050942,-0.0284761172,-0.12784189,-0.000254631042,1
563,5.759985,0.155786842,-0.0989357159,0.0147665264,-0.0930291116,0.110895567,0.0845489129,-0.0156929437,-0.127644539,0.0979778692,-0.0992304534,9.52285385,-0.00533910468,-0.0229314156,-0.0156929437,-0.127968192,-0.000254631042,1
564,5.770000,0.076785937,-0.102627359,0.147665262,-0.053159494,1.03472471,-0.562828898,0.00348181627,-0.127644539,-0.426531464,-1.09795368,8.9791851,-0.00107804674,0.00263493136,0.00348181627,-0.128071457,-0.000254631042,1
565,5.779986,0.143235311,-0.053159494,0.0812158883,-0.193441495,0.405160725,0.833934188,-0.00290977047,-0.127740383,0.878754258,-0.295622051,9.78151608,0.0255535655,0.0015696669,-0.00290977047,-0.128038332,-0.000254631042,1
566,5.789996,0.129207104,-0.146926939,0.101889022,-0.0620194115,1.00908911,-0.950714409,-0.00184450613,-0.127644539,-0.814524651,-1.1219039,9.32167244,-0.00214331108,-0.00269139092,-0.00184450613,-0.128086627,-0.000254631042,1
567,5.799981,0.0679260194,-0.0730943009,0.10336569,-0.110010616,1.16045511,0.226812288,-0.0156929437,-0.128281116,0.373405099,-1.1219039,10.2988405,0.0244883001,0.0111570461,-0.0156929437,-0.128171861,-0.000254631042,1
568,5.809978,0.226666182,-0.129945427,0.174245,-0.132898733,0.239824221,0.22240597,-0.00823609252,-0.128281116,0.251259118,-0.209401354,9.57314968,0.0202272423,-0.000560861954,-0.00823609252,-0.128332451,-0.000254631042,1
569,5.819986,0.0937674418,-0.138067007,0.135852039,-0.191964835,0.719096065,-0.425733835,-0.0263455883,-0.127644539,-0.330730677,-0.767440975,9.83420658,-1.27822468e-05,0.013287575,-0.0263455883,-0.128441155,-0.000254631042,1
570,5.829981,0.174245,-0.132898733,0.174245,-0.132898733,0.26883474,0.464919776,-0.0103666214,-0.128568649,0.495551109,-0.207006335,9.31448746,-0.00533910468,0.00689598918,-0.0103666214,-0.12864764,-0.000254631042,1
571,5.839979,0.21116133,-0.190488189,0.138805345,-0.218544587,1.53293061,-0.517019987,-0.0210192669,-0.128472805,-0.316360533,-1.58653772,9.43902874,0.00850933325,0.0100917816,-0.0210192669,-0.128782615,-0.000254631042,1
572,5.849977,0.137328684,-0.110010616,0.192703143,-0.126992121,1.02554977,0.64007026,-0.00717082852,-0.128472805,0.766188323,-0.93509233,9.52764416,-1.27822468e-05,0.00902651716,-0.00717082852,-0.128972247,-0.000254631042,1
573,5.859985,0.225189522,-0.214852944,0.149141908,-0.167600065,0.843834519,0.878473043,-0.0327371769,-0.128472805,0.979345083,-0.724330604,9.05821991,0.0095745977,-0.00482191984,-0.0327371769,-0.129092917,-0.000254631042,1
574,5.869982,0.192703143,-0.124038823,0.222236201,-0.210422993,1.41661811,0.0221793074,-0.0220845304,-0.128376961,0.203358725,-1.40212119,8.2870245,0.0287493579,0.00370019581,-0.0220845304,-0.129387259,-0.000254631042,1
575,5.879979,0.259152532,-0.163908437,0.192703143,-0.189011529,0.266583949,1.08345044,-0.0284761172,-0.128472805,1.10867608,-0.125575662,8.79716301,0.0628378168,0.0527023599,-0.0284761172,-0.12961109,-0.000254631042,1
576,5.910006,0.134375393,-0.2613675,0.134375393,-0.15800184,0.338132113,0.126816005,-0.0103666214,-0.129937649,0.208148777,-0.614159703,8.84745884,0.220496967,0.10170453,-0.0103666214,-0.129887208,-0.000254631042,1
577,5.920014,0.237741053,-0.146926939,0.234787777,-0.104104005,1.33218169,1.67765129,0.000286022841,-0.130722523,1.90382266,-1.61048782,12.7681055,0.197061151,0.0708118603,0.000286022841,-0.129986942,-0.000254631042,1
578,5.929997,0.146188602,-0.210422993,0.174245,-0.0915524587,0.882590532,-1.02946162,-0.0199540015,-0.130818367,-0.364260942,-0.563864291,12.3801126,0.0777515173,0.0111570461,-0.0252803247,-0.130080596,-0.000254631042,1
579,5.939999,0.090814136,-0.216329604,0.28056401,-0.132898733,-0.102583654,-0.438447088,-0.00610556407,-0.130914211,-1.27915847,0.528264701,12.1933012,-0.041558098,-0.00482191984,-0.000779241615,-0.130261704,-0.000254631042,1
580,5.949984,0.223712862,-0.231834456,0.296068817,-0.169076726,-0.438227773,-0.901799917,0.0290481634,-0.130129337,-1.54979563,-0.0249848422,9.88929176,-0.106539227,0.038853921,0.035439752,-0.130158588,-0.000254631042,1
581,5.960006,0.0878608376,-0.224451199,0.223712862,-0.148403585,-1.48990679,-0.50994283,0.0471576601,-0.128856659,-0.876795113,1.84792054,9.69769096,-0.139562413,0.102769792,0.051418718,-0.129806101,-0.000254631042,1
582,5.969980,0.129207104,-0.214852944,0.129207104,-0.208946332,-2.90647697,0.374221444,0.111073531,-0.128124237,-0.285225272,3.05980039,9.41747284,-0.00746963359,0.0867908299,0.130248293,-0.129119217,-0.000254631042,1
583,5.980001,0.13216041,-0.0819542184,0.155786842,-0.146926939,-2.86560178,-0.746013165,0.194164142,-0.126624584,-0.965410888,1.67068899,9.85576153,0.118231572,0.00263493136,0.201620996,-0.127675995,-0.000254631042,1
584,5.990003,0.0214114618,-0.12108551,0.106318988,-0.180889934,-2.06858492,-0.465908617,0.218665227,-0.125473976,-0.586997747,2.34129453,9.70727062,0.229019076,-0.0953693986,0.231448397,-0.12583977,-0.000254631042,1
585,6.000000,0.0442995802,-0.136590362,0.0967207476,-0.128468782,-1.45420456,-0.659266233,0.269797921,-0.1237216,-1.13306224,1.15815485,9.44142342,0.23647593,-0.133718923,0.274058968,-0.123613499,-0.000254631042,1
586,6.009986,0.0524211675,-0.104104005,0.106318988,-0.105580665,-0.539797783,-1.24006987,0.252753705,-0.120390415,-1.29592359,0.0732109621,9.46058369,0.151254773,-0.0506282933,0.245296836,-0.121228337,-0.000254631042,1
587,6.019982,0.0273180734,-0.142496973,0.0442995802,-0.0974590778,-1.08747804,-0.747971058,0.197359934,-0.116806507,-0.869610071,0.992898464,9.67613506,0.0553809665,0.00796125364,0.189903095,-0.11918094,-0.000254631042,1
588,6.029978,0.0694026724,-0.0885991603,0.0967207476,-0.0930291116,-0.360101998,-0.119906425,0.160075679,-0.11572504,-0.160684258,0.343848169,12.0687599,-0.0383623056,0.0505718328,0.148357779,-0.117494181,-0.000254631042,1
589,6.039975,0.107795633,-0.0804775655,0.0184581578,-0.145450279,-1.59485638,0.14787519,0.0737892687,-0.116518974,-0.0385382511,1.60123348,12.7465506,-0.0351665132,-0.00375665538,0.0652671531,-0.116361916,-0.000254631042,1
590,6.049984,0.0317480303,-0.108533971,0.0834308639,-0.0236264411,-1.3678925,-0.158197358,0.0247871056,-0.116676331,-0.316360533,1.34017634,12.0040941,-0.0852339417,-0.0314535312,0.0247871056,-0.115805738,-0.000254631042,1
591,6.059980,0.115178905,-0.0575894527,0.0509445108,-0.0915524587,-1.15555847,0.648069501,-0.0401940234,-0.116039753,0.509921253,1.2228204,10.6700687,-0.108669758,-0.0772598982,-0.0401940234,-0.115756281,-0.000254631042,1
592,6.069976,0.0339630097,-0.0324863568,0.0782625824,-0.0391312912,-2.44899035,-0.728074312,-0.0593687855,-0.115786552,-1.00612617,2.34847951,6.46920395,-0.0820381492,-0.0634114668,-0.0593687855,-0.116132453,-0.000254631042,1
593,6.079986,0.104842335,-0.0775242597,0.0952440947,-0.0177198313,-0.728469789,0.422442198,-0.0700214282,-0.116265774,0.335084796,0.772556663,6.05247068,-0.0149264848,0.0015696669,-0.0700214282,-0.116528913,-0.000254631042,1
594,6.089983,0.0981974006,-0.0605427548,0.0354396626,-0.105580665,-1.28406298,0.431287229,-0.108370952,-0.117634773,0.277604342,1.32580626,8.30139446,0.040467266,0.0207444262,-0.108370952,-0.117289178,-0.000254631042,1
595,6.099997,0.0147665264,-0.0649727136,0.0738326311,-0.0546361469,-0.105262026,0.29950127,-0.111566745,-0.119692802,0.284789413,0.140271515,10.6628838,0.0170314498,0.0100917816,-0.111566745,-0.118155912,-0.000254631042,1
596,6.109983,0.0627577379,-0.0819542184,0.0073832632,-0.0324863568,-1.22095954,0.307555079,-0.164829969,-0.121061802,0.157853365,1.24916553,11.4676104,-0.0255791284,-0.00695244875,-0.164829969,-0.119390592,-0.000254631042,1
597,6.119999,0.0428229235,-0.011074895,0.0583277754,-0.011074895,-1.44535816,0.10969051,-0.175482616,-0.122177601,-0.0672784895,1.44795227,10.6245632,-0.0362317748,-0.00269139092,-0.175482616,-0.12085475,-0.000254631042,1
598,6.129984,0.118870527,-0.0620194115,0.0583277754,-0.0081215892,0.0672185868,0.027644515,-0.1701563,-0.123389244,0.0357073583,-0.0633051544,9.69050598,-0.0266443938,-0.0133440364,-0.1701563,-0.122355886,-0.000254631042,1
599,6.140003,0.0369163156,-0.0036916316,0.0472528823,0.00147665257,0.188765377,0.0340026468,-0.136067823,-0.124950409,0.0572625361,-0.183056146,9.6138649,-0.0511454791,-0.00588718429,-0.136067823,-0.123757549,-0.000254631042,1
600,6.150011,0.0937674418,-0.0236264411,0.0369163156,0,0.34986797,-0.14338541,-0.0934572443,-0.125638962,-0.0984137431,-0.365077645,9.55638409,-0.0745812953,-0.0208008867,-0.0934572443,-0.12481039,-0.000254631042,1
601,6.159998,0.0317480303,-0.037654642,0.0487295389,0,0.231630951,0.274443835,-0.0614993125,-0.126912117,0.301554531,-0.195031241,10.4042215,-0.0862992033,-0.0303882677,-0.0614993125,-0.125536293,-0.000254631042,1
602,6.170006,0.0383929685,-0.0191964842,0.00590661028,0,0.117836446,-0.0876637846,-0.0306066461,-0.126720428,-0.0720685273,-0.127970681,9.96593285,-0.069254972,-0.0740641057,-0.0306066461,-0.125985831,-0.000254631042,1
603,6.179981,0.0657110363,-0.0775242597,0.090814136,-0.00959824212,0.218151629,-0.00147564418,0.00880813878,-0.126816273,0.0261272788,-0.216586411,10.2437553,-0.0266443938,-0.0538240857,0.00880813878,-0.126156569,-0.000254631042,1
604,6.190011,0.0642343909,-0.037654642,0.0169815049,-0.0140281999,0.548567712,-0.270242989,0.0141344611,-0.126275539,-0.199004561,-0.578234375,10.1599293,-0.0191875417,-0.0346493237,0.0141344611,-0.126145035,-0.000254631042,1
605,6.200000,0.0228881147,-0.0280563999,0.0524211675,-0.0347013362,0.0458881222,0.162949309,0.01626499,-0.126371384,0.167433441,-0.0249848422,9.6665554,-0.0330359787,0.00902651716,0.01626499,-0.126082569,-0.000254631042,1
606,6.209998,0.0354396626,-0.129945427,0.0612810813,-0.0420845971,1.5088011,-0.274830371,-0.00610556407,-0.126912117,-0.0816486031,-1.53145218,9.2881422,-0.010665427,0.00476546027,-0.00610556407,-0.126050338,-0.000254631042,1
607,6.219983,0.0708793253,-0.0155048529,0.0273180734,-0.0391312912,-0.289964676,0.444752693,-0.00823609252,-0.126720428,0.40454036,0.343848169,9.72643089,-0.010665427,0.0154181039,-0.00823609252,-0.126216441,-0.000254631042,1
608,6.229980,0.104842335,-0.118132211,0.134375393,-0.0760476068,1.33462477,0.290891349,-0.00823609252,-0.126720428,0.457230806,-1.28716016,9.62104988,-0.00533910468,0.00689598918,-0.00823609252,-0.126294225,-0.000254631042,1
609,6.240000,0.200824752,-0.053159494,0.00885991566,-0.0347013362,0.376701415,1.12754524,-0.0146276793,-0.126912117,1.16615665,-0.230956525,9.49890423,-0.0149264848,0.0100917816,-0.0146276793,-0.12647596,-0.000254631042,1
610,6.250002,0.146188602,-0.138067007,0.143235311,-0.0775242597,1.0704211,0.455378622,0.01626499,-0.126275539,0.586561859,-1.00454783,9.15641594,-0.0266443938,0.0292665418,0.01626499,-0.126480043,-0.000254631042,1
611,6.259976,0.212637976,-0.0871224999,0.0428229235,-0.0546361469,1.28982985,0.506297052,0.00348181627,-0.127007961,0.665597498,-1.21530962,9.58991432,-0.0159917492,0.0441802442,0.00348181627,-0.126419544,-0.000254631042,1
612,6.270007,0.115178905,-0.104104005,0.164646775,-0.0634960607,1.24305689,0.827092946,0.0226565767,-0.126179695,0.976950049,-1.12908888,10.0641289,-0.0351665132,0.0761381835,0.0226565767,-0.126390383,-0.000254631042,1
613,6.279982,0.180151626,-0.167600065,0.0657110363,-0.0819542184,1.37076437,-0.486451507,0.0066776094,-0.126816273,-0.309175491,-1.42128134,9.65937042,-0.0127959559,0.0718771219,0.0066776094,-0.126232117,-0.000254631042,1
614,6.290002,0.0553744733,-0.153571874,0.157263488,-0.0620194115,1.07572234,0.307635605,0.00561234495,-0.126083851,0.440465659,-1.02849805,10.1575346,-0.0341012478,0.0899866223,0.00561234495,-0.126211122,-0.000254631042,1
615,6.299975,0.223712862,-0.126992121,0.1122256,-0.15800184,1.04905939,-0.623992026,-0.0167582091,-0.126720428,-0.486406952,-1.11950886,9.98748779,-0.00960016251,0.0569634177,-0.0167582091,-0.12624754,-0.000254631042,1
616,6.310002,0.0317480303,-0.176459983,0.240694344,-0.0406079441,0.771472752,0.797162652,-0.018888738,-0.126816273,0.888334334,-0.664455116,10.3347654,-0.041558098,0.0676160604,-0.018888738,-0.126443192,-0.000254631042,1
617,6.319975,0.20820801,-0.132898733,0.0583277754,-0.0930291116,0.373928279,-0.444132864,-0.0519119352,-0.12745285,-0.393001169,-0.427348167,8.84266853,-0.0159917492,0.013287575,-0.0519119352,-0.12669678,-0.000254631042,1
618,6.330006,0.0657110363,-0.248815984,0.299022168,-0.105580665,1.00875103,0.703550041,-0.0327371769,-0.12745285,0.826063812,-0.911142111,9.89168739,-0.00853489805,0.0548328906,-0.0327371769,-0.12714465,-0.000254631042,1
619,6.339980,0.117393889,-0.139543667,0.089337483,-0.0546361469,0.568373382,-0.679121137,-0.0583035201,-0.12745285,-0.601367891,-0.650084972,9.54440975,-0.0181222782,0.0154181039,-0.0583035201,-0.127463982,-0.000254631042,1
620,6.349977,0.089337483,-0.225927845,0.231096148,-0.145450279,1.16531622,-0.577963769,-0.046585612,-0.128281116,-0.42413643,-1.2296797,10.1575346,-0.0298401862,0.0633550063,-0.046585612,-0.128007308,-0.000254631042,1
621,6.359985,0.113702245,-0.159478486,0.155786842,-0.0775242597,0.573432088,-0.373688877,-0.0508466698,-0.128376961,-0.297200382,-0.616554737,9.53722382,-0.0138612203,0.0207444262,-0.0508466698,-0.128420159,-0.000254631042,1
622,6.369982,0.171291694,-0.214852944,0.250292629,-0.153571874,-0.392550707,-0.111067407,-0.0433898196,-0.129109383,-0.433716506,0.145061553,10.4736767,-0.0511454791,0.0100917816,-0.0433898196,-0.128926665,-0.000254631042,1
623,6.379980,0.147665262,-0.184581578,0.222236201,-0.143973619,0.427327931,-0.379630059,-0.0497814044,-0.12974596,-0.555862486,-0.209401354,10.1024485,-0.039427571,-0.0399756469,-0.0508466698,-0.129327983,-0.000254631042,1
624,6.389977,0.0679260194,-0.167600065,0.151356876,-0.174983323,-1.24171352,-0.52300787,-0.0348677039,-0.130722523,-0.484011918,1.19887018,9.14444065,-0.057537064,-0.0527588204,-0.0242150594,-0.129764795,-0.000254631042,1
625,6.399984,0.110748947,-0.122562163,0.212637976,-0.0649727136,0.686917126,-0.333795369,0.00880813878,-0.12974596,0.0500774756,-0.987782776,8.94565487,-0.0362317748,-0.0655419976,0.00880813878,-0.129873291,-0.000254631042,1
626,6.409982,0.0878608376,-0.126992121,0.109272294,-0.118132211,-0.25808537,-0.28295213,0.00880813878,-0.12974596,-0.431321502,0.274392605,7.45116234,-0.0117306914,-0.0602156706,0.0109386677,-0.129866272,-0.000254631042,1
627,6.419977,0.0118132206,-0.142496973,0.127730444,-0.114440568,-0.336880326,-0.516618431,0.0279828981,-0.12974596,-0.323545605,-0.0800702944,8.02836227,0.0383367352,0.00370019581,0.0311786924,-0.129738927,-0.000254631042,1
628,6.429999,0.0184581578,-0.0871224999,0.0708793253,-0.0871224999,-0.626592696,0.0767066851,0.0237218402,-0.12974596,0.0644475967,0.604905307,8.48820591,0.122492626,0.0825297683,0.0247871056,-0.129509911,-0.000254631042,1
629,6.439986,-0.0036916316,-0.04356125,0.0538978167,-0.0494678579,-1.0054605,0.228483349,0.0247871056,-0.128281116,-0.0050079762,1.06235409,8.54568577,0.19280009,0.149641424,0.0290481634,-0.129308477,-0.000254631042,1
630,6.450002,-0.00221497891,0.0339630097,0.0228881147,0.089337483,-1.31691134,-0.332643449,0.0311786924,-0.128281116,-0.23492986,1.25874567,12.0711546,0.266303331,0.184795156,0.0247871056,-0.129042789,-0.000254631042,1
631,6.459976,-0.00664493674,0.0273180734,-0.0450379066,-0.00221497891,-1.16945171,-0.456504673,0.01626499,-0.129554272,-0.603762925,1.05756402,12.5669241,0.271629661,0.147510886,0.0141344611,-0.128898785,-0.000254631042,1
632,6.470002,0.00442995783,-0.00221497891,0.0243647695,-0.053159494,-0.806293488,-0.372799724,0.000286022841,-0.130339146,-0.474431843,0.751001477,12.1645613,0.222627491,0.0974434689,-0.00397503516,-0.128850266,-0.000254631042,1
633,6.479976,0.00590661028,-0.0140281999,0.0398696214,0.0273180734,0.0955941826,-0.0899625048,-0.0263455883,-0.129554272,-0.0768585652,-0.10641551,10.7610798,0.104383133,0.0537676252,-0.0359329656,-0.128990039,-0.000254631042,1
634,6.490006,0,-0.0191964842,0.0413462743,-0.0391312912,-1.25535166,-0.928039193,-0.0583035201,-0.129841805,-1.08276677,1.12462461,9.27856255,-0.00107804674,0.0239402205,-0.0604340509,-0.129423678,-0.000254631042,1
635,6.499982,0.0169815049,-0.0361779891,0.113702245,-0.0280563999,-1.52342534,-0.481865555,-0.0774782822,-0.130225182,-0.675613463,1.44795227,9.12049103,-0.122518197,0.048441302,-0.0774782822,-0.130054131,-0.000254631042,1
636,6.510004,0.0243647695,-0.026579747,0.0258414224,-0.0450379066,-2.13303876,-0.189214975,-0.113697276,-0.131489754,-0.467246771,2.08981752,10.0689182,-0.194956169,0.0686813295,-0.113697276,-0.130929008,-0.000254631042,1
637,6.519979,0.0679260194,-0.0280563999,0.0598044321,-0.0420845971,-2.82633448,-0.349155426,-0.091326721,-0.132222176,-0.718723834,2.75563288,9.56835938,-0.123583458,0.0186138973,-0.091326721,-0.131892622,-0.000254631042,1
638,6.530003,0.0132898735,-0.026579747,0.0878608376,-0.0361779891,-2.47358274,-0.0913966447,-0.0774782822,-0.133303165,-0.419346392,2.43949032,9.56117439,-0.0277096573,-0.0293230023,-0.0774782822,-0.132647306,-0.000254631042,1
639,6.539977,0.0132898735,-0.026579747,0.0132898735,0,-2.28262115,-0.177822545,-0.064695105,-0.134192944,-0.481616914,2.23830867,9.53961945,0.0500546433,-0.0772598982,-0.064695105,-0.133341208,-0.000254631042,1
640,6.549986,0.0369163156,0.0199348107,0.0147665264,0.0273180734,-1.8414458,-0.54447943,-0.00504029961,-0.134097099,-0.785784423,1.75211966,9.82462692,0.0596420243,-0.059150409,-0.00504029961,-0.133654654,-0.000254631042,1
641,6.559983,0.0302713774,-0.0206731372,0.0302713774,-0.0191964842,-0.326998234,-0.318712234,0.0141344611,-0.133748055,-0.359470904,0.281577677,10.1455593,0.0191619787,-0.023996681,0.0141344611,-0.133639395,-0.000254631042,1
642,6.569980,0,0.0073832632,-0.026579747,-0.00664493674,-0.346447736,-0.0503548533,0.00880813878,-0.133495331,-0.0960187241,0.336663097,10.2365704,-0.0341012478,-0.0154745653,0.00880813878,-0.133584544,-0.000254631042,1
643,6.579978,0.00590661028,0.00590661028,0.0199348107,0,-0.269373953,0.127755582,0.0151997255,-0.13339901,0.0907928124,0.283972681,9.65458012,-0.0649939179,-0.0208008867,0.0151997255,-0.133497909,-0.000254631042,1
644,6.589986,0.0184581578,-0.00664493674,0.0273180734,-0.0081215892,-0.390051037,0.146548718,0.0109386677,-0.133843899,0.0931878313,0.406118661,9.1875515,-0.0532760061,-0.0314535312,0.0109386677,-0.133440346,-0.000254631042,1
645,6.599983,0.0132898735,0.00590661028,-0.0155048529,0,-0.456483305,-0.0960061774,0.0120039321,-0.133460522,-0.15589422,0.439648956,9.04384995,-0.0426233634,-0.0208008867,0.0120039321,-0.133377567,-0.000254631042,1
646,6.609981,0,-0.00664493674,-0.0221497901,0.00590661028,-0.18703711,-0.0694825873,0.0109386677,-0.1327281,-0.0936237052,0.176196814,9.78391171,-0.0213180706,-0.00269139092,0.0109386677,-0.133281022,-0.000254631042,1
647,6.619997,0.00147665257,0,0.0118132206,0.00295330514,0.185161829,-0.21343106,0.0141344611,-0.132823944,-0.187029466,-0.211796373,10.380271,-1.27822468e-05,0.00263493136,0.0141344611,-0.133204848,-0.000254631042,1
648,6.629983,0.00147665257,0.00295330514,0.00442995783,0.00295330514,0.324766994,-0.25379613,0.0066776094,-0.1327281,-0.208584651,-0.355497569,10.2701006,0.00424827542,-0.0080177132,0.0066776094,-0.133132622,-0.000254631042,1
649,6.640006,-0.00221497891,0,-0.0140281999,0.00442995783,0.410740077,-0.134754896,0.000286022841,-0.132632256,-0.0792535841,-0.424953133,10.0904741,-0.00640436914,-0.0218661521,0.000286022841,-0.133109659,-0.000254631042,1
650,6.649980,0,0.00295330514,-0.012551547,-0.0036916316,0.553646922,-0.240805551,0.00135128724,-0.132632256,-0.165474296,-0.580629408,9.52045918,-0.022383336,-0.0271924734,0.00135128724,-0.133109644,-0.000254631042,1
651,6.659997,0,0.00590661028,-0.0081215892,-0.00221497891,0.655606508,0.197428524,-0.00717082852,-0.132632256,0.282394379,-0.623739779,9.63063049,-0.0298401862,-0.0282577388,-0.00717082852,-0.133153751,-0.000254631042,1
652,6.669983,0,0.00442995783,-0.0155048529,-0.00221497891,0.688077986,0.24135828,-0.0210192669,-0.1327281,0.330294758,-0.650084972,9.64260483,-0.0234485995,-0.033584062,-0.0210192669,-0.133259296,-0.000254631042,1
653,6.679998,0.00147665257,0.0073832632,-0.0206731372,0,0.371450633,0.293053895,-0.0167582091,-0.133460522,0.339874834,-0.329152346,9.62584019,-0.00427384023,-0.0218661521,-0.0167582091,-0.133422732,-0.000254631042,1
654,6.689983,0,0.0184581578,-0.00221497891,0,0.483817667,0.464038849,-0.00610556407,-0.133460522,0.524291337,-0.417768091,9.79349136,0.00850933325,-0.00482191984,-0.00610556407,-0.133537441,-0.000254631042,1
655,6.700000,0,0.0228881147,-0.00221497891,-0.011074895,0.442976385,0.411488771,-0.00504029961,-0.133556366,0.466810882,-0.384237796,9.79588604,0.0095745977,0.00263493136,-0.00504029961,-0.133592069,-0.000254631042,1
656,6.709985,0,-0.011074895,0,-0.0140281999,0.266931474,0.360228717,-0.00184450613,-0.133556366,0.39256525,-0.216586411,9.7096653,0.0031830112,0.00689598918,-0.00184450613,-0.133627146,-0.000254631042,1
657,6.720006,0,-0.00221497891,0,-0.0221497901,0.0841528475,0.222878024,0.00135128724,-0.133556366,0.232098967,-0.0537250787,9.68092537,0.00211774674,0.00583072472,0.00135128724,-0.133619994,-0.000254631042,1
658,6.729981,0,0,0.00295330514,-0.00221497891,-0.165057123,-0.0312073361,0.00987340324,-0.133556366,-0.0529083684,0.159431666,9.72882557,0.00637880433,0.0122223105,0.00987340324,-0.13358438,-0.000254631042,1
659,6.739999,0,-0.0036916316,-0.00221497891,0.00295330514,-0.236936107,-0.0626530349,0.0109386677,-0.133460522,-0.0936237052,0.226492211,10.0617332,0.00424827542,0.0164833684,0.0109386677,-0.133504599,-0.000254631042,1
660,6.749985,0,0.00295330514,0,-0.00664493674,-0.230551153,-0.177086189,0.0151997255,-0.133460522,-0.206189632,0.204937041,10.0521536,0.00211774674,0.0143528394,0.0151997255,-0.133407086,-0.000254631042,1
661,6.760002,0,-0.00516828429,0.00295330514,0.00147665257,-0.240784004,-0.325554788,0.0120039321,-0.133364677,-0.354680866,0.195356965,9.76954079,0.00531353988,0.0111570461,0.0120039321,-0.133300424,-0.000254631042,1
662,6.769977,0,-0.00221497891,0.00295330514,0,-0.256822258,-0.391064435,0.00987340324,-0.133364677,-0.421741396,0.202542022,9.80067635,0.00211774674,0.00263493136,0.00987340324,-0.133204162,-0.000254631042,1
663,6.779997,0,0.00147665257,0,0,-0.159167469,-0.438006252,0.00454708049,-0.133268833,-0.455271691,0.0995561779,9.84139156,-1.27822468e-05,0.000504402502,0.00454708049,-0.133140236,-0.000254631042,1
664,6.789983,0,-0.0036916316,-0.00221497891,0,-0.0726785958,-0.333611786,0.000286022841,-0.133268833,-0.340310752,0.0277055893,9.88450241,-0.00320857554,-0.00588718429,0.000286022841,-0.133107543,-0.000254631042,1
665,6.800000,0,0.00147665257,-0.0036916316,0,-0.0110076508,-0.216222644,-0.00397503516,-0.133172989,-0.215769708,-0.0177997835,9.91084766,-0.00746963359,-0.00588718429,-0.00397503516,-0.133108437,-0.000254631042,1
666,6.809985,0,0.00147665257,-0.00221497891,0,0.108621731,-0.158374071,-0.0103666214,-0.133268833,-0.14391911,-0.118390612,9.80546665,-0.00214331108,-0.0133440364,-0.0103666214,-0.133147046,-0.000254631042,1
667,6.820002,0,-0.00221497891,-0.00221497891,0,0.130083501,-0.0829033852,-0.0114318859,-0.133364677,-0.0337482132,-0.111205548,9.76954079,0.00211774674,-0.00695244875,-0.0103666214,-0.133232296,-0.000254631042,1
668,6.830005,0,0,0,0,0.157260105,0.065675132,-0.0103666214,-0.133364677,0.0740276724,-0.0896503702,9.81265163,0.00211774674,-0.00269139092,-0.0103666214,-0.133325279,-0.000254631042,1
669,6.839980,0,0,0,0,0.0737158135,0.0913823843,-0.0103666214,-0.133364677,0.117138028,-0.0896503702,9.76954079,-0.00320857554,-0.00269139092,-0.0103666214,-0.133415952,-0.000254631042,1
670,6.850005,0,0,0,0,0.0572843328,0.112914637,-0.00930135697,-0.133460522,0.131508142,0.00854543224,9.74798584,-1.27822468e-05,-0.00162612647,-0.00610556407,-0.13350378,-0.000254631042,1
671,6.859981,0,0,0,0,-0.0402038433,0.106676415,-0.00397503516,-0.133556366,0.0836077482,0.0540508032,9.81265163,0.00211774674,0.00583072472,-0.00504029961,-0.133550018,-0.000254631042,1
672,6.869977,0,0,0,0,-0.058769621,0.0584235005,-0.00184450613,-0.133556366,0.0428924151,0.0708159432,9.80307102,0.00211774674,0.00476546027,0.000286022841,-0.13357912,-0.000254631042,1
673,6.879986,0,0,0,0,-0.116304927,-0.0281021167,0.00454708049,-0.133460522,-0.0457233116,0.0756059811,9.90845203,0.00211774674,0.00370019581,0.00454708049,-0.133560628,-0.000254631042,1
674,6.889983,-0.00221497891,0,0,0,-0.0896224901,-0.0993467048,0.00774287386,-0.133460522,-0.141524091,0.0444707274,9.73601055,0.00105248217,0.00583072472,0.00987340324,-0.133506685,-0.000254631042,1
675,6.899980,0,0,0,0,-0.0286419503,-0.221109778,0.00561234495,-0.133460522,-0.222954765,-0.00103464653,9.81504631,0.00211774674,0.00263493136,0.00987340324,-0.133435875,-0.000254631042,1
676,6.909976,0,0,0,0,-0.0881385282,-0.232459381,0.00774287386,-0.133364677,-0.242114916,0.0564458258,9.81025696,-0.00107804674,0.000504402502,0.00348181627,-0.133366331,-0.000254631042,1
677,6.919984,0,0,0,0,0.00144989765,-0.26861605,0.00774287386,-0.132632256,-0.266065121,-0.0369599424,9.91084766,-0.00107804674,-0.00162612647,0.0066776094,-0.13331753,-0.000254631042,1
678,6.929980,0,0,0,0,0.00292208139,-0.184261575,0.00348181627,-0.133268833,-0.182239428,-0.027379863,9.72403622,-1.27822468e-05,-0.00482191984,0.00241655181,-0.133267745,-0.000254631042,1
679,6.939977,0,0,0,0,-0.0238000061,-0.149265304,-0.000779241615,-0.133268833,-0.151104167,0.00375539274,9.76475143,0.00211774674,-0.00269139092,-0.000779241615,-0.133259684,-0.000254631042,1
680,6.959999,0,0,0,0,0.0125762457,0.0319235586,-0.00290977047,-0.133364677,0.0333123393,-0.00821970589,9.74559116,-1.27822468e-05,-0.00269139092,-0.00290977047,-0.133304566,-0.000254631042,1
681,6.969981,0,0,0,0,0.0116208503,0.0248022992,-0.00610556407,-0.133364677,0.0261272788,-0.00821970589,9.86055183,-0.00107804674,-0.00162612647,-0.00610556407,-0.133341029,-0.000254631042,1
682,6.980003,0,0,0,0,-0.0365205929,-0.00981911644,-0.00717082852,-0.133364677,-0.0145880543,0.034890648,9.7144556,-1.27822468e-05,-0.00162612647,-0.00717082852,-0.13339442,-0.000254631042,1
683,6.989979,0,0,0,0,-0.0355654545,-0.00269445172,0.000286022841,-0.133460522,-0.0074029956,0.034890648,9.85097218,-1.27822468e-05,0.000504402502,0.000286022841,-0.133414939,-0.000254631042,1
684,7.000002,0,0,0,0,-0.0188394729,-0.0581032522,-0.000779241615,-0.133460522,-0.0600934289,0.0109404512,9.68811035,0.00211774674,0.00263493136,-0.000779241615,-0.133408815,-0.000254631042,1
685,7.009977,0,0,0,0,-0.0195427444,-0.135337114,0.00241655181,-0.133460522,-0.136734053,0.00136037311,9.86534214,0.00211774674,0.00263493136,0.00241655181,-0.133401111,-0.000254631042,1
686,7.020005,0,0,0,0,-0.0293563213,-0.13643606,0.000286022841,-0.133460522,-0.139129072,0.0109404512,9.82462692,0.00105248217,-0.00162612647,0.000286022841,-0.133399069,-0.000254631042,1
687,7.029980,0,0,0,0,-0.0124379853,-0.172537595,0.00241655181,-0.133364677,-0.172659352,-0.0106147248,9.8797121,-1.27822468e-05,0.00263493136,0.00241655181,-0.133381546,-0.000254631042,1
688,7.039999,0,0,0,0,-0.0243067462,-0.170945272,0.000286022841,-0.133364677,-0.172659352,0.00136037311,9.86773682,0.00105248217,0.000504402502,0.000286022841,-0.133379325,-0.000254631042,1
689,7.049975,0,0,0,0,-0.0502145849,-0.111890458,0.000286022841,-0.133364677,-0.117573902,0.034890648,9.81504631,-1.27822468e-05,-0.00269139092,0.000286022841,-0.133369625,-0.000254631042,1
690,7.060003,0,0,0,0,-0.0315135606,-0.0805687159,-0.00184450613,-0.133364677,-0.084043622,0.0205205306,9.77193642,0.00105248217,0.0015696669,-0.00184450613,-0.133375958,-0.000254631042,1
691,7.069977,0,0,0,0,-0.00111774646,-0.0701477826,-0.00184450613,-0.133364677,-0.0696735084,-0.00821970589,9.80786133,0.00105248217,-0.00162612647,-0.00184450613,-0.133381635,-0.000254631042,1
692,7.079985,0,0,0,0,-0.0351317041,-0.0535020493,0.00135128724,-0.133364677,-0.0576984063,0.0277055893,9.81025696,-0.00320857554,0.000504402502,0.00135128724,-0.133385554,-0.000254631042,1
693,7.089982,0,0,0,0,0.00698837452,-0.0277387109,0.00135128724,-0.133364677,-0.0265631527,-0.0106147248,9.78870106,-0.00214331108,0.00263493136,0.00135128724,-0.133393273,-0.000254631042,1
694,7.099979,0,0,0,0,-0.00271007069,-0.0820165426,-0.000779241615,-0.133364677,-0.0816486031,-0.00821970589,9.74798584,0.00105248217,0.0015696669,-0.000779241615,-0.133387685,-0.000254631042,1
695,7.109976,0,0,0,0,0.00362975779,-0.0707847178,-0.000779241615,-0.133364677,-0.0696735084,-0.0130097447,9.80307102,-1.27822468e-05,0.0015696669,-0.000779241615,-0.133394033,-0.000254631042,1
696,7.119986,0,0,0,0,-0.00891596172,-0.110182248,-0.00290977047,-0.133460522,-0.110388838,-0.00582468603,9.78151608,0.00105248217,0.0015696669,-0.00290977047,-0.133394524,-0.000254631042,1
697,7.129983,0,0,0,0,0.00646647252,-0.0856641531,0.000286022841,-0.133364677,-0.084043622,-0.0177997835,9.83420658,0.00105248217,0.00370019581,0.000286022841,-0.133405685,-0.000254631042,1
698,7.139980,0,0,0,0,-0.0347276777,-0.140549451,0.000286022841,-0.133364677,-0.14391911,0.0157304909,9.81744194,0.0031830112,0.00263493136,0.000286022841,-0.133403003,-0.000254631042,1
699,7.150002,0,0,0,0,-0.00418736646,-0.14706324,-0.00184450613,-0.133364677,-0.146314129,-0.0154047646,9.8318119,-1.27822468e-05,0.0015696669,-0.00184450613,-0.133409202,-0.000254631042,1
700,7.159983,0,0,0,0,-0.0106716929,-0.141360343,-0.000779241615,-0.133364677,-0.141524091,-0.00821970589,9.77672672,-0.00107804674,0.000504402502,-0.000779241615,-0.13342005,-0.000254631042,1
701,7.169979,0,0,0,0,-0.0703339577,-0.135772467,-0.00290977047,-0.133364677,-0.14391911,0.0516557842,9.80067635,-1.27822468e-05,0.0015696669,-0.00290977047,-0.133423656,-0.000254631042,1
702,7.180002,0,0,0,0,-0.0202817302,-0.0869085416,0.000286022841,-0.133364677,-0.0888336599,0.00854543224,9.78870106,0.00105248217,0.00263493136,0.000286022841,-0.133442253,-0.000254631042,1
703,7.189976,0,0,0,0,-0.0361258499,-0.0968630537,0.00135128724,-0.133460522,-0.100808762,0.0229155496,9.81265163,-1.27822468e-05,0.000504402502,0.00135128724,-0.133443594,-0.000254631042,1
704,7.200002,0,0,0,0,-0.0259606373,-0.0571471751,0.00348181627,-0.133460522,-0.0600934289,0.0181255098,9.82941628,0.00105248217,0.000504402502,0.00348181627,-0.133434787,-0.000254631042,1
705,7.210004,0,0,0,0,-0.036753498,-0.101614021,0.00135128724,-0.133364677,-0.1055988,0.0229155496,9.79828167,-1.27822468e-05,0.0015696669,0.00135128724,-0.133421317,-0.000254631042,1
706,7.219979,0,0,0,0,-0.0175895132,-0.0848532543,0.00135128724,-0.133364677,-0.086438641,0.00615041237,9.85815716,-0.00107804674,0.00263493136,0.00135128724,-0.133414611,-0.000254631042,1
707,7.230001,0,0,0,0,-0.0326429233,-0.106998451,0.00241655181,-0.133364677,-0.110388838,0.0181255098,9.82941628,0.00105248217,-0.00482191984,0.00241655181,-0.133407891,-0.000254631042,1
708,7.239976,0,0,0,0,-0.0356830731,-0.147670701,-0.000779241615,-0.133364677,-0.151104167,0.0157304909,9.78391171,0.00105248217,0.0015696669,-0.000779241615,-0.133402973,-0.000254631042,1
709,7.250001,0,0,0,0,-0.0293137766,-0.100195661,-0.00290977047,-0.133364677,-0.103203781,0.0157304909,9.7623558,0.00211774674,0.0015696669,-0.00290977047,-0.133410528,-0.000254631042,1
710,7.260007,0,0,0,0,-0.010642224,-0.105117135,0.000286022841,-0.133364677,-0.1055988,-0.00342966616,9.81265163,-1.27822468e-05,0.00263493136,0.000286022841,-0.133418128,-0.000254631042,1
711,7.269982,0,0,0,0,-0.0128831463,-0.121732168,0.000286022841,-0.133460522,-0.12236394,-0.00342966616,9.78391171,0.00105248217,-0.000560861954,0.000286022841,-0.133409172,-0.000254631042,1
712,7.280005,0,0,0,0,-0.0151139926,-0.138348207,0.000286022841,-0.133460522,-0.0960187241,0.0181255098,9.80546665,-1.27822468e-05,0.000504402502,0.000286022841,-0.133410901,-0.000254631042,1
713,7.289978,0,0,0,0,-0.0310597159,-0.0951267183,-0.00184450613,-0.133460522,-0.0816486031,0.0181255098,9.78630638,0.00211774674,-0.000560861954,-0.000779241615,-0.133412942,-0.000254631042,1
714,7.300003,0,0,0,0,-0.0144107221,-0.0611143559,0.00348181627,-0.133460522,-0.0624884479,0.00375539274,9.7791214,-0.00107804674,-0.00162612647,0.000286022841,-0.133411378,-0.000254631042,1
715,7.309978,0,0,0,0,-0.0169525836,-0.0801057518,0.00135128724,-0.133364677,-0.0912286863,-0.0249848422,9.85576153,-1.27822468e-05,-0.00269139092,0.00135128724,-0.133399233,-0.000254631042,1
716,7.320001,0,0,0,0,-0.0160041843,-0.0729829669,0.00135128724,-0.133460522,-0.0984137431,0.0229155496,9.82223129,-1.27822468e-05,-0.00162612647,0.00135128724,-0.133390546,-0.000254631042,1
717,7.329976,0,0,0,0,-0.0329718702,-0.109369047,0.00135128724,-0.133460522,-0.103203781,-0.0249848422,9.86055183,-0.00214331108,-0.00162612647,0.00135128724,-0.1333801,-0.000254631042,1
718,7.340001,0,0,0,0,0.00139212713,-0.087401107,0.00241655181,-0.133460522,-0.0672784895,0.0301006082,9.85097218,-1.27822468e-05,0.000504402502,0.00241655181,-0.133371413,-0.000254631042,1
719,7.350006,0,0,0,0,-0.0470054373,-0.0519052185,-0.00184450613,-0.133460522,-0.0624884479,-0.027379863,9.80786133,-1.27822468e-05,0.000504402502,-0.00184450613,-0.13336277,-0.000254631042,1
720,7.359980,0,0,0,0,-0.0487417765,-0.0468390845,-0.000779241615,-0.133460522,-0.0720685273,0.00854543224,9.77433109,0.00211774674,-0.000560861954,-0.000779241615,-0.133372009,-0.000254631042,1
721,7.369979,0,0,0,0,-0.0157513786,-0.143095657,-0.000779241615,-0.133460522,-0.0984137431,0.013335471,9.86294651,0.00105248217,0.00263493136,-0.000779241615,-0.133377761,-0.000254631042,1
722,7.379999,0,0,0,0,-0.0400930345,-0.108412966,0.00135128724,-0.133460522,-0.12236394,0.00615041237,9.76954079,0.00105248217,-0.000560861954,0.000286022841,-0.133378208,-0.000254631042,1
723,7.389984,0,0,0,0,-0.0205758084,-0.0530371144,-0.000779241615,-0.133460522,-0.0553033873,0.013335471,9.80546665,-1.27822468e-05,-0.00269139092,0.000286022841,-0.133375093,-0.000254631042,1
724,7.399980,0,0,0,0,-0.0186965987,-0.0750379935,0.00135128724,-0.133460522,-0.0768585652,0.00854543224,9.74559116,0.00105248217,-0.000560861954,0.00241655181,-0.13337557,-0.000254631042,1
725,7.409977,0,0,0,0,-0.0503681786,-0.0949508995,0.00135128724,-0.133460522,-0.100808762,0.0372856669,9.78870106,-1.27822468e-05,-0.000560861954,0.00135128724,-0.133358225,-0.000254631042,1
726,7.419986,0,0,0,0,-0.0164986942,-0.0946651548,0.00135128724,-0.133460522,-0.0960187241,0.00375539274,9.75517082,0.00211774674,0.0015696669,0.00135128724,-0.133349791,-0.000254631042,1
727,7.429982,0,0,0,0,0.0123138679,-0.096114561,-0.000779241615,-0.133364677,-0.0936237052,-0.0249848422,9.82941628,0.00105248217,-0.000560861954,-0.000779241615,-0.133349404,-0.000254631042,1
728,7.439978,0,0,0,0,-0.0399172194,-0.0891045108,0.000286022841,-0.133460522,-0.0936237052,0.0277055893,9.80067635,-0.00214331108,0.000504402502,0.000286022841,-0.133366108,-0.000254631042,1
729,7.449986,0,0,0,0,-0.0155755607,-0.123787194,-0.000779241615,-0.133460522,-0.124758959,-0.00103464653,9.81504631,-1.27822468e-05,0.000504402502,-0.000779241615,-0.133359671,-0.000254631042,1
730,7.459984,0,0,0,0,-0.0227296688,-0.159074336,0.00135128724,-0.133460522,-0.160684258,0.00136037311,9.82941628,0.00211774674,-0.00269139092,0.00135128724,-0.133362144,-0.000254631042,1
731,7.469981,0,0,0,0,-0.0509960093,-0.09970323,0.00135128724,-0.133364677,-0.1055988,0.0372856669,9.76475143,-0.00107804674,0.000504402502,0.00135128724,-0.133370847,-0.000254631042,1
732,7.490007,0,0,0,0,-0.0310597159,-0.0951267183,-0.000779241615,-0.133460522,-0.0984137431,0.0181255098,9.74319553,-1.27822468e-05,-0.00162612647,-0.000779241615,-0.133349627,-0.000254631042,1
733,7.500004,0,0,0,0,-0.00746537512,-0.0813788995,0.000286022841,-0.133460522,-0.0816486031,-0.00342966616,9.76475143,-1.27822468e-05,0.0015696669,0.000286022841,-0.133342579,-0.000254631042,1
734,7.509979,0,0,0,0,-0.0101577891,-0.0834339261,-0.000779241615,-0.133460522,-0.084043622,-0.00103464653,9.79109669,-1.27822468e-05,-0.00269139092,-0.000779241615,-0.133352354,-0.000254631042,1
735,7.519996,0,0,0,0,0.0061480077,-0.0880379081,-0.00184450613,-0.133364677,-0.086438641,-0.0177997835,9.80067635,-1.27822468e-05,-0.00269139092,-0.00184450613,-0.133363634,-0.000254631042,1
736,7.529981,0,0,0,0,0.00455568219,-0.0999066681,0.000286022841,-0.133364677,-0.0984137431,-0.0177997835,9.80067635,-0.00107804674,0.000504402502,0.000286022841,-0.133350447,-0.000254631042,1
737,7.540005,0,0,0,0,-0.0470383801,-0.08814843,-0.00184450613,-0.133460522,-0.0936237052,0.034890648,9.8318119,-1.27822468e-05,0.0015696669,-0.00184450613,-0.133351073,-0.000254631042,1
738,7.549979,0,0,0,0,-0.0250045583,-0.050026007,0.000286022841,-0.133460522,-0.0529083684,0.0181255098,9.8270216,0.00105248217,-0.000560861954,0.000286022841,-0.133353963,-0.000254631042,1
739,7.559999,0,0,0,0,-0.0288288686,-0.0785106644,-0.00184450613,-0.133460522,-0.0816486031,0.0181255098,9.79588604,-0.00107804674,0.00263493136,-0.00184450613,-0.133360088,-0.000254631042,1
740,7.569984,0,0,0,0,-0.0380568244,-0.147352234,0.000286022841,-0.133364677,-0.151104167,0.0181255098,9.74080086,0.00211774674,-0.00162612647,0.000286022841,-0.13336122,-0.000254631042,1
741,7.579998,0,0,0,0,-0.0248847362,-0.103206344,-0.000779241615,-0.133364677,-0.1055988,0.0109404512,9.7791214,-1.27822468e-05,0.00263493136,-0.000779241615,-0.133353412,-0.000254631042,1
742,7.589984,0,0,0,0,0.00883198436,-0.0859834626,0.000286022841,-0.133460522,-0.084043622,-0.0201948043,9.85097218,-0.00107804674,-0.00269139092,0.000286022841,-0.133349508,-0.000254631042,1
743,7.599980,0,0,0,0,-0.020927446,-0.0916540474,-0.000779241615,-0.133460522,-0.0936237052,0.00854543224,9.7791214,-1.27822468e-05,-0.000560861954,-0.000779241615,-0.133346915,-0.000254631042,1
744,7.609977,0,0,0,0,-0.0165190902,-0.13090995,0.000286022841,-0.133364677,-0.131944016,-0.00103464653,9.81744194,-0.00107804674,0.000504402502,0.000286022841,-0.133349344,-0.000254631042,1
745,7.619985,0,0,0,0,-0.0209603887,-0.127897248,-0.000779241615,-0.133460522,-0.129548997,0.00375539274,9.84378719,0.00105248217,0.00263493136,-0.000779241615,-0.133345157,-0.000254631042,1
746,7.629981,0,0,0,0,-0.0231253486,-0.072026886,0.000286022841,-0.133460522,-0.0744635463,0.013335471,9.86055183,-0.00107804674,0.0015696669,0.000286022841,-0.133339822,-0.000254631042,1
747,7.639978,0,0,0,0,0.00993093383,-0.095797047,-0.000779241615,-0.133460522,-0.0936237052,-0.0225898232,9.8318119,0.00105248217,0.0015696669,-0.000779241615,-0.133335233,-0.000254631042,1
748,7.649975,0,0,0,0,-0.00955334678,-0.114929691,0.000286022841,-0.133460522,-0.115178876,-0.00582468603,9.81504631,-1.27822468e-05,-0.000560861954,0.000286022841,-0.133328229,-0.000254631042,1
749,7.659984,0,0,0,0,-0.0210926272,-0.110964529,-0.00184450613,-0.133364677,-0.112783857,0.00615041237,9.78630638,-0.00107804674,-0.00162612647,-0.00184450613,-0.133328989,-0.000254631042,1
750,7.669975,0,0,0,0,-0.0273735169,-0.0497099385,0.000286022841,-0.133364677,-0.0529083684,0.0205205306,9.7312212,0.00211774674,0.0015696669,0.000286022841,-0.13333568,-0.000254631042,1
751,7.679999,0,0,0,0,-0.00951286219,-0.0786873996,0.00135128724,-0.133364677,-0.0792535841,-0.00103464653,9.8270216,-1.27822468e-05,0.000504402502,0.00135128724,-0.133333474,-0.000254631042,1
752,7.689984,0,0,0,0,-0.0362610631,-0.0799317881,0.000286022841,-0.133364677,-0.084043622,0.0253105685,9.85336685,-0.00107804674,0.00370019581,0.000286022841,-0.133324191,-0.000254631042,1
753,7.700006,0,0,0,0,-0.0204851665,-0.142460242,0.00135128724,-0.133364677,-0.14391911,0.00136037311,9.79349136,-1.27822468e-05,-0.00162612647,0.00135128724,-0.133318484,-0.000254631042,1
754,7.710000,0,0,0,0,-0.0190078709,-0.0774135366,-0.000779241615,-0.133364677,-0.0792535841,0.00854543224,9.84139156,0.00211774674,0.0015696669,-0.000779241615,-0.133312806,-0.000254631042,1
755,7.719986,0,0,0,0,-0.0297520012,-0.0493886247,-0.00184450613,-0.133460522,-0.0529083684,0.0229155496,9.78870106,0.00105248217,-0.00162612647,-0.00184450613,-0.133308932,-0.000254631042,1
756,7.730005,0,0,0,0,-0.00412842818,-0.0745768249,-0.00184450613,-0.133364677,-0.0744635463,-0.00582468603,9.81983662,-0.00107804674,0.0015696669,-0.00184450613,-0.133310169,-0.000254631042,1
757,7.739979,0,0,0,0,-0.037101429,-0.0807132125,0.000286022841,-0.133364677,-0.086438641,0.0372856669,9.81025696,0.0031830112,0.000504402502,0.000286022841,-0.133315414,-0.000254631042,1
758,7.749996,0,0,0,0,-0.0194708332,-0.107346386,0.00348181627,-0.133364677,-0.1055988,-0.0201948043,9.79109669,-0.00107804674,0.000504402502,0.00348181627,-0.133302882,-0.000254631042,1
759,7.759981,0,0,0,0,-0.0177340116,-0.0679185316,-0.000779241615,-0.133364677,-0.131944016,0.00375539274,9.79109669,0.00211774674,0.0015696669,0.00135128724,-0.133293912,-0.000254631042,1
760,7.769999,0,0,0,0,-0.0160561278,-0.145470917,0.00241655181,-0.133364677,-0.103203781,0.00854543224,9.75038147,-0.00107804674,0.0015696669,0.00135128724,-0.133288532,-0.000254631042,1
761,7.779985,0,0,0,0,-0.0114236521,-0.0929299146,0.00135128724,-0.133364677,-0.117573902,-0.0513300598,9.77193642,-1.27822468e-05,-0.00162612647,0.00135128724,-0.133288562,-0.000254631042,1
762,7.790006,0,0,0,0,-0.00146568031,-0.108764745,0.00135128724,-0.133364677,-0.084043622,0.0444707274,9.8270216,0.00211774674,0.000504402502,0.00241655181,-0.133285075,-0.000254631042,1
763,7.799981,0,0,0,0,0.029856056,-0.12746577,-0.00184450613,-0.133364677,-0.0912286863,-0.0154047646,9.81983662,-1.27822468e-05,0.000504402502,-0.00184450613,-0.133286357,-0.000254631042,1
764,7.810006,0,0,0,0,-0.00511329295,-0.11794129,-0.00290977047,-0.133364677,-0.107993819,0.032495629,9.78870106,-0.00214331108,-0.00162612647,-0.000779241615,-0.133290187,-0.000254631042,1
765,7.819981,0,0,0,0,-0.0130159762,-0.104798667,0.00135128724,-0.133364677,-0.0912286863,0.0301006082,9.86534214,-0.00107804674,0.000504402502,0.00135128724,-0.133295849,-0.000254631042,1
766,7.829996,0,0,0,0,0.000937540841,-0.0728400052,0.000286022841,-0.133364677,-0.112783857,0.0420757085,9.78151608,-0.00107804674,0.00263493136,0.00241655181,-0.133296177,-0.000254631042,1
767,7.839982,0,0,0,0,0.0152318748,-0.11098288,0.00135128724,-0.132632256,-0.131944016,0.0229155496,9.77672672,0.00105248217,0.00263493136,0.000286022841,-0.133281559,-0.000254631042,1
768,7.850003,0,0,0,0,-0.0424563959,-0.108098343,0.00135128724,-0.133364677,-0.112783857,0.0277055893,9.79349136,0.00105248217,-0.000560861954,-0.000779241615,-0.13327834,-0.000254631042,1
769,7.859979,0,0,0,0,-0.0595356226,-0.0913081169,-0.000779241615,-0.133364677,-0.0984137431,0.0468657464,9.7623558,-0.00107804674,0.00263493136,0.000286022841,-0.133275181,-0.000254631042,1
770,7.870001,0,0,0,0,-0.00967743713,-0.0979968086,-0.00184450613,-0.133268833,-0.0984137431,-0.00342966616,9.86773682,-0.00107804674,0.0015696669,-0.000779241615,-0.133278519,-0.000254631042,1
771,7.880002,0,0,0,0,-0.0278954189,-0.107635386,0.000286022841,-0.133364677,-0.110388838,0.013335471,9.83420658,-1.27822468e-05,-0.000560861954,-0.000779241615,-0.133268744,-0.000254631042,1
772,7.889976,0,0,0,0,0.00742186699,-0.0785429031,-0.00184450613,-0.133364677,-0.0768585652,-0.0177997835,9.7312212,-1.27822468e-05,-0.000560861954,-0.00184450613,-0.133272141,-0.000254631042,1
773,7.900002,0,0,0,0,-0.00557625527,-0.103380315,0.000286022841,-0.133364677,-0.103203781,-0.00821970589,9.81025696,0.00105248217,0.00263493136,0.000286022841,-0.133279935,-0.000254631042,1
774,7.909976,0,0,0,0,0.0213278607,-0.119068608,0.00135128724,-0.133268833,-0.115178876,-0.0369599424,9.79349136,-0.00107804674,-0.000560861954,0.00135128724,-0.133283168,-0.000254631042,1
775,7.920000,0,0,0,0,-0.0255216658,-0.107953846,-0.000779241615,-0.133364677,-0.110388838,0.0109404512,9.76714611,-0.00107804674,0.000504402502,-0.000779241615,-0.13328886,-0.000254631042,1
776,7.929975,0,0,0,0,-0.0196629222,-0.118406139,-0.000779241615,-0.133268833,-0.119968921,0.00375539274,9.77672672,-1.27822468e-05,-0.00375665538,-0.000779241615,-0.133285329,-0.000254631042,1
777,7.939983,0,0,0,0,-0.0335688479,-0.0778765008,-0.000779241615,-0.133364677,-0.0816486031,0.0229155496,9.82462692,-1.27822468e-05,-0.000560861954,-0.000779241615,-0.133281112,-0.000254631042,1
778,7.949979,0,0,0,0,-0.0280312244,-0.0907033458,0.00135128724,-0.133268833,-0.0936237052,0.0157304909,9.83660221,0.00105248217,0.00370019581,0.00135128724,-0.133279696,-0.000254631042,1
779,7.959977,0,0,0,0,-0.014425002,-0.0973603353,0.000286022841,-0.133268833,-0.0984137431,0.00136037311,9.79109669,-0.00214331108,0.00370019581,0.000286022841,-0.133278742,-0.000254631042,1
780,7.969985,0,0,0,0,-0.0172631424,-0.0824811608,0.00241655181,-0.133268833,-0.084043622,0.00615041237,9.82223129,0.0031830112,0.00263493136,0.00241655181,-0.133274242,-0.000254631042,1
781,7.979983,0,0,0,0,-0.00163964776,-0.12807323,0.00135128724,-0.133364677,-0.127153978,-0.0154047646,9.7144556,-1.27822468e-05,-0.00162612647,0.00135128724,-0.133264631,-0.000254631042,1
782,7.989979,0,0,0,0,-0.0405366123,-0.0938597247,-0.000779241615,-0.133268833,-0.0984137431,0.0277055893,9.81744194,-0.00107804674,0.000504402502,-0.000779241615,-0.133262649,-0.000254631042,1
783,7.999976,0,0,0,0,-0.0150614772,-0.102107897,0.000286022841,-0.133268833,-0.103203781,0.00136037311,9.82941628,0.00105248217,0.0015696669,0.000286022841,-0.133260056,-0.000254631042,1
784,8.009986,0,0,0,0,-0.00918708276,-0.0763145238,0.000286022841,-0.133268833,-0.0768585652,-0.00103464653,9.81265163,-0.00107804674,-0.000560861954,0.000286022841,-0.133253902,-0.000254631042,1
785,8.019999,0,0,0,0,-0.0418194644,-0.103350841,0.00135128724,-0.133364677,-0.107993819,0.0277055893,9.83899689,0.00105248217,0.000504402502,0.00135128724,-0.133258343,-0.000254631042,1
786,8.029984,0,0,0,0,-0.00507599209,-0.0816985667,0.00135128724,-0.133268833,-0.0816486031,-0.00582468603,9.85097218,-0.00107804674,0.000504402502,0.00135128724,-0.133260235,-0.000254631042,1
787,8.040006,0,0,0,0,-0.0373802334,-0.106365107,-0.000779241615,-0.133268833,-0.110388838,0.0229155496,9.79828167,-1.27822468e-05,-0.00162612647,-0.000779241615,-0.133252397,-0.000254631042,1
788,8.049980,0,0,0,0,0.00313732564,-0.0924669504,-0.000779241615,-0.133364677,-0.0912286863,-0.0154047646,9.85576153,-1.27822468e-05,0.0015696669,-0.000779241615,-0.133246973,-0.000254631042,1
789,8.059998,0,0,0,0,-0.0141067654,-0.0949865505,0.000286022841,-0.133268833,-0.0960187241,0.00136037311,9.78630638,0.0031830112,-0.000560861954,0.000286022841,-0.133244365,-0.000254631042,1
790,8.069983,0,0,0,0,-0.0410269648,-0.115542009,0.00241655181,-0.133268833,-0.119968921,0.0253105685,9.88210678,0.0031830112,0.0015696669,0.00241655181,-0.133245543,-0.000254631042,1
791,8.080002,0,0,0,0,0.00669649756,-0.138836592,0.00135128724,-0.132536411,-0.136734053,-0.0249848422,9.79828167,-0.00107804674,0.000504402502,0.00135128724,-0.133237824,-0.000254631042,1
792,8.089976,0,0,0,0,0.0332146734,-0.0844197646,0.00135128724,-0.133364677,-0.0792535841,-0.0441449992,9.79109669,-1.27822468e-05,0.00370019581,0.00135128724,-0.133231565,-0.000254631042,1
793,8.100003,0,0,0,0,-0.0610920638,-0.0669395253,-0.000779241615,-0.133268833,-0.0744635463,0.0516557842,9.77433109,-0.00320857554,-0.00162612647,-0.000779241615,-0.133229986,-0.000254631042,1
794,8.110002,0,0,0,0,-0.0307232421,-0.092758894,-0.00184450613,-0.133268833,-0.0960187241,0.0181255098,9.82223129,-0.00107804674,-0.000560861954,-0.00184450613,-0.133227825,-0.000254631042,1
795,8.119975,0,0,0,0,-0.0209098756,-0.0916580558,-0.000779241615,-0.133268833,-0.0936237052,0.00854543224,9.8318119,0.00105248217,0.0015696669,-0.000779241615,-0.133232832,-0.000254631042,1
796,8.129983,0,0,0,0,-0.014425002,-0.0973603353,-0.000779241615,-0.133268833,-0.0984137431,0.00136037311,9.77672672,0.00105248217,-0.000560861954,-0.000779241615,-0.133236766,-0.000254631042,1
797,8.139982,0,0,0,0,-0.0311876033,-0.0781979561,0.00135128724,-0.133268833,-0.0816486031,0.0205205306,9.75517082,0.00105248217,0.00263493136,0.00135128724,-0.133236498,-0.000254631042,1
798,8.149979,0,0,0,0,0.0389250442,-0.0779317096,-0.00184450613,-0.133268833,-0.0720685273,-0.0489350408,9.81025696,0.00105248217,-0.00269139092,-0.00184450613,-0.133234441,-0.000254631042,1
799,8.159976,0,0,0,0,-0.0126876943,-0.102426134,0.000286022841,-0.133268833,-0.103203781,-0.00103464653,9.8270216,-1.27822468e-05,0.000504402502,0.000286022841,-0.133240834,-0.000254631042,1
800,8.169986,0,0,0,0,-0.00365692121,-0.0891381502,0.000286022841,-0.133268833,-0.0888336599,-0.00821970589,9.85097218,-1.27822468e-05,-0.00162612647,0.000286022841,-0.133237034,-0.000254631042,1
801,8.179983,0,0,0,0,-0.00906695705,-0.129492462,-0.000779241615,-0.133268833,-0.129548997,-0.00821970589,9.85576153,0.00105248217,0.000504402502,-0.000779241615,-0.133226097,-0.000254631042,1
802,8.189981,0,0,0,0,-0.0234369095,-0.0744028538,0.00135128724,-0.133364677,-0.0768585652,0.013335471,9.77433109,-0.00107804674,-0.000560861954,0.00135128724,-0.133219793,-0.000254631042,1
803,8.210001,0,0,0,0,-0.00649506319,-0.0742589831,0.00241655181,-0.133268833,-0.110388838,-0.0177997835,9.75517082,0.00105248217,0.0015696669,0.00241655181,-0.133215174,-0.000254631042,1
804,8.219985,0,0,0,0,-0.0504960977,-0.0780258402,0.000286022841,-0.133268833,-0.0720685273,0.013335471,9.80546665,-0.00214331108,-0.000560861954,0.00135128724,-0.133211508,-0.000254631042,1
805,8.230003,0,0,0,0,-0.0248847362,-0.103206344,0.000286022841,-0.133364677,-0.0816486031,0.0301006082,9.74319553,0.00211774674,-0.000560861954,0.000286022841,-0.133210301,-0.000254631042,1
806,8.239977,0,0,0,0,-0.0316779539,-0.0998802409,0.000286022841,-0.133268833,-0.0912286863,0.0516557842,9.79109669,-0.00214331108,-0.000560861954,-0.000779241615,-0.133202761,-0.000254631042,1
807,8.250004,0,0,0,0,-0.0387993045,-0.0989255235,-0.000779241615,-0.133268833,-0.0457233116,-0.00582468603,9.79109669,-1.27822468e-05,0.000504402502,0.000286022841,-0.133208171,-0.000254631042,1
808,8.259980,0,0,0,0,-0.026147794,-0.11270386,-0.000779241615,-0.133268833,-0.112783857,0.0372856669,9.77672672,-0.00107804674,-0.00162612647,0.000286022841,-0.133208245,-0.000254631042,1
809,8.270001,0,0,0,0,-0.037101429,-0.140230983,-0.00290977047,-0.133364677,-0.139129072,0.0372856669,9.81983662,-0.00214331108,-0.00162612647,-0.00290977047,-0.133219704,-0.000254631042,1
810,8.280005,0,0,0,0,-0.022991417,-0.125209257,-0.000779241615,-0.133268833,-0.0984137431,-0.0130097447,9.82462692,0.00211774674,0.000504402502,-0.00184450613,-0.133232653,-0.000254631042,1
811,8.289979,0,0,0,0,-0.0233096536,-0.127583027,0.000286022841,-0.133268833,-0.15589422,0.00615041237,9.79349136,-0.00107804674,0.0015696669,0.00135128724,-0.133239925,-0.000254631042,1
812,8.300005,0,0,0,0,-0.0224257801,-0.0673002005,0.00135128724,-0.132536411,-0.0696735084,0.013335471,9.79828167,-1.27822468e-05,0.000504402502,-0.000779241615,-0.133225083,-0.000254631042,1
813,8.309979,0,0,0,0,0.0259552989,-0.066527158,0.000286022841,-0.133268833,-0.0624884479,-0.0345649198,9.78391171,-1.27822468e-05,-0.000560861954,0.00135128724,-0.133219153,-0.000254631042,1
814,8.319996,0,0,0,0,-0.0217295568,-0.115712039,-0.00290977047,-0.133364677,-0.117573902,0.00615041237,9.80307102,0.00105248217,0.00370019581,-0.00290977047,-0.133214846,-0.000254631042,1
815,8.329982,0,0,0,0,-0.0355091058,-0.128362224,0.00241655181,-0.133364677,-0.131944016,0.0181255098,9.79588604,-1.27822468e-05,-0.000560861954,0.00135128724,-0.13321951,-0.000254631042,1
816,8.340001,0,0,0,0,-0.0118791033,-0.0783700719,-0.00184450613,-0.133268833,-0.0792535841,0.00136037311,9.72643089,0.00105248217,0.0015696669,-0.00184450613,-0.133212864,-0.000254631042,1
817,8.349976,0,0,0,0,0.0154794594,-0.108618766,0.000286022841,-0.133268833,-0.1055988,-0.0297748819,9.80307102,0.00105248217,-0.00162612647,0.000286022841,-0.133214816,-0.000254631042,1
818,8.360006,0,0,0,0,0.00399540272,-0.10465128,-0.000779241615,-0.132632256,-0.103203781,-0.0177997835,9.81983662,-1.27822468e-05,-0.00375665538,-0.000779241615,-0.133205965,-0.000254631042,1
819,8.369980,0,0,0,0,-0.0137679344,-0.0563682318,0.000286022841,-0.133364677,-0.0576984063,0.00615041237,9.74319553,-0.00107804674,0.00263493136,0.000286022841,-0.133195058,-0.000254631042,1
820,8.379978,0,0,0,0,0.0320959389,-0.11084643,0.00135128724,-0.133268833,-0.1055988,-0.0465400182,9.78630638,-1.27822468e-05,0.000504402502,0.00135128724,-0.133201703,-0.000254631042,1
821,8.389975,0,0,0,0,-0.0215463508,-0.0964056253,0.000286022841,-0.133268833,-0.0984137431,0.00854543224,9.84618187,-1.27822468e-05,0.000504402502,0.000286022841,-0.133203819,-0.000254631042,1
822,8.399999,0,0,0,0,-0.0277214516,-0.0883269086,-0.000779241615,-0.133364677,-0.0912286863,0.0157304909,9.80307102,-1.27822468e-05,-0.00269139092,-0.000779241615,-0.133204758,-0.000254631042,1
823,8.409984,0,0,0,0,-0.0116723115,-0.0953122452,0.000286022841,-0.132632256,-0.0960187241,-0.00103464653,9.80307102,0.00105248217,0.00263493136,0.000286022841,-0.133213609,-0.000254631042,1
824,8.420005,0,0,0,0,0.00884022564,-0.0859826207,0.00135128724,-0.133364677,-0.084043622,-0.0201948043,9.84378719,0.00105248217,0.000504402502,0.00135128724,-0.133212134,-0.000254631042,1
825,8.429978,0,0,0,0,-0.0159971882,-0.0729845017,0.000286022841,-0.133364677,-0.0744635463,0.00615041237,9.78870106,-0.00107804674,0.000504402502,0.000286022841,-0.133221269,-0.000254631042,1
826,8.439999,0,0,0,0,-0.0251930822,-0.105582513,0.000286022841,-0.133268833,-0.107993819,0.0109404512,9.78391171,-1.27822468e-05,0.00263493136,0.000286022841,-0.133221135,-0.000254631042,1
827,8.449986,0,0,0,0,0.0252928287,-0.107517935,0.00241655181,-0.133268833,-0.103203781,-0.0393549614,9.82941628,-1.27822468e-05,-0.000560861954,0.00241655181,-0.133210748,-0.000254631042,1
828,8.459982,0,0,0,0,-0.000973248098,-0.0870825127,0.000286022841,-0.133364677,-0.086438641,-0.0106147248,9.85815716,-1.27822468e-05,-0.000560861954,0.000286022841,-0.133207738,-0.000254631042,1
829,8.469979,0,0,0,0,-0.0193558056,-0.116030507,-0.000779241615,-0.133364677,-0.117573902,0.00375539274,9.8270216,0.00105248217,-0.000560861954,-0.000779241615,-0.133198276,-0.000254631042,1
830,8.479976,0,0,0,-0.00221497891,-0.0240662545,-0.079152666,-0.000779241615,-0.133268833,-0.0816486031,0.013335471,9.7144556,-0.00107804674,0.000504402502,-0.000779241615,-0.133199424,-0.000254631042,1
831,8.489984,0,0,0,0,-0.0119050983,-0.114613287,-0.00184450613,-0.133268833,-0.115178876,-0.00342966616,9.79588604,-0.00107804674,-0.000560861954,-0.00184450613,-0.133197904,-0.000254631042,1
832,8.499982,0,0,0,0,-0.000336318451,-0.0823350102,0.000286022841,-0.133364677,-0.0816486031,-0.0106147248,9.76714611,0.00211774674,0.0015696669,0.000286022841,-0.133199528,-0.000254631042,1
833,8.509980,0,0,0,0,-0.0298062079,-0.121877901,-0.000779241615,-0.133364677,-0.124758959,0.013335471,9.8270216,-1.27822468e-05,0.00263493136,-0.000779241615,-0.133199692,-0.000254631042,1
834,8.519977,0,0,0,0,-0.080744803,-0.105384402,0.00241655181,-0.133268833,-0.115178876,0.0660259053,9.77433109,-0.00107804674,0.00370019581,0.00241655181,-0.133201599,-0.000254631042,1
835,8.529986,0,0,0,0,-0.0245662723,-0.100832596,0.000286022841,-0.133364677,-0.103203781,0.0109404512,9.80546665,-1.27822468e-05,-0.000560861954,0.000286022841,-0.13320075,-0.000254631042,1
836,8.540001,0,0,0,0,0.0131247658,-0.0720585734,0.000286022841,-0.133364677,-0.0696735084,-0.0225898232,9.78391171,0.00211774674,-0.00162612647,0.000286022841,-0.133202657,-0.000254631042,1
837,8.549976,0,0,0,0,-0.010642224,-0.105117135,0.000286022841,-0.133364677,-0.1055988,-0.00342966616,9.73601055,0.00105248217,-0.000560861954,0.000286022841,-0.133206338,-0.000254631042,1
838,8.560000,0,0,0,0,-0.0555990152,-0.116001032,0.000286022841,-0.133364677,-0.12236394,0.0396806858,9.81265163,0.00105248217,0.000504402502,0.000286022841,-0.133213252,-0.000254631042,1
839,8.569976,0,0,0,0,-0.0321210213,-0.0490730107,0.00135128724,-0.133364677,-0.0529083684,0.0253105685,9.80307102,-1.27822468e-05,0.000504402502,0.00135128724,-0.133216918,-0.000254631042,1
840,8.579999,0,0,0,0,-0.0134789394,-0.0902376994,0.00241655181,-0.133364677,-0.0912286863,0.00136037311,9.79349136,0.00105248217,0.0015696669,0.00241655181,-0.133215204,-0.000254631042,1
841,8.589997,0,0,0,0,-0.0576174483,-0.0770711228,-0.000779241615,-0.133268833,-0.084043622,0.0468657464,9.80786133,0.0031830112,0.000504402502,-0.000779241615,-0.133199647,-0.000254631042,1
842,8.599983,0,0,0,0,-0.0235422347,-0.0937286094,-0.000779241615,-0.132632256,-0.0960187241,0.0109404512,9.78630638,-0.00107804674,-0.00162612647,-0.000779241615,-0.133201927,-0.000254631042,1
843,8.609980,0,0,0,0,-0.0272584893,-0.102887884,0.00348181627,-0.133364677,-0.1055988,0.013335471,9.75756645,-1.27822468e-05,-0.000560861954,0.00348181627,-0.133192778,-0.000254631042,1
844,8.620005,0,0,0,0,-0.0443294644,-0.0861019045,0.00135128724,-0.133268833,-0.0912286863,0.032495629,9.79349136,-1.27822468e-05,-0.00162612647,0.00135128724,-0.133179426,-0.000254631042,1
845,8.629998,0,0,0,0,-0.0361072831,-0.0968699828,-0.000779241615,-0.133268833,-0.100808762,0.0229155496,9.78630638,-0.00214331108,0.0015696669,-0.000779241615,-0.133174419,-0.000254631042,1
846,8.639984,0,0,0,0,0.0134137617,-0.105928034,0.00241655181,-0.133364677,-0.103203781,-0.027379863,9.85815716,0.00211774674,-0.00162612647,0.00241655181,-0.133175761,-0.000254631042,1
847,8.649982,0,0,0,0,-0.0155636957,-0.123788685,0.00241655181,-0.133364677,-0.124758959,-0.00103464653,9.84378719,-1.27822468e-05,-0.00162612647,0.00241655181,-0.133172452,-0.000254631042,1
848,8.659979,0,0,0,0,-0.0278591048,-0.0713948458,-0.000779241615,-0.133268833,-0.103203781,0.0181255098,9.7791214,-0.00107804674,-0.000560861954,-0.000779241615,-0.133177117,-0.000254631042,1
849,8.669976,0,0,0,0,-0.0576434471,-0.113314345,-0.00184450613,-0.133268833,-0.110388838,0.0229155496,9.76954079,0.00105248217,-0.00162612647,0.00135128724,-0.133191898,-0.000254631042,1
850,8.679985,0,0,0,0,-0.00455035642,-0.0962624177,0.000286022841,-0.132632256,-0.103203781,-0.0225898232,9.85336685,-1.27822468e-05,-0.00269139092,-0.000779241615,-0.133186042,-0.000254631042,1
851,8.689981,0,0,0,0,0.0107215438,-0.107983321,-0.00184450613,-0.133364677,-0.0936237052,-0.0225898232,9.85336685,0.00105248217,0.0015696669,-0.000779241615,-0.133197188,-0.000254631042,1
852,8.699979,0,0,0,0,-0.0208838787,-0.0554148406,0.000286022841,-0.133268833,-0.107993819,0.0301006082,9.75038147,0.00105248217,-0.000560861954,0.00135128724,-0.133205578,-0.000254631042,1
853,8.709977,0,0,0,0,-0.0240922496,-0.115395889,-0.000779241615,-0.133268833,-0.0600934289,0.0301006082,9.84857655,-1.27822468e-05,-0.000560861954,0.000286022841,-0.133206144,-0.000254631042,1
854,8.719986,0,0,0,0,-0.0353056677,-0.0728105307,0.00241655181,-0.133364677,-0.0936237052,0.0612358637,9.79588604,0.00211774674,-0.00162612647,0.000286022841,-0.133192062,-0.000254631042,1
855,8.729999,0,0,0,0,-0.00461163418,-0.0962595046,-0.000779241615,-0.133268833,-0.117573902,0.0492607653,9.77433109,-0.00107804674,-0.000560861954,0.00135128724,-0.13319324,-0.000254631042,1
856,8.739985,0,0,0,0,-0.0023256389,-0.0796447471,0.00135128724,-0.132536411,-0.1055988,-0.00582468603,9.84378719,-1.27822468e-05,0.0015696669,0.000286022841,-0.133178785,-0.000254631042,1
857,8.750002,0,0,0,0,-0.0166266691,-0.0777335986,0.00241655181,-0.133268833,-0.0912286863,-0.0130097447,9.83660221,-1.27822468e-05,-0.000560861954,0.00135128724,-0.133173302,-0.000254631042,1
858,8.759977,0,0,0,0,-0.0329509042,-0.109375365,0.000286022841,-0.133268833,-0.112783857,0.0181255098,9.81265163,-0.00214331108,-0.00162612647,0.000286022841,-0.133170918,-0.000254631042,1
859,8.770004,0,0,0,0,-0.00258208415,-0.135194734,-0.00290977047,-0.133268833,-0.134339035,-0.0154047646,9.83899689,-0.00214331108,-0.00269139092,-0.00397503516,-0.13318941,-0.000254631042,1
860,8.779978,0,0,0,0,-0.0224490706,-0.0310405418,-0.000779241615,-0.133268833,-0.0337482132,0.0181255098,9.84618187,-1.27822468e-05,-0.000560861954,-0.00290977047,-0.133204371,-0.000254631042,1
861,8.789996,0,0,0,0,-0.0315135606,-0.0805687159,-0.00184450613,-0.133364677,-0.084043622,0.0205205306,9.80067635,-0.00214331108,0.000504402502,0.000286022841,-0.133212432,-0.000254631042,1
862,8.799981,0,0,0,0,-0.0149153564,-0.11904262,0.000286022841,-0.133268833,-0.119968921,-0.00103464653,9.74798584,0.00105248217,-0.000560861954,0.000286022841,-0.133203879,-0.000254631042,1
863,8.810003,0,0,0,0,-0.0344532803,-0.121269546,-0.000779241615,-0.132536411,-0.124758959,0.0181255098,9.80546665,-1.27822468e-05,-0.000560861954,-0.000779241615,-0.133200288,-0.000254631042,1
864,8.819977,0,0,0,0,-0.026147794,-0.11270386,0.00348181627,-0.133268833,-0.115178876,0.0109404512,9.85336685,-0.00107804674,0.0015696669,0.00348181627,-0.133195609,-0.000254631042,1
865,8.830001,0,0,0,0,-0.00233327225,-0.0796445236,0.000286022841,-0.132632256,-0.0792535841,-0.00821970589,9.76954079,-0.00107804674,-0.00269139092,0.000286022841,-0.133185402,-0.000254631042,1
866,8.839976,0,0,0,0,-0.0225010626,-0.103526972,-0.00184450613,-0.133268833,-0.1055988,0.00854543224,9.85336685,0.00211774674,0.000504402502,-0.00184450613,-0.133192033,-0.000254631042,1
867,8.850003,0,0,0,0,-0.0598451123,-0.0936876088,-0.00290977047,-0.133268833,-0.100808762,0.0468657464,9.7791214,-1.27822468e-05,0.00370019581,-0.00290977047,-0.133204505,-0.000254631042,1
868,8.860003,0,0,0,0,-0.0348603278,-0.123618066,0.000286022841,-0.133268833,-0.127153978,0.0181255098,9.86055183,-1.27822468e-05,0.00263493136,0.000286022841,-0.13321054,-0.000254631042,1
869,8.869976,0,0,0,0,-0.0302588847,-0.107319817,0.00135128724,-0.133268833,-0.110388838,0.0157304909,9.82223129,-0.00107804674,0.000504402502,0.00135128724,-0.133207619,-0.000254631042,1
870,8.880005,0,0,0,0,-0.0158180781,-0.0536775328,-0.000779241615,-0.133268833,-0.0553033873,0.00854543224,9.7791214,-0.00107804674,-0.00162612647,-0.000779241615,-0.133212864,-0.000254631042,1
871,8.889980,0,0,0,0,-0.0386791788,-0.152103469,0.000286022841,-0.133268833,-0.15589422,0.0181255098,9.76475143,0.00105248217,0.000504402502,0.000286022841,-0.133208737,-0.000254631042,1
872,8.900006,0,0,0,0,-0.035324689,-0.109057128,0.000286022841,-0.133268833,-0.112783857,0.0205205306,9.80067635,0.00105248217,-0.00162612647,0.000286022841,-0.133212835,-0.000254631042,1
873,8.909981,0,0,0,0,-0.0147692347,-0.135977328,0.000286022841,-0.133268833,-0.136734053,-0.00342966616,9.81025696,0.00105248217,-0.000560861954,0.000286022841,-0.133209765,-0.000254631042,1
874,8.919998,0,0,0,0,-0.00713153789,-0.0790065452,-0.000779241615,-0.133268833,-0.0792535841,-0.00342966616,9.72403622,0.00105248217,0.0015696669,-0.000779241615,-0.133206636,-0.000254631042,1
875,8.930093,0,0,0,0,-0.0329613872,-0.109372206,0.00135128724,-0.133364677,-0.112783857,0.0181255098,9.75996113,-0.00107804674,0.000504402502,0.00135128724,-0.133201241,-0.000254631042,1
876,8.939976,0,0,0,0,-0.0193186887,-0.0797891393,-0.000779241615,-0.133268833,-0.0816486031,0.00854543224,9.75996113,0.00211774674,0.00263493136,-0.000779241615,-0.133203849,-0.000254631042,1
877,8.950002,0,0,0,0,-0.0426181518,-0.127410918,0.000286022841,-0.133268833,-0.131944016,0.0253105685,9.72643089,0.00105248217,0.00263493136,0.000286022841,-0.13320455,-0.000254631042,1
878,8.959977,0,0,0,0,0.0129507985,-0.091367051,0.000286022841,-0.133364677,-0.0888336599,-0.0249848422,9.86773682,0.00211774674,-0.00162612647,0.000286022841,-0.133194283,-0.000254631042,1
879,8.970002,0,0,0,0,-0.0266215596,-0.0981403738,-0.00184450613,-0.133364677,-0.100808762,0.013335471,9.73840618,-0.00107804674,-0.00162612647,-0.00184450613,-0.133195326,-0.000254631042,1
880,8.979976,0,0,0,0,-0.0105801579,-0.0326317288,-0.000779241615,-0.133268833,-0.0337482132,0.00615041237,9.83899689,0.00105248217,0.00263493136,-0.000779241615,-0.133198544,-0.000254631042,1
881,8.989985,0,0,0,0,0.00679292064,-0.0832897499,-0.000779241615,-0.133268833,-0.0816486031,-0.0177997835,9.81983662,0.00211774674,-0.00269139092,-0.000779241615,-0.133209705,-0.000254631042,1
882,8.999983,0,0,0,0,-0.0114147449,-0.0929310098,-0.000779241615,-0.133268833,-0.0936237052,-0.00103464653,9.82941628,-1.27822468e-05,-0.000560861954,-0.000779241615,-0.133216605,-0.000254631042,1
883,9.009980,0,0,0,0,-0.0113086225,-0.146107852,0.000286022841,-0.133364677,-0.146314129,-0.00821970589,9.76475143,-1.27822468e-05,-0.000560861954,0.000286022841,-0.133217081,-0.000254631042,1
884,9.019978,0,0,0,0,-0.0695981234,-0.0948327631,-0.00290977047,-0.132632256,-0.103203781,0.0564458258,9.82223129,0.00105248217,-0.00162612647,-0.00290977047,-0.133217812,-0.000254631042,1
885,9.029976,0,0,0,0,-0.0251670871,-0.0693393052,-0.000779241615,-0.133268833,-0.0720685273,0.0157304909,9.7623558,0.00105248217,-0.00162612647,-0.000779241615,-0.133226454,-0.000254631042,1
886,9.039985,0,0,0,0,-0.0261217989,-0.0764606446,-0.000779241615,-0.133268833,-0.0792535841,0.0157304909,9.82223129,-1.27822468e-05,0.000504402502,-0.000779241615,-0.13323237,-0.000254631042,1
887,9.049982,0,0,0,0,-0.0264400374,-0.0788344294,0.00241655181,-0.133268833,-0.0816486031,0.0157304909,9.79349136,-0.00214331108,0.0015696669,0.00241655181,-0.133225724,-0.000254631042,1
888,9.059979,0,0,0,0,-0.0375349224,-0.0894268006,0.00135128724,-0.133364677,-0.0936237052,0.0253105685,9.77672672,0.00211774674,0.00370019581,0.00135128724,-0.133214012,-0.000254631042,1
889,9.080007,0,0,0,0,-0.029940648,-0.10494604,-0.000779241615,-0.133268833,-0.107993819,0.0157304909,9.78151608,0.0031830112,0.000504402502,-0.000779241615,-0.133219063,-0.000254631042,1
890,9.089981,0,0,0,0,-0.0269303899,-0.100516714,0.00135128724,-0.133268833,-0.103203781,0.013335471,9.7096653,-0.00107804674,0.0015696669,0.00135128724,-0.133221328,-0.000254631042,1
891,9.100007,0,0,0,0,-0.014926766,-0.119041182,0.00135128724,-0.133364677,-0.119968921,-0.00103464653,9.84378719,-0.00214331108,0.00263493136,0.00135128724,-0.133207798,-0.000254631042,1
892,9.109982,0,0,0,0,0.00554054789,-0.0565421991,0.00135128724,-0.133364677,-0.0553033873,-0.0130097447,9.79349136,-1.27822468e-05,0.00370019581,0.00135128724,-0.133199885,-0.000254631042,1
893,9.119998,0,0,0,0,-0.0457560755,-0.0786579251,-0.000779241615,-0.133364677,-0.084043622,0.034890648,9.79588604,-0.00214331108,0.0015696669,-0.000779241615,-0.133194178,-0.000254631042,1
894,9.130004,0,0,0,0,-0.0445015803,-0.105410397,0.00135128724,-0.133268833,-0.0960187241,0.00615041237,9.80546665,-0.00107804674,-0.00162612647,0.00135128724,-0.133195639,-0.000254631042,1
895,9.139978,0,0,0,0,0.0105857747,-0.0910475776,-0.00184450613,-0.133268833,-0.117573902,0.0229155496,9.76714611,-0.00214331108,0.000504402502,0.000286022841,-0.133199677,-0.000254631042,1
896,9.149998,0,0,0,0,0.0211719442,-0.102135926,-0.00184450613,-0.133364677,-0.124758959,0.00375539274,9.75996113,-0.00107804674,0.00263493136,-0.000779241615,-0.133201778,-0.000254631042,1
897,9.159985,0,0,0,0,-0.00178414513,-0.1111385,-0.000779241615,-0.133364677,-0.0912286863,-0.0154047646,9.81265163,-1.27822468e-05,0.0015696669,-0.00184450613,-0.133205622,-0.000254631042,1
898,9.169996,0,0,0,0,-0.0288508143,-0.114756644,-0.000779241615,-0.133364677,-0.117573902,0.0229155496,9.85336685,-1.27822468e-05,0.00263493136,-0.000779241615,-0.133201599,-0.000254631042,1
899,9.179982,0,0,0,0,-0.0312245656,-0.114438176,-0.00184450613,-0.133364677,-0.0720685273,0.0205205306,9.78870106,0.00105248217,-0.00269139092,-0.000779241615,-0.133210778,-0.000254631042,1
900,9.189980,0,0,0,0,0.0199275557,-0.0753877237,0.00135128724,-0.133364677,-0.084043622,0.0109404512,9.76475143,-0.00214331108,-0.000560861954,-0.00184450613,-0.133211002,-0.000254631042,1
901,9.199977,0,0,0,0,-0.00971629843,-0.134239092,0.000286022841,-0.133364677,-0.084043622,-0.00821970589,9.81504631,0.00105248217,0.00370019581,0.00348181627,-0.133218318,-0.000254631042,1
902,9.209986,0,0,0,0,-0.0157081932,-0.106853954,0.000286022841,-0.133364677,-0.0888336599,-0.0106147248,9.82223129,0.00105248217,0.00263493136,-0.000779241615,-0.133204207,-0.000254631042,1
903,9.219982,0,0,0,0,0.0371512845,-0.10911268,-0.00184450613,-0.133364677,-0.103203781,-0.0201948043,9.81744194,-1.27822468e-05,0.000504402502,-0.000779241615,-0.133208945,-0.000254631042,1
904,9.229979,0,0,0,0,-0.00748704514,-0.11762283,-0.000779241615,-0.133364677,-0.117573902,-0.00821970589,9.86773682,-1.27822468e-05,-0.00269139092,0.00135128724,-0.133211955,-0.000254631042,1
905,9.239976,0,0,0,0,0.0345404819,-0.111142702,0.000286022841,-0.132632256,-0.1055988,-0.0489350408,9.8749218,0.00211774674,-0.000560861954,0.000286022841,-0.133213177,-0.000254631042,1
906,9.249985,0,0,0,0,-0.0420575626,-0.0695122108,0.000286022841,-0.132632256,-0.0744635463,0.032495629,9.75277615,-1.27822468e-05,-0.000560861954,0.000286022841,-0.133210823,-0.000254631042,1
907,9.259986,0,0,0,0,-0.0538621955,-0.121067002,-0.000779241615,-0.133364677,-0.127153978,0.0372856669,9.7623558,0.00211774674,-0.000560861954,-0.000779241615,-0.133218095,-0.000254631042,1
908,9.280000,0,0,0,0,-0.019789299,-0.0652263165,0.00241655181,-0.133364677,-0.0672784895,0.0109404512,9.77193642,0.00105248217,0.0015696669,0.00241655181,-0.133224145,-0.000254631042,1
909,9.289986,0,0,0,0,-0.0217295568,-0.115712039,0.00135128724,-0.133364677,-0.117573902,0.00615041237,9.77193642,-1.27822468e-05,-0.000560861954,0.00135128724,-0.133238524,-0.000254631042,1
910,9.299999,0,0,0,0,-0.00522832107,-0.0647633523,0.00241655181,-0.133364677,-0.0648834705,-0.00342966616,9.83899689,-0.00214331108,0.000504402502,0.00241655181,-0.133220732,-0.000254631042,1
911,9.310003,0,0,0,0,0.0169168748,-0.0798167586,-0.00184450613,-0.133364677,-0.0768585652,-0.027379863,9.79588604,0.00211774674,-0.00269139092,-0.00184450613,-0.13321887,-0.000254631042,1
912,9.319976,0,0,0,0,-0.00146568031,-0.108764745,0.000286022841,-0.133364677,-0.107993819,-0.0130097447,9.80546665,-1.27822468e-05,-0.000560861954,0.000286022841,-0.133221656,-0.000254631042,1
913,9.329986,0,0,0,0,0.000589607051,-0.11145696,0.00454708049,-0.133364677,-0.110388838,-0.0154047646,9.76475143,0.00211774674,0.0015696669,0.00454708049,-0.133221626,-0.000254631042,1
914,9.339996,0,0,0,0,0.0330112427,-0.13997145,0.00135128724,-0.133364677,-0.134339035,-0.0513300598,9.82223129,-1.27822468e-05,-0.00162612647,0.00135128724,-0.133221507,-0.000254631042,1
915,9.350006,0,0,0,0,-0.00635768333,-0.0911930874,-0.000779241615,-0.133364677,-0.0912286863,-0.00582468603,9.82462692,-1.27822468e-05,-0.000560861954,-0.000779241615,-0.133215353,-0.000254631042,1
916,9.359981,0,0,0,0,-0.00730365422,-0.0983150452,0.00241655181,-0.133268833,-0.0984137431,-0.00582468603,9.85097218,-0.00107804674,0.00263493136,0.00241655181,-0.133213148,-0.000254631042,1
917,9.370005,0,0,0,0,-0.0476319641,-0.0566617958,-0.000779241615,-0.133268833,-0.0624884479,0.0396806858,9.79828167,-1.27822468e-05,-0.00162612647,-0.000779241615,-0.133222133,-0.000254631042,1
918,9.379979,0,0,0,0,0.00426668767,-0.0660372153,0.000286022841,-0.133364677,-0.0648834705,-0.0130097447,9.81504631,0.00105248217,0.000504402502,0.000286022841,-0.133226767,-0.000254631042,1
919,9.390005,0,0,0,0,-0.0302691702,-0.107316919,0.00241655181,-0.133364677,-0.110388838,0.0157304909,9.83420658,-1.27822468e-05,0.0015696669,0.00241655181,-0.133224234,-0.000254631042,1
920,9.399979,0,0,0,0,-0.00352096767,-0.10607253,-0.000779241615,-0.133364677,-0.1055988,-0.0106147248,9.79828167,-0.00107804674,-0.00162612647,-0.000779241615,-0.1332324,-0.000254631042,1
921,9.409999,0,0,0,0,0.00678493734,-0.0832904056,-0.000779241615,-0.133364677,-0.0816486031,-0.0177997835,9.79828167,-0.00107804674,-0.000560861954,-0.000779241615,-0.133239895,-0.000254631042,1
922,9.419986,0,0,0,0,-0.0339167826,-0.116493464,0.000286022841,-0.133364677,-0.119968921,0.0181255098,9.83899689,-1.27822468e-05,-0.00269139092,0.000286022841,-0.1332452,-0.000254631042,1
923,9.430003,0,0,0,0,0.0124878362,-0.0768060759,0.00135128724,-0.133364677,-0.0744635463,-0.0225898232,9.77672672,0.00105248217,0.00263493136,0.00135128724,-0.133245096,-0.000254631042,1
924,9.439979,0,0,0,0,-0.0248847362,-0.103206344,0.000286022841,-0.133364677,-0.1055988,0.0109404512,9.81983662,-0.00214331108,0.0015696669,0.000286022841,-0.133241355,-0.000254631042,1
925,9.450006,0,0,0,0,0.0105770472,-0.0910485834,-0.000779241615,-0.133364677,-0.0888336599,-0.0225898232,9.7623558,0.00105248217,-0.00162612647,-0.000779241615,-0.133237526,-0.000254631042,1
926,9.459980,0,0,0,0,0.0135877281,-0.0866195485,-0.00290977047,-0.133364677,-0.084043622,-0.0249848422,9.78870106,-1.27822468e-05,0.000504402502,-0.00290977047,-0.133235902,-0.000254631042,1
927,9.469999,0,0,0,0,0.0226008091,-0.109573476,-0.00290977047,-0.133268833,-0.1055988,-0.0369599424,9.82223129,0.00105248217,-0.000560861954,-0.00290977047,-0.133245707,-0.000254631042,1
928,9.479985,0,0,0,0,0.0521114767,-0.0699946061,0.00241655181,-0.132632256,-0.0624884479,-0.0609101392,9.83899689,-1.27822468e-05,-0.00269139092,0.00241655181,-0.133252099,-0.000254631042,1
929,9.490001,0,0,0,0,0.0259947218,-0.102753848,-0.000779241615,-0.132632256,-0.0984137431,-0.0393549614,9.8318119,-1.27822468e-05,-0.00162612647,-0.000779241615,-0.133251205,-0.000254631042,1
930,9.499977,0,0,0,0,-0.019113915,-0.132979274,0.000286022841,-0.132632256,-0.134339035,0.00136037311,9.82223129,0.00105248217,0.0015696669,0.000286022841,-0.133245364,-0.000254631042,1
931,9.509984,0,0,0,0,-0.033662308,-0.0972128958,0.000286022841,-0.132536411,-0.100808762,0.0205205306,9.82223129,-1.27822468e-05,0.000504402502,0.000286022841,-0.133240923,-0.000254631042,1
932,9.519980,0,0,0,0,-0.0527623035,-0.130880475,0.00135128724,-0.133364677,-0.136734053,0.034890648,9.77672672,-0.00107804674,0.000504402502,0.00135128724,-0.133239046,-0.000254631042,1
933,9.529977,0,0,0,0,-0.016808087,-0.0970404893,0.000286022841,-0.133364677,-0.0984137431,0.00375539274,9.77672672,-0.00107804674,0.00263493136,0.000286022841,-0.133235246,-0.000254631042,1
934,9.539976,0,0,0,0,-0.00153999473,-0.0555879511,0.000286022841,-0.132632256,-0.0553033873,-0.00582468603,9.82941628,0.00211774674,-0.00269139092,0.000286022841,-0.133239642,-0.000254631042,1
935,9.549985,0,0,0,0,-0.0541511923,-0.0871975422,0.000286022841,-0.133364677,-0.0936237052,0.0420757085,9.75996113,-1.27822468e-05,0.000504402502,0.000286022841,-0.133238718,-0.000254631042,1
936,9.559982,0,0,0,0,-0.0429488271,-0.129780576,-0.000779241615,-0.133364677,-0.134339035,0.0253105685,9.84857655,-1.27822468e-05,0.00370019581,-0.000779241615,-0.13325271,-0.000254631042,1
937,9.569980,-0.00221497891,0,0,0,-0.00415789755,-0.110820033,-0.00504029961,-0.133364677,-0.110388838,-0.0106147248,9.84618187,0.00105248217,-0.00375665538,-0.00504029961,-0.133254483,-0.000254631042,1
938,9.579977,0,0,0,0,0.0100846142,-0.112730823,0.000286022841,-0.133364677,-0.110388838,-0.0249848422,9.84618187,-0.00107804674,-0.00269139092,0.000286022841,-0.133261397,-0.000254631042,1
939,9.590001,0,0,0,0,-0.025173733,-0.109198235,-0.000779241615,-0.133364677,-0.115178876,0.0372856669,9.87252712,-0.00214331108,0.00263493136,-0.000779241615,-0.13326107,-0.000254631042,1
940,9.599985,0,0,0,0,-0.0106716929,-0.141360343,0.00348181627,-0.133364677,-0.0600934289,-0.0201948043,9.81025696,0.00105248217,0.000504402502,0.00241655181,-0.133260682,-0.000254631042,1
941,9.609997,0,0,0,0,-0.0160266589,-0.109227709,-0.00184450613,-0.133364677,-0.129548997,-0.0201948043,9.81744194,0.00105248217,0.0015696669,-0.000779241615,-0.133257061,-0.000254631042,1
942,9.619983,0,0,0,0,-0.0058719134,-0.069510296,-0.000779241615,-0.133460522,-0.103203781,-0.0201948043,9.80067635,0.00211774674,0.0015696669,0.00135128724,-0.133262932,-0.000254631042,1
943,9.629998,0,0,0,0,-0.0288508143,-0.114756644,0.000286022841,-0.133364677,-0.0960187241,0.0205205306,9.80786133,-1.27822468e-05,0.0015696669,0.000286022841,-0.133259177,-0.000254631042,1
944,9.639984,0,0,0,0,-0.00795000698,-0.103061847,0.000286022841,-0.133364677,-0.0888336599,-0.0585151166,9.84139156,0.00105248217,0.000504402502,-0.000779241615,-0.133265749,-0.000254631042,1
945,9.649998,0,0,0,0,-0.0383237563,-0.0772358924,-0.000779241615,-0.133460522,-0.107993819,-0.0106147248,9.77672672,-0.00214331108,-0.000560861954,0.000286022841,-0.133267924,-0.000254631042,1
946,9.659984,0,0,0,0,-0.0343797468,-0.101932488,0.00241655181,-0.133364677,-0.0984137431,0.032495629,9.7623558,0.00211774674,0.000504402502,-0.000779241615,-0.133266926,-0.000254631042,1
947,9.670000,0,0,0,0,0.041117359,-0.0975623876,0.00135128724,-0.133364677,-0.0936237052,-0.00821970589,9.82941628,-1.27822468e-05,0.000504402502,0.000286022841,-0.133267388,-0.000254631042,1
948,9.679975,0,0,0,0,0.00438171579,-0.119215153,-0.00290977047,-0.133364677,-0.12236394,0.0181255098,9.79109669,-1.27822468e-05,-0.00269139092,-0.000779241615,-0.133275658,-0.000254631042,1
949,9.690001,0,0,0,0,-0.0225920547,-0.0866066515,-0.000779241615,-0.132632256,-0.0576984063,0.0109404512,9.75038147,0.00211774674,-0.00269139092,-0.00184450613,-0.133280739,-0.000254631042,1
950,9.699986,0,0,0,0,-0.045611579,-0.0955926552,-0.000779241615,-0.133364677,-0.100808762,0.032495629,9.83660221,0.00105248217,-0.00162612647,-0.00397503516,-0.133292571,-0.000254631042,1
951,9.709982,0,0,0,0,-0.00447636237,-0.11319378,0.000286022841,-0.133364677,-0.112783857,-0.0106147248,9.86534214,0.00105248217,0.00370019581,-0.00184450613,-0.133307934,-0.000254631042,1
952,9.719978,0,0,0,0,-0.0252032019,-0.105580099,-0.000779241615,-0.133364677,-0.107993819,0.0109404512,9.77193642,-0.00107804674,-0.000560861954,-0.000779241615,-0.133317873,-0.000254631042,1
953,9.729976,0,0,0,0,-0.0119160833,-0.11461214,0.00135128724,-0.133364677,-0.115178876,-0.00342966616,9.77433109,-0.00214331108,-0.000560861954,0.00135128724,-0.13332057,-0.000254631042,1
954,9.739983,0,0,0,0,0.00280977064,-0.0948409736,-0.00184450613,-0.133460522,-0.0936237052,-0.0154047646,9.79828167,0.00211774674,-0.00269139092,-0.00184450613,-0.133319899,-0.000254631042,1
955,9.749981,0,0,0,0,-0.00541034527,-0.0840713084,0.000286022841,-0.133460522,-0.084043622,-0.00582468603,9.78630638,0.00105248217,-0.000560861954,0.000286022841,-0.133328661,-0.000254631042,1
956,9.759979,0,0,0,0,-0.02599358,-0.0933903828,0.00241655181,-0.133460522,-0.0960187241,0.013335471,9.81025696,0.00211774674,0.00583072472,0.00241655181,-0.133335292,-0.000254631042,1
957,9.769976,0,0,0,0,-0.0285028778,-0.076139681,-0.00184450613,-0.133364677,-0.0792535841,0.0181255098,9.82223129,0.00105248217,0.0015696669,-0.00184450613,-0.133329004,-0.000254631042,1
958,9.779996,0,0,0,0,-0.00749831833,-0.117622107,0.00135128724,-0.133460522,-0.117573902,-0.00821970589,9.79349136,-0.00107804674,-0.00162612647,0.00135128724,-0.13333869,-0.000254631042,1
959,9.789981,0,0,0,0,0.00277682836,-0.131084174,-0.00184450613,-0.133460522,-0.129548997,-0.0201948043,9.79588604,-1.27822468e-05,0.000504402502,-0.00184450613,-0.133340672,-0.000254631042,1
960,9.799999,0,0,0,0,-0.00653164973,-0.110501565,-0.00184450613,-0.133364677,-0.110388838,-0.00821970589,9.75277615,0.00105248217,-0.00162612647,-0.00184450613,-0.133349374,-0.000254631042,1
961,9.809984,0,0,0,0,-0.0244512446,-0.154010534,-0.00184450613,-0.133364677,-0.15589422,0.00375539274,9.79349136,-0.00107804674,-0.000560861954,-0.00184450613,-0.13335672,-0.000254631042,1
962,9.819980,0,0,0,0,0.0118214376,-0.117796786,0.00135128724,-0.133364677,-0.115178876,-0.027379863,9.81744194,0.00211774674,0.00370019581,0.00135128724,-0.133356869,-0.000254631042,1
963,9.830002,0,0,0,0,-0.0144343339,-0.0973589495,-0.000779241615,-0.133364677,-0.0984137431,0.00136037311,9.85097218,0.00211774674,-0.00162612647,-0.000779241615,-0.133355439,-0.000254631042,1
964,9.839977,0,0,0,0,0.00105256832,-0.126017943,-0.00290977047,-0.133364677,-0.124758959,-0.0177997835,9.85336685,-1.27822468e-05,-0.00269139092,-0.00290977047,-0.133358955,-0.000254631042,1
965,9.849997,0,0,0,0,-0.0620833449,-0.110298134,0.00241655181,-0.133364677,-0.117573902,0.0468657464,9.77193642,-0.00214331108,-0.00162612647,0.00241655181,-0.133357093,-0.000254631042,1
966,9.859983,0,0,0,0,-0.0391040146,-0.0650485978,-0.00184450613,-0.133460522,-0.0696735084,0.0301006082,9.89168739,-1.27822468e-05,0.000504402502,-0.00184450613,-0.133371919,-0.000254631042,1
967,9.870003,0,0,0,0,0.00415230449,-0.121585898,-0.000779241615,-0.132632256,-0.119968921,-0.0201948043,9.80067635,-1.27822468e-05,0.00263493136,-0.000779241615,-0.133371383,-0.000254631042,1
968,9.880000,0,0,0,0,-0.0185449086,-0.0919745192,-0.000779241615,-0.133364677,-0.0936237052,0.00615041237,9.78391171,-0.00107804674,0.00263493136,-0.000779241615,-0.133363366,-0.000254631042,1
969,9.889985,0,0,0,0,-0.00380996359,-0.0722030699,-0.00290977047,-0.133364677,-0.0720685273,-0.00582468603,9.78630638,0.0031830112,0.0015696669,-0.00290977047,-0.133379161,-0.000254631042,1
970,9.899998,0,0,0,0,-0.0253477003,-0.0886453688,-0.000779241615,-0.133364677,-0.0912286863,0.013335471,9.8270216,-1.27822468e-05,-0.00162612647,-0.000779241615,-0.133389592,-0.000254631042,1
971,9.909983,0,0,0,0,0.00154500152,-0.10433571,-0.00184450613,-0.133364677,-0.103203781,-0.0154047646,9.81504631,-1.27822468e-05,-0.00162612647,-0.00184450613,-0.133396387,-0.000254631042,1
972,9.920001,0,0,0,0,0.0302039925,-0.0888488069,0.00135128724,-0.133364677,-0.084043622,-0.0417499803,9.79588604,0.00211774674,-0.000560861954,0.00135128724,-0.133398846,-0.000254631042,1
973,9.929986,0,0,0,0,-0.0498666465,-0.0732734948,-0.00184450613,-0.133364677,-0.0792535841,0.0396806858,9.86534214,-0.00107804674,0.0015696669,-0.00184450613,-0.13340196,-0.000254631042,1
974,9.939996,0,0,0,0,-0.0339167826,-0.116493464,0.000286022841,-0.133364677,-0.119968921,0.0181255098,9.78870106,-1.27822468e-05,0.0015696669,0.000286022841,-0.1334043,-0.000254631042,1
975,9.949981,0,0,0,0,-0.0168375559,-0.13328369,0.000286022841,-0.133364677,-0.134339035,-0.00103464653,9.7623558,0.00105248217,-0.00162612647,0.000286022841,-0.133398339,-0.000254631042,1
976,9.959999,0,0,0,0,-0.0239293426,-0.0960850939,0.00135128724,-0.133364677,-0.0984137431,0.0109404512,9.81744194,-0.00107804674,-0.00269139092,0.00135128724,-0.133394092,-0.000254631042,1
977,9.970001,0,0,0,0,-0.0353056677,-0.0728105307,0.000286022841,-0.133364677,-0.0768585652,0.0253105685,9.80786133,0.00105248217,0.0015696669,0.000286022841,-0.13339363,-0.000254631042,1
978,9.979976,0,0,0,0,-0.0106716929,-0.141360343,-0.000779241615,-0.133364677,-0.141524091,-0.00821970589,9.81025696,-0.00214331108,-0.00269139092,-0.000779241615,-0.133398205,-0.000254631042,1
979,9.990001,0,0,0,0,-1.78536247e-05,-0.0799612552,-0.000779241615,-0.133364677,-0.0792535841,-0.0106147248,9.78870106,0.00105248217,0.00263493136,-0.000779241615,-0.133400962,-0.000254631042,1
980,9.999975,0,0,0,0,0.0186455622,-0.0848845169,-0.000779241615,-0.133460522,-0.0816486031,-0.0297748819,9.78870106,-1.27822468e-05,0.000504402502,-0.000779241615,-0.133406445,-0.000254631042,1
981,10.009998,0,0,0,0,0.0162799452,-0.0845642611,-0.00184450613,-0.133364677,-0.0816486031,-0.027379863,9.81265163,-0.00214331108,-0.000560861954,-0.00184450613,-0.133405074,-0.000254631042,1
982,10.019984,0,0,0,0,-0.032468956,-0.0876899734,0.000286022841,-0.133364677,-0.0912286863,0.0205205306,9.74319553,0.00105248217,0.00263493136,0.000286022841,-0.133414805,-0.000254631042,1
983,10.029981,0,0,0,0,0.0102585815,-0.0934223458,-0.000779241615,-0.133364677,-0.0912286863,-0.0225898232,9.83420658,-1.27822468e-05,0.0015696669,-0.000779241615,-0.133407786,-0.000254631042,1
984,10.039977,0,0,0,0,-0.00161017873,-0.0918300226,0.000286022841,-0.133364677,-0.0600934289,0.0229155496,9.80067635,-0.00214331108,0.0015696669,0.000286022841,-0.133417487,-0.000254631042,1
985,10.049986,0,0,0,0,-0.0408640727,-0.0962295905,0.000286022841,-0.133364677,-0.0744635463,0.00615041237,9.79109669,0.00105248217,0.0015696669,0.00135128724,-0.133416906,-0.000254631042,1
986,10.059982,0,0,0,0,0.0249640569,-0.109894112,0.00241655181,-0.133364677,-0.124758959,-0.00103464653,9.74798584,0.00105248217,0.000504402502,0.000286022841,-0.133419812,-0.000254631042,1
987,10.069980,0,0,0,0,-0.0487962253,-0.119330183,-0.000779241615,-0.133364677,-0.0816486031,-0.00342966616,9.80546665,-1.27822468e-05,-0.000560861954,-0.00184450613,-0.13342233,-0.000254631042,1
988,10.079977,0,0,0,0,-0.0184004102,-0.108909242,0.00135128724,-0.133364677,-0.0433282889,0.00136037311,9.81025696,-1.27822468e-05,-0.000560861954,-0.00184450613,-0.133423015,-0.000254631042,1
989,10.089985,0,0,0,0,-0.0331353545,-0.128680691,0.000286022841,-0.133364677,-0.134339035,0.0205205306,9.80786133,0.00105248217,-0.000560861954,-0.00290977047,-0.133430123,-0.000254631042,1
990,10.099982,0,0,0,0,0.00831832364,-0.143908069,-0.000779241615,-0.133364677,-0.0792535841,-0.0154047646,9.81025696,0.00211774674,0.0015696669,-0.000779241615,-0.133435756,-0.000254631042,1
991,10.119998,0,0,0,0,0.00852176081,-0.0883563682,0.000286022841,-0.133364677,-0.0792535841,0.00375539274,9.7791214,0.00105248217,0.0015696669,-0.00184450613,-0.133436278,-0.000254631042,1
992,10.129983,0,0,0,0,-0.0245957412,-0.137075797,-0.000779241615,-0.133364677,-0.0696735084,-0.0201948043,9.79828167,0.00211774674,-0.00162612647,-0.000779241615,-0.133436829,-0.000254631042,1
993,10.140004,0,0,0,0,-0.00352096767,-0.10607253,-0.000779241615,-0.133364677,-0.1055988,-0.0106147248,9.82941628,0.00211774674,-0.00162612647,0.000286022841,-0.13344264,-0.000254631042,1
994,10.149977,0,0,0,0,0.021880202,-0.0973724276,0.00241655181,-0.132632256,-0.0936237052,-0.0345649198,9.78870106,-0.00214331108,0.00263493136,0.00135128724,-0.133431673,-0.000254631042,1
995,10.160001,0,0,0,0,0.0161059778,-0.103872746,0.00135128724,-0.133364677,-0.100808762,-0.0297748819,9.85576153,-0.00107804674,-0.00162612647,-0.000779241615,-0.133426726,-0.000254631042,1
996,10.169976,0,0,0,0,-0.00525779044,-0.10100656,-0.00184450613,-0.133364677,-0.100808762,-0.00821970589,9.79349136,-0.00107804674,0.00263493136,-0.00184450613,-0.133435994,-0.000254631042,1
997,10.180004,0,0,0,0,-0.0312245656,-0.114438176,0.000286022841,-0.133364677,-0.117573902,0.0157304909,9.81025696,-1.27822468e-05,0.000504402502,0.000286022841,-0.133439913,-0.000254631042,1
998,10.189978,0,0,0,0,-0.0858311281,-0.107105263,0.00135128724,-0.133460522,-0.117573902,0.0708159432,9.78870106,-1.27822468e-05,0.000504402502,0.00135128724,-0.133426249,-0.000254631042,1
999,10.200001,0,0,0,0,0.00582954288,-0.0904116556,0.00348181627,-0.133364677,-0.0888336599,-0.0177997835,9.79349136,-1.27822468e-05,0.00476546027,0.00348181627,-0.133417636,-0.000254631042,1
1000,10.210032,0,0,0,0,-0.0237848442,-0.113019817,0.000286022841,-0.133364677,-0.115178876,0.00854543224,9.79828167,0.00105248217,0.000504402502,0.000286022841,-0.133415461,-0.000254631042,1
1001,10.219982,0,0,0,0,0.000260231813,-0.113830738,0.00348181627,-0.133460522,-0.112783857,-0.0154047646,9.89887238,-0.00107804674,-0.000560861954,0.00348181627,-0.13340117,-0.000254631042,1
1002,10.229979,0,0,0,0,-0.0145865399,-0.0804228187,-0.000779241615,-0.133460522,-0.0816486031,0.00375539274,9.75517082,0.00105248217,-0.000560861954,-0.000779241615,-0.133403599,-0.000254631042,1
1003,10.239976,0,0,0,0,-0.0352762006,-0.0365673192,0.000286022841,-0.133364677,-0.04093327,0.0301006082,9.80067635,-1.27822468e-05,0.000504402502,0.000286022841,-0.133386523,-0.000254631042,1
1004,10.249983,0,0,0,0,-0.0530218296,-0.0607678071,0.00135128724,-0.133364677,-0.0672784895,0.0444707274,9.77433109,-1.27822468e-05,0.000504402502,0.00135128724,-0.133394152,-0.000254631042,1
1005,10.259981,0,0,0,0,0.00788483024,-0.0931038782,0.00241655181,-0.133364677,-0.0912286863,-0.0201948043,9.77433109,0.00105248217,-0.00375665538,0.00241655181,-0.133382201,-0.000254631042,1
1006,10.269978,0,0,0,0,-0.0209603887,-0.127897248,-0.000779241615,-0.133460522,-0.129548997,0.00375539274,9.85336685,-1.27822468e-05,0.000504402502,-0.000779241615,-0.13337484,-0.000254631042,1
1007,10.279985,0,0,0,0,-0.0217295568,-0.115712039,0.000286022841,-0.133364677,-0.117573902,0.00615041237,9.78630638,-0.00107804674,0.00263493136,0.000286022841,-0.133384779,-0.000254631042,1
1008,10.289981,0,0,0,0,-0.0618746579,-0.0547523722,-0.000779241615,-0.133268833,-0.0624884479,0.0540508032,9.74798584,-1.27822468e-05,-0.00162612647,-0.000779241615,-0.133388817,-0.000254631042,1
1009,10.300011,0,0,0,0,-0.00771469437,-0.0837590396,0.000286022841,-0.132632256,-0.084043622,-0.00342966616,9.77672672,-1.27822468e-05,-0.00162612647,0.000286022841,-0.133401394,-0.000254631042,1
1010,10.309999,0,0,0,0,-0.00858693663,-0.10780935,0.000286022841,-0.133364677,-0.107993819,-0.00582468603,9.78151608,0.0031830112,0.000504402502,0.000286022841,-0.133397996,-0.000254631042,1
1011,10.319980,0,0,0,0,-0.00271007069,-0.0820165426,0.00135128724,-0.133364677,-0.0816486031,-0.00821970589,9.77433109,0.00211774674,-0.00162612647,0.00135128724,-0.133399397,-0.000254631042,1
1012,10.329999,0,0,0,0,-0.00412842818,-0.0745768249,-0.00184450613,-0.133364677,-0.0744635463,-0.00582468603,9.81744194,-1.27822468e-05,-0.000560861954,-0.00184450613,-0.133403793,-0.000254631042,1
1013,10.339999,0,0,0,0,0.0404804312,-0.10230989,-0.000779241615,-0.133364677,-0.0960187241,-0.0537250787,9.83660221,-1.27822468e-05,0.0015696669,-0.000779241615,-0.13341175,-0.000254631042,1
1014,10.350017,0,0,0,0,0.0201372206,-0.0560664311,-0.00184450613,-0.1327281,-0.0529083684,-0.027379863,9.80067635,-1.27822468e-05,-0.000560861954,-0.00184450613,-0.133422762,-0.000254631042,1
1015,10.360005,0,0,0,0,-0.042609632,-0.0911595374,-0.00184450613,-0.133460522,-0.0960187241,0.0301006082,9.79828167,-0.00107804674,-0.00269139092,-0.00184450613,-0.133425564,-0.000254631042,1
1016,10.370006,0,0,0,0,0.0190016311,-0.0462657623,-0.000779241615,-0.133364677,-0.0433282889,-0.0249848422,9.80067635,-1.27822468e-05,0.000504402502,-0.000779241615,-0.133441225,-0.000254631042,1
1017,10.379981,0,0,0,0,-0.00887593254,-0.0739398971,0.00241655181,-0.133364677,-0.0744635463,-0.00103464653,9.80067635,0.0031830112,0.0015696669,0.00241655181,-0.133436576,-0.000254631042,1
1018,10.389996,0,0,0,0,-0.00795988552,-0.103061087,0.000286022841,-0.133460522,-0.103203781,-0.00582468603,9.83660221,0.00105248217,-0.00162612647,0.000286022841,-0.1334261,-0.000254631042,1
1019,10.399982,0,0,0,0,-0.0231582914,-0.108270094,0.000286022841,-0.133460522,-0.110388838,0.00854543224,9.78391171,-0.00107804674,0.0015696669,0.000286022841,-0.133421123,-0.000254631042,1
1020,10.410005,0,0,0,0,-0.0448301472,-0.107779883,-0.000779241615,-0.133364677,-0.112783857,0.0301006082,9.80546665,-1.27822468e-05,0.000504402502,-0.000779241615,-0.133424371,-0.000254631042,1
1021,10.419997,0,0,0,0,-0.0261585955,-0.112701349,0.00135128724,-0.133364677,-0.115178876,0.0109404512,9.78151608,-1.27822468e-05,-0.00162612647,0.00135128724,-0.133417666,-0.000254631042,1
1022,10.429983,0,0,0,0,-0.0343895145,-0.101929188,0.00135128724,-0.133460522,-0.1055988,0.0205205306,9.77193642,0.00105248217,-0.00162612647,0.00135128724,-0.133416951,-0.000254631042,1
1023,10.440007,0,0,0,0,-0.00289375032,-0.101324752,0.000286022841,-0.133460522,-0.100808762,-0.0106147248,9.77672672,0.00105248217,0.0015696669,0.000286022841,-0.133418977,-0.000254631042,1
1024,10.449982,0,0,0,0,0.0170613714,-0.0967514887,-0.00184450613,-0.133364677,-0.0936237052,-0.0297748819,9.81265163,-0.00107804674,0.0015696669,-0.00184450613,-0.133417428,-0.000254631042,1
1025,10.460000,0,0,0,0,-0.0227999799,-0.0696553513,0.000286022841,-0.133364677,-0.0720685273,0.013335471,9.8270216,-0.00107804674,-0.00269139092,0.000286022841,-0.133426726,-0.000254631042,1
1026,10.469986,0,0,0,0,-0.0445217825,-0.105401859,0.00135128724,-0.133460522,-0.110388838,0.0301006082,9.83899689,0.00211774674,-0.000560861954,0.00135128724,-0.133414909,-0.000254631042,1
1027,10.479998,0,0,0,0,-0.0241143703,-0.115391262,0.00135128724,-0.133460522,-0.117573902,0.00854543224,9.81265163,0.00211774674,0.000504402502,0.00135128724,-0.133415073,-0.000254631042,1
1028,10.489983,0,0,0,0,-0.0338950045,-0.0802469999,0.000286022841,-0.133460522,-0.084043622,0.0229155496,9.81025696,0.00105248217,0.000504402502,0.000286022841,-0.133415237,-0.000254631042,1
1029,10.500015,0,0,0,0,0.0196090918,-0.0777614713,-0.00290977047,-0.133364677,-0.0744635463,-0.0297748819,9.77193642,-1.27822468e-05,-0.00375665538,-0.00290977047,-0.133416831,-0.000254631042,1
1030,10.510001,0,0,0,0,-0.0206296649,-0.125525504,-0.000779241615,-0.133364677,-0.127153978,0.00375539274,9.81265163,-0.00214331108,0.000504402502,-0.000779241615,-0.13341926,-0.000254631042,1
1031,10.519975,0,0,0,0,0.00313732564,-0.0924669504,-0.00290977047,-0.133364677,-0.0912286863,-0.00103464653,9.7623558,-1.27822468e-05,-0.00162612647,-0.00184450613,-0.133426711,-0.000254631042,1
1032,10.530003,0,0,0,0,-0.0224879626,-0.0672794431,-0.000779241615,-0.133460522,-0.158289239,0.0229155496,9.80546665,0.00211774674,0.00263493136,0.000286022841,-0.133430138,-0.000254631042,1
1033,10.539978,0,0,0,0,0.00411748327,-0.0491028763,0.000286022841,-0.133460522,-0.117573902,-0.00821970589,9.77433109,-1.27822468e-05,0.0015696669,-0.000779241615,-0.133424908,-0.000254631042,1
1034,10.550005,0,0,0,0,0.016414715,-0.101500571,-0.000779241615,-0.133460522,-0.110388838,0.0396806858,9.8318119,-0.00107804674,0.00263493136,-0.000779241615,-0.133432135,-0.000254631042,1
1035,10.559980,0,0,0,0,-0.0790180713,-0.110442631,-0.00184450613,-0.133364677,-0.0960187241,0.0157304909,9.79349136,-1.27822468e-05,-0.000560861954,0.000286022841,-0.133433014,-0.000254631042,1
1036,10.569977,0,0,0,0,-0.0309168417,-0.112061456,0.00135128724,-0.133460522,-0.0576984063,0.0157304909,9.87252712,0.00105248217,-0.000560861954,0.000286022841,-0.133430317,-0.000254631042,1
1037,10.579984,0,0,0,0,-0.0473570749,-0.0905221477,0.000286022841,-0.133460522,-0.0888336599,0.00854543224,9.81983662,0.00105248217,-0.00269139092,0.000286022841,-0.133422524,-0.000254631042,1
1038,10.589980,0,0,0,0,-0.0164657515,-0.0584219433,-0.00184450613,-0.133460522,-0.0912286863,-0.00582468603,9.80307102,-1.27822468e-05,0.000504402502,-0.00184450613,-0.133425415,-0.000254631042,1
1039,10.599978,0,0,0,0,-0.0248946287,-0.10320396,0.00135128724,-0.133460522,-0.1055988,-0.0106147248,9.82941628,0.00211774674,0.000504402502,0.00135128724,-0.133427277,-0.000254631042,1
1040,10.609986,0,0,0,0,-0.0443130247,-0.0498501882,-0.00184450613,-0.133460522,-0.0553033873,0.0372856669,9.75517082,0.00211774674,-0.00162612647,0.000286022841,-0.133434907,-0.000254631042,1
1041,10.619982,0,0,0,0,-0.0255320128,-0.107951403,0.00135128724,-0.133460522,-0.110388838,0.0109404512,9.81265163,0.00105248217,0.000504402502,0.000286022841,-0.13343145,-0.000254631042,1
1042,10.629979,0,0,0,0,0.0216566678,-0.0804557651,0.000286022841,-0.133460522,-0.0768585652,-0.0321699008,9.79349136,0.00105248217,0.000504402502,-0.00184450613,-0.13342616,-0.000254631042,1
1043,10.639997,0,0,0,0,-0.00544328988,-0.120314524,-0.000779241615,-0.133460522,-0.119968921,-0.0106147248,9.80786133,-1.27822468e-05,-0.00162612647,-0.000779241615,-0.133445799,-0.000254631042,1
1044,10.649983,0,0,0,0,-0.0111138672,-0.0905550942,0.000286022841,-0.133460522,-0.0912286863,-0.00103464653,9.8270216,-0.00107804674,-0.00269139092,0.000286022841,-0.133445844,-0.000254631042,1
1045,10.659999,0,0,0,0,0.00660113757,-0.102599517,0.000286022841,-0.133460522,-0.100808762,-0.0201948043,9.73601055,-1.27822468e-05,-0.000560861954,0.000286022841,-0.133436874,-0.000254631042,1
1046,10.669985,0,0,0,0,-0.0443789139,-0.122336604,0.00135128724,-0.133460522,-0.127153978,0.0277055893,9.87252712,0.00105248217,0.00263493136,0.00135128724,-0.133440331,-0.000254631042,1
1047,10.680001,0,0,0,0,-0.0244001169,-0.0815217718,0.00241655181,-0.133460522,-0.084043622,0.013335471,9.81025696,-1.27822468e-05,-0.000560861954,0.00241655181,-0.133431271,-0.000254631042,1
1048,10.689976,0,0,0,0,-0.0104435384,-0.0495644435,0.00135128724,-0.133460522,-0.0505133495,0.00375539274,9.78151608,0.00105248217,0.0015696669,0.00135128724,-0.133431435,-0.000254631042,1
1049,10.700002,0,0,0,0,-0.00746537512,-0.0813788995,-0.000779241615,-0.133460522,-0.0816486031,-0.00342966616,9.67613506,0.00105248217,0.0015696669,-0.000779241615,-0.13342233,-0.000254631042,1
1050,10.709986,0,0,0,0,-0.0296091288,-0.0663233697,0.000286022841,-0.133460522,-0.0696735084,0.0205205306,9.81744194,-0.00107804674,-0.000560861954,0.000286022841,-0.133418262,-0.000254631042,1
1051,10.720005,0,0,0,0,-0.00686093234,-0.112874664,0.000286022841,-0.133460522,-0.112783857,-0.00821970589,9.82223129,-1.27822468e-05,0.000504402502,0.000286022841,-0.133423477,-0.000254631042,1
1052,10.730003,0,0,0,0,-0.0141249727,-0.0949838459,-0.000779241615,-0.133460522,-0.0960187241,0.00136037311,9.82941628,0.00105248217,-0.00375665538,-0.000779241615,-0.13342756,-0.000254631042,1
1053,10.739978,0,0,0,0,0.010073809,-0.112731785,-0.000779241615,-0.133460522,-0.110388838,-0.0249848422,9.79109669,-0.00107804674,-0.00269139092,-0.000779241615,-0.133432806,-0.000254631042,1
1054,10.749975,0,0,0,0,-0.0429612659,-0.129776463,-0.00184450613,-0.133460522,-0.134339035,0.0253105685,9.81744194,-1.27822468e-05,-0.000560861954,-0.00184450613,-0.133436128,-0.000254631042,1
1055,10.759984,0,0,0,0,-0.00799282826,-0.139304295,0.000286022841,-0.133460522,-0.139129072,-0.0106147248,9.83899689,0.00105248217,0.0015696669,0.000286022841,-0.133430645,-0.000254631042,1
1056,10.769981,0,0,0,0,-0.0301036388,-0.0880055577,0.000286022841,-0.133460522,-0.0912286863,0.0181255098,9.85815716,-0.00107804674,0.000504402502,0.000286022841,-0.13343589,-0.000254631042,1
1057,10.779979,0,0,0,0,-0.0417964309,-0.0671036243,-0.000779241615,-0.133460522,-0.0720685273,0.032495629,9.76714611,0.00105248217,-0.00269139092,-0.000779241615,-0.13344112,-0.000254631042,1
1058,10.789986,0,0,0,0,-0.0305981487,-0.109687738,0.00135128724,-0.133460522,-0.112783857,0.0157304909,9.7623558,0.00105248217,-0.00269139092,0.00135128724,-0.13343066,-0.000254631042,1
1059,10.799983,0,0,0,0,-0.017464526,-0.101784639,0.000286022841,-0.133556366,-0.103203781,0.00375539274,9.79109669,0.00211774674,0.0015696669,0.000286022841,-0.133434042,-0.000254631042,1
1060,10.809980,0,0,0,0,-0.00764119253,-0.100687362,-0.000779241615,-0.133460522,-0.100808762,-0.00582468603,9.81025696,0.0031830112,-0.00269139092,-0.000779241615,-0.133434191,-0.000254631042,1
1061,10.819978,0,0,0,0,-0.0217406489,-0.115709953,-0.000779241615,-0.133460522,-0.117573902,0.00615041237,9.85576153,-0.00107804674,-0.000560861954,-0.000779241615,-0.133439332,-0.000254631042,1
1062,10.840001,0,0,0,0,-0.0438844003,-0.100654416,-0.00184450613,-0.133460522,-0.1055988,0.0301006082,9.84857655,0.00105248217,0.000504402502,-0.00184450613,-0.133432761,-0.000254631042,1
1063,10.849975,0,0,0,0,-0.0179163385,-0.0872252882,-0.00184450613,-0.133460522,-0.0888336599,0.00615041237,9.80307102,-1.27822468e-05,0.000504402502,-0.00184450613,-0.133443251,-0.000254631042,1
1064,10.860003,0,0,0,0,-0.0205758084,-0.0530371144,-0.000779241615,-0.133460522,-0.0553033873,0.013335471,9.81025696,0.00105248217,0.000504402502,-0.000779241615,-0.133448392,-0.000254631042,1
1065,10.869977,0,0,0,0,0.00475486834,-0.0443554297,-0.000779241615,-0.133460522,-0.0433282889,-0.0106147248,9.82941628,-0.00107804674,-0.000560861954,-0.000779241615,-0.133452073,-0.000254631042,1
1066,10.879999,0,0,0,0,-0.0297849458,-0.085631825,0.00135128724,-0.133460522,-0.0888336599,0.0181255098,9.76475143,0.00105248217,0.000504402502,0.00135128724,-0.133457184,-0.000254631042,1
1067,10.889984,0,0,0,0,-0.0432140715,-0.0596637726,-0.00184450613,-0.133460522,-0.0648834705,0.034890648,9.81744194,0.00105248217,-0.000560861954,-0.00184450613,-0.133464023,-0.000254631042,1
1068,10.900003,0,0,0,0,-0.051785823,-0.0875110477,-0.00290977047,-0.133460522,-0.0936237052,0.0396806858,9.79588604,-1.27822468e-05,-0.00162612647,-0.00290977047,-0.133472636,-0.000254631042,1
1069,10.910084,0,0,0,0,-0.0171360783,-0.0994125977,-0.00184450613,-0.133460522,-0.100808762,0.00375539274,9.77672672,0.00105248217,0.000504402502,-0.00184450613,-0.133481219,-0.000254631042,1
1070,10.919980,0,0,0,0,-0.0193339828,-0.0797854364,-0.000779241615,-0.133460522,-0.0816486031,0.00854543224,9.74559116,0.00105248217,-0.00269139092,-0.000779241615,-0.133486167,-0.000254631042,1
1071,10.930006,0,0,0,0,0.000611866417,-0.0752138123,0.000286022841,-0.133460522,-0.0744635463,-0.0106147248,9.84618187,0.00105248217,-0.000560861954,0.000286022841,-0.13350001,-0.000254631042,1
1072,10.939981,0,0,0,0,-0.030565206,-0.0734445304,-0.00184450613,-0.133460522,-0.0768585652,0.0205205306,9.7623558,0.00105248217,0.000504402502,-0.00184450613,-0.133504823,-0.000254631042,1
1073,10.950006,0,0,0,0,-0.0398072861,-0.142282456,0.000286022841,-0.133460522,-0.146314129,0.0205205306,9.8749218,-1.27822468e-05,-0.000560861954,0.000286022841,-0.133504242,-0.000254631042,1
1074,10.959980,0,0,0,0,-0.0418623127,-0.13959004,-0.000779241615,-0.133460522,-0.14391911,0.0229155496,9.81265163,-1.27822468e-05,0.0015696669,-0.000779241615,-0.133505329,-0.000254631042,1
1075,10.970003,0,0,0,0,-0.00399270141,-0.0832581073,-0.00184450613,-0.133460522,-0.086438641,0.0181255098,9.79349136,0.00105248217,-0.00269139092,-0.00184450613,-0.133504555,-0.000254631042,1
1076,10.979977,0,0,0,0,0.0116672711,-0.100863181,-0.00290977047,-0.133460522,-0.0816486031,-0.0201948043,9.80067635,0.00105248217,-0.00269139092,-0.000779241615,-0.133514419,-0.000254631042,1
1077,10.989997,0,0,0,0,-0.043279957,-0.132150188,0.00135128724,-0.133460522,-0.084043622,-0.0130097447,9.82941628,-1.27822468e-05,-0.00269139092,0.00135128724,-0.133520678,-0.000254631042,1
1078,10.999984,0,0,0,0,0.00631538732,-0.0687300339,-0.000779241615,-0.133460522,-0.127153978,0.0372856669,9.80786133,-1.27822468e-05,0.0015696669,-0.00184450613,-0.133519769,-0.000254631042,1
1079,11.010007,0,0,0,0,-0.0452691019,-0.0569713563,0.000286022841,-0.133460522,-0.0696735084,0.00615041237,9.78151608,-1.27822468e-05,0.000504402502,0.00241655181,-0.133527637,-0.000254631042,1
1080,11.020107,0,0,0,0,-0.00604772987,-0.0888187513,0.000286022841,-0.133460522,-0.1055988,-0.0130097447,9.76954079,-1.27822468e-05,0.00263493136,0.000286022841,-0.133523002,-0.000254631042,1
1081,11.029985,0,0,0,0,-0.00353113492,-0.106072187,0.00135128724,-0.133460522,-0.115178876,-0.0154047646,9.8797121,-1.27822468e-05,0.000504402502,0.000286022841,-0.133523628,-0.000254631042,1
1082,11.040003,0,0,0,0,-0.0104682567,-0.0858086497,0.000286022841,-0.133364677,-0.084043622,0.0396806858,9.81504631,-1.27822468e-05,0.000504402502,0.00135128724,-0.133517891,-0.000254631042,1
1083,11.049977,0,0,0,0,0.00773303071,-0.0761698931,0.000286022841,-0.133460522,-0.100808762,0.0229155496,9.80546665,-1.27822468e-05,0.000504402502,-0.000779241615,-0.133508548,-0.000254631042,1
1084,11.060003,0,0,0,0,-0.0169932041,-0.116347343,-0.00504029961,-0.133460522,-0.110388838,-0.00342966616,9.75996113,-1.27822468e-05,-0.00162612647,-0.00397503516,-0.133525118,-0.000254631042,1
1085,11.069977,0,0,0,0,-0.0530512966,-0.0970110148,-0.000779241615,-0.133364677,-0.103203781,0.0396806858,9.81983662,0.00105248217,-0.000560861954,0.000286022841,-0.13353835,-0.000254631042,1
1086,11.080001,0,0,0,0,-0.0468854383,-0.10508766,-0.000779241615,-0.133364677,-0.110388838,0.032495629,9.86055183,-0.00107804674,0.000504402502,0.000286022841,-0.133537292,-0.000254631042,1
1087,11.089986,0,0,0,0,-0.00855746772,-0.0715661421,0.00135128724,-0.133364677,-0.0720685273,-0.00103464653,9.81025696,-1.27822468e-05,0.0015696669,0.00135128724,-0.133532912,-0.000254631042,1
1088,11.099982,0,0,0,0,0.00578793278,-0.12665543,-0.000779241615,-0.133460522,-0.124758959,-0.0225898232,9.76714611,0.00105248217,-0.00162612647,-0.000779241615,-0.133531258,-0.000254631042,1
1089,11.109980,0,0,0,0,-0.0351611711,-0.0897452608,0.000286022841,-0.133364677,-0.0936237052,0.0229155496,9.82223129,0.00105248217,0.00370019581,0.000286022841,-0.133533642,-0.000254631042,1
1090,11.119978,0,0,0,0,-0.0343797468,-0.101932488,0.000286022841,-0.133364677,-0.1055988,0.0205205306,9.75756645,0.00211774674,-0.00269139092,0.000286022841,-0.133528873,-0.000254631042,1
1091,11.129985,0,0,0,0,-0.0139419017,-0.0756767169,0.00241655181,-0.133364677,-0.0768585652,0.00375539274,9.81265163,-1.27822468e-05,0.00263493136,0.00241655181,-0.133515164,-0.000254631042,1
1092,11.139982,0,0,0,0,-0.011465502,-0.129172027,0.00135128724,-0.133460522,-0.129548997,-0.00582468603,9.78391171,0.00211774674,0.000504402502,0.00135128724,-0.133510172,-0.000254631042,1
1093,11.149981,0,0,0,0,-0.0272354055,-0.0666420609,-0.00184450613,-0.133460522,-0.0696735084,0.0181255098,9.75038147,0.0031830112,-0.00375665538,-0.00184450613,-0.133521244,-0.000254631042,1
1094,11.159978,0,0,0,0,-0.033250384,-0.0755027458,0.00135128724,-0.133364677,-0.0792535841,0.0229155496,9.86055183,0.00211774674,-0.000560861954,0.00135128724,-0.133529261,-0.000254631042,1
1095,11.169975,0,0,0,0,-0.0210631583,-0.0747213215,-0.000779241615,-0.133364677,-0.0768585652,0.0109404512,9.79109669,0.00105248217,-0.00269139092,-0.000779241615,-0.133529827,-0.000254631042,1
1096,11.189996,0,0,0,0,-0.063830249,-0.10522604,-0.00184450613,-0.133460522,-0.112783857,0.0492607653,9.84378719,-0.00107804674,-0.000560861954,-0.00184450613,-0.133513525,-0.000254631042,1
1097,11.199982,0,0,0,0,-0.0218740553,-0.0987773091,-0.000779241615,-0.133364677,-0.100808762,0.00854543224,9.75996113,-1.27822468e-05,-0.000560861954,-0.000779241615,-0.133520409,-0.000254631042,1
1098,11.209998,0,0,0,0,-0.016808087,-0.0970404893,-0.000779241615,-0.133364677,-0.0984137431,0.00375539274,9.78870106,-1.27822468e-05,0.0015696669,-0.000779241615,-0.133526325,-0.000254631042,1
1099,11.220000,0,0,0,0,-0.0405750759,-0.130099043,-0.000779241615,-0.133364677,-0.134339035,0.0229155496,9.76475143,0.00105248217,-0.00375665538,-0.000779241615,-0.133526891,-0.000254631042,1
1100,11.229975,0,0,0,0,-0.0057290378,-0.0864450336,0.000286022841,-0.133460522,-0.086438641,-0.00582468603,9.77433109,-0.00107804674,-0.00162612647,0.000286022841,-0.133521944,-0.000254631042,1
1101,11.239996,0,0,0,0,-0.0378292426,-0.055553712,0.000286022841,-0.133460522,-0.0600934289,0.0301006082,9.8318119,0.00211774674,0.00370019581,0.000286022841,-0.133516952,-0.000254631042,1
1102,11.249982,0,0,0,0,-0.0234369095,-0.0744028538,0.000286022841,-0.133364677,-0.0768585652,0.013335471,9.78391171,-1.27822468e-05,-0.00269139092,0.000286022841,-0.13351731,-0.000254631042,1
1103,11.260005,0,0,0,0,-0.0421480648,-0.10572055,0.00135128724,-0.133460522,-0.110388838,0.0277055893,9.81983662,-0.00107804674,0.00370019581,0.00135128724,-0.13351427,-0.000254631042,1
1104,11.269979,0,0,0,0,-0.0218835231,-0.098775208,0.000286022841,-0.133460522,-0.100808762,0.00854543224,9.79109669,0.00105248217,0.0015696669,0.000286022841,-0.133505404,-0.000254631042,1
1105,11.279986,0,0,0,0,-0.0106193563,-0.0688729063,0.00348181627,-0.133460522,-0.0696735084,0.00136037311,9.75277615,-1.27822468e-05,0.0015696669,0.00348181627,-0.133514717,-0.000254631042,1
1106,11.289982,0,0,0,0,-0.0214219559,-0.113336228,-0.000779241615,-0.133460522,-0.115178876,0.00615041237,9.82223129,-1.27822468e-05,-0.00162612647,-0.000779241615,-0.133509785,-0.000254631042,1
1107,11.299979,0,0,0,0,-0.0490934104,-0.0854560137,0.000286022841,-0.133460522,-0.0912286863,0.0372856669,9.8270216,-0.00320857554,0.00263493136,0.000286022841,-0.133503541,-0.000254631042,1
1108,11.309976,0,0,0,0,-0.0359829776,-0.113797799,0.000286022841,-0.133460522,-0.117573902,0.0205205306,9.83420658,-0.00214331108,0.0015696669,0.000286022841,-0.133496821,-0.000254631042,1
1109,11.319984,0,0,0,0,-0.00144316175,-0.072521396,0.00135128724,-0.133460522,-0.0720685273,-0.00821970589,9.80067635,-1.27822468e-05,0.000504402502,0.00135128724,-0.133491889,-0.000254631042,1
1110,11.329982,0,0,0,0,-0.0550826825,-0.0580703095,-0.00184450613,-0.133460522,-0.0648834705,0.0468657464,9.74559116,-1.27822468e-05,0.000504402502,-0.00184450613,-0.133488446,-0.000254631042,1
1111,11.339980,0,0,0,0,-0.0353785343,-0.145293564,0.00135128724,-0.133460522,-0.148709148,0.0157304909,9.75277615,0.00105248217,-0.00162612647,0.00135128724,-0.133493647,-0.000254631042,1
1112,11.349977,0,0,0,0,-0.0327960551,-0.0900605842,0.00241655181,-0.133460522,-0.0936237052,0.0205205306,9.80067635,-1.27822468e-05,0.0015696669,0.00241655181,-0.133479938,-0.000254631042,1
1113,11.360003,0,0,0,0,-0.0269496571,-0.100511543,0.00135128724,-0.133460522,-0.103203781,0.013335471,9.86534214,-1.27822468e-05,0.0015696669,0.00135128724,-0.133482262,-0.000254631042,1
1114,11.369983,0,0,0,0,0.00108203932,-0.0897747278,-0.000779241615,-0.133364677,-0.0888336599,-0.0130097447,9.8270216,0.00424827542,0.000504402502,-0.000779241615,-0.133472145,-0.000254631042,1
1115,11.379981,0,0,0,0,-0.0128714787,-0.121733405,-0.00184450613,-0.133364677,-0.12236394,-0.00342966616,9.82223129,0.00105248217,0.00263493136,-0.00184450613,-0.133476481,-0.000254631042,1
1116,11.389999,0,0,0,0,0.00107343472,-0.0897748321,0.000286022841,-0.133460522,-0.0888336599,-0.0130097447,9.76475143,0.00211774674,0.000504402502,0.000286022841,-0.133478642,-0.000254631042,1
1117,11.399985,0,0,0,0,-0.0169602614,-0.0801041275,-0.000779241615,-0.133460522,-0.0816486031,0.00615041237,9.77193642,0.00105248217,-0.00162612647,-0.000779241615,-0.133467987,-0.000254631042,1
1118,11.409999,0,0,0,0,0.00946936943,-0.0812360272,-0.00290977047,-0.133460522,-0.0792535841,-0.0201948043,9.78630638,-0.00107804674,0.000504402502,-0.00290977047,-0.133481234,-0.000254631042,1
1119,11.419984,0,0,0,0,-0.0307321325,-0.0927559435,0.00135128724,-0.133364677,-0.0960187241,0.0181255098,9.78151608,0.0031830112,0.0015696669,0.00135128724,-0.133490354,-0.000254631042,1
1120,11.430003,0,0,0,0,0.0143396854,-0.135049984,-0.000779241615,-0.133364677,-0.131944016,-0.0321699008,9.79349136,0.00105248217,-0.00162612647,-0.000779241615,-0.133477733,-0.000254631042,1
1121,11.439977,0,0,0,0,0.0246677734,-0.0760270134,0.000286022841,-0.133460522,-0.1055988,-0.027379863,9.83420658,0.00211774674,-0.00162612647,-0.000779241615,-0.133480027,-0.000254631042,1
1122,11.450005,0,0,0,0,-0.0293233804,-0.100192852,-0.000779241615,-0.133460522,-0.0505133495,0.00854543224,9.74319553,-0.00214331108,-0.000560861954,-0.000779241615,-0.133493364,-0.000254631042,1
1123,11.459980,0,0,0,0,-0.00505871046,-0.0454543866,0.000286022841,-0.133460522,-0.0984137431,-0.0417499803,9.81265163,0.00211774674,0.0015696669,0.000286022841,-0.133497804,-0.000254631042,1
1124,11.470004,0,0,0,0,-0.0124085154,-0.13629438,-0.000779241615,-0.133364677,-0.115178876,-0.0225898232,9.85336685,-1.27822468e-05,0.0015696669,0.000286022841,-0.133491695,-0.000254631042,1
1125,11.479979,0,0,0,0,-0.0287189372,-0.13168861,0.000286022841,-0.133460522,-0.0960187241,-0.0393549614,9.78151608,0.00211774674,-0.000560861954,0.00241655181,-0.133488998,-0.000254631042,1
1126,11.489997,0,0,0,0,-0.0280486103,-0.0906979665,0.000286022841,-0.133460522,-0.0960187241,-0.027379863,9.85815716,-0.00107804674,0.0015696669,0.00135128724,-0.13347733,-0.000254631042,1
1127,11.499985,0,0,0,0,-0.0131359519,-0.0516194701,-0.00184450613,-0.133460522,-0.129548997,-0.0225898232,9.85336685,-0.00107804674,0.00263493136,0.00135128724,-0.13349244,-0.000254631042,1
1128,11.510002,0,0,0,0,-0.00842145178,-0.0885000601,0.000286022841,-0.133460522,-0.0912286863,0.00854543224,9.79588604,-1.27822468e-05,-0.000560861954,0.000286022841,-0.133493289,-0.000254631042,1
1129,11.519978,0,0,0,0,-0.00522832107,-0.0647633523,0.000286022841,-0.133364677,-0.119968921,0.0492607653,9.8318119,-1.27822468e-05,0.000504402502,0.000286022841,-0.133496404,-0.000254631042,1
1130,11.530002,0,0,0,0,-0.0134875886,-0.090236403,0.000286022841,-0.133460522,-0.086438641,0.00136037311,9.82462692,-0.00107804674,0.0015696669,0.00241655181,-0.133493677,-0.000254631042,1
1131,11.540002,0,0,0,0,-0.00243218197,-0.115885764,-0.00184450613,-0.133460522,-0.115178876,-0.0130097447,9.85815716,0.0031830112,0.000504402502,0.000286022841,-0.133501604,-0.000254631042,1
1132,11.549978,0,0,0,0,-0.0222219899,-0.137394264,0.000286022841,-0.133364677,-0.139129072,0.00375539274,9.80786133,-1.27822468e-05,0.000504402502,-0.00184450613,-0.133496433,-0.000254631042,1
1133,11.560003,0,0,0,0,-0.0139491549,-0.0756753758,-0.00184450613,-0.133460522,-0.0768585652,0.00375539274,9.83420658,0.00105248217,-0.000560861954,0.000286022841,-0.133510217,-0.000254631042,1
1134,11.569977,0,0,0,0,0.00280977064,-0.0948409736,-0.000779241615,-0.133460522,-0.0936237052,-0.0154047646,9.78630638,0.00105248217,-0.000560861954,0.000286022841,-0.133514702,-0.000254631042,1
1135,11.579996,0,0,0,0,-0.0473778695,-0.1267699,-0.000779241615,-0.133364677,-0.131944016,0.0301006082,9.84618187,-1.27822468e-05,0.000504402502,-0.000779241615,-0.133507103,-0.000254631042,1
1136,11.589983,0,0,0,0,-0.0316875279,-0.099877201,0.000286022841,-0.133364677,-0.103203781,0.0181255098,9.86294651,-0.00214331108,0.000504402502,0.000286022841,-0.133508042,-0.000254631042,1
1137,11.600003,0,0,0,0,-0.0703044906,-0.0995292664,0.000286022841,-0.133364677,-0.107993819,0.0564458258,9.80786133,0.00105248217,0.00263493136,0.000286022841,-0.133503601,-0.000254631042,1
1138,11.609977,0,0,0,0,-0.0501851104,-0.0756472424,0.00135128724,-0.133364677,-0.0816486031,0.0396806858,9.77433109,-1.27822468e-05,0.000504402502,0.00135128724,-0.133495599,-0.000254631042,1
1139,11.619986,0,0,0,0,0.00203743367,-0.0826534703,0.000286022841,-0.133364677,-0.0816486031,-0.0130097447,9.82223129,0.00105248217,0.0015696669,0.000286022841,-0.133492932,-0.000254631042,1
1140,11.629983,0,0,0,0,0.0202165507,-0.109257177,0.00135128724,-0.133364677,-0.1055988,-0.0345649198,9.78630638,0.0031830112,0.000504402502,0.00135128724,-0.133481354,-0.000254631042,1
1141,11.639980,0,0,0,0,-0.0207741614,-0.108590774,0.000286022841,-0.133364677,-0.110388838,0.00615041237,9.79109669,-1.27822468e-05,-0.00375665538,0.000286022841,-0.133478701,-0.000254631042,1
1142,11.649978,0,0,0,0,-0.0179079771,-0.0872270092,-0.00184450613,-0.133364677,-0.0888336599,0.00615041237,9.81025696,-1.27822468e-05,-0.000560861954,-0.00184450613,-0.133470714,-0.000254631042,1
1143,11.659986,0,0,0,0,-0.0513144732,-0.102076985,0.000286022841,-0.133364677,-0.107993819,0.0372856669,9.7312212,0.00424827542,0.00476546027,0.000286022841,-0.133464575,-0.000254631042,1
1144,11.669982,0,0,0,0,-0.0253477003,-0.0886453688,-0.00184450613,-0.133364677,-0.0912286863,0.013335471,9.87013245,-0.00107804674,0.000504402502,-0.00184450613,-0.133467406,-0.000254631042,1
1145,11.679980,0,0,0,0,-0.0294582732,-0.0832609311,0.000286022841,-0.133364677,-0.086438641,0.0181255098,9.81265163,-1.27822468e-05,-0.00269139092,0.000286022841,-0.133468539,-0.000254631042,1
1146,11.689976,0,0,0,0,-0.0174155477,-0.0655447766,0.00135128724,-0.133364677,-0.0672784895,0.00854543224,9.81504631,-0.00107804674,-0.00375665538,0.00135128724,-0.133462533,-0.000254631042,1
1147,11.709999,0,0,0,0,-0.0315430313,-0.116811931,0.000286022841,-0.133364677,-0.119968921,0.0157304909,9.82462692,-0.00107804674,-0.000560861954,0.000286022841,-0.133445963,-0.000254631042,1
1148,11.719986,0,0,0,0,-0.00285456912,-0.0650818199,-0.000779241615,-0.133364677,-0.0648834705,-0.00582468603,9.77433109,-1.27822468e-05,-0.000560861954,-0.000779241615,-0.133447215,-0.000254631042,1
1149,11.729999,0,0,0,0,0.00819460023,-0.0907309055,0.000286022841,-0.133460522,-0.0888336599,-0.0201948043,9.83899689,-1.27822468e-05,0.000504402502,0.000286022841,-0.133449659,-0.000254631042,1
1150,11.739984,0,0,0,0,-0.0237956773,-0.113017537,0.00135128724,-0.133460522,-0.115178876,0.00854543224,9.7312212,-0.00107804674,-0.000560861954,0.00135128724,-0.133457989,-0.000254631042,1
1151,11.749997,0,0,0,0,-0.00525779044,-0.10100656,-0.00397503516,-0.133364677,-0.100808762,-0.00821970589,9.85576153,-1.27822468e-05,-0.00162612647,-0.00397503516,-0.133454353,-0.000254631042,1
1152,11.759983,0,0,0,0,-0.0270845219,-0.0835793987,0.00241655181,-0.133364677,-0.086438641,0.0157304909,9.8270216,0.00105248217,0.000504402502,0.00241655181,-0.133462891,-0.000254631042,1
1153,11.769998,0,0,0,0,-0.0394227058,-0.0674223229,-0.00184450613,-0.133460522,-0.0720685273,0.0301006082,9.80546665,0.00211774674,0.000504402502,-0.00184450613,-0.133459643,-0.000254631042,1
1154,11.779983,0,0,0,0,-0.0328168906,-0.126306936,0.000286022841,-0.133364677,-0.129548997,0.0157304909,9.88689709,-0.00107804674,-0.000560861954,0.000286022841,-0.133468047,-0.000254631042,1
1155,11.790003,0,0,0,0,-0.00496879453,-0.134876013,0.000286022841,-0.133364677,-0.134339035,-0.0130097447,9.9276123,0.00211774674,0.000504402502,0.000286022841,-0.133453414,-0.000254631042,1
1156,11.799978,0,0,0,0,-0.0134789394,-0.0902376994,0.00135128724,-0.133364677,-0.0912286863,0.00136037311,9.74080086,-0.00107804674,0.000504402502,0.00135128724,-0.133458406,-0.000254631042,1
1157,11.809985,0,0,0,0,-0.00302853552,-0.0843902975,-0.000779241615,-0.133364677,-0.084043622,-0.00821970589,9.80067635,-1.27822468e-05,0.0015696669,-0.000779241615,-0.133449167,-0.000254631042,1
1158,11.819981,0,0,0,0,-0.0711272284,-0.123578429,-0.00184450613,-0.133460522,-0.131944016,0.0540508032,9.78870106,0.00105248217,0.0015696669,-0.00184450613,-0.13345775,-0.000254631042,1
1159,11.829978,0,0,0,0,-0.0288618114,-0.11475388,0.000286022841,-0.133460522,-0.117573902,0.013335471,9.74319553,-0.00107804674,0.00263493136,0.000286022841,-0.133462653,-0.000254631042,1
1160,11.839986,0,0,0,0,-0.0280399173,-0.0907006562,-0.00184450613,-0.133364677,-0.0936237052,0.0157304909,9.82462692,0.00105248217,0.00263493136,-0.00184450613,-0.133457348,-0.000254631042,1
1161,11.849983,0,0,0,0,-0.0579727702,-0.115682565,0.00241655181,-0.133364677,-0.12236394,0.0420757085,9.76714611,0.00105248217,0.000504402502,0.00241655181,-0.133464187,-0.000254631042,1
1162,11.859980,0,0,0,0,-0.0351611711,-0.0897452608,0.000286022841,-0.133364677,-0.0936237052,0.0229155496,9.80546665,-1.27822468e-05,-0.000560861954,0.000286022841,-0.133449614,-0.000254631042,1
1163,11.869977,0,0,0,0,-0.0389940813,-0.118226551,0.00135128724,-0.133460522,-0.12236394,0.0229155496,9.8270216,-0.00107804674,0.00263493136,0.00135128724,-0.133444548,-0.000254631042,1
1164,11.879985,0,0,0,0,-0.0145788314,-0.0804242194,0.000286022841,-0.133364677,-0.0816486031,0.00375539274,9.79109669,0.00105248217,-0.000560861954,0.000286022841,-0.133438438,-0.000254631042,1
1165,11.889996,0,0,0,0,-0.0114236521,-0.0929299146,-0.000779241615,-0.133364677,-0.0936237052,-0.00103464653,9.84618187,-0.00214331108,0.000504402502,-0.000779241615,-0.1334382,-0.000254631042,1
1166,11.899982,0,0,0,0,0.0428541824,-0.102628358,0.00135128724,-0.133364677,-0.0960187241,-0.0561200976,9.8270216,-0.00107804674,0.0015696669,0.00135128724,-0.133438021,-0.000254631042,1
1167,11.910001,0,0,0,0,-0.00522832107,-0.0647633523,0.00135128724,-0.133364677,-0.0648834705,-0.00342966616,9.81983662,-1.27822468e-05,0.000504402502,0.00135128724,-0.13342537,-0.000254631042,1
1168,11.919985,0,0,0,0,-0.0214110911,-0.113338284,-0.000779241615,-0.133364677,-0.0984137431,-0.0106147248,9.8318119,0.00211774674,-0.00162612647,0.000286022841,-0.133428752,-0.000254631042,1
1169,11.929996,0,0,0,0,-0.0478113592,-0.07596571,0.000286022841,-0.133364677,-0.124758959,0.00854543224,9.80546665,0.00105248217,-0.000560861954,-0.000779241615,-0.133425117,-0.000254631042,1
1170,11.940038,0,0,0,0,-0.0114236521,-0.0929299146,0.000286022841,-0.133364677,-0.0600934289,-0.00103464653,9.87013245,-0.00107804674,0.000504402502,0.000286022841,-0.133430421,-0.000254631042,1
1171,11.949985,0,0,0,0,-0.0245662723,-0.100832596,-0.000779241615,-0.133364677,-0.0792535841,-0.00342966616,9.78151608,0.00211774674,-0.000560861954,0.000286022841,-0.133428648,-0.000254631042,1
1172,11.959996,0,0,0,0,-0.00273954053,-0.118259758,0.000286022841,-0.133364677,-0.1055988,-0.0154047646,9.80786133,-0.00107804674,0.00263493136,-0.00184450613,-0.133428678,-0.000254631042,1
1173,11.969981,0,0,0,0,-0.0118866144,-0.078368932,0.00135128724,-0.133364677,-0.100808762,0.00615041237,9.80786133,0.00105248217,0.0015696669,0.00241655181,-0.133428738,-0.000254631042,1
1174,11.979999,0,0,0,0,-0.00589472009,-0.105754063,-0.00184450613,-0.133364677,-0.0768585652,0.013335471,9.86773682,-1.27822468e-05,-0.000560861954,-0.000779241615,-0.133432388,-0.000254631042,1
1175,11.989985,0,0,0,0,-0.0126680424,-0.0661817119,-0.000779241615,-0.133364677,-0.115178876,-0.0225898232,9.81265163,-0.00107804674,-0.00162612647,0.000286022841,-0.133437842,-0.000254631042,1
1176,12.000006,0,0,0,0,-0.0353056677,-0.0728105307,-0.000779241615,-0.133364677,-0.0768585652,-0.00103464653,9.81504631,-0.00107804674,-0.000560861954,-0.00290977047,-0.133439735,-0.000254631042,1
1177,12.009981,0,0,0,0,-0.04684937,-0.0688489452,0.00135128724,-0.133268833,-0.0744635463,0.0372856669,9.81744194,-1.27822468e-05,-0.00269139092,0.00135128724,-0.133434072,-0.000254631042,1
1178,12.019997,0,0,0,0,-0.0715194196,-0.0365378521,-0.00184450613,-0.133364677,-0.0457233116,0.0660259053,9.80067635,-1.27822468e-05,0.000504402502,-0.00184450613,-0.133433208,-0.000254631042,1
1179,12.029984,0,0,0,0,-0.0101497918,-0.0834349021,0.000286022841,-0.133364677,-0.084043622,-0.00103464653,9.81983662,0.00211774674,-0.00162612647,0.000286022841,-0.133436903,-0.000254631042,1
1180,12.040005,0,0,0,0,-0.013334441,-0.107172422,0.000286022841,-0.133364677,-0.107993819,-0.00103464653,9.81265163,0.00105248217,-0.000560861954,0.000286022841,-0.133434594,-0.000254631042,1
1181,12.050060,0,0,0,0,-0.00919439737,-0.0763136446,0.00241655181,-0.133364677,-0.0768585652,-0.00103464653,9.8270216,-0.00107804674,0.0015696669,0.00241655181,-0.133425146,-0.000254631042,1
1182,12.059977,0,0,0,0,0.00377425621,-0.0877194405,0.00135128724,-0.133364677,-0.086438641,-0.0154047646,9.74080086,-1.27822468e-05,-0.00375665538,0.00135128724,-0.133421779,-0.000254631042,1
1183,12.070123,0,0,0,0,-0.0592171587,-0.0889343619,0.000286022841,-0.133364677,-0.0960187241,0.0468657464,9.83660221,-1.27822468e-05,0.000504402502,0.000286022841,-0.133402348,-0.000254631042,1
1184,12.079984,0,0,0,0,-0.0658754483,-0.102539942,0.000286022841,-0.133364677,-0.110388838,0.0516557842,9.84378719,0.00105248217,0.0015696669,0.000286022841,-0.13339898,-0.000254631042,1
1185,12.089999,0,0,0,0,-0.0131310048,-0.0516207293,-0.000779241615,-0.133364677,-0.0529083684,0.00615041237,9.76954079,-1.27822468e-05,-0.00162612647,-0.000779241615,-0.133408159,-0.000254631042,1
1186,12.099984,0,0,0,0,0.0188276656,-0.0655742511,0.000286022841,-0.133364677,-0.0624884479,-0.027379863,9.75038147,-1.27822468e-05,-0.000560861954,0.000286022841,-0.133410245,-0.000254631042,1
1187,12.110047,0,0,0,0,-0.0228294507,-0.105898559,0.00135128724,-0.133364677,-0.107993819,0.00854543224,9.82223129,0.00105248217,0.000504402502,0.00135128724,-0.133408815,-0.000254631042,1
1188,12.119976,0,0,0,0,0.017987296,-0.125873446,-0.00184450613,-0.133364677,-0.12236394,-0.0345649198,9.77672672,0.00211774674,-0.000560861954,-0.00184450613,-0.133414522,-0.000254631042,1
1189,12.129984,0,0,0,0,0.000772405474,-0.0921484157,-0.000779241615,-0.133268833,-0.0912286863,-0.0130097447,9.83420658,-1.27822468e-05,-0.000560861954,-0.000779241615,-0.133419603,-0.000254631042,1
1190,12.139980,0,0,0,0,0.00154500152,-0.10433571,-0.00290977047,-0.133364677,-0.103203781,-0.0154047646,9.82462692,-0.00107804674,-0.00269139092,-0.00290977047,-0.133428931,-0.000254631042,1
1191,12.149977,0,0,0,0,-0.0120605817,-0.0976774171,-0.000779241615,-0.133364677,-0.0984137431,-0.00103464653,9.83660221,-0.00214331108,-0.000560861954,-0.000779241615,-0.133423313,-0.000254631042,1
1192,12.159985,0,0,0,0,0.0116769383,-0.100862063,0.00135128724,-0.133364677,-0.0984137431,-0.0249848422,9.81265163,-0.00107804674,0.00263493136,0.00135128724,-0.133430913,-0.000254631042,1
1193,12.169983,0,0,0,0,-0.0367177613,-0.0653743297,0.00135128724,-0.133268833,-0.0696735084,0.0277055893,9.8270216,-1.27822468e-05,0.000504402502,0.00135128724,-0.13341935,-0.000254631042,1
1194,12.179979,0,0,0,0,-0.0466398522,-0.122061066,-0.00290977047,-0.132536411,-0.127153978,0.0301006082,9.80546665,-0.00107804674,-0.00162612647,-0.00290977047,-0.133413836,-0.000254631042,1
1195,12.189976,0,0,0,0,-0.0214110911,-0.113338284,-0.00184450613,-0.133364677,-0.115178876,0.00615041237,9.84378719,-0.00107804674,-0.000560861954,-0.00184450613,-0.133416042,-0.000254631042,1
1196,12.199985,0,0,0,0,-0.0228294507,-0.105898559,0.00241655181,-0.133364677,-0.107993819,0.00854543224,9.79588604,0.00105248217,0.00476546027,0.00241655181,-0.13342008,-0.000254631042,1
1197,12.219998,-0.00221497891,0,0,0,-0.0187082086,-0.111284792,-0.00290977047,-0.133268833,-0.112783857,0.00375539274,9.84378719,0.0031830112,0.0015696669,-0.00290977047,-0.133417532,-0.000254631042,1
1198,12.229983,0,0,0,0,-0.0206176341,-0.125527486,-0.000779241615,-0.133268833,-0.127153978,0.00375539274,9.7623558,-0.00107804674,-0.00269139092,-0.000779241615,-0.133427024,-0.000254631042,1
1199,12.240001,0,0,0,0,-0.0614362992,-0.105556518,-0.000779241615,-0.133268833,-0.112783857,0.0468657464,9.80067635,0.00211774674,0.000504402502,-0.000779241615,-0.133424044,-0.000254631042,1
1200,12.249976,0,0,0,0,-0.0234297793,-0.0744051039,-0.000779241615,-0.133268833,-0.0768585652,0.013335471,9.75038147,0.00105248217,-0.000560861954,-0.000779241615,-0.133427456,-0.000254631042,1
1201,12.260000,0,0,0,0,-0.00348480558,-0.0698296577,0.00135128724,-0.133268833,-0.0696735084,-0.00582468603,9.82462692,0.00105248217,0.00263493136,0.00135128724,-0.133417398,-0.000254631042,1
1202,12.269985,0,0,0,0,0.0012367646,-0.106709346,0.000286022841,-0.133268833,-0.1055988,-0.0154047646,9.82462692,-1.27822468e-05,0.00263493136,0.000286022841,-0.133416221,-0.000254631042,1
1203,12.280007,0,0,0,0,-0.0468753651,-0.10509216,-0.000779241615,-0.133268833,-0.110388838,0.032495629,9.75277615,-1.27822468e-05,-0.00162612647,-0.000779241615,-0.133421078,-0.000254631042,1
1204,12.289981,0,0,0,0,-0.0278851017,-0.107638061,0.000286022841,-0.133268833,-0.110388838,0.013335471,9.77672672,0.00105248217,0.000504402502,0.000286022841,-0.133413926,-0.000254631042,1
1205,12.300000,0,0,0,0,0.00615644595,-0.0880373195,-0.000779241615,-0.133268833,-0.086438641,-0.0177997835,9.76714611,-0.00107804674,0.000504402502,-0.000779241615,-0.133407518,-0.000254631042,1
1206,12.310077,0,0,0,0,-0.0102879163,-0.0665011629,0.00241655181,-0.133268833,-0.0672784895,0.00136037311,9.7623558,-0.00107804674,0.0015696669,0.00241655181,-0.133404672,-0.000254631042,1
1207,12.319982,0,0,0,0,-0.0362610631,-0.0799317881,-0.00184450613,-0.133364677,-0.084043622,0.0253105685,9.76475143,-0.00107804674,-0.00269139092,-0.00184450613,-0.13340278,-0.000254631042,1
1208,12.329979,0,0,0,0,-0.0356169306,-0.075187698,0.00135128724,-0.133268833,-0.0792535841,0.0253105685,9.80546665,-1.27822468e-05,0.000504402502,0.00135128724,-0.133413374,-0.000254631042,1
1209,12.339977,0,0,0,0,-0.0451380573,-0.110157959,-0.00184450613,-0.133268833,-0.115178876,0.0301006082,9.88210678,-0.00107804674,0.000504402502,-0.00184450613,-0.133412391,-0.000254631042,1
1210,12.349985,0,0,0,0,-0.0326586626,-0.143244788,-0.000779241615,-0.133268833,-0.146314129,0.013335471,9.83660221,0.00105248217,-0.00269139092,-0.000779241615,-0.133416757,-0.000254631042,1
1211,12.359982,0,0,0,0,-0.0076218918,-0.10068883,-0.000779241615,-0.133268833,-0.100808762,-0.00582468603,9.77433109,-1.27822468e-05,-0.00269139092,-0.000779241615,-0.133418679,-0.000254631042,1
1212,12.369979,0,0,0,0,0.00410090154,-0.0853452981,0.00135128724,-0.133364677,-0.0816486031,-0.0106147248,9.77433109,0.00211774674,-0.000560861954,0.00135128724,-0.133409917,-0.000254631042,1
1213,12.379976,0,0,0,0,-0.0212076548,-0.0577865914,0.000286022841,-0.133364677,-0.100808762,0.00615041237,9.86534214,0.00211774674,0.0015696669,0.000286022841,-0.133412421,-0.000254631042,1
1214,12.389984,0,0,0,0,-0.04322863,-0.0959152654,-0.000779241615,-0.133268833,-0.0984137431,0.0684209242,9.77433109,-0.00107804674,0.000504402502,-0.00504029961,-0.133412123,-0.000254631042,1
1215,12.399981,0,0,0,0,-0.0414913222,-0.100981072,0.00135128724,-0.133268833,-0.117573902,0.0396806858,9.76714611,-1.27822468e-05,0.0015696669,-0.000779241615,-0.133421898,-0.000254631042,1
1216,12.420002,0,0,0,0,-0.0270765107,-0.0835819915,0.00135128724,-0.133268833,-0.110388838,-0.0106147248,9.81744194,-1.27822468e-05,0.000504402502,0.00135128724,-0.133417994,-0.000254631042,1
1217,12.429999,0,0,0,0,0.0311672203,-0.0817245618,0.00135128724,-0.133268833,-0.0792535841,-0.0177997835,9.78630638,0.00211774674,0.000504402502,-0.000779241615,-0.133415326,-0.000254631042,1
1218,12.440001,0,0,0,0,-0.0296224114,-0.102572255,-0.000779241615,-0.133268833,-0.0481183305,-0.0393549614,9.78870106,-0.00107804674,-0.00162612647,-0.000779241615,-0.133411959,-0.000254631042,1
1219,12.449986,0,0,0,0,-0.0321683101,-0.121562518,-0.000779241615,-0.133268833,-0.0816486031,0.00615041237,9.80786133,0.00105248217,-0.00162612647,0.000286022841,-0.13341397,-0.000254631042,1
1220,12.460006,0,0,0,0,-0.0476319641,-0.0566617958,-0.00184450613,-0.133268833,-0.0984137431,-0.00342966616,9.84139156,-0.00107804674,0.0015696669,-0.000779241615,-0.133420274,-0.000254631042,1
1221,12.469980,0,0,0,0,-0.0107782697,-0.0881834403,-0.00397503516,-0.133268833,-0.115178876,-0.00821970589,9.88210678,0.00105248217,-0.00375665538,-0.00290977047,-0.133420527,-0.000254631042,1
1222,12.480002,0,0,0,0,-0.0113472259,-0.0566961132,0.000286022841,-0.132536411,-0.0576984063,0.00375539274,9.90605736,-0.00107804674,0.00263493136,0.000286022841,-0.133420095,-0.000254631042,1
1223,12.489996,0,0,0,0,-0.0444755852,-0.0691671818,0.00135128724,-0.133268833,-0.0744635463,0.034890648,9.80786133,-0.00107804674,-0.000560861954,0.000286022841,-0.133410394,-0.000254631042,1
1224,12.499981,0,0,0,0,-0.0330293104,-0.0924648717,-0.00184450613,-0.132536411,-0.0960187241,0.0205205306,9.78151608,0.00105248217,0.00370019581,-0.00184450613,-0.133408159,-0.000254631042,1
1225,12.509997,0,0,0,0,-0.0239461288,-0.132330596,0.000286022841,-0.133268833,-0.134339035,0.00615041237,9.79349136,-0.00107804674,-0.000560861954,0.000286022841,-0.133405611,-0.000254631042,1
1226,12.519983,0,0,0,0,-0.0334152654,-0.0948144346,0.000286022841,-0.133268833,-0.0984137431,0.0205205306,9.75996113,-1.27822468e-05,0.000504402502,0.000286022841,-0.133397013,-0.000254631042,1
1227,12.530002,0,0,0,0,-0.0240662545,-0.079152666,-0.00184450613,-0.133268833,-0.0816486031,0.013335471,9.81265163,0.00105248217,-0.00162612647,-0.00184450613,-0.133401588,-0.000254631042,1
1228,12.539977,0,0,0,0,-0.0104600322,-0.0858096555,-0.000779241615,-0.133268833,-0.086438641,-0.00103464653,9.77433109,-1.27822468e-05,0.000504402502,-0.000779241615,-0.133407995,-0.000254631042,1
1229,12.550003,0,0,0,0,-0.050474111,-0.0417777859,-0.000779241615,-0.133364677,-0.0481183305,0.0444707274,9.7791214,-0.00107804674,-0.000560861954,-0.000779241615,-0.13341181,-0.000254631042,1
1230,12.559977,0,0,0,0,-0.0295964163,-0.0663290471,0.000286022841,-0.133268833,-0.0696735084,0.0205205306,9.78870106,-0.00107804674,0.0015696669,0.000286022841,-0.133413434,-0.000254631042,1
1231,12.570002,0,0,0,0,-0.0029003215,-0.137568519,0.00135128724,-0.133268833,-0.136734053,-0.0154047646,9.72882557,-0.00107804674,0.0015696669,0.00135128724,-0.133417353,-0.000254631042,1
1232,12.579976,0,0,0,0,0.0012367646,-0.106709346,0.000286022841,-0.133268833,-0.1055988,-0.0154047646,9.82462692,-0.00107804674,0.000504402502,0.000286022841,-0.133416548,-0.000254631042,1
1233,12.590004,0,0,0,0,-0.00508382265,-0.0816980749,-0.000779241615,-0.133364677,-0.0816486031,-0.00582468603,9.74319553,-0.00107804674,-0.00162612647,-0.000779241615,-0.13341634,-0.000254631042,1
1234,12.600002,0,0,0,0,-0.0130159762,-0.104798667,-0.000779241615,-0.133364677,-0.1055988,-0.00103464653,9.81265163,0.00105248217,-0.00269139092,-0.000779241615,-0.133407563,-0.000254631042,1
1235,12.609976,0,0,0,0,-0.0610920638,-0.0669395253,0.00241655181,-0.133268833,-0.0744635463,0.0516557842,9.80786133,0.00105248217,-0.000560861954,0.00241655181,-0.133405611,-0.000254631042,1
1236,12.619997,0,0,0,0,0.0159438159,-0.123179704,0.000286022841,-0.133268833,-0.119968921,-0.0321699008,9.89887238,-0.00107804674,-0.00269139092,0.000286022841,-0.133393347,-0.000254631042,1
1237,12.629983,0,0,0,0,-0.0563509762,-0.0675705969,0.000286022841,-0.133364677,-0.0744635463,0.0468657464,9.76714611,-1.27822468e-05,0.0015696669,0.000286022841,-0.133387119,-0.000254631042,1
1238,12.640004,0,0,0,0,-0.0194708332,-0.0628525615,-0.000779241615,-0.133364677,-0.0648834705,0.0109404512,9.75517082,0.00211774674,-0.000560861954,-0.000779241615,-0.1333877,-0.000254631042,1
1239,12.649979,0,0,0,0,-0.032468956,-0.0876899734,0.000286022841,-0.133364677,-0.0912286863,0.0205205306,9.79828167,-1.27822468e-05,0.0015696669,0.000286022841,-0.13339451,-0.000254631042,1
1240,12.660000,0,0,0,0,-0.0425921567,-0.0911677033,0.00348181627,-0.133268833,-0.0960187241,0.0301006082,9.83899689,0.00105248217,0.000504402502,0.00348181627,-0.133390903,-0.000254631042,1
1241,12.669986,0,0,0,0,-0.0123694567,-0.100052357,-0.00184450613,-0.133268833,-0.100808762,-0.00103464653,9.75277615,-0.00214331108,-0.000560861954,-0.00184450613,-0.133379534,-0.000254631042,1
1242,12.679982,0,0,0,0,-0.0164896213,-0.0946667343,0.00135128724,-0.133364677,-0.0960187241,0.00375539274,9.80546665,-1.27822468e-05,0.0015696669,0.00135128724,-0.13338238,-0.000254631042,1
1243,12.689978,0,0,0,0,-0.020311201,-0.123151757,-0.000779241615,-0.133364677,-0.124758959,0.00375539274,9.80067635,-1.27822468e-05,-0.000560861954,-0.000779241615,-0.133383363,-0.000254631042,1
1244,12.699975,0,0,0,0,-0.0251930822,-0.105582513,0.000286022841,-0.133268833,-0.107993819,0.0109404512,9.82223129,0.00211774674,-0.00162612647,0.000286022841,-0.133385494,-0.000254631042,1
1245,12.709983,0,0,0,0,-0.0444495901,-0.0329239704,0.000286022841,-0.133268833,-0.0385382511,0.0396806858,9.74559116,-1.27822468e-05,0.0015696669,0.000286022841,-0.133386657,-0.000254631042,1
1246,12.719980,0,0,0,0,-0.0227999799,-0.0696553513,-0.000779241615,-0.133364677,-0.0720685273,0.013335471,9.76475143,-0.00214331108,-0.000560861954,-0.000779241615,-0.133380696,-0.000254631042,1
1247,12.729977,0,0,0,0,-0.00447636237,-0.11319378,0.00135128724,-0.133364677,-0.112783857,-0.0106147248,9.80786133,-1.27822468e-05,0.00370019581,0.00135128724,-0.133368522,-0.000254631042,1
1248,12.739984,0,0,0,0,-0.0163084306,-0.0753598139,-0.000779241615,-0.133268833,-0.0768585652,0.00615041237,9.79109669,-1.27822468e-05,-0.00162612647,-0.000779241615,-0.13337031,-0.000254631042,1
