Index,Time,(odometrySubsystem).z[0],(odometrySubsystem).z[1],(odometrySubsystem).z[2],(odometrySubsystem).z[3],(odometrySubsystem).z[4],(odometrySubsystem).z[5],(odometrySubsystem).z[6],(odometrySubsystem).z[7],((((((aruwsrc::standard::DriversSingleton::drivers).mpu6500).imuData).accG).coordinates_).data)._M_elems[0],((((((aruwsrc::standard::DriversSingleton::drivers).mpu6500).imuData).accG).coordinates_).data)._M_elems[1],((((((aruwsrc::standard::DriversSingleton::drivers).mpu6500).imuData).accG).coordinates_).data)._M_elems[2],((((((aruwsrc::standard::DriversSingleton::drivers).mpu6500).imuData).gyroRadPerSec).coordinates_).data)._M_elems[0],((((((aruwsrc::standard::DriversSingleton::drivers).mpu6500).imuData).gyroRadPerSec).coordinates_).data)._M_elems[1],((((((aruwsrc::standard::DriversSingleton::drivers).mpu6500).imuData).gyroRadPerSec).coordinates_).data)._M_elems[2],(odometrySubsystem).chassisYaw,(odometrySubsystem).yawOffset,(odometrySubsystem).yawOffsetInitialized
0,0.000000,0,0,0,0,0.0137018906,0.149142548,0.000286022841,2.93085027,-0.148709148,-0.0177997835,9.84857655,0.00105248217,-0.000560861954,0.000286022841,2.93258572,-0.000254631042,1
1,0.009987,0,0,0,0,0.0103458175,0.17925097,0.00241655181,2.93085027,-0.17744939,-0.027379863,9.77433109,-1.27822468e-05,-0.000560861954,0.00241655181,2.93258572,-0.000254631042,1
2,0.020010,0,0,0,0,-0.0512127206,0.143427521,0.000286022841,2.93094611,-0.129548997,-0.0800702944,9.81983662,0.00105248217,0.0015696669,0.000286022841,2.93258572,-0.000254631042,1
3,0.029985,0,0,0,0,-0.0414722823,0.178031579,0.00241655181,2.93158269,-0.165474296,-0.0776752755,9.78870106,-1.27822468e-05,0.000504402502,0.00241655181,2.93258572,-0.000254631042,1
4,0.040000,0,0,0,0,-0.025273636,0.150132537,0.000286022841,2.93085027,-0.141524091,-0.0561200976,9.73840618,0.00105248217,-0.00162612647,0.000286022841,2.93258572,-0.000254631042,1
5,0.049986,0,0,0,0,-0.00621139444,0.17054683,0.00135128724,2.93085027,-0.165474296,-0.0417499803,9.74319553,0.00105248217,-0.00162612647,0.00135128724,2.93258572,-0.000254631042,1
6,0.060008,0,0,0,0,0.00683849864,0.128565937,0.00241655181,2.93094611,-0.127153978,-0.0201948043,9.81983662,-1.27822468e-05,0.000504402502,0.00241655181,2.93258572,-0.000254631042,1
7,0.070007,0,0,0,0,-0.0385934487,0.145583242,0.00241655181,2.93158269,-0.134339035,-0.0680951998,9.78630638,0.00105248217,0.000504402502,0.00241655181,2.93258572,-0.000254631042,1
8,0.079981,0,0,0,0,0.0166958869,0.197486207,0.000286022841,2.93085027,-0.196609542,-0.0249848422,9.84857655,0.00211774674,0.000504402502,0.000286022841,2.93258572,-0.000254631042,1
9,0.090009,0,0,0,0,-0.0127685172,0.208682105,0.00135128724,2.93094611,-0.20139958,-0.0561200976,9.77193642,0.00211774674,-0.00162612647,0.00135128724,2.93258572,-0.000254631042,1
10,0.099982,0,0,0,0,-0.0304707382,0.183083981,0.000286022841,2.93085027,-0.172659352,-0.0680951998,9.79588604,-0.00214331108,-0.000560861954,0.000286022841,2.93258572,-0.000254631042,1
11,0.109981,0,0,0,0,0.00717680017,0.152987599,0.00241655181,2.93085027,-0.151104167,-0.0249848422,9.81744194,-1.27822468e-05,-0.00162612647,0.00241655181,2.93258572,-0.000254631042,1
12,0.119988,0,0,0,0,0.0126878517,0.178749964,0.00135128724,2.93085027,-0.17744939,-0.0249848422,9.72882557,0.00211774674,-0.00269139092,0.00135128724,2.93258572,-0.000254631042,1
13,0.129985,0,0,0,0,-0.0291186795,0.143607438,-0.000779241615,2.93085027,-0.134339035,-0.0585151166,9.78630638,0.00105248217,0.00263493136,-0.000779241615,2.93258572,-0.000254631042,1
14,0.139981,0,0,0,0,-0.00802835822,0.104806945,0.000286022841,2.93085027,-0.100808762,-0.0297748819,9.81025696,-1.27822468e-05,0.00263493136,0.000286022841,2.93258572,-0.000254631042,1
15,0.149989,0,0,0,0,-0.00353135122,0.160176694,0.00135128724,2.93085027,-0.15589422,-0.0369599424,9.75996113,-1.27822468e-05,0.000504402502,0.00135128724,2.93258572,-0.000254631042,1
16,0.159986,0,0,0,0,-0.00503436755,0.153150588,0.00135128724,2.93085027,-0.148709148,-0.0369599424,9.75038147,-0.00214331108,-0.00162612647,0.00135128724,2.93258572,-0.000254631042,1
17,0.169983,0,0,0,0,0.023408033,0.137269408,0.00135128724,2.93085027,-0.139129072,-0.00582468603,9.74080086,-0.00214331108,0.000504402502,0.00135128724,2.93258572,-0.000254631042,1
18,0.179981,0,0,0,0,-0.0195875615,0.153814584,0.000286022841,2.93085027,-0.146314129,-0.0513300598,9.83899689,-1.27822468e-05,0.0015696669,0.000286022841,2.93258572,-0.000254631042,1
19,0.200005,0,0,0,0,0.0720624626,0.158704653,0.00135128724,2.93094611,-0.170264333,0.0372856669,9.73840618,0.00105248217,-0.00162612647,0.00135128724,2.93258572,-0.000254631042,1
20,0.209980,0,0,0,0,-0.0222676061,0.164184734,0.00348181627,2.93085027,-0.15589422,-0.0561200976,9.79109669,0.0031830112,0.0015696669,0.00348181627,2.93258572,-0.000254631042,1
21,0.220010,0,0,0,0,-0.021277627,0.203160256,0.000286022841,2.93085027,-0.194214523,-0.0633051544,9.79588604,-1.27822468e-05,0.0015696669,0.000286022841,2.93258572,-0.000254631042,1
22,0.229984,0,0,0,0,-0.0502111614,0.148111671,0.00454708049,2.93094611,-0.134339035,-0.0800702944,9.70008564,-0.00107804674,-0.000560861954,0.00454708049,2.93258572,-0.000254631042,1
23,0.240011,0,0,0,0,-0.00872845296,0.193128124,0.00241655181,2.93085027,-0.187029466,-0.0489350408,9.75756645,-1.27822468e-05,0.00263493136,0.00241655181,2.93258572,-0.000254631042,1
24,0.249986,0,0,0,0,-0.0100684753,0.198313192,0.00348181627,2.93085027,-0.191819504,-0.0513300598,9.84139156,-0.00320857554,0.00263493136,0.00348181627,2.93258572,-0.000254631042,1
25,0.259985,0,0,0,0,0.00598344207,0.170384422,0.00241655181,2.93094611,-0.167869315,-0.0297748819,9.78630638,-0.00107804674,0.000504402502,0.00241655181,2.93258572,-0.000254631042,1
26,0.269981,0,0,0,0,-0.0291477516,0.177896112,-0.000779241615,2.93094611,-0.167869315,-0.0657001734,9.80307102,-1.27822468e-05,-0.00162612647,-0.000779241615,2.93258572,-0.000254631042,1
27,0.279989,0,0,0,0,-0.0187387783,0.192776442,-0.000779241615,2.93158269,-0.184634447,-0.0585151166,9.72882557,-1.27822468e-05,-0.000560861954,-0.000779241615,2.93258572,-0.000254631042,1
28,0.290007,0,0,0,0,0.00400778232,0.126724258,0.00135128724,2.93085027,-0.124758959,-0.0225898232,9.81504631,-0.00214331108,0.0015696669,0.00135128724,2.93258572,-0.000254631042,1
29,0.300011,0,0,0,0,0.0100203184,0.120538138,0.00135128724,2.93094611,-0.119968921,-0.0154047646,9.76475143,0.00105248217,0.0015696669,0.00135128724,2.93258572,-0.000254631042,1
30,0.309985,0,0,0,0,0.0135257775,0.136932686,0.00348181627,2.93094611,-0.12236394,-0.027379863,9.81983662,0.00211774674,-0.00269139092,0.000286022841,2.93258572,-0.000254631042,1
31,0.319982,0,0,0,0,-0.010895459,0.171548843,0.00348181627,2.93085027,-0.127153978,-0.0489350408,9.82941628,-0.00107804674,-0.000560861954,0.000286022841,2.93258572,-0.000254631042,1
32,0.330005,0,0,0,0,-0.0115594547,0.156995639,0.00348181627,2.93085027,-0.131944016,-0.0417499803,9.84618187,0.00211774674,0.00263493136,0.00348181627,2.93258572,-0.000254631042,1
33,0.339980,0,0,0,0,0.0108447382,0.147302568,0.000286022841,2.93094611,-0.165474296,-0.0369599424,9.80067635,0.00105248217,0.00263493136,0.00135128724,2.93258572,-0.000254631042,1
34,0.349988,0,0,0,0,0.0416154191,0.165214792,0.00135128724,2.93094611,-0.15589422,-0.0106147248,9.82223129,-0.00107804674,-0.00375665538,0.00241655181,2.93258572,-0.000254631042,1
35,0.359984,0,0,0,0,-0.0222435407,0.0956018046,0.000286022841,2.93085027,-0.117573902,-0.0585151166,9.79588604,-1.27822468e-05,-0.00162612647,0.00241655181,2.93258572,-0.000254631042,1
36,0.369981,0,0,0,0,0.0111836987,0.137433469,-0.000779241615,2.93094611,-0.136734053,-0.0177997835,9.72643089,-0.00107804674,-0.00162612647,-0.00184450613,2.93258572,-0.000254631042,1
37,0.380006,0,0,0,0,0.0079865614,0.179752737,-0.000779241615,2.93094611,-0.17744939,-0.0297748819,9.69529533,0.00211774674,-0.000560861954,0.00135128724,2.93258572,-0.000254631042,1
38,0.389984,0,0,0,0,-0.0341861956,0.223058239,0.00241655181,2.93094611,-0.21097967,-0.0800702944,9.79109669,-1.27822468e-05,-0.00269139092,0.00348181627,2.93258572,-0.000254631042,1
39,0.399981,0,0,0,0,-0.00722929975,0.165862083,0.00348181627,2.93094611,-0.160684258,-0.0417499803,9.74559116,-1.27822468e-05,-0.00162612647,0.00348181627,2.93258572,-0.000254631042,1
40,0.410003,0,0,0,0,-0.0127531998,0.174390659,0.00241655181,2.93094611,-0.167869315,-0.0489350408,9.78391171,-0.00107804674,0.000504402502,0.00241655181,2.93258572,-0.000254631042,1
41,0.419987,0,0,0,0,-0.0348181576,0.139922053,0.00348181627,2.93094611,-0.129548997,-0.0633051544,9.79588604,-1.27822468e-05,-0.00162612647,0.00348181627,2.93258572,-0.000254631042,1
42,0.430008,0,0,0,0,0.00649953773,0.138435036,0.00135128724,2.93094611,-0.136734053,-0.0225898232,9.79349136,-0.00107804674,-0.000560861954,0.00135128724,2.93258572,-0.000254631042,1
43,0.439983,0,0,0,0,0.00800187793,0.145461261,0.00241655181,2.93094611,-0.14391911,-0.0225898232,9.77433109,-0.00107804674,0.000504402502,0.00241655181,2.93258572,-0.000254631042,1
44,0.449982,0,0,0,0,-0.024625415,0.164683387,0.00135128724,2.93094611,-0.15589422,-0.0585151166,9.75038147,-0.00214331108,-0.000560861954,0.00135128724,2.93258572,-0.000254631042,1
45,0.459989,0,0,0,0,-0.00170235476,0.191625118,0.00135128724,2.93085027,-0.187029466,-0.0417499803,9.7623558,-0.00107804674,0.000504402502,0.00135128724,2.93258572,-0.000254631042,1
46,0.469986,0,0,0,0,0.00851682201,0.147802532,0.00241655181,2.93085027,-0.146314129,-0.0225898232,9.83660221,0.00105248217,-0.000560861954,0.00241655181,2.93258572,-0.000254631042,1
47,0.480003,0,0,0,0,0.00732396077,0.165199474,0.00135128724,2.93094611,-0.163079277,-0.027379863,9.74798584,-1.27822468e-05,-0.000560861954,0.00135128724,2.93258572,-0.000254631042,1
48,0.489989,0,0,0,0,-0.00204435829,0.167202592,0.00241655181,2.93094611,-0.163079277,-0.0369599424,9.86534214,-0.00107804674,0.0015696669,0.00241655181,2.93258572,-0.000254631042,1
49,0.499986,0,0,0,0,0.0116844792,0.139775544,0.00135128724,2.93094611,-0.139129072,-0.0177997835,9.76954079,0.00105248217,0.0015696669,0.00135128724,2.93258572,-0.000254631042,1
50,0.509983,0,0,0,0,-0.0117516397,0.179074809,0.00135128724,2.93094611,-0.172659352,-0.0489350408,9.83660221,0.00105248217,0.000504402502,0.00135128724,2.93258572,-0.000254631042,1
51,0.519981,0,0,0,0,0.0146891586,0.153828025,0.00135128724,2.93094611,-0.153499186,-0.0177997835,9.81265163,-1.27822468e-05,0.000504402502,0.00135128724,2.93258572,-0.000254631042,1
52,0.529988,0,0,0,0,-0.0433620587,0.168689623,0.00135128724,2.93094611,-0.15589422,-0.0776752755,9.7791214,0.00105248217,0.000504402502,0.00135128724,2.93258572,-0.000254631042,1
53,0.539985,0,0,0,0,-0.071055457,0.142697588,0.00348181627,2.93167853,-0.124758959,-0.0992304534,9.8318119,0.00105248217,-0.00162612647,0.00348181627,2.93258572,-0.000254631042,1
54,0.549983,0,0,0,0,0.0136722811,0.183435336,0.000286022841,2.93094611,-0.182239428,-0.0249848422,9.78630638,-1.27822468e-05,0.0015696669,0.000286022841,2.93258572,-0.000254631042,1
55,0.559980,0,0,0,0,0.0128142387,0.190963581,0.000286022841,2.93104196,-0.189424485,-0.027379863,9.78630638,-0.00107804674,0.00263493136,0.000286022841,2.93258572,-0.000254631042,1
56,0.569987,0,0,0,0,-0.011750197,0.14478223,0.00135128724,2.93104196,-0.139129072,-0.0417499803,9.79349136,-1.27822468e-05,-0.00162612647,0.00135128724,2.93258572,-0.000254631042,1
57,0.910003,0,0,0,0,-0.0107347621,0.149467513,0.000286022841,2.93094611,-0.14391911,-0.0417499803,9.78391171,0.00211774674,0.00370019581,0.000286022841,2.93258572,-0.000254631042,1
58,0.919989,0,0,0,0,0.0212980714,0.127918959,0.00241655181,2.93167853,-0.129548997,-0.00582468603,9.75756645,-1.27822468e-05,-0.000560861954,0.00241655181,2.93258572,-0.000254631042,1
59,0.930010,0,0,0,0,-0.0341708809,0.188766778,0.00241655181,2.93094611,-0.17744939,-0.0728852376,9.78391171,0.00105248217,-0.00269139092,0.00241655181,2.93258572,-0.000254631042,1
60,0.939985,0,0,0,0,0.0252208617,0.16872026,-0.000779241615,2.93094611,-0.170264333,-0.0106147248,9.78630638,-1.27822468e-05,-0.00162612647,-0.000779241615,2.93258572,-0.000254631042,1
61,0.950006,0,0,0,0,-0.00650553126,0.158330321,0.00454708049,2.93167853,-0.153499186,-0.0393549614,9.75756645,-1.27822468e-05,0.00263493136,0.00454708049,2.93258572,-0.000254631042,1
62,0.959982,0,0,0,0,-0.0114126774,0.16920571,0.00241655181,2.93094611,-0.163079277,-0.0465400182,9.77672672,-0.00214331108,-0.000560861954,0.00241655181,2.93258572,-0.000254631042,1
63,0.970001,0,0,0,0,-0.0111904191,0.159328446,0.00348181627,2.93167853,-0.153499186,-0.0441449992,9.77672672,0.00105248217,-0.000560861954,0.00348181627,2.93258572,-0.000254631042,1
64,0.979987,0,0,0,0,-0.0288062971,0.133732796,0.00241655181,2.93104196,-0.124758959,-0.0561200976,9.77433109,0.0031830112,-0.00162612647,0.00241655181,2.93258572,-0.000254631042,1
65,0.990004,0,0,0,0,0.0116945412,0.186286807,0.000286022841,2.93167853,-0.184634447,-0.027379863,9.81265163,0.00211774674,-0.000560861954,0.000286022841,2.93258572,-0.000254631042,1
66,1.000008,0,0,0,0,-0.00121994014,0.193967029,0.00454708049,2.93094611,-0.189424485,-0.0417499803,9.73361588,-1.27822468e-05,0.000504402502,0.00454708049,2.93258572,-0.000254631042,1
67,1.009984,0,0,0,0,-0.0128997033,0.127888009,0.00241655181,2.93094611,-0.12236394,-0.0393549614,9.72643089,0.00211774674,-0.000560861954,0.00241655181,2.93258572,-0.000254631042,1
68,1.020011,0,0,0,0,-0.0296332184,0.141262576,0.00348181627,2.93094611,-0.131944016,-0.0585151166,9.8318119,-0.00107804674,0.000504402502,0.00348181627,2.93258572,-0.000254631042,1
69,1.029986,0,0,0,0,-0.049386736,0.174876124,0.00135128724,2.93094611,-0.160684258,-0.0848603323,9.75038147,0.00105248217,-0.00162612647,0.00135128724,2.93258572,-0.000254631042,1
70,1.040008,0,0,0,0,-0.0220573992,0.154297382,0.000286022841,2.93167853,-0.146314129,-0.0537250787,9.74080086,-1.27822468e-05,-0.00162612647,0.000286022841,2.93258572,-0.000254631042,1
71,1.050004,0,0,0,0,-0.0342686959,0.154450253,0.00135128724,2.93167853,-0.14391911,-0.0657001734,9.73361588,0.00211774674,0.000504402502,0.00135128724,2.93258572,-0.000254631042,1
72,1.059990,0,0,0,0,0.00102087529,0.15917559,-0.000779241615,2.93167853,-0.15589422,-0.0321699008,9.84139156,0.00105248217,-0.00162612647,-0.000779241615,2.93258572,-0.000254631042,1
73,1.070001,0,0,0,0,-0.0269674975,0.165184155,0.000286022841,2.93094611,-0.15589422,-0.0609101392,9.72882557,-1.27822468e-05,0.0015696669,0.000286022841,2.93258572,-0.000254631042,1
74,1.079987,0,0,0,0,-0.036957331,0.164818168,0.00348181627,2.93167853,-0.153499186,-0.0704902187,9.78151608,-0.00107804674,0.000504402502,0.00348181627,2.93258572,-0.000254631042,1
75,1.089984,0,0,0,0,-0.00152826053,0.135253206,0.00241655181,2.93094611,-0.131944016,-0.0297748819,9.78391171,-1.27822468e-05,-0.000560861954,0.00241655181,2.93258572,-0.000254631042,1
76,1.099980,0,0,0,0,0.0314226784,0.140453473,0.00241655181,2.93094611,-0.14391911,0.00136037311,9.7312212,0.00105248217,-0.00162612647,0.00241655181,2.93258572,-0.000254631042,1
77,1.109979,0,0,0,0,0.00290469103,0.122042634,0.00135128724,2.93167853,-0.119968921,-0.0225898232,9.77433109,-0.00107804674,0.000504402502,0.00135128724,2.93258572,-0.000254631042,1
78,1.119988,0,0,0,0,-0.0172600634,0.199801981,0.000286022841,2.93167853,-0.191819504,-0.0585151166,9.77672672,0.00105248217,-0.00162612647,0.000286022841,2.93258572,-0.000254631042,1
79,1.129985,0,0,0,0,0.0131917344,0.193314135,0.000286022841,2.93167853,-0.191819504,-0.027379863,9.74798584,-1.27822468e-05,-0.000560861954,0.000286022841,2.93258572,-0.000254631042,1
80,1.139981,0,0,0,0,0.00764760282,0.189621836,0.000286022841,2.93094611,-0.187029466,-0.0321699008,9.74559116,0.00105248217,-0.000560861954,0.000286022841,2.93258572,-0.000254631042,1
81,1.149990,0,0,0,0,0.0290959161,0.106662787,0.00241655181,2.93094611,-0.110388838,0.00615041237,9.78870106,-0.00107804674,-0.000560861954,0.00241655181,2.93258572,-0.000254631042,1
82,1.159988,0,0,0,0,-0.0094095571,0.178574041,0.00135128724,2.93094611,-0.172659352,-0.0465400182,9.84618187,0.00105248217,-0.00482191984,0.00135128724,2.93258572,-0.000254631042,1
83,1.430011,0,0,0,0,-0.0274838898,0.162839428,0.00241655181,2.93104196,-0.153499186,-0.0609101392,9.73840618,-1.27822468e-05,-0.00162612647,0.00241655181,2.93258572,-0.000254631042,1
84,1.439980,0,0,0,0,-0.00965279248,0.132064357,0.000286022841,2.93167853,-0.127153978,-0.0369599424,9.84378719,-1.27822468e-05,-0.000560861954,0.000286022841,2.93258572,-0.000254631042,1
85,1.449988,0,0,0,0,0.0291302297,0.153186813,-0.000779241615,2.93167853,-0.15589422,-0.00342966616,9.78870106,-0.00320857554,0.000504402502,-0.000779241615,2.93258572,-0.000254631042,1
86,1.460003,0,0,0,0,-0.0035620511,0.160176024,0.00241655181,2.93104196,-0.15589422,-0.0369599424,9.75517082,0.00105248217,-0.000560861954,0.00241655181,2.93258572,-0.000254631042,1
87,1.469988,0,0,0,0,0.0172083788,0.131246969,0.00348181627,2.93094611,-0.131944016,-0.0106147248,9.85097218,-0.00107804674,0.00263493136,0.00348181627,2.93258572,-0.000254631042,1
88,1.480005,0,0,0,0,-0.000822504167,0.162017092,0.00348181627,2.93167853,-0.158289239,-0.0345649198,9.75038147,-1.27822468e-05,0.000504402502,0.00348181627,2.93258572,-0.000254631042,1
89,1.489979,0,0,0,0,0.0201977417,0.179590911,0.00241655181,2.93094611,-0.179844409,-0.0177997835,9.80067635,-1.27822468e-05,-0.00375665538,0.00241655181,2.93258572,-0.000254631042,1
90,1.500003,0,0,0,0,0.0338151231,0.152188689,0.00241655181,2.93167853,-0.15589422,0.00136037311,9.82462692,0.00211774674,-0.00269139092,0.00241655181,2.93258572,-0.000254631042,1
91,1.509989,0,0,0,0,0.00130903104,0.183598295,0.00348181627,2.93177438,-0.179844409,-0.0369599424,9.82462692,-0.00107804674,0.0015696669,0.00348181627,2.93258572,-0.000254631042,1
92,1.520008,0,0,0,0,-0.063616924,0.165663511,0.00348181627,2.93104196,-0.148709148,-0.0968354344,9.77672672,0.00105248217,0.000504402502,0.00348181627,2.93258572,-0.000254631042,1
93,1.529983,0,0,0,0,0.0075342604,0.155336663,0.000286022841,2.93177438,-0.153499186,-0.0249848422,9.86055183,-1.27822468e-05,-0.000560861954,0.000286022841,2.93258572,-0.000254631042,1
94,1.540009,0,0,0,0,-0.00220617861,0.154991403,0.000286022841,2.93094611,-0.151104167,-0.0345649198,9.7623558,-0.00107804674,-0.00162612647,0.000286022841,2.93258572,-0.000254631042,1
95,1.549984,0,0,0,0,0.00102087529,0.15917559,0.000286022841,2.93167853,-0.15589422,-0.0321699008,9.74559116,-1.27822468e-05,0.0015696669,0.000286022841,2.93258572,-0.000254631042,1
96,1.559981,0,0,0,0,0.00290469103,0.122042634,0.00241655181,2.93167853,-0.119968921,-0.0225898232,9.83899689,0.00105248217,0.00370019581,0.00241655181,2.93258572,-0.000254631042,1
97,1.569979,0,0,0,0,0.0121530332,0.176410258,0.00348181627,2.93104196,-0.175054371,-0.0249848422,9.74080086,0.00105248217,0.0015696669,0.00348181627,2.93258572,-0.000254631042,1
98,1.579988,0,0,0,0,0.0122629702,0.120047554,0.00348181627,2.93177438,-0.119968921,-0.0130097447,9.82223129,0.00211774674,-0.00162612647,0.00348181627,2.93258572,-0.000254631042,1
99,1.589984,0,0,0,0,0.0231010206,0.159368902,0.00241655181,2.93167853,-0.160684258,-0.0106147248,9.87252712,0.00105248217,0.00263493136,0.00241655181,2.93258572,-0.000254631042,1
100,1.599981,0,0,0,0,-0.0423585139,0.139078259,0.000286022841,2.93104196,-0.127153978,-0.0704902187,9.81504631,0.00105248217,-0.00375665538,0.000286022841,2.93258572,-0.000254631042,1
101,1.609990,0,0,0,0,-0.021377923,0.134557635,0.00135128724,2.93177438,-0.127153978,-0.0489350408,9.81265163,0.00105248217,0.0015696669,0.00135128724,2.93258572,-0.000254631042,1
102,1.619987,0,0,0,0,-0.00456316536,0.155491754,0.00135128724,2.93104196,-0.151104167,-0.0369599424,9.79109669,0.00211774674,0.000504402502,0.00135128724,2.93258572,-0.000254631042,1
103,1.629984,0,0,0,0,0.00854727905,0.160020843,0.000286022841,2.93167853,-0.17744939,-0.00103464653,9.81265163,0.00424827542,-0.00375665538,-0.00397503516,2.93258572,-0.000254631042,1
104,1.970010,0,0,-0.00221497891,0,-0.00017056537,0.176570833,-0.000779241615,2.93167853,-0.172659352,-0.0369599424,9.78151608,-0.00107804674,-0.00269139092,-0.000779241615,2.93258572,-0.000254631042,1
105,1.979983,0,0,-0.00221497891,0,-0.0128809251,0.174381271,0.00135128724,2.93167853,-0.167869315,-0.0489350408,9.74798584,0.00105248217,0.0015696669,0.00135128724,2.93258572,-0.000254631042,1
106,1.990011,0,0,0,0,-0.017219631,0.16551055,0.00454708049,2.93167853,-0.158289239,-0.0513300598,9.7312212,-0.00214331108,0.0015696669,0.00454708049,2.93258572,-0.000254631042,1
107,1.999986,0,0,0,0,0.00599875767,0.136092946,0.00135128724,2.93094611,-0.134339035,-0.0225898232,9.75517082,-0.00214331108,-0.000560861954,0.00135128724,2.93258572,-0.000254631042,1
108,2.010004,0,0,0,0,0.00958584249,0.130414292,0.00348181627,2.93167853,-0.129548997,-0.0177997835,9.79349136,0.00105248217,-0.00162612647,0.00348181627,2.93258572,-0.000254631042,1
109,2.019990,0,0,0,0.00147665257,-0.0337696299,0.1567927,0.00348181627,2.93167853,-0.146314129,-0.0657001734,9.82223129,-1.27822468e-05,-0.00162612647,0.00348181627,2.93258572,-0.000254631042,1
110,2.030009,0,0,0,0,-0.0322319977,0.129528597,0.00135128724,2.93167853,-0.119968921,-0.0585151166,9.7623558,0.00105248217,0.0015696669,0.00135128724,2.93258572,-0.000254631042,1
111,2.040016,0,0,0,0,-0.0211046413,0.146786466,0.00241655181,2.93094611,-0.139129072,-0.0513300598,9.75277615,0.00105248217,-0.000560861954,0.00241655181,2.93258572,-0.000254631042,1
112,2.050010,0,0,0,-0.00221497891,0.0140112406,0.173566237,0.00135128724,2.93094611,-0.172659352,-0.0225898232,9.75277615,0.00105248217,-0.000560861954,0.00135128724,2.93258572,-0.000254631042,1
113,2.060000,0,0,0,0,0.00800777692,0.191969827,0.00241655181,2.93167853,-0.189424485,-0.0321699008,9.82941628,0.00211774674,-0.00162612647,0.00241655181,2.93258572,-0.000254631042,1
114,2.069988,0,0,0,0,-0.0441779718,0.188395515,0.00241655181,2.93167853,-0.175054371,-0.0824653134,9.75517082,-1.27822468e-05,0.00263493136,0.00241655181,2.93258572,-0.000254631042,1
115,2.080002,0,0,0,0,-0.000364879699,0.152148545,0.00241655181,2.93094611,-0.148709148,-0.0321699008,9.81025696,-1.27822468e-05,-0.000560861954,0.00241655181,2.93258572,-0.000254631042,1
116,2.089988,0,0,0,0,-0.0160968378,0.170207277,0.00135128724,2.93167853,-0.127153978,-0.0513300598,9.79588604,0.00105248217,-0.000560861954,0.00135128724,2.93258572,-0.000254631042,1
117,2.100010,0,0,0,0,0.00889346376,0.150151983,0.00241655181,2.93167853,-0.184634447,-0.0489350408,9.7791214,-0.00107804674,-0.00269139092,0.00135128724,2.93258572,-0.000254631042,1
118,2.109985,0,0,0,0,0.00555288931,0.145966157,0.00348181627,2.93167853,-0.175054371,-0.0393549614,9.75517082,-0.00107804674,-0.000560861954,0.00241655181,2.93258572,-0.000254631042,1
119,2.120004,0,0,0,0,-0.00301207742,0.174727455,0.00135128724,2.93167853,-0.129548997,-0.0657001734,9.7144556,-1.27822468e-05,-0.000560861954,0.00241655181,2.93258572,-0.000254631042,1
120,2.129979,0,0,0,0,0.0170159191,0.187618703,0.000286022841,2.93094611,-0.165474296,-0.0561200976,9.76475143,-0.00107804674,-0.000560861954,0.000286022841,2.93258572,-0.000254631042,1
121,2.139988,0,0,0,0,-0.0146838697,0.142931327,-0.000779241615,2.93167853,-0.112783857,-0.0154047646,9.80546665,-1.27822468e-05,-0.00162612647,0.00241655181,2.93258572,-0.000254631042,1
122,2.149986,0,0,0,0,-0.0610741638,0.189546511,0.00135128724,2.93167853,-0.172659352,-0.0680951998,9.79828167,-0.00214331108,0.000504402502,0.00241655181,2.93258572,-0.000254631042,1
123,2.159982,0,0,0,0,-0.0317981616,0.119683072,0.000286022841,2.93094611,-0.110388838,-0.0561200976,9.74798584,-1.27822468e-05,0.00263493136,0.000286022841,2.93258572,-0.000254631042,1
124,2.169990,0,0,0,0,0.000908431888,0.112672843,0.00241655181,2.93167853,-0.110388838,-0.0225898232,9.80307102,0.00105248217,0.0015696669,0.00135128724,2.93258572,-0.000254631042,1
125,2.179987,0,0,0,0,-0.0165272541,0.145772845,0.00241655181,2.93167853,-0.139129072,-0.0465400182,9.79588604,-0.00107804674,-0.00375665538,0.00135128724,2.93258572,-0.000254631042,1
126,2.189984,0,0,0,0,-0.0452885516,0.137207881,0.00241655181,2.93167853,-0.124758959,-0.0728852376,9.80786133,-1.27822468e-05,-0.00162612647,0.00454708049,2.93258572,-0.000254631042,1
127,2.199981,0,0,0,0,-0.0244146809,0.154794097,0.00135128724,2.93177438,-0.146314129,-0.0561200976,9.75996113,0.00105248217,-0.000560861954,0.00135128724,2.93258572,-0.000254631042,1
128,2.209988,0,0,0,0,0.00969828386,0.176917017,0.00135128724,2.93167853,-0.175054371,-0.027379863,9.81265163,0.00105248217,0.0015696669,0.00135128724,2.93258572,-0.000254631042,1
129,2.290007,0,0,0,0,0.00839439966,0.147809535,0.00135128724,2.93167853,-0.146314129,-0.0225898232,9.76475143,-1.27822468e-05,-0.00162612647,0.00135128724,2.93258572,-0.000254631042,1
130,2.299981,0,0,0,0,0.0140112406,0.173566237,0.00135128724,2.93094611,-0.172659352,-0.0225898232,9.78870106,0.00105248217,-0.000560861954,0.00135128724,2.93258572,-0.000254631042,1
131,2.309989,0,0,0,0,-0.00218284829,0.167200848,0.000286022841,2.93177438,-0.163079277,-0.0369599424,9.75277615,-1.27822468e-05,-0.000560861954,0.000286022841,2.93258572,-0.000254631042,1
132,2.320001,0,0,0,0,-0.0505501181,0.15798077,0.00135128724,2.93094611,-0.14391911,-0.0824653134,9.78870106,0.00105248217,0.0015696669,0.00135128724,2.93258572,-0.000254631042,1
133,2.329987,0,0,0,0,-0.00105625042,0.218388677,0.000286022841,2.93167853,-0.213374689,-0.0465400182,9.81744194,0.0031830112,-0.000560861954,0.000286022841,2.93258572,-0.000254631042,1
134,2.340002,0,0,0,0,0.0315884724,0.118376218,0.000286022841,2.93104196,-0.12236394,0.00615041237,9.7312212,-0.00107804674,-0.00269139092,0.000286022841,2.93258572,-0.000254631042,1
135,2.350003,0,0,0,0,-0.0105551416,0.173881188,0.00348181627,2.93177438,-0.167869315,-0.0465400182,9.76475143,-0.00214331108,0.000504402502,0.00348181627,2.93258572,-0.000254631042,1
136,2.359989,0,0,0,0,-0.0185639448,0.1706945,0.00241655181,2.93167853,-0.163079277,-0.0537250787,9.80067635,-0.00107804674,-0.00162612647,0.00241655181,2.93258572,-0.000254631042,1
137,2.370010,0,0,0,0,-0.0425223261,0.161162585,0.00135128724,2.93094611,-0.148709148,-0.0752802566,9.79349136,0.00211774674,0.00263493136,0.00135128724,2.93258572,-0.000254631042,1
138,2.379986,0,0,0,0,-0.00155982922,0.169544533,0.000286022841,2.93104196,-0.165474296,-0.0369599424,9.79588604,-0.00107804674,-0.000560861954,0.000286022841,2.93258572,-0.000254631042,1
139,2.390003,0,0,0,0,0.00987675227,0.154837817,0.00135128724,2.93177438,-0.153499186,-0.0225898232,9.77672672,-1.27822468e-05,-0.00269139092,0.00135128724,2.93258572,-0.000254631042,1
140,2.399979,0,0,0,0,0.00358726177,0.102305278,0.00241655181,2.93177438,-0.100808762,-0.0177997835,9.81265163,0.00211774674,-0.00162612647,0.00241655181,2.93258572,-0.000254631042,1
141,2.409987,0,0,0,0,-0.00452534435,0.16769968,0.00241655181,2.93177438,-0.163079277,-0.0393549614,9.79349136,-0.00107804674,0.000504402502,0.00241655181,2.93258572,-0.000254631042,1
142,2.419984,0,0,0,0,-0.0143941613,0.167352557,0.00454708049,2.93177438,-0.160684258,-0.0489350408,9.80067635,-1.27822468e-05,0.000504402502,0.00454708049,2.93258572,-0.000254631042,1
143,2.430005,0,0,0,0,-0.00567473052,0.150803372,0.00241655181,2.93177438,-0.146314129,-0.0369599424,9.83899689,0.00105248217,-0.00162612647,0.00241655181,2.93258572,-0.000254631042,1
144,2.439980,0.177198321,0.160216808,0.13216041,0.118870527,0.104021974,-0.195895061,0.0120039321,2.93104196,0.16982846,0.142666534,10.4521217,0.0138356555,-0.0133440364,0.0120039321,2.93258572,-0.000254631042,1
145,2.450000,0.274657369,0.245124325,0.220759571,0.177198321,-2.9254837,1.37457025,-0.0636298433,2.9311378,-0.733093977,-3.14809036,11.1203327,0.0159661844,-0.0421061777,-0.0636298433,2.93249416,-0.000254631042,1
146,2.459986,0.333723456,0.282040626,0.311573684,0.276134014,-3.3090713,1.45065463,-0.27561748,2.92869639,-0.718723834,-3.54087377,9.6186552,0.0340756811,-0.0580851436,-0.27561748,2.93121243,-0.000254631042,1
147,2.470007,0.441519141,0.459977269,0.47105217,0.390574604,-4.51348543,1.81965613,-0.552586257,2.92303777,-0.797759473,-4.80065393,9.41747284,0.0628378168,-0.0271924734,-0.552586257,2.92794704,-0.000254631042,1
148,2.479981,0.586969376,0.764167726,0.65637207,0.568511188,-5.24827528,2.22973609,-0.894536138,2.91508579,-0.994151115,-5.61496019,8.92409897,0.0521851741,-0.0261272099,-0.894536138,2.92190456,-0.000254631042,1
149,2.490002,0.758261144,0.815112174,0.877131641,0.753831089,-3.1289103,2.50554013,-1.22689855,2.9019022,-1.69110179,-3.63427949,8.49539089,0.06816414,-0.00908297859,-1.22689855,2.91277981,-0.000254631042,1
150,2.499986,1.04104006,0.974590659,1.03956342,0.960562468,-5.91894197,4.69963026,-1.58056641,2.88578892,-3.04907775,-6.91545582,9.74319553,0.0915999562,0.105965585,-1.58056641,2.90057278,-0.000254631042,1
151,2.509984,1.04842341,1.14440572,1.23891151,1.17393875,-3.65086508,3.06624389,-1.94914782,2.86817622,-1.96652913,-4.34320545,8.56245136,0.0330104157,0.197578326,-1.94914782,2.88491726,-0.000254631042,1
152,2.519980,1.33267891,1.26032305,1.29428601,1.34523058,-3.7478652,2.10772848,-2.28896713,2.84318709,-0.912720442,-4.20189905,9.67134571,-0.00640436914,0.210361496,-2.28896713,2.86599636,-0.000254631042,1
153,2.529989,1.39765167,1.71734691,1.49954069,1.55048513,-5.73450422,2.52890539,-2.56487083,2.81544185,-0.55825752,-6.24245548,12.1980915,0.0798820481,0.0548328906,-2.56487083,2.84408474,-0.000254631042,1
154,2.540008,1.73949671,1.73137522,1.67452407,1.44711947,-3.20297813,2.38794088,-2.84716582,2.78860307,-3.99990058,-4.88447952,9.01271534,0.171494797,-0.10921783,-2.9132123,2.81915188,-0.000254631042,1
155,2.549983,1.60807478,1.88125551,1.88273203,1.78379619,-3.47346258,3.46780348,-3.20509458,2.75968099,-2.07669997,-2.71938205,7.90142584,0.105448395,-0.051693555,-3.27433681,2.79083157,-0.000254631042,1
156,2.559979,2.10053825,2.03778052,2.14705276,1.99126601,-2.75696301,1.51503766,-3.44477916,2.72684455,-1.22407293,-3.7348702,5.98061991,0.107578926,-0.0186703578,-3.50017285,2.75949001,-0.000254631042,1
157,2.569987,2.17510915,2.06066895,2.22310042,1.95287311,0.141427547,5.41991568,-3.85277557,2.68806195,-5.60456419,-1.28476524,6.96736813,0.215170637,0.162424594,-3.94438815,2.72497463,-0.000254631042,1
158,2.580010,2.02375221,2.31686807,2.36190581,2.14114642,-2.50984287,10.6885834,-4.21070433,2.64388132,-7.3912487,-5.67004585,13.4267359,0.136341065,0.304104775,-4.27142429,2.68658352,-0.000254631042,1
159,2.589985,2.42392492,2.4564116,2.4224484,2.48889804,-2.63800216,2.78825212,-4.53454494,2.59890723,-3.47539139,-3.65583467,14.1380568,0.158711627,0.273212105,-4.61657,2.64514065,-0.000254631042,1
160,2.599981,2.45493507,2.51473927,2.5553472,2.35452247,-4.71921587,9.04852772,-5.01071787,2.55347013,-4.91000843,-11.183382,7.06077385,0.197061151,0.126205608,-5.08848238,2.5995779,-0.000254631042,1
161,2.609989,2.4224484,2.86396766,2.62918019,2.69415259,-1.29858565,-1.4219681,-5.35160255,2.5029676,1.91579771,-0.195031241,11.8244677,0.194930613,0.14218457,-5.36758137,2.55007839,-0.000254631042,1
162,2.619986,2.84993958,2.79013491,2.86249113,2.57232881,8.76201344,5.18009281,-5.69142199,2.44229031,-9.60424709,3.37115288,3.00361109,0.232214868,-0.00908297859,-5.76599026,2.4978323,-0.000254631042,1
163,2.629983,2.81745338,2.99981976,2.9304173,2.7775836,-0.881047606,4.6528697,-5.98863077,2.3855629,-2.78083563,-3.83306599,11.1251221,0.216235906,0.193317264,-5.98863077,2.44125271,-0.000254631042,1
164,2.639979,2.83000445,3.06774569,3.14674664,2.7281158,10.065589,5.05541372,-6.23151112,2.32440591,-10.7993612,3.20110655,6.229702,0.227953821,0.147510886,-6.23151112,2.38278103,-0.000254631042,1
165,2.649988,2.84107947,2.98948312,3.14084029,2.72516227,0.420811892,10.4764996,-6.53724194,2.26024032,-6.9888854,-7.8159833,5.06811762,0.200256944,0.189056203,-6.53724194,2.32067776,-0.000254631042,1
166,2.659984,2.63065672,2.95035172,3.08325028,2.67126441,3.57493615,7.86483049,-6.91967201,2.18596053,-7.45830917,-4.35997057,11.1299124,0.203452736,0.327540606,-6.91967201,2.25552273,-0.000254631042,1
167,2.669980,2.5553472,2.84403276,2.94001555,2.59226346,4.1175642,5.1807394,-7.23499012,2.11426997,-6.20331907,-2.30504346,7.61402369,0.203452736,0.0612244755,-7.23499012,2.18649197,-0.000254631042,1
168,2.830006,2.69858241,2.82852769,2.70965743,2.73254561,5.73623991,-9.7691555,-9.21638203,0.729609251,-11.1059237,2.23591375,5.15673351,0.222627491,0.223144665,-9.21638203,0.861586571,-0.000254631042,1
169,2.839980,2.80268669,2.88759422,2.64616156,2.73106909,1.90394425,-12.4320431,-9.26857948,0.636399984,-11.1298742,5.85718346,11.3670197,0.350459218,0.361629069,-9.26857948,0.769148827,-0.000254631042,1
170,2.850006,2.75912523,2.90457535,2.69415259,2.76798534,5.50040388,-12.0372858,-9.38256359,0.540792465,-13.1512699,1.48148251,8.16248322,0.330219209,0.141119301,-9.38256359,0.676039696,-0.000254631042,1
171,2.859981,2.83960271,2.89793086,2.69562936,2.79604173,-0.283684343,-13.5921431,-9.37191105,0.446328163,-12.1381769,6.12303066,10.7299442,0.461246729,0.234862581,-9.37191105,0.582076073,-0.000254631042,1
172,2.870006,2.76650858,2.9459219,2.79013491,2.86101437,1.16890621,-10.6030388,-9.50613403,0.350921392,-10.3586779,2.54726624,5.0274024,0.396265596,0.0814645067,-9.50613403,0.487502098,-0.000254631042,1
173,2.879980,2.84698606,2.90309906,2.75617194,2.82409787,-0.0131665012,-12.071805,-9.51785183,0.254146099,-11.680728,3.04782534,12.7249956,0.37922138,0.219948873,-9.51785183,0.392378807,-0.000254631042,1
174,2.889989,2.84698606,2.98652959,2.80416346,2.89054751,-0.470831901,-10.8499689,-9.65100956,0.159942389,-10.6364994,2.19280338,4.04304934,0.334480256,0.08359503,-9.65100956,0.296553612,-0.000254631042,1
175,2.899985,2.88907099,2.97693157,2.74657369,2.81597662,0.372558445,-12.8936224,-9.63503075,0.0603764057,-12.8926086,0.406118661,6.83085203,0.251389623,0.20503518,-9.63503075,0.199873924,-0.000254631042,1
176,2.909982,2.90457535,3.01237154,2.82114482,2.92598701,-3.56812906,-12.4669075,-9.77031994,-0.0333213806,-12.5788603,3.1508112,6.00457048,0.220496967,0.212492019,-9.77031994,0.10264492,-0.000254631042,1
177,2.920006,3.00351119,2.99243641,2.79751825,2.85953784,-3.25613809,-17.1221714,-9.78842926,-0.127899647,-17.3976402,1.04558897,12.2867069,0.168299004,0.241254166,-9.78842926,0.00480556488,-0.000254631042,1
178,2.929981,3.01384783,2.99391294,2.91638875,2.90605235,-7.35595417,-11.3877888,-9.84595299,-0.223411083,-12.7345371,4.65009356,8.43311977,0.229019076,0.287060559,-9.84595299,-0.0939188004,-0.000254631042,1
179,2.940007,3.02344632,3.01384783,2.82262135,2.84698606,-4.84361887,-12.1905584,-9.90028191,-0.317989349,-13.0937901,0.78932184,7.31464624,0.169364274,0.127270877,-9.90028191,-0.19233799,-0.000254631042,1
180,2.949981,3.00351119,3.04338098,2.92008042,2.91638875,-12.2437029,-12.4720221,-9.9610014,-0.413247585,-16.3390408,6.20446157,11.4556351,0.198126405,0.299843729,-9.9610014,-0.291764259,-0.000254631042,1
181,2.960007,3.01680112,3.08989549,2.87504268,2.96142673,-8.67824554,-12.5260134,-9.99615574,-0.511200428,-15.1702719,1.44076717,7.61162853,0.14912425,0.136858255,-9.99615574,-0.391709328,-0.000254631042,1
182,2.969982,3.05445576,3.01532435,2.98652959,2.97102499,-12.4615459,-9.51713276,-10.0238523,-0.612039566,-15.2181721,5.1147275,10.24615,0.266303331,0.433001786,-10.0238523,-0.492508888,-0.000254631042,1
183,2.980005,3.08029723,3.09284854,2.89202428,2.95699716,-4.63157272,-11.5105095,-10.1080084,-0.710724354,-12.8614731,5.7541976,9.37436295,0.226888552,0.227405727,-10.1378355,-0.592852592,-0.000254631042,1
184,2.989981,3.10983014,3.07439065,2.89793086,2.9459219,-10.9456291,-9.15301228,-10.1037474,-0.79157877,-12.3585186,1.15815485,9.03666496,0.371764511,0.411696494,-10.1154652,-0.69432354,-0.000254631042,1
185,3.000002,3.11130714,3.17184973,2.91195869,3.01384783,-12.5185928,-6.55817699,-10.2209263,-0.890778065,-13.2111454,7.35167599,5.15194321,0.329153955,0.260428935,-10.2294483,-0.795947075,-0.000254631042,1
186,3.009982,3.12533522,3.18735456,2.91786551,3.04042768,-13.5017834,-4.1897645,-10.2017517,-0.990726948,-13.1704302,1.46471739,9.28095722,0.402657181,0.399978578,-10.2347746,-0.897997856,-0.000254631042,1
187,3.019990,3.1194284,3.21319604,2.94149208,3.02196956,-17.1394863,-4.4064846,-10.3551493,-1.08775568,-16.6240482,3.35199285,10.6652784,0.42289722,0.355237484,-10.3391705,-1.00078106,-0.000254631042,1
188,3.030002,3.0869422,3.26561713,2.97102499,2.98136187,-11.5424376,-4.96127748,-10.371129,-1.18951893,-14.7367735,3.67053032,13.1129885,0.439941436,0.39784807,-10.3849773,-1.1041441,-0.000254631042,1
189,3.039989,3.11573696,3.25380397,3.08029723,3.03525949,-13.6318893,-2.61304688,-10.4094782,-1.29977465,-13.8338509,1.13180959,12.3082619,0.431419343,0.306235313,-10.4137392,-1.20829678,-0.000254631042,1
190,3.049985,3.06036258,3.22279429,2.99391294,3.04633451,-16.6703968,1.95458889,-10.4552841,-1.40694332,-16.1282806,4.6476984,14.8757229,0.390939265,0.187990949,-10.4701986,-1.31211758,-0.000254631042,1
191,3.060006,3.14231682,3.27078557,3.0869422,3.06036258,-14.9765558,3.20900011,-10.5468969,-1.51758242,-14.7846737,4.00104332,10.1838799,0.456985682,0.241254166,-10.5362444,-1.4171896,-0.000254631042,1
192,3.069981,3.137887,3.17775631,3.09137201,3.11130714,-16.5361404,-1.04849863,-10.5458317,-1.62052298,-16.463583,-1.86914992,6.33747816,0.347263426,0.148576155,-10.563942,-1.52238369,-0.000254631042,1
193,3.079989,3.19621468,3.22574782,3.11278367,3.06183934,-12.7134295,8.53050423,-10.5735292,-1.73010778,-13.9057016,6.40564299,7.79365015,0.396265596,0.21675308,-10.5703335,-1.62821865,-0.000254631042,1
194,3.090007,3.24125242,3.21319604,3.15486813,3.07439065,-14.954464,6.69674873,-10.6555538,-1.84032011,-16.1977348,2.47302055,8.84985352,0.256715953,0.232732043,-10.6555538,-1.73438883,-0.000254631042,1
195,3.099984,3.17775631,3.2722621,3.11130714,3.04338098,-15.0017405,6.95448971,-10.6715336,-1.95394087,-16.5138779,0.842012227,11.1203327,0.251389623,0.272146821,-10.6715336,-1.8411088,-0.000254631042,1
196,3.110009,3.25380397,3.2796452,3.13936353,3.06331611,-10.3077917,12.1350784,-10.7301226,-2.06702185,-14.8421545,5.76377773,7.93016624,0.272694916,0.199708849,-10.7301226,-1.9484086,-0.000254631042,1
197,3.119984,3.28629041,3.24863577,3.1209054,3.09875536,-12.4693451,9.87652874,-10.7716684,-2.17912531,-15.8768024,0.97852838,8.30618382,0.208779052,0.211426765,-10.7716684,-2.05619669,-0.000254631042,1
198,3.129981,3.24863577,3.29072046,3.11130714,3.10170889,-6.07283926,14.8960676,-10.8004303,-2.2887013,-14.3727303,7.22474003,10.1934595,0.295065492,0.21675308,-10.8004303,-2.16465616,-0.000254631042,1
199,3.139989,3.30327201,3.31065512,3.19473791,3.1976912,-11.265769,15.9482431,-10.870738,-2.39959335,-19.368742,2.47302055,7.53977776,0.181082174,0.284930021,-10.870738,-2.27348185,-0.000254631042,1
200,3.150003,3.30770206,3.2722621,3.163728,3.12828875,-6.35766506,16.2254372,-10.8526278,-2.51766181,-16.8827114,4.31958055,7.51103783,0.229019076,0.278538436,-10.8526278,-2.38246012,-0.000254631042,1
201,3.159988,3.3387115,3.31803799,3.22131753,3.12681174,-0.838862777,18.8004646,-10.9357185,-2.62629533,-16.7725391,8.53481579,7.22603035,0.235410675,0.364824861,-10.9357185,-2.49207926,-0.000254631042,1
202,3.170002,3.35569286,3.27816868,3.18735456,3.13124204,-5.61043739,15.8107901,-10.9730034,-2.73795462,-16.7437992,1.05037892,9.53482914,0.226888552,0.332866937,-10.9730034,-2.60194254,-0.000254631042,1
203,3.179988,3.36012292,3.33501959,3.11130714,3.13936353,3.38127494,14.8821926,-10.9985695,-2.84855032,-13.2710209,7.53609228,12.0759449,0.328088671,0.338193238,-10.9985695,-2.71259928,-0.000254631042,1
204,3.189985,3.31508517,3.34757137,3.15486813,3.26561713,-0.861492038,16.05797,-11.0347881,-2.95842242,-15.9462585,2.07784247,10.1695099,0.283347577,0.295582682,-11.0347881,-2.82331705,-0.000254631042,1
205,3.199984,3.39260936,3.38005805,3.17184973,3.24863577,3.98757339,18.8094349,-11.0518322,-3.06453681,-18.4466591,5.42368507,9.83660221,0.364307672,0.300908983,-11.0518322,-2.93415689,-0.000254631042,1
206,3.209981,3.36012292,3.39113283,3.31213164,3.24125242,5.67600155,15.1894264,-11.0656815,3.10893393,-15.3666639,5.17699814,13.4722414,0.352589756,0.313692153,-11.0656815,-3.02287149,-0.000254631042,1
207,3.219988,3.37119794,3.41845083,3.26118731,3.24568224,2.34150076,14.6493902,-11.1594248,3.00240135,-14.8325739,0.286367714,9.22108173,0.363242418,0.271081567,-11.1594248,-3.1341691,-0.000254631042,1
208,3.229986,3.39113283,3.38301134,3.21762609,3.24420571,7.20229959,13.6026897,-11.1839256,2.89351463,-14.9547205,3.64179015,5.57825661,0.389874011,0.280668974,-11.1839256,3.0370779,-0.000254631042,1
209,3.239983,3.35421634,3.44060063,3.29367375,3.35200119,11.8244362,15.2793398,-11.2393188,2.78150678,-18.4658184,5.6823473,10.3922462,0.287608624,0.356302738,-11.2393188,2.92455959,-0.000254631042,1
210,3.249980,3.39113283,3.43543243,3.22427082,3.31508517,9.00407696,14.7487955,-11.2957783,2.66778946,-17.2323837,1.28269589,10.3563213,0.341937125,0.357367992,-11.2957783,2.81213284,-0.000254631042,1
211,3.259988,3.39408565,3.44207716,3.23313093,3.27521539,19.6211605,11.8397713,-11.3341274,2.55592084,-20.712347,9.80657101,7.46074247,0.384547681,0.26682052,-11.3341274,2.69879055,-0.000254631042,1
212,3.350000,3.48194671,3.52993798,3.47308707,3.42657232,21.5864773,-5.11489296,-11.6792736,1.52805424,-21.7853165,4.18785477,12.3920879,0.338741332,0.282799482,-11.6792736,1.66403103,-0.000254631042,1
213,3.359985,3.46201205,3.54987288,3.37562799,3.39260936,14.1291971,-7.69023371,-11.7463846,1.40378666,-15.2109871,5.23447847,8.07147217,0.341937125,0.257233143,-11.7463846,1.54676723,-0.000254631042,1
214,3.369982,3.52255487,3.59491062,3.3985157,3.38817954,15.8471699,-13.3815279,-11.7581034,1.28454113,-18.9807472,8.36237431,6.74702644,0.334480256,0.247645751,-11.7581034,1.42906094,-0.000254631042,1
215,3.379981,3.55799413,3.57792926,3.47013378,3.4206655,19.2357674,-11.3980865,-11.7708864,1.16818166,-22.1637287,2.94962955,13.0962238,0.272694916,0.295582682,-11.7708864,1.31126308,-0.000254631042,1
216,3.390009,3.57202268,3.63330364,3.36972117,3.42952585,13.5538654,-12.3977699,-11.8209534,1.04909372,-17.9293346,3.9938581,8.65825176,0.314240247,0.307300568,-11.8209534,1.19319057,-0.000254631042,1
217,3.399982,3.62444377,3.65545344,3.44946027,3.45315218,9.3969059,-17.2489491,-11.8220186,0.926099062,-17.8766441,8.13963699,6.62248516,0.314240247,0.294517398,-11.8220186,1.07475185,-0.000254631042,1
218,3.410004,3.62001395,3.61632204,3.47899342,3.46053529,13.4482508,-18.7684822,-11.8827391,0.802119255,-22.7145844,4.14234924,9.922822,0.230084345,0.346715361,-11.8827391,0.95609951,-0.000254631042,1
219,3.419979,3.62149072,3.67834139,3.46348858,3.41106725,5.58252716,-16.1529922,-11.9317408,0.678330898,-17.5269718,3.9938581,8.3181591,0.336610794,0.398913324,-11.9317408,0.83677578,-0.000254631042,1
220,3.430005,3.64290166,3.68129492,3.51590967,3.43395567,6.24408531,-22.1137829,-11.9839392,0.558797836,-19.9962368,9.53832912,6.81169176,0.29186967,0.353106946,-11.9892654,0.716536522,-0.000254631042,1
221,3.439990,3.66136026,3.63478065,3.38965631,3.45315218,10.6931067,-19.7927399,-12.0382671,0.462807178,-21.9649429,3.241822,12.9788675,0.2737602,0.330736399,-12.0425282,0.595992088,-0.000254631042,1
222,3.450001,3.66579008,3.68572497,3.41697407,3.49302149,-0.1568349,-18.7862129,-12.0808783,0.341085911,-19.354372,4.82492971,11.357439,0.372829795,0.346715361,-12.1075096,0.475325584,-0.000254631042,1
223,3.459986,3.67686486,3.69384646,3.51590967,3.54101276,-1.2834996,-20.5312481,-12.0872698,0.220340967,-18.0778255,7.34209585,10.6988087,0.396265596,0.267885774,-12.0915308,0.354140282,-0.000254631042,1
224,3.470000,3.69679976,3.69089341,3.46644187,3.59195733,-0.0127339205,-20.3549309,-12.1447935,0.0985581875,-22.1110382,4.89438534,5.26211405,0.295065492,0.251906812,-12.1618385,0.23255825,-0.000254631042,1
225,3.480011,3.63035035,3.70639801,3.5188632,3.56833076,-5.96141195,-20.8072376,-12.1671648,-0.0201463699,-19.9267807,2.87298894,7.37931156,0.33554554,0.258298397,-12.1724911,0.110579491,-0.000254631042,1
226,3.489985,3.67981815,3.73223901,3.5188632,3.59934068,-9.53664207,-19.274538,-12.2012529,-0.140507698,-20.4201546,6.74334097,11.0389013,0.323827624,0.313692153,-12.2012529,-0.0118265152,-0.000254631042,1
227,3.499983,3.69975328,3.72928619,3.49154496,3.55356455,-7.2144804,-17.8786106,-12.2630386,-0.258671761,-19.12924,2.40117002,8.34450436,0.315305501,0.309431106,-12.2790174,-0.134385109,-0.000254631042,1
228,3.510009,3.72928619,3.74626756,3.44946027,3.54544306,-11.186018,-17.5476227,-12.2523861,-0.377324104,-20.4345245,3.93398261,4.57953405,0.360046595,0.258298397,-12.2662344,-0.257157326,-0.000254631042,1
229,3.520001,3.75438881,3.76620221,3.52107835,3.62444377,-17.1843872,-16.2681313,-12.281148,-0.494851589,-22.4774761,7.39718151,14.727232,0.327023417,0.340323776,-12.2694302,-0.37996006,-0.000254631042,1
230,3.529990,3.76620221,3.75734234,3.50409675,3.63994861,-17.1586151,-12.7710075,-12.3578472,-0.618003368,-20.3506985,6.58526945,10.4449368,0.309979171,0.300908983,-12.3706303,-0.503129005,-0.000254631042,1
231,3.539986,3.76767921,3.75734234,3.5565176,3.56685448,-16.7987442,-11.910017,-12.3450642,-0.739637852,-20.1207771,4.3818512,5.15433836,0.313174963,0.322214276,-12.3450642,-0.626727104,-0.000254631042,1
232,3.549982,3.76177239,3.75069761,3.60746217,3.58383584,-20.3866844,-12.8909779,-12.3748913,-0.859702587,-23.8594036,3.53880429,12.2555714,0.282282293,0.339258522,-12.3748913,-0.750475883,-0.000254631042,1
233,3.559990,3.75734234,3.76915574,3.56390095,3.59048057,-20.1227303,-5.96399307,-12.4547863,-0.979331493,-20.0297661,6.26912689,10.8425102,0.334480256,0.356302738,-12.4547863,-0.874529839,-0.000254631042,1
234,3.569986,3.78318405,3.80681038,3.56094766,3.57645273,-20.2565918,-3.82914495,-12.4675694,-1.10217762,-19.8022404,5.73264265,5.52796125,0.364307672,0.321149021,-12.4675694,-0.998980522,-0.000254631042,1
235,3.580010,3.78318405,3.81567025,3.63699555,3.59638739,-23.3164444,-5.590662,-12.4973965,-1.22571278,-23.8330574,2.62630177,7.25956059,0.338741332,0.314757437,-12.4973965,-1.12370586,-0.000254631042,1
236,3.589986,3.74774432,3.82526827,3.61779904,3.61632204,-21.2938099,0.68461746,-12.5336151,-1.35852528,-20.6716328,5.15544271,12.2100658,0.395200342,0.334997445,-12.5336151,-1.24888515,-0.000254631042,1
237,3.600009,3.76177239,3.82969856,3.57202268,3.60598564,-21.3911438,8.41130733,-12.5613127,-1.48626328,-20.6045723,10.1873789,8.62472153,0.44100672,0.281734228,-12.5613127,-1.3743124,-0.000254631042,1
238,3.610006,3.82674527,3.84963346,3.66726637,3.61484551,-23.1195488,6.6079874,-12.5581169,-1.61389637,-23.3827934,5.60570669,10.4257765,0.427158266,0.281734228,-12.5581169,-1.49980068,-0.000254631042,1
239,3.619982,3.83929658,3.84668016,3.67391181,3.65545344,-24.164257,6.27099657,-12.6092491,-1.74099779,-24.8772869,2.08742237,7.10867453,0.386678219,0.276407897,-12.6092491,-1.62620449,-0.000254631042,1
240,3.630009,3.81714678,3.88064289,3.61632204,3.67095828,-18.7250481,7.05694866,-12.6316195,-1.87533617,-19.9794712,1.11743951,6.5362649,0.386678219,0.267885774,-12.6316195,-1.75215006,-0.000254631042,1
241,3.639983,3.82969856,3.89319468,3.67095828,3.66283655,-17.9529495,18.6815434,-12.663578,-2.00840235,-24.1779404,9.31319714,8.63669682,0.377090842,0.280668974,-12.663578,-1.8789506,-0.000254631042,1
242,3.649979,3.862185,3.86661458,3.69384646,3.65840697,-20.3873901,17.7036686,-12.7168407,-2.1411624,-26.7190571,3.89326715,11.6448412,0.318501294,0.27960369,-12.7168407,-2.0062089,-0.000254631042,1
243,3.659986,3.81714678,3.87621284,3.64290166,3.67243505,-14.2112551,12.7749166,-12.7349501,-2.27298927,-19.1004982,0.573770046,5.00105715,0.349393964,0.267885774,-12.7349501,-2.13374186,-0.000254631042,1
244,3.669982,3.82969856,3.88064289,3.69679976,3.64437866,-7.42229939,21.5768261,-12.7775612,-2.40200019,-20.9422684,9.05932522,7.25716543,0.319566548,0.287060559,-12.7775612,-2.2619462,-0.000254631042,1
245,3.679981,3.86070848,3.87916613,3.73223901,3.71230459,-8.71468067,25.6806412,-12.7903442,-2.52686095,-26.0053406,7.69176865,11.5203009,0.202387467,0.32860586,-12.7903442,-2.36436319,-0.000254631042,1
246,3.689988,3.90205503,3.83412838,3.73888421,3.66283655,-8.95858955,22.6333027,-12.8265629,-2.66807008,-24.2282352,2.34847951,11.1993675,0.214105383,0.363759607,-12.8265629,-2.49329996,-0.000254631042,1
247,3.699986,3.91165304,3.83560538,3.66726637,3.66283655,-2.25523067,20.8675518,-12.8233671,-2.80057716,-20.4201546,4.85367012,5.22858381,0.294000208,0.282799482,-12.8233671,-2.62187052,-0.000254631042,1
248,3.709982,3.92568088,3.89171791,3.72928619,3.74331403,5.0984602,22.7790489,-12.8787613,-2.92640543,-21.1650066,9.84489059,11.0556669,0.242867514,0.258298397,-12.8787613,-2.75120401,-0.000254631042,1
249,3.719979,3.93454075,3.91017604,3.70492148,3.80385685,3.37662411,25.9427242,-12.8990011,-3.05273104,-25.5407066,5.66558218,12.6507502,0.278021246,0.305170059,-12.8990011,-2.88053751,-0.000254631042,1
250,3.890009,3.99213028,4.08442116,3.87473631,3.81567025,20.4280682,-20.6158047,-13.2814312,1.01417279,-25.5670528,8.37195396,13.4914017,0.253520161,0.265755236,-13.2814312,1.17103481,-0.000254631042,1
251,3.899985,3.98917675,4.04307461,3.80976343,3.83265185,18.903511,-18.6003304,-13.29741,0.903481007,-26.5729599,3.42863345,8.06668186,0.258846492,0.281734228,-13.3112583,1.037673,-0.000254631042,1
252,3.909982,4.01058817,4.01797152,3.82083845,3.85480165,9.11891747,-20.446804,-13.3123236,0.765097141,-22.7002144,4.12318897,5.84649897,0.278021246,0.321149021,-13.3165846,0.904006004,-0.000254631042,1
253,3.919989,4.05857992,4.0644865,3.92568088,3.80385685,7.55635834,-25.5901299,-13.3410864,0.642137051,-25.0473328,11.3106432,9.60188961,0.282282293,0.32327953,-13.3538694,0.770155907,-0.000254631042,1
254,3.929987,4.06596279,4.04750443,3.8511095,3.85775518,9.39961624,-25.633873,-13.3836966,0.492862225,-25.2245636,8.13484764,11.6592121,0.250324368,0.319018483,-13.3783703,0.636061668,-0.000254631042,1
255,3.940001,4.05710316,4.06005621,3.79425883,3.89024138,5.4299016,-21.5420494,-13.3890228,0.371385098,-26.0412655,0.190566927,7.91819096,0.278021246,0.304104775,-13.3943491,0.50184536,-0.000254631042,1
256,3.950000,4.04898119,4.06891632,3.82379198,3.90426922,-5.56412411,-24.4271164,-13.423111,0.222712278,-22.5948334,3.89087224,4.71605015,0.309979171,0.278538436,-13.4326982,0.3670187,-0.000254631042,1
257,3.959986,4.06153297,4.06005621,3.85627818,3.92568088,-6.64879322,-28.5375862,-13.4603958,0.103179216,-27.7010155,9.55269909,15.0769043,0.316370755,0.270016313,-13.4625263,0.231917381,-0.000254631042,1
258,3.970001,4.04898119,4.07556105,3.84963346,3.95964408,-5.60002375,-24.7049313,-13.4721136,-0.0451188087,-24.9323711,4.48004723,3.68140149,0.282282293,0.331801653,-13.4731789,0.0973958969,-0.000254631042,1
259,3.979987,4.05045795,4.10361767,3.83117509,3.89762449,-3.81573319,-20.5291882,-13.4838314,-0.160649776,-20.8752079,0.482759297,3.80354762,0.281217039,0.303039521,-13.5019407,-0.0376138687,-0.000254631042,1
260,3.990005,4.07260799,4.1124773,3.87030649,3.86366129,-19.2631168,-24.4888496,-13.4955492,-0.303663731,-29.1284466,11.059166,14.1069221,0.288673878,0.375477493,-13.4944839,-0.173172951,-0.000254631042,1
261,4.000007,4.09697247,4.07999086,3.87325931,3.88876462,-20.8937263,-22.2841396,-13.5647917,-0.420755386,-28.8745747,9.96943188,13.8075447,0.270564407,0.401043862,-13.5647917,-0.308670998,-0.000254631042,1
262,4.009981,4.11395407,4.07113123,3.88507271,3.92863393,-16.4996433,-16.986063,-13.5584002,-0.564754963,-23.1792183,4.84648514,6.57937527,0.329153955,0.38506487,-13.5584002,-0.44423008,-0.000254631042,1
263,4.020007,4.1065712,4.11838436,3.862185,3.97071886,-15.8772659,-13.9890337,-13.5434866,-0.686136246,-20.8823929,3.42144847,0.0194164198,0.303587586,0.270016313,-13.5434866,-0.580094337,-0.000254631042,1
264,4.029981,4.12059927,4.12798214,3.92715716,3.95004582,-28.5385704,-12.1071053,-13.5605307,-0.834076405,-29.2721481,10.2065392,11.6448412,0.32276234,0.333932191,-13.5605307,-0.716479301,-0.000254631042,1
265,4.040005,4.12059927,4.14939404,3.94413924,3.93823266,-30.1862736,-11.4598465,-13.6074018,-0.947601795,-31.2001381,8.31207848,14.0877619,0.334480256,0.425544918,-13.6074018,-0.851794243,-0.000254631042,1
266,4.049980,4.10361767,4.12207556,3.8961482,3.97662568,-23.0609531,-5.87114,-13.6361647,-1.09590006,-23.1935883,5.32309437,6.25604725,0.394135058,0.357367992,-13.6361647,-0.987505913,-0.000254631042,1
267,4.059983,4.13758087,4.12059927,3.87473631,3.95521355,-20.6790028,-3.57278943,-13.6372299,-1.22007179,-20.6476822,3.74956608,3.20479274,0.37922138,0.315822691,-13.6372299,-1.12379742,-0.000254631042,1
268,4.069980,4.13388872,4.15899229,3.94413924,3.92420411,-27.7914696,2.55131531,-13.6340342,-1.37749052,-26.7837219,7.84265471,12.5932693,0.427158266,0.331801653,-13.6340342,-1.2606039,-0.000254631042,1
269,4.080008,4.11543083,4.19295502,3.98253202,3.92420411,-30.7867508,8.28996277,-13.6723833,-1.50360632,-30.1606998,10.3382645,15.2613211,0.430354059,0.339258522,-13.6723833,-1.39713955,-0.000254631042,1
270,4.089981,4.09401894,4.20993662,3.95521355,3.94266248,-24.5268593,6.92539787,-13.6947536,-1.65619421,-25.0281734,4.8081646,8.76363277,0.448463559,0.303039521,-13.6947536,-1.53394985,-0.000254631042,1
271,4.100008,4.1124773,4.21289015,3.91312933,3.96112037,-18.2884884,10.9739447,-13.6968842,-1.78067112,-20.1734676,6.92296743,6.01415062,0.41011405,0.246580482,-13.6968842,-1.67115688,-0.000254631042,1
272,4.109983,4.13905716,4.22101116,3.95964408,3.94856882,-23.6805897,15.4633665,-13.7203197,-1.94162083,-27.6746693,5.8308382,10.8952007,0.36643821,0.26682052,-13.7203197,-1.80836344,-0.000254631042,1
273,4.120004,4.14939404,4.19000149,3.94561553,3.94266248,-24.9553776,20.5706196,-13.7437563,-2.06969881,-31.7557831,6.12303066,10.7227592,0.334480256,0.294517398,-13.7437563,-1.94605875,-0.000254631042,1
274,4.129989,4.15751505,4.20402956,3.91017604,3.93158722,-18.1379166,22.4758625,-13.7522783,-2.22813749,-28.0914021,6.70981073,8.34929466,0.362177134,0.306235313,-13.7522783,-2.05631876,-0.000254631042,1
275,4.140008,4.18704844,4.17892694,3.97219586,3.93306398,-13.2235394,20.8776302,-13.7853012,-2.35313725,-24.0965099,5.48595572,7.26674557,0.307848662,0.277473181,-13.7853012,-2.19465494,-0.000254631042,1
276,4.149981,4.20402956,4.15234756,3.97810245,3.96259713,-9.24413204,27.2302094,-13.8087368,-2.49987483,-27.3465519,8.89406872,11.5634108,0.186408505,0.353106946,-13.8087368,-2.33302164,-0.000254631042,1
277,4.159980,4.2328248,4.14201069,4.00099039,3.93011045,-10.0580883,27.825592,-13.8715878,-2.63888645,-29.2290363,4.59261322,8.34929466,0.154450566,0.362694323,-13.8715878,-2.47178507,-0.000254631042,1
278,4.169988,4.25645065,4.14348745,3.99508357,3.92863393,-5.53141594,29.7382507,-13.8694572,-2.79805732,-29.863718,4.8081646,9.64500046,0.211974844,0.389325947,-13.8694572,-2.61121988,-0.000254631042,1
279,4.180005,4.24685287,4.14939404,3.99065375,3.94118571,-0.390866905,24.703558,-13.8833055,-2.92041516,-24.187521,5.03808689,9.8270216,0.243932784,0.331801653,-13.8833055,-2.75074625,-0.000254631042,1
280,4.189979,4.23577833,4.09992552,4.00099039,3.90205503,6.94720936,29.2723103,-13.8865013,-3.06807685,-28.682972,9.07848549,9.62104988,0.255650699,0.330736399,-13.8865013,-2.89033365,-0.000254631042,1
281,4.200003,4.16194534,3.97810245,3.96850395,3.85627818,8.96625233,26.2456322,-13.8865013,3.09493876,-26.635231,7.73248386,7.63797379,0.294000208,0.34138903,-13.8865013,-3.0298295,-0.000254631042,1
282,4.209990,4.1124773,3.86366129,3.95964408,3.76029563,8.65892792,26.9728527,-13.8960886,2.96046996,-28.0914021,3.65855527,9.022295,0.317436039,0.3541722,-13.8960886,3.11395168,-0.000254631042,1
283,4.220005,4.06153297,3.8452034,3.90869951,3.82969856,12.8293886,19.8342762,-13.8002148,2.82199883,-22.8606796,5.9481945,9.86055183,0.35365501,0.357367992,-13.8002148,2.97454739,-0.000254631042,1
284,4.229979,4.00468206,3.8961482,3.90574622,3.85775518,19.9778481,19.7381935,-13.7107325,2.67087579,-26.6519966,8.8533535,9.9276123,0.316370755,0.363759607,-13.7107325,2.83648586,-0.000254631042,1
285,4.240005,3.99951339,3.81862378,3.88359618,3.78466082,22.2380371,18.9147511,-13.6244459,2.55134249,-28.0914021,7.94803572,9.97311783,0.302522331,0.408500701,-13.6244459,2.69891262,-0.000254631042,1
286,4.249979,4.00246668,3.68941641,3.8991015,3.79278255,19.762043,16.1457958,-13.4838314,2.41867852,-25.1814537,4.13755941,7.73856449,0.275890708,0.355237484,-13.4838314,2.56237698,-0.000254631042,1
287,4.259989,3.97514892,3.63847184,3.90057802,3.7957356,20.299963,9.16548157,-13.3836966,2.287287,-21.3278675,6.42001343,6.69194078,0.259911746,0.307300568,-13.3836966,2.42684841,-0.000254631042,1
288,4.269986,3.92715716,3.59195733,3.90869951,3.78318405,27.4513359,3.76756096,-13.2761049,2.14172697,-25.1335545,11.6651058,11.8124933,0.282282293,0.281734228,-13.2761049,2.29232693,-0.000254631042,1
289,4.279983,3.84963346,3.51590967,3.91165304,3.79130554,25.1109276,3.16841745,-13.1259022,2.02292657,-23.9719696,8.12047768,9.83660221,0.271629661,0.263624728,-13.1259022,2.15884304,-0.000254631042,1
290,4.289980,3.76472592,3.45905876,3.93601704,3.80385685,20.8764515,1.88399231,-13.0140495,1.88391447,-20.4417095,4.63811827,5.82254887,0.252454907,0.247645751,-13.0140495,2.02642727,-0.000254631042,1
291,4.299988,3.65028524,3.4324789,3.89319468,3.78687572,23.2249928,-4.39042139,-12.9021969,1.76799989,-21.9146481,8.85574818,11.5035353,0.285478085,0.325410068,-12.9021969,1.8952322,-0.000254631042,1
292,4.309984,3.61041594,3.38005805,3.94856882,3.76915574,25.6714191,-9.59733772,-12.7946053,1.62581444,-25.1048126,10.9945002,10.928731,0.339806587,0.282799482,-12.7946053,1.76541042,-0.000254631042,1
293,4.319981,3.52255487,3.38965631,3.89171791,3.76324916,16.388113,-4.42810535,-12.6848831,1.50773716,-18.3580437,3.27774715,9.352808,0.305718124,0.327540606,-12.6848831,1.63598537,-0.000254631042,1
294,4.329979,3.47751689,3.46201205,3.72337961,3.76767921,18.1851215,-12.2505617,-12.5996618,1.36373758,-16.0684052,5.66079187,5.51838112,0.302522331,0.214622557,-12.6007271,1.50804043,-0.000254631042,1
295,4.410006,3.25011253,3.64733195,3.46201205,3.84372687,-4.50174332,-23.2198734,-12.0915308,0.390985727,-19.7519436,13.0111065,16.4803867,0.270564407,0.322214276,-12.0457239,0.512831688,-0.000254631042,1
296,4.419980,3.24125242,3.67834139,3.44060063,3.92420411,-4.57818222,-22.5917721,-12.1149664,0.269796133,-20.5542755,10.4340658,10.5742674,0.205583259,0.329671144,-12.0957918,0.390944481,-0.000254631042,1
297,4.430000,3.21467257,3.70492148,3.39113283,3.84077358,0.250204086,-14.2975283,-12.0318756,0.163490057,-14.1475983,2.08023739,4.58671904,0.303587586,0.29771319,-12.0318756,0.269087791,-0.000254631042,1
298,4.439984,3.34904814,3.72780919,3.35716963,3.80976343,-8.41569042,-21.3391705,-11.9967222,0.0295529366,-21.0811806,9.04255962,13.0507183,0.218366444,0.389325947,-11.9967222,0.147719383,-0.000254631042,1
299,4.450004,3.24125242,3.7957356,3.25823402,3.80016565,-7.83367729,-20.5688457,-11.9882002,-0.0854897499,-21.162611,6.04878521,13.608758,0.224758029,0.389325947,-11.9882002,0.0266866684,-0.000254631042,1
300,4.459989,3.34904814,3.84372687,3.24125242,3.8961482,-8.48273182,-15.8070421,-11.9860697,-0.200479984,-17.1796932,5.16502285,10.9718409,0.218366444,0.452176541,-11.9860697,-0.0940713882,-0.000254631042,1
301,4.469987,3.25971079,3.90205503,3.17037296,3.78982925,-9.06699657,-19.1066513,-11.941328,-0.315949917,-20.9781952,2.68138742,5.09685802,0.152320042,0.365890115,-11.941328,-0.214554787,-0.000254631042,1
302,4.479985,3.34314132,4.0091114,3.14527011,3.6923697,-14.884861,-15.8901234,-11.9743519,-0.430207729,-20.6500759,6.90141201,9.2354517,0.239671722,0.371216446,-11.9743519,-0.334916115,-0.000254631042,1
303,4.489982,3.31803799,3.95816708,3.08472729,3.76029563,-11.8073454,-11.4242697,-11.9115009,-0.545197964,-15.8911724,4.17108965,12.4711237,0.238606468,0.361629069,-11.9115009,-0.454575539,-0.000254631042,1
304,4.500009,3.39999247,4.11100101,2.97397852,3.73076272,-19.5476761,-11.5198431,-11.9541121,-0.665803432,-21.1338711,8.25699329,5.24295425,0.233280137,0.352041692,-11.9541121,-0.574723244,-0.000254631042,1
305,4.509983,3.37858129,4.0541501,2.97397852,3.63847184,-19.885849,-11.0383739,-11.9882002,-0.784255028,-21.8595619,6.28110218,9.07738018,0.281217039,0.388260663,-11.9882002,-0.694140434,-0.000254631042,1
306,4.519984,3.42657232,4.14201069,3.00498796,3.63699555,-23.6309128,-9.38489819,-11.9658298,-0.90080595,-24.3503819,7.31814575,10.4880466,0.349393964,0.510766089,-11.9658298,-0.814227104,-0.000254631042,1
307,4.530005,3.48342323,4.16194534,2.89497733,3.53953624,-15.7019968,-5.33142185,-11.9988527,-1.00276089,-16.1043301,3.95314264,8.91451931,0.39200455,0.519288182,-11.9988527,-0.933886528,-0.000254631042,1
308,4.540000,3.54691958,4.16489887,2.98431468,3.44946027,-21.4134426,-0.971110165,-11.9892654,-1.13259077,-19.8022404,8.20669746,3.75564718,0.482552022,0.526745081,-11.9892654,-1.05446148,-0.000254631042,1
309,4.549987,3.64733195,4.17449665,2.93706203,3.45315218,-25.9982948,-0.0230725016,-11.995657,-1.25641394,-24.7311897,8.01749134,7.07993412,0.490008861,0.495852381,-11.995657,-1.17411709,-0.000254631042,1
310,4.560017,3.72780919,4.13093567,2.92008042,3.40146923,-22.304163,-0.0956785902,-11.9530468,-1.37871933,-21.9122524,4.16390467,14.6865168,0.585882664,0.507570267,-11.9530468,-1.29395962,-0.000254631042,1
311,4.570007,3.83782005,4.04750443,3.01680112,3.34757137,-20.1333199,8.31727695,-11.9892654,-1.50308275,-19.5244179,9.66047478,9.78870106,0.586947918,0.395717531,-11.9892654,-1.38963223,-0.000254631042,1
312,4.580007,3.81271696,4.10804796,2.96954846,3.23313093,-18.3050804,9.27680206,-11.9743519,-1.62398481,-18.7723808,8.29052353,8.72291756,0.594404757,0.247645751,-11.9743519,-1.50944424,-0.000254631042,1
313,4.589983,3.96702719,4.0644865,3.07586718,3.17332625,-18.0150928,7.47885609,-11.9679604,-1.74602079,-19.0430183,4.22378016,9.93479729,0.574164748,0.145380363,-11.9679604,-1.6293478,-0.000254631042,1
314,4.600010,3.88728809,3.97367215,3.05076432,3.12976527,-22.5225315,7.78399706,-11.9530468,-1.87313986,-23.8186874,0.724656284,11.5586205,0.503857315,0.0814645067,-11.9530468,-1.7490983,-0.000254631042,1
315,4.609984,3.87768984,3.91017604,3.17184973,3.15634465,-19.1532478,12.2854166,-11.9732866,-1.99976206,-22.5277729,3.20589662,13.6710281,0.439941436,0.120879292,-11.9732866,-1.86921549,-0.000254631042,1
316,4.619985,4.07260799,3.87916613,3.19178462,3.07734394,-11.4624472,15.7430124,-12.0212231,-2.11035776,-17.9221497,7.61752319,7.92537594,0.305718124,0.0495065674,-12.0212231,-1.98951578,-0.000254631042,1
317,4.630006,3.98917675,3.86366129,3.23977566,3.01384783,-10.8417187,16.3329029,-12.0009832,-2.24922132,-18.6909504,5.91226912,5.06811762,0.242867514,0.0697465986,-12.0009832,-2.10990763,-0.000254631042,1
318,4.639981,4.06891632,3.79278255,3.33354306,3.02639937,-15.2620735,16.6354923,-12.0073748,-2.36977434,-22.5660934,0.664780796,10.4401464,0.148058981,0.0953129455,-12.0073748,-2.23036051,-0.000254631042,1
319,4.650005,4.07999086,3.70122957,3.4324789,2.99686646,-8.47801399,19.1787434,-11.9807434,-2.49858475,-20.4321308,4.71475887,2.40964603,0.140602127,0.131531939,-11.9807434,-2.35105753,-0.000254631042,1
320,4.659980,3.99360681,3.62739706,3.48490024,2.99391294,-3.65809703,22.4821301,-12.0212231,-2.61947799,-21.3111019,8.04144192,8.52413082,0.0937304869,0.207165703,-12.0212231,-2.471663,-0.000254631042,1
321,4.669988,4.13758087,3.55504131,3.54396629,2.99391294,-5.265275,19.536829,-12.0212231,-2.74041438,-20.0417423,2.78197813,7.68108416,0.0532504395,0.201839387,-12.0212231,-2.59251261,-0.000254631042,1
322,4.679985,4.0644865,3.50040507,3.55504131,3.01532435,-2.46270919,23.4408283,-12.0190926,-2.86262417,-23.2127476,4.08726406,6.76858139,0.148058981,0.274277389,-12.0190926,-2.71406412,-0.000254631042,1
323,4.690006,4.01058817,3.50040507,3.67095828,3.05888581,4.20343494,19.3749237,-12.0148315,-2.9817121,-18.4586334,7.23432016,11.582571,0.185343236,0.263624728,-12.0148315,-2.83470011,-0.000254631042,1
324,4.699980,4.01058817,3.42952585,3.65176177,3.14231682,4.14957142,20.073967,-12.0340061,-3.09421754,-19.8549309,5.09556723,5.48245621,0.184277982,0.225275204,-12.0340061,-2.9555192,-0.000254631042,1
325,4.709989,3.95521355,3.43100238,3.62444377,3.20433617,4.02502012,19.0158596,-12.0020485,3.07226872,-19.248991,2.69815254,9.55159473,0.306783378,0.258298397,-12.0020485,-3.07630777,-0.000254631042,1
326,4.719986,3.88876462,3.39260936,3.73740768,3.12533522,14.4420328,18.9106216,-11.9807434,2.96856117,-21.1147099,10.9705496,12.4926786,0.371764511,0.357367992,-11.9807434,3.08636379,-0.000254631042,1
327,4.729982,3.8452034,3.38670278,3.72337961,3.30474854,12.0252962,20.4598694,-12.0414629,2.83707404,-23.1241322,5.33746433,6.43806887,0.378156096,0.386130154,-12.0414629,2.9662466,-0.000254631042,1
328,4.739979,3.79278255,3.38153458,3.65028524,3.28629041,7.587327,17.5317879,-12.0180273,2.71642518,-19.1004982,-0.31957227,3.55686045,0.477225691,0.424479663,-12.0180273,2.84548855,-0.000254631042,1
329,4.750006,3.77284765,3.39999247,3.70492148,3.22279429,18.9383831,10.821312,-12.0659647,2.59635139,-19.0741539,10.580162,10.4066162,0.546467841,0.457502872,-12.0659647,2.72476101,-0.000254631042,1
330,4.759981,3.79425883,3.42361903,3.73740768,3.57792926,16.8517284,14.6340551,-12.0276146,2.47987866,-21.9002762,4.30281544,9.80546665,0.552859426,0.41595754,-12.0276146,2.60403347,-0.000254631042,1
331,4.770004,3.8511095,3.73223901,3.84372687,3.52846146,15.5383797,12.2682486,-12.0968571,2.36181068,-19.6489582,2.4227252,6.16024637,0.625297427,0.431936532,-12.0968571,2.48327541,-0.000254631042,1
332,4.779990,3.95816708,3.76177239,3.83117509,3.81419349,20.7323189,6.5300827,-12.0403976,2.26391912,-16.7246399,5.46679544,9.43663311,0.689213276,0.296647936,-12.084074,2.36236477,-0.000254631042,1
333,4.790009,4.12355185,3.81271696,4.07408476,3.90205503,18.9205303,11.4077272,-12.1852741,2.14844942,-22.2116299,4.75786924,5.51838112,0.639145851,0.246580482,-12.1916656,2.24081326,-0.000254631042,1
334,4.799983,4.05193472,3.87030649,4.11690712,3.90426922,26.3464108,7.06804609,-12.4132404,2.02169704,-28.1919937,4.95186615,11.153863,0.613579512,0.251906812,-12.4686346,2.11804104,-0.000254631042,1
335,4.810002,3.98400879,3.91755915,4.07113123,3.95521355,16.5619965,5.62806702,-12.6188364,1.90954041,-28.2806091,4.99976683,13.7356939,0.578425765,0.277473181,-12.6912746,1.99334621,-0.000254631042,1
336,4.819988,4.05045795,3.98548555,4.02461672,4.02609348,21.9486046,4.68387079,-12.8531952,1.77043295,-21.8427963,1.09109426,6.34226799,0.580556333,0.260428935,-12.9043274,1.86642361,-0.000254631042,1
337,4.830006,4.05562639,3.98770046,4.10361767,4.13905716,31.4323883,-3.09460759,-13.1322937,1.64100385,-24.6737099,6.2332015,9.15162659,0.426093012,0.228470996,-13.1706438,1.73721218,-0.000254631042,1
338,4.839981,4.06153297,3.93823266,4.20698309,4.06596279,30.9553413,-5.08691931,-13.3272371,1.50615096,-31.2192993,3.0765655,12.0304394,0.306783378,0.202904642,-13.3922186,1.6059103,-0.000254631042,1
339,4.849989,4.05193472,4.06596279,4.14496374,4.13905716,23.2898598,-12.9747438,-13.5509434,1.3616724,-25.4760418,7.85702515,9.78870106,0.315305501,0.135792986,-13.5573349,1.47184658,-0.000254631042,1
340,4.859986,4.06300926,4.07408476,4.12059927,4.16194534,21.7578812,-14.151866,-13.6681223,1.22402048,-25.2724648,5.91466427,6.73265648,0.269499123,0.0654855371,-13.6926231,1.33753872,-0.000254631042,1
341,4.869982,4.05857992,3.98548555,4.14939404,4.16342211,22.5969543,-19.2642956,-13.8140631,1.08533049,-28.9751644,6.49425888,9.0917511,0.255650699,0.146445632,-13.8438911,1.20112514,-0.000254631042,1
342,4.879990,3.99213028,3.98770046,4.16932869,4.20993662,21.2542763,-19.1243687,-13.8822403,0.943214178,-28.4338913,2.9999249,11.4412651,0.234345406,0.136858255,-13.8822403,1.06349087,-0.000254631042,1
343,4.889987,3.98917675,4.0954957,4.11690712,4.19590855,14.8602285,-22.2224026,-13.9099369,0.798839092,-26.1490421,5.55780602,9.75277615,0.239671722,0.17414251,-13.9099369,0.925276756,-0.000254631042,1
344,4.899984,4.00099039,4.15087032,4.1065712,4.22544193,10.9107046,-28.1355286,-14.0047455,0.665623903,-28.8673897,8.79347801,7.22603035,0.194930613,0.141119301,-14.0047455,0.786360741,-0.000254631042,1
345,4.909981,4.04159832,4.18483353,4.05857992,4.24685287,8.03189182,-30.7484589,-14.0271158,0.523646116,-30.6444931,8.41985512,11.3837843,0.222627491,0.20503518,-14.0271158,0.646956444,-0.000254631042,1
346,4.919990,4.0541501,4.19295502,4.07556105,4.23946953,3.67609859,-28.5593739,-14.0516176,0.36807394,-27.9692574,6.84632683,8.96002483,0.252454907,0.213557288,-14.0516176,0.507338524,-0.000254631042,1
347,4.930008,4.06005621,4.1988616,4.04898119,4.26531076,3.30112028,-26.5915985,-14.0473566,0.226260662,-26.6543903,2.7484479,6.83085203,0.30465287,0.227405727,-14.0473566,0.366957664,-0.000254631042,1
348,4.940003,4.04750443,4.25497437,3.99655986,4.24832964,-3.55791163,-25.1537457,-14.0878363,0.0864264965,-24.7527447,5.71587753,5.24534893,0.29186967,0.221014142,-14.0878363,0.226546288,-0.000254631042,1
349,4.949990,4.09697247,4.29484415,3.99803686,4.25940418,-12.4543142,-28.6869869,-14.0803795,-0.051176548,-29.2865181,10.9705496,12.0687599,0.317436039,0.344584823,-14.0803795,0.0858297348,-0.000254631042,1
350,4.960009,4.21436644,4.36867666,3.96850395,4.24685287,-13.1963396,-26.1983185,-14.0846405,-0.187819958,-28.2015743,8.07257652,9.73840618,0.288673878,0.350976408,-14.0846405,-0.0544595718,-0.000254631042,1
351,4.969982,4.24537611,4.41814423,4.04750443,4.23799276,-15.6052389,-26.5383377,-14.1208591,-0.307871342,-30.0193939,6.82956171,13.144124,0.278021246,0.444719702,-14.1208591,-0.195420265,-0.000254631042,1
352,4.980008,4.24980593,4.41666746,4.01058817,4.21731997,-15.0418053,-22.7401028,-14.1560135,-0.460785389,-27.0567551,3.36157298,5.90876961,0.30465287,0.3669554,-14.1560135,-0.336319923,-0.000254631042,1
353,4.989983,4.28081608,4.41814423,3.94266248,4.1405344,-17.5554447,-17.8866844,-14.2156677,-0.59914732,-24.6713142,4.4105916,10.5742674,0.325958133,0.353106946,-14.2156677,-0.478318214,-0.000254631042,1
354,5.000009,4.30075026,4.41962147,3.95373726,4.10361767,-27.4499111,-13.5545378,-14.2625399,-0.724507809,-28.3428802,11.5717001,11.7813578,0.331284463,0.325410068,-14.2625399,-0.620471001,-0.000254631042,1
355,5.009983,4.27638578,4.41519165,4.02461672,4.1124773,-28.5788555,-10.5787888,-14.2902365,-0.872661114,-28.6925526,10.2664146,11.5203009,0.321697086,0.285995275,-14.2902365,-0.762499809,-0.000254631042,1
356,5.020005,4.24094629,4.36424637,3.95521355,4.06891632,-27.0915642,-8.31364346,-14.3040848,-0.997559071,-27.2699108,7.70853376,9.58512497,0.334480256,0.312626898,-14.3040848,-0.876543999,-0.000254631042,1
357,5.029981,4.17301989,4.19295502,3.82379198,3.90205503,-25.7059383,-4.71805286,-14.3232594,-1.16418791,-25.4760418,5.83323336,4.65138435,0.380286634,0.294517398,-14.3232594,-1.01915264,-0.000254631042,1
358,5.039988,4.18483353,4.06891632,3.81567025,3.87768984,-26.6025505,-0.0762540326,-14.3104763,-1.30755281,-25.7059631,6.84872198,8.01878166,0.404787719,0.345650107,-14.3104763,-1.16228008,-0.000254631042,1
359,5.049985,4.13905716,4.09697247,3.82674527,3.87916613,-30.0787659,7.35890532,-14.1634703,-1.44933939,-28.9655857,10.9489946,11.9897242,0.368568718,0.353106946,-14.1634703,-1.30470181,-0.000254631042,1
360,5.059981,4.15899229,4.0644865,3.83117509,3.76324916,-27.8181114,12.7401867,-14.0558786,-1.59297419,-28.0937977,12.1201591,10.1958551,0.220496967,0.340323776,-14.0558786,-1.4456625,-0.000254631042,1
361,5.069990,4.1124773,3.91608262,3.81567025,3.76177239,-21.9248867,12.871067,-13.8939581,-1.72395754,-23.631876,9.3754673,7.86310577,0.211974844,0.317953229,-13.8939581,-1.58582973,-0.000254631042,1
362,5.079987,4.10952425,3.75217414,3.80385685,3.71525812,-18.9147873,14.4454374,-13.6947536,-1.8841238,-22.4463425,7.91211033,9.07738018,0.154450566,0.332866937,-13.6947536,-1.72498941,-0.000254631042,1
363,5.089984,4.0954957,3.73888421,3.79425883,3.68572497,-18.4738674,19.7063828,-13.5775747,-2.02566481,-25.2533054,9.58622932,11.9035034,0.137406334,0.3541722,-13.5775747,-1.86314249,-0.000254631042,1
364,5.099980,4.01944828,3.69975328,3.83117509,3.64142537,-15.5399542,22.8796196,-13.4603958,-2.1628027,-25.6628532,10.3143148,12.4208279,0.175755858,0.315822691,-13.4603958,-1.99885416,-0.000254631042,1
365,5.109982,3.86513829,3.58531237,3.86513829,3.64733195,-10.0461025,18.8163872,-13.2462778,-2.29824042,-20.0153961,7.37323093,8.121768,0.231149614,0.236993104,-13.2462778,-2.13407755,-0.000254631042,1
366,5.120010,3.84224987,3.54101276,3.862185,3.63994861,-9.31610107,23.8785172,-13.0864878,-2.43489885,-24.2090759,8.41985512,11.7693825,0.195995882,0.314757437,-13.0864878,-2.26792765,-0.000254631042,1
367,5.129984,3.77727723,3.57054591,3.87030649,3.61336875,-5.26901007,24.5202637,-13.0140495,-2.57037139,-23.4762001,8.82461262,7.9804616,0.110774718,0.363759607,-13.0140495,-2.40028238,-0.000254631042,1
368,5.140006,3.73223901,3.52993798,3.84815669,3.62001395,-3.30210948,21.4945297,-12.8137798,-2.69810915,-20.832098,6.24038696,3.02277112,0.14912425,0.383999616,-12.8137798,-2.5313859,-0.000254631042,1
369,5.150059,3.7263329,3.61336875,3.80385685,3.64733195,0.50976193,24.2059937,-12.6571865,-2.82555056,-22.8487053,8.00791168,6.10755634,0.168299004,0.45963338,-12.6571865,-2.66105509,-0.000254631042,1
370,5.159984,3.87325931,3.73519254,3.81271696,3.8961482,4.81509113,22.6903877,-12.5581169,-2.94743824,-21.3350525,9.10243511,14.7008867,0.150189519,0.553376675,-12.5581169,-2.78965616,-0.000254631042,1
371,5.170007,3.95373726,3.80681038,3.94709253,3.81862378,5.78034449,19.0589676,-12.5197668,-3.06445169,-18.5568295,7.23192501,8.98876476,0.240736991,0.462829202,-12.5197668,-2.9166398,-0.000254631042,1
372,5.179982,3.99508357,3.93011045,3.83412838,3.86070848,9.04605961,20.8454514,-12.5954008,3.09590411,-21.2368565,8.08455181,8.88577938,0.30465287,0.389325947,-12.5954008,-3.04344034,-0.000254631042,1
373,5.190006,4.06744003,4.08442116,3.98105574,3.86070848,5.51619482,19.743969,-12.6273584,2.96868896,-20.3985996,2.03712702,14.9068584,0.387743473,0.353106946,-12.6273584,3.11215115,-0.000254631042,1
374,5.199980,4.25940418,3.98548555,4.1294589,4.03347683,5.8198266,21.1562538,-12.7733002,2.84187508,-21.9314117,-0.686010301,10.3850613,0.455920398,0.315822691,-12.7733002,2.98403835,-0.000254631042,1
375,5.210024,4.10509443,3.98253202,4.07408476,3.97367215,14.0510826,23.8460884,-12.9980707,2.71389318,-27.5261784,2.89454412,7.18770981,0.384547681,0.387195408,-12.9980707,2.85452175,-0.000254631042,1
376,5.219990,4.0305233,3.92272782,4.16046858,3.90205503,17.3392448,19.9814644,-13.1621218,2.61018562,-28.2686348,6.18769646,9.25461197,0.450594097,0.543789268,-13.2015362,2.72302151,-0.000254631042,1
377,5.230007,4.02461672,3.92420411,4.10509443,4.03200006,16.2040024,16.7136421,-13.3261719,2.48162842,-24.0725594,2.37721992,11.0436916,0.381351888,0.554441929,-13.3549347,2.59017849,-0.000254631042,1
378,5.239981,4.08146763,4.00615835,4.13241196,4.05857992,15.5511408,15.2428656,-13.4731789,2.34690642,-22.0918789,1.18929005,7.48229742,0.374960303,0.480938673,-13.5008755,2.45587063,-0.000254631042,1
379,5.250009,4.05045795,4.00763512,4.19590855,4.02313995,26.9381561,10.0018435,-13.6201849,2.20855689,-24.1539898,4.9782114,6.93144274,0.317436039,0.39784807,-13.6212502,2.32018948,-0.000254631042,1
380,5.259984,3.94266248,3.95004582,4.12059927,4.0091114,30.5879517,10.2823076,-13.7405605,2.07631946,-29.3895035,8.44619942,16.1450844,0.283347577,0.330736399,-13.7554741,2.18337917,-0.000254631042,1
381,5.270003,3.88359618,3.84372687,3.99213028,4.03347683,24.8553829,2.53320694,-13.7831707,1.93790078,-29.013485,7.47142696,11.146677,0.26097703,0.263624728,-13.7874317,2.04626369,-0.000254631042,1
382,5.279988,3.84668016,3.70122957,3.99213028,4.03200006,23.9296703,-2.05683827,-13.7863665,1.80221963,-22.8199654,7.49058723,6.40932846,0.296130747,0.206100434,-13.8044758,1.90853786,-0.000254631042,1
383,5.290007,3.72780919,3.71082807,3.97071886,3.98400879,26.1236153,-2.53405499,-13.7309723,1.66037393,-25.7921848,4.8608551,12.6866751,0.275890708,0.170946717,-13.721385,1.77096462,-0.000254631042,1
384,5.299982,3.64290166,3.82674527,3.94709253,3.93454075,28.5807743,-8.55000877,-13.6936884,1.51803112,-28.99193,7.03074312,9.2881422,0.232214868,0.14324984,-13.654274,1.63372707,-0.000254631042,1
385,5.310002,3.61189222,3.80016565,3.96112037,4.03200006,22.3243904,-12.9137259,-13.5903578,1.38267255,-24.3455925,8.51086521,6.27520752,0.232214868,0.243384689,-13.5711832,1.49735928,-0.000254631042,1
386,5.320000,3.59491062,3.74183774,3.92272782,4.02461672,19.3842354,-15.8815002,-13.4305677,1.24610186,-23.4378796,8.86772346,8.5959816,0.19280009,0.230601519,-13.4305677,1.36192226,-0.000254631042,1
387,5.329985,3.5734992,3.79278255,3.86366129,4.03716803,18.6795082,-13.8834496,-13.3133888,1.10962725,-22.9061852,4.1207943,12.7776861,0.138471603,0.350976408,-13.3133888,1.22740078,-0.000254631042,1
388,5.340007,3.47456336,3.83782005,3.74036121,4.02904701,14.0662317,-20.3862019,-13.2079277,0.96982193,-23.1289215,8.86053848,5.06332779,0.164037943,0.306235313,-13.2079277,1.0941,-0.000254631042,1
389,5.349981,3.47308707,3.78170753,3.70639801,4.01206446,7.22374678,-22.3563671,-13.0641174,0.83538723,-20.3554897,11.7321663,6.58895493,0.231149614,0.312626898,-13.0641174,0.962080956,-0.000254631042,1
390,5.360007,3.41845083,3.78318405,3.64880848,3.96407366,9.8163147,-20.9712334,-12.8745003,0.705303907,-22.3313808,6.12063599,14.8541679,0.216235906,0.303039521,-12.8745003,0.831404686,-0.000254631042,1
391,5.369981,3.36750627,3.85923147,3.56537747,3.93158722,8.33189583,-22.8171368,-12.7722349,0.57620573,-23.6725922,5.4452405,6.32789803,0.270564407,0.27960369,-12.7722349,0.702010155,-0.000254631042,1
392,5.379988,3.34166479,3.8511095,3.55134964,3.94118571,-6.00892687,-22.2106094,-12.6848831,0.458390713,-17.2587299,15.2169199,7.96130133,0.317436039,0.291321605,-12.6848831,0.573744774,-0.000254631042,1
393,5.389986,3.31213164,3.88728809,3.48490024,3.90205503,0.892014205,-22.4817238,-12.5432034,0.32435751,-21.5937138,6.31942225,11.2616386,0.274825454,0.303039521,-12.5432034,0.446761131,-0.000254631042,1
394,5.399983,3.3010571,3.93158722,3.40368414,3.93011045,0.497737378,-22.694561,-12.4590473,0.193968773,-22.3649101,3.88608217,10.5072069,0.306783378,0.382934362,-12.4590473,0.319991112,-0.000254631042,1
395,5.409990,3.3217299,3.95521355,3.32911325,3.94266248,-6.91339397,-20.5265732,-12.4483948,0.0764319897,-19.938755,8.46057034,4.6250391,0.276955992,0.426610202,-12.4483948,0.194441795,-0.000254631042,1
396,5.419986,3.25528049,3.94266248,3.23829889,3.81567025,-4.71641922,-21.4396496,-12.293931,-0.040459156,-21.612875,3.84536695,9.40310287,0.301457077,0.445784956,-12.293931,0.0697774887,-0.000254631042,1
397,5.429984,3.3387115,3.95669055,3.18883133,3.81271696,-15.9795752,-15.8412056,-12.302453,-0.158082008,-18.159256,13.2865343,10.8856201,0.252454907,0.461763918,-12.302453,-0.0548563004,-0.000254631042,1
398,5.439981,3.43395567,4.01206446,3.11721373,3.83929658,-11.2373266,-14.925909,-12.2832785,-0.277170658,-17.4311695,6.7241807,9.19713116,0.220496967,0.480938673,-12.2832785,-0.177964211,-0.000254631042,1
399,5.449990,3.38301134,4.11690712,3.14674664,3.72780919,-11.6112642,-16.7569599,-12.1543818,-0.394261837,-19.9315701,4.28365564,10.6988087,0.275890708,0.423414409,-12.1543818,-0.300797462,-0.000254631042,1
400,5.470003,3.49892831,4.1065712,2.99243641,3.62149072,-16.1359215,-12.6295977,-12.0808783,-0.622777462,-19.6705132,5.73982763,4.7902956,0.315305501,0.39784807,-12.0808783,-0.519883156,-0.000254631042,1
401,5.479990,3.50409675,4.16194534,3.00646472,3.60746217,-15.4455299,-12.5419283,-12.0158968,-0.752259254,-19.7112293,2.70773244,7.82478523,0.311044455,0.448980749,-12.0158968,-0.641131401,-0.000254631042,1
402,5.490001,3.60081744,4.1405344,2.86396766,3.48342323,-19.421257,-11.6685638,-12.0361366,-0.867057323,-22.3577251,3.67053032,8.25828362,0.315305501,0.425544918,-12.0361366,-0.76173687,-0.000254631042,1
403,5.499989,3.59491062,4.20033836,2.93189383,3.51295662,-25.3126831,-6.61158848,-11.9892654,-0.985317707,-24.750351,8.47733498,14.1212921,0.464442521,0.573616683,-11.9892654,-0.882403374,-0.000254631042,1
404,5.510001,3.66136026,4.24094629,2.88907099,3.44798398,-17.9334278,-4.24788618,-11.995657,-1.10977697,-17.9508896,4.17348433,9.25940228,0.482552022,0.499048173,-11.995657,-1.00245953,-0.000254631042,1
405,5.519986,3.74183774,4.18188,2.92598701,3.38817954,-19.3046989,0.257811427,-11.9700909,-1.23369551,-18.1329117,6.62837982,6.59135008,0.560316324,0.484134465,-11.9700909,-1.12263775,-0.000254631042,1
406,5.530006,3.82231498,4.1885252,2.89793086,3.29958034,-23.8787212,1.08789229,-11.9935265,-1.35790205,-23.1097622,6.1086607,6.36861324,0.624232173,0.413827032,-11.9935265,-1.24244595,-0.000254631042,1
407,5.539980,3.85775518,4.16932869,2.9090054,3.20064449,-20.9431267,3.10903668,-11.9210882,-1.47826338,-20.5662518,5.03090191,11.5538311,0.647668004,0.379738569,-11.9210882,-1.36256313,-0.000254631042,1
408,5.550006,3.94561553,4.0895896,2.96733332,3.06996059,-18.4053326,6.80020714,-11.9828739,-1.59756994,-18.58078,6.30505228,6.06205082,0.521966815,0.246580482,-11.9828739,-1.48219204,-0.000254631042,1
409,5.559980,4.01649523,4.10952425,2.97840834,3.05740929,-18.0691414,4.91922474,-11.9594383,-1.72811651,-18.6167049,2.02754688,9.08217049,0.496400446,0.157098278,-11.9594383,-1.60206509,-0.000254631042,1
410,5.569987,4.11690712,4.03347683,3.06774569,2.93337035,-20.4582462,12.0744495,-11.9871349,-1.84151125,-22.9421101,6.16374636,11.2496634,0.36643821,0.159228802,-11.9871349,-1.72215128,-0.000254631042,1
411,5.579985,4.2224884,3.90426922,3.08325028,2.87799597,-22.4739113,13.0543718,-12.0212231,-1.97652102,-25.8017635,3.12446594,13.9799852,0.26097703,0.0654855371,-12.0212231,-1.84251261,-0.000254631042,1
412,5.589981,4.2158432,3.86070848,3.21319604,2.75469542,-16.0684547,12.7524691,-11.9860697,-2.10219193,-20.3147736,2.85143375,7.20208025,0.215170637,0.124075085,-11.9860697,-1.96317911,-0.000254631042,1
413,5.599989,4.4218359,3.81862378,3.22427082,2.74214363,-12.7208967,16.061657,-11.9818087,-2.22137594,-19.8501396,5.07640743,9.7312212,0.181082174,0.163489863,-11.9818087,-2.08412027,-0.000254631042,1
414,5.609985,4.44620085,3.74774432,3.29958034,2.54722595,-12.1929913,16.1627426,-12.0137663,-2.34656787,-20.0225811,2.9999249,11.0676422,0.105448395,0.209296227,-12.0137663,-2.20420694,-0.000254631042,1
415,5.619982,4.61158609,3.65545344,3.40663743,2.59817028,-10.8246298,24.9987411,-11.9615688,-2.47128034,-26.3142986,7.04750824,14.2434378,0.0702946708,0.308365852,-11.9615688,-2.32523966,-0.000254631042,1
416,5.629990,4.60420275,3.61632204,3.58235908,2.62770319,-9.23852825,20.2041893,-11.9040442,-2.59075189,-22.0511627,2.70294261,12.7705011,0.0809473172,0.340323776,-11.9040442,-2.44553995,-0.000254631042,1
417,5.640015,4.43734121,3.4376471,3.69532299,2.46896338,-3.87090397,21.2321873,-11.9264145,-2.71124363,-20.9111347,5.33985949,6.08839607,0.138471603,0.404239655,-11.9264145,-2.56574869,-0.000254631042,1
418,5.649989,4.57909966,3.29810381,3.66579008,2.67717099,-4.51970005,18.0907345,-11.8177576,-2.82959938,-18.6047306,1.25156057,7.31704092,0.200256944,0.3669554,-11.8177576,-2.68623209,-0.000254631042,1
419,5.660002,4.45210743,3.23460746,3.74479079,2.59669352,0.673560858,22.3178539,-11.857173,-2.93937588,-19.938755,1.78325498,5.6668725,0.39200455,0.353106946,-11.857173,-2.80555582,-0.000254631042,1
420,5.669989,4.3908267,3.14527011,3.83117509,2.74362063,5.19904518,21.2422619,-11.844389,-3.02327299,-18.0658512,1.2228204,10.0473633,0.442071974,0.325410068,-11.8433237,-2.9254899,-0.000254631042,1
421,5.679987,4.44620085,3.03082943,3.91165304,2.71556401,5.73994827,22.7212162,-11.8603687,3.1355834,-20.9470596,7.22952986,9.18515682,0.483617276,0.265755236,-11.8390627,-3.04469156,-0.000254631042,1
422,5.690009,4.30075026,2.88242602,4.24980593,2.78053665,5.66860771,17.6307964,-11.8923264,3.01659107,-16.8515759,6.96368265,13.5776224,0.460181475,0.274277389,-11.920023,3.1190176,-0.000254631042,1
423,5.699983,4.25645065,2.79161167,4.19000149,2.84846282,4.74672604,17.4931335,-11.8358669,2.89956093,-21.0404644,4.83930016,9.60188961,0.447398305,0.175207764,-11.8486509,2.99911404,-0.000254631042,1
424,5.710180,4.14348745,2.63730145,4.46761227,2.89350104,7.71236992,15.6505003,-11.8901958,2.78018498,-18.5999393,1.00487363,11.5538311,0.443137228,0.230601519,-11.9083052,2.87924099,-0.000254631042,1
425,5.719988,4.05562639,2.55830073,4.45727587,2.98800635,11.5804033,14.7506886,-11.8475847,2.6661191,-17.9245453,-0.937487364,8.88817406,0.445267767,0.108096115,-11.8401279,2.75924587,-0.000254631042,1
426,5.730105,3.97219586,2.42540193,4.641119,3.1039238,19.246624,12.648366,-11.9029789,2.54868746,-18.7101116,7.99593639,13.6973734,0.399461389,0.219948873,-11.8667603,2.63922024,-0.000254631042,1
427,5.739984,3.86661458,2.36633563,4.70756817,3.13641,15.9930096,14.8382988,-11.8337364,2.43258119,-21.6751461,2.47781062,10.3036308,0.336610794,0.168816179,-11.8422585,2.51962185,-0.000254631042,1
428,5.750010,3.75881934,2.17510915,4.45579863,3.27373886,15.8766937,6.82503891,-11.9019136,2.31447816,-16.3055115,5.72545767,5.4058156,0.443137228,0.327540606,-11.8997831,2.39965725,-0.000254631042,1
429,5.759985,3.65988326,2.35452247,4.65514708,3.37119794,17.8920689,5.00284195,-11.8134966,2.19669771,-17.4311695,6.42719841,12.1980915,0.309979171,0.25403735,-11.8134966,2.28051662,-0.000254631042,1
430,5.770007,3.54839611,2.42835522,4.48607063,3.57940578,18.6921291,5.24788523,-11.8198881,2.07760954,-18.8897381,4.48483706,12.3753223,0.346198171,0.277473181,-11.8198881,2.16104031,-0.000254631042,1
431,5.779984,3.40811396,2.45936489,4.45579863,3.53141451,16.9125118,0.859609842,-11.7740822,1.97399807,-15.893568,5.84520864,11.9729595,0.184277982,0.320083737,-11.7740822,2.04235744,-0.000254631042,1
432,5.790001,3.24863577,2.51326275,4.61749268,3.65028524,22.8481331,1.0886091,-11.7612991,1.84520531,-22.288271,5.1434679,12.1693506,0.14912425,0.290256351,-11.7612991,1.923522,-0.000254631042,1
433,5.799986,3.10835361,2.54427242,4.46318245,3.84668016,25.3770618,-1.89054883,-11.8539772,1.72694564,-24.7743015,5.81407309,14.9092531,0.139536873,0.457502872,-11.8539772,1.80453396,-0.000254631042,1
434,5.810001,2.97250175,2.64173174,4.48976183,3.95004582,19.1731644,-2.60415721,-11.8678255,1.59861445,-19.0933132,3.13644099,6.79971695,0.103317864,0.263624728,-11.8678255,1.68517971,-0.000254631042,1
435,5.819986,2.84993958,2.65059137,4.39525652,4.13758087,17.0762901,-4.03176308,-11.874217,1.4791162,-17.3736897,2.45146537,5.79141378,0.134210542,0.338193238,-11.874217,1.56574917,-0.000254631042,1
436,5.830009,2.69710612,2.85141611,4.1988616,4.25128317,15.0111294,-9.74888325,-11.8422585,1.3734467,-16.6312332,6.61640501,10.9790258,0.268433869,0.308365852,-11.8422585,1.44627285,-0.000254631042,1
437,5.839984,2.6572361,2.90457535,4.24537611,4.33323717,11.825983,-14.8361559,-11.8774128,1.24068666,-15.9965534,10.2017488,10.3036308,0.271629661,0.410631239,-11.8774128,1.32652187,-0.000254631042,1
438,5.850005,2.46674824,3.04781103,4.154562,4.59017467,14.1675291,-11.7340775,-11.8379974,1.12105775,-17.8598785,4.40819645,10.8544855,0.316370755,0.355237484,-11.8379974,1.20762539,-0.000254631042,1
439,5.859990,2.41137362,3.09432554,3.99803686,4.5082202,8.9904604,-13.4866323,-11.8518467,1.00845647,-14.796649,6.61640501,8.67980766,0.36643821,0.371216446,-11.8518467,1.08860683,-0.000254631042,1
440,5.870003,2.48372984,3.32763672,3.79278255,4.53258562,12.1251688,-13.933672,-11.8348017,0.874911547,-18.2382927,2.92088938,5.18307877,0.407983512,0.3541722,-11.8348017,0.969801903,-0.000254631042,1
441,5.880005,2.36633563,3.42214251,3.74036121,4.49862242,6.46423531,-15.0938396,-11.8081703,0.753817797,-15.4289341,5.6176815,9.03187561,0.274825454,0.473481834,-11.8081703,0.850905418,-0.000254631042,1
442,5.889980,2.40029883,3.59934068,3.53289127,4.4661355,10.5638561,-20.7463627,-11.714427,0.635653734,-22.9660606,3.81662655,13.5704374,0.264172822,0.468155503,-11.714427,0.732649803,-0.000254631042,1
443,5.899988,2.5007112,3.82526827,3.27078557,4.5082202,0.971622467,-23.0517139,-11.7740822,0.520026922,-20.487215,10.6112967,14.375164,0.314240247,0.455372334,-11.7740822,0.637862206,-0.000254631042,1
444,5.909985,2.44681334,3.75438881,3.1209054,4.52815485,5.40506363,-20.3838596,-11.7069702,0.401479483,-20.8752079,2.99034476,10.9311256,0.29186967,0.368020654,-11.7069702,0.519942284,-0.000254631042,1
445,5.919981,2.52433753,4.02461672,3.03747416,4.50526667,-0.19614017,-21.2625351,-11.718688,0.285225153,-20.3483047,6.17093134,13.144124,0.320631832,0.392521739,-11.718688,0.402663231,-0.000254631042,1
446,5.929989,2.51990771,4.16932869,2.89645386,4.37532139,-1.79113197,-19.05089,-11.7794085,0.165691853,-18.4945583,4.90875578,5.64052725,0.288673878,0.356302738,-11.7794085,0.284651756,-0.000254631042,1
447,5.939986,2.67569447,4.29632044,2.71556401,4.34726524,-2.74212861,-17.069582,-11.7751474,0.0532388687,-16.899477,3.64658022,0.455309987,0.329153955,0.39784807,-11.7751474,0.166701317,-0.000254631042,1
448,5.949984,2.68455458,4.45210743,2.63360977,4.24537611,-7.25415754,-20.8076954,-11.790061,-0.0483326912,-21.1338711,6.24038696,8.04512691,0.287608624,0.478808165,-11.790061,0.0488729477,-0.000254631042,1
449,5.959981,2.74657369,4.4602294,2.45345831,4.16489887,-11.2752895,-24.1586266,-11.8156271,-0.173428059,-25.741888,6.9373374,13.3405151,0.41011405,0.574681938,-11.8156271,-0.0689249039,-0.000254631042,1
450,5.969990,2.92008042,4.55621195,2.48594475,4.14201069,-12.4195375,-17.8057232,-11.8390627,-0.287624836,-20.5973873,6.85830164,9.70008564,0.42289722,0.536332428,-11.8390627,-0.186753273,-0.000254631042,1
451,5.980004,3.05740929,4.62118435,2.43130827,4.05857992,-10.567503,-14.3347178,-11.7921915,-0.400644302,-17.3209991,4.13995409,11.7071123,0.405852973,0.429805994,-11.7921915,-0.304276466,-0.000254631042,1
452,5.989989,3.17480302,4.57466984,2.4069438,3.8452034,-13.1430445,-11.6645718,-11.8518467,-0.516942024,-16.6360245,5.66079187,7.3888917,0.415440351,0.284930021,-11.8518467,-0.422104836,-0.000254631042,1
453,6.000000,3.32025337,4.63152075,2.34197068,3.70787501,-15.0820808,-10.2791824,-11.8145618,-0.637547493,-17.2371731,6.00088501,9.02468967,0.412244558,0.180534095,-11.8145618,-0.540360451,-0.000254631042,1
454,6.009986,3.46791887,4.67212868,2.31243825,3.54396629,-20.3019753,-10.9002008,-11.8209534,-0.752250195,-21.830822,7.37562609,8.39000988,0.384547681,0.1144877,-11.8209534,-0.658679008,-0.000254631042,1
455,6.020004,3.63330364,4.63595057,2.39439225,3.38817954,-15.7954311,-13.5125561,-11.8337364,-0.865488052,-20.7865925,-0.0489350408,13.8746052,0.360046595,0.140054047,-11.8337364,-0.776171684,-0.000254631042,1
456,6.029990,3.75734234,4.6625309,2.33384943,3.25011253,-18.7283001,-7.44591999,-11.8678255,-0.980635166,-19.7040443,4.23575497,8.14571762,0.286543369,0.150706694,-11.8678255,-0.894396782,-0.000254631042,1
457,6.040009,3.95152235,4.64702606,2.42687845,3.08177376,-25.2418671,-5.67457199,-11.8891306,-1.08923435,-24.9994316,6.66191006,7.02005863,0.22369276,0.22953625,-11.8891306,-1.01243877,-0.000254631042,1
458,6.050008,4.1124773,4.57171679,2.39882207,2.97397852,-21.652853,-7.43473721,-11.8497162,-1.22722578,-22.8918152,0.293552756,9.13007069,0.225823283,0.298778474,-11.8497162,-1.13057232,-0.000254631042,1
459,6.059983,4.23134851,4.52963209,2.43647671,2.80416346,-20.8899727,3.22118402,-11.8784781,-1.34695101,-19.6537495,7.77798939,8.67741203,0.255650699,0.326475352,-11.8784781,-1.24903774,-0.000254631042,1
460,6.070001,4.38934994,4.50009871,2.5162158,2.78718185,-20.1074657,6.36840725,-11.9061747,-1.46935225,-19.3591614,8.37195396,10.1575346,0.234345406,0.319018483,-11.9061747,-1.36741543,-0.000254631042,1
461,6.079987,4.40928459,4.44620085,2.68160105,2.58783364,-19.5526371,8.75421238,-11.8987179,-1.58844042,-19.7040443,8.40787983,9.99706841,0.306783378,0.357367992,-11.8987179,-1.48683071,-0.000254631042,1
462,6.089985,4.41223812,4.31625557,2.72368574,2.59817028,-18.4220333,9.52233887,-11.8859348,-1.71105146,-19.5723171,6.85351181,7.96130133,0.371764511,0.303039521,-11.8859348,-1.60499477,-0.000254631042,1
463,6.099981,4.49566889,4.1988616,2.84550929,2.522861,-17.2659836,7.4190135,-11.8752823,-1.83976603,-18.6167049,2.56403136,8.79476833,0.436745644,0.289191067,-11.8752823,-1.72389078,-0.000254631042,1
464,6.109989,4.5421834,4.0785141,2.96733332,2.522861,-18.3229313,10.6305227,-11.9093704,-1.96242094,-23.1385021,1.94611633,9.54201412,0.478290975,0.29771319,-11.9093704,-1.84297037,-0.000254631042,1
465,6.119986,4.57762289,3.99951339,3.0293529,2.38848567,-11.0112448,14.8866224,-11.9562426,-2.08893776,-19.7303886,3.21787167,9.68092537,0.496400446,0.23592785,-11.9711561,-1.96232462,-0.000254631042,1
466,6.129982,4.63447428,3.84963346,3.17332625,2.48225331,-10.455946,14.9192419,-11.9466543,-2.17214632,-17.2970486,3.82860184,9.57793999,0.512379408,0.245515227,-11.941328,-2.08210611,-0.000254631042,1
467,6.139979,4.67951202,3.73076272,3.36012292,2.39143896,-10.9842405,17.37537,-11.9605036,-2.29510641,-18.7388515,8.04383659,7.34578133,0.407983512,0.228470996,-11.9455891,-2.20188761,-0.000254631042,1
468,6.149987,4.66843653,3.59195733,3.43543243,2.38184071,-12.2929487,17.3201237,-11.9807434,-2.42137933,-20.5135612,-0.00821970589,9.5180645,0.340871841,0.214622557,-11.9924612,-2.32173014,-0.000254631042,1
469,6.159990,4.69058704,3.45315218,3.61041594,2.39882207,-2.81767082,18.7241726,-11.9274797,-2.5558486,-21.9936829,3.39270806,9.33125305,0.382417172,0.240188897,-11.9221535,-2.44190836,-0.000254631042,1
470,6.170002,4.6935401,3.29810381,3.778754,2.35895228,-3.37430716,21.771925,-11.9679604,-2.66784763,-18.8107014,7.18641949,11.7765675,0.287608624,0.267885774,-11.9455891,-2.56202555,-0.000254631042,1
471,6.179987,4.67360497,3.1533916,3.82526827,2.36042929,-5.06925392,19.1572628,-11.9583731,-2.79631782,-19.7423649,1.71379936,10.0713139,0.309979171,0.181599349,-11.9530468,-2.6822648,-0.000254631042,1
472,6.190008,4.60051107,3.06479263,3.98105574,2.36338258,3.9971137,16.085207,-11.9487858,-2.89979005,-14.6601324,7.73248386,7.11825466,0.344067633,0.224209934,-11.9573078,-2.80250406,-0.000254631042,1
473,6.200000,4.57466984,2.98652959,4.06891632,2.43795347,4.2180295,20.5087948,-11.9594383,-3.03051019,-19.9148064,6.46551847,9.46058369,0.278021246,0.190121472,-11.949851,-2.9225297,-0.000254631042,1
474,6.210073,4.54070663,2.86839771,4.23577833,2.52138424,3.7668736,23.9158592,-11.9903307,-3.13079047,-23.8737736,4.02499342,8.3181591,0.258846492,0.215687811,-11.9700909,-3.04273844,-0.000254631042,1
475,6.219986,4.44177103,2.76207876,4.24537611,2.58118868,7.02194023,20.8702869,-11.991396,3.02491903,-21.5458145,4.54471254,9.27377224,0.242867514,0.32327953,-11.991396,3.12026882,-0.000254631042,1
476,6.229984,4.3908267,2.70005894,4.33619022,2.69267607,10.7834463,19.6955738,-12.0063095,2.91529989,-21.612875,6.08950043,8.80674362,0.30465287,0.353106946,-12.0063095,2.99990749,-0.000254631042,1
477,6.240007,4.26383448,2.59373999,4.4602294,2.77020049,11.5757217,17.3057919,-11.9786129,2.79586244,-20.2046032,5.0261116,6.83803701,0.233280137,0.39784807,-11.9786129,2.87939358,-0.000254631042,1
478,6.249981,4.17892694,2.58414173,4.56211853,2.84255624,11.6312628,17.7025146,-11.9839392,2.67969489,-21.0308857,2.52331614,2.74255395,0.246063307,0.390391201,-11.9839392,2.75872707,-0.000254631042,1
479,6.260008,4.00763512,2.48225331,4.58500624,2.98800635,12.8392982,13.531538,-12.0116358,2.54786825,-18.3987579,3.07177544,8.09542274,0.185343236,0.510766089,-12.0116358,2.6386404,-0.000254631042,1
480,6.269982,3.95816708,2.47634649,4.65810061,3.10687709,19.2974873,14.5773764,-11.991396,2.44240832,-23.5767899,5.38775969,12.8758812,0.213040113,0.555507183,-11.991396,2.51834011,-0.000254631042,1
481,6.280010,3.8282218,2.4069438,4.64259577,3.24272919,18.1291809,10.7111368,-11.9807434,2.30988336,-20.614151,4.29563046,9.05343056,0.230084345,0.584269345,-11.9807434,2.39794827,-0.000254631042,1
482,6.290007,3.70492148,2.44090652,4.64997911,3.44207716,16.2921505,8.04523277,-11.9850044,2.20122313,-17.9029884,3.10530591,8.70375729,0.230084345,0.456437588,-11.9850044,2.27761745,-0.000254631042,1
483,6.299982,3.50852656,2.37741089,4.66991377,3.59934068,19.0236473,6.83932352,-11.9178925,2.070503,-19.9746819,3.11249089,8.63430214,0.24180226,0.411696494,-11.9178925,2.15746975,-0.000254631042,1
484,6.310005,3.38301134,2.39439225,4.64554882,3.78687572,22.2824841,3.63994431,-11.9423933,1.96625495,-21.9649429,5.22489834,8.71094227,0.290804416,0.362694323,-11.9423933,2.03729153,-0.000254631042,1
485,6.319982,3.16225147,2.40029883,4.63152075,3.8282218,16.6086445,2.50800729,-11.920023,1.83550048,-16.6863194,1.92456114,10.3108158,0.2737602,0.317953229,-11.920023,1.917449,-0.000254631042,1
486,6.330007,3.01827788,2.44238353,4.61601591,3.97367215,23.2252808,-6.8997283,-11.9562426,1.72515774,-21.8883018,10.3885603,8.81632328,0.35365501,0.256167859,-11.9562426,1.7974844,-0.000254631042,1
487,6.339982,2.88390255,2.47929978,4.5761466,4.18188,20.8040829,-5.4345212,-11.937067,1.58550048,-20.7219276,5.73982763,13.2087898,0.363242418,0.258298397,-11.937067,1.67755032,-0.000254631042,1
488,6.350003,2.70965743,2.58414173,4.53258562,4.34283543,16.0974503,-4.57156801,-11.9828739,1.4788456,-16.449213,3.07417059,5.43695068,0.442071974,0.212492019,-11.9828739,1.55708218,-0.000254631042,1
489,6.360010,2.58783364,2.68676925,4.38934994,4.48016405,17.9881783,-10.8328676,-11.9892654,1.34593701,-19.9507313,6.54934454,6.59614038,0.399461389,0.292386889,-11.9892654,1.43650723,-0.000254631042,1
490,6.369983,2.48889804,2.79899502,4.23577833,4.5761466,15.6787729,-6.93866587,-12.004179,1.23730326,-17.0862885,1.42400205,5.33875465,0.477225691,0.227405727,-12.004179,1.34034634,-0.000254631042,1
491,6.380008,2.36338258,2.8861177,4.154562,4.65957737,12.5724068,-18.2482147,-11.9690256,1.10435152,-19.4358025,10.6448269,8.46904564,0.416505635,0.339258522,-11.9690256,1.21958828,-0.000254631042,1
492,6.389981,2.35452247,3.02492261,4.06005621,4.65810061,10.5743866,-16.4466,-12.00844,0.990285635,-17.8622742,7.95282602,15.0313997,0.403722465,0.316887945,-12.00844,1.09925747,-0.000254631042,1
493,6.400001,2.35452247,3.17627978,3.93970895,4.68246555,9.03452873,-20.3258801,-11.9658298,0.855371475,-20.1519127,9.41618252,15.4265776,0.332349747,0.358433276,-11.9658298,0.978652,-0.000254631042,1
494,6.409987,2.32646632,3.35716963,3.75438881,4.66548395,10.757884,-16.8176994,-11.9253492,0.744967699,-19.6561432,3.49329901,10.1287937,0.364307672,0.245515227,-11.9253492,0.858504295,-0.000254631042,1
495,6.419983,2.33901763,3.48194671,3.52403164,4.69649363,8.44652843,-15.6973858,-11.9061747,0.614945412,-17.694622,2.15687799,12.1933012,0.383482426,0.245515227,-11.9061747,0.738539696,-0.000254631042,1
496,6.429979,2.35083103,3.57792926,3.46644187,4.73857832,3.10176778,-15.2511492,-11.8529119,0.507288218,-14.8373642,4.69799376,11.4292898,0.24180226,0.148576155,-11.8529119,0.61915493,-0.000254631042,1
497,6.439987,2.30653143,3.83412838,3.32025337,4.71495152,2.17103291,-20.3445282,-11.8326712,0.375940561,-19.7208099,5.45003033,13.1896296,0.295065492,0.125140354,-11.8326712,0.50007534,-0.000254631042,1
498,6.449985,2.37002754,3.98105574,3.10170889,4.72898006,0.763703883,-18.2332993,-11.8273449,0.271247625,-17.7712631,4.14953423,14.3392391,0.330219209,0.098508738,-11.8273449,0.381178856,-0.000254631042,1
499,6.459983,2.33237243,4.02166319,2.98283839,4.65662384,2.42720056,-17.5854797,-11.7506466,0.140336037,-17.7521038,0.0564458258,8.4355154,0.188539028,0.121944554,-11.7506466,0.26280117,-0.000254631042,1
500,6.469990,2.45124316,4.2874608,2.85363102,4.56359482,-5.68225574,-22.2353191,-11.8422585,0.0369164944,-22.0104485,6.49904871,8.9791851,0.155515835,0.21675308,-11.8422585,0.144057274,-0.000254631042,1
501,6.479987,2.50735617,4.36424637,2.66609621,4.46318245,-9.5021019,-17.2904205,-11.8411932,-0.0880055428,-18.0586662,7.94564056,9.51327419,0.0852083713,0.329671144,-11.8411932,0.0256490707,-0.000254631042,1
502,6.489985,2.58118868,4.48311758,2.56273055,4.33840513,-10.6754513,-18.8379745,-11.8529119,-0.189428806,-20.5111656,6.9373374,7.95411634,0.116101041,0.378673285,-11.8529119,-0.0930337906,-0.000254631042,1
503,6.510006,2.73106909,4.67951202,2.3220365,4.19738531,-12.5858498,-15.3737202,-11.8603687,-0.417787075,-19.15798,5.26561403,9.81744194,0.145928457,0.486265004,-11.8603687,-0.330124855,-0.000254631042,1
504,6.519980,2.96142673,4.70609188,2.29988647,4.08589792,-15.6335039,-10.5319014,-11.8838043,-0.536526203,-17.0431767,8.05341625,9.57793999,0.222627491,0.423414409,-11.8838043,-0.448349953,-0.000254631042,1
505,6.530003,3.07586718,4.83529902,2.20095062,3.93158722,-17.0791836,-12.605237,-11.9019136,-0.655902386,-20.4057846,5.8476038,3.61194611,0.247128576,0.418088078,-11.9019136,-0.566941261,-0.000254631042,1
506,6.540037,3.24420571,4.79542923,2.26961493,3.78982925,-19.8062019,-11.8655643,-11.8763475,-0.780457497,-22.3673058,5.72545767,12.933362,0.369634002,0.42874074,-11.8763475,-0.685351372,-0.000254631042,1
507,6.549986,3.42214251,4.75186777,2.12564158,3.71821117,-20.3988571,-9.62477016,-11.9146967,-0.883049488,-21.8715363,5.51230097,13.7979641,0.383482426,0.443654418,-11.9146967,-0.804034233,-0.000254631042,1
508,6.560009,3.51443291,4.84342003,2.22900724,3.51738644,-18.9389458,-4.4012537,-11.9221535,-1.01351595,-18.4011536,6.28110218,7.08472395,0.417570889,0.409565955,-11.9221535,-0.922808647,-0.000254631042,1
509,6.569984,3.60893893,4.88624334,2.1795392,3.39556241,-22.7922688,-1.30311835,-11.8827391,-1.12621355,-17.0288067,6.7768712,5.42737055,0.444202513,0.361629069,-11.9019136,-1.04121685,-0.000254631042,1
510,6.580009,3.92863393,4.81831789,2.17215562,3.25823402,-19.9007721,-2.58463073,-11.9083052,-1.23519564,-16.224081,8.72162724,11.7693825,0.46657306,0.436197579,-11.9210882,-1.15999126,-0.000254631042,1
511,6.589983,3.93601704,4.78140116,2.23048377,3.01237154,-19.3040504,0.0027293344,-11.8955221,-1.34437037,-16.1522293,7.30856562,10.4281712,0.445267767,0.403174371,-11.8912611,-1.27854824,-0.000254631042,1
512,6.600001,4.20993662,4.72159672,2.3035779,2.83000445,-17.7371807,2.27510047,-11.9423933,-1.47807217,-17.4000359,7.45226669,9.31448746,0.369634002,0.426610202,-11.9466543,-1.39762783,-0.000254631042,1
513,6.609987,4.31625557,4.7105217,2.42097187,2.73254561,-19.7431736,4.81258392,-11.937067,-1.58603477,-16.4755573,3.7423811,8.10979271,0.389874011,0.336062729,-11.9264145,-1.51646328,-0.000254631042,1
514,6.619985,4.36572361,4.62709045,2.51769257,2.67126441,-23.9548435,9.44369221,-11.9509163,-1.72466326,-18.8801575,5.12670279,9.00074005,0.396265596,0.339258522,-11.9445238,-1.6354208,-0.000254631042,1
515,6.629983,4.51855659,4.45727587,2.63730145,2.550179,-19.818367,9.36509991,-11.9988527,-1.85141563,-21.6368256,4.86804008,12.7202053,0.388808757,0.306235313,-11.9839392,-1.75498819,-0.000254631042,1
516,6.639980,4.5480895,4.29779673,2.72663903,2.50292611,-15.7459974,12.800437,-11.9626341,-1.97778463,-19.5268135,5.5218811,10.6485138,0.398396134,0.26149419,-11.9796782,-1.87489176,-0.000254631042,1
517,6.649989,4.59312773,4.14791727,2.96733332,2.36781263,-15.4154167,10.549284,-12.0361366,-2.10259295,-18.6358662,1.27551079,11.1131468,0.381351888,0.211426765,-12.0425282,-1.99522257,-0.000254631042,1
518,6.659985,4.73193407,4.00099039,2.96733332,2.33606434,-6.05860901,16.1925564,-12.0137663,-2.22174215,-14.6313925,9.2102108,9.65218544,0.452724606,0.113422439,-12.0137663,-2.11622477,-0.000254631042,1
519,6.669982,4.75334454,3.88876462,3.16520476,2.32351303,-9.84384155,18.5561123,-12.0936613,-2.35436296,-20.0704823,6.19727659,7.16375971,0.327023417,0.187990949,-12.0936613,-2.23631144,-0.000254631042,1
520,6.679979,4.75334454,3.73371601,3.46201205,2.35452247,-14.9024649,19.0726738,-12.0308104,-2.47609353,-24.2042866,0.0540508032,7.59007311,0.285478085,0.212492019,-12.0308104,-2.35746622,-0.000254631042,1
521,6.689986,4.81241131,3.52993798,3.47456336,2.22605371,-6.63068628,20.2330284,-12.084074,-2.59746575,-20.7434826,4.80097961,10.9862108,0.227953821,0.305170059,-12.084074,-2.47862101,-0.000254631042,1
522,6.700003,4.81684065,3.40811396,3.7093513,2.20095062,0.920870721,25.3641415,-12.0936613,-2.72157621,-22.7840385,11.1837063,12.5477638,0.24180226,0.227405727,-12.0936613,-2.60020304,-0.000254631042,1
523,6.709990,4.81684065,3.25158906,3.78982925,2.24303532,-1.3852663,21.2192707,-12.0350714,-2.82617331,-20.6021767,5.26561403,10.8592749,0.204518005,0.140054047,-12.0350714,-2.72138834,-0.000254631042,1
524,6.720002,4.77254105,3.13641,3.96259713,2.2984097,3.56931973,19.6248837,-12.0766172,-2.95358014,-18.6119156,7.17444468,8.40917015,0.229019076,0.121944554,-12.0766172,-2.84248209,-0.000254631042,1
525,6.729986,4.73488665,2.99686646,4.1774497,2.36633563,8.04516506,22.0217838,-12.0350714,-3.06828284,-21.373373,9.6365242,14.0015411,0.240736991,0.112357177,-12.0350714,-2.96378946,-0.000254631042,1
526,6.740005,4.62709045,2.90309906,4.15751505,2.42097187,1.95291603,23.1568527,-12.0254841,3.09802961,-23.2199326,0.942603052,14.6505909,0.189604297,0.213557288,-12.0254841,-3.08454752,-0.000254631042,1
527,6.749980,4.53110838,2.78865838,4.35390997,2.55239415,9.24975586,16.0424786,-12.0265493,2.97827053,-17.3329754,6.51820898,5.26211405,0.320631832,0.312626898,-12.0265493,3.07766628,-0.000254631042,1
528,6.760000,4.43734121,2.64616156,4.41371441,2.61219859,6.09173393,15.662178,-11.9935265,2.85777855,-16.7414055,1.46232235,-1.130193,0.242867514,0.383999616,-11.9935265,2.95696926,-0.000254631042,1
529,6.769986,4.36277056,2.61367512,4.42626619,2.75764871,12.4266939,13.6384544,-12.0190926,2.73624873,-17.4335651,6.04160023,11.0724316,0.32276234,0.651381016,-12.0190926,2.83636379,-0.000254631042,1
530,6.780003,4.24980593,2.53984261,4.60567999,2.87061262,15.7174454,13.1858311,-11.9967222,2.61973262,-19.2657547,7.05229855,13.6470776,0.259911746,0.545919836,-11.9967222,2.71560574,-0.000254631042,1
531,6.789989,4.08442116,2.50440264,4.58057642,2.9304173,19.8686962,13.0446472,-11.9636993,2.5030067,-22.3170109,8.17795753,16.9019089,0.350459218,0.669490516,-11.9636993,2.59521389,-0.000254631042,1
532,6.800007,3.95964408,2.42983174,4.64554882,3.14969993,16.7178059,9.14924717,-12.0105705,2.39479089,-18.0706406,6.05357504,11.8579979,0.363242418,0.44152391,-12.0105705,2.47454739,-0.000254631042,1
533,6.809981,3.82231498,2.41137362,4.71495152,3.20433617,16.8184891,6.7247839,-11.9882002,2.26428938,-17.2323837,5.57936144,12.7896614,0.406918257,0.51609242,-11.9882002,2.37835598,-0.000254631042,1
534,6.820006,3.65545344,2.37593389,4.67655849,3.52550793,16.8189354,4.52493572,-12.0073748,2.1429081,-16.590519,5.30153894,7.78167486,0.381351888,0.206100434,-12.0073748,2.25753689,-0.000254631042,1
535,6.830006,3.46201205,2.40399075,4.69649363,3.56833076,21.3026295,4.05206299,-11.9786129,2.02665377,-20.9111347,5.73982763,8.65585709,0.358981341,0.206100434,-11.9786129,2.1369009,-0.000254631042,1
536,6.839980,3.29810381,2.41285014,4.75186777,3.78170753,20.1256618,3.01915169,-11.9945917,1.90979719,-19.9842606,3.84536695,10.8496952,0.400526673,0.098508738,-11.9945917,2.01644802,-0.000254631042,1
537,6.850001,3.18366313,2.38700914,4.70609188,3.99213028,21.9197655,-1.73134995,-11.949851,1.7899766,-21.0189095,6.45593834,3.7101419,0.346198171,0.187990949,-11.949851,1.89611721,-0.000254631042,1
538,6.859986,2.98948312,2.48889804,4.63299751,4.06005621,19.1645069,-3.15982795,-11.9988527,1.66938877,-18.7604065,5.03090191,9.73840618,0.21090959,0.275342643,-11.9988527,1.77603054,-0.000254631042,1
539,6.870006,2.89202428,2.50440264,4.59755754,4.18188,22.7142143,-5.51090527,-11.9828739,1.54059649,-22.8702602,4.82253504,7.40086699,0.173625335,0.370151192,-11.9828739,1.65545559,-0.000254631042,1
540,6.879983,2.81966829,2.62475014,4.5480895,4.2328248,20.6544552,-10.1214085,-11.9988527,1.42984343,-21.8715363,7.11935902,12.0088844,0.162972689,0.468155503,-11.9988527,1.53492641,-0.000254631042,1
541,6.890000,2.66461945,2.69710612,4.40928459,4.4321723,20.7221794,-8.78774643,-11.932806,1.31273389,-22.2786903,3.20829153,14.2554131,0.183212712,0.353106946,-11.932806,1.41474819,-0.000254631042,1
542,6.899986,2.62179661,2.82557487,4.23577833,4.51560354,18.5953407,-14.6404228,-11.9892654,1.19065475,-22.7002144,6.69544029,12.9860525,0.2737602,0.264689982,-11.9892654,1.29429531,-0.000254631042,1
543,6.910003,2.46527147,2.91048217,4.09106588,4.59903479,16.5712967,-12.4628792,-11.9317408,1.05355263,-20.5662518,2.63827705,11.1227274,0.295065492,0.259363651,-11.9317408,1.17463589,-0.000254631042,1
544,6.919988,2.47043967,3.10835361,3.99803686,4.64850283,13.7946205,-17.8470936,-11.9626341,0.93115139,-21.7206497,6.0847106,8.01399136,0.446333021,0.182664618,-11.9626341,1.05445766,-0.000254631042,1
545,6.930004,2.37445736,3.25823402,3.90205503,4.68394136,9.67470646,-18.7626209,-11.9264145,0.806246996,-19.9698906,6.84393167,10.6413288,0.367503464,0.247645751,-11.9264145,0.934157372,-0.000254631042,1
546,6.939989,2.3308959,3.36750627,3.6923697,4.74596167,9.22435093,-22.1084175,-11.9583731,0.687193394,-22.9421101,6.89422703,8.38521957,0.452724606,0.236993104,-11.9583731,0.814223289,-0.000254631042,1
547,6.949985,2.34640074,3.61336875,3.57940578,4.70904493,1.4861027,-20.7319546,-11.9903307,0.567215681,-18.2837982,9.88560581,9.24263668,0.431419343,0.303039521,-11.9903307,0.694167137,-0.000254631042,1
548,6.959983,2.29545665,3.66874337,3.34166479,4.79395247,2.71416545,-20.3827515,-11.9136314,0.444761753,-19.5675278,6.31942225,9.63063049,0.42289722,0.190121472,-11.9136314,0.573897362,-0.000254631042,1
549,6.969981,2.36190581,3.94266248,3.20285964,4.73857832,0.125180453,-21.7020073,-11.9658298,0.326946735,-20.5925961,6.85111666,9.65458012,0.318501294,0.239123642,-11.9658298,0.454115868,-0.000254631042,1
550,6.979988,2.3050549,3.99065375,3.09580207,4.65662384,-0.205835536,-19.7588348,-11.9807434,0.206489325,-19.2968903,4.25252008,4.40230227,0.2737602,0.243384689,-11.9807434,0.334364891,-0.000254631042,1
551,6.989985,2.47191644,4.18335629,2.88242602,4.65293264,-2.49079871,-13.5838308,-11.9583731,0.100279331,-13.2662315,3.83818173,9.53243446,0.198126405,0.231666788,-11.9583731,0.214125633,-0.000254631042,1
552,6.999981,2.4564116,4.32733059,2.72220898,4.51855659,-4.20489693,-18.1659241,-11.9423933,-0.014231205,-18.2239227,3.94595766,9.38633823,0.157646358,0.213557288,-11.9423933,0.0936117172,-0.000254631042,1
553,7.009988,2.55239415,4.49271536,2.70005894,4.45063114,-8.25605679,-21.5341663,-11.9764824,-0.139963627,-22.2619247,3.65616035,10.0593386,0.188539028,0.312626898,-11.9764824,-0.0254068375,-0.000254631042,1
554,7.019984,2.76207876,4.52372503,2.42540193,4.38934994,-10.8160391,-18.1254978,-11.9775476,-0.254858494,-22.7768536,5.30632925,8.3133688,0.137406334,0.409565955,-11.9647646,-0.145188332,-0.000254631042,1
555,7.030010,2.79161167,4.74153137,2.41949511,4.22691822,-14.9540405,-15.649497,-11.932806,-0.346994877,-18.3053532,7.5289073,12.6579351,0.2737602,0.418088078,-11.9083052,-0.264756203,-0.000254631042,1
556,7.039983,3.03747416,4.7275033,2.34344769,4.13536549,-16.1063557,-14.1340666,-11.9775476,-0.466083527,-21.2296715,3.73519588,6.91707277,0.240736991,0.39784807,-11.9839392,-0.383774757,-0.000254631042,1
557,7.050008,3.21024275,4.77106428,2.31908298,3.95373726,-15.5589027,-13.2135878,-11.9711561,-0.584630966,-18.0227394,5.00934649,9.31448746,0.295065492,0.444719702,-11.9605036,-0.503403664,-0.000254631042,1
558,7.059982,3.21984124,4.8138876,2.17363262,3.78982925,-15.406312,-13.8422022,-11.9530468,-0.690779686,-16.7557755,8.39829922,7.09190941,0.272694916,0.405304909,-11.9679604,-0.622485161,-0.000254631042,1
559,7.070008,3.5565176,4.80798149,2.23196054,3.59934068,-19.6393223,-8.18638611,-11.9786129,-0.816704273,-20.1327534,4.40819645,13.3165655,0.299326539,0.492656589,-11.9700909,-0.742236137,-0.000254631042,1
560,7.080015,3.59195733,4.8264389,2.18101597,3.4206655,-17.7368069,-12.4245977,-11.9519815,-0.93467617,-21.6487999,6.42001343,12.7657108,0.33554554,0.41595754,-11.9722214,-0.860857964,-0.000254631042,1
561,7.090000,3.87325931,4.82496214,2.14557624,3.20728946,-19.9296322,-6.25354195,-12.0254841,-1.04000521,-20.3530941,4.6955986,8.43791008,0.315305501,0.473481834,-12.0190926,-0.980883598,-0.000254631042,1
562,7.099987,4.18335629,4.82496214,2.18249249,3.12533522,-23.5353985,-4.63925695,-12.0063095,-1.17559099,-23.5073357,4.77942467,6.59135008,0.343002379,0.447915494,-12.0105705,-1.10048199,-0.000254631042,1
563,7.110008,4.03347683,4.85892534,2.19061422,2.85806108,-22.1260147,-1.44649172,-12.0542469,-1.30151463,-21.7134647,4.49202204,14.8589582,0.374960303,0.518222928,-12.0638342,-1.22029018,-0.000254631042,1
564,7.119983,4.38787317,4.79395247,2.3035779,2.77610683,-20.3198814,4.06857586,-12.0265493,-1.42079496,-19.4837017,7.05948353,8.88817406,0.356850803,0.493721843,-12.0265493,-1.34092617,-0.000254631042,1
565,7.130010,4.46465921,4.69501686,2.40029883,2.7111342,-18.817276,4.48113775,-12.0329409,-1.54506254,-18.6957417,4.96384144,11.8100977,0.399461389,0.373346984,-12.0329409,-1.46064663,-0.000254631042,1
566,7.139984,4.42478943,4.62709045,2.52876735,2.5383656,-17.2295818,5.80156326,-12.012701,-1.66802263,-17.7113876,4.10163403,10.1048441,0.462311983,0.373346984,-12.012701,-1.58058071,-0.000254631042,1
567,7.149981,4.79395247,4.43881798,2.64320827,2.50440264,-16.3444233,10.7933283,-11.9754171,-1.79590845,-18.3412781,6.87267208,9.01271534,0.503857315,0.274277389,-11.9754171,-1.700881,-0.000254631042,1
568,7.159990,4.69797087,4.30739594,2.78349018,2.33384943,-15.8842278,11.011466,-11.9892654,-1.90952969,-18.6406555,5.10754251,8.04991722,0.532619476,0.274277389,-11.9892654,-1.82072306,-0.000254631042,1
569,7.169987,4.68911028,4.15603876,2.88242602,2.37445736,-14.3221827,14.97439,-11.9711561,-2.04746914,-19.5962677,6.73376083,6.97694826,0.570968926,0.161359325,-11.9711561,-1.94084024,-0.000254631042,1
570,7.179984,4.80798149,3.94856882,3.10023189,2.2644465,-17.4807739,15.1672306,-11.9775476,-2.15660906,-22.9516907,2.97357965,7.59486341,0.590143681,0.134727731,-11.9775476,-2.06080484,-0.000254631042,1
571,7.189981,4.71938181,3.84815669,3.08989549,2.15000629,-9.23432255,15.8601675,-12.0734215,-2.28303027,-17.3545303,5.96974945,13.826704,0.591208935,0.175207764,-12.0734215,-2.18171549,-0.000254631042,1
572,7.199979,4.74005508,3.71525812,3.45610571,2.23196054,-7.30141497,22.8124332,-12.0435934,-2.42083955,-21.9577579,9.56946373,9.8318119,0.446333021,0.124075085,-12.0435934,-2.30287027,-0.000254631042,1
573,7.209987,4.8308692,3.46644187,3.61041594,2.18249249,-8.28137207,19.2362213,-12.0137663,-2.54447055,-20.5638561,3.96751285,9.41268349,0.325958133,0.177338302,-12.0137663,-2.42384195,-0.000254631042,1
574,7.219984,4.86187935,3.32468343,3.80681038,2.17806244,-5.93947124,19.1436062,-11.9786129,-2.66848493,-19.7471542,3.43581843,7.72179937,0.238606468,0.226340458,-11.9786129,-2.54487467,-0.000254631042,1
575,7.230011,4.83234549,3.163728,3.95669055,2.17658591,0.754638612,20.3966274,-11.9711561,-2.78609037,-18.8586025,7.80672979,9.76714611,0.116101041,0.232732043,-11.9711561,-2.66560221,-0.000254631042,1
576,7.240001,4.82939196,3.00351119,4.05193472,2.22162366,-2.49997783,18.8753662,-11.9818087,-2.90132475,-18.9280586,2.06347227,7.35775661,0.125688419,0.157098278,-11.9818087,-2.78651285,-0.000254631042,1
577,7.249987,4.76294279,2.8861177,4.24980593,2.29988647,3.56764817,15.4727001,-11.9711561,-3.01608896,-14.9044247,5.47637558,9.93479729,0.202387467,0.0878560916,-11.9711561,-2.9070878,-0.000254631042,1
578,7.260002,4.67951202,2.74952698,4.24832964,2.45345831,3.05302358,20.213131,-11.9530468,-3.11858416,-20.1375427,3.51724911,8.93846893,0.134210542,0.140054047,-11.9530468,-3.02726603,-0.000254631042,1
579,7.269988,4.59755754,2.72073245,4.39820957,2.5162158,5.72512484,23.6212463,-11.9445238,3.04922748,-24.0486088,3.52203918,14.0686016,0.256715953,0.194382533,-11.9445238,-3.12367105,-0.000254631042,1
580,7.280007,4.4218359,2.54574895,4.50157547,2.62918019,10.71838,20.546236,-11.9636993,2.93201423,-22.3265915,6.2092514,9.5012989,0.252454907,0.291321605,-11.9636993,3.03954983,-0.000254631042,1
581,7.289981,4.31773233,2.52138424,4.58057642,2.70005894,12.2102203,19.0728245,-11.9743519,2.7972486,-22.0751133,5.05485201,5.35072994,0.450594097,0.450046003,-11.9743519,2.91921902,-0.000254631042,1
582,7.300009,4.2704792,2.47339296,4.6285677,2.85141611,14.7514458,16.3036804,-11.9754171,2.67918062,-21.1721916,5.92903423,10.6940184,0.44100672,0.485199749,-11.9754171,2.79891872,-0.000254631042,1
583,7.309983,4.16932869,2.44533682,4.61896944,2.9629035,9.42979431,14.517786,-11.9764824,2.56299496,-17.3114185,-0.0441449992,6.78295183,0.454855144,0.499048173,-11.9764824,2.67797756,-0.000254631042,1
584,7.320003,3.99360681,2.35452247,4.69944668,3.14822292,9.82331753,12.4139624,-11.9530468,2.44381094,-15.8241119,-0.448903322,6.07881594,0.46657306,0.338193238,-11.9530468,2.558074,-0.000254631042,1
585,7.330002,3.78170753,2.34344769,4.71642876,3.21171927,19.7391109,11.3539143,-12.004179,2.3252635,-22.1589394,5.24645376,17.3354092,0.41011405,0.533136666,-12.004179,2.4375906,-0.000254631042,1
586,7.339989,3.63478065,2.31908298,4.74596167,3.47013378,25.7840538,8.95885468,-11.9988527,2.20369029,-26.0891666,8.027071,14.8900928,0.371764511,0.427675456,-11.9988527,2.31667995,-0.000254631042,1
587,7.350024,3.53289127,2.3308959,4.84489679,3.54691958,21.4522858,5.87108612,-12.0425282,2.08294535,-21.5769501,5.39494467,11.2760086,0.222627491,0.454307079,-12.0425282,2.19619656,-0.000254631042,1
588,7.360004,3.34609485,2.30800796,4.8308692,3.72780919,19.4633884,2.89270735,-12.0180273,1.97864509,-19.0142784,5.06443214,9.00553036,0.213040113,0.356302738,-12.0180273,2.07525539,-0.000254631042,1
589,7.370006,3.20581293,2.35599923,4.79099894,3.89024138,22.2405281,1.85712492,-12.0340061,1.85818791,-21.8547726,4.5231576,9.65218544,0.123557895,0.391456455,-12.0340061,1.95471096,-0.000254631042,1
590,7.379982,3.04485774,2.37888741,4.72455025,4.07999086,19.5834732,-0.853998363,-12.0201578,1.72429395,-19.2226448,3.83818173,11.4388695,0.172560066,0.392521739,-12.0201578,1.83392239,-0.000254631042,1
591,7.390006,2.85510778,2.4172802,4.64997911,4.19738531,20.113842,-7.32463264,-12.0499859,1.59763765,-19.9100151,7.86181498,9.07977581,0.199191675,0.251906812,-12.0499859,1.71295071,-0.000254631042,1
592,7.399980,2.7406671,2.5007112,4.51412678,4.3671999,20.2992554,-6.15205383,-12.0297451,1.487957,-20.7386932,4.45130682,10.8784351,0.268433869,0.343519568,-12.0297451,1.59171963,-0.000254631042,1
593,7.410008,2.64173174,2.59373999,4.3908267,4.46761227,17.3615284,-8.7936697,-12.0648994,1.36700273,-18.7819614,5.09796238,3.1808424,0.36643821,0.180534095,-12.0648994,1.47062588,-0.000254631042,1
594,7.419982,2.53688908,2.83664966,4.3022275,4.59312773,17.2160549,-11.4142914,-12.0329409,1.23507071,-20.0153961,5.10514736,8.03315163,0.369634002,0.282799482,-12.0329409,1.34934902,-0.000254631042,1
595,7.430008,2.47339296,2.87356591,4.27490902,4.65293264,14.7932978,-10.9048338,-11.9732866,1.11368942,-18.0874062,3.25619197,6.60332537,0.421831936,0.263624728,-11.9732866,1.22901821,-0.000254631042,1
596,7.440052,2.36633563,3.06183934,4.04455137,4.65957737,13.9193859,-13.5069637,-11.9754171,0.983414412,-19.0717583,3.52922416,10.1766949,0.402657181,0.412761748,-11.9754171,1.10822964,-0.000254631042,1
597,7.449986,2.38036418,3.17037296,3.87621284,4.7754941,9.53334427,-16.9036636,-11.9903307,0.863000393,-18.2335014,6.64514494,9.96114254,0.368568718,0.308365852,-11.9903307,0.987868309,-0.000254631042,1
598,7.460003,2.3375411,3.33354306,3.75881934,4.71347523,10.2836151,-18.1493378,-11.9626341,0.754113674,-20.269268,4.9303112,8.24391365,0.387743473,0.314757437,-11.9626341,0.867293358,-0.000254631042,1
599,7.469989,2.3050549,3.49597502,3.67981815,4.80133581,9.83616352,-20.7284908,-11.9892654,0.631171703,-20.4776363,6.83674669,14.0709963,0.317436039,0.275342643,-12.0031137,0.747237206,-0.000254631042,1
600,7.479986,2.35747576,3.70492148,3.40959072,4.74153137,6.52443457,-18.8971634,-11.9924612,0.524290562,-20.6524715,8.15400791,10.5383425,0.298261285,0.244449958,-11.991396,0.626723289,-0.000254631042,1
601,7.489983,2.33237243,3.80385685,3.3165617,4.75039148,0.262131363,-20.9922791,-11.9668951,0.404086351,-20.0632973,4.71475887,6.95060301,0.2790865,0.184795156,-11.9626341,0.506422997,-0.000254631042,1
602,7.499980,2.42392492,3.97810245,3.17627978,4.69797087,4.35951376,-16.7168293,-11.9573078,0.296507359,-17.0982628,6.19009161,11.913084,0.267368615,0.210361496,-11.9583731,0.38654995,-0.000254631042,1
603,7.509989,2.42540193,4.06744003,3.00646472,4.69501686,2.09756064,-16.3597393,-11.9818087,0.174375772,-19.4262218,7.94324589,5.48245621,0.186408505,0.27960369,-11.9732866,0.266646385,-0.000254631042,1
604,7.519985,2.44238353,4.20698309,2.91343546,4.58352995,1.50924897,-16.0112858,-11.9477205,0.0604054928,-19.5268135,4.79379463,8.72052288,0.204518005,0.296647936,-11.9636993,0.146529198,-0.000254631042,1
605,7.529982,2.62179661,4.29632044,2.78053665,4.44620085,-8.26695919,-20.7453117,-11.9615688,-0.0661554337,-21.2464371,6.87746191,8.57203102,0.209844321,0.412761748,-11.928545,0.0266561508,-0.000254631042,1
606,7.539979,2.7081809,4.49714518,2.61367512,4.34726524,-7.79808426,-18.8203869,-12.004179,-0.181677341,-19.9195957,4.2692852,14.8876982,0.199191675,0.364824861,-12.0063095,-0.0933389664,-0.000254631042,1
607,7.549988,2.78718185,4.51708031,2.56420755,4.28376913,-16.1875153,-14.9627733,-12.0212231,-0.295743465,-19.031044,11.1238308,9.51087952,0.222627491,0.475612372,-11.991396,-0.213334084,-0.000254631042,1
608,7.570006,3.01532435,4.71347523,2.37593389,4.07703781,-11.7067404,-14.3501425,-12.0020485,-0.520544529,-18.271822,3.01908517,6.99610853,0.263107538,0.381869078,-12.0020485,-0.452713966,-0.000254631042,1
609,7.579981,3.24863577,4.67803526,2.34640074,3.90574622,-15.8527689,-12.9447994,-12.0286798,-0.651299,-19.9052258,4.7602644,10.4976273,0.257781208,0.369085908,-12.0286798,-0.572648048,-0.000254631042,1
610,7.589980,3.26266384,4.71199846,2.3648591,3.80016565,-20.6723518,-11.6786432,-12.0350714,-0.769210339,-22.7696686,6.728971,8.83787823,0.337676048,0.379738569,-12.0350714,-0.692523003,-0.000254631042,1
611,7.599988,3.54691958,4.75998926,2.28954983,3.63847184,-14.2603254,-10.8106318,-12.0052443,-0.88337183,-17.8814335,0.693521023,10.4521217,0.374960303,0.392521739,-12.0052443,-0.812487602,-0.000254631042,1
612,7.609985,3.52403164,4.74448442,2.34935403,3.50188184,-19.2708759,-8.38402557,-12.0648994,-1.00290489,-20.7554569,3.29690742,6.9625783,0.398396134,0.398913324,-12.0648994,-0.932452202,-0.000254631042,1
613,7.619981,3.79278255,4.73045683,2.2880733,3.34609485,-20.5048447,-4.74860239,-12.0606384,-1.11496544,-20.501585,4.76265955,10.4664917,0.44100672,0.392521739,-12.0606384,-1.05281353,-0.000254631042,1
614,7.629989,3.85480165,4.73857832,2.35452247,3.20285964,-19.5785122,-2.24601364,-12.0947266,-1.25163221,-19.2944965,4.01062346,12.257967,0.44100672,0.357367992,-12.0947266,-1.1732626,-0.000254631042,1
615,7.639986,4.03495359,4.76884937,2.40842032,3.06626892,-18.3521461,-0.866138339,-12.0872698,-1.37545443,-18.1712322,2.71252251,7.41523695,0.478290975,0.327540606,-12.0872698,-1.29414272,-0.000254631042,1
616,7.649983,4.20402956,4.71642876,2.26961493,2.92598701,-21.7174339,8.13621616,-12.1128359,-1.48615503,-20.951849,9.94308662,9.41747284,0.403722465,0.258298397,-12.1128359,-1.41526699,-0.000254631042,1
617,7.659990,4.18483353,4.6285677,2.68455458,2.8270514,-18.9821739,8.50099277,-12.142663,-1.60857439,-19.2897053,7.77798939,11.4125242,0.446333021,0.337127984,-12.142663,-1.53593349,-0.000254631042,1
618,7.830008,4.10509443,2.45124316,4.4351263,3.11721373,11.5734949,16.8898487,-12.0254841,2.58865595,-20.4512901,0.97852838,9.67613506,0.460181475,0.420218617,-12.0254841,2.70464993,-0.000254631042,1
619,7.840016,3.94118571,2.51769257,4.64407301,3.14527011,12.9459839,8.96383858,-12.00844,2.47220969,-15.0624962,4.59021807,6.00217533,0.480421484,0.283864766,-12.00844,2.58367825,-0.000254631042,1
620,7.850001,3.80828667,2.41949511,4.6625309,3.24568224,17.3937225,11.1375999,-11.9882002,2.35210133,-20.1926289,4.34113598,10.2150145,0.365372926,0.268951029,-11.9882002,2.46298122,-0.000254631042,1
621,7.859987,3.69089341,2.43795347,4.52815485,3.54101276,21.4412251,7.99791718,-12.0574427,2.2320888,-21.8332157,6.85590696,11.7645922,0.37922138,0.26149419,-12.0574427,2.34188747,-0.000254631042,1
622,7.870005,3.53141451,2.41432667,4.85449553,3.43100238,20.3142281,8.53491211,-12.0308104,2.11236405,-21.8068714,3.15799618,12.0495996,0.266303331,0.293452144,-12.0308104,2.22085476,-0.000254631042,1
623,7.880077,3.3985157,2.49185157,4.6625309,3.81271696,21.5946751,0.925285459,-12.1107054,1.99088669,-20.0944328,7.96240568,12.2388067,0.254585415,0.292386889,-12.1107054,2.09933376,-0.000254631042,1
624,7.889988,3.24568224,2.44976664,4.53406191,3.78466082,22.6364861,1.5541569,-12.1000528,1.87355113,-22.0703239,5.26561403,8.12416267,0.131014749,0.250841558,-12.1000528,1.97750759,-0.000254631042,1
625,7.900023,3.19473791,2.50735617,4.77401829,4.04455137,21.6758461,-3.93112564,-12.0723562,1.75363469,-20.599781,7.80672979,11.0772219,0.208779052,0.273212105,-12.0723562,1.85671902,-0.000254631042,1
626,7.910009,3.03895116,2.57971191,4.61601591,4.16194534,16.8780441,-2.38086081,-12.0787477,1.62409186,-21.732626,3.54359436,3.05630136,0.182147443,0.257233143,-12.0787477,1.73532009,-0.000254631042,1
627,7.920008,2.90088415,2.61515188,4.3908267,4.09106588,22.7731686,-3.37830997,-12.1128359,1.5240376,-16.7749348,12.0219641,9.65697575,0.188539028,0.247645751,-12.1043139,1.61361599,-0.000254631042,1
628,7.929982,2.80563998,2.72220898,4.38787317,4.48828602,17.4436207,-3.74855804,-12.0350714,1.40391159,-19.9531269,4.27407551,12.6291943,0.204518005,0.304104775,-12.0265493,1.49220181,-0.000254631042,1
629,7.940002,2.68455458,2.79751825,4.3671999,4.22839499,17.1958141,-10.7162704,-12.0212231,1.29492903,-21.2344608,6.24757195,8.23193836,0.268433869,0.271081567,-12.0393324,1.37141323,-0.000254631042,1
630,7.949989,2.65059137,2.9629035,4.15603876,4.60567999,20.2323513,-12.0798368,-12.0617037,1.16153216,-19.9674969,4.48962736,8.8618288,0.270564407,0.343519568,-12.0393324,1.25016689,-0.000254631042,1
631,7.959986,2.49923444,3.07291412,3.99803686,4.52077198,13.7310133,-12.3905478,-11.9892654,1.03619218,-21.4835434,8.56116104,7.18531513,0.266303331,0.327540606,-11.9977875,1.12953091,-0.000254631042,1
632,7.970005,2.5331974,3.27078557,3.94266248,4.61749268,10.9702969,-13.9597378,-12.0180273,0.910843134,-22.6978188,7.13612413,10.0258083,0.24180226,0.494787127,-12.0446587,1.00883389,-0.000254631042,1
633,7.980032,2.41949511,3.31065512,3.78982925,4.75555992,10.2004719,-17.6085052,-12.0073748,0.789592505,-19.6417732,5.32069921,7.18052483,0.330219209,0.381869078,-11.9924612,0.887862206,-0.000254631042,1
634,7.989980,2.50292611,3.54987288,3.62444377,4.59017467,11.6624317,-16.9809589,-12.0073748,0.668542147,-20.5542755,1.37370658,8.93128395,0.314240247,0.453241795,-12.0169621,0.766371727,-0.000254631042,1
635,7.999989,2.38331723,3.61189222,3.44503069,4.84637403,6.65712023,-15.9421062,-11.9668951,0.546777248,-17.0791035,2.60235167,7.37691641,0.367503464,0.32860586,-11.9636993,0.646071434,-0.000254631042,1
636,8.009987,2.47634649,3.86070848,3.38448763,4.52963209,4.05665493,-19.7589836,-11.999918,0.438780069,-19.6106377,4.72194386,11.2927732,0.393069804,0.295582682,-11.999918,0.525771141,-0.000254631042,1
637,8.019984,2.45493507,3.83412838,3.17332625,4.77254105,1.19543314,-18.5903358,-11.9722214,0.307484865,-18.0802212,4.48723221,10.9574709,0.370699257,0.249776274,-11.9722214,0.405379295,-0.000254631042,1
638,8.029980,2.46896338,4.13758087,3.10023189,4.62561417,0.184973493,-21.2487335,-11.9775476,0.186774731,-20.9135284,3.76393628,12.2795219,0.450594097,0.242319435,-11.9775476,0.285323143,-0.000254631042,1
639,8.039989,2.550179,4.11100101,2.92303395,4.49566889,-5.11547279,-20.936594,-12.0031137,0.0796403885,-20.4632645,6.76489592,12.7202053,0.36643821,0.294517398,-12.0031137,0.16514492,-0.000254631042,1
640,8.049986,2.55682421,4.34874201,2.81745338,4.50526667,-9.08527279,-20.021246,-12.0169621,-0.0462837219,-20.4201546,8.14921761,4.49331331,0.365372926,0.284930021,-12.0169621,0.0449361801,-0.000254631042,1
641,8.059983,2.76060224,4.37089157,2.72220898,4.36867666,-7.0211587,-19.0976315,-11.9679604,-0.125481129,-19.8261909,4.57584763,8.4786253,0.305718124,0.327540606,-11.9679604,-0.0749979019,-0.000254631042,1
642,8.069979,2.81302333,4.50305223,2.61219859,4.30887222,-9.30337238,-21.3203545,-12.0190926,-0.277144909,-23.0522823,3.11488581,10.2988405,0.225823283,0.34138903,-12.0190926,-0.193375587,-0.000254631042,1
643,8.090004,3.163728,4.67803526,2.45788836,3.99655986,-18.2629681,-15.8831816,-12.0627689,-0.513150692,-22.8031998,8.11329174,7.31464624,0.165103212,0.330736399,-12.0627689,-0.434494972,-0.000254631042,1
644,8.099990,3.18735456,4.72159672,2.37150407,3.94413924,-17.3706169,-16.8022861,-12.0148315,-0.631986141,-23.8186874,4.08965874,13.2111845,0.256715953,0.301974267,-12.0148315,-0.554276466,-0.000254631042,1
645,8.110000,3.30622506,4.65514708,2.3648591,3.80976343,-15.6428423,-9.93998718,-12.0776825,-0.749652863,-17.934124,4.67643881,12.3417921,0.235410675,0.304104775,-12.0776825,-0.674426079,-0.000254631042,1
646,8.119986,3.45315218,4.77254105,2.36042929,3.65176177,-18.2269554,-7.68027306,-12.0063095,-0.866544247,-18.8633919,5.9481945,12.3753223,0.30465287,0.321149021,-12.0063095,-0.794512749,-0.000254631042,1
647,8.130009,3.65545344,4.78804588,2.34640074,3.52993798,-18.581707,-6.08375502,-12.06703,-0.970120907,-18.7675915,5.48356056,6.91946793,0.244998053,0.246580482,-12.06703,-0.914111137,-0.000254631042,1
648,8.139984,3.73740768,4.72455025,2.36190581,3.35716963,-22.585947,-4.53913164,-12.0308104,-1.09199953,-22.1373844,6.37690306,8.73010254,0.307848662,0.429805994,-12.0308104,-1.03425884,-0.000254631042,1
649,8.150000,3.862185,4.641119,2.40842032,3.22870064,-16.8985844,-2.35008955,-12.0382671,-1.23013067,-16.7126637,3.43102837,9.42226315,0.302522331,0.383999616,-12.0382671,-1.13011456,-0.000254631042,1
650,8.159986,4.06596279,4.63299751,2.49480438,3.08472729,-21.5148735,-0.287268877,-12.0595732,-1.34086561,-21.0141201,4.6237483,7.98764658,0.269499123,0.474547088,-12.0595732,-1.25035,-0.000254631042,1
651,8.170004,4.09106588,4.61749268,2.42835522,2.97545505,-18.489439,0.67059499,-12.0340061,-1.46487999,-18.3149319,2.62151194,11.5322752,0.339806587,0.383999616,-12.0340061,-1.37043667,-0.000254631042,1
652,8.179990,4.20181513,4.52372503,2.66314292,2.89054751,-20.0651264,5.80219698,-12.1021833,-1.58485794,-20.1447277,5.51948595,7.64276361,0.323827624,0.390391201,-12.1021833,-1.49092007,-0.000254631042,1
653,8.190002,4.37679815,4.44620085,2.57232881,2.7945652,-20.4133968,7.62961292,-12.079813,-1.72265768,-21.3326569,4.45370197,8.29420948,0.354720294,0.349911153,-12.079813,-1.61137295,-0.000254631042,1
654,8.200006,4.34874201,4.34283543,2.89793086,2.69710612,-17.8841457,12.738246,-12.1330757,-1.85337782,-20.726717,7.24629498,9.44381809,0.329153955,0.383999616,-12.1330757,-1.73240519,-0.000254631042,1
655,8.209980,4.50674343,4.23799276,2.7945652,2.64025497,-14.2398624,11.6405783,-12.0957918,-1.97930241,-17.6922283,5.0261116,10.1814842,0.306783378,0.339258522,-12.0957918,-1.8534379,-0.000254631042,1
656,8.220009,4.67212868,4.07703781,3.16077471,2.57675862,-12.2489605,11.2375097,-12.12988,-2.09301901,-16.2216854,3.6298151,7.89663601,0.285478085,0.298778474,-12.12988,-1.97483683,-0.000254631042,1
657,8.229984,4.50157547,3.96555042,3.20433617,2.56716061,-13.6754818,15.0220222,-12.1000528,-2.21480227,-19.9555206,3.80225658,10.126399,0.2737602,0.265755236,-12.1000528,-2.09651041,-0.000254631042,1
658,8.240002,4.53110838,3.8282218,3.29958034,2.51990771,-9.51158905,17.5966339,-12.1543818,-2.35562778,-19.1651649,5.72785282,8.92888927,0.259911746,0.276407897,-12.1543818,-2.21781778,-0.000254631042,1
659,8.249988,4.70461512,3.67538857,3.49449849,2.45493507,-5.65181208,22.3776188,-12.0979223,-2.46759248,-21.0117245,9.55030346,11.604126,0.221562237,0.298778474,-12.0979223,-2.33985758,-0.000254631042,1
660,8.260003,4.64702606,3.53953624,3.51000309,2.46231818,-5.39188671,18.1396751,-12.0915308,-2.58935714,-18.271822,4.9255209,6.76858139,0.297196001,0.31049636,-12.0915308,-2.46116495,-0.000254631042,1
661,8.269990,4.5695014,3.44650745,3.75217414,2.39882207,-2.87882185,23.7450275,-12.1032486,-2.72856116,-22.9037895,6.89422703,11.7574072,0.198126405,0.362694323,-12.1032486,-2.58299112,-0.000254631042,1
662,8.280005,4.56211853,3.30474854,3.7957356,2.59373999,2.55325723,20.7200851,-12.1160316,-2.84530377,-19.0717583,8.49170494,11.041297,0.255650699,0.357367992,-12.1160316,-2.70451212,-0.000254631042,1
663,8.289980,4.56507158,3.16668153,3.90426922,2.51473927,1.8825109,19.3107452,-12.1021833,-2.95854163,-18.6454449,5.36620474,7.07993412,0.345132917,0.361629069,-12.1021833,-2.82591105,-0.000254631042,1
664,8.300006,4.54513693,3.1039238,4.10361767,2.63730145,2.28340554,18.3531284,-12.0776825,-3.06465554,-18.1233311,3.68729568,6.46680927,0.339806587,0.283864766,-12.0776825,-2.94846964,-0.000254631042,1
665,8.309980,4.47130394,2.96954846,4.11690712,2.77906013,8.43525124,19.342617,-12.0808783,3.10017395,-19.6753044,7.62710333,11.5107203,0.318501294,0.371216446,-12.0808783,-3.06947184,-0.000254631042,1
666,8.320004,4.41962147,2.84993958,4.31182575,2.71261072,7.72353411,21.0471783,-12.1075096,2.97952509,-22.0176334,4.22617483,8.72291756,0.306783378,0.293452144,-12.1075096,3.09252834,-0.000254631042,1
667,8.330010,4.38934994,2.76650858,4.29484415,2.83664966,14.0738688,16.8024387,-12.0734215,2.84740162,-20.1614933,8.59708595,10.5407372,0.305718124,0.403174371,-12.0734215,2.97082424,-0.000254631042,1
668,8.340010,4.1988616,2.7111342,4.43069601,2.92008042,14.8629999,15.9459362,-12.0606384,2.72786856,-20.5758305,7.19839478,7.65713406,0.254585415,0.294517398,-12.0606384,2.84933376,-0.000254631042,1
669,8.350008,4.07408476,2.59669352,4.59312773,3.05888581,14.390132,13.7384882,-12.0531816,2.60970449,-19.6776981,6.3505578,10.1168194,0.270564407,0.442589164,-12.0531816,2.72790432,-0.000254631042,1
670,8.359982,3.99655986,2.54427242,4.54661322,3.14822292,17.3700924,10.1606197,-12.0467901,2.5275774,-19.5268135,7.126544,9.03906059,0.182147443,0.29771319,-12.0425282,2.6068716,-0.000254631042,1
671,8.370003,3.8452034,2.54279566,4.68098831,3.23460746,21.7390919,10.4575863,-12.0340061,2.39911604,-19.4262218,7.77080441,10.4976273,0.188539028,0.3722817,-12.0276146,2.48589993,-0.000254631042,1
672,8.379988,3.68941641,2.40546703,4.55621195,3.51443291,17.790617,12.6051149,-12.0276146,2.2906127,-20.4848213,4.99976683,7.92537594,0.231149614,0.272146821,-12.0244188,2.36474514,-0.000254631042,1
673,8.390001,3.55504131,2.54131913,4.59903479,3.45462871,16.9933014,4.5216341,-12.0095053,2.15487051,-18.3795986,3.38791823,9.13486099,0.281217039,0.336062729,-12.0137663,2.24380398,-0.000254631042,1
674,8.400001,3.42361903,2.56125402,4.50526667,3.70787501,18.1312065,4.65792179,-11.9988527,2.05129361,-15.893568,4.05133867,4.65856981,0.30465287,0.219948873,-12.0052443,2.12292385,-0.000254631042,1
675,8.409987,3.3387115,2.59817028,4.54661322,3.76915574,21.8144207,-0.0393823348,-12.0063095,1.93156862,-19.5148373,7.69895363,7.0344286,0.378156096,0.236993104,-12.0073748,2.00253201,-0.000254631042,1
676,8.420007,3.15929818,2.58783364,4.5082202,3.92863393,20.8986187,0.645671725,-12.004179,1.81340456,-19.4573574,1.73295951,15.2685061,0.360046595,0.177338302,-12.0073748,1.88217068,-0.000254631042,1
677,8.429982,3.04190421,2.70670438,4.50969648,3.99803686,23.4773445,-6.92094898,-12.0158968,1.68782949,-22.5086117,9.61496925,9.43902874,0.46657306,0.247645751,-11.9924612,1.76177883,-0.000254631042,1
678,8.439990,2.9629035,2.67864776,4.41519165,4.26678753,23.8069973,-2.34079123,-11.9882002,1.56458187,-23.8210831,2.19280338,10.5790577,0.371764511,0.272146821,-11.9967222,1.64117336,-0.000254631042,1
679,8.449987,2.76503181,2.84255624,4.30444241,4.26088095,18.3905506,-6.83150721,-12.0148315,1.43049622,-19.1651649,4.1926446,4.76395035,0.380286634,0.232732043,-12.0148315,1.52076626,-0.000254631042,1
680,8.459983,2.6742177,2.85363102,4.21289015,4.44029427,16.622097,-7.22039127,-11.9871349,1.32020593,-17.8934097,2.87298894,5.65729237,0.254585415,0.239123642,-11.9871349,1.40022182,-0.000254631042,1
681,8.469979,2.60481501,3.00498796,4.14201069,4.39525652,14.3376122,-12.4487362,-11.9945917,1.18973899,-17.9389153,6.22362185,10.2796803,0.303587586,0.251906812,-11.9945917,1.27964687,-0.000254631042,1
682,8.479988,2.53172088,3.05445576,4.07556105,4.5082202,17.6683159,-16.6344833,-11.991396,1.07611799,-23.4474602,6.25236177,12.8567219,0.141667396,0.357367992,-11.991396,1.15925503,-0.000254631042,1
683,8.489982,2.42687845,3.21984124,3.90722251,4.65810061,12.7974586,-16.1167336,-12.0403976,0.939486027,-19.8429546,5.45721531,12.9381523,0.178951651,0.312626898,-12.0403976,1.0381918,-0.000254631042,1
684,8.499979,2.4564116,3.26561713,3.74036121,4.641119,11.178998,-16.1461868,-11.9967222,0.828349829,-19.1531887,4.33874083,6.66320086,0.271629661,0.250841558,-11.9967222,0.917952538,-0.000254631042,1
685,8.509988,2.35747576,3.52107835,3.65397668,4.74300814,5.20127439,-17.2145576,-12.012701,0.704814672,-16.4827423,7.19120979,10.8832254,0.251389623,0.249776274,-12.012701,0.79682827,-0.000254631042,1
686,8.610002,3.03747416,4.63816595,2.43647671,4.10361767,-15.5089827,-14.9184275,-12.0382671,-0.47268486,-20.3435135,7.01637316,6.55303001,0.294000208,0.322214276,-12.0382671,-0.380356789,-0.000254631042,1
687,8.619988,3.10023189,4.85449553,2.27995157,3.93970895,-18.4739456,-10.9660559,-12.0787477,-0.591293335,-19.4022713,9.22458172,6.51470947,0.195995882,0.350976408,-12.0787477,-0.500443459,-0.000254631042,1
688,8.630001,3.29072046,4.77992487,2.28954983,3.87768984,-18.5329914,-12.913497,-12.0340061,-0.708376408,-21.8643513,5.67276716,11.2855883,0.240736991,0.381869078,-12.0340061,-0.620379448,-0.000254631042,1
689,8.639986,3.47013378,4.8264389,2.20759583,3.64585495,-17.935648,-8.68512726,-12.075552,-0.825659275,-19.0717583,5.77814817,11.4532404,0.244998053,0.369085908,-12.075552,-0.740771294,-0.000254631042,1
690,8.650004,3.49154496,4.92685127,2.35747576,3.55947113,-16.4173717,-6.84251785,-12.0542469,-0.953292847,-17.3473454,3.92679763,8.89296436,0.23647593,0.383999616,-12.0542469,-0.861010551,-0.000254631042,1
691,8.659990,3.77580094,4.76589584,2.15517449,3.42509556,-22.3157425,-4.75578642,-12.0542469,-1.05827332,-21.7805252,6.79842615,9.46776867,0.327023417,0.347780615,-12.0542469,-0.980792046,-0.000254631042,1
692,8.669986,3.84372687,4.86926222,2.34344769,3.19326138,-22.1930046,-3.14473319,-12.0595732,-1.19894171,-21.8188457,5.13388777,13.5345125,0.351524502,0.430871248,-12.0595732,-1.10127544,-0.000254631042,1
693,8.679983,4.07408476,4.85892534,2.3308959,3.11130714,-23.3485889,-1.18926871,-12.0478554,-1.31192636,-22.8750496,4.82732487,5.54712152,0.387743473,0.331801653,-12.0478554,-1.2215414,-0.000254631042,1
694,8.690004,4.07113123,4.67803526,2.3153913,2.91048217,-25.2958298,2.92550373,-12.0915308,-1.43155527,-24.6449699,6.40803814,6.31352806,0.418636143,0.340323776,-12.0915308,-1.341506,-0.000254631042,1
695,8.699989,4.29484415,4.62118435,2.46379471,2.81745338,-19.1594963,4.87034512,-12.1021833,-1.55802011,-19.0957088,5.1147275,10.5143919,0.44100672,0.330736399,-12.1021833,-1.46220303,-0.000254631042,1
696,8.710004,4.42478943,4.59608078,2.51473927,2.72959232,-21.6606731,10.1162777,-12.1224232,-1.68142509,-22.6451283,7.66302824,6.05726099,0.363242418,0.356302738,-12.1224232,-1.58326626,-0.000254631042,1
697,8.719990,4.49271536,4.50526667,2.62031984,2.58783364,-17.3829632,6.26343012,-12.1064444,-1.81267691,-18.377203,1.91737604,7.10148954,0.340871841,0.32860586,-12.1064444,-1.70371914,-0.000254631042,1
698,8.730001,4.63816595,4.28893757,2.74952698,2.49480438,-11.2545252,10.772625,-12.0968571,-1.9507122,-14.4469757,5.8308382,8.91691399,0.361111879,0.238058373,-12.0968571,-1.82459879,-0.000254631042,1
699,8.740004,4.66991377,4.20550632,3.00646472,2.43795347,-16.2936325,14.6063833,-12.134141,-2.06369638,-21.2655964,5.15783787,13.376441,0.297196001,0.221014142,-12.134141,-1.94611979,-0.000254631042,1
700,8.749990,4.78952312,4.03716803,2.93337035,2.34935403,-14.0889406,15.0274582,-12.0968571,-2.19969177,-20.2333431,3.86452699,10.3299761,0.319566548,0.109161377,-12.0968571,-2.06709146,-0.000254631042,1
701,8.760004,4.78952312,3.84372687,3.35421634,2.36042929,-12.6965199,21.4675655,-12.1490555,-2.31190968,-23.8594036,7.26545525,10.1599293,0.284412831,0.206100434,-12.1490555,-2.18907022,-0.000254631042,1
702,8.769980,4.85892534,3.77432394,3.29958034,2.24008203,-8.81550121,21.4279556,-12.1415977,-2.45155811,-22.1373844,6.84153652,10.9886065,0.302522331,0.141119301,-12.1415977,-2.31080484,-0.000254631042,1
703,8.779988,4.92242146,3.51443291,3.52107835,2.30800796,-4.91650915,18.7149487,-12.134141,-2.56350517,-18.3604374,6.1086607,8.64148712,0.266303331,0.213557288,-12.134141,-2.43293619,-0.000254631042,1
704,8.789986,4.77254105,3.43912411,3.72337961,2.26001668,-8.93186569,20.801487,-12.1352062,-2.69743347,-22.6211777,0.873147488,8.64148712,0.21090959,0.138988778,-12.1352062,-2.55522013,-0.000254631042,1
705,8.799983,4.85744905,3.31360841,3.72485614,2.32498956,0.645892441,21.1865196,-12.209775,-2.80651188,-23.1576614,5.3278842,6.70152092,0.205583259,0.189056203,-12.209775,-2.67741251,-0.000254631042,1
706,8.810004,4.80650425,3.137887,4.02461672,2.42983174,-1.77287817,18.6339912,-12.1352062,-2.90143919,-20.5614605,2.9759748,6.97455311,0.256715953,0.252972066,-12.146925,-2.79975748,-0.000254631042,1
707,8.819989,4.67508221,2.93337035,4.05193472,2.3973453,1.12852395,24.0896988,-12.1224232,-3.01779819,-15.5798206,1.74493468,5.66208267,0.328088671,0.236993104,-12.1213579,-2.92182779,-0.000254631042,1
708,8.830008,4.61749268,2.92746377,4.22987175,2.41137362,8.00325871,22.4374695,-12.2087097,3.13625455,-19.6657238,4.88720036,10.7083893,0.299326539,0.388260663,-12.1799479,-3.04414225,-0.000254631042,1
709,8.839983,4.57171679,2.74214363,4.41076136,2.53688908,5.51755428,21.3326435,-12.1202927,3.01804709,-20.1207771,6.03680992,7.67629385,0.470834106,0.3722817,-12.1373367,3.11715603,-0.000254631042,1
710,8.850011,4.50526667,2.64911485,4.37384462,2.64763808,11.6317587,14.8380728,-12.1490555,2.89543629,-18.693346,6.35774279,9.40310287,0.446333021,0.445784956,-12.1447935,2.99514675,-0.000254631042,1
711,8.859985,4.37384462,2.55977726,4.66548395,2.75764871,12.4595098,19.5729942,-12.0606384,2.78852797,-22.2715054,6.19009161,12.9884472,0.458050936,0.378673285,-12.0648994,2.87344265,-0.000254631042,1
712,8.870004,4.24537611,2.45936489,4.59903479,2.92598701,13.263134,14.039731,-12.1117706,2.66953588,-19.4932823,4.34832096,13.2950106,0.401591927,0.402109116,-12.1181622,2.75186062,-0.000254631042,1
713,8.879989,4.09401894,2.38184071,4.66843653,3.04042768,13.614399,14.468174,-12.0212231,2.55025601,-19.601059,3.23703194,8.44270039,0.406918257,0.334997445,-12.0201578,2.63021755,-0.000254631042,1
714,8.889986,3.9212513,2.35895228,4.94383287,3.20876622,16.4680843,8.44752884,-12.0478554,2.42283225,-17.2012482,6.83195686,10.1096344,0.368568718,0.360563815,-12.0425282,2.50897121,-0.000254631042,1
715,8.899983,3.74183774,2.29250312,4.72455025,3.29367375,20.919117,8.1945734,-12.0744867,2.30301166,-21.035675,7.89055538,11.3478594,0.21090959,0.3541722,-12.0744867,2.38778591,-0.000254631042,1
716,8.909981,3.60746217,2.3648591,4.85744905,3.49302149,21.5997906,7.92143679,-12.0627689,2.17864823,-22.2547398,5.83323336,10.1431646,0.189604297,0.317953229,-12.0627689,2.26644802,-0.000254631042,1
717,8.919989,3.46644187,2.29693317,4.93423462,3.66726637,14.0219612,12.044261,-12.0542469,2.06058002,-18.039505,-4.03185272,7.87987089,0.0724252015,0.378673285,-12.0542469,2.14495754,-0.000254631042,1
718,8.929986,3.29367375,2.3035779,4.6625309,3.75586581,19.3477306,2.56840825,-12.0894003,1.93993092,-18.9711685,4.58542776,3.79396749,0.0841431096,0.349911153,-12.0894003,2.02358913,-0.000254631042,1
719,8.939983,3.14674664,2.42835522,4.84784985,3.96112037,16.6577339,-3.85046315,-12.0776825,1.82113028,-15.1846418,7.85702515,6.98413324,0.0734904632,0.357367992,-12.0776825,1.90179348,-0.000254631042,1
720,8.949981,3.01532435,2.42097187,4.70756817,4.1715436,18.8604183,2.74918771,-12.0265493,1.69324398,-19.0549946,-0.424953133,9.68571568,0.104383133,0.360563815,-12.0265493,1.78069973,-0.000254631042,1
721,8.959989,2.87061262,2.47634649,4.57171679,4.19738531,17.9469643,-4.22267199,-12.0947266,1.56872344,-17.9556789,4.18545961,10.1144238,0.171494797,0.252972066,-12.0947266,1.65942287,-0.000254631042,1
722,9.140004,3.04042768,4.89879513,2.21054888,4.04307461,-14.1688871,-14.9335165,-12.0052443,-0.568266392,-20.2117882,3.90524244,9.02947998,0.158711627,0.337127984,-12.0052443,-0.478989601,-0.000254631042,1
723,9.149990,3.27669215,4.84932709,2.14852953,3.91755915,-18.9313297,-16.3525524,-12.075552,-0.686464787,-24.6473637,4.27886534,10.9646559,0.143797919,0.475612372,-12.075552,-0.599322319,-0.000254631042,1
724,9.160015,3.26709366,4.96524429,2.12121129,3.75734234,-18.1326351,-9.9191494,-12.0457239,-0.801105976,-19.9243851,5.49553585,13.1010132,0.247128576,0.350976408,-12.0457239,-0.719195366,-0.000254631042,1
725,9.169984,3.67243505,4.86335516,2.10422969,3.56537747,-22.5071545,-8.5606451,-12.0585079,-0.917910099,-23.0786266,6.87267208,2.94852567,0.218366444,0.431936532,-12.0585079,-0.839251518,-0.000254631042,1
726,9.180002,3.63035035,4.94530964,2.16551113,3.42214251,-21.6189232,-2.50474381,-12.0361366,-1.04828119,-19.9842606,8.6186409,9.71685123,0.311044455,0.422349125,-12.0361366,-0.959429741,-0.000254631042,1
727,9.189989,3.85258651,4.96524429,2.10053825,3.26414061,-20.2325191,-1.80987263,-12.0329409,-1.17699575,-19.3783207,6.09189558,10.583848,0.368568718,0.482003957,-12.0329409,-1.07896709,-0.000254631042,1
728,9.200000,4.04159832,4.87590694,2.17215562,3.05740929,-18.408411,1.91746318,-12.0617037,-1.29831553,-17.2132244,6.8008213,8.66543674,0.374960303,0.525679767,-12.0617037,-1.19898891,-0.000254631042,1
729,9.209987,4.16489887,4.85449553,2.30210137,2.91048217,-21.121954,6.45888519,-12.0894003,-1.4230628,-19.9411507,9.49761391,12.1334257,0.465507805,0.451111287,-12.0894003,-1.318923,-0.000254631042,1
730,9.220008,4.37089157,4.81831789,2.31391478,2.75617194,-17.685091,5.5009408,-12.084074,-1.53185368,-17.4575157,6.1853013,13.5991774,0.461246729,0.42874074,-12.084074,-1.43977261,-0.000254631042,1
731,9.230015,4.43069601,4.71495152,2.44681334,2.63730145,-18.2271004,8.75485802,-12.0478554,-1.66863346,-18.9951191,6.93254757,8.39480019,0.503857315,0.334997445,-12.0478554,-1.55985928,-0.000254631042,1
732,9.239984,4.52224874,4.58205271,2.5058794,2.62918019,-15.5352402,5.46617508,-12.1064444,-1.7996068,-16.3701763,1.8000201,8.41635513,0.461246729,0.322214276,-12.1064444,-1.68040371,-0.000254631042,1
733,9.250009,4.74448442,4.45875216,2.75912523,2.36633563,-17.4263821,12.0035887,-12.0702257,-1.92377806,-20.501585,5.23926878,9.570755,0.458050936,0.294517398,-12.0702257,-1.80189371,-0.000254631042,1
734,9.259985,4.74743795,4.30887222,2.72220898,2.36633563,-19.4585419,11.5184059,-12.1096401,-2.03759146,-22.1972599,1.4359771,8.3349247,0.407983512,0.291321605,-12.1160316,-1.92295694,-0.000254631042,1
735,9.270000,4.79985905,4.12355185,3.06479263,2.25558686,-17.203989,20.8925743,-12.1107054,-2.16103029,-22.0942745,4.3866415,9.31448746,0.405852973,0.268951029,-12.0915308,-2.04450846,-0.000254631042,1
736,9.279986,4.96229076,4.00246668,3.01237154,2.18766069,-10.997798,15.21068,-12.1373367,-2.26127672,-21.289547,4.89678049,13.25669,0.356850803,0.22953625,-12.1682301,-2.1657548,-0.000254631042,1
737,9.290000,4.78804588,3.78318405,3.39408565,2.22162366,-9.07397079,18.1310158,-12.1170969,-2.403332,-18.918478,8.10371208,10.9862108,0.381351888,0.24871102,-12.1021833,-2.28822184,-0.000254631042,1
738,9.299986,4.91429996,3.62001395,3.49154496,2.13819289,-9.46013927,21.3269043,-12.134141,-2.51295114,-19.9339657,8.43661976,7.76490974,0.216235906,0.21781835,-12.1405325,-2.40959024,-0.000254631042,1
739,9.309984,4.99330091,3.53953624,3.68129492,2.12711811,-5.97299385,18.3618088,-12.1181622,-2.65361953,-21.7972908,5.79491329,9.00313473,0.218366444,0.270016313,-12.1075096,-2.53159952,-0.000254631042,1
740,9.319981,4.9298048,3.28924346,3.86661458,2.14852953,0.714618146,19.8417225,-12.0648994,-2.77191401,-21.2009315,8.07497215,11.1275177,0.136341065,0.32860586,-12.0680952,-2.65324259,-0.000254631042,1
741,9.329990,4.86778498,3.06774569,4.00615835,2.18913746,-0.80320102,19.7658844,-12.0776825,-2.8773737,-19.2897053,4.3866415,10.1671143,0.153385311,0.265755236,-12.0808783,-2.77482462,-0.000254631042,1
742,9.340007,4.80650425,3.00646472,4.09697247,2.29545665,1.19288993,16.8499699,-12.0531816,-3.00570488,-16.5330372,3.46455884,8.35647964,0.244998053,0.223144665,-12.0542469,-2.89668131,-0.000254631042,1
743,9.349981,4.77106428,2.80416346,4.26531076,2.3648591,3.59163475,20.1835575,-12.0606384,-3.11948323,-20.0992222,4.03696823,9.69290066,0.206648529,0.207165703,-12.0702257,-3.01789713,-0.000254631042,1
744,9.360006,4.64997911,2.71261072,4.37236834,2.45936489,4.53794622,19.1557388,-12.0020485,3.05827689,-19.466938,2.92807436,8.52652645,0.274825454,0.211426765,-12.0020485,-3.13908243,-0.000254631042,1
745,9.369981,4.51117373,2.57971191,4.57171679,2.55977726,10.2176533,19.8705158,-12.0446587,2.93988681,-21.514679,6.02962494,8.52652645,0.286543369,0.194382533,-12.0446587,3.02319241,-0.000254631042,1
746,9.379989,4.41519165,2.47782302,4.70240021,2.71556401,7.87293339,21.1531734,-12.0648994,2.81772041,-22.5589066,0.731841326,7.41523695,0.275890708,0.321149021,-12.0648994,2.90191555,-0.000254631042,1
747,9.390008,4.25792742,2.40029883,4.7105217,2.92155695,18.3778133,18.3042431,-12.0297451,2.69858861,-24.4150486,8.75755215,4.87172651,0.34832871,0.320083737,-12.0297451,2.78063869,-0.000254631042,1
748,9.399982,4.08811235,2.29693317,4.83677578,2.88759422,6.18969393,16.6704597,-12.0382671,2.57060671,-17.371294,-3.8019309,3.28382826,0.233280137,0.519288182,-12.0382671,2.65948391,-0.000254631042,1
749,9.409990,3.99065375,2.26296997,4.75555992,3.23165417,16.2879639,8.946702,-12.0190926,2.46289706,-17.1892738,7.06187868,4.78071547,0.338741332,0.444719702,-12.0190926,2.53875637,-0.000254631042,1
750,9.419987,3.78318405,2.2489419,4.8744297,3.17627978,15.839859,11.4100561,-12.0574427,2.34361696,-19.3064709,2.88975406,5.65489769,0.214105383,0.455372334,-12.0574427,2.41760159,-0.000254631042,1
751,9.429985,3.73371601,2.19652081,4.74743795,3.52403164,22.2992363,6.35954428,-12.0435934,2.22021246,-21.60569,8.41985512,12.6842804,0.282282293,0.338193238,-12.0435934,2.29647732,-0.000254631042,1
752,9.440006,3.62149072,2.27699804,4.9298048,3.51443291,24.4793701,3.97079825,-12.0680952,2.09965944,-23.1385021,8.92280865,12.0040941,0.266303331,0.359498531,-12.0680952,2.17529202,-0.000254631042,1
753,9.449981,3.31065512,2.23860526,4.81093407,3.83560538,14.9496956,8.39714336,-12.0340061,1.98626423,-17.0671272,-1.64880812,12.272337,0.282282293,0.206100434,-12.0340061,2.05392361,-0.000254631042,1
754,9.460005,3.06183934,2.30210137,4.85228014,3.99213028,22.0043583,-1.79590392,-12.0510511,1.86240697,-20.5590668,8.04623127,8.49060059,0.274825454,0.195447788,-12.0510511,1.93289089,-0.000254631042,1
755,9.469990,3.01680112,2.34492421,4.84342003,4.08146763,20.3238106,3.60203099,-11.9988527,1.74824524,-20.6404972,0.0420757085,12.5836897,0.30465287,0.180534095,-11.9988527,1.81225491,-0.000254631042,1
756,9.480001,2.85363102,2.44976664,4.64997911,4.31034899,20.1915073,-2.38497949,-12.0190926,1.60464716,-20.0992222,3.06698537,6.83564234,0.35365501,0.181599349,-12.0190926,1.69134426,-0.000254631042,1
757,9.490006,2.65871286,2.53024435,4.61306286,4.34283543,19.9965839,-6.09960604,-12.0340061,1.48261142,-20.4560795,4.31479073,5.08009291,0.303587586,0.304104775,-12.0340061,1.57035732,-0.000254631042,1
758,9.499980,2.59226346,2.61072159,4.52372503,4.58205271,20.236475,-2.85680628,-12.0073748,1.36365342,-20.3914146,-1.3661958,5.19744873,0.354720294,0.337127984,-12.0073748,1.44956875,-0.000254631042,1
759,9.509989,2.42097187,2.83148122,4.36277056,4.54956675,11.8477011,-11.9494638,-12.0190926,1.25457478,-14.9762754,7.67260838,3.77480745,0.345132917,0.410631239,-12.0190926,1.35298061,-0.000254631042,1
760,9.519985,2.44976664,2.85363102,4.1774497,4.73488665,17.8070183,-12.7957134,-12.0190926,1.12055087,-21.6008987,3.77112126,9.32646275,0.286543369,0.425544918,-12.0190926,1.23237514,-0.000254631042,1
761,9.529982,2.2489419,3.1533916,4.01944828,4.72455025,11.3330631,-13.9457102,-12.0116358,0.995167255,-17.0982628,5.52906609,12.2483864,0.316370755,0.34138903,-12.0116358,1.1109457,-0.000254631042,1
762,9.539990,2.3648591,3.26266384,3.92715716,4.85892534,8.40505695,-16.5635319,-12.0350714,0.868257523,-17.1174221,7.21036959,9.55877972,0.299326539,0.299843729,-12.0350714,0.990492821,-0.000254631042,1
763,9.549986,2.15000629,3.30917859,3.73888421,4.79838228,11.5955734,-19.4823761,-12.0329409,0.760739803,-22.1062489,5.03329706,6.85959244,0.347263426,0.227405727,-12.0329409,0.869643211,-0.000254631042,1
764,9.559984,2.27699804,3.63478065,3.67686486,4.80133581,1.8056289,-22.0462227,-12.0680952,0.637840986,-18.7867508,11.6770811,5.98061991,0.332349747,0.263624728,-12.0680952,0.748763084,-0.000254631042,1
765,9.569982,2.21497893,3.70122957,3.36602974,4.91725302,5.92921209,-19.6934013,-11.9711561,0.517288208,-20.0489273,4.58542776,10.801795,0.303587586,0.256167859,-11.9711561,0.62797451,-0.000254631042,1
766,9.579990,2.29988647,3.8511095,3.2301774,4.71938181,0.329007685,-22.7914639,-12.0372019,0.394485474,-21.1674004,8.45578003,6.77097654,0.280151784,0.296647936,-12.0372019,0.507582664,-0.000254631042,1
767,9.670007,3.09875536,4.89288807,2.24746537,3.90869951,-11.9614458,-12.4425611,-12.0957918,-0.662460804,-17.1677189,1.77846491,5.85847425,0.264172822,0.342454314,-12.0957918,-0.574234962,-0.000254631042,1
768,9.679983,3.38965631,4.83234549,2.20759583,3.73888421,-14.061492,-8.55781746,-12.0659647,-0.787844181,-16.0037384,3.85255194,5.20463371,0.239671722,0.445784956,-12.0659647,-0.694720268,-0.000254631042,1
769,9.689990,3.49302149,4.80281258,2.11973476,3.62149072,-14.0265598,-5.24621725,-12.1011181,-0.895806789,-14.2290287,4.66925383,8.83069324,0.289739162,0.362694323,-12.1011181,-0.814867973,-0.000254631042,1
770,9.700036,3.59491062,5.08780622,2.17806244,3.44355392,-23.1545658,-6.97890759,-12.1309452,-1.01387501,-23.3444748,6.31463242,7.57091331,0.324892879,0.485199749,-12.1309452,-0.936114311,-0.000254631042,1
771,9.709983,3.82526827,4.92389774,2.26149368,3.29958034,-16.5928326,-1.98534513,-12.1011181,-1.15009642,-20.2596893,6.8894372,12.8375616,0.414375097,0.477742881,-12.1011181,-1.05620098,-0.000254631042,1
772,9.719980,3.91460609,4.8094573,2.1300714,3.17037296,-23.3535099,-3.35852528,-12.1991224,-1.26547003,-19.4645424,6.85830164,6.72547102,0.428223521,0.380803823,-12.1991224,-1.17722988,-0.000254631042,1
773,9.730014,4.08146763,4.84932709,2.36781263,2.99834299,-23.7334824,-2.7162168,-12.1320105,-1.36492252,-20.9805889,3.1508112,12.9213867,0.496400446,0.31049636,-12.1192274,-1.29823208,-0.000254631042,1
774,9.739984,4.23430157,4.81093407,2.2710917,2.85806108,-22.4037342,4.15338755,-12.1714258,-1.48890257,-22.8558903,2.73647285,13.3453054,0.495335191,0.255102605,-12.1703606,-1.41923428,-0.000254631042,1
775,9.750005,4.31034899,4.65293264,2.57380581,2.72959232,-21.0129166,8.12954807,-12.2214928,-1.61138296,-23.7420464,9.70358562,11.4580297,0.47189939,0.251906812,-12.2108402,-1.54066372,-0.000254631042,1
776,9.759980,4.49862242,4.52667856,2.49037457,2.62918019,-15.9425964,7.0747571,-12.1660995,-1.75445843,-19.6633282,1.84073544,8.30618382,0.451659352,0.180534095,-12.1948614,-1.66227627,-0.000254631042,1
777,9.770006,4.53553867,4.48607063,2.77906013,2.58931017,-14.2427664,12.4709129,-12.2161665,-1.86989307,-19.3304214,6.22841167,6.58176994,0.39733088,0.243384689,-12.2108402,-1.78404093,-0.000254631042,1
778,9.779983,4.6625309,4.2158432,2.74509716,2.39291549,-15.9687405,12.0461702,-12.2119055,-2.00982952,-19.5747128,4.11600399,9.86773682,0.295065492,0.153902486,-12.2427979,-1.90617228,-0.000254631042,1
779,9.790006,4.79395247,4.14348745,3.03082943,2.4069438,-14.2105122,16.9849205,-12.2332106,-2.13536978,-21.0931549,6.74573612,7.2763257,0.259911746,0.231666788,-12.1810131,-2.02882242,-0.000254631042,1
780,9.799980,4.80281258,3.99065375,3.13419509,2.2541101,-18.81143,17.2770939,-12.2076445,-2.26008272,-25.5047817,1.36891651,13.6686335,0.178951651,0.175207764,-12.2289495,-2.15119791,-0.000254631042,1
781,9.809988,4.91872978,3.77137041,3.26266384,2.27699804,-4.76679659,25.2524128,-12.2246885,-2.38962507,-21.6990948,13.7679329,15.8049908,0.227953821,0.303039521,-12.1852741,-2.27369547,-0.000254631042,1
782,9.819984,4.89584208,3.64290166,3.55356455,2.23343706,-5.08106279,22.7619095,-12.2076445,-2.51129436,-21.3829536,9.31080151,8.82829857,0.145928457,0.196513057,-12.2076445,-2.39613199,-0.000254631042,1
783,9.829981,4.9128232,3.46644187,3.53436804,2.22310042,-5.73794127,16.0841408,-12.1906004,-2.6261797,-16.8228359,2.93525934,11.4508448,0.166168481,0.208230972,-12.1906004,-2.51862955,-0.000254631042,1
784,9.840008,4.92020655,3.29958034,3.85775518,2.21497893,1.25861394,25.9578152,-12.1820784,-2.76246238,-23.6486416,10.7765532,13.7955694,0.0884041637,0.239123642,-12.1820784,-2.64137125,-0.000254631042,1
785,9.849981,4.86483192,3.14527011,3.94413924,2.22162366,0.556861162,20.0101013,-12.1863394,-2.86470509,-19.0957088,6.00567484,9.76475143,0.133145273,0.226340458,-12.1863394,-2.76362467,-0.000254631042,1
786,9.860004,4.77697134,2.97397852,4.02904701,2.35895228,-1.78412938,20.4858799,-12.12988,-2.98179674,-20.50877,1.49824762,4.07897472,0.227953821,0.247645751,-12.12988,-2.88578653,-0.000254631042,1
787,9.869979,4.71495152,2.84993958,4.34283543,2.3375411,10.2352514,18.6922607,-12.1522512,-3.10063171,-18.257452,10.9921055,7.19728994,0.272694916,0.339258522,-12.1522512,-3.00880289,-0.000254631042,1
788,9.880035,4.64259577,2.72516227,4.33176041,2.47929978,7.75027514,21.0518341,-12.0989876,3.06717992,-21.5697651,6.16374636,6.40932846,0.367503464,0.419153333,-12.0989876,-3.12998819,-0.000254631042,1
789,9.889986,4.54070663,2.56716061,4.52372503,2.56273055,8.77255726,18.372715,-12.1032486,2.93417549,-19.7854748,4.80097961,9.97072315,0.483617276,0.50330925,-12.1032486,3.03158474,-0.000254631042,1
790,9.900034,4.51560354,2.48594475,4.59608078,2.68455458,14.1361771,20.694643,-12.0915308,2.81086683,-24.1635704,6.64993525,12.8663015,0.446333021,0.580008268,-12.0915308,2.90957546,-0.000254631042,1
791,9.909984,4.24685287,2.40399075,4.68763399,2.83148122,11.2576971,17.8583965,-12.079813,2.70728993,-20.937479,2.69815254,15.7978058,0.465507805,0.412761748,-12.079813,2.78820705,-0.000254631042,1
792,9.919981,4.0895896,2.28290486,4.75186777,2.98652959,16.424345,15.8120432,-12.0606384,2.57599473,-22.1517544,5.39254999,12.8950415,0.354720294,0.436197579,-12.0606384,2.66671658,-0.000254631042,1
793,9.929990,4.01944828,2.17510915,4.76146603,3.23165417,14.2677546,8.18492603,-12.0851393,2.46882582,-15.2924175,6.05836535,13.060298,0.452724606,0.333932191,-12.0851393,2.54553127,-0.000254631042,1
794,9.939987,3.78687572,2.20759583,4.88328981,3.1533916,12.5061979,6.94301319,-12.0073748,2.33606553,-13.8290606,3.65616035,7.12304449,0.346198171,0.284930021,-12.0073748,2.42413235,-0.000254631042,1
795,9.950000,3.61041594,2.19356751,4.82348585,3.57497573,18.5227108,7.10474348,-12.0425282,2.22717881,-19.0094891,5.67516232,6.2584424,0.369634002,0.178403556,-12.0425282,2.3032217,-0.000254631042,1
796,9.959985,3.51000309,2.15369797,4.96524429,3.46496534,22.2553635,5.94635105,-12.0531816,2.09865618,-22.2212105,6.07273531,14.2218828,0.337676048,0.32327953,-12.0531816,2.2061758,-0.000254631042,1
797,9.969982,3.23165417,2.27847505,4.91872978,3.86070848,17.6297951,7.33923435,-12.0095053,1.99406838,-19.0885239,0.549819827,3.46584988,0.285478085,0.239123642,-12.0095053,2.0849905,-0.000254631042,1
798,9.979981,3.17480302,2.21054888,4.84046698,3.93454075,17.083395,2.87839246,-12.0180273,1.87118721,-17.1701126,2.30536914,6.15306139,0.189604297,0.45963338,-12.0180273,1.96417141,-0.000254631042,1
799,9.989988,2.98800635,2.34640074,4.82200909,4.02904701,23.5806599,-1.13469553,-12.0340061,1.74151397,-23.0450974,5.12430763,13.1632843,0.151254773,0.469220787,-12.0340061,1.84371853,-0.000254631042,1
800,9.999985,2.83960271,2.39143896,4.70904493,4.2704792,20.0013161,-6.53826904,-12.0915308,1.6224606,-19.6369839,7.56243753,11.1610479,0.190669566,0.484134465,-12.0915308,1.72228909,-0.000254631042,1
801,10.009982,2.67126441,2.46379471,4.60051107,4.34431124,21.0858555,-4.96721029,-12.0169621,1.49972701,-21.3853474,3.45737362,13.9416656,0.145928457,0.420218617,-12.0169621,1.60111904,-0.000254631042,1
802,10.019990,2.58118868,2.62179661,4.46908951,4.60420275,16.0584812,-8.2694912,-12.0372019,1.36744618,-17.3976402,4.85606527,8.34689999,0.301457077,0.241254166,-12.0372019,1.47993374,-0.000254631042,1
803,10.029987,2.48889804,2.71408749,4.35169506,4.58869743,17.3210278,-10.0237398,-12.0233536,1.2579844,-19.5651321,4.20701504,8.50736618,0.2790865,0.315822691,-12.0233536,1.35917568,-0.000254631042,1
804,10.039983,2.34492421,2.84403276,4.20698309,4.74005508,13.7682924,-12.6823616,-12.0148315,1.12586975,-17.8862247,5.5218811,11.6161013,0.383482426,0.218883619,-12.0148315,1.23835659,-0.000254631042,1
805,10.190033,3.09580207,4.87295341,2.32498956,3.95373726,-7.94301367,-9.89813805,-11.9945917,-0.638011456,-18.5688038,2.01317692,10.1695099,0.247128576,0.376542777,-12.0212231,-0.561203957,-0.000254631042,1
806,10.199983,3.247159,4.86926222,2.24155879,3.80164218,-16.3386803,-9.54116154,-12.0201578,-0.756271839,-18.9544029,6.15177107,9.36957264,0.246063307,0.404239655,-11.991396,-0.681139946,-0.000254631042,1
807,10.210031,3.55504131,4.86778498,2.26149368,3.69532299,-18.5543041,-9.80892944,-12.0095053,-0.858958721,-16.5593834,4.08247375,8.33971405,0.218366444,0.276407897,-12.0276146,-0.800280571,-0.000254631042,1
808,10.219981,3.63035035,4.98370314,2.20611906,3.50188184,-21.3678379,-7.90706015,-12.0521164,-0.975370884,-22.1254082,7.80433464,9.98030281,0.255650699,0.375477493,-12.0478554,-0.920275688,-0.000254631042,1
809,10.230001,3.7263329,4.90322542,2.21867061,3.36307645,-15.6849747,-2.64600801,-12.0190926,-1.11203718,-15.2349377,4.57345295,6.9625783,0.317436039,0.393586993,-12.0265493,-1.04033184,-0.000254631042,1
810,10.239987,3.91903591,4.79690599,2.14262319,3.12681174,-22.2941322,2.03864431,-12.0702257,-1.22350454,-20.269268,9.50479889,5.98541021,0.365372926,0.369085908,-12.071291,-1.16017437,-0.000254631042,1
811,10.249984,4.06300926,4.90839291,2.34640074,3.03525949,-20.7749462,-0.167641506,-12.0531816,-1.36070251,-20.3530941,4.1686945,9.92042732,0.401591927,0.437262833,-12.0489206,-1.28040981,-0.000254631042,1
812,10.260003,4.27933931,4.81684065,2.24746537,2.87799597,-20.6226711,1.73463535,-12.0361366,-1.46876097,-20.3387241,3.82620668,6.8979125,0.415440351,0.411696494,-12.0361366,-1.40061855,-0.000254631042,1
813,10.269989,4.24537611,4.59903479,2.54279566,2.73402262,-21.0183353,6.13562584,-12.1394672,-1.59195662,-21.1434517,5.68953228,10.2844706,0.454855144,0.429805994,-12.1394672,-1.52159023,-0.000254631042,1
814,10.280000,4.52963209,4.5421834,2.4564116,2.62179661,-17.9062099,4.04673719,-12.071291,-1.71920586,-18.3077469,1.35454643,7.07514429,0.476160437,0.346715361,-12.071291,-1.64179897,-0.000254631042,1
815,10.289986,4.52077198,4.48976183,2.77167702,2.550179,-17.398798,13.2291651,-12.1501207,-1.84836531,-20.3578835,7.9552207,8.46904564,0.472964644,0.377608031,-12.1501207,-1.76277018,-0.000254631042,1
816,10.299982,4.6285677,4.24242258,2.75912523,2.48742127,-12.6899738,10.3998098,-12.12988,-1.97438526,-15.7546568,4.58063793,7.23800564,0.495335191,0.287060559,-12.12988,-1.883986,-0.000254631042,1
817,10.309979,4.71790457,4.17301989,3.03747416,2.39291549,-12.707159,15.6624041,-12.159708,-2.10227156,-18.8921318,7.06187868,9.352808,0.472964644,0.311561644,-12.159708,-2.00575113,-0.000254631042,1
818,10.319988,4.75334454,4.00099039,3.04928756,2.37741089,-16.783556,13.6452332,-12.1565123,-2.23597383,-21.6272449,0.377378434,6.2344923,0.387743473,0.18586041,-12.1565123,-2.12730265,-0.000254631042,1
819,10.329985,4.79838228,3.80976343,3.39408565,2.33901763,-11.157445,20.2037563,-12.1565123,-2.35395479,-22.161335,6.44635868,9.8318119,0.389874011,0.260428935,-12.1565123,-2.24958658,-0.000254631042,1
820,10.339981,4.83382225,3.67538857,3.44946027,2.29250312,-8.96950436,21.7938347,-12.1330757,-2.49022865,-22.7696686,6.07992029,9.19713116,0.257781208,0.219948873,-12.1330757,-2.37144327,-0.000254631042,1
821,10.350030,4.82200909,3.51738644,3.65028524,2.26961493,-5.43211889,16.2337437,-12.06703,-2.60115576,-16.7150593,3.69448066,13.946455,0.259911746,0.285995275,-12.06703,-2.49299479,-0.000254631042,1
822,10.359981,4.85228014,3.34166479,3.77432394,2.29250312,-0.522651672,21.6061764,-12.0617037,-2.72443748,-19.9651012,8.27615356,10.9167557,0.159776896,0.228470996,-12.0617037,-2.6145463,-0.000254631042,1
823,10.370005,4.83529902,3.20581293,3.94266248,2.29397964,-0.83504504,19.3321342,-12.0627689,-2.84245348,-18.7196903,4.89917564,9.62344456,0.176821128,0.26149419,-12.0627689,-2.73582315,-0.000254631042,1
824,10.379981,4.80798149,3.03895116,3.98917675,2.31243825,2.21182561,17.84165,-12.0361366,-2.96531749,-17.1772976,5.30632925,7.3002758,0.244998053,0.196513057,-12.0361366,-2.85716105,-0.000254631042,1
825,10.390004,4.65514708,2.90457535,4.26235723,2.41137362,-0.466076016,17.8984776,-11.991396,-3.08431005,-17.8958035,0.559399903,7.44397736,0.162972689,0.21675308,-11.991396,-2.97862101,-0.000254631042,1
826,10.399989,4.57762289,2.7945652,4.34726524,2.52581406,9.42624092,19.6597214,-12.0574427,3.09468889,-20.0800629,8.49410057,15.2517414,0.16723375,0.294517398,-12.0574427,-3.07533121,-0.000254631042,1
827,10.410014,4.58205271,2.65575981,4.47868776,2.60481501,9.22809982,19.7732754,-12.0414629,2.97521734,-21.0284901,5.82604837,8.41396046,0.169364274,0.264689982,-12.0414629,3.08688259,-0.000254631042,1
828,10.419984,4.41962147,2.59669352,4.55621195,2.67274117,11.7627115,15.9320478,-12.004179,2.85397506,-18.6143093,6.76010609,8.48581028,0.202387467,0.403174371,-12.004179,2.96575832,-0.000254631042,1
829,10.429981,4.23134851,2.46379471,4.5695014,2.84993958,13.7572651,15.518219,-12.004179,2.7352705,-19.6920681,6.50383902,8.32773972,0.178951651,0.294517398,-12.004179,2.84509182,-0.000254631042,1
830,10.439988,4.16342211,2.42097187,4.76884937,2.90605235,14.4788418,13.0595541,-12.0052443,2.61754203,-18.5520401,6.00088501,10.6389332,0.250324368,0.454307079,-12.0052443,2.72442532,-0.000254631042,1
831,10.450080,4.00763512,2.3648591,4.641119,3.163728,14.8805876,12.6033773,-11.991396,2.48946428,-19.0478096,4.17827463,9.19473648,0.285478085,0.342454314,-11.991396,2.6033926,-0.000254631042,1
832,10.459981,3.75586581,2.35083103,4.83529902,3.16520476,19.6155167,9.76247406,-12.0276146,2.38185072,-20.5878067,7.49777222,6.25604725,0.354720294,0.529940844,-12.0276146,2.48284817,-0.000254631042,1
833,10.470030,3.73223901,2.31908298,4.77697134,3.57054591,18.8774357,9.55762959,-12.0212231,2.25977135,-20.6476822,4.6237483,11.5634108,0.371764511,0.461763918,-12.0212231,2.36196804,-0.000254631042,1
834,10.480001,3.48490024,2.35083103,4.83677578,3.43543243,23.6069679,5.57539129,-12.0212231,2.12851954,-22.9804306,7.76361942,9.93958759,0.385612965,0.460698664,-12.0212231,2.24066067,-0.000254631042,1
835,10.489985,3.38005805,2.36190581,4.79838228,3.80828667,19.3302326,7.6075182,-12.0435934,2.01445365,-20.7243233,1.42639709,12.1573753,0.361111879,0.435132325,-12.0435934,2.11987209,-0.000254631042,1
836,10.500011,3.21614957,2.36042929,4.75039148,3.87768984,22.5953979,3.96056962,-11.9924612,1.90215778,-22.6547089,3.605865,7.69305897,0.339806587,0.331801653,-11.9924612,1.99920559,-0.000254631042,1
837,10.510000,3.06036258,2.48372984,4.76294279,3.99213028,16.7354183,-1.71327424,-12.0393324,1.78488326,-15.9893684,5.22968864,13.3045902,0.341937125,0.288125813,-12.0393324,1.87875271,-0.000254631042,1
838,10.519987,2.97840834,2.47782302,4.59608078,4.17892694,20.0410709,0.837211609,-11.9988527,1.65895915,-20.0369511,0.930628002,8.67022705,0.362177134,0.156033009,-11.9988527,1.75799465,-0.000254631042,1
839,10.529985,2.74952698,2.57085228,4.50305223,4.29927397,19.6858959,-8.15119076,-12.0510511,1.53434277,-19.9698906,7.42831659,4.0095191,0.306783378,0.129401401,-12.0510511,1.63708401,-0.000254631042,1
840,10.539981,2.7281158,2.61072159,4.48976183,4.48459435,18.4761448,-9.19362354,-12.0073748,1.4148097,-19.6800938,6.21164656,9.51087952,0.251389623,0.165620387,-12.0073748,1.51652431,-0.000254631042,1
841,10.549988,2.60333824,2.85806108,4.39525652,4.44915438,17.417429,-11.284956,-11.9839392,1.27995706,-19.9219913,5.81646824,9.6617651,0.240736991,0.25403735,-11.9839392,1.39582729,-0.000254631042,1
842,10.560000,2.49628115,2.86544442,4.25128317,4.6285677,16.7680626,-9.69618702,-12.0063095,1.17180276,-19.2178555,2.42033029,9.10133076,0.117166303,0.394652277,-12.0063095,1.27561855,-0.000254631042,1
843,10.569986,2.40399075,3.11130714,4.14939404,4.56802511,14.7226524,-18.4439545,-11.9871349,1.04664564,-21.9769173,8.59948158,10.0976591,0.238606468,0.429805994,-11.9871349,1.1550436,-0.000254631042,1
844,10.579982,2.44386005,3.20285964,3.98105574,4.73488665,10.8466902,-16.8831863,-12.0158968,0.92162776,-18.8466263,6.89183235,8.39240456,0.133145273,0.445784956,-12.0158968,1.03449917,-0.000254631042,1
845,10.589980,2.34640074,3.25011253,3.74183774,4.72898006,10.7333565,-18.833189,-11.9935265,0.800342321,-21.1075249,5.7589879,8.82590389,0.257781208,0.338193238,-11.9935265,0.914381981,-0.000254631042,1
846,10.599988,2.37741089,3.56390095,3.68572497,4.75998926,9.41802883,-17.8073139,-12.0382671,0.677749157,-18.355648,7.73966885,12.6196146,0.240736991,0.340323776,-12.0222883,0.793745995,-0.000254631042,1
847,10.609985,2.33237243,3.62592053,3.52698469,4.8308692,7.25090218,-18.9978771,-11.9455891,0.58059001,-19.0023041,1.32820117,9.91324234,0.325958133,0.257233143,-11.9360018,0.673384666,-0.000254631042,1
848,10.619981,2.42392492,3.75586581,3.32615995,4.71347523,3.80644274,-18.5531311,-11.9850044,0.458903313,-16.5953083,7.1025939,10.7993994,0.314240247,0.287060559,-11.9924612,0.553236961,-0.000254631042,1
849,10.629989,2.27995157,3.94118571,3.22427082,4.78435469,3.53508401,-18.3882141,-11.9264145,0.341122627,-14.9307699,5.54343605,5.82973385,0.370699257,0.26149419,-11.9115009,0.433363914,-0.000254631042,1
850,10.639985,2.52876735,4.02756977,3.08325028,4.65514708,-1.18460524,-18.5165176,-11.920023,0.225879431,-17.0719166,5.30153894,5.99020004,0.420766681,0.249776274,-11.9296103,0.314040184,-0.000254631042,1
851,10.649981,2.49775791,4.22691822,2.92303395,4.57466984,-3.01207972,-20.0175343,-11.9210882,0.105962753,-18.1856022,-0.513568878,11.4197102,0.421831936,0.282799482,-11.9157619,0.194411278,-0.000254631042,1
852,10.720003,3.32320666,4.72159672,2.35599923,3.78835201,-21.1893787,-11.1656981,-12.0286798,-0.70935297,-22.273901,8.80545235,6.55063486,0.233280137,0.314757437,-12.0286798,-0.640734673,-0.000254631042,1
853,10.729989,3.37858129,4.77992487,2.37445736,3.74626756,-14.546484,-13.204298,-11.9764824,-0.821221828,-19.6441689,0.245652378,11.6137066,0.300391793,0.288125813,-11.9764824,-0.760272026,-0.000254631042,1
854,10.740000,3.60893893,4.78583097,2.28438163,3.53953624,-16.6249332,-6.23095655,-12.0180273,-0.938522816,-17.0934734,4.79858446,4.62264442,0.325958133,0.343519568,-12.0180273,-0.88005352,-0.000254631042,1
855,10.749985,3.66283655,4.78140116,2.33384943,3.38153458,-22.4090729,-2.1930356,-12.0308104,-1.0574193,-20.5973873,9.09525013,10.3874559,0.336610794,0.347780615,-12.0308104,-0.999590874,-0.000254631042,1
856,10.760001,3.86513829,4.76146603,2.28438163,3.3217299,-18.6027298,-3.46279478,-12.0201578,-1.18353558,-18.5328789,3.8190217,14.0494413,0.344067633,0.334997445,-12.0201578,-1.1192503,-0.000254631042,1
857,10.769987,3.96850395,4.73636341,2.51473927,3.09875536,-18.6412163,-0.0112912674,-12.0244188,-1.3083787,-18.0059757,4.82492971,10.3156061,0.369634002,0.332866937,-12.0244188,-1.23939419,-0.000254631042,1
858,10.780012,4.13905716,4.66991377,2.35304594,3.00498796,-21.3874931,2.83049703,-12.071291,-1.43054438,-20.7818031,5.79251814,10.569478,0.37922138,0.274277389,-12.071291,-1.35938931,-0.000254631042,1
859,10.789983,4.19443178,4.54365969,2.66018939,2.94296861,-22.7206917,8.47996902,-12.088335,-1.55271959,-22.5636978,8.88927841,18.0060139,0.406918257,0.358433276,-12.088335,-1.48011684,-0.000254631042,1
860,10.800012,4.34135818,4.45432281,2.57971191,2.7775836,-19.3283443,3.70926094,-12.0915308,-1.67724037,-19.6130333,1.63476372,5.96146011,0.377090842,0.303039521,-12.0915308,-1.60032558,-0.000254631042,1
861,10.809981,4.38934994,4.39968681,2.85510778,2.68824601,-18.206171,7.69951773,-12.1256189,-1.80713224,-19.5028629,3.22266173,6.10516119,0.328088671,0.374412239,-12.1256189,-1.72138834,-0.000254631042,1
862,10.820035,4.48976183,4.2224884,2.81745338,2.68676925,-17.8816643,9.16515255,-12.0947266,-1.93232393,-19.9674969,2.2478888,7.72179937,0.255650699,0.317953229,-12.0947266,-1.84226847,-0.000254631042,1
863,10.829984,4.51412678,4.11543083,3.12238193,2.61810493,-14.7221308,12.1443205,-12.12988,-2.0583005,-18.6957417,3.83339167,6.97694826,0.175755858,0.430871248,-12.12988,-1.93952799,-0.000254631042,1
864,10.839982,4.54513693,3.98548555,3.13124204,2.49923444,-11.4247007,14.510807,-12.1021833,-2.18320465,-17.6898327,5.30632925,7.68347931,0.103317864,0.322214276,-12.1021833,-2.06086588,-0.000254631042,1
865,10.849979,4.57909966,3.82969856,3.27373886,2.58118868,-13.2301044,14.8970804,-12.0531816,-2.30595469,-19.8046341,2.17603827,9.48692894,0.107578926,0.420218617,-12.0531816,-2.18214273,-0.000254631042,1
866,10.859987,4.53775358,3.68572497,3.50409675,2.48742127,-12.3016901,22.1230869,-12.0989876,-2.43393707,-24.8078308,5.03329706,13.038743,0.0692294016,0.324344814,-12.0989876,-2.30363321,-0.000254631042,1
867,10.870014,4.48016405,3.61336875,3.43395567,2.66018939,-6.43191576,19.6080208,-12.1288147,-2.55639076,-19.8980408,5.4691906,9.1396513,0.202387467,0.295582682,-12.1288147,-2.424788,-0.000254631042,1
868,10.880015,4.40263987,3.47603989,3.7263329,2.59226346,-1.35942304,20.1993999,-12.142663,-2.68031836,-18.693346,7.77319956,1.89950681,0.234345406,0.182664618,-12.142663,-2.54679728,-0.000254631042,1
869,10.889986,4.39230347,3.43100238,3.68572497,2.83812642,-4.72944593,19.2422352,-12.1043139,-2.8018477,-19.7184143,1.95330131,7.74574947,0.317436039,0.243384689,-12.1043139,-2.66886759,-0.000254631042,1
870,10.900022,4.24537611,3.37119794,3.76620221,2.75617194,4.18986845,20.8366089,-12.1575775,-2.92987347,-19.4908867,8.4749403,6.07642078,0.482552022,0.196513057,-12.1575775,-2.79072428,-0.000254631042,1
871,10.910034,4.17597342,3.33354306,3.78687572,2.99834299,3.48934412,20.365963,-12.0819435,-3.03665876,-19.8884602,5.60331154,7.77209473,0.512379408,0.329671144,-12.0819435,-2.91206217,-0.000254631042,1
872,10.919982,4.2224884,3.26561713,3.89319468,2.92008042,9.31630993,22.9152451,-12.0957918,3.13217282,-23.0019855,9.10004044,9.90845203,0.562446833,0.278538436,-12.0957918,-3.03330851,-0.000254631042,1
873,10.930029,4.06596279,3.21319604,3.99655986,3.02492261,14.423583,20.0992355,-12.0957918,3.01279736,-21.7853165,11.7225857,13.8099394,0.575230002,0.485199749,-12.0957918,3.12878323,-0.000254631042,1
874,10.939989,4.02904701,3.18883133,3.96407366,3.13936353,7.50422955,16.5193501,-12.0372019,2.87915635,-17.9005947,2.9616046,10.8185596,0.596535265,0.340323776,-12.0372019,3.00823879,-0.000254631042,1
875,10.949987,3.85775518,3.78318405,3.72928619,3.47308707,15.3770552,12.9443264,-12.0095053,2.77173448,-17.6275616,9.6580801,9.17318153,0.557120502,0.399978578,-12.0095053,2.88622952,-0.000254631042,1
876,10.959984,4.06300926,3.45610571,4.14939404,3.68941641,21.4378319,13.574502,-12.0585079,2.65585446,-22.0128422,12.620719,9.922822,0.574164748,0.212492019,-12.0585079,2.76525784,-0.000254631042,1
877,10.970001,4.18483353,3.57202268,4.23430157,3.96259713,20.5235004,19.8013802,-12.0553122,2.53871083,-27.9477024,5.67755699,11.5849657,0.69027853,0.412761748,-12.0553122,2.64443874,-0.000254631042,1
878,10.979979,4.14496374,4.01501799,4.14201069,3.92715716,16.7324409,10.5590715,-12.2491903,2.41821885,-18.9903278,5.55301619,14.0087261,0.740346014,0.3722817,-12.2491903,2.52270412,-0.000254631042,1
879,10.990001,4.33176041,4.21436644,4.45063114,4.24389935,15.0885878,10.6537399,-12.361043,2.29610515,-18.3580437,2.03712702,7.4128418,0.601861596,0.238058373,-12.361043,2.40005398,-0.000254631042,1
880,10.999988,4.46761227,4.11395407,4.47278118,4.58500624,22.7245331,13.9091034,-12.5293541,2.16910839,-26.6112804,1.30664611,9.45579338,0.452724606,0.119814023,-12.5293541,2.27606106,-0.000254631042,1
881,11.010034,4.04602766,4.32733059,4.28893757,4.45063114,27.0753746,10.1041126,-12.8521299,2.0419724,-28.7117138,3.28732729,13.9775906,0.12994948,0.0516370945,-12.8521299,2.15017605,-0.000254631042,1
882,11.019983,4.24389935,4.13758087,4.39820957,4.46761227,26.7904949,8.02625561,-12.9884834,1.91264796,-27.9309368,1.41921198,11.9801445,0.00211774674,0.00902651716,-12.9884834,2.02215481,-0.000254631042,1
883,11.029980,4.30591917,4.17449665,4.43881798,4.46465921,25.0593758,1.53099251,-13.2462778,1.78522468,-25.0832577,3.89566231,8.33252907,-0.0404928327,-0.010148243,-13.2462778,1.89172268,-0.000254631042,1
884,11.039989,4.14201069,4.47130394,4.45210743,4.26383448,29.9246426,-4.51711702,-13.3655872,1.64551473,-22.9109745,6.95649767,10.1527443,0.0351409428,0.0825297683,-13.3783703,1.76046658,-0.000254631042,1
885,11.049987,4.41519165,4.08589792,4.43734121,4.32585382,29.8548737,-6.68806171,-13.4550695,1.51814246,-30.2660809,1.96048641,6.64883041,0.0255535655,0.0569634177,-13.4902229,1.6273489,-0.000254631042,1
886,11.059982,4.01944828,4.1885252,4.44177103,4.4351263,24.5606651,-10.4218111,-13.6936884,1.39810348,-28.1967831,5.64163208,9.13486099,0.0575114973,0.152837217,-13.7022104,1.4927206,-0.000254631042,1
887,11.069990,4.40780783,4.48311758,4.41076136,4.21436644,20.5078812,-13.3496647,-13.7448215,1.25587416,-28.0842171,6.24517679,4.83101082,0.156581104,0.199708849,-13.7458868,1.35673428,-0.000254631042,1
888,11.079987,4.36572361,4.16046858,4.45875216,4.21289015,28.9385891,-13.7531834,-13.8438911,1.11574626,-31.0660172,1.8311553,7.13741446,0.265238076,0.347780615,-13.9046106,1.21986294,-0.000254631042,1
889,11.089984,3.99065375,4.30075026,4.30591917,4.51560354,15.4156036,-24.4783573,-14.0185938,0.968319893,-28.5392723,3.87889719,8.42114544,0.321697086,0.453241795,-14.006876,1.08051968,-0.000254631042,1
890,11.099982,4.4661355,4.32437706,4.22987175,4.5252018,15.2710714,-24.5816193,-14.0771837,0.824058533,-27.9045906,7.66781855,7.52061796,0.438876182,0.452176541,-14.0889015,0.940810204,-0.000254631042,1
891,11.250009,4.40485477,4.62266064,4.20698309,4.31773233,-27.5970707,-2.1755712,-14.7813234,-1.34122467,-27.3681068,4.16150951,4.51726341,0.275890708,0.201839387,-14.7813234,-1.23606777,-0.000254631042,1
892,11.259990,4.42774248,4.62266064,4.19295502,4.23946953,-29.5632572,2.10795379,-14.7823887,-1.49040365,-29.2984924,4.47525692,5.86326408,0.175755858,0.285995275,-14.7823887,-1.38362026,-0.000254631042,1
893,11.270010,4.44915438,4.58352995,4.27343273,4.21436644,-31.6614513,11.369421,-14.791976,-1.64362764,-32.4048347,9.03537464,17.2084713,0.138471603,0.376542777,-14.791976,-1.50205898,-0.000254631042,1
894,11.279980,4.50009871,4.59017467,4.29484415,4.20993662,-31.4443989,19.551609,-14.8345871,-1.79811621,-35.041748,11.9620886,14.1955376,0.109709457,0.393586993,-14.8345871,-1.64951992,-0.000254631042,1
895,11.290014,4.53922987,4.57466984,4.29189062,4.19738531,-22.7888432,19.5181656,-14.8697405,-1.95401764,-28.4338913,9.58143902,9.34322739,0.136341065,0.420218617,-14.8697405,-1.79801798,-0.000254631042,1
896,11.299984,4.56064177,4.53922987,4.3192091,4.24242258,-20.1094341,20.7451172,-14.8399134,-2.10923815,-27.9021969,7.49777222,3.00121593,0.0947957486,0.489460796,-14.8399134,-1.94673014,-0.000254631042,1
897,11.310015,4.60863304,4.54070663,4.30887222,4.20993662,-15.8474321,22.4667301,-14.8548269,-2.25874853,-26.5082951,7.29419565,6.76858139,-0.00853489805,0.55976826,-14.8548269,-2.09535074,-0.000254631042,1
898,11.319984,4.6625309,4.52077198,4.30444241,4.20993662,-12.3557739,27.2567329,-14.871871,-2.41406536,-28.5728016,8.89885902,10.5646877,0.0788167864,0.560833514,-14.871871,-2.24452066,-0.000254631042,1
899,11.330014,4.63004398,4.50526667,4.34135818,4.20033836,-9.61415958,32.3989487,-14.8985023,-2.58012462,-32.5437431,9.11201572,12.7705011,0.194930613,0.527810335,-14.8985023,-2.39387369,-0.000254631042,1
900,11.339985,4.59608078,4.50157547,4.35169506,4.27638578,-7.19183254,34.6835098,-14.8814583,-2.71962452,-34.5866966,7.64386845,16.1211338,0.34832871,0.497982919,-14.8814583,-2.54356241,-0.000254631042,1
901,11.349982,4.59017467,4.49566889,4.36572361,4.32733059,1.38453948,34.5629158,-14.876132,-2.8619678,-32.8383331,10.8699589,13.7644339,0.423962474,0.493721843,-14.876132,-2.69251871,-0.000254631042,1
902,11.359990,4.5525198,4.48828602,4.35981655,4.33840513,2.24527431,30.9554005,-14.8644142,-3.00997806,-30.3930168,6.28828716,7.80802011,0.435680389,0.396782786,-14.8644142,-2.84150553,-0.000254631042,1
903,11.369986,4.53553867,4.47425747,4.36129379,4.35169506,9.23996925,27.4527493,-14.8814583,3.13301826,-27.5309677,9.00423908,6.74223661,0.507053077,0.364824861,-14.8814583,-2.99055338,-0.000254631042,1
904,11.380014,4.53406191,4.45875216,4.41814423,4.34578848,11.502758,26.3768902,-14.880393,2.98380494,-27.8566914,7.21515989,4.98908186,0.503857315,0.294517398,-14.880393,-3.13938761,-0.000254631042,1
905,11.389984,4.49419165,4.45063114,4.40485477,4.35981655,16.8874454,26.5168037,-14.8729362,2.82082367,-30.4888172,7.66542339,4.46457291,0.508118391,0.355237484,-14.8729362,2.99471951,-0.000254631042,1
906,11.400029,4.50157547,4.44324732,4.42921925,4.32585382,19.9566002,24.0747147,-14.8835888,2.68952823,-30.3738556,7.43550158,6.69433594,0.458050936,0.3722817,-14.8835888,2.84536648,-0.000254631042,1
907,11.409990,4.49714518,4.43364906,4.33028364,4.38565826,25.310236,23.0066147,-14.9176769,2.5428524,-33.2694359,7.94085073,12.0519953,0.390939265,0.391456455,-14.9176769,2.69637966,-0.000254631042,1
908,11.419981,4.49271536,4.42774248,4.42626619,4.37975121,26.7828503,15.224062,-14.9570923,2.39764094,-29.3392086,9.39702225,10.6652784,0.364307672,0.332866937,-14.9570923,2.54687405,-0.000254631042,1
909,11.430001,4.49419165,4.44324732,4.38934994,4.39820957,28.4715824,12.8938484,-14.9634838,2.24642229,-30.2804508,7.74445915,9.81025696,0.331284463,0.239123642,-14.9634838,2.39736843,-0.000254631042,1
910,11.439986,4.49271536,4.44915438,4.41223812,4.35538673,31.010601,7.2511301,-14.9922457,2.09774065,-30.4504967,9.3275671,9.07977581,0.328088671,0.209296227,-14.9922457,2.24734402,-0.000254631042,1
911,11.450034,4.47721052,4.44324732,4.41666746,4.4351263,32.0285759,3.26950336,-14.9570923,1.95033193,-30.9606361,8.82940292,9.11330605,0.283347577,0.166685656,-14.9570923,2.09777737,-0.000254631042,1
912,11.459984,4.47425747,4.44472456,4.42774248,4.41076136,30.6565285,0.245180622,-14.9528313,1.80336809,-29.8876667,6.82716656,9.64978981,0.267368615,0.153902486,-14.9528313,1.94790554,-0.000254631042,1
913,11.469981,4.46908951,4.45875216,4.38122845,4.45579863,34.1198845,-6.14399481,-14.9752016,1.65093732,-33.5185165,8.85574818,10.9933958,0.237541199,0.187990949,-14.9752016,1.79833889,-0.000254631042,1
914,11.479989,4.41814423,4.48311758,4.38787317,4.40633154,31.0519276,-9.71340656,-14.9538965,1.49336195,-31.7102776,7.28222036,9.8270216,0.263107538,0.195447788,-14.9538965,1.64895535,-0.000254631042,1
915,11.489985,4.43364906,4.49123907,4.36867666,4.42921925,28.2006855,-15.0579824,-14.9709406,1.34271836,-30.0433445,9.8496809,8.11458302,0.249259099,0.277473181,-14.9709406,1.49903774,-0.000254631042,1
916,11.500029,4.42478943,4.49123907,4.42478943,4.41962147,26.553524,-18.3000755,-14.9581575,1.22337699,-31.0660172,7.76122427,9.24742699,0.198126405,0.315822691,-14.9549618,1.34922695,-0.000254631042,1
917,11.510054,4.44620085,4.52372503,4.43364906,4.37827492,24.1794968,-21.350584,-14.9592228,1.05213857,-30.8121452,7.27264023,8.36366463,0.151254773,0.396782786,-14.960288,1.19880581,-0.000254631042,1
918,11.519989,4.44767761,4.5421834,4.31182575,4.44767761,19.1662502,-25.9355965,-14.9570923,0.89710927,-30.6468887,7.06906366,6.53386974,0.135275796,0.42874074,-14.9570923,1.04899502,-0.000254631042,1
919,11.530029,4.44177103,4.50526667,4.39820957,4.41076136,13.7759933,-29.8527374,-14.9293957,0.760285616,-30.7259235,6.7768712,8.78518772,0.182147443,0.450046003,-14.9325914,0.898818016,-0.000254631042,1
920,11.539979,4.44472456,4.52077198,4.35169506,4.39377975,11.7197227,-30.3391914,-14.9421787,0.609738111,-30.8887863,8.55397606,13.4530811,0.184277982,0.460698664,-14.9283304,0.748915672,-0.000254631042,1
921,11.550026,4.44620085,4.54661322,4.36277056,4.35981655,4.38978243,-31.7158337,-14.9283304,0.454167843,-30.4265461,8.82461262,9.14923096,0.21090959,0.378673285,-14.9198074,0.599257469,-0.000254631042,1
922,11.559988,4.44767761,4.52372503,4.34283543,4.3568635,1.3884877,-32.6557922,-14.943244,0.310473919,-31.5186768,8.65456676,8.95044422,0.243932784,0.382934362,-14.9581575,0.449385643,-0.000254631042,1
923,11.569986,4.45210743,4.52667856,4.32437706,4.37089157,-3.64069986,-30.9423161,-14.9570923,0.161164522,-29.9571228,8.55876541,9.19473648,0.333415002,0.32327953,-14.9528313,0.299483299,-0.000254631042,1
924,11.579983,4.45432281,4.52667856,4.3502183,4.41519165,-6.06608438,-30.3614483,-14.9304609,0.014043808,-30.2732658,6.49186373,8.77321339,0.301457077,0.319018483,-14.9304609,0.149794579,-0.000254631042,1
925,11.589980,4.47573423,4.53258562,4.24242258,4.41371441,-13.9475021,-27.4279919,-14.9730711,-0.128534317,-28.9895344,10.3167095,6.27281237,0.35365501,0.257233143,-14.9730711,-0.000351905823,-0.000254631042,1
926,11.600008,4.47721052,4.52224874,4.32733059,4.31625557,-15.4261847,-26.8228397,-14.9464397,-0.286493301,-30.08885,7.21755457,8.41874981,0.349393964,0.210361496,-14.9464397,-0.150193214,-0.000254631042,1
927,11.609989,4.46465921,4.52224874,4.35538673,4.44472456,-21.487793,-26.9225445,-14.9496355,-0.417692661,-33.3245201,8.71923256,12.6866751,0.384547681,0.332866937,-14.9496355,-0.300156593,-0.000254631042,1
928,11.619986,4.45210743,4.53553867,4.39230347,4.36572361,-28.6833496,-23.1760025,-14.9752016,-0.582252502,-35.1303673,11.2124472,15.2086306,0.339806587,0.359498531,-14.9752016,-0.449936867,-0.000254631042,1
929,11.629983,4.44620085,4.53775358,4.32142401,4.32585382,-26.4381752,-20.5080547,-15.0028982,-0.711411953,-32.7952232,6.6355648,6.22730732,0.305718124,0.39784807,-15.0028982,-0.599902153,-0.000254631042,1
930,11.639981,4.45063114,4.54956675,4.25497437,4.37532139,-23.539938,-12.8185291,-14.9783974,-0.858532906,-26.1945477,5.6823473,3.7724123,0.336610794,0.356302738,-14.9783974,-0.749590874,-0.000254631042,1
931,11.649988,4.46318245,4.559165,4.34874201,4.35834074,-25.7427025,-9.20483303,-14.9709406,-1.00393581,-26.6591816,6.05836535,9.13725567,0.247128576,0.349911153,-14.9709406,-0.899401665,-0.000254631042,1
932,11.659985,4.48459435,4.5761466,4.29189062,4.36277056,-30.8732014,-2.62155914,-14.9890499,-1.15588713,-29.3104687,10.046072,8.93607426,0.226888552,0.284930021,-14.9890499,-1.04918194,-0.000254631042,1
933,11.669983,4.49566889,4.51560354,4.34431124,4.2874608,-35.2424583,2.97033477,-14.9698753,-1.32757044,-33.4897766,11.3705187,11.9825392,0.232214868,0.306235313,-14.9698753,-1.19932461,-0.000254631042,1
934,11.679981,4.49419165,4.5082202,4.36277056,4.38934994,-35.1019707,5.15366745,-14.947505,-1.46150732,-34.3304291,8.95154858,13.3979959,0.249259099,0.34138903,-14.947505,-1.34944057,-0.000254631042,1
935,11.689990,4.5082202,4.50305223,4.37827492,4.32880688,-32.4317741,8.96209049,-14.9581575,-1.61488056,-32.7952232,7.52411747,8.54089642,0.232214868,0.359498531,-14.9581575,-1.49864101,-0.000254631042,1
936,11.770035,4.47278118,4.48164082,4.36277056,4.39820957,-3.18229723,28.2919178,-14.947505,-2.84304714,-27.9764423,5.279984,6.31113291,0.385612965,0.399978578,-14.947505,-2.66956949,-0.000254631042,1
937,11.779985,4.46318245,4.49566889,4.38934994,4.37975121,4.35468912,28.0746784,-14.9570923,-2.98831964,-27.0807037,8.58990097,3.80354762,0.437810928,0.299843729,-14.9570923,-2.81965494,-0.000254631042,1
938,11.790015,4.4661355,4.50526667,4.36867666,4.40780783,8.49017334,30.0689487,-14.9379177,-3.13197041,-29.9858627,8.77910805,9.58272934,0.485747814,0.233797312,-14.9379177,-2.97001505,-0.000254631042,1
939,11.799986,4.46908951,4.49271536,4.40633154,4.39673376,14.5543537,31.1808071,-14.947505,2.9873445,-33.0466995,9.59101963,11.9873295,0.533684731,0.24871102,-14.947505,-3.11991739,-0.000254631042,1
940,11.810035,4.42478943,4.49419165,4.42921925,4.44915438,17.8253345,29.5462418,-14.9538965,2.83866286,-33.5185165,8.19951248,10.0856838,0.542206824,0.264689982,-14.9538965,3.01333523,-0.000254631042,1
941,11.819985,4.42331266,4.5525198,4.31034899,4.4661355,19.6332912,25.1541595,-14.951766,2.70693183,-31.0827827,7.21515989,3.51614523,0.476160437,0.303039521,-14.951766,2.8632803,-0.000254631042,1
942,11.830032,4.43364906,4.50009871,4.35538673,4.45727587,16.8518295,19.9818268,-14.8953066,2.56050873,-25.9526501,3.11728096,1.53546381,0.390939265,0.241254166,-14.8953066,2.71331692,-0.000254631042,1
943,11.839982,4.42774248,4.51265001,4.36867666,4.38122845,23.2943611,16.1391239,-14.9293957,2.41677999,-27.5261784,6.73855066,10.4090118,0.26097703,0.291321605,-14.9293957,2.56365871,-0.000254631042,1
944,11.849990,4.42626619,4.54661322,4.36867666,4.34283543,32.6553192,10.6792517,-14.9730711,2.26683402,-31.9066696,12.7428646,11.9633789,0.214105383,0.301974267,-14.9730711,2.41396999,-0.000254631042,1
945,11.859986,4.41962147,4.53553867,4.39673376,4.36129379,33.2344894,8.11653328,-14.943244,2.11555409,-32.6299667,10.2807846,14.3368435,0.221562237,0.287060559,-14.943244,2.26434231,-0.000254631042,1
946,11.870012,4.43069601,4.51708031,4.3398819,4.38787317,32.5888977,5.95639896,-14.9549618,1.96920013,-32.3473511,7.15288925,11.9897242,0.220496967,0.267885774,-14.9549618,2.11471462,-0.000254631042,1
947,11.880043,4.44472456,4.52667856,4.3568635,4.39820957,31.3805656,1.69681072,-14.9315262,1.82051849,-30.8265152,6.11105585,8.71812725,0.239671722,0.274277389,-14.9315262,1.96475124,-0.000254631042,1
948,11.889989,4.45432281,4.52667856,4.33840513,4.40633154,30.5072861,-3.61789131,-14.9261999,1.66799164,-30.0122089,6.56131935,7.70742941,0.207713798,0.291321605,-14.9261999,1.81518459,-0.000254631042,1
949,11.900007,4.44767761,4.51117373,4.42921925,4.34135818,29.3138428,-7.05928469,-14.9368525,1.51130605,-29.6816959,5.3039341,6.3710084,0.235410675,0.324344814,-14.9368525,1.66555691,-0.000254631042,1
950,11.909988,4.43364906,4.54956675,4.37532139,4.45063114,24.9868336,-15.2635984,-14.9368525,1.36056638,-27.6219788,9.71316528,11.5083256,0.202387467,0.3541722,-14.9368525,1.51570034,-0.000254631042,1
951,11.920007,4.44620085,4.56359482,4.34431124,4.36867666,28.2604542,-16.176754,-14.9411135,1.21138763,-33.9448318,7.94085073,9.10851574,0.162972689,0.362694323,-14.9411135,1.36558437,-0.000254631042,1
952,11.929987,4.44472456,4.53258562,4.37679815,4.40928459,24.4417381,-19.7496548,-14.9155464,1.08565521,-31.5929222,8.37913895,10.5096025,0.173625335,0.404239655,-14.9230042,1.21644497,-0.000254631042,1
953,11.940032,4.46170568,4.53110838,4.27638578,4.4218359,18.8262711,-24.5020638,-14.9261999,0.9323349,-31.7342281,6.7481308,5.35072994,0.185343236,0.437262833,-14.9400482,1.06654263,-0.000254631042,1
954,11.949982,4.47721052,4.50305223,4.49566889,4.31330204,16.2989445,-26.2723312,-14.9485703,0.777689219,-31.9354095,8.35039902,8.90733433,0.197061151,0.468155503,-14.9325914,0.916762352,-0.000254631042,1
955,11.960008,4.50305223,4.5082202,4.38934994,4.47868776,11.8685846,-29.0839729,-14.9421787,0.627681971,-28.4147301,6.97086763,10.3323708,0.198126405,0.44152391,-14.9464397,0.76646328,-0.000254631042,1
956,11.969988,4.51708031,4.51265001,4.31330204,4.29336739,5.43871641,-31.3431969,-14.9570923,0.474361658,-30.1894398,5.05724716,7.96848631,0.224758029,0.437262833,-14.9538965,0.616560936,-0.000254631042,1
957,11.979987,4.46908951,4.51265001,4.30887222,4.38565826,2.94038296,-34.6048126,-14.9507008,0.328226328,-33.7053299,8.37195396,12.5812941,0.338741332,0.430871248,-14.960288,0.466444969,-0.000254631042,1
958,11.989984,4.45727587,4.52963209,4.31182575,4.41666746,-7.67911196,-31.8573589,-14.9762669,0.163335323,-30.1846504,12.7572346,11.6783714,0.352589756,0.387195408,-14.9688101,0.316603661,-0.000254631042,1
959,12.000006,4.47721052,4.52815485,4.44767761,4.35834074,-6.26020861,-29.3421841,-14.947505,0.0166590214,-29.2338276,6.7481308,6.19617176,0.345132917,0.330736399,-14.9624186,0.166396141,-0.000254631042,1
960,12.009986,4.4661355,4.54070663,4.21141291,4.54365969,-7.89031744,-25.1030922,-14.9890499,-0.111610413,-25.8257141,5.04527187,3.79875755,0.349393964,0.282799482,-15.0028982,0.0160665512,-0.000254631042,1
961,12.020027,4.40780783,4.54365969,4.33323717,4.39820957,-14.2555723,-31.0841656,-15.0007677,-0.256089687,-33.6813774,5.91705894,7.80323029,0.368568718,0.236993104,-15.0007677,-0.134903908,-0.000254631042,1
962,12.029987,4.42774248,4.5480895,4.39525652,4.58500624,-22.3236771,-27.2436409,-14.9890499,-0.400768757,-33.7939453,9.92632103,12.8160057,0.429288805,0.314757437,-14.9890499,-0.284501076,-0.000254631042,1
963,12.040028,4.45210743,4.65145588,4.18704844,4.38934994,-25.4882679,-24.9612465,-15.0284653,-0.551220894,-34.6130409,8.6401968,5.94948483,0.394135058,0.32327953,-15.0284653,-0.434281349,-0.000254631042,1
964,12.049989,4.36277056,4.6935401,4.14644051,4.34874201,-27.7138252,-19.1825027,-14.9986372,-0.696685314,-32.4958458,8.94675922,5.57586193,0.378156096,0.371216446,-14.9986372,-0.584307671,-0.000254631042,1
965,12.060025,4.27195597,4.51855659,4.03864479,4.32142401,-27.8063755,-9.79461002,-15.001833,-0.842149258,-27.2675152,11.2076569,9.74080086,0.323827624,0.414892286,-15.001833,-0.733813286,-0.000254631042,1
966,12.069986,4.22396469,4.43734121,3.81271696,4.11838436,-26.6413994,-9.08870888,-14.9528313,-1.00195646,-27.3417625,6.69304562,7.18531513,0.274825454,0.435132325,-14.9528313,-0.883227348,-0.000254631042,1
967,12.079982,4.12355185,4.37679815,3.90722251,3.85258651,-31.578907,-0.0302102417,-14.8835888,-1.13950396,-28.6997375,13.1739683,8.14092827,0.347263426,0.452176541,-14.8835888,-1.03258038,-0.000254631042,1
968,12.089990,4.16342211,4.36129379,3.52993798,3.99951339,-31.5453186,3.77745748,-14.670536,-1.3065486,-29.4637489,11.8854475,6.73026133,0.264172822,0.493721843,-14.670536,-1.18086147,-0.000254631042,1
969,12.099987,4.12355185,4.24980593,3.5734992,3.68424797,-30.8080978,7.13899517,-14.3669357,-1.43428659,-29.5499706,11.2651377,11.702322,0.299326539,0.544854522,-14.3669357,-1.32551479,-0.000254631042,1
970,12.110006,4.05193472,4.22396469,3.44650745,3.56390095,-25.7720184,12.6483736,-14.1165981,-1.58159876,-25.9071445,12.3692417,14.1141071,0.225823283,0.540593505,-14.1165981,-1.46794033,-0.000254631042,1
971,12.119987,4.16489887,4.18040323,3.54691958,3.46644187,-24.2378635,12.3776121,-13.7458868,-1.72451735,-25.8472691,8.52044582,10.1575346,0.286543369,0.487330258,-13.7458868,-1.60826015,-0.000254631042,1
972,12.130006,4.16637516,4.09401894,3.52550793,3.51443291,-21.2027645,19.3030415,-13.5019407,-1.86801958,-25.9263058,12.2470951,10.140769,0.281217039,0.504374504,-13.5019407,-1.74589396,-0.000254631042,1
973,12.139987,4.14939404,3.99508357,3.51295662,3.26561713,-18.887394,19.4492779,-13.3442822,-2.00859213,-25.3514996,9.60778427,9.74798584,0.298261285,0.485199749,-13.3442822,-1.88163614,-0.000254631042,1
974,12.150032,4.17597342,3.89762449,3.53141451,3.22427082,-16.3302574,23.2776184,-13.0513344,-2.14121294,-26.3142986,10.7741585,10.0665236,0.266303331,0.558703005,-13.0513344,-2.01542521,-0.000254631042,1
975,12.159983,4.18040323,3.83412838,3.53658295,3.1533916,-12.779768,22.7513332,-12.9394817,-2.27505445,-24.4701328,9.06411457,11.5562258,0.243932784,0.535267174,-12.9394817,-2.12193155,-0.000254631042,1
976,12.170027,4.18335629,3.73888421,3.58752751,3.12976527,-8.35319138,19.9061794,-12.7679739,-2.40879083,-20.3842297,7.10738373,10.4688873,0.265238076,0.558703005,-12.7679739,-2.2523942,-0.000254631042,1
977,12.179987,4.1988616,3.64142537,3.71230459,3.09875536,-6.12078524,24.4213352,-12.5900745,-2.53760123,-23.5767899,8.8317976,7.70503426,0.35365501,0.392521739,-12.5900745,-2.38209391,-0.000254631042,1
978,12.190012,4.12207556,3.54101276,3.68277168,3.04190421,-2.08876562,24.2856255,-12.5101795,-2.66704822,-22.5565128,9.23895168,7.58767843,0.42289722,0.303039521,-12.5101795,-2.51032877,-0.000254631042,1
979,12.199981,4.16046858,3.38301134,3.72190261,3.01384783,1.14931953,22.0937252,-12.4441338,-2.78693008,-20.3195648,8.75036716,9.18276119,0.551794171,0.214622557,-12.4441338,-2.63752604,-0.000254631042,1
980,12.209981,4.00099039,3.38153458,3.84077358,3.07143736,-5.28566933,25.9627495,-12.3716955,-2.90896583,-26.4819489,0.842012227,6.61530018,0.533684731,0.228470996,-12.3716955,-2.76408243,-0.000254631042,1
981,12.219989,4.07556105,3.3985157,3.80681038,3.14822292,-0.548447847,20.3642616,-12.1852741,-3.02961516,-20.298008,1.73056448,6.91946793,0.537945747,0.209296227,-12.1852741,-2.88996744,-0.000254631042,1
982,12.229986,4.00615835,3.22279429,3.81567025,3.13641,6.82036018,22.9517765,-12.1767521,3.13771749,-22.978035,6.73136568,10.4138012,0.41011405,0.218883619,-12.1767521,-3.0140214,-0.000254631042,1
983,12.239983,3.95152235,3.23829889,3.97071886,3.21319604,8.40424156,18.9836426,-12.1565123,3.01853347,-19.8716946,6.01046515,14.8900928,0.344067633,0.210361496,-12.1565123,-3.13801432,-0.000254631042,1
984,12.249980,3.9212513,3.1194284,3.96112037,3.21762609,7.75447893,16.0319996,-12.0894003,2.89675069,-17.4335651,3.63700008,9.81504631,0.213040113,0.116618231,-12.0894003,3.02212429,-0.000254631042,1
985,12.259989,3.80828667,3.07439065,4.02313995,3.33501959,9.31586361,18.7627201,-12.0308104,2.77814174,-20.8488636,2.03712702,8.65825176,0.19280009,0.107030854,-12.0308104,2.89932156,-0.000254631042,1
986,12.269985,3.77432394,3.07143736,4.00246668,3.34314132,12.3129482,15.3016243,-12.0446587,2.64802361,-19.3088665,3.59388971,7.87987089,0.220496967,0.144315094,-12.0446587,2.77697659,-0.000254631042,1
987,12.279982,3.73888421,3.04781103,4.07703781,3.3726747,16.8902454,10.8456955,-12.0574427,2.54017496,-18.4993496,7.78996468,6.81887722,0.221562237,0.219948873,-12.0574427,2.65447903,-0.000254631042,1
988,12.300030,3.63994861,3.11721373,4.03347683,3.47899342,16.1140938,8.82789993,-11.9967222,2.30286145,-17.8862247,4.20461988,12.2364111,0.400526673,0.360563815,-11.9967222,2.41128445,-0.000254631042,1
989,12.309979,3.59638739,3.13641,3.89467144,3.57940578,19.7870388,7.30914116,-11.9519815,2.18209863,-20.3985996,5.37099457,9.14204597,0.420766681,0.324344814,-11.9519815,2.29028225,-0.000254631042,1
990,12.320005,3.51148009,3.26414061,3.94561553,3.61484551,17.2874374,6.89097738,-11.9061747,2.06730032,-18.482584,2.17603827,10.6149836,0.44100672,0.418088078,-11.9061747,2.16964626,-0.000254631042,1
991,12.329986,3.46791887,3.2796452,3.81714678,3.54101276,18.3971043,1.2746073,-11.949851,1.94856071,-17.5700817,5.60091639,7.74095964,0.362177134,0.291321605,-11.949851,2.04897976,-0.000254631042,1
992,12.340030,3.46348858,3.28629041,3.78023076,3.64585495,22.2546787,-0.0570733547,-11.9253492,1.83143473,-21.4883327,5.79012299,15.634944,0.376025587,0.39784807,-11.9253492,1.92962551,-0.000254631042,1
993,12.349981,3.46053529,3.39113283,3.84668016,3.69532299,20.0557899,-2.87815094,-11.9029789,1.70834446,-19.4717274,5.60091639,10.4880466,0.385612965,0.359498531,-11.9029789,1.80941677,-0.000254631042,1
994,12.360025,3.49154496,3.42804885,3.72190261,3.59934068,19.673954,-2.4884069,-11.9210882,1.5728898,-16.8922901,4.7842145,3.94006371,0.292934954,0.348845899,-11.9210882,1.68963528,-0.000254631042,1
995,12.370025,3.72928619,3.74626756,3.77137041,3.80016565,22.428627,-5.81740427,-11.8891306,1.45115948,-23.3875847,5.46200562,9.75038147,0.263107538,0.409565955,-11.9083052,1.56913662,-0.000254631042,1
996,12.380010,3.75069761,3.85923147,3.97367215,3.91312933,17.6066761,-4.0481782,-11.9051094,1.36834335,-22.1373844,4.64530325,13.2734547,0.283347577,0.471351296,-11.9040442,1.44911098,-0.000254631042,1
997,12.389980,3.94118571,3.87325931,3.8961482,3.91755915,18.3620129,-5.8544836,-12.1266842,1.24705791,-22.393652,0.760581553,9.44621372,0.225823283,0.475612372,-12.1607733,1.32820034,-0.000254631042,1
998,12.400005,3.88359618,3.92420411,4.04159832,3.94118571,20.616497,-15.742713,-12.3823481,1.12221503,-28.8075142,7.79475451,8.1529026,0.158711627,0.510766089,-12.423893,1.20518398,-0.000254631042,1
999,12.409986,4.09992552,4.07999086,4.11395407,4.0644865,16.7632961,-9.04267883,-12.6124449,0.988417149,-26.9106579,3.8046515,14.8134527,0.218366444,0.494787127,-12.6774263,1.07984829,-0.000254631042,1
1000,12.420035,4.24537611,4.25940418,4.07556105,4.29927397,16.1243286,-14.9054718,-12.9000664,0.858429432,-21.6440105,-2.40802932,10.4018259,0.233280137,0.434067041,-12.9810266,0.952315331,-0.000254631042,1
1001,12.429985,4.30075026,4.4011631,4.33323717,4.27343273,11.6991024,-20.4116306,-13.1482735,0.722112179,-23.0498867,4.7123642,4.51007843,0.284412831,0.285995275,-13.1930141,0.821791649,-0.000254631042,1
1002,12.440032,4.27638578,4.33028364,4.26531076,4.31625557,10.3632174,-26.2141647,-13.423111,0.591261625,-27.5405483,6.00806999,7.93016624,0.306783378,0.215687811,-13.4497433,0.689558983,-0.000254631042,1
1003,12.449981,4.37827492,4.25497437,4.22101116,4.28081608,8.91771507,-29.3354053,-13.6308374,0.447759151,-30.3044014,4.66206837,8.49778557,0.339806587,0.34138903,-13.6425562,0.554823875,-0.000254631042,1
1004,12.460004,4.15087032,4.29927397,4.20845938,4.30887222,5.57883263,-27.1321907,-13.7586699,0.31635046,-27.521389,3.13883615,4.15561533,0.328088671,0.294517398,-13.7586699,0.4189291,-0.000254631042,1
1005,12.470004,4.16932869,4.31773233,4.01649523,4.33323717,1.96978939,-23.1311817,-13.8737183,0.1757164,-23.1193428,2.10418749,4.24902105,0.328088671,0.295582682,-13.8737183,0.28132534,-0.000254631042,1
1006,12.479984,4.12207556,4.25940418,4.11690712,4.34283543,-1.56611383,-27.3052692,-13.9813099,0.0422239304,-27.2148247,2.71731257,10.0784988,0.343002379,0.281734228,-13.9813099,0.142561913,-0.000254631042,1
1007,12.490015,4.10361767,4.26088095,4.1405344,4.36277056,-9.6285944,-28.8610077,-14.0697269,-0.0948781967,-29.6433754,6.85111666,12.8543262,0.332349747,0.343519568,-14.0697269,0.00297451019,-0.000254631042,1
1008,12.499984,4.16785192,4.34135818,4.04455137,4.29779673,-14.4433899,-27.2462959,-14.1762533,-0.231099606,-29.8301868,7.81870461,11.1730223,0.317436039,0.306235313,-14.1762533,-0.136826515,-0.000254631042,1
1009,12.510010,4.20181513,4.39525652,4.15603876,4.30075026,-15.8962231,-25.3384247,-14.2050152,-0.368019581,-29.3607635,5.71587753,7.23321533,0.346198171,0.262559444,-14.2050152,-0.277634621,-0.000254631042,1
1010,12.519980,4.24832964,4.39820957,4.15899229,4.33323717,-15.8016653,-23.0814781,-14.2423,-0.509385586,-27.8566914,2.54008126,8.5001812,0.383482426,0.268951029,-14.2423,-0.419083595,-0.000254631042,1
1011,12.530028,4.20993662,4.41223812,4.16785192,4.32733059,-21.3386765,-18.3950386,-14.3530874,-0.651135445,-27.5644989,5.82365322,10.1024485,0.362177134,0.264689982,-14.3530874,-0.561081886,-0.000254631042,1
1012,12.539989,4.22396469,4.45210743,4.17301989,4.30075026,-26.869688,-15.6752548,-14.447896,-0.788778782,-30.110405,7.81391478,9.82462692,0.316370755,0.293452144,-14.447896,-0.704485893,-0.000254631042,1
1013,12.550012,4.28524637,4.54070663,4.06891632,4.26088095,-27.5246563,-11.8806448,-14.497963,-0.931356907,-29.1763458,6.89183235,9.30969715,0.324892879,0.270016313,-14.497963,-0.847979546,-0.000254631042,1
1014,12.559984,4.3192091,4.57466984,4.13536549,4.21731997,-29.3686543,-4.98675871,-14.519268,-1.09156513,-28.3596458,9.11680508,8.71812725,0.347263426,0.273212105,-14.519268,-0.991686821,-0.000254631042,1
1015,12.570028,4.31773233,4.59608078,4.12059927,4.22987175,-29.5121307,-2.99620295,-14.5682707,-1.24376917,-28.9104996,6.64275026,10.2629156,0.308913916,0.295582682,-14.5682707,-1.13630962,-0.000254631042,1
1016,12.579989,4.31773233,4.60420275,4.12355185,4.22544193,-31.0080242,1.18817425,-14.5874453,-1.37570143,-30.1894398,7.17683935,8.36366463,0.294000208,0.308365852,-14.5874453,-1.28111172,-0.000254631042,1
1017,12.590025,4.36277056,4.61453962,4.16342211,4.20033836,-27.0473175,3.02181935,-14.6353827,-1.52418232,-26.8771286,4.27886534,6.35903311,0.2737602,0.340323776,-14.6353827,-1.42655849,-0.000254631042,1
1018,12.600006,4.4218359,4.58205271,4.11395407,4.18188,-27.6225853,9.69830322,-14.6630793,-1.67257643,-28.4650249,6.84153652,5.09685802,0.227953821,0.406370163,-14.6630793,-1.54310513,-0.000254631042,1
1019,12.610027,4.44767761,4.56211853,4.16046858,4.14348745,-25.7080097,18.309597,-14.670536,-1.83005571,-29.5427856,11.1070662,10.0856838,0.191734821,0.495852381,-14.670536,-1.68894863,-0.000254631042,1
1020,12.619988,4.45727587,4.53922987,4.21879673,4.16046858,-23.6503658,21.5866337,-14.6897106,-1.9826436,-30.3139801,10.3143148,14.2673883,0.134210542,0.548050344,-14.6897106,-1.83534098,-0.000254631042,1
1021,12.630011,4.49862242,4.52372503,4.29484415,4.17892694,-20.3931656,22.7982883,-14.7312565,-2.13434219,-29.4182434,8.37913895,8.70136261,0.121427365,0.574681938,-14.7312565,-1.98197794,-0.000254631042,1
1022,12.639980,4.50526667,4.52667856,4.2874608,4.19738531,-19.1024704,20.5419159,-14.7312565,-2.28447962,-27.8878269,3.02387524,6.85719728,0.16190742,0.522484004,-14.7312565,-2.12904215,-0.000254631042,1
1023,12.650006,4.56654835,4.51117373,4.29336739,4.18188,-12.5074682,22.6921387,-14.7674751,-2.4369719,-25.3898201,5.16981316,7.31225109,0.262042284,0.439393371,-14.7674751,-2.27650309,-0.000254631042,1
1024,12.660008,4.5761466,4.50009871,4.25792742,4.15751505,-6.57979155,32.6131096,-14.8100853,-2.60465264,-31.3893452,11.0280304,12.2364111,0.308913916,0.423414409,-14.8100853,-2.42423868,-0.000254631042,1
1025,12.669988,4.59165096,4.48311758,4.31625557,4.20402956,-3.89296794,34.1761475,-14.7845192,-2.7425487,-33.0035896,9.69161034,14.1069221,0.361111879,0.371216446,-14.7845192,-2.57237101,-0.000254631042,1
1026,12.679986,4.59017467,4.45727587,4.35390997,4.25128317,1.25618303,34.7051697,-14.7898455,-2.88429856,-33.2430916,10.046072,13.4051809,0.388808757,0.389325947,-14.7898455,-2.72035074,-0.000254631042,1
1027,12.690014,4.59460449,4.43069601,4.40780783,4.2224884,4.98601913,29.2308121,-14.8164768,-3.03087878,-28.5009518,8.18514252,9.46058369,0.415440351,0.322214276,-14.8164768,-2.86808634,-0.000254631042,1
1028,12.699984,4.59312773,4.4011631,4.33840513,4.22396469,9.79059124,27.4602776,-14.8154116,3.1134429,-27.7249641,9.01381969,6.50273418,0.437810928,0.250841558,-14.8154116,-3.01637125,-0.000254631042,1
1029,12.710029,4.58352995,4.37384462,4.38565826,4.26088095,10.0199194,28.5376816,-14.8154116,2.96598196,-29.8493481,4.88001537,6.15545654,0.436745644,0.242319435,-14.8154116,3.11880398,-0.000254631042,1
1030,12.720031,4.53922987,4.30591917,4.42626619,4.25497437,14.101758,26.664402,-14.8377829,2.81730032,-29.7679157,4.87043524,8.58400631,0.435680389,0.26682052,-14.8377829,2.970397,-0.000254631042,1
1031,12.729980,4.46318245,4.16637516,4.34578848,4.22396469,23.8496132,24.0654755,-14.8835888,2.67374563,-32.234787,10.4340658,11.8244677,0.382417172,0.32860586,-14.8835888,2.82159328,-0.000254631042,1
1032,12.739988,4.2704792,4.14939404,4.24685287,4.11543083,23.409008,19.9069595,-14.8367176,2.52659011,-29.765522,7.63428831,12.0376244,0.338741332,0.346715361,-14.8367176,2.67251492,-0.000254631042,1
1033,12.749985,4.09844923,4.08442116,4.19443178,4.08811235,25.7799759,16.0366859,-14.7898455,2.3865149,-29.3463936,7.78277922,10.8592749,0.288673878,0.294517398,-14.7898455,2.52496243,-0.000254631042,1
1034,12.759982,4.09106588,4.0091114,4.1065712,4.08146763,30.4156208,8.73907566,-14.6897106,2.23437166,-29.343998,11.8495226,10.4617014,0.189604297,0.32860586,-14.6897106,2.37731838,-0.000254631042,1
1035,12.769990,4.01944828,3.94856882,4.08442116,4.00099039,29.1728477,6.40214729,-14.5299215,2.08802676,-28.5225067,8.86053848,8.53610611,0.135275796,0.247645751,-14.5299215,2.23132229,-0.000254631042,1
1036,12.779986,4.11690712,3.94561553,4.16046858,4.09254265,28.5995007,-0.281269312,-14.3477612,1.94720101,-26.4939251,10.7741585,7.00568867,0.185343236,0.271081567,-14.3477612,2.08618069,-0.000254631042,1
1037,12.789983,4.11838436,4.04012156,4.26383448,4.12207556,26.7378826,-5.62989998,-14.0846405,1.80716038,-24.6761055,11.734561,11.6017313,0.21090959,0.276407897,-14.0846405,1.94329739,-0.000254631042,1
1038,12.799980,4.13093567,4.12502909,4.23946953,4.13905716,29.9039631,-5.48044968,-13.9205894,1.66360569,-29.2673569,8.22825336,11.0173464,0.264172822,0.3541722,-13.9205894,1.802001,-0.000254631042,1
1039,12.809987,4.23799276,4.2328248,4.27786255,4.33028364,25.0442066,-10.3225641,-13.8843708,1.51858616,-28.6135178,8.84137821,7.53259277,0.265238076,0.377608031,-13.8843708,1.66192532,-0.000254631042,1
1040,12.830030,4.43734121,4.45432281,4.22691822,4.29484415,23.7311096,-13.0793734,-13.8939581,1.2676003,-24.8605213,6.23559666,12.820796,0.252454907,0.433001786,-13.9046106,1.38209438,-0.000254631042,1
1041,12.840015,4.27638578,4.29189062,4.29779673,4.18335629,25.5967827,-18.896801,-14.0175285,1.12575459,-26.8723373,6.53736925,11.9825392,0.188539028,0.410631239,-14.0164633,1.24153042,-0.000254631042,1
1042,12.849985,4.27786255,4.32733059,4.20181513,4.18483353,21.5188942,-24.8321228,-14.1261854,0.963156939,-31.1833725,8.72402191,4.25860119,0.169364274,0.499048173,-14.1528177,1.09998989,-0.000254631042,1
1043,12.860034,4.28229284,4.27490902,4.14348745,4.23799276,19.4969883,-18.6703033,-14.1442957,0.830440521,-29.8972473,3.45018864,10.0042534,0.224758029,0.55976826,-14.2050152,0.957839012,-0.000254631042,1
1044,12.869984,4.26088095,4.30739594,4.18040323,4.26383448,11.7242842,-25.012373,-14.2614746,0.687705278,-27.7872353,0.0732109621,8.56963634,0.251389623,0.568290353,-14.2838449,0.814558983,-0.000254631042,1
1045,12.880026,4.25792742,4.34283543,4.16194534,4.3192091,8.51280594,-27.535511,-14.3743925,0.543609858,-27.9692574,7.00439787,5.7554884,0.219431698,0.42874074,-14.3616095,0.670912743,-0.000254631042,1
1046,12.889987,4.29041386,4.35834074,4.20993662,4.26088095,2.47141671,-29.7434769,-14.4297867,0.399819851,-28.3596458,9.30122185,10.7993994,0.259911746,0.470286041,-14.4287214,0.526503563,-0.000254631042,1
1047,12.900032,4.30591917,4.35538673,4.154562,4.31773233,-1.63528299,-31.3086357,-14.4968977,0.255594015,-29.878088,9.49761391,11.1873932,0.275890708,0.378673285,-14.5011587,0.381911278,-0.000254631042,1
1048,12.909982,4.30075026,4.36867666,4.16785192,4.33323717,-0.562523961,-30.0414104,-14.5363131,0.11282444,-29.787077,3.94116759,10.4257765,0.332349747,0.365890115,-14.5363131,0.236189842,-0.000254631042,1
1049,12.920028,4.31182575,4.39820957,4.22691822,4.31477928,-3.7824893,-29.7876186,-14.5746622,-0.0299978256,-29.8876667,2.8873589,7.45595217,0.352589756,0.272146821,-14.5746622,0.0908346176,-0.000254631042,1
1050,12.930026,4.30591917,4.40928459,4.27195597,4.37679815,-13.7638369,-28.4677162,-14.5831842,-0.18459177,-30.5103722,8.30489349,8.58879662,0.413309842,0.270016313,-14.5831842,-0.0555582047,-0.000254631042,1
1051,12.939987,4.33619022,4.41814423,4.26531076,4.3568635,-18.1618767,-25.8532581,-14.6311216,-0.311204433,-30.1726742,9.37307262,11.2233181,0.432484597,0.275342643,-14.6311216,-0.201432228,-0.000254631042,1
1052,12.950008,4.33619022,4.42331266,4.22396469,4.35390997,-20.9079266,-23.9086761,-14.6779928,-0.454611301,-30.6612587,8.28573322,9.59230995,0.451659352,0.256167859,-14.6779928,-0.348008156,-0.000254631042,1
1053,12.959990,4.3398819,4.43069601,4.22396469,4.27638578,-22.5451145,-19.4146881,-14.712081,-0.602368355,-28.7715893,7.57680798,5.4537158,0.431419343,0.277473181,-14.712081,-0.494919777,-0.000254631042,1
1054,12.970032,4.33619022,4.50009871,4.25792742,4.31625557,-25.8003826,-15.7871599,-14.7344522,-0.745923042,-29.104496,8.23543835,6.07402611,0.423962474,0.291321605,-14.7344522,-0.641955376,-0.000254631042,1
1055,12.979981,4.37827492,4.53922987,4.26531076,4.33619022,-26.9976578,-13.4242344,-14.7472353,-0.885920048,-29.4014778,6.68107033,9.57314968,0.381351888,0.304104775,-14.7472353,-0.788836479,-0.000254631042,1
1056,12.990034,4.33619022,4.56359482,4.28081608,4.25792742,-28.4556007,-13.0229616,-14.7621489,-1.03211737,-31.1067333,3.41905332,7.9565115,0.340871841,0.356302738,-14.7621489,-0.935931206,-0.000254631042,1
1057,12.999984,4.3671999,4.58057642,4.1715436,4.25792742,-31.9290886,-5.85139561,-14.796237,-1.18578672,-31.7893124,6.56850433,10.4545164,0.321697086,0.326475352,-14.796237,-1.08339214,-0.000254631042,1
1058,13.010011,4.40485477,4.56507158,4.18040323,4.24242258,-31.8348637,1.91298652,-14.8196726,-1.33690977,-30.5247421,9.23895168,10.4377518,0.294000208,0.319018483,-14.8196726,-1.23191738,-0.000254631042,1
1059,13.019982,4.39230347,4.53775358,4.24832964,4.24832964,-31.8237152,11.0578623,-14.8335218,-1.4890523,-30.8145409,13.619442,11.3813896,0.276955992,0.283864766,-14.8335218,-1.37943935,-0.000254631042,1
1060,13.030026,4.41519165,4.52963209,4.3022275,4.27490902,-29.7800617,11.5481062,-14.8313913,-1.63880682,-30.4960022,9.49761391,9.47495365,0.198126405,0.29771319,-14.8313913,-1.52748013,-0.000254631042,1
1061,13.039988,4.44324732,4.5252018,4.32437706,4.30591917,-26.9551525,10.4829588,-14.8154116,-1.79555368,-28.6135178,4.21180487,5.57825661,0.164037943,0.346715361,-14.8154116,-1.675704,-0.000254631042,1
1062,13.050012,4.45875216,4.5252018,4.33028364,4.27786255,-27.9896793,15.0017633,-14.8463049,-1.94931889,-31.552206,3.59628487,2.48389173,0.108644187,0.398913324,-14.8463049,-1.82435465,-0.000254631042,1
1063,13.059982,4.48828602,4.50969648,4.32437706,4.26826429,-24.0661392,22.0834618,-14.8367176,-2.10463572,-31.9545689,6.76489592,6.38777351,0.0915999562,0.522484004,-14.8367176,-1.94322062,-0.000254631042,1
1064,13.069988,4.52963209,4.47868776,4.3022275,4.26088095,-18.5670643,31.4397259,-14.8686752,-2.25472116,-34.2561836,12.6374836,13.3381205,0.0958610177,0.548050344,-14.8686752,-2.09205484,-0.000254631042,1
1065,13.080035,4.55768824,4.47721052,4.35169506,4.29927397,-14.7077427,31.6295662,-14.8558922,-2.40895677,-33.3508644,10.2209091,13.2447147,0.146993712,0.53420192,-14.8558922,-2.24085855,-0.000254631042,1
1066,13.089984,4.55104303,4.47278118,4.37532139,4.35538673,-7.51220465,30.8254089,-14.8644142,-2.56144857,-29.8996429,10.6136923,9.9443779,0.271629661,0.447915494,-14.8644142,-2.38969278,-0.000254631042,1
1067,13.100005,4.53258562,4.47425747,4.36572361,4.28229284,-4.96645975,26.398983,-14.8654795,-2.71218824,-26.0700054,6.47509861,5.66447735,0.300391793,0.358433276,-14.8654795,-2.53913736,-0.000254631042,1
1068,13.109988,4.50526667,4.4661355,4.32142401,4.2874608,-2.93992567,28.5669289,-14.8654795,-2.85726905,-28.2446842,5.1913681,5.3531251,0.33554554,0.292386889,-14.8654795,-2.68821573,-0.000254631042,1
1069,13.120032,4.50157547,4.44767761,4.29779673,4.39968681,2.89282012,32.0038223,-14.8495007,-3.00512242,-31.3127041,7.21994972,6.22491217,0.404787719,0.301974267,-14.8495007,-2.83753824,-0.000254631042,1
1070,13.129982,4.50009871,4.4351263,4.3568635,4.38565826,8.88399982,32.3980637,-14.863349,3.13783932,-32.431179,8.76234245,11.7574072,0.481486768,0.324344814,-14.863349,-2.98652506,-0.000254631042,1
1071,13.140028,4.49566889,4.43364906,4.33840513,4.40780783,15.8231134,31.2647572,-14.8782625,2.99043083,-33.2909889,10.9346247,14.8685379,0.539011061,0.331801653,-14.8782625,-3.13563395,-0.000254631042,1
1072,13.149990,4.48607063,4.46318245,4.33619022,4.39377975,16.6287594,28.8878994,-14.8985023,2.84115624,-32.5150032,7.33491087,9.83420658,0.501726806,0.283864766,-14.8985023,2.99825954,-0.000254631042,1
1073,13.160012,4.48164082,4.49419165,4.4218359,4.38270426,19.8324814,22.7098618,-14.9048939,2.69749665,-29.0278549,8.15161228,7.64515877,0.458050936,0.313692153,-14.9048939,2.84948635,-0.000254631042,1
1074,13.169981,4.47721052,4.53406191,4.33028364,4.45875216,22.0460491,19.4861946,-14.9016981,2.54960895,-28.4722118,7.42113161,7.85352564,0.400526673,0.276407897,-14.9016981,2.70031643,-0.000254631042,1
1075,13.180013,4.46465921,4.51265001,4.33840513,4.37089157,24.415041,17.3013878,-14.8825235,2.40909743,-29.1907177,6.58287477,2.68028331,0.346198171,0.284930021,-14.8825235,2.55120754,-0.000254631042,1
1076,13.189983,4.44767761,4.49714518,4.30591917,4.32437706,28.2130413,13.6406527,-14.9187422,2.26093864,-30.440918,7.44268656,6.91467762,0.337676048,0.258298397,-14.9187422,2.40240383,-0.000254631042,1
1077,13.200013,4.41814423,4.50157547,4.3398819,4.36572361,35.7586861,7.92072439,-14.9570923,2.10204554,-34.8429642,11.2866926,13.4506865,0.29186967,0.272146821,-14.9570923,2.2528677,-0.000254631042,1
1078,13.210034,4.40633154,4.52667856,4.37679815,4.31773233,30.1145554,3.35745549,-14.9773321,1.95806193,-29.1523972,8.26417828,12.2435961,0.287608624,0.22953625,-14.9773321,2.10324001,-0.000254631042,1
1079,13.219984,4.44029427,4.52077198,4.3192091,4.37679815,31.2953167,0.419851661,-14.9965067,1.810076,-30.5031872,7.00918818,6.46680927,0.234345406,0.199708849,-14.9965067,1.95342922,-0.000254631042,1
1080,13.230009,4.44915438,4.52963209,4.31330204,4.32437706,29.8649712,-4.36999655,-14.9965067,1.66149688,-29.3463936,7.05708838,7.99483156,0.21090959,0.239123642,-14.9965067,1.80349636,-0.000254631042,1
1081,13.239979,4.42774248,4.51265001,4.33471346,4.3568635,28.8078613,-9.77222252,-14.9869194,1.49295878,-29.4805145,7.50256205,4.98668718,0.194930613,0.259363651,-14.9869194,1.65344143,-0.000254631042,1
1082,13.250006,4.44324732,4.51855659,4.37236834,4.3908267,30.909193,-14.8890495,-15.0039635,1.33998322,-31.9521751,7.75403929,10.7347345,0.120362096,0.344584823,-15.0039635,1.50306606,-0.000254631042,1
1083,13.259987,4.46318245,4.53775358,4.3908267,4.35981655,27.9013233,-20.2543468,-15.0114202,1.19404316,-35.4944077,9.65328979,13.4411058,0.101187341,0.438328117,-15.0039635,1.35282803,-0.000254631042,1
1084,13.269986,4.50009871,4.53922987,4.34431124,4.35538673,25.6842422,-21.4317226,-15.0337915,1.06940484,-32.6036186,10.6472225,15.3164063,0.0979915485,0.480938673,-15.031661,1.20258999,-0.000254631042,1
1085,13.279984,4.5421834,4.53110838,4.28229284,4.33619022,17.4057961,-24.2061996,-15.023139,0.909626007,-30.6492844,4.53034258,7.02245378,0.135275796,0.421283871,-15.0465746,1.05213833,-0.000254631042,1
1086,13.289980,4.52963209,4.50674343,4.31330204,4.33471346,11.8122168,-28.4437923,-15.0380526,0.752985001,-28.8554134,7.01158333,6.11474133,0.18001692,0.434067041,-15.0274,0.900954247,-0.000254631042,1
1087,13.299988,4.52815485,4.51855659,4.31034899,4.40263987,8.98875332,-29.8430328,-15.0295305,0.604068756,-27.5597076,9.47366333,6.48117924,0.204518005,0.374412239,-15.0359221,0.750044823,-0.000254631042,1
1088,13.309985,4.52077198,4.52077198,4.33176041,4.38270426,7.81115723,-34.0854797,-15.0369873,0.456816673,-30.5247421,9.4449234,11.364624,0.234345406,0.377608031,-15.0412483,0.599196434,-0.000254631042,1
1089,13.319981,4.50305223,4.52815485,4.31773233,4.40263987,4.54746532,-33.8915634,-15.0263348,0.306155205,-33.6861687,5.87873888,10.7754498,0.295065492,0.392521739,-15.0263348,0.448073387,-0.000254631042,1
1090,13.329990,4.5082202,4.5480895,4.29336739,4.43069601,-1.63630378,-33.8856735,-15.0550966,0.158195496,-33.2047691,6.95410252,10.4377518,0.358981341,0.377608031,-15.0540314,0.29771328,-0.000254631042,1
1091,13.339987,4.49566889,4.52963209,4.30739594,4.41223812,-7.33686876,-31.3784256,-15.0668144,0.0137753487,-31.2743835,7.76840925,10.569478,0.351524502,0.349911153,-15.0582924,0.146712303,-0.000254631042,1
1092,13.360006,4.49566889,4.56064177,4.36572361,4.42478943,-16.6344929,-25.3567142,-15.0582924,-0.275163174,-28.9224739,9.11920071,8.29181385,0.376025587,0.282799482,-15.0657492,-0.154526711,-0.000254631042,1
1093,13.370008,4.48976183,4.54513693,4.3398819,4.41814423,-19.3824406,-24.8268814,-15.031661,-0.426420689,-30.6205444,7.37802124,8.45228004,0.378156096,0.277473181,-15.031661,-0.305375099,-0.000254631042,1
1094,13.379980,4.48311758,4.52963209,4.33471346,4.37975121,-22.0786266,-21.1614914,-15.0572271,-0.5712533,-29.7391758,7.1313343,7.68108416,0.39200455,0.305170059,-15.0572271,-0.455918312,-0.000254631042,1
1095,13.390010,4.4602294,4.559165,4.31477928,4.34283543,-23.6961784,-19.6605854,-15.0519009,-0.71786499,-30.3954124,4.91594076,7.46792746,0.356850803,0.303039521,-15.0519009,-0.606524467,-0.000254631042,1
1096,13.399981,4.46318245,4.56507158,4.27638578,4.35834074,-31.6610603,-15.7365322,-15.0614882,-0.87729454,-34.4070702,8.13724232,8.65106678,0.332349747,0.364824861,-15.0614882,-0.757250786,-0.000254631042,1
1097,13.410005,4.4661355,4.56211853,4.28893757,4.3398819,-33.183773,-6.37933064,-15.0497704,-1.0500741,-31.9593601,10.9753399,11.4029446,0.289739162,0.342454314,-15.0497704,-0.90828228,-0.000254631042,1
1098,13.419987,4.48459435,4.56654835,4.32880688,4.29632044,-34.1549683,-2.91693664,-15.0582924,-1.18268347,-32.7185822,10.2256985,10.3826666,0.244998053,0.343519568,-15.0582924,-1.0591917,-0.000254631042,1
1099,13.430015,4.48976183,4.559165,4.33471346,4.33028364,-28.0489006,0.748283386,-15.0604229,-1.34499121,-27.1693211,7.00918818,9.21868706,0.253520161,0.322214276,-15.0604229,-1.20994473,-0.000254631042,1
1100,13.439987,4.49123907,4.51855659,4.3568635,4.3192091,-28.9830971,3.0831399,-15.0508356,-1.5023818,-28.7045269,5.05724716,7.55893803,0.22369276,0.246580482,-15.0508356,-1.36118984,-0.000254631042,1
1101,13.450011,4.49271536,4.53110838,4.32585382,4.33471346,-27.9945278,9.2793932,-15.0242043,-1.65709543,-28.6901569,6.83195686,5.81536388,0.219431698,0.270016313,-15.0242043,-1.51225185,-0.000254631042,1
1102,13.460012,4.48311758,4.52963209,4.36129379,4.36277056,-32.1117363,17.3896751,-15.0412483,-1.81411982,-35.3554955,9.14075565,13.4578714,0.153385311,0.396782786,-15.0412483,-1.66364956,-0.000254631042,1
1103,13.469982,4.52077198,4.52077198,4.39820957,4.38565826,-29.5804653,25.0967903,-15.0508356,-1.97133684,-37.024826,11.5764904,14.2218828,0.116101041,0.500113428,-15.0508356,-1.81465006,-0.000254631042,1
1104,13.480024,4.50969648,4.49862242,4.42478943,4.30739594,-24.8232632,23.7799664,-15.0284653,-2.11927557,-33.5807877,7.34928083,13.1465187,0.0873389021,0.609835684,-15.0284653,-1.96589518,-0.000254631042,1
1105,13.489985,4.54070663,4.49862242,4.34874201,4.4321723,-19.8825588,24.2999249,-15.0305958,-2.26244593,-30.8121452,6.03441525,10.0449686,0.124623157,0.627945185,-15.0305958,-2.11686563,-0.000254631042,1
1106,13.500029,4.54070663,4.50157547,4.3671999,4.34431124,-11.1830196,27.0342598,-15.0327263,-2.40328789,-27.521389,9.92392635,8.66783237,0.206648529,0.535267174,-15.0327263,-2.26756144,-0.000254631042,1
1107,13.509980,4.53110838,4.51265001,4.34726524,4.37089157,-7.90746737,25.9705925,-15.0124855,-2.55582333,-26.0125256,7.76840925,4.93160152,0.248193845,0.442589164,-15.0124855,-2.38871622,-0.000254631042,1
1108,13.520031,4.54365969,4.50009871,4.31330204,4.41371441,-5.29087782,31.8670158,-15.0028982,-2.6985929,-31.0588322,8.87969875,9.45100403,0.299326539,0.410631239,-15.0028982,-2.53913736,-0.000254631042,1
1109,13.529986,4.51265001,4.50969648,4.3671999,4.31625557,0.369996905,36.3176765,-15.006094,-2.84818077,-34.6585464,10.8579836,11.1299124,0.358981341,0.391456455,-15.006094,-2.68998575,-0.000254631042,1
1110,13.540014,4.50157547,4.48459435,4.38122845,4.45875216,2.16751766,34.8708458,-14.9933109,-2.99292898,-34.1651726,7.30856562,13.5345125,0.443137228,0.377608031,-14.9933109,-2.84052896,-0.000254631042,1
1111,13.549983,4.49271536,4.48607063,4.39230347,4.47721052,8.68894291,33.0303802,-14.9890499,3.1335268,-33.0993881,8.42224979,11.484375,0.526227891,0.406370163,-14.9890499,-2.990767,-0.000254631042,1
1112,13.560005,4.48976183,4.50674343,4.37384462,4.40633154,11.058526,25.8942966,-14.9773321,2.97194052,-27.3896618,6.52778912,7.53019762,0.540076315,0.304104775,-14.9773321,3.14132595,-0.000254631042,1
1113,13.569987,4.48607063,4.54070663,4.30075026,4.43734121,12.8430595,26.1179028,-14.9879847,2.83604145,-28.7715893,4.39143133,4.4118824,0.511314154,0.273212105,-14.9879847,2.99172878,-0.000254631042,1
1114,13.580012,4.43881798,4.53922987,4.36424637,4.40633154,22.0762634,21.2263069,-15.0135508,2.68331432,-28.8027229,10.4077206,8.23912334,0.503857315,0.233797312,-15.0135508,2.84139919,-0.000254631042,1
1115,13.589982,4.45063114,4.52815485,4.30075026,4.42626619,25.3479996,20.3080959,-14.9901152,2.53053474,-31.1761875,9.10962009,10.1455593,0.423962474,0.251906812,-14.9901152,2.69113064,-0.000254631042,1
1116,13.600035,4.4321723,4.5525198,4.40263987,4.40485477,27.0290813,17.2759132,-14.9879847,2.38165236,-31.1426582,7.69176865,10.0497589,0.380286634,0.222079411,-14.9879847,2.54077053,-0.000254631042,1
1117,13.610023,4.41519165,4.52224874,4.36129379,4.34283543,31.9493828,15.3686457,-15.0178118,2.22181892,-34.7280006,7.13612413,11.2089481,0.284412831,0.221014142,-15.0178118,2.39034939,-0.000254631042,1
1118,13.620010,4.44767761,4.49123907,4.33176041,4.33840513,28.6521378,10.142561,-15.0295305,2.06469584,-30.0361595,4.65248871,7.12304449,0.289739162,0.227405727,-15.0295305,2.23937893,-0.000254631042,1
1119,13.630035,4.43881798,4.50526667,4.39820957,4.45210743,28.2670708,4.23419571,-14.9986372,1.91398239,-28.0435028,5.52427578,4.22028112,0.242867514,0.133662462,-14.9986372,2.08840847,-0.000254631042,1
1120,13.639985,4.44915438,4.53553867,4.30887222,4.37679815,31.1546097,-3.35569453,-15.0263348,1.76527405,-29.9188023,9.31319714,7.67150402,0.189604297,0.195447788,-15.0263348,1.93768215,-0.000254631042,1
1121,13.650011,4.44767761,4.5252018,4.35169506,4.32880688,35.7177467,-12.4485178,-15.0646839,1.61431599,-35.1423416,13.9906702,12.918992,0.110774718,0.29771319,-15.0646839,1.78658962,-0.000254631042,1
1122,13.659980,4.44472456,4.53406191,4.3502183,4.36277056,32.8006172,-14.7779846,-14.9890499,1.47222519,-34.0957184,11.4782944,17.3138523,0.0788167864,0.3669554,-14.9890499,1.63574123,-0.000254631042,1
1123,13.670005,4.44324732,4.53922987,4.37975121,4.37089157,31.4900036,-17.8691978,-15.0167465,1.33023071,-34.8405685,9.85207558,9.32406712,0.0340756811,0.386130154,-15.0167465,1.48582363,-0.000254631042,1
1124,13.679986,4.45727587,4.52815485,4.37679815,4.4218359,26.9578667,-16.4329243,-14.9858541,1.16451931,-31.257618,4.44172668,6.82845688,0.0692294016,0.377608031,-14.9858541,1.33531094,-0.000254631042,1
1125,13.690006,4.47130394,4.53775358,4.28893757,4.36867666,20.382328,-19.5549278,-14.9901152,1.03758335,-27.4926472,6.47988892,4.93639135,0.06816414,0.375477493,-14.9901152,1.18504238,-0.000254631042,1
1126,13.699987,4.51117373,4.54513693,4.37975121,4.31477928,18.862175,-27.5261879,-14.9752016,0.894882679,-26.9370041,8.16119289,5.93990469,0.0543157011,0.3541722,-14.9752016,1.03498745,-0.000254631042,1
1127,13.710007,4.52372503,4.56802511,4.35169506,4.39230347,16.4405994,-31.949728,-15.0242043,0.751737118,-31.9593601,11.6555252,11.807703,0.103317864,0.421283871,-14.9922457,0.885024071,-0.000254631042,1
1128,13.719989,4.51560354,4.52963209,4.33840513,4.36572361,12.5993891,-33.2347679,-15.0082245,0.600904942,-34.0693703,11.1621513,14.5739508,0.164037943,0.469220787,-15.0092897,0.735060692,-0.000254631042,1
1129,13.730028,4.49419165,4.51265001,4.32142401,4.38934994,8.23111248,-27.5252876,-14.9698753,0.473201752,-33.3748169,10.8986998,12.1693506,0.226888552,0.524614513,-14.9869194,0.584639549,-0.000254631042,1
1130,13.739990,4.49862242,4.51412678,4.31182575,4.4602294,4.561378,-30.9223804,-14.9837236,0.321634293,-31.4037151,6.24757195,7.12543964,0.249259099,0.524614513,-15.0007677,0.435133934,-0.000254631042,1
1131,13.750028,4.50009871,4.53406191,4.2874608,4.35538673,-2.81478882,-28.0372677,-14.9922457,0.162837982,-26.958559,4.27407551,7.12543964,0.283347577,0.44152391,-14.9794626,0.28510952,-0.000254631042,1
1132,13.759990,4.53922987,4.54513693,4.28229284,4.41814423,-9.57710648,-30.3339043,-15.0082245,0.00306558609,-28.6566277,7.46903181,5.79620361,0.301457077,0.396782786,-15.0071592,0.13465786,-0.000254631042,1
1133,13.770024,4.49566889,4.5252018,4.45875216,4.37827492,-15.7087412,-30.5018845,-14.9933109,-0.16964674,-30.1463299,9.71316528,8.92170429,0.39200455,0.358433276,-14.9773321,-0.0158853531,-0.000254631042,1
1134,13.779985,4.5082202,4.53775358,4.3022275,4.43881798,-18.8799992,-27.287241,-14.9965067,-0.310759544,-31.7533875,9.63173485,12.7944508,0.387743473,0.353106946,-14.9954414,-0.16612339,-0.000254631042,1
1135,13.790026,4.51708031,4.56507158,4.31773233,4.42774248,-22.9360085,-23.8878059,-15.0156813,-0.466181278,-31.6480064,9.75148582,9.51327419,0.439941436,0.375477493,-15.010355,-0.316544533,-0.000254631042,1
1136,13.799988,4.47130394,4.51265001,4.40928459,4.36572361,-20.9241962,-19.1157646,-15.0124855,-0.613982201,-27.6794586,6.08950043,6.53865957,0.406918257,0.344584823,-15.0274,-0.467514992,-0.000254631042,1
1137,13.809985,4.47573423,4.50969648,4.23799276,4.40263987,-23.7778111,-16.3997307,-15.010355,-0.761294365,-28.2758198,5.90029383,6.70152092,0.393069804,0.309431106,-15.010355,-0.618517876,-0.000254631042,1
1138,13.819982,4.47278118,4.54513693,4.42331266,4.33176041,-29.2500553,-12.2984781,-15.0295305,-0.904360771,-30.5941982,8.41506481,10.4329615,0.330219209,0.319018483,-15.0295305,-0.769366264,-0.000254631042,1
1139,13.829990,4.47130394,4.52963209,4.39525652,4.40633154,-35.1395531,-9.58997726,-15.0465746,-1.05288506,-35.2788582,9.06411457,13.9368753,0.302522331,0.419153333,-15.0465746,-0.920458794,-0.000254631042,1
1140,13.839987,4.48164082,4.5082202,4.25940418,4.33471346,-33.5411148,-5.74158812,-15.0753365,-1.20306635,-33.3628426,6.7002306,13.594388,0.256715953,0.402109116,-15.0753365,-1.0708189,-0.000254631042,1
1141,13.849983,4.49566889,4.54956675,4.46170568,4.35538673,-32.2163429,3.47424221,-15.0795975,-1.34724808,-30.6444931,10.5298662,10.3850613,0.237541199,0.394652277,-15.0795975,-1.22199917,-0.000254631042,1
1142,13.859980,4.49271536,4.56064177,4.36572361,4.38787317,-27.2819748,6.15081835,-15.0348568,-1.49650526,-26.7501926,8.15879726,7.10148954,0.172560066,0.311561644,-15.0348568,-1.37263393,-0.000254631042,1
1143,13.869989,4.52372503,4.51855659,4.34726524,4.33471346,-31.4227867,10.9758587,-15.0582924,-1.64566612,-32.1557503,8.59469128,9.82941628,0.190669566,0.340323776,-15.0582924,-1.52357388,-0.000254631042,1
1144,13.879987,4.49123907,4.50526667,4.44915438,4.39673376,-30.6698036,17.046957,-15.0327263,-1.79413795,-33.683773,9.83052063,10.7491045,0.165103212,0.382934362,-15.0327263,-1.67439175,-0.000254631042,1
1145,13.890033,4.49566889,4.50157547,4.45432281,4.33619022,-28.5018768,18.0995045,-15.0305958,-1.93904352,-33.106575,6.62598515,4.76155519,0.137406334,0.461763918,-15.0305958,-1.82511759,-0.000254631042,1
1146,13.899981,4.50526667,4.49566889,4.40485477,4.42331266,-23.5985794,22.3065605,-15.0487051,-2.10187626,-31.6456127,7.28222036,5.17110348,0.135275796,0.566159844,-15.0487051,-1.97645426,-0.000254631042,1
1147,13.910029,4.51855659,4.49271536,4.34726524,4.3229003,-20.2925148,24.0882721,-15.0348568,-2.25554562,-30.9534512,5.82365322,7.1517849,0.132080004,0.527810335,-15.0348568,-2.12666178,-0.000254631042,1
1148,13.919979,4.50674343,4.50305223,4.39673376,4.41962147,-13.4398966,28.8079052,-15.0391178,-2.40584898,-30.3762512,9.37067699,9.57554436,0.166168481,0.538462937,-15.0391178,-2.27763224,-0.000254631042,1
1149,13.930025,4.50157547,4.51265001,4.40780783,4.37975121,-5.37444973,32.9409943,-15.0284653,-2.58774233,-30.8432808,12.7548399,9.74319553,0.265238076,0.421283871,-15.0284653,-2.42869425,-0.000254631042,1
1150,13.939987,4.48828602,4.50009871,4.37532139,4.34726524,-0.686879694,33.5628967,-15.0369873,-2.71948242,-30.898365,13.1236725,9.67374039,0.332349747,0.382934362,-15.0369873,-2.57939005,-0.000254631042,1
1151,13.950032,4.49123907,4.47868776,4.39673376,4.51265001,-0.89146769,32.6849899,-15.0124855,-2.87255859,-31.7462025,7.82828474,8.36366463,0.337676048,0.345650107,-15.0124855,-2.73014688,-0.000254631042,1
1152,13.959982,4.47573423,4.52224874,4.44177103,4.45875216,2.35640907,32.14151,-14.9507008,-3.04605532,-31.770153,5.41170979,9.59230995,0.443137228,0.336062729,-14.9507008,-2.85053873,-0.000254631042,1
1153,13.970006,4.48016405,4.48976183,4.33323717,4.41962147,5.12141371,31.6343613,-14.9847889,3.10898209,-31.784523,4.08726406,9.04624557,0.45378989,0.285995275,-14.9847889,-3.00172281,-0.000254631042,1
1154,13.979988,4.4661355,4.52372503,4.3398819,4.4218359,13.9739046,26.6622372,-14.9858541,2.94822407,-28.8506241,8.58990097,8.80434799,0.493204653,0.263624728,-14.9858541,3.13107204,-0.000254631042,1
1155,13.990098,4.4321723,4.52372503,4.32880688,4.42626619,16.5982456,26.7740555,-14.9847889,2.82273579,-30.6277294,7.3684411,9.73840618,0.445267767,0.186925679,-14.9847889,2.98083401,-0.000254631042,1
1156,13.999985,4.41519165,4.51265001,4.35834074,4.44177103,21.7147617,25.7892056,-15.0284653,2.67996597,-32.761692,7.9552207,13.0435333,0.420766681,0.247645751,-15.0284653,2.83032131,-0.000254631042,1
1157,14.009982,4.44472456,4.53406191,4.4602294,4.43364906,26.5641899,19.9904995,-14.9922457,2.52743101,-31.6456127,10.1897736,12.7058353,0.341937125,0.179468825,-14.9922457,2.68023586,-0.000254631042,1
1158,14.020015,4.41814423,4.50157547,4.38122845,4.44620085,23.9433498,20.0329437,-14.9453745,2.40027809,-30.9438705,4.13276911,6.67517567,0.282282293,0.227405727,-14.9453745,2.53036404,-0.000254631042,1
1159,14.029985,4.44472456,4.51412678,4.33176041,4.44029427,26.3688774,12.5428801,-14.9613533,2.25111961,-28.3883858,6.83674669,6.89312267,0.270564407,0.257233143,-14.9613533,2.38061428,-0.000254631042,1
1160,14.040014,4.42774248,4.52224874,4.42921925,4.42478943,28.460537,8.44164467,-14.9016981,2.08572674,-28.9272652,6.66909552,7.43439722,0.171494797,0.270016313,-14.9016981,2.23058987,-0.000254631042,1
1161,14.050030,4.44620085,4.48828602,4.29336739,4.34578848,31.0682449,3.63113928,-14.9155464,1.94453192,-30.2493153,7.96240568,10.2892609,0.157646358,0.250841558,-14.9155464,2.08108425,-0.000254631042,1
1162,14.059979,4.41666746,4.50157547,4.39968681,4.39525652,33.8616142,-2.2666502,-14.9080896,1.79768801,-32.4838676,9.82573032,13.7668285,0.156581104,0.316887945,-14.9080896,1.93194485,-0.000254631042,1
1163,14.070031,4.43881798,4.58205271,4.40263987,4.30739594,33.9445305,-6.99769354,-14.9155464,1.63869095,-33.3915825,9.28445721,13.1992092,0.135275796,0.353106946,-14.9155464,1.78259182,-0.000254631042,1
1164,14.079981,4.46761227,4.55104303,4.30739594,4.36867666,31.3465843,-11.0832195,-14.9176769,1.4770093,-32.2467613,8.09892178,8.32534409,0.107578926,0.378673285,-14.9176769,1.63317776,-0.000254631042,1
1165,14.090015,4.44472456,4.51412678,4.39820957,4.3908267,25.4839001,-12.9844866,-14.8921108,1.33043051,-27.8423214,6.54455423,5.42018557,0.0990568101,0.389325947,-14.8921108,1.4836874,-0.000254631042,1
1166,14.100030,4.44029427,4.50969648,4.2704792,4.40780783,24.711031,-14.0656366,-14.9102201,1.17853403,-28.211153,3.55077934,4.14364052,0.0436630584,0.405304909,-14.9102201,1.3342123,-0.000254631042,1
1167,14.109990,4.45063114,4.47130394,4.34874201,4.32585382,18.8648624,-23.3973427,-14.9144812,1.01413536,-28.3788052,9.8975811,8.53371143,0.0457935855,0.463894457,-14.9144812,1.18437099,-0.000254631042,1
1168,14.119986,4.45579863,4.51708031,4.34431124,4.41962147,19.392807,-28.8787003,-14.956027,0.86646986,-33.4778023,9.44971275,17.0072899,0.105448395,0.523549259,-14.956027,1.03462124,-0.000254631042,1
1169,14.130007,4.50526667,4.53406191,4.39673376,4.3192091,14.894104,-33.9191132,-14.9815931,0.713459492,-35.3938179,10.9370193,15.5654888,0.158711627,0.542724013,-14.9815931,0.88465786,-0.000254631042,1
1170,14.139989,4.48459435,4.50009871,4.34283543,4.45432281,9.27711296,-32.7024078,-15.006094,0.568480492,-32.5533257,9.78741074,11.1802082,0.256715953,0.522484004,-15.006094,0.733778954,-0.000254631042,1
1171,14.150014,4.47868776,4.5082202,4.29484415,4.42921925,6.05837536,-28.4732037,-14.9453745,0.420641899,-28.4650249,6.09668541,6.14348125,0.298261285,0.478808165,-14.9453745,0.584395409,-0.000254631042,1
1172,14.159984,4.49419165,4.48607063,4.35834074,4.35834074,3.22808743,-28.6363716,-14.9762669,0.306922436,-25.2389336,7.27743006,3.66224146,0.313174963,0.386130154,-14.9794626,0.434248924,-0.000254631042,1
1173,14.170033,4.51412678,4.50526667,4.30887222,4.48164082,-3.2738204,-34.3501701,-15.001833,0.128244057,-27.3441563,7.38999605,6.55063486,0.311044455,0.332866937,-14.9773321,0.283949852,-0.000254631042,1
1174,14.179983,4.48164082,4.51560354,4.42331266,4.36572361,-10.336813,-34.386898,-15.014616,0.0101570338,-33.3796043,7.96719599,12.1789312,0.344067633,0.315822691,-15.0071592,0.133589745,-0.000254631042,1
1175,14.190014,4.47278118,4.49566889,4.31330204,4.41962147,-11.5469198,-33.8019333,-15.031661,-0.136110783,-37.4247932,10.2137241,15.5822535,0.409048766,0.359498531,-15.0295305,-0.0166482925,-0.000254631042,1
1176,14.200025,4.47721052,4.50009871,4.40633154,4.42626619,-16.7613068,-26.076313,-15.0252695,-0.283337593,-32.8215675,8.34560871,11.1993675,0.428223521,0.340323776,-15.0167465,-0.167038918,-0.000254631042,1
1177,14.209987,4.48311758,4.54070663,4.35169506,4.42331266,-15.5322247,-22.0936871,-15.0156813,-0.43123579,-29.8493481,6.02483511,7.09909439,0.356850803,0.31049636,-15.0433788,-0.317307472,-0.000254631042,1
1178,14.220012,4.48828602,4.55621195,4.31034899,4.3568635,-20.7626591,-17.516634,-15.0327263,-0.582638264,-26.8723373,6.93494272,4.92920637,0.347263426,0.329671144,-15.0412483,-0.467606544,-0.000254631042,1
1179,14.229984,4.48311758,4.51855659,4.39820957,4.39377975,-27.93046,-18.1176758,-15.0156813,-0.732227325,-32.1461716,8.65935707,12.701045,0.26097703,0.306235313,-15.0327263,-0.618304253,-0.000254631042,1
1180,14.240032,4.49566889,4.52224874,4.36867666,4.34874201,-35.1954803,-15.049696,-15.0380526,-0.879374981,-36.708683,10.8484039,14.4518042,0.254585415,0.375477493,-15.0220737,-0.768847466,-0.000254631042,1
1181,14.249982,4.48828602,4.53922987,4.38565826,4.35834074,-36.517437,-10.1669407,-15.0614882,-1.0288682,-36.5290565,10.1251078,13.6207323,0.226888552,0.358433276,-15.0455093,-0.919207573,-0.000254631042,1
1182,14.260026,4.49123907,4.5695014,4.34135818,4.39673376,-32.2682304,-5.38486814,-15.0465746,-1.20178986,-32.0383949,6.61640501,6.53865957,0.195995882,0.348845899,-15.0625534,-1.06987286,-0.000254631042,1
1183,14.269987,4.50009871,4.53553867,4.34726524,4.36424637,-29.8495369,2.20343852,-15.0572271,-1.35640097,-28.6973419,8.50368023,8.27265358,0.162972689,0.325410068,-15.0572271,-1.22056484,-0.000254631042,1
1184,14.280033,4.48459435,4.53406191,4.38270426,4.39377975,-26.5879097,4.76252604,-15.0497704,-1.49260616,-26.1346722,6.8247714,8.84027386,0.169364274,0.316887945,-15.0497704,-1.37147427,-0.000254631042,1
1185,14.289984,4.48459435,4.53406191,4.41962147,4.35169506,-27.1834641,9.66721535,-15.0497704,-1.64252615,-27.8063946,7.6941638,8.35647964,0.162972689,0.291321605,-15.0497704,-1.52238369,-0.000254631042,1
1186,14.300016,4.48311758,4.51855659,4.37532139,4.43069601,-29.2305202,16.1158733,-15.0401831,-1.80152273,-32.1413803,9.00423908,9.09414577,0.168299004,0.395717531,-15.0401831,-1.67286587,-0.000254631042,1
1187,14.309986,4.49271536,4.51117373,4.44620085,4.33176041,-27.1419029,23.3382854,-15.0295305,-1.97175026,-34.0981102,10.8939095,7.31225109,0.173625335,0.471351296,-15.0295305,-1.82404947,-0.000254631042,1
1188,14.319983,4.50157547,4.51855659,4.48976183,4.42774248,-26.8303127,23.1863461,-15.006094,-2.11205339,-34.9411583,6.04878521,9.41507816,0.0873389021,0.643924117,-15.006094,-1.97456217,-0.000254631042,1
1189,14.329980,4.5082202,4.51265001,4.37384462,4.4011631,-20.604948,26.6727219,-14.9975719,-2.25885153,-32.8550987,7.51932716,12.9453373,0.121427365,0.641793609,-14.9975719,-2.12516642,-0.000254631042,1
1190,14.339988,4.50969648,4.5082202,4.41223812,4.40780783,-13.685544,26.8744698,-15.001833,-2.40939951,-29.1356316,7.78756952,8.58640194,0.199191675,0.624749362,-15.001833,-2.27589273,-0.000254631042,1
1191,14.349984,4.51855659,4.52077198,4.44620085,4.42626619,-6.91644335,26.4517498,-14.9783974,-2.55645919,-25.8712196,8.84377289,7.69784927,0.311044455,0.444719702,-14.9783974,-2.42640543,-0.000254631042,1
1192,14.359981,4.50674343,4.51560354,4.38122845,4.36424637,-2.71074176,31.4918003,-14.9634838,-2.71963215,-29.8397675,10.4244852,8.71094227,0.325958133,0.419153333,-14.9634838,-2.57679605,-0.000254631042,1
1193,14.369994,4.48311758,4.49271536,4.38270426,4.4011631,0.145556509,35.0594864,-14.9762669,-2.8678689,-33.7149086,9.61736488,11.9609842,0.367503464,0.383999616,-14.9762669,-2.72724771,-0.000254631042,1
1194,14.379988,4.47278118,4.48828602,4.41962147,4.39820957,2.29648542,34.0123215,-14.9720058,-2.99639177,-33.3221245,7.19360447,11.6448412,0.415440351,0.326475352,-14.9720058,-2.8773942,-0.000254631042,1
1195,14.389984,4.48311758,4.49714518,4.30591917,4.47868776,7.43597889,31.4988937,-15.0178118,-3.14039111,-31.4899349,7.47382212,9.15402126,0.464442521,0.296647936,-15.0178118,-3.02744913,-0.000254631042,1
1196,14.410004,4.47721052,4.52963209,4.36572361,4.44767761,13.3912802,27.2768097,-14.9698753,2.8463552,-29.9930477,4.87522554,7.30746078,0.455920398,0.183729887,-14.9698753,2.9855032,-0.000254631042,1
1197,14.419985,4.46761227,4.51117373,4.40485477,4.44177103,22.1701431,22.1616993,-15.031661,2.70060325,-29.5044651,10.5897417,11.1418877,0.388808757,0.239123642,-15.031661,2.83557034,-0.000254631042,1
1198,14.430025,4.45432281,4.52667856,4.4351263,4.44177103,25.2287045,20.7856483,-14.9879847,2.55864382,-31.2408543,9.61975956,11.2209234,0.29186967,0.264689982,-14.9879847,2.68560696,-0.000254631042,1
1199,14.439987,4.44472456,4.56654835,4.34431124,4.44324732,27.5322933,18.139595,-14.9986372,2.39144206,-32.0407906,7.77559423,8.43311977,0.224758029,0.284930021,-14.9986372,2.53594875,-0.000254631042,1
1200,14.450014,4.44472456,4.49566889,4.38122845,4.4011631,30.15061,12.9076357,-14.9752016,2.24930859,-31.573761,8.87490845,9.04864025,0.194930613,0.29771319,-14.9752016,2.38580227,-0.000254631042,1
1201,14.459983,4.45063114,4.50157547,4.31625557,4.44177103,31.9232159,9.04960632,-14.9677448,2.0991888,-32.1318016,8.27854824,9.98988342,0.154450566,0.288125813,-14.9677448,2.23605251,-0.000254631042,1
1202,14.470008,4.42921925,4.51117373,4.48311758,4.39968681,31.4758167,4.25770903,-14.9677448,1.94736004,-30.8360958,7.61512804,9.77433109,0.157646358,0.258298397,-14.9677448,2.08608913,-0.000254631042,1
1203,14.480014,4.4351263,4.48459435,4.40485477,4.37089157,29.9379749,0.564880729,-14.9890499,1.79601097,-29.308073,6.13500595,9.83660221,0.171494797,0.301974267,-14.9890499,1.93609524,-0.000254631042,1
1204,14.489984,4.44767761,4.51265001,4.35981655,4.40780783,30.4749298,-7.26307583,-15.0007677,1.63562822,-29.9403572,9.22218609,8.05470753,0.143797919,0.368020654,-15.0007677,1.78628445,-0.000254631042,1
1205,14.500027,4.44767761,4.53922987,4.37975121,4.33840513,27.554224,-9.72405529,-14.9911804,1.48214293,-28.3069553,7.24629498,8.27744389,0.150189519,0.383999616,-14.9911804,1.63613796,-0.000254631042,1
1206,14.509988,4.44472456,4.48976183,4.27638578,4.41666746,27.7298679,-14.7214022,-15.006094,1.32554483,-30.4744473,7.54806757,6.59135008,0.0958610177,0.421283871,-15.006094,1.48585415,-0.000254631042,1
1207,14.520014,4.45579863,4.49714518,4.40633154,4.40633154,24.6030788,-20.7660198,-14.9975719,1.17281008,-30.7283192,9.60778427,7.49906254,0.116101041,0.45963338,-14.9975719,1.33561611,-0.000254631042,1
1208,14.529983,4.47868776,4.53922987,4.36277056,4.39525652,23.9303226,-24.5962238,-15.0444441,1.00196505,-33.4107399,7.83307505,13.5416975,0.11183998,0.515027165,-15.0444441,1.18476772,-0.000254631042,1
1209,14.540026,4.52224874,4.52077198,4.41962147,4.35538673,17.5710049,-29.7957039,-15.0519009,0.846945763,-32.8982086,10.6879377,12.0998955,0.16190742,0.504374504,-15.0519009,1.0338583,-0.000254631042,1
1210,14.549982,4.47425747,4.52963209,4.4011631,4.45210743,14.9397516,-28.2304764,-15.0391178,0.692336559,-31.2671986,6.52060413,6.7733717,0.216235906,0.535267174,-15.0391178,0.8826437,-0.000254631042,1
1211,14.560024,4.48311758,4.52667856,4.31330204,4.37827492,8.4567728,-28.5378456,-15.0412483,0.566510201,-28.6183071,8.18035316,5.42737055,0.266303331,0.447915494,-15.0412483,0.731642723,-0.000254631042,1
1212,14.569979,4.48016405,4.48164082,4.30444241,4.40633154,4.85825491,-28.4643631,-15.0167465,0.415258884,-28.0051823,7.0379281,8.04991722,0.233280137,0.419153333,-15.0167465,0.581068993,-0.000254631042,1
1213,14.580025,4.49271536,4.51708031,4.32585382,4.51855659,-2.86894989,-32.2360229,-15.0199423,0.274270058,-30.2541046,11.4926643,10.133584,0.296130747,0.378673285,-15.0199423,0.430129051,-0.000254631042,1
1214,14.589986,4.48828602,4.5525198,4.39673376,4.3568635,-3.95761442,-30.9408226,-15.0433788,0.12281023,-30.222971,7.7181139,11.1706276,0.302522331,0.339258522,-15.0433788,0.279646873,-0.000254631042,1
1215,14.600014,4.48976183,4.49566889,4.30444241,4.45579863,-5.54033566,-32.5811348,-15.0465746,-0.0255017281,-32.720974,5.0668273,10.7371292,0.338741332,0.314757437,-15.0465746,0.128706932,-0.000254631042,1
1216,14.610035,4.47278118,4.50009871,4.3841815,4.43364906,-12.1966267,-28.9420605,-15.0284653,-0.173350811,-32.2036514,7.94324589,9.20431614,0.380286634,0.319018483,-15.0284653,-0.0219278336,-0.000254631042,1
1217,14.619986,4.47130394,4.54513693,4.3502183,4.4351263,-15.9300842,-26.5166321,-15.0242043,-0.29120636,-32.0431862,6.81040144,8.37803459,0.365372926,0.309431106,-15.0242043,-0.172410011,-0.000254631042,1
1218,14.630009,4.49271536,4.52815485,4.31330204,4.4321723,-20.3992653,-21.0837936,-15.0401831,-0.436108112,-30.5606689,8.04383659,8.56963634,0.35365501,0.31049636,-15.0391178,-0.322922707,-0.000254631042,1
1219,14.639994,4.48976183,4.5082202,4.47425747,4.36867666,-23.1756802,-19.3336067,-15.0369873,-0.600235462,-28.8817596,9.44252777,10.2940502,0.296130747,0.32327953,-15.0391178,-0.47371006,-0.000254631042,1
1220,14.650029,4.47868776,4.559165,4.34135818,4.41223812,-28.2545872,-21.0066795,-15.0412483,-0.735850811,-29.2913074,10.3550301,14.5691605,0.267368615,0.358433276,-15.0710754,-0.624224663,-0.000254631042,1
1221,14.659979,4.48311758,4.52815485,4.39377975,4.30444241,-31.38937,-14.8054504,-15.0732059,-0.888216019,-32.3569336,8.83658791,13.4530811,0.257781208,0.359498531,-15.0732059,-0.774889946,-0.000254631042,1
1222,14.670005,4.49862242,4.50526667,4.33840513,4.42626619,-29.1392632,-11.9019232,-15.0423136,-1.03575087,-31.1354733,10.2448587,10.6101933,0.289739162,0.390391201,-15.0412483,-0.925707817,-0.000254631042,1
1223,14.680009,4.49419165,4.52372503,4.35538673,4.3841815,-31.86796,-2.99373245,-15.0838585,-1.18572712,-30.6588631,9.19584084,6.54105473,0.253520161,0.362694323,-15.098772,-1.07646465,-0.000254631042,1
1224,14.689979,4.48164082,4.52372503,4.36424637,4.35390997,-30.7940445,1.50375295,-15.0955763,-1.34200764,-29.6505604,8.44859505,9.3049078,0.244998053,0.331801653,-15.0913153,-1.22770596,-0.000254631042,1
1225,14.700032,4.47721052,4.53110838,4.37089157,4.40928459,-28.8024578,6.49457836,-15.0923805,-1.49805307,-28.2542648,8.5707407,8.03315163,0.214105383,0.344584823,-15.1009026,-1.3786459,-0.000254631042,1
1226,14.709982,4.47130394,4.53775358,4.50157547,4.37236834,-32.3446693,14.5842285,-15.098772,-1.65073252,-33.4059525,11.9549026,12.4064579,0.224758029,0.394652277,-15.098772,-1.52992153,-0.000254631042,1
1227,14.720011,4.48459435,4.51265001,4.36867666,4.4351263,-29.8991165,14.1531,-15.1019678,-1.81567144,-32.4383621,6.48228359,6.64883041,0.175755858,0.378673285,-15.1019678,-1.68156338,-0.000254631042,1
1228,14.729981,4.5082202,4.52372503,4.44029427,4.28081608,-26.9555893,21.902071,-15.0913153,-1.97241449,-33.3724213,9.62215424,5.944695,0.156581104,0.473481834,-15.0913153,-1.83256388,-0.000254631042,1
1229,14.740005,4.48976183,4.50157547,4.44472456,4.48976183,-23.1064644,24.1551208,-15.0572271,-2.11374235,-32.2635269,8.74318218,10.2102251,0.0969262794,0.555507183,-15.0572271,-1.98359537,-0.000254631042,1
1230,14.750008,4.51412678,4.49271536,4.43069601,4.32880688,-20.7186203,26.1743393,-15.077467,-2.26802683,-32.6898422,6.76250124,8.07865715,0.148058981,0.562964022,-15.077467,-2.13487101,-0.000254631042,1
1231,14.759993,4.51708031,4.51560354,4.35834074,4.4218359,-11.2157917,28.4952393,-15.0508356,-2.42100406,-28.8123035,10.3741903,11.4149199,0.169364274,0.495852381,-15.0508356,-2.28639078,-0.000254631042,1
1232,14.770007,4.52963209,4.52224874,4.44324732,4.4011631,-9.22072124,28.5315456,-15.0561619,-2.57256007,-29.0039043,7.6055479,10.696414,0.240736991,0.405304909,-15.0561619,-2.43714762,-0.000254631042,1
1233,14.779993,4.49419165,4.45063114,4.41076136,4.32880688,-5.31777716,33.043438,-15.0646839,-2.72217155,-32.3449593,8.59948158,11.4628201,0.266303331,0.379738569,-15.0646839,-2.58839273,-0.000254631042,1
1234,14.790035,4.49714518,4.50674343,4.3502183,4.48976183,1.52693808,33.0198631,-15.0689449,-2.87176633,-31.4180851,10.2735996,11.9849348,0.292934954,0.307300568,-15.0689449,-2.73985147,-0.000254631042,1
1235,14.799985,4.48459435,4.49271536,4.41962147,4.3908267,4.0257144,32.1672287,-15.0614882,-3.02129221,-31.4516163,7.85702515,9.07977581,0.352589756,0.288125813,-15.0614882,-2.89045572,-0.000254631042,1
1236,14.810009,4.48976183,4.49419165,4.31182575,4.48311758,6.08591652,30.1855488,-15.0582924,3.11567211,-30.3331413,5.30153894,7.99004173,0.421831936,0.280668974,-15.0582924,-3.04157877,-0.000254631042,1
1237,14.819981,4.47573423,4.5252018,4.44620085,4.49862242,12.6273441,28.6588459,-15.0423136,2.95543861,-30.5007935,7.10498905,8.83548355,0.418636143,0.275342643,-15.0423136,3.09033108,-0.000254631042,1
1238,14.830025,4.49271536,4.5252018,4.37827492,4.46170568,16.7848873,27.6330299,-15.0263348,2.81160641,-31.580946,6.92536259,9.98988342,0.386678219,0.276407897,-15.0263348,2.93990993,-0.000254631042,1
1239,14.839986,4.48164082,4.53553867,4.35981655,4.44324732,25.8319378,23.2363224,-15.1019678,2.67664099,-32.3521423,12.6710138,12.5836897,0.303587586,0.306235313,-15.1019678,2.78924465,-0.000254631042,1
1240,14.849983,4.47278118,4.56507158,4.39820957,4.43069601,24.4796772,21.5121155,-15.0284653,2.52700949,-31.6911182,7.59596777,8.90733433,0.265238076,0.296647936,-15.0284653,2.66870022,-0.000254631042,1
1241,14.860015,4.48164082,4.49862242,4.30075026,4.45063114,25.3467102,16.0579891,-15.0295305,2.38699532,-29.0613861,7.46663666,6.04768085,0.256715953,0.334997445,-15.0295305,2.51837063,-0.000254631042,1
1242,14.870012,4.47278118,4.49566889,4.41223812,4.41076136,27.3024921,12.4368534,-15.0242043,2.23707628,-29.1500015,7.09780359,6.94341803,0.203452736,0.321149021,-15.0242043,2.36810207,-0.000254631042,1
1243,14.879985,4.46761227,4.54661322,4.3908267,4.44620085,31.8616772,8.13467884,-14.9997025,2.06991911,-31.8683491,8.10850239,12.4088526,0.176821128,0.320083737,-14.9997025,2.217803,-0.000254631042,1
1244,14.889982,4.45875216,4.52077198,4.39968681,4.36572361,31.7778759,6.23174381,-15.0401831,1.93136978,-31.9330139,5.3805747,10.6101933,0.177886382,0.304104775,-15.0401831,2.06729031,-0.000254631042,1
1245,14.900014,4.44029427,4.51560354,4.43069601,4.48828602,32.6944427,-0.434031487,-15.031661,1.77821589,-31.904274,7.15767908,10.3563213,0.202387467,0.382934362,-15.031661,1.91680813,-0.000254631042,1
1246,14.909986,4.49419165,4.5480895,4.29189062,4.39673376,32.2977371,-6.65924978,-15.0540314,1.62466908,-31.8922997,8.38871956,8.94086456,0.182147443,0.369085908,-15.0540314,1.76666164,-0.000254631042,1
1247,14.919983,4.49123907,4.52963209,4.37827492,4.32733059,29.7203999,-12.5421238,-15.0156813,1.47179365,-30.8145409,9.54311848,8.75884247,0.184277982,0.388260663,-15.0156813,1.61614895,-0.000254631042,1
1248,14.940033,4.48607063,4.53406191,4.40263987,4.34135818,27.4797325,-18.8137894,-15.0092897,1.15536165,-32.7353477,6.12303066,11.6520262,0.137406334,0.450046003,-15.0092897,1.31516933,-0.000254631042,1
1249,14.949985,4.48976183,4.52372503,4.37236834,4.39820957,18.8188992,-23.9929352,-15.0732059,1.00010586,-28.7979336,10.0245171,12.5549488,0.0702946708,0.456437588,-15.0732059,1.16429043,-0.000254631042,1
1250,14.960025,4.48976183,4.53553867,4.36277056,4.37679815,19.2415771,-26.5039597,-15.0508356,0.846402168,-31.9737301,7.09780359,7.21166039,0.126753688,0.430871248,-15.0508356,1.01298428,-0.000254631042,1
1251,14.970027,4.50526667,4.51708031,4.39525652,4.39230347,15.4228182,-30.0969334,-15.0433788,0.691233635,-33.0203514,7.30377531,6.95539331,0.16723375,0.482003957,-15.0433788,0.862288475,-0.000254631042,1
1252,14.980014,4.51117373,4.52224874,4.21879673,4.45579863,6.58553743,-31.7634983,-15.0625534,0.533623219,-30.6971836,10.4867563,8.57442665,0.164037943,0.456437588,-15.0625534,0.711073875,-0.000254631042,1
1253,14.990030,4.46908951,4.5421834,4.45063114,4.37089157,1.67959821,-33.0613289,-15.0519009,0.386319637,-31.257618,10.9010944,12.138216,0.148058981,0.445784956,-15.0519009,0.560072899,-0.000254631042,1
1254,14.999980,4.50305223,4.50674343,4.3502183,4.53922987,0.281204551,-32.8981438,-15.0465746,0.239739418,-32.024025,7.53848743,10.6197729,0.237541199,0.463894457,-15.0465746,0.409041405,-0.000254631042,1
1255,15.010035,4.53406191,4.52077198,4.36572361,4.40263987,-4.88893795,-31.0053463,-15.0561619,0.0793914795,-30.5199528,7.33251572,8.70375729,0.296130747,0.426610202,-15.0561619,0.258254051,-0.000254631042,1
1256,15.019985,4.47721052,4.52224874,4.4321723,4.40780783,-8.10597229,-30.0395527,-15.0465746,-0.0662646294,-30.5103722,6.09908056,8.11458302,0.319566548,0.378673285,-15.0465746,0.106825829,-0.000254631042,1
1257,15.030008,4.47425747,4.50305223,4.22691822,4.45210743,-12.0213223,-28.7229691,-15.0582924,-0.217387676,-30.6397038,5.54343605,7.6020484,0.323827624,0.348845899,-15.0582924,-0.0448465347,-0.000254631042,1
1258,15.039980,4.48164082,4.53258562,4.40780783,4.42626619,-20.3632336,-26.7812328,-15.0412483,-0.366069317,-32.3904648,9.67484474,10.3347654,0.363242418,0.365890115,-15.0412483,-0.195633888,-0.000254631042,1
1259,15.050032,4.49566889,4.54956675,4.39230347,4.41519165,-22.4092026,-24.5620461,-15.0359221,-0.498245239,-32.7688751,8.83658791,9.94677258,0.389874011,0.353106946,-15.0359221,-0.346299171,-0.000254631042,1
1260,15.059982,4.49271536,4.55104303,4.29336739,4.40780783,-22.7765064,-19.6266727,-15.0380526,-0.61498785,-32.8838387,6.50862885,11.1035671,0.376025587,0.375477493,-15.0412483,-0.497239113,-0.000254631042,1
1261,15.070011,4.46761227,4.49566889,4.45432281,4.37975121,-24.8792934,-16.6149521,-15.0668144,-0.764489174,-29.7008553,8.06060219,8.47383595,0.320631832,0.344584823,-15.0668144,-0.647875786,-0.000254631042,1
1262,15.079981,4.47130394,4.48976183,4.24537611,4.42626619,-26.9461212,-15.6557055,-15.0614882,-0.916187286,-30.2948208,3.1268611,7.78167486,0.292934954,0.333932191,-15.0700102,-0.798632622,-0.000254631042,1
1263,15.090009,4.45579863,4.53922987,4.41666746,4.27933931,-33.3364029,-6.85190821,-15.0881195,-1.06423235,-32.3736992,7.47621679,8.67501736,0.319566548,0.361629069,-15.0742712,-0.949969292,-0.000254631042,1
1264,15.100007,4.47278118,4.56064177,4.3022275,4.49123907,-34.2479553,0.757865071,-15.0827932,-1.22873974,-30.5079784,7.32533073,11.3119335,0.24180226,0.365890115,-15.0923805,-1.10069561,-0.000254631042,1
1265,15.109993,4.5082202,4.54365969,4.36572361,4.3192091,-34.5255928,2.85927582,-15.1349916,-1.36491776,-33.211956,9.85686588,11.9681692,0.250324368,0.358433276,-15.1349916,-1.25199795,-0.000254631042,1
1266,15.120011,4.46908951,4.52815485,4.52224874,4.43364906,-29.4363708,5.69958973,-15.0977068,-1.53946924,-29.2434063,6.61879969,9.32885742,0.232214868,0.284930021,-15.0977068,-1.40379238,-0.000254631042,1
1267,15.129980,4.48459435,4.52963209,4.33619022,4.44620085,-27.2196884,7.87906504,-15.1040983,-1.67664957,-27.8998013,4.95905113,7.68587399,0.171494797,0.319018483,-15.1158161,-1.5555563,-0.000254631042,1
1268,15.140029,4.48016405,4.48459435,4.44915438,4.3022275,-26.7285194,14.7802134,-15.1243391,-1.82588005,-29.5930805,7.55764771,2.94852567,0.127818957,0.32860586,-15.1296654,-1.70646572,-0.000254631042,1
1269,15.149979,4.45875216,4.50526667,4.40928459,4.47573423,-28.0899754,20.506237,-15.0689449,-1.98134422,-33.9400406,7.59117794,5.16870832,0.108644187,0.438328117,-15.0689449,-1.8579545,-0.000254631042,1
1270,15.160033,4.50157547,4.51560354,4.4351263,4.31625557,-23.6519089,27.2540951,-15.085989,-2.14202213,-34.6322021,10.1394777,11.9466143,0.0394020006,0.550180852,-15.085989,-2.00929117,-0.000254631042,1
1271,15.170013,4.51708031,4.49566889,4.42478943,4.45727587,-20.0603523,29.6701317,-15.081728,-2.29570723,-34.689682,8.90843868,12.0304394,0.0734904632,0.560833514,-15.081728,-2.16068888,-0.000254631042,1
1272,15.180011,4.49419165,4.49419165,4.41371441,4.37975121,-11.5839128,32.0311661,-15.0657492,-2.44346237,-31.9833088,11.7154007,13.2806396,0.116101041,0.561898768,-15.0657492,-2.31199503,-0.000254631042,1
1273,15.190008,4.48459435,4.49271536,4.38565826,4.45875216,-10.8713551,27.779686,-15.0508356,-2.59675407,-29.3918991,5.10035753,7.75532961,0.197061151,0.450046003,-15.0508356,-2.46272135,-0.000254631042,1
1274,15.199979,4.51708031,4.48164082,4.39377975,4.43069601,-2.63516045,27.5263443,-15.0359221,-2.74646139,-26.4196796,8.16358757,8.50257587,0.231149614,0.388260663,-15.0359221,-2.61393595,-0.000254631042,1
1275,15.210027,4.49419165,4.49123907,4.36277056,4.3908267,-0.952296376,30.4722309,-15.0210075,-2.89601183,-29.7894726,6.48467875,8.07626247,0.235410675,0.343519568,-15.0210075,-2.76478434,-0.000254631042,1
1276,15.220013,4.48607063,4.52077198,4.3568635,4.50526667,6.81873798,34.3767509,-15.0071592,-3.04717541,-33.5807877,10.0293074,10.3826666,0.34832871,0.376542777,-15.0071592,-2.91572428,-0.000254631042,1
1277,15.230029,4.49566889,4.49566889,4.43364906,4.45727587,10.85291,32.5917511,-14.9922457,3.09354019,-33.0754395,9.27487659,11.7957277,0.382417172,0.355237484,-14.9922457,-3.06614542,-0.000254631042,1
1278,15.240014,4.47868776,4.54956675,4.36277056,4.43881798,14.7385502,29.8634682,-14.9954414,2.9479661,-32.1413803,8.71683693,13.2518997,0.481486768,0.390391201,-14.9954414,3.06680202,-0.000254631042,1
1279,15.250008,4.46761227,4.50526667,4.42626619,4.44767761,17.7702312,28.9210548,-14.9901152,2.8014245,-33.1927948,7.1025939,9.76954079,0.413309842,0.332866937,-14.9901152,2.91665554,-0.000254631042,1
1280,15.259979,4.46908951,4.50969648,4.38934994,4.45210743,18.2003288,23.7325668,-15.0071592,2.65711498,-29.4781189,5.05245686,9.18994617,0.380286634,0.345650107,-15.0071592,2.76647854,-0.000254631042,1
1281,15.270014,4.44767761,4.53110838,4.29041386,4.45579863,20.7501221,16.805397,-14.9815931,2.50629139,-25.8400841,6.728971,3.00840116,0.324892879,0.230601519,-14.9815931,2.61645412,-0.000254631042,1
1282,15.279985,4.41371441,4.48311758,4.40263987,4.44915438,24.5840549,14.8766241,-14.9645491,2.35941792,-27.8806419,6.95410252,8.28462887,0.307848662,0.289191067,-14.9645491,2.4665823,-0.000254631042,1
1283,15.290026,4.47868776,4.52963209,4.28524637,4.4602294,30.9204597,9.83762455,-14.9911804,2.21175051,-30.666048,10.6041117,11.4053392,0.270564407,0.312626898,-14.9911804,2.34646511,-0.000254631042,1
1284,15.300013,4.4602294,4.56507158,4.41519165,4.35538673,34.468483,9.02833939,-15.0380526,2.06802416,-34.6010666,8.50607491,12.6100349,0.233280137,0.340323776,-15.0380526,2.19613552,-0.000254631042,1
1285,15.310012,4.44620085,4.49271536,4.4218359,4.4321723,33.7848587,4.691926,-15.0444441,1.91460991,-33.3891869,6.97086763,7.63557863,0.205583259,0.319018483,-15.0444441,2.04605007,-0.000254631042,1
1286,15.320007,4.44620085,4.52372503,4.37975121,4.39377975,30.2826061,0.569427192,-15.0252695,1.75952148,-29.8517418,5.12191248,8.28462887,0.19280009,0.307300568,-15.0252695,1.895751,-0.000254631042,1
1287,15.329979,4.46908951,4.53110838,4.33471346,4.37827492,30.1679592,-4.040802,-15.0497704,1.60872269,-29.9930477,5.18178797,5.48245621,0.165103212,0.289191067,-15.0497704,1.74569607,-0.000254631042,1
1288,15.340031,4.47130394,4.51855659,4.31773233,4.37827492,27.0476456,-13.1195087,-15.0444441,1.45341587,-28.3979645,9.86165619,8.44749069,0.153385311,0.317953229,-15.0444441,1.59471035,-0.000254631042,1
1289,15.349981,4.48311758,4.57171679,4.39230347,4.39673376,29.3575439,-15.1837435,-15.0519009,1.29887581,-32.3569336,6.74094582,10.4449368,0.0532504395,0.369085908,-15.0519009,1.44407558,-0.000254631042,1
1290,15.360014,4.52077198,4.53110838,4.36867666,4.41666746,27.6094704,-23.0646725,-15.0806627,1.13925219,-34.7256088,9.40181255,15.3164063,0.0489893816,0.426610202,-15.0806627,1.29337978,-0.000254631042,1
1291,15.370025,4.51265001,4.51855659,4.43881798,4.3502183,23.8414745,-28.2565956,-15.0977068,0.98163414,-35.5231476,10.2448587,10.0832891,0.0298146233,0.489460796,-15.0977068,1.14176846,-0.000254631042,1
1292,15.380010,4.51412678,4.53775358,4.38787317,4.53406191,18.442234,-25.8705635,-15.0668144,0.827477932,-31.0851765,6.56610966,7.31225109,0.0734904632,0.49052605,-15.0668144,0.99113369,-0.000254631042,1
1293,15.389983,4.52372503,4.50009871,4.36129379,4.35981655,14.0222054,-25.7150326,-15.0519009,0.670679092,-28.8602047,4.99737167,7.00089836,0.0713599324,0.478808165,-15.0519009,0.840041161,-0.000254631042,1
1294,15.399980,4.49123907,4.48607063,4.30075026,4.41371441,5.26044559,-27.6968994,-15.0721407,0.503469467,-26.7980919,8.75515747,5.97104025,0.154450566,0.458568126,-15.0721407,0.688673973,-0.000254631042,1
1295,15.410013,4.51708031,4.53110838,4.38787317,4.45579863,1.7640599,-30.6034851,-15.0433788,0.361109734,-29.2529869,9.1623106,8.50976086,0.166168481,0.455372334,-15.0433788,0.537428856,-0.000254631042,1
1296,15.420010,4.50157547,4.53775358,4.36277056,4.42331266,-1.85600901,-33.5860558,-15.0614882,0.213126183,-32.4335747,8.91801834,14.6625662,0.287608624,0.475612372,-15.0614882,0.386275291,-0.000254631042,1
1297,15.429983,4.54661322,4.48311758,4.38565826,4.43069601,-9.60249519,-33.9017715,-15.0625534,0.0679759979,-33.1712379,11.8830528,11.7598028,0.339806587,0.466024995,-15.0625534,0.235121727,-0.000254631042,1
1298,15.439980,4.48164082,4.55104303,4.38122845,4.43734121,-8.19233036,-31.8505344,-15.0508356,-0.0789875984,-32.3976479,5.65360689,13.9704056,0.32276234,0.430871248,-15.0508356,0.0839681625,-0.000254631042,1
1299,15.450012,4.5082202,4.53258562,4.3192091,4.40633154,-13.9420137,-28.3523808,-15.0401831,-0.225218773,-30.7498741,7.25827026,7.33859634,0.403722465,0.3669554,-15.0401831,-0.0667886734,-0.000254631042,1
1300,15.459984,4.47868776,4.47868776,4.36277056,4.44324732,-18.1459007,-23.4033871,-15.0295305,-0.375112534,-28.4243107,8.3096838,7.55654287,0.377090842,0.370151192,-15.0295305,-0.21766758,-0.000254631042,1
1301,15.480029,4.49862242,4.5695014,4.40633154,4.40780783,-26.5773487,-17.9289742,-15.0210075,-0.670844555,-30.5654583,9.67245007,10.6844387,0.357916087,0.393586993,-15.0210075,-0.518937111,-0.000254631042,1
1302,15.490027,4.48164082,4.48016405,4.34726524,4.41814423,-28.0862751,-17.5949974,-15.0689449,-0.815750599,-31.9545689,9.98859215,8.2175684,0.312109709,0.39784807,-15.0689449,-0.669665337,-0.000254631042,1
1303,15.500011,4.48016405,4.51855659,4.32437706,4.34874201,-27.1523438,-13.2661057,-15.0444441,-0.935954571,-29.1236553,4.9542613,10.3060255,0.29186967,0.389325947,-15.0508356,-0.820513725,-0.000254631042,1
1304,15.509983,4.47425747,4.56507158,4.33840513,4.44324732,-33.6370773,-6.05749798,-15.0604229,-1.08907413,-30.7378998,7.94085073,7.74814463,0.248193845,0.349911153,-15.0593576,-0.971026421,-0.000254631042,1
1305,15.520015,4.48607063,4.50157547,4.39230347,4.34874201,-33.7466202,-1.46403062,-15.0913153,-1.23458195,-32.9341316,7.21036959,9.69050598,0.234345406,0.333932191,-15.085989,-1.12193584,-0.000254631042,1
1306,15.530007,4.48164082,4.52224874,4.36129379,4.44029427,-32.3572083,3.41421604,-15.09025,-1.38570499,-31.6839314,9.32996178,10.6772537,0.22369276,0.301974267,-15.0753365,-1.27311611,-0.000254631042,1
1307,15.539993,4.48016405,4.55621195,4.41962147,4.38270426,-31.2473545,6.74666214,-15.0923805,-1.53882504,-32.0072594,8.15400791,9.53003883,0.188539028,0.284930021,-15.0870543,-1.42442226,-0.000254631042,1
1308,15.550012,4.48607063,4.49862242,4.37975121,4.45875216,-29.535471,10.378231,-15.1115551,-1.69653082,-30.6037788,8.76713276,6.82845688,0.156581104,0.329671144,-15.1136856,-1.57554531,-0.000254631042,1
1309,15.559983,4.47868776,4.51117373,4.37089157,4.41076136,-25.8643875,15.1954908,-15.1062288,-1.84985113,-29.0494099,7.48340178,6.4715991,0.109709457,0.363759607,-15.1168814,-1.72706461,-0.000254631042,1
1310,15.570016,4.47425747,4.53110838,4.45579863,4.37384462,-24.786787,22.883194,-15.0742712,-2.00078249,-32.0695305,10.4675961,7.26435089,0.0649683475,0.470286041,-15.0689449,-1.8784318,-0.000254631042,1
1311,15.579991,4.51412678,4.46465921,4.39377975,4.39377975,-22.7447987,28.4188271,-15.0764017,-2.17447138,-34.8573341,10.4843607,14.3488188,0.0287493579,0.591726184,-15.0795975,-2.02952433,-0.000254631042,1
1312,15.590013,4.50969648,4.50305223,4.4321723,4.32880688,-17.8882351,28.7087307,-15.0881195,-2.32892513,-32.7281609,8.54679108,13.4219465,0.06816414,0.629010439,-15.0881195,-2.18116617,-0.000254631042,1
1313,15.599983,4.49566889,4.52963209,4.39377975,4.5480895,-11.7270088,29.5625954,-15.0604229,-2.46730947,-30.4145718,9.29643154,12.2986822,0.155515835,0.527810335,-15.0604229,-2.33241129,-0.000254631042,1
1314,15.610030,4.51412678,4.51265001,4.38565826,4.37089157,-5.4999547,31.41646,-15.0977068,-2.62082148,-29.9882584,10.8603792,10.9933958,0.234345406,0.457502872,-15.0977068,-2.48396158,-0.000254631042,1
1315,15.619980,4.46908951,4.48828602,4.34578848,4.48016405,-2.14546061,26.5428181,-15.0359221,-2.77242374,-25.5287323,7.57680798,5.74351311,0.243932784,0.373346984,-15.0359221,-2.63493204,-0.000254631042,1
1316,15.630028,4.47425747,4.52372503,4.37089157,4.45579863,1.46051109,31.8600845,-15.0071592,-2.92163754,-30.7738247,8.37674427,10.0808935,0.286543369,0.360563815,-15.0071592,-2.78571939,-0.000254631042,1
1317,15.640013,4.49566889,4.51412678,4.3502183,4.37679815,6.06771803,34.4089928,-15.0178118,-3.07403374,-33.9208794,8.37674427,11.9154787,0.369634002,0.362694323,-15.0178118,-2.93687296,-0.000254631042,1
1318,15.650013,4.4661355,4.50674343,4.3841815,4.53258562,11.3823185,33.3133125,-15.0199423,3.0636878,-34.0981102,8.75515747,10.485652,0.452724606,0.371216446,-15.0199423,-3.08732462,-0.000254631042,1
1319,15.659983,4.45210743,4.53110838,4.42626619,4.47868776,10.9840107,28.206707,-14.9922457,2.91847658,-29.9379635,4.47046709,10.2054348,0.46657306,0.357367992,-14.9922457,3.0454092,-0.000254631042,1
1320,15.670033,4.45432281,4.51412678,4.29927397,4.4351263,19.3545513,26.3052368,-14.9879847,2.75930548,-31.6264515,8.1444273,7.08472395,0.451659352,0.327540606,-14.9879847,2.89486599,-0.000254631042,1
1321,15.679983,4.39525652,4.52372503,4.33471346,4.4351263,19.9775314,22.5541401,-15.0007677,2.61599493,-29.533205,5.96495962,5.12559795,0.372829795,0.294517398,-15.0007677,2.74478054,-0.000254631042,1
1322,15.689980,4.45875216,4.54956675,4.34726524,4.50157547,23.2430363,17.2442837,-14.9922457,2.48067999,-27.8806419,7.76361942,9.63063049,0.330219209,0.292386889,-14.9922457,2.59414577,-0.000254631042,1
1323,15.700013,4.49419165,4.50157547,4.32142401,4.49419165,30.9181366,11.4707413,-15.0167465,2.33384657,-30.2732658,13.078167,7.61402369,0.244998053,0.295582682,-15.0167465,2.44390774,-0.000254631042,1
1324,15.709982,4.4661355,4.51708031,4.41519165,4.36424637,30.5961246,9.9117384,-15.0082245,2.19072771,-30.6612587,9.70837498,12.5118389,0.240736991,0.321149021,-15.0082245,2.29330349,-0.000254631042,1
1325,15.720007,4.44620085,4.54661322,4.35169506,4.39968681,31.8082104,8.084939,-15.0295305,2.02940321,-32.100666,6.83195686,10.2509403,0.188539028,0.314757437,-15.0295305,2.14370632,-0.000254631042,1
1326,15.729994,4.44177103,4.51265001,4.40633154,4.37975121,32.1592979,3.95787954,-15.0274,1.89029551,-31.7749424,6.34337282,7.52301264,0.195995882,0.255102605,-15.0274,2.02343655,-0.000254631042,1
1327,15.740030,4.4602294,4.51117373,4.37236834,4.4661355,28.8431225,-0.769020796,-15.0337915,1.73560619,-28.3261147,5.49074554,6.06205082,0.154450566,0.274277389,-15.0337915,1.8730154,-0.000254631042,1
1328,15.749979,4.47868776,4.54513693,4.31330204,4.37827492,28.212698,-5.10458899,-15.0178118,1.58594799,-28.1321182,5.53146076,6.50991964,0.0937304869,0.31049636,-15.0178118,1.72259426,-0.000254631042,1
1329,15.760034,4.45875216,4.54365969,4.38565826,4.37975121,28.1661491,-13.2454987,-15.0199423,1.43154621,-29.7319908,9.20781612,11.4436598,0.0415325277,0.364824861,-15.0199423,1.57227993,-0.000254631042,1
1330,15.769983,4.45210743,4.49714518,4.40263987,4.33471346,27.2964077,-23.918829,-15.0337915,1.25903463,-33.317337,14.393033,15.5175886,0.0159661844,0.484134465,-15.0337915,1.42198086,-0.000254631042,1
1331,15.780006,4.45579863,4.52815485,4.42921925,4.33619022,25.6760139,-23.3050499,-15.0401831,1.11753798,-33.2885971,9.70837498,14.3368435,0.0394020006,0.50330925,-15.0401831,1.27055264,-0.000254631042,1
1332,15.790007,4.48607063,4.51560354,4.35390997,4.52667856,23.0000858,-25.0134983,-15.0710754,0.961201191,-33.1784248,7.3397007,7.27153587,0.0692294016,0.474547088,-15.0710754,1.12043667,-0.000254631042,1
1333,15.799994,4.49714518,4.50305223,4.36277056,4.36424637,19.2318668,-24.2298622,-15.0519009,0.80740118,-30.6468887,4.20940971,4.56755877,0.141667396,0.483069211,-15.0519009,0.969283104,-0.000254631042,1
1334,15.810026,4.50157547,4.48976183,4.27933931,4.46761227,13.0316315,-24.4467182,-15.0572271,0.647096634,-27.3609219,4.34113598,4.97950172,0.176821128,0.425544918,-15.0572271,0.818099022,-0.000254631042,1
1335,15.820010,4.51560354,4.51560354,4.34135818,4.40263987,3.66657996,-30.350565,-15.0529661,0.497438431,-28.4219151,11.2603474,7.95411634,0.183212712,0.466024995,-15.0529661,0.667067528,-0.000254631042,1
1336,15.830026,4.52224874,4.53258562,4.38934994,4.39820957,-1.94335926,-36.959938,-15.0657492,0.340996742,-34.1819382,14.1918516,12.7345753,0.23647593,0.482003957,-15.0657492,0.515974998,-0.000254631042,1
1337,15.840008,4.49419165,4.52667856,4.36867666,4.48016405,-4.21746826,-36.4564171,-15.0593576,0.191338539,-34.9890594,11.0735359,14.2075129,0.337676048,0.488395542,-15.0593576,0.364851952,-0.000254631042,1
1338,15.849994,4.50969648,4.5252018,4.36867666,4.42478943,-6.74902487,-31.7815228,-15.0380526,0.0477838516,-31.4228745,8.25938797,12.0591803,0.345132917,0.466024995,-15.0380526,0.213942528,-0.000254631042,1
1339,15.860005,4.55104303,4.50305223,4.39230347,4.41371441,-8.79105663,-30.0032768,-15.0305958,-0.111989021,-30.7977753,5.38296986,7.3649416,0.378156096,0.388260663,-15.0305958,0.0628194809,-0.000254631042,1
1340,15.869991,4.5525198,4.48164082,4.31625557,4.40633154,-12.0009632,-25.1906071,-15.0199423,-0.261647224,-27.4375629,5.07640743,4.45259809,0.368568718,0.352041692,-15.0199423,-0.0880594254,-0.000254631042,1
1341,15.880031,4.52372503,4.45432281,4.39673376,4.37089157,-15.6983614,-24.280756,-15.0082245,-0.39475584,-28.450655,5.15304804,6.01175547,0.297196001,0.290256351,-15.0082245,-0.239121437,-0.000254631042,1
1342,15.889981,4.52077198,4.44767761,4.41371441,4.37236834,-24.0265274,-22.46105,-15.0220737,-0.543873787,-31.6527977,8.93717861,10.1024485,0.315305501,0.320083737,-15.0220737,-0.38966465,-0.000254631042,1
1343,15.900014,4.52963209,4.41223812,4.48828602,4.33323717,-29.628973,-20.3122807,-15.0401831,-0.690837383,-34.5340042,9.89279079,12.1933012,0.257781208,0.355237484,-15.0401831,-0.540604591,-0.000254631042,1
1344,15.910010,4.51265001,4.42478943,4.4661355,4.37236834,-31.4068413,-14.9981985,-15.0593576,-0.835263729,-33.3508644,9.95266628,12.265152,0.219431698,0.339258522,-15.0593576,-0.691332817,-0.000254631042,1
1345,15.920007,4.50674343,4.40485477,4.44324732,4.37236834,-28.2727966,-12.2177229,-15.0891848,-0.983744621,-30.3067951,5.48835039,7.90861082,0.126753688,0.289191067,-15.0891848,-0.8419981,-0.000254631042,1
1346,15.929981,4.47278118,4.37384462,4.51855659,4.43069601,-28.9067211,-8.01829338,-15.0337915,-1.13843393,-28.338089,5.67995214,6.73744631,0.151254773,0.313692153,-15.0401831,-0.993273735,-0.000254631042,1
1347,15.939979,4.45727587,4.39968681,4.49271536,4.38122845,-30.3330822,-1.91890156,-15.0519009,-1.25420904,-27.4279823,5.80928326,8.29899883,0.109709457,0.278538436,-15.0519009,-1.14424419,-0.000254631042,1
1348,15.950012,4.4351263,4.3908267,4.51412678,4.40633154,-35.3797493,6.64930916,-15.0678797,-1.42052126,-30.4433117,9.16470623,9.90126705,0.125688419,0.350976408,-15.0455093,-1.29585171,-0.000254631042,1
1349,15.960009,4.2158432,4.24832964,4.45210743,4.44472456,-31.956995,9.02663898,-15.077467,-1.57696295,-30.8480701,9.73711586,12.7968464,0.106513664,0.374412239,-15.0710754,-1.44615078,-0.000254631042,1
1350,15.969981,4.01501799,4.05193472,4.28376913,4.14348745,-31.4036522,14.7859087,-15.0455093,-1.73253298,-32.234787,10.8891191,10.7371292,0.0915999562,0.443654418,-15.0369873,-1.59782314,-0.000254631042,1
1351,15.990027,3.76620221,3.72780919,4.01649523,4.1988616,-18.4688091,19.2115192,-14.7706709,-2.01754999,-27.6626949,10.2328844,4.48612833,0.0180967133,0.542724013,-14.737648,-1.89704752,-0.000254631042,1
1352,16.000026,3.45462871,3.62296724,3.84077358,3.96112037,-18.1206799,25.0204124,-14.5661402,-2.16985035,-29.0733604,10.4460411,7.6499486,-0.0468844213,0.674816787,-14.5171375,-2.04444742,-0.000254631042,1
1353,16.010012,3.38153458,3.62149072,3.72928619,4.07703781,-15.9504576,26.5336876,-14.2071457,-2.31620407,-29.7176208,8.67851639,10.4090118,0.0244883001,0.678012609,-14.1869059,-2.18916178,-0.000254631042,1
1354,16.020013,3.45610571,3.5734992,3.85923147,3.98548555,-7.3738122,27.7066154,-13.9994192,-2.45972395,-26.1586227,11.7369566,12.9932375,0.0873389021,0.80158329,-13.9110022,-2.33125162,-0.000254631042,1
1355,16.029987,3.3165617,3.69089341,3.7093513,4.04159832,-3.11649704,26.0372524,-13.7810402,-2.61304426,-24.0557957,10.4388552,14.2602034,0.158711627,0.744059026,-13.7810402,-2.47135782,-0.000254631042,1
1356,16.040031,3.44060063,3.76324916,3.67686486,3.92272782,0.8515746,24.2641296,-13.444417,-2.73398113,-21.9385967,10.4005356,9.39831352,0.313174963,0.643924117,-13.444417,-2.60917521,-0.000254631042,1
1357,16.050016,3.41402078,3.76324916,3.69975328,3.82083845,6.33365154,24.2976246,-13.2697134,-2.880404,-21.838007,12.3931913,8.44030571,0.336610794,0.584269345,-13.2697134,-2.74574137,-0.000254631042,1
1358,16.059992,3.38153458,3.81862378,3.51443291,3.94856882,6.60286903,22.5297432,-13.0737047,-2.99812365,-21.3542118,9.75627518,12.2364111,0.462311983,0.582138836,-13.0737047,-2.87873697,-0.000254631042,1
1359,16.070013,3.5188632,3.82674527,3.53141451,3.86070848,15.6638622,17.5725632,-12.8627825,-3.12312365,-17.2802849,15.9857206,9.81504631,0.599731088,0.411696494,-12.8627825,-3.01017618,-0.000254631042,1
1360,16.079987,3.39260936,3.86513829,3.52993798,3.86661458,12.152916,18.89361,-12.7019272,3.03302193,-20.0992222,10.0340977,5.17349863,0.651929021,0.370151192,-12.7019272,-3.13993692,-0.000254631042,1
1361,16.090025,3.38448763,3.94709253,3.39556241,3.88728809,11.6472759,18.9864693,-12.5527906,2.90964413,-21.155426,6.97086763,4.61545944,0.684952259,0.359498531,-12.5527906,3.01501369,-0.000254631042,1
1362,16.100011,3.49745154,3.91608262,3.30622506,3.82969856,14.2103167,12.7731009,-12.44946,2.79113102,-16.8755264,8.96112919,6.18419695,0.619971097,0.422349125,-12.44946,2.88867092,-0.000254631042,1
1363,16.110033,3.37710452,3.91755915,3.23460746,3.80385685,13.7129755,14.3478365,-12.3312149,2.67246103,-18.9975128,5.74461794,6.38537836,0.534749985,0.401043862,-12.3312149,2.76324368,-0.000254631042,1
1364,16.120013,3.48342323,3.95521355,3.24125242,3.75881934,17.1076698,12.1150961,-12.2449293,2.54749537,-19.6154289,7.39478636,7.99243641,0.465507805,0.34138903,-12.2449293,2.63836575,-0.000254631042,1
1365,16.129988,3.55356455,3.95152235,3.2301774,3.65545344,17.4669323,9.83470631,-12.2044487,2.43012524,-18.8538113,6.80800629,10.9335203,0.445267767,0.34138903,-12.2044487,2.51525784,-0.000254631042,1
1366,16.140029,3.46348858,3.98105574,3.22427082,3.62592053,17.03582,6.55821228,-12.159708,2.29723454,-17.0910778,6.41282797,7.47511244,0.395200342,0.21781835,-12.159708,2.39202785,-0.000254631042,1
1367,16.149980,3.55504131,4.06744003,3.12385869,3.55356455,22.541502,3.90742183,-12.0872698,2.18126774,-20.7099514,9.72035027,11.6400518,0.412244558,0.164555117,-12.0872698,2.2697134,-0.000254631042,1
1368,16.160030,3.62739706,3.92272782,3.247159,3.58088231,23.6173801,6.7737155,-12.0233536,2.0776906,-23.9360428,5.54343605,13.946455,0.393069804,0.0793339759,-12.0233536,2.14807034,-0.000254631042,1
1369,16.169980,3.61484551,4.05045795,3.16077471,3.52846146,22.3256321,3.71795869,-12.0169621,1.95736408,-22.0799026,4.97342157,6.59614038,0.337676048,0.127270877,-12.0169621,2.05126858,-0.000254631042,1
1370,16.180006,3.70122957,3.98770046,3.13641,3.4206655,20.0568085,-5.50357533,-11.9700909,1.8317275,-17.9580746,10.4915457,7.23800564,0.387743473,0.218883619,-11.9700909,1.93060207,-0.000254631042,1
1371,16.189992,3.74626756,4.0135417,3.13419509,3.39113283,21.5770226,-2.72041321,-11.9722214,1.70927382,-20.9949589,5.67276716,6.15306139,0.308913916,0.285995275,-11.9722214,1.80963039,-0.000254631042,1
1372,16.200034,3.73740768,3.96259713,3.10687709,3.32763672,20.7764301,-1.30122638,-11.9647646,1.59101391,-20.7458782,1.72098446,9.60907459,0.274825454,0.340323776,-11.9647646,1.68963528,-0.000254631042,1
1373,16.209991,3.93601704,3.91755915,3.13936353,3.23460746,23.1562366,-13.4834566,-11.949851,1.46649313,-24.4342079,10.9992905,14.2554131,0.287608624,0.404239655,-11.949851,1.56919765,-0.000254631042,1
1374,16.220094,3.85480165,3.97810245,3.14527011,3.163728,18.5941658,-7.8978138,-11.9722214,1.34485865,-19.8908558,3.53161931,9.2354517,0.240736991,0.338193238,-11.9722214,1.44901943,-0.000254631042,1
1375,16.230007,3.90574622,3.86070848,3.22427082,3.14822292,13.6347494,-9.50701714,-11.9775476,1.20203638,-16.1450443,3.95314264,5.22618914,0.285478085,0.348845899,-11.9775476,1.32878017,-0.000254631042,1
1376,16.240043,4.09844923,3.82526827,3.2301774,3.14527011,19.355957,-15.6593857,-12.0116358,1.07864952,-24.4581585,4.65488338,5.87763453,0.164037943,0.358433276,-12.0116358,1.20805264,-0.000254631042,1
1377,16.249979,3.99655986,3.86513829,3.31360841,3.07586718,12.4468346,-19.2121773,-12.0787477,0.953213692,-21.2727814,8.45578003,15.9798269,0.256715953,0.422349125,-12.0787477,1.08665371,-0.000254631042,1
1378,16.260008,4.04307461,3.77727723,3.31065512,3.07143736,10.8687592,-15.7035313,-12.0233536,0.843498707,-18.5592251,4.50399733,9.14204597,0.278021246,0.359498531,-12.0233536,0.965498924,-0.000254631042,1
1379,16.269980,4.09401894,3.67834139,3.41402078,3.01827788,10.5214691,-16.4194679,-12.0627689,0.718977928,-19.2849159,2.89693904,6.29915762,0.274825454,0.227405727,-12.0627689,0.844344139,-0.000254631042,1
1380,16.280029,4.0541501,3.66283655,3.56390095,3.08472729,2.4142518,-18.5951691,-12.0574427,0.594073772,-16.7605648,8.40787983,9.27856255,0.37922138,0.252972066,-12.0574427,0.722884178,-0.000254631042,1
1381,16.290014,4.16342211,3.58752751,3.4900682,3.01384783,4.95194721,-23.5435104,-12.0254841,0.469073772,-23.2390938,6.22601652,11.723877,0.365372926,0.175207764,-12.0254841,0.601607323,-0.000254631042,1
1382,16.300010,3.98548555,3.44503069,3.56390095,3.06774569,1.78662884,-18.8449135,-12.0499859,0.345983505,-18.3340931,4.70996904,7.21645021,0.393069804,0.245515227,-12.0499859,0.480757713,-0.000254631042,1
1383,16.309980,4.15234756,3.47161031,3.58383584,2.99391294,2.76735878,-15.6675758,-12.0244188,0.229432583,-15.8863831,0.86835748,5.1399684,0.39200455,0.118748762,-12.0244188,0.359480858,-0.000254631042,1
1384,16.320035,4.06596279,3.36602974,3.72485614,3.10687709,-1.83406389,-21.2719078,-12.0574427,0.109358788,-20.944664,4.1447444,15.2253962,0.346198171,0.191186741,-12.0574427,0.237959862,-0.000254631042,1
1385,16.330009,3.98253202,3.34461784,3.7263329,3.02639937,-6.47366333,-19.8569622,-12.1139011,-0.00944185257,-19.9172001,6.28589201,14.1931429,0.30465287,0.113422439,-12.1139011,0.116499901,-0.000254631042,1
1386,16.340013,4.16046858,3.2796452,3.85775518,3.10687709,-5.23709536,-20.790472,-12.0489206,-0.133072853,-21.3015213,2.43230534,10.6724634,0.297196001,0.213557288,-12.0489206,-0.00477695465,-0.000254631042,1
1387,16.349987,4.08146763,3.22131753,3.98917675,3.17184973,-3.49002504,-18.4959412,-12.0393324,-0.25200367,-18.7819614,-1.23207474,11.7621975,0.226888552,0.147510886,-12.0393324,-0.126358986,-0.000254631042,1
1388,16.360025,3.89171791,3.15929818,3.85258651,3.163728,-16.7084637,-16.5174942,-12.1000528,-0.361465931,-21.3590031,9.78741074,7.21405506,0.252454907,0.271081567,-12.1000528,-0.248063087,-0.000254631042,1
1389,16.370010,3.91460609,3.12238193,3.99065375,3.20064449,-11.4047422,-14.4227848,-12.0531816,-0.481635571,-18.4394741,4.60458803,6.49794436,0.357916087,0.299843729,-12.0531816,-0.369095802,-0.000254631042,1
1390,16.380013,4.01501799,3.05076432,3.98400879,3.22131753,-13.045043,-11.8080187,-12.0073748,-0.575289726,-15.1750622,4.21898985,4.71365499,0.401591927,0.360563815,-12.0308104,-0.490250587,-0.000254631042,1
1391,16.390021,3.73223901,3.04338098,4.09844923,3.25675726,-12.9717321,-15.3852139,-12.0105705,-0.692093372,-20.6812115,5.48116541,9.75038147,0.396265596,0.350976408,-12.0116358,-0.611224174,-0.000254631042,1
1392,16.400016,3.72928619,2.95552015,4.13905716,3.38153458,-16.8441277,-7.49869394,-12.0340061,-0.810544968,-20.9039497,5.69671726,11.3382788,0.378156096,0.379738569,-11.9967222,-0.732073784,-0.000254631042,1
1393,16.409991,3.72190261,2.91343546,4.17301989,3.42952585,-19.5365715,-7.6867075,-12.0073748,-0.931926727,-22.1780987,6.44156837,12.918992,0.331284463,0.284930021,-12.0105705,-0.852374077,-0.000254631042,1
1394,16.419989,3.62296724,2.95404363,4.17892694,3.53805971,-15.368948,-7.34212112,-11.9722214,-1.06102467,-17.7449188,5.71827269,6.69673109,0.290804416,0.175207764,-11.9690256,-0.973101616,-0.000254631042,1
1395,16.429986,3.48194671,2.84403276,4.29779673,3.52698469,-15.9493465,-4.65135336,-11.9338713,-1.17093134,-16.5019035,1.92456114,8.68938732,0.18001692,0.0825297683,-11.9690256,-1.09352398,-0.000254631042,1
1396,16.439979,3.43912411,2.8861177,4.24685287,3.63330364,-23.9279556,1.39847827,-11.9658298,-1.29773617,-22.6642876,7.79954481,13.9416656,0.127818957,0.141119301,-11.9264145,-1.21412563,-0.000254631042,1
1397,16.449991,3.31803799,2.87651944,4.37236834,3.82231498,-21.693552,4.12882662,-11.9818087,-1.40344906,-20.7027664,7.68458366,8.99115944,0.106513664,0.167750925,-11.9807434,-1.33424282,-0.000254631042,1
1398,16.459989,3.19326138,2.82557487,4.2704792,3.82526827,-16.8804817,-0.326690823,-11.9487858,-1.52043581,-16.8755264,0.523474634,3.43710947,0.0724252015,0.25403735,-11.9487858,-1.45466518,-0.000254631042,1
1399,16.469986,3.16077471,2.95552015,4.25497437,3.84963346,-19.5618496,7.20282745,-11.9477205,-1.65300417,-20.0872478,5.57217646,10.5622931,0.144863188,0.368020654,-11.9477205,-1.57459927,-0.000254631042,1
1400,16.479979,3.04338098,2.95035172,4.15751505,4.02904701,-18.0639801,5.82306433,-11.920023,-1.77319145,-18.8657875,2.07305241,8.28462887,0.0841431096,0.458568126,-11.920023,-1.69465542,-0.000254631042,1
1401,16.489991,2.96733332,3.05445576,4.13093567,4.1294589,-15.0968094,13.8781404,-11.9754171,-1.89361429,-18.7196903,8.37195396,6.90988779,0.135275796,0.491591334,-11.9754171,-1.81471109,-0.000254631042,1
1402,16.630006,2.90309906,4.42478943,2.66461945,4.14939404,13.802865,15.5788832,-11.8752823,2.71745205,-19.8788795,6.16853619,10.1599293,0.270564407,0.343519568,-11.8752823,2.82470608,-0.000254631042,1
1403,16.639992,3.07439065,4.4661355,2.5553472,4.07113123,16.3695545,17.7066593,-11.9232187,2.6115818,-23.5528412,5.17220783,10.155139,0.195995882,0.423414409,-11.9232187,2.70635891,-0.000254631042,1
1404,16.650032,3.04781103,4.6241374,2.43943,4.00099039,16.0543556,13.3817968,-11.8923264,2.49190092,-20.3674641,4.68841362,12.1741409,0.283347577,0.473481834,-11.8923264,2.58752346,-0.000254631042,1
1405,16.660006,3.28112221,4.66105366,2.47782302,3.89467144,17.4611874,11.0049314,-11.932806,2.37496614,-20.0393467,4.94228601,7.678689,0.268433869,0.47241658,-11.932806,2.46911526,-0.000254631042,1
1406,16.670015,3.34609485,4.73340988,2.37002754,3.72190261,17.8351688,6.6995697,-11.9445238,2.25838089,-18.0347157,6.14219093,10.0114384,0.398396134,0.491591334,-11.9445238,2.34997463,-0.000254631042,1
1407,16.680011,3.41845083,4.83234549,2.36042929,3.66579008,19.1435051,4.02748585,-11.9764824,2.14276266,-18.2766132,6.97565794,6.42130375,0.44100672,0.500113428,-11.9764824,2.23144436,-0.000254631042,1
1408,16.690012,3.70787501,4.76294279,2.35083103,3.53436804,18.3333893,3.01774549,-11.9391975,2.02786827,-17.7832375,5.38296986,13.4698467,0.500661492,0.468155503,-11.9391975,2.11248684,-0.000254631042,1
1409,16.699988,3.63182712,4.87295341,2.29693317,3.34904814,21.8091869,0.509822309,-11.9647646,1.89104509,-20.8608379,6.38169289,4.62024927,0.493204653,0.425544918,-11.9647646,1.99365139,-0.000254631042,1
1410,16.709985,4.01501799,4.69649363,2.36042929,3.18218637,21.8263073,-0.542991817,-11.9296103,1.76852989,-21.2943363,4.82013988,9.13007069,0.519836307,0.440458626,-11.9296103,1.87444973,-0.000254631042,1
1411,16.720025,3.95964408,4.71495152,2.4224484,2.9798851,23.3453522,-1.65824509,-11.9455891,1.64515162,-23.1576614,3.38791823,11.5179052,0.539011061,0.426610202,-11.9455891,1.75555325,-0.000254631042,1
1412,16.730006,4.24685287,4.67803526,2.46896338,2.95035172,22.5652275,-6.6596899,-11.9807434,1.5245986,-22.8487053,5.61049652,10.0689182,0.491074145,0.368020654,-11.9807434,1.63635159,-0.000254631042,1
1413,16.739992,4.31773233,4.53258562,2.53172088,2.77167702,22.9661503,-3.87695742,-12.0595732,1.41565084,-23.2893887,0.281577677,9.85576153,0.423962474,0.319018483,-12.0595732,1.51658535,-0.000254631042,1
1414,16.750012,4.38934994,4.48016405,2.63730145,2.6572361,20.2972031,-10.9818697,-11.9839392,1.28579378,-22.5660934,4.83211517,12.6483545,0.413309842,0.250841558,-11.9839392,1.39677334,-0.000254631042,1
1415,16.759989,4.54513693,4.3908267,2.66018939,2.58783364,16.996954,-12.7803373,-12.012701,1.16108131,-20.6812115,4.95186615,11.4676104,0.316370755,0.161359325,-12.012701,1.2772665,-0.000254631042,1
1416,16.770015,4.63299751,4.3229003,2.90309906,2.46084142,12.1018591,-16.5205154,-11.9839392,1.03716278,-18.8226776,8.06778717,9.07738018,0.313174963,0.165620387,-11.9839392,1.1566,-0.000254631042,1
1417,16.779990,4.68246555,4.10804796,2.96733332,2.4172802,13.3651257,-19.5291214,-11.9807434,0.911046505,-22.5301666,7.23910999,5.75788307,0.250324368,0.175207764,-11.9807434,1.03727627,-0.000254631042,1
1418,16.790010,4.77254105,4.02313995,3.17923307,2.35895228,11.4764032,-16.8552265,-11.9690256,0.791321754,-20.0106068,3.92200756,10.674859,0.269499123,0.231666788,-11.9690256,0.917281151,-0.000254631042,1
1419,16.799985,4.77697134,3.88359618,3.32911325,2.31908298,9.08904743,-18.699234,-12.0052443,0.69102335,-20.1351471,5.44284534,8.21517372,0.232214868,0.202904642,-11.9945917,0.796797752,-0.000254631042,1
1420,16.810032,4.87147713,3.61336875,3.36307645,2.27995157,5.41685152,-19.96632,-11.9178925,0.541365147,-20.0130024,5.32548952,6.73265648,0.248193845,0.23592785,-11.9178925,0.676802635,-0.000254631042,1
1421,16.820007,4.73340988,3.57202268,3.64290166,2.2880733,3.8455267,-18.6508389,-11.9455891,0.433708191,-19.3447914,4.12318897,10.478467,0.26097703,0.262559444,-11.941328,0.556563377,-0.000254631042,1
1422,16.830034,4.89288807,3.35421634,3.57497573,2.31686807,4.46998692,-17.7663708,-11.9605036,0.324289799,-19.4286175,3.61784005,8.48581028,0.249259099,0.138988778,-11.9775476,0.43644619,-0.000254631042,1
1423,16.840009,4.76441956,3.27078557,3.91755915,2.36190581,-5.18735218,-20.9500237,-11.9541121,0.20504427,-20.1231728,4.76505423,7.00808334,0.227953821,0.162424594,-11.9264145,0.315535545,-0.000254631042,1
1424,16.850029,4.75039148,3.09727883,4.0644865,2.38700914,-4.41519308,-18.6178493,-11.9221535,0.0920944214,-18.1688366,5.35422945,7.65952873,0.255650699,0.165620387,-11.9306755,0.195479393,-0.000254631042,1
1425,16.860015,4.79542923,2.94444537,4.06153297,2.36338258,-5.8180213,-21.5739365,-11.9274797,-0.0363149643,-22.1924686,3.4789288,5.96624994,0.215170637,0.224209934,-11.9083052,0.0751180649,-0.000254631042,1
1426,16.870030,4.64407301,2.84550929,4.35981655,2.47634649,-7.17326546,-17.1004601,-11.8752823,-0.148252964,-17.9724445,5.23208332,10.5862427,0.324892879,0.303039521,-11.8784781,-0.0450601578,-0.000254631042,1
1427,16.880031,4.56802511,2.71704102,4.26531076,2.50735617,-8.76488781,-16.6370792,-11.8965874,-0.253363609,-18.3029575,4.31479073,5.74111795,0.332349747,0.293452144,-11.9051094,-0.164322853,-0.000254631042,1
1428,16.890005,4.51412678,2.64025497,4.5480895,2.59817028,-12.5701714,-14.9058371,-11.8710213,-0.375207901,-18.475399,6.2332015,10.253335,0.390939265,0.313692153,-11.8507814,-0.283951759,-0.000254631042,1
1429,16.900014,4.39230347,2.51178598,4.54365969,2.84107947,-14.2719288,-12.7185946,-11.8678255,-0.50106287,-18.0107651,6.40803814,11.0053711,0.388808757,0.195447788,-11.8827391,-0.403458595,-0.000254631042,1
1430,16.910031,4.19443178,2.49185157,4.72898006,2.9090054,-13.7351751,-12.9087667,-11.8337364,-0.6175704,-18.4777946,3.72322083,11.8196783,0.275890708,0.308365852,-11.8113661,-0.523026466,-0.000254631042,1
1431,16.920006,4.04307461,2.31908298,4.83899021,2.99243641,-14.469346,-12.396781,-11.7996483,-0.73501873,-18.8993168,2.42033029,7.6499486,0.266303331,0.226340458,-11.7996483,-0.642352104,-0.000254631042,1
1432,16.930014,3.94413924,2.36633563,4.65293264,3.19916797,-17.7142849,-8.85139847,-11.8624992,-0.847287655,-19.136425,5.09317255,11.2376881,0.238606468,0.324344814,-11.8624992,-0.761553764,-0.000254631042,1
1433,16.940029,3.76029563,2.28954983,4.90839291,3.24863577,-19.1412697,-6.69795609,-11.8230839,-0.956575871,-19.5028629,5.55780602,12.5932693,0.219431698,0.278538436,-11.8230839,-0.881304741,-0.000254631042,1
1434,16.950015,3.58900428,2.3205595,4.71495152,3.47603989,-17.4693451,-5.10606575,-11.8550425,-1.08013773,-17.814373,3.72801089,9.352808,0.247128576,0.276407897,-11.8550425,-1.00038433,-0.000254631042,1
1435,16.960013,3.44060063,2.3153913,4.88476706,3.57202268,-21.2136936,-1.79180586,-11.865695,-1.19080353,-20.3650703,6.20446157,10.1144238,0.162972689,0.251906812,-11.865695,-1.11964703,-0.000254631042,1
1436,16.970010,3.28259873,2.35083103,4.84932709,3.82231498,-27.7104912,0.722529173,-11.8379974,-1.31002235,-26.5873299,7.84265471,9.23305702,0.227953821,0.299843729,-11.8379974,-1.23878384,-0.000254631042,1
1437,16.980006,3.11426044,2.3478775,4.75703573,3.76767921,-20.8962555,1.3677758,-11.8891306,-1.42815924,-20.4896107,4.32437086,7.52301264,0.217301175,0.406370163,-11.8891306,-1.35804653,-0.000254631042,1
1438,16.990014,3.00941801,2.41949511,4.72898006,4.16932869,-16.4666843,2.95574594,-11.8561077,-1.55062199,-16.4037075,3.28732729,9.73361588,0.244998053,0.380803823,-11.8561077,-1.47737026,-0.000254631042,1
1439,17.000010,2.80859327,2.54131913,4.68763399,4.1885252,-13.8871765,7.40585518,-11.8987179,-1.68838787,-14.6601324,5.72545767,12.0639696,0.211974844,0.303039521,-11.8987179,-1.5970602,-0.000254631042,1
1440,17.010006,2.73254561,2.55682421,4.58352995,4.35834074,-19.5597134,10.7561426,-11.8944569,-1.80540133,-21.5242596,5.91466427,12.8375616,0.243932784,0.305170059,-11.8944569,-1.7163229,-0.000254631042,1
1441,17.020014,2.550179,2.69415259,4.38934994,4.48311758,-17.7261963,13.3346167,-11.9008484,-1.91578722,-21.1913509,6.55413437,6.19138193,0.302522331,0.203969911,-11.9008484,-1.83601236,-0.000254631042,1
1442,17.030010,2.55977726,2.73254561,4.32142401,4.54513693,-15.7585363,10.7435055,-11.8507814,-2.04711723,-18.9304523,2.32213449,8.09542274,0.23647593,0.321149021,-11.8507814,-1.95558023,-0.000254631042,1
1443,17.040033,2.39586878,3.03747416,4.1885252,4.76737261,-11.9287367,15.8598146,-11.8859348,-2.15399837,-18.6909504,6.66909552,8.09781742,0.268433869,0.339258522,-11.8859348,-2.07563639,-0.000254631042,1
1444,17.050007,2.35895228,3.18218637,3.93823266,4.67655849,-12.3166876,16.9828701,-11.8561077,-2.28229475,-20.4177589,4.82013988,12.4663334,0.202387467,0.487330258,-11.8561077,-2.17066813,-0.000254631042,1
1445,17.059991,2.31096125,3.2722621,3.79130554,4.9298048,-11.4540815,19.3223,-11.8145618,-2.40243006,-21.9960785,4.55189753,11.6496315,0.314240247,0.445784956,-11.8145618,-2.28944254,-0.000254631042,1
1446,17.070032,2.35895228,3.67243505,3.5734992,4.71642876,-5.22090054,17.9371071,-11.8561077,-2.52279139,-17.6395378,6.15177107,7.06077385,0.276955992,0.439393371,-11.8561077,-2.40894938,-0.000254631042,1
1447,17.080006,2.25558686,3.60598564,3.34166479,4.89436531,-6.18053293,18.2467022,-11.8134966,-2.65348434,-19.0142784,3.09812069,8.8091383,0.290804416,0.435132325,-11.8134966,-2.52784586,-0.000254631042,1
1448,17.090005,2.36190581,3.84372687,3.25158906,4.78140116,-3.04683518,18.7605705,-11.8230839,-2.77158737,-18.5927544,3.94356275,8.59837627,0.332349747,0.404239655,-11.8230839,-2.64680338,-0.000254631042,1
1449,17.099991,2.38036418,3.93306398,3.06183934,4.70240021,1.11357188,20.0373993,-11.8646297,-2.89156532,-19.1388187,6.03680992,7.6547389,0.370699257,0.394652277,-11.8646297,-2.76569986,-0.000254631042,1
1450,17.110013,2.44386005,4.14348745,2.92746377,4.74005508,3.77180982,20.5836792,-11.8688908,-2.99533367,-19.8142147,6.73136568,5.28127432,0.44100672,0.340323776,-11.8688908,-2.88477945,-0.000254631042,1
1451,17.119988,2.47634649,4.19590855,2.87799597,4.55621195,4.60426378,22.0972538,-11.8891306,-3.11276531,-21.9553623,5.23926878,9.84857655,0.386678219,0.381869078,-11.8891306,-3.00349283,-0.000254631042,1
1452,17.130026,2.54722595,4.43734121,2.67864776,4.51708031,7.40759754,22.0098133,-11.8880653,3.05447102,-22.5708828,5.46440029,9.71924591,0.540076315,0.379738569,-11.8880653,-3.12272501,-0.000254631042,1
1453,17.140012,2.80711651,4.47425747,2.65280652,4.44324732,12.8303976,17.8784657,-11.924284,2.93792915,-20.1040115,8.9491539,2.50544691,0.475095183,0.315822691,-11.924284,3.04150295,-0.000254631042,1
1454,17.150030,2.76650858,4.63595057,2.54131913,4.28893757,4.81056738,15.8600826,-11.9136314,2.82347965,-16.568964,-0.391422868,7.31704092,0.432484597,0.312626898,-11.9136314,2.92224026,-0.000254631042,1
1455,17.160005,2.92303395,4.65957737,2.46527147,4.19147873,14.1642342,15.3168669,-11.9423933,2.70989275,-19.8381653,6.45593834,8.82350826,0.478290975,0.252972066,-11.9423933,2.80316067,-0.000254631042,1
1456,17.170027,3.07586718,4.67803526,2.41949511,4.04602766,13.4805708,16.1013737,-11.9445238,2.59182453,-20.7722225,3.08135557,12.1621656,0.385612965,0.26149419,-11.9445238,2.68420315,-0.000254631042,1
1457,17.180013,3.09284854,4.79985905,2.35599923,3.89467144,16.616188,15.8634291,-11.9423933,2.46209002,-22.7816448,2.95681453,10.0713139,0.412244558,0.189056203,-11.9423933,2.56451321,-0.000254631042,1
1458,17.190004,3.45758224,4.73340988,2.29250312,3.71082807,25.3766098,11.9554911,-11.991396,2.34461498,-26.5058994,9.18386555,11.146677,0.324892879,0.278538436,-11.991396,2.44549465,-0.000254631042,1
1459,17.199992,3.41697407,4.86630869,2.30800796,3.54987288,14.2062378,12.1784592,-12.0233536,2.22962475,-18.6885567,-0.932697296,6.96976328,0.317436039,0.196513057,-12.0233536,2.32598782,-0.000254631042,1
1460,17.210035,3.72780919,4.90027189,2.3220365,3.46201205,20.5517254,7.11509228,-11.9892654,2.1249752,-21.2200909,4.76505423,6.33029318,0.255650699,0.257233143,-11.9892654,2.2061758,-0.000254631042,1
1461,17.220029,3.77284765,4.80281258,2.26592326,3.28776693,21.0832596,2.28245306,-12.0638342,2.00426483,-20.0920372,6.78405619,9.55638409,0.244998053,0.262559444,-12.0638342,2.08673,-0.000254631042,1
1462,17.230014,3.92863393,4.75851297,2.37445736,3.17480302,20.8512707,2.28492785,-12.0190926,1.880826,-20.5542755,4.18545961,12.8615112,0.292934954,0.295582682,-12.0190926,1.96685696,-0.000254631042,1
1463,17.240009,4.10804796,4.74448442,2.3648591,3.01237154,19.0543575,-2.94264865,-12.0212231,1.75690699,-18.1808109,6.41761827,5.60460186,0.242867514,0.281734228,-12.0212231,1.84716702,-0.000254631042,1
1464,17.249987,4.23430157,4.72159672,2.41137362,2.86544442,19.358057,-4.97939062,-12.0063095,1.63289261,-21.936203,5.46679544,6.99131823,0.323827624,0.339258522,-12.0063095,1.72753811,-0.000254631042,1
1465,17.259985,4.3398819,4.58057642,2.55977726,2.73919034,19.0588856,-5.55808115,-11.991396,1.53626537,-20.403389,7.74924898,9.51327419,0.319566548,0.414892286,-11.9924612,1.60795498,-0.000254631042,1
1466,17.270032,4.5082202,4.54365969,2.62475014,2.68455458,20.7658348,-5.83307934,-12.0467901,1.41521502,-18.1832066,10.819664,9.57554436,0.35365501,0.386130154,-12.0265493,1.48789883,-0.000254631042,1
1467,17.280006,4.49123907,4.37236834,2.7111342,2.51178598,17.2073154,-8.06644154,-11.9594383,1.28878498,-20.3794403,4.21420002,11.3454638,0.316370755,0.353106946,-11.9636993,1.36796474,-0.000254631042,1
1468,17.290010,4.65957737,4.22691822,2.9473989,2.5007112,18.7520828,-8.21671391,-11.995657,1.15133381,-19.6106377,3.52682924,10.6054029,0.319566548,0.31049636,-11.9786129,1.24784756,-0.000254631042,1
1469,17.300020,4.7275033,4.08442116,2.97545505,2.32646632,11.1473122,-12.4149179,-11.9775476,1.03854084,-19.5459728,4.67404366,11.2041578,0.280151784,0.321149021,-11.9935265,1.1277914,-0.000254631042,1
1470,17.310008,4.69649363,3.88064289,3.21171927,2.39439225,10.5403662,-16.3255119,-12.0095053,0.912616253,-19.5244179,7.45226669,8.0523119,0.238606468,0.321149021,-11.9892654,1.00724697,-0.000254631042,1
1471,17.320005,4.86483192,3.81714678,3.31803799,2.24008203,11.5486889,-16.8354702,-11.9647646,0.794199467,-20.0369511,3.91482234,8.06907749,0.194930613,0.228470996,-11.9892654,0.887068748,-0.000254631042,1
1472,17.329992,4.88476706,3.54691958,3.54691958,2.28438163,10.9065456,-19.0333958,-11.9892654,0.663924217,-21.711071,3.13883615,7.67150402,0.249259099,0.305170059,-11.9647646,0.766524315,-0.000254631042,1
1473,17.339988,4.7754941,3.41697407,3.68277168,2.33237243,3.23572922,-21.7793026,-12.0052443,0.544007778,-20.3099842,8.50368023,8.11218739,0.286543369,0.291321605,-12.0020485,0.646162987,-0.000254631042,1
1474,17.350007,4.75039148,3.27078557,3.79868865,2.3205595,5.20358181,-18.243845,-11.9700909,0.421955109,-18.7747765,2.7244978,4.09095001,0.351524502,0.283864766,-11.9700909,0.525374413,-0.000254631042,1
1475,17.359993,4.78583097,3.13124204,3.97957873,2.33901763,4.68970346,-18.8353443,-11.9264145,0.297050953,-19.383112,1.02882373,9.24982166,0.460181475,0.283864766,-11.9264145,0.405379295,-0.000254631042,1
1476,17.370032,4.75186777,3.03082943,4.14644051,2.45345831,-9.25007915,-20.4491711,-11.9903307,0.169164658,-18.5999393,12.5608435,11.1227274,0.383482426,0.294517398,-11.9903307,0.284590721,-0.000254631042,1
1477,17.380009,4.55768824,2.85141611,4.26678753,2.5331974,-0.114502646,-20.7697258,-11.9423933,0.0658755302,-20.7171383,1.48148251,10.7850294,0.331284463,0.27960369,-11.9423933,0.164107323,-0.000254631042,1
1478,17.390031,4.45432281,2.76503181,4.37827492,2.59669352,-3.23567653,-12.6451645,-11.9445238,-0.0617575645,-12.8207579,2.44907045,5.44892597,0.368568718,0.234862581,-11.9445238,0.0437459946,-0.000254631042,1
1479,17.400004,4.36867666,2.72516227,4.35981655,2.82557487,-6.20042801,-16.2353916,-11.9157619,-0.163694859,-17.0288067,3.47174382,2.54376721,0.222627491,0.304104775,-11.9157619,-0.0763101578,-0.000254631042,1
1480,17.410033,4.24685287,2.68455458,4.56359482,2.75469542,-17.7860718,-15.1994867,-11.9903307,-0.281797409,-19.5459728,12.8578253,11.0604572,0.262042284,0.357367992,-11.9903307,-0.19648838,-0.000254631042,1
1481,17.420008,4.13536549,2.53024435,4.57466984,2.97250175,-16.1294308,-18.2935963,-11.9626341,-0.402891159,-23.1528721,7.66542339,14.6434059,0.182147443,0.427675456,-11.9626341,-0.316605568,-0.000254631042,1
1482,17.430030,3.97367215,2.59226346,4.59903479,3.11130714,-19.3397846,-15.717824,-11.9903307,-0.522284985,-23.2702274,8.92041397,12.8854618,0.219431698,0.484134465,-11.9903307,-0.43666172,-0.000254631042,1
1483,17.440004,3.89171791,2.45493507,4.63595057,3.16225147,-16.2151279,-15.1056509,-12.0073748,-0.63937664,-21.7972908,3.99864817,12.2052765,0.203452736,0.544854522,-12.0073748,-0.557084084,-0.000254631042,1
1484,17.450010,3.73223901,2.51990771,4.60198736,3.42804885,-12.0446444,-7.15445566,-11.9658298,-0.757636547,-13.4745979,3.83339167,6.10037088,0.32276234,0.368020654,-11.9658298,-0.677386284,-0.000254631042,1
1485,17.459984,3.54839611,2.50292611,4.63964272,3.49302149,-20.7303829,-9.52227592,-11.937067,-0.873804092,-22.0080528,6.00567484,9.00074005,0.319566548,0.327540606,-11.937067,-0.797381401,-0.000254631042,1
1486,17.470014,3.44060063,2.5383656,4.65810061,3.65693021,-20.1146374,-6.52264929,-11.9391975,-1.0088315,-20.4967957,5.19855309,14.0326757,0.452724606,0.289191067,-11.9391975,-0.917376518,-0.000254631042,1
1487,17.479988,3.28924346,2.51030946,4.58352995,3.86366129,-14.9400225,-5.89382076,-11.9051094,-1.11269617,-16.006134,1.32101619,7.35057116,0.418636143,0.230601519,-11.9051094,-1.03743267,-0.000254631042,1
1488,17.489984,3.11426044,2.64320827,4.56507158,3.87621284,-24.1320362,0.48365891,-11.9338713,-1.22835732,-22.5684872,8.55876541,11.3765993,0.426093012,0.244449958,-11.9338713,-1.13301373,-0.000254631042,1
1489,17.499992,3.06996059,2.62622666,4.47278118,4.04307461,-22.2117767,-1.60277772,-11.9125662,-1.34821272,-22.0176334,3.3400178,10.8760405,0.381351888,0.308365852,-11.9125662,-1.25251675,-0.000254631042,1
1490,17.509989,2.96585679,2.6742177,4.4351263,4.18335629,-19.8699436,3.29289174,-11.9360018,-1.46558285,-19.4142475,5.36141443,4.5771389,0.344067633,0.299843729,-11.9360018,-1.37226772,-0.000254631042,1
1491,17.519986,2.82114482,2.8270514,4.34431124,4.22544193,-20.4384365,3.58223295,-11.9445238,-1.5894146,-20.501585,3.20110655,9.41507816,0.211974844,0.356302738,-11.9445238,-1.49189663,-0.000254631042,1
1492,17.529994,2.81745338,2.90088415,4.18040323,4.29779673,-19.2589455,8.71736336,-11.9700909,-1.71510363,-20.3123798,5.85718346,8.08584213,0.208779052,0.307300568,-11.9700909,-1.61122036,-0.000254631042,1
1493,17.539991,2.63730145,3.03525949,4.06300926,4.36867666,-19.5965862,13.3834085,-11.9775476,-1.84767199,-22.5086117,7.51693249,10.2437553,0.16084215,0.292386889,-11.9775476,-1.73103189,-0.000254631042,1
1494,17.549987,2.70670438,3.20285964,3.97219586,4.47425747,-11.6224041,14.8666162,-11.9786129,-1.95665455,-16.3629913,9.39941788,9.4533987,0.201322213,0.192251995,-11.9786129,-1.85139322,-0.000254631042,1
1495,17.559985,2.53024435,3.2301774,3.8452034,4.51117373,-20.1906967,13.4414368,-11.9551773,-2.07564688,-24.173151,1.99880672,6.85240746,0.176821128,0.167750925,-11.9551773,-1.97138834,-0.000254631042,1
1496,17.580029,2.47486997,3.57202268,3.5734992,4.56802511,-10.5129642,16.6070938,-11.995657,-2.32556915,-19.0358334,4.89438534,8.2175684,0.253520161,0.327540606,-11.995657,-2.21162271,-0.000254631042,1
1497,17.590004,2.58118868,3.60746217,3.46201205,4.55768824,-9.80070972,17.9637775,-11.9850044,-2.45072603,-20.0896416,3.89326715,14.3464241,0.234345406,0.483069211,-11.9850044,-2.33228922,-0.000254631042,1
1498,17.600030,2.54722595,3.862185,3.35569286,4.54661322,-5.67645645,19.9250526,-12.0254841,-2.57079983,-19.8333759,5.98890972,4.67293978,0.237541199,0.482003957,-12.0254841,-2.45246744,-0.000254631042,1
1499,17.610004,2.62327337,3.88211942,3.15782142,4.47868776,-1.49571955,18.9502144,-12.0148315,-2.68979216,-17.701807,6.92775726,8.38521957,0.302522331,0.463894457,-12.0148315,-2.57276773,-0.000254631042,1
1500,17.620012,2.61219859,4.04750443,3.08472729,4.5252018,0.258190662,22.2114506,-11.9732866,-2.8146348,-20.951849,7.37802124,14.1188965,0.327023417,0.495852381,-11.9732866,-2.69300699,-0.000254631042,1
1501,17.629986,2.70965743,4.18704844,2.9459219,4.38122845,1.27405334,22.6017456,-12.0702257,-2.92972088,-21.8284264,5.99848986,9.34562302,0.334480256,0.41595754,-12.0702257,-2.81312418,-0.000254631042,1
1502,17.640015,2.79751825,4.18704844,2.83443451,4.38270426,-0.683522522,19.6710911,-12.0648994,-3.05017853,-19.6513538,1.11504447,4.77353048,0.425027728,0.374412239,-12.0648994,-2.93372965,-0.000254631042,1
1503,17.649989,2.82262135,4.3568635,2.81302333,4.28081608,3.43155313,16.2274895,-12.0233536,3.10098839,-16.3534107,2.77000308,7.95172119,0.432484597,0.255102605,-12.0233536,-3.05451822,-0.000254631042,1
1504,17.660013,2.99834299,4.44620085,2.67126441,4.18335629,7.64426994,16.9535427,-12.0499859,2.99728107,-17.8766441,5.12670279,5.98061991,0.481486768,0.272146821,-12.0499859,3.10821438,-0.000254631042,1
1505,17.669987,2.98431468,4.5082202,2.61367512,4.11543083,10.0767708,20.0293427,-12.0563774,2.86998796,-21.9984722,4.333951,8.31576443,0.494269937,0.213557288,-12.0563774,2.98766994,-0.000254631042,1
1506,17.680006,3.08989549,4.49566889,2.61072159,3.95816708,12.5026217,16.4162331,-12.0499859,2.7648592,-19.8645096,5.58654642,13.819519,0.503857315,0.25403735,-12.0499859,2.86700344,-0.000254631042,1
1507,17.690094,3.21171927,4.65514708,2.51769257,3.90426922,10.210022,17.0690842,-12.0574427,2.64776754,-19.8693008,0.899492741,8.16008759,0.41011405,0.207165703,-12.0574427,2.74664211,-0.000254631042,1
1508,17.700014,3.21614957,4.6071558,2.522861,3.81862378,16.1323776,13.8713989,-12.0542469,2.52778959,-20.290823,4.71475887,8.34929466,0.358981341,0.232732043,-12.0542469,2.62658596,-0.000254631042,1
1509,17.710010,3.56242442,4.57909966,2.49332786,3.58900428,21.6819153,11.8453703,-12.0862045,2.43149328,-20.1423321,5.2153182,7.4176321,0.32276234,0.189056203,-12.088335,2.50628567,-0.000254631042,1
1510,17.720014,3.54544306,4.73045683,2.49628115,3.5070498,17.2807255,11.2402477,-12.0595732,2.31552649,-20.7482719,2.52810597,13.4866114,0.308913916,0.26149419,-12.0617037,2.3858633,-0.000254631042,1
1511,17.729988,3.73371601,4.7105217,2.48372984,3.41845083,19.425705,2.78036046,-12.0957918,2.19887972,-18.3676224,6.92057228,7.84873533,0.307848662,0.179468825,-12.0957918,2.26568508,-0.000254631042,1
1512,17.739985,3.80533361,4.47425747,2.5331974,3.23165417,20.4920902,2.35662007,-12.0617037,2.06904936,-18.2071571,7.23432016,8.09781742,0.292934954,0.145380363,-12.0691605,2.14501858,-0.000254631042,1
1513,17.750008,3.94561553,4.61306286,2.54131913,3.14822292,15.6104994,6.05121374,-12.0766172,1.95098114,-18.9232674,4.77702951,10.253335,0.301457077,0.170946717,-12.0915308,2.02484035,-0.000254631042,1
1514,17.759994,4.07260799,4.50526667,2.70965743,3.08177376,23.7207222,-1.31414783,-12.0957918,1.82128143,-22.6547089,7.15288925,9.41507816,0.250324368,0.218883619,-12.0702257,1.90350246,-0.000254631042,1
1515,17.770008,4.17597342,4.35169506,2.63213348,2.90605235,24.6661034,-0.442859858,-12.12988,1.71033669,-24.3647518,3.83339167,11.1059618,0.137406334,0.240188897,-12.1277494,1.78283596,-0.000254631042,1
1516,17.779985,4.22691822,4.33471346,2.81449986,2.81745338,19.5532379,-5.10993528,-12.1202927,1.59241676,-19.4381962,5.53146076,12.2268314,0.150189519,0.314757437,-12.12988,1.66223049,-0.000254631042,1
1517,17.790006,4.29189062,4.35390997,2.75321889,2.86249113,13.9494562,-9.09290218,-12.1650343,1.46487951,-14.8325739,7.56722784,7.71700954,0.0894694328,0.282799482,-12.1629038,1.54106045,-0.000254631042,1
1518,17.799991,4.28524637,4.23799276,2.95699716,2.77610683,15.5033398,-12.4807892,-12.1629038,1.34124851,-17.9365196,8.62582588,11.6855574,0.104383133,0.298778474,-12.1629038,1.41990566,-0.000254631042,1
1519,17.810034,4.47573423,4.15087032,2.85658431,2.63213348,17.5777016,-13.3710308,-12.1703606,1.21170568,-21.155426,6.34097767,5.68363762,0.119296834,0.247645751,-12.1703606,1.29868984,-0.000254631042,1
1520,17.820009,4.49419165,4.1124773,3.163728,2.67569447,16.0235691,-14.954649,-12.1682301,1.08485746,-21.1530304,5.73982763,10.8952007,0.188539028,0.370151192,-12.1682301,1.17704678,-0.000254631042,1
1521,17.830035,4.47573423,4.03864479,3.04781103,2.55239415,14.2857389,-20.6583424,-12.1746216,0.958933353,-23.5600262,8.70486164,11.7526178,0.208779052,0.342454314,-12.1746216,1.05570889,-0.000254631042,1
1522,17.840009,4.53775358,3.89171791,3.26709366,2.5553472,7.35066748,-18.3279209,-12.2076445,0.820174217,-17.8766441,8.38871956,6.2823925,0.362177134,0.429805994,-12.2076445,0.933943748,-0.000254631042,1
1523,17.850005,4.62118435,3.79868865,3.32468343,2.58118868,8.58537579,-17.9881496,-12.12988,0.696002483,-19.3088665,4.94468117,8.35887432,0.372829795,0.413827032,-12.12988,0.812239647,-0.000254631042,1
1524,17.859991,4.61896944,3.67834139,3.44798398,2.5331974,8.94305325,-17.5310879,-12.1245537,0.568072796,-19.5890827,1.89342582,1.06364501,0.45378989,0.39784807,-12.1245537,0.69023037,-0.000254631042,1
1525,17.870008,4.60863304,3.46644187,3.62887383,2.51769257,0.878969193,-20.9144382,-12.1447935,0.456203938,-19.1627693,8.42464447,11.8172827,0.485747814,0.468155503,-12.1447935,0.568526268,-0.000254631042,1
1526,17.879985,4.60863304,3.40146923,3.69532299,2.51473927,2.02024245,-24.6799889,-12.142663,0.331936359,-23.9911289,6.1326108,13.5393019,0.468703598,0.442589164,-12.142663,0.446639061,-0.000254631042,1
1527,17.890006,4.58869743,3.2796452,3.79130554,2.51769257,0.00541815627,-22.3035183,-12.1479902,0.212691307,-21.8020821,4.70278406,9.50848389,0.549663663,0.44685021,-12.1479902,0.324751854,-0.000254631042,1
1528,17.900027,4.51117373,3.137887,3.89762449,2.70522761,-4.775774,-20.8848305,-12.1501207,0.0919809341,-20.3578835,6.67388535,11.5586205,0.560316324,0.389325947,-12.1501207,0.202925682,-0.000254631042,1
1529,17.910013,4.45579863,3.08472729,4.05193472,2.69562936,-5.98354435,-20.2549877,-12.1107054,-0.0250673294,-20.3985996,5.47398043,12.272337,0.529423654,0.339258522,-12.1107054,0.0809774399,-0.000254631042,1
1530,17.920010,4.37089157,2.93337035,4.20402956,2.77463007,-5.260571,-20.0394936,-12.1490555,-0.142307281,-20.5830154,2.36524463,7.32901621,0.498530984,0.278538436,-12.1490555,-0.0407266617,-0.000254631042,1
1531,17.930028,4.27195597,2.87651944,4.21289015,2.85363102,-7.53563595,-17.1734505,-12.1170969,-0.264865875,-18.5472488,2.77718806,7.81760025,0.47189939,0.260428935,-12.1170969,-0.162919044,-0.000254631042,1
1532,17.940014,4.2224884,2.73254561,4.31182575,2.90605235,-10.5705252,-15.1194267,-12.1107054,-0.394983768,-18.0227394,3.93877268,3.34849381,0.406918257,0.180534095,-12.1107054,-0.284501076,-0.000254631042,1
1533,17.950011,4.0895896,2.73254561,4.41076136,3.00646472,-16.5058937,-12.1047907,-12.1043139,-0.514734745,-18.6622105,8.40787983,8.79955864,0.328088671,0.203969911,-12.1043139,-0.382096291,-0.000254631042,1
1534,17.960027,4.01944828,2.64468479,4.47130394,3.1209054,-17.5409336,-13.9952669,-12.1479902,-0.63306427,-21.6607742,5.86197376,9.67613506,0.234345406,0.147510886,-12.1479902,-0.503678322,-0.000254631042,1
1535,17.970013,3.87178302,2.60629177,4.57909966,3.21024275,-20.6325283,-14.1987,-12.1149664,-0.739283085,-24.3934917,5.67995214,12.5765038,0.252454907,0.257233143,-12.1149664,-0.625750542,-0.000254631042,1
1536,17.980032,3.79278255,2.54279566,4.56211853,3.36012292,-16.6178131,-12.3258123,-12.1128359,-0.857002258,-20.6309166,1.56291318,8.12416267,0.251389623,0.19864358,-12.1128359,-0.747698784,-0.000254631042,1
1537,17.990006,3.63478065,2.58783364,4.59755754,3.46791887,-21.2082386,-6.04492283,-12.1213579,-0.9789505,-20.9734039,6.81519127,6.25604725,0.222627491,0.192251995,-12.1213579,-0.869402885,-0.000254631042,1
1538,18.000014,3.55356455,2.50735617,4.50009871,3.61189222,-20.087141,-6.80090094,-12.0947266,-1.10115147,-20.9901695,3.02627015,11.3478594,0.252454907,0.247645751,-12.0947266,-0.990801811,-0.000254631042,1
1539,18.010010,3.37415123,2.62622666,4.52667856,3.69532299,-17.8975754,1.6644094,-12.0989876,-1.21912384,-16.2288704,7.72769403,4.69210005,0.307848662,0.243384689,-12.0989876,-1.11232281,-0.000254631042,1
1540,18.020008,3.2722621,2.57675862,4.53110838,3.84815669,-18.778513,-0.514784276,-12.0723562,-1.33697414,-18.3867836,3.85015702,11.4101295,0.280151784,0.260428935,-12.0723562,-1.23377895,-0.000254631042,1
1541,18.030003,3.18366313,2.66314292,4.43364906,3.91755915,-21.5606117,3.01520967,-12.0766172,-1.45920992,-21.0907612,5.39733982,14.6050854,0.364307672,0.306235313,-12.0766172,-1.35499477,-0.000254631042,1
1542,18.040012,2.98283839,2.71261072,4.51412678,4.04602766,-23.5379848,7.36828899,-12.06703,-1.59663486,-23.7204914,6.75771093,12.2962866,0.341937125,0.375477493,-12.06703,-1.47675991,-0.000254631042,1
1543,18.050008,2.95035172,2.81966829,4.33840513,4.18040323,-20.025034,11.4920521,-12.1394672,-1.7221756,-21.5290489,8.34081936,6.71828604,0.281217039,0.326475352,-12.1394672,-1.59840298,-0.000254631042,1
1544,18.060006,2.84403276,2.8270514,4.30075026,4.25128317,-18.3576374,6.85441589,-12.0744867,-1.8321085,-19.5052567,1.87905574,6.48117924,0.195995882,0.393586993,-12.0744867,-1.71986246,-0.000254631042,1
1545,18.070015,2.76060224,2.96954846,4.25645065,4.32437706,-15.4147377,13.2343645,-12.1043139,-1.95424891,-19.2465954,6.50623417,7.39368153,0.267368615,0.387195408,-12.1043139,-1.84156656,-0.000254631042,1
1546,18.090031,2.67864776,3.1533916,3.98253202,4.49271536,-13.000699,21.1372108,-12.0830088,-2.20065641,-22.95648,9.4233675,15.2038412,0.172560066,0.369085908,-12.0830088,-2.08430338,-0.000254631042,1
1547,18.100006,2.58414173,3.17037296,3.88507271,4.4602294,-13.3875618,16.4220219,-12.0489206,-2.32527256,-21.0021439,2.79634833,9.99706841,0.152320042,0.291321605,-12.0489206,-2.20558023,-0.000254631042,1
1548,18.110010,2.64468479,3.48490024,3.69679976,4.58057642,-9.9407711,18.659111,-12.0627689,-2.45071745,-20.7147427,4.22856998,8.47144032,0.246063307,0.336062729,-12.0627689,-2.32691813,-0.000254631042,1
1549,18.119985,2.51990771,3.50188184,3.7093513,4.53258562,-5.15814877,15.497961,-12.004179,-2.57100916,-15.8289022,4.02978325,8.16248322,0.247128576,0.3541722,-12.004179,-2.44801188,-0.000254631042,1
1550,18.130007,2.62770319,3.65693021,3.48046994,4.54956675,-4.85716343,19.5674725,-12.0148315,-2.69232082,-19.7351799,4.12318897,12.7249956,0.239671722,0.377608031,-12.0148315,-2.56892252,-0.000254631042,1
1551,18.139993,2.57675862,3.85775518,3.32320666,4.50009871,-2.75039697,21.7431297,-12.00844,-2.82806301,-21.5314445,4.08965874,9.57793999,0.302522331,0.324344814,-12.00844,-2.6898942,-0.000254631042,1
1552,18.150004,2.63730145,3.90869951,3.22279429,4.50526667,2.64918256,22.2645092,-11.9647646,-2.93148279,-21.1314754,7.66063356,12.152586,0.333415002,0.44152391,-11.9647646,-2.81031656,-0.000254631042,1
1553,18.160010,2.69858241,4.07260799,3.11721373,4.45875216,0.98965162,17.6893139,-11.9487858,-3.05231524,-19.8908558,6.53736925,8.27504921,0.238606468,0.375477493,-11.9466543,-2.93049479,-0.000254631042,1
1554,18.169984,2.70965743,4.20993662,2.89940739,4.38270426,4.43522215,19.1735001,-11.8997831,3.13968372,-23.1193428,4.99018669,14.6625662,0.297196001,0.50330925,-11.9115009,-3.05042887,-0.000254631042,1
1555,18.180014,2.88390255,4.17892694,2.85806108,4.30591917,4.33916092,18.4215317,-11.9189577,3.02281904,-19.3950863,3.07896066,13.2806396,0.332349747,0.424479663,-11.9210882,3.11364651,-0.000254631042,1
1556,18.189989,2.89940739,4.3841815,2.78201342,4.22544193,11.5827065,16.00597,-11.9530468,2.90795994,-21.6440105,8.8317976,13.0674829,0.311044455,0.44152391,-11.9455891,2.99420071,-0.000254631042,1
1557,18.200009,3.05297923,4.4602294,2.68824601,4.10140228,11.2738695,17.2911854,-11.9615688,2.79258585,-18.1808109,6.78645134,8.6965723,0.358981341,0.383999616,-11.9786129,2.87469387,-0.000254631042,1
1558,18.209995,3.05740929,4.38934994,2.62475014,4.04307461,15.5170527,16.765646,-11.9551773,2.6785202,-20.1878376,7.30617046,7.14699459,0.404787719,0.417022824,-11.9551773,2.75482082,-0.000254631042,1
1559,18.220034,3.32025337,4.59312773,2.61072159,3.75734234,12.9810495,13.4968424,-11.9423933,2.5471983,-19.3902969,6.85830164,9.16120625,0.436745644,0.405304909,-11.9349365,2.63482571,-0.000254631042,1
1560,18.230005,3.38817954,4.5695014,2.48742127,3.68277168,17.3874054,14.9104471,-11.9636993,2.42906046,-22.6499176,3.40947318,8.15769291,0.426093012,0.376542777,-11.9786129,2.51537991,-0.000254631042,1
1561,18.239991,3.42214251,4.50305223,2.51473927,3.63994861,24.4765167,8.84427071,-12.0265493,2.31124544,-24.0342388,9.98380184,5.79859877,0.418636143,0.392521739,-12.0222883,2.39550686,-0.000254631042,1
1562,18.250028,3.73888421,4.63816595,2.52138424,3.43543243,16.603756,9.66229057,-12.0361366,2.21058989,-19.0885239,2.16166806,10.7012043,0.349393964,0.370151192,-12.0467901,2.27538967,-0.000254631042,1
1563,18.260013,3.778754,4.62561417,2.57232881,3.38301134,18.8137684,5.11450577,-12.0020485,2.09226847,-18.8609962,4.93749619,8.51215553,0.362177134,0.410631239,-12.0020485,2.15557766,-0.000254631042,1
1564,18.270029,3.82674527,4.48976183,2.59669352,3.11721373,20.7637558,-1.44115734,-12.0638342,1.97302341,-18.5424595,9.45450306,9.06540585,0.276955992,0.304104775,-12.0638342,2.03539944,-0.000254631042,1
1565,18.280004,4.11838436,4.42331266,2.66166615,3.13419509,20.5966396,3.45197415,-11.9860697,1.84885168,-20.7530632,2.33410954,12.6603298,0.276955992,0.296647936,-11.9860697,1.91564846,-0.000254631042,1
1566,18.290024,3.99951339,4.42626619,2.83443451,2.97250175,19.074625,-1.9217031,-12.06703,1.7227354,-18.5640144,4.78660965,6.81887722,0.257781208,0.24871102,-12.06703,1.79516506,-0.000254631042,1
1567,18.300008,4.24389935,4.27933931,2.74362063,2.8861177,19.8157864,-2.8263464,-12.0286798,1.60186863,-19.7184143,3.4406085,8.2223587,0.299326539,0.305170059,-12.0286798,1.67449856,-0.000254631042,1
1568,18.310005,4.29336739,4.24094629,2.89793086,2.88390255,20.9675503,-3.68518376,-12.1170969,1.47864723,-21.2176971,1.74014461,11.6735821,0.299326539,0.211426765,-12.1170969,1.55393887,-0.000254631042,1
1569,18.320026,4.1988616,4.12502909,3.04928756,2.76650858,19.1263733,-11.242712,-12.0553122,1.34357643,-21.1674004,6.64514494,12.2172508,0.316370755,0.224209934,-12.0553122,1.43278408,-0.000254631042,1
1570,18.330011,4.49862242,3.99951339,3.06183934,2.83148122,17.00844,-13.4339304,-12.084074,1.21412945,-20.628521,6.64993525,7.45355701,0.278021246,0.14218457,-12.084074,1.3116293,-0.000254631042,1
1571,18.340009,4.43881798,3.97219586,3.1976912,2.63582492,13.526556,-9.51299286,-12.004179,1.1009531,-16.3677826,2.35805964,6.46201897,0.30465287,0.22953625,-12.004179,1.19090176,-0.000254631042,1
1572,18.349983,4.33619022,3.84372687,3.29072046,2.70375085,14.7414217,-14.8552542,-12.0414629,0.975665092,-20.5351162,4.03696823,9.0917511,0.213040113,0.282799482,-12.0414629,1.07005215,-0.000254631042,1
1573,18.360010,4.6285677,3.66579008,3.39556241,2.61810493,12.9982529,-14.6125259,-11.9786129,0.851938248,-19.4046669,2.4370954,11.8939238,0.286543369,0.299843729,-11.9786129,0.949324608,-0.000254631042,1
1574,18.370015,4.56211853,3.72780919,3.37710452,2.62475014,10.4096594,-18.3759518,-11.9892654,0.728813171,-20.6404972,4.47286224,14.1763773,0.280151784,0.278538436,-11.9892654,0.829024315,-0.000254631042,1
1575,18.379989,4.40928459,3.59934068,3.54101276,2.59669352,7.78429508,-21.3455849,-12.0499859,0.603342056,-21.9936829,5.70150757,4.70886517,0.224758029,0.24871102,-12.0499859,0.708479881,-0.000254631042,1
1576,18.390015,4.60863304,3.38005805,3.62001395,2.62179661,8.17572594,-17.7450962,-11.9839392,0.480373859,-19.5148373,0.949788153,5.30043459,0.280151784,0.408500701,-11.9839392,0.587447166,-0.000254631042,1
1577,18.399989,4.58869743,3.39408565,3.62739706,2.59964681,-1.71897137,-20.0097313,-11.9988527,0.35533905,-18.1616516,8.57313633,9.1923418,0.235410675,0.405304909,-11.9988527,0.466719627,-0.000254631042,1
1578,18.409985,4.4321723,3.23682237,4.02461672,2.62475014,3.1873343,-23.5534611,-11.9839392,0.236817837,-23.6438522,2.42751527,8.11218739,0.217301175,0.456437588,-11.9839392,0.369307518,-0.000254631042,1
1579,18.419994,4.44029427,3.08841896,3.87473631,2.73402262,-5.22024012,-17.708128,-12.0329409,0.109219074,-17.0335979,7.11935902,10.0856838,0.320631832,0.38506487,-12.0329409,0.249129295,-0.000254631042,1
1580,18.429991,4.43734121,3.03378272,4.13093567,2.75912523,-9.8327837,-18.9461479,-11.9796782,-0.00945091248,-19.038229,9.65328979,8.41156483,0.265238076,0.41595754,-11.9796782,0.127913475,-0.000254631042,1
1581,18.439987,4.33840513,2.92008042,4.1715436,2.8270514,-7.05643511,-21.5336323,-11.9583731,-0.120561123,-22.2259998,4.41538143,13.5991774,0.246063307,0.362694323,-11.9583731,0.0074300766,-0.000254631042,1
1582,18.449995,4.24685287,2.88907099,4.27786255,2.93853855,-11.1380939,-19.1991215,-11.9977875,-0.225480556,-21.2033272,6.5637145,13.0626936,0.288673878,0.45963338,-11.9977875,-0.112748146,-0.000254631042,1
1583,18.459992,4.15751505,2.80416346,4.37236834,2.94444537,-11.6199636,-16.577219,-11.9349365,-0.346155643,-19.5363922,5.30632925,6.2823925,0.303587586,0.368020654,-11.9349365,-0.232987404,-0.000254631042,1
1584,18.469990,4.0895896,2.77315354,4.29632044,3.1194284,-9.7162981,-13.3935471,-11.9317408,-0.467179775,-16.3342514,2.64306712,6.82845688,0.321697086,0.404239655,-11.9317408,-0.353043556,-0.000254631042,1
1585,18.479987,3.95521355,2.69710612,4.43069601,3.14822292,-14.8009501,-10.9919729,-11.937067,-0.582422733,-17.3209991,6.31463242,6.35903311,0.356850803,0.315822691,-11.937067,-0.473160744,-0.000254631042,1
1586,18.640031,2.66461945,3.77727723,3.46201205,4.46908951,-4.96061945,22.126215,-11.9274797,-2.48455715,-19.4645424,5.9960947,10.6700687,0.388808757,0.218883619,-11.9040442,-2.39259195,-0.000254631042,1
1587,18.650014,2.54574895,3.67538857,3.32615995,4.49419165,-4.36912346,21.2475529,-11.8720865,-2.60392475,-20.6836071,7.28461552,9.73361588,0.370699257,0.277473181,-11.8688908,-2.51185465,-0.000254631042,1
1588,18.659990,2.63065672,3.92420411,3.23682237,4.45727587,-5.17412043,20.4726086,-11.8987179,-2.72635221,-21.5434189,6.92536259,5.63573742,0.332349747,0.273212105,-11.920023,-2.6308732,-0.000254631042,1
1589,18.670015,2.68676925,4.12502909,3.13641,4.4661355,-0.540852189,19.6040726,-11.8784781,-2.84598112,-20.4536858,2.15208793,10.7754498,0.318501294,0.337127984,-11.869956,-2.750319,-0.000254631042,1
1590,18.679990,2.71925592,4.04455137,2.98652959,4.3568635,1.87868261,18.67272,-11.9754171,-2.96344757,-18.0442963,7.77319956,12.5717144,0.297196001,0.436197579,-11.9700909,-2.86970377,-0.000254631042,1
1591,18.690010,2.8115468,4.24242258,2.85363102,4.27343273,1.75098538,16.7906132,-11.9146967,-3.08326006,-16.6599731,2.72689271,9.39831352,0.302522331,0.410631239,-11.920023,-2.98939371,-0.000254631042,1
1592,18.699984,2.85658431,4.43734121,2.80416346,4.21289015,9.385602,19.6622066,-11.9253492,3.07473373,-20.2453194,8.05102158,9.63541985,0.289739162,0.414892286,-11.9253492,-3.10880899,-0.000254631042,1
1593,18.710035,3.16077471,4.31625557,2.62475014,4.14644051,6.94651318,22.5057755,-11.9264145,2.96009254,-23.3899784,2.77000308,13.1920242,0.302522331,0.395717531,-11.9317408,3.05432034,-0.000254631042,1
1594,18.720009,3.17480302,4.52815485,2.68972278,4.02756977,15.1371584,19.3038197,-11.9477205,2.85600138,-22.7864342,9.08567047,14.7823172,0.32276234,0.451111287,-11.9477205,2.9349966,-0.000254631042,1
1595,18.730006,3.08472729,4.54365969,2.54574895,3.97514892,9.56494236,16.4860134,-11.9104357,2.74079323,-18.911293,2.37482476,11.2161331,0.358981341,0.361629069,-11.9104357,2.8164053,-0.000254631042,1
1596,18.740027,3.39999247,4.51265001,2.60112333,3.78170753,17.6672115,13.3273888,-11.9924612,2.62523603,-20.3123798,8.7838974,9.43663311,0.349393964,0.334997445,-11.9924612,2.69683743,-0.000254631042,1
1597,18.750004,3.30474854,4.71938181,2.41285014,3.67095828,15.1159477,13.2816362,-11.9274797,2.50560713,-19.6633282,4.27168036,8.84506321,0.36643821,0.249776274,-11.9274797,2.57757473,-0.000254631042,1
1598,18.760012,3.64585495,4.61896944,2.53467417,3.54987288,18.3949051,10.2779999,-11.9509163,2.38718176,-20.0872478,6.36492777,11.7550125,0.431419343,0.293452144,-11.9509163,2.45831203,-0.000254631042,1
1599,18.770009,3.63847184,4.63152075,2.45936489,3.39556241,15.8038883,13.4180822,-11.9828739,2.26936674,-20.7315083,-0.111205548,9.0917511,0.376025587,0.376542777,-11.9828739,2.33929348,-0.000254631042,1
1600,18.780005,3.79130554,4.67655849,2.54131913,3.29662681,19.2984161,6.69231367,-12.0009832,2.1566081,-19.7806854,5.09317255,3.47782493,0.429288805,0.296647936,-12.0009832,2.21996975,-0.000254631042,1
1601,18.790006,3.97071886,4.56359482,2.56420755,3.22131753,23.1365948,8.94714928,-11.9636993,2.02811193,-24.7096348,2.18801332,9.98269749,0.393069804,0.425544918,-11.9636993,2.10082912,-0.000254631042,1
1602,18.799993,3.98917675,4.49714518,2.61219859,3.05445576,23.4267349,5.46864319,-11.9882002,1.90320778,-23.9288578,2.47541571,12.7537355,0.450594097,0.417022824,-11.9882002,1.98126125,-0.000254631042,1
1603,18.810011,4.17301989,4.50009871,2.60333824,2.95404363,23.3598747,-0.211907789,-12.0020485,1.79171371,-22.7457199,5.32548952,8.42593479,0.34832871,0.448980749,-12.0020485,1.86193752,-0.000254631042,1
1604,18.819986,4.3502183,4.44915438,2.66609621,2.77020049,19.5188694,-2.31544805,-11.991396,1.66992283,-19.1939049,4.23575497,9.20671177,0.403722465,0.296647936,-11.991396,1.74218655,-0.000254631042,1
1605,18.830030,4.2328248,4.29189062,2.97250175,2.7775836,18.7301006,-5.30816221,-11.9839392,1.5488987,-18.8418369,4.89678049,11.3885746,0.352589756,0.362694323,-11.9839392,1.6223135,-0.000254631042,1
1606,18.840005,4.48311758,4.19000149,2.89054751,2.63065672,15.9824953,-7.85035229,-12.0137663,1.42698526,-16.9425869,5.47877073,8.7444725,0.328088671,0.22953625,-12.0137663,1.50236416,-0.000254631042,1
1607,18.850033,4.50674343,4.12355185,2.99095964,2.58931017,21.6579189,-7.28460455,-11.9882002,1.29976988,-22.8175697,1.22042537,6.00696516,0.26097703,0.236993104,-11.9882002,1.38255215,-0.000254631042,1
1608,18.860007,4.51265001,3.94118571,3.22574782,2.53172088,19.0542412,-15.1230497,-12.0467901,1.17394161,-23.4187202,6.58287477,12.4351978,0.286543369,0.232732043,-12.0467901,1.26225185,-0.000254631042,1
1609,18.870004,4.69501686,3.87178302,3.10983014,2.48889804,17.5119324,-13.0236149,-12.0361366,1.04909897,-21.6727505,2.56403136,9.93719292,0.295065492,0.182664618,-12.0361366,1.14213467,-0.000254631042,1
1610,18.880012,4.58352995,3.70122957,3.47161031,2.57971191,9.7705965,-16.4461784,-12.0467901,0.909729481,-17.8095837,6.98284292,10.5287628,0.324892879,0.275342643,-12.0467901,1.04508877,-0.000254631042,1
1611,18.890031,4.66105366,3.60450888,3.44946027,2.38184071,11.4383612,-18.0687809,-12.0915308,0.801959038,-20.7841988,5.03329706,5.84649897,0.240736991,0.180534095,-12.0915308,0.924117088,-0.000254631042,1
1612,18.900005,4.70609188,3.51148009,3.65840697,2.49480438,10.3020735,-18.9292545,-12.0627689,0.656494617,-21.282362,3.39270806,7.64515877,0.311044455,0.295582682,-12.0627689,0.802840233,-0.000254631042,1
1613,18.910011,4.5731926,3.34166479,3.78835201,2.51326275,3.99486208,-18.5979252,-12.0158968,0.549168587,-17.948494,6.30026245,10.3084202,0.298261285,0.284930021,-12.0158968,0.681929588,-0.000254631042,1
1614,18.919998,4.59165096,3.25971079,3.80976343,2.49480438,2.68374801,-22.0794392,-12.0606384,0.427403927,-21.2057209,6.70981073,7.85352564,0.24180226,0.321149021,-12.0606384,0.560957909,-0.000254631042,1
1615,18.930006,4.57762289,3.13124204,4.0091114,2.51178598,1.68889809,-22.0110531,-11.999918,0.303484917,-21.5098896,4.96623611,11.1442823,0.316370755,0.377608031,-11.999918,0.44023037,-0.000254631042,1
1616,18.940005,4.559165,3.02344632,3.99803686,2.59964681,-4.51382589,-19.5758038,-12.0244188,0.185983658,-18.4035492,8.05581188,9.90605736,0.287608624,0.371216446,-12.0244188,0.31913662,-0.000254631042,1
1617,18.949991,4.45210743,2.94444537,4.18704844,2.68676925,-5.53868628,-23.6206989,-11.9924612,0.070810318,-23.1696377,7.19599962,9.75038147,0.265238076,0.349911153,-11.9924612,0.198409081,-0.000254631042,1
1618,18.959988,4.3841815,2.8861177,4.3502183,2.73402262,-8.27756691,-18.4782047,-11.9924612,-0.046020031,-18.8394413,7.41873646,12.7728958,0.362177134,0.314757437,-11.9924612,0.0777425766,-0.000254631042,1
1619,18.969985,4.24685287,2.7406671,4.23430157,2.92008042,-4.42979527,-19.6285343,-11.9636993,-0.161036491,-20.0848522,1.22521544,9.81744194,0.343002379,0.300908983,-11.9636993,-0.0425577164,-0.000254631042,1
1620,18.979993,4.13241196,2.68307781,4.49123907,2.95552015,-8.48035049,-16.2006187,-11.9967222,-0.291886806,-17.9556789,3.45976877,6.24407244,0.386678219,0.317953229,-11.9967222,-0.163346291,-0.000254631042,1
1621,18.989990,3.99213028,2.59669352,4.39673376,3.1533916,-10.8607159,-17.0493603,-11.9551773,-0.398201466,-19.9267807,3.39989328,4.14124537,0.35365501,0.331801653,-11.9551773,-0.28431797,-0.000254631042,1
1622,18.999987,3.88064289,2.60481501,4.46465921,3.22574782,-16.3160458,-15.3983612,-12.0031137,-0.518754482,-21.4619884,6.5349741,11.7262726,0.354720294,0.347780615,-12.0031137,-0.404496193,-0.000254631042,1
1623,19.009985,3.77137041,2.54574895,4.641119,3.30622506,-19.6947021,-13.2955236,-11.9924612,-0.634119511,-22.3792801,7.98875093,17.6635265,0.323827624,0.360563815,-11.9924612,-0.525101662,-0.000254631042,1
1624,19.019994,3.64733195,2.56420755,4.53258562,3.3726747,-11.8146191,-13.6924801,-12.0414629,-0.751839161,-18.0706406,-0.72193557,9.35041237,0.274825454,0.350976408,-12.0414629,-0.645892143,-0.000254631042,1
1625,19.029992,3.52846146,2.53024435,4.61453962,3.57054591,-20.0796852,-9.0983429,-12.0627689,-0.879925251,-21.2727814,5.782938,8.20798874,0.227953821,0.345650107,-12.0627689,-0.766497612,-0.000254631042,1
1626,19.150009,2.50735617,3.55504131,3.56242442,4.62118435,-9.8773489,15.7804098,-12.0190926,-2.30735493,-21.9769173,8.26657295,9.45818901,0.301457077,0.39784807,-12.0446587,-2.21723795,-0.000254631042,1
1627,19.159993,2.57675862,3.59638739,3.52107835,4.57171679,-4.52127266,17.0524807,-12.0286798,-2.4347353,-15.9031477,7.63668346,11.8244677,0.33554554,0.403174371,-12.0329409,-2.33845377,-0.000254631042,1
1628,19.170005,2.51473927,3.84815669,3.32911325,4.56064177,-11.6753778,20.2224331,-12.0286798,-2.56704235,-23.3205242,1.18929005,6.81169176,0.265238076,0.388260663,-12.0095053,-2.45930338,-0.000254631042,1
1629,19.179992,2.60112333,3.80828667,3.21024275,4.5421834,-2.79249907,18.1981792,-12.0446587,-2.6867671,-17.5748711,5.48595572,10.2126198,0.371764511,0.39784807,-12.0425282,-2.57990885,-0.000254631042,1
1630,19.189989,2.55239415,4.10952425,3.06036258,4.39820957,-0.915534496,20.038332,-12.0318756,-2.79949903,-19.1843243,5.85957861,7.69545412,0.29186967,0.31049636,-12.0318756,-2.70051432,-0.000254631042,1
1631,19.199987,2.68012452,4.05857992,2.97102499,4.5421834,0.725542367,20.2393208,-12.0169621,-2.91709614,-19.5699234,5.21292353,7.82239008,0.346198171,0.299843729,-12.0169621,-2.82136393,-0.000254631042,1
1632,19.210032,2.65575981,4.27933931,2.91343546,4.38934994,7.54562235,22.0187664,-12.0510511,-3.03570509,-21.0979462,9.83052063,13.6494732,0.365372926,0.31049636,-12.0510511,-2.94178629,-0.000254631042,1
1633,19.220006,2.83812642,4.29927397,2.76503181,4.37532139,0.518160701,22.601841,-12.0158968,3.12794781,-22.6068077,0.209727079,12.5932693,0.363242418,0.193317264,-12.0158968,-3.06202555,-0.000254631042,1
1634,19.230011,2.82557487,4.35981655,2.74214363,4.28524637,8.11291885,17.8814468,-12.0222883,2.99970388,-18.8490219,5.50272083,7.26674557,0.354720294,0.242319435,-12.0222883,3.10076809,-0.000254631042,1
1635,19.239985,2.85658431,4.48016405,2.63877821,4.16342211,8.2804184,17.4184284,-12.0478554,2.8947587,-18.9136868,3.77351618,3.27664328,0.278021246,0.166685656,-12.0478554,2.98052883,-0.000254631042,1
1636,19.250031,3.13419509,4.52667856,2.59373999,4.06891632,14.4930553,17.4168148,-12.0915308,2.76763105,-21.507494,7.12893915,6.85240746,0.305718124,0.230601519,-12.0915308,2.8599844,-0.000254631042,1
1637,19.260006,3.06036258,4.53258562,2.54131913,3.95669055,16.4523182,16.1186161,-12.1053791,2.6495018,-21.9793129,6.88464689,7.89663601,0.274825454,0.301974267,-12.1053791,2.73882961,-0.000254631042,1
1638,19.270029,3.15782142,4.63152075,2.49185157,3.84668016,16.5934143,16.9036732,-12.1032486,2.52841616,-23.3732147,3.8429718,10.6341429,0.285478085,0.345650107,-12.1032486,2.61840725,-0.000254631042,1
1639,19.280004,3.43100238,4.62561417,2.47043967,3.72042608,13.8244152,11.5188742,-12.1490555,2.42312193,-17.7712631,2.8250885,5.23337412,0.233280137,0.360563815,-12.1490555,2.49743557,-0.000254631042,1
1640,19.290012,3.47899342,4.74448442,2.4342618,3.59491062,18.4590435,7.33341789,-12.1309452,2.30291796,-18.6310749,6.88464689,7.49427271,0.242867514,0.272146821,-12.1309452,2.37652493,-0.000254631042,1
1641,19.300010,3.52255487,4.73636341,2.4342618,3.52255487,21.1492558,4.71433067,-12.1948614,2.18668938,-19.9866562,8.36955929,12.5214186,0.235410675,0.330736399,-12.1948614,2.25549221,-0.000254631042,1
1642,19.310016,3.77580094,4.59460449,2.39143896,3.4154973,13.141284,1.62851012,-12.1852741,2.06937981,-12.3201981,4.85367012,9.63302517,0.283347577,0.179468825,-12.1852741,2.13421535,-0.000254631042,1
1643,19.319991,3.81567025,4.72602701,2.44533682,3.25158906,18.3904171,-0.535866857,-12.2108402,1.94578362,-16.9162407,7.23432016,4.86454105,0.252454907,0.134727731,-12.2108402,2.0129385,-0.000254631042,1
1644,19.330031,3.96407366,4.66548395,2.48225331,3.16225147,20.734148,2.49186754,-12.1458597,1.81846428,-20.712347,2.66701722,13.5991774,0.32276234,0.0857255608,-12.1458597,1.89208889,-0.000254631042,1
1645,19.340013,4.12798214,4.50157547,2.54131913,3.0278759,22.0292664,0.711416304,-12.1724911,1.69476366,-21.9481773,2.01796699,8.96481419,0.298261285,0.14324984,-12.1724911,1.79467678,-0.000254631042,1
1646,19.349991,4.12650537,4.56211853,2.62475014,2.94149208,21.9841557,-6.24190187,-12.1714258,1.55984974,-22.0511627,6.00088501,9.38633823,0.275890708,0.26682052,-12.1714258,1.67346096,-0.000254631042,1
1647,19.359990,4.40633154,4.44324732,2.63065672,2.79899502,20.6866684,-6.88366652,-12.1852741,1.43669796,-21.4212723,4.0561285,7.28830099,0.211974844,0.31049636,-12.1852741,1.55198574,-0.000254631042,1
1648,19.370028,4.33028364,4.32142401,2.80859327,2.69710612,18.3105164,-11.0604324,-12.1213579,1.309762,-20.5446968,5.96016932,18.0802593,0.257781208,0.442589164,-12.1213579,1.43040371,-0.000254631042,1
1649,19.380015,4.49419165,4.27343273,2.82557487,2.6572361,18.0079784,-16.1948433,-12.1948614,1.1935339,-22.7073994,8.42224979,8.10260773,0.230084345,0.369085908,-12.1948614,1.30930996,-0.000254631042,1
1650,19.390012,4.64850283,4.22101116,2.87947273,2.56716061,16.1490173,-13.4055443,-12.12988,1.06639814,-20.6165466,3.93158746,7.35536146,0.266303331,0.492656589,-12.12988,1.18760586,-0.000254631042,1
1651,19.399986,4.48311758,4.09106588,3.14379334,2.56125402,18.0440025,-17.4491825,-12.1650343,0.93859911,-24.8677063,3.41426325,2.53897715,0.278021246,0.433001786,-12.1650343,1.06547451,-0.000254631042,1
1652,19.409994,4.78435469,3.86809182,3.137887,2.45936489,13.9991789,-16.173666,-12.1394672,0.816371918,-21.2775726,2.19759345,9.18994617,0.321697086,0.458568126,-12.1394672,0.943831444,-0.000254631042,1
1653,19.419991,4.6935401,3.80016565,3.33058977,2.39143896,9.23735714,-19.145483,-12.1607733,0.689627647,-20.6476822,5.05485201,11.3023539,0.296130747,0.488395542,-12.1607733,0.821944237,-0.000254631042,1
1654,19.430128,4.69206381,3.70122957,3.43912411,2.43278527,3.5066452,-17.2022743,-12.1959267,0.56157589,-16.4276581,6.19248629,7.19250011,0.361111879,0.383999616,-12.1959267,0.699873924,-0.000254631042,1
1655,19.440013,4.75039148,3.43543243,3.58235908,2.49332786,4.2347784,-19.5814686,-12.1586428,0.438511848,-19.5268135,4.48004723,7.65234375,0.445267767,0.306235313,-12.1586428,0.57719326,-0.000254631042,1
1656,19.450012,4.67508221,3.44060063,3.75438881,2.42097187,-1.09984994,-22.4414616,-12.1692953,0.300546169,-21.1099205,7.6941638,10.8257446,0.455920398,0.26149419,-12.1692953,0.454939842,-0.000254631042,1
1657,19.460009,4.61601591,3.19473791,3.83560538,2.51326275,-5.15071249,-20.4965897,-12.2364063,0.180446148,-19.2394104,8.74557686,11.5705957,0.490008861,0.228470996,-12.2364063,0.332381248,-0.000254631042,1
1658,19.470006,4.65514708,3.12681174,4.03347683,2.57232881,-0.306398183,-20.9337254,-12.1362715,0.0766162872,-20.8488636,1.90779603,6.60572004,0.518770993,0.17414251,-12.1362715,0.209517479,-0.000254631042,1
1659,19.480014,4.49123907,2.97397852,4.12650537,2.55977726,-8.34396648,-18.7056351,-12.1980572,-0.0434222221,-19.0502033,7.52411747,10.126399,0.386678219,0.214622557,-12.1980572,0.087264061,-0.000254631042,1
1660,19.490012,4.52815485,2.86839771,4.21731997,2.65575981,-7.93627596,-19.8831234,-12.1352062,-0.158638954,-20.8871841,4.6955986,12.3513727,0.371764511,0.175207764,-12.1352062,-0.0351114273,-0.000254631042,1
1661,19.500008,4.39968681,2.78349018,4.32585382,2.73623729,-5.53536415,-21.8131027,-12.1490555,-0.278686047,-22.4942417,-0.6788252,11.3694143,0.360046595,0.214622557,-12.1490555,-0.15718174,-0.000254631042,1
1662,19.510004,4.23946953,2.66609621,4.35390997,2.82852769,-9.85633373,-14.0447073,-12.1650343,-0.402186394,-16.7821198,3.57233453,5.84889412,0.368568718,0.128336146,-12.1650343,-0.279313087,-0.000254631042,1
1663,19.520013,4.18335629,2.58635688,4.53110838,2.9473989,-16.1532402,-14.5152454,-12.142663,-0.519077778,-20.6165466,6.8247714,7.68587399,0.301457077,0.0814645067,-12.142663,-0.401688576,-0.000254631042,1
1664,19.670033,2.52729082,3.08177376,4.08589792,4.61010981,-11.3696289,19.4754181,-12.0222883,-2.31128693,-21.5314445,6.70502043,7.01287365,0.347263426,0.244449958,-12.0222883,-2.2188859,-0.000254631042,1
1665,19.680007,2.46084142,3.44650745,3.69679976,4.67655849,-11.8550777,17.7367287,-12.0286798,-2.43870211,-21.1961422,2.42033029,8.26786423,0.374960303,0.307300568,-12.0286798,-2.34022379,-0.000254631042,1
1666,19.690031,2.35304594,3.49745154,3.63478065,4.64850283,-3.03868818,20.3720284,-12.00844,-2.55988359,-18.6909504,8.65456676,7.5134325,0.346198171,0.24871102,-12.00844,-2.46089029,-0.000254631042,1
1667,19.700006,2.48225331,3.57792926,3.56390095,4.73488665,-4.4651432,18.2116966,-11.9583731,-2.67801285,-18.2861919,4.14953423,11.5873613,0.333415002,0.333932191,-11.9583731,-2.58119059,-0.000254631042,1
1668,19.710012,2.36190581,3.90205503,3.30327201,4.65514708,-2.95871782,21.4744892,-11.9828739,-2.80384111,-21.2416458,4.32437086,8.61753654,0.351524502,0.250841558,-11.9828739,-2.70185709,-0.000254631042,1
1669,19.719987,2.51326275,3.83560538,3.17480302,4.67212868,5.22421074,18.3173332,-11.9583731,-2.91775036,-16.7006893,9.15991592,11.0963821,0.36643821,0.308365852,-11.9583731,-2.82209635,-0.000254631042,1
1670,19.730012,2.49185157,4.18483353,3.03895116,4.53553867,1.34004843,18.150095,-11.9189577,-3.03674269,-17.9101734,3.23224187,9.56117439,0.284412831,0.25403735,-11.9189577,-2.94221354,-0.000254631042,1
1671,19.739987,2.72220898,4.1294589,2.87504268,4.53553867,7.42781162,21.7217445,-11.9636993,3.11384821,-21.9194374,6.82237673,8.64148712,0.235410675,0.293452144,-11.9636993,-3.06284952,-0.000254631042,1
1672,19.750004,2.73402262,4.3568635,2.83000445,4.39377975,8.15698814,17.4148769,-11.9274797,3.01173639,-18.3245125,5.83323336,12.8950415,0.240736991,0.3669554,-11.9274797,3.10107327,-0.000254631042,1
1673,19.760006,2.84255624,4.38270426,2.62031984,4.26088095,12.161972,19.2672977,-11.9040442,2.89830685,-21.6296406,7.16246939,11.6161013,0.256715953,0.391456455,-11.9040442,2.9818716,-0.000254631042,1
1674,19.769991,3.04190421,4.48607063,2.61515188,4.16932869,13.8748875,17.9668617,-11.9264145,2.78395319,-21.6871204,6.70741558,10.9862108,0.251389623,0.376542777,-11.9264145,2.86260891,-0.000254631042,1
1675,19.779989,3.06479263,4.559165,2.54722595,4.0644865,14.4700203,15.7508831,-11.924284,2.669312,-20.6093616,5.72066736,10.0401783,0.252454907,0.407435447,-11.924284,2.76721096,-0.000254631042,1
1676,19.790012,3.15929818,4.58869743,2.52138424,3.89762449,14.9828405,12.6050797,-11.9434586,2.55012751,-18.8178864,5.40931511,8.73968315,0.264172822,0.353106946,-11.9434586,2.64807034,-0.000254631042,1
1677,19.799986,3.43912411,4.66548395,2.4224484,3.68572497,18.3069172,13.1671572,-11.991396,2.43142271,-21.9194374,5.29674911,5.00824213,0.26097703,0.383999616,-11.991396,2.52831936,-0.000254631042,1
1678,19.809993,3.41106725,4.69058704,2.46231818,3.72337961,18.72085,13.5202103,-11.9722214,2.31494188,-22.9301357,2.73407769,10.6796484,0.295065492,0.445784956,-11.9722214,2.40850735,-0.000254631042,1
1679,19.820013,3.67391181,4.63816595,2.42687845,3.5188632,16.7427139,9.73197651,-11.9850044,2.19003773,-19.2825203,1.792835,9.13246632,0.325958133,0.536332428,-11.9850044,2.28900051,-0.000254631042,1
1680,19.830014,3.83560538,4.7105217,2.38331723,3.28259873,19.3217907,2.69999433,-12.0137663,2.08252001,-18.1688366,7.10738373,7.34578133,0.283347577,0.522484004,-12.0137663,2.1693716,-0.000254631042,1
1681,19.839988,3.94709253,4.74300814,2.41949511,3.21762609,22.3572521,1.05469835,-11.9860697,1.95510435,-21.1218948,7.40436649,11.3358841,0.330219209,0.506505013,-11.9860697,2.0499258,-0.000254631042,1
1682,19.850011,4.03200006,4.62266064,2.46231818,3.08177376,18.4008942,1.52615988,-11.9509163,1.84322739,-18.1329117,3.48132396,12.9621019,0.393069804,0.541658759,-11.9509163,1.93017483,-0.000254631042,1
1683,19.859986,4.18040323,4.56359482,2.5331974,2.89497733,18.1026993,-2.83627319,-11.995657,1.71533298,-17.5054169,5.41410494,8.80434799,0.423962474,0.483069211,-11.995657,1.8108511,-0.000254631042,1
1684,19.870031,4.3229003,4.5480895,2.54427242,2.81007004,20.4040031,-7.62471199,-11.9711561,1.59579992,-20.2069988,8.13245201,10.0617332,0.443137228,0.455372334,-11.9711561,1.69134426,-0.000254631042,1
1685,19.880006,4.43734121,4.41519165,2.7081809,2.67864776,18.9596481,-8.08065224,-12.0009832,1.47369432,-19.6537495,6.20446157,12.6794901,0.412244558,0.401043862,-12.0009832,1.57151699,-0.000254631042,1
1686,19.890005,4.54956675,4.25940418,2.81302333,2.59078693,20.2046146,-6.00217342,-11.9988527,1.35009813,-21.0284901,1.43358207,8.37084961,0.442071974,0.314757437,-11.9988527,1.45182705,-0.000254631042,1
1687,19.899991,4.56802511,4.20845938,2.91195869,2.50292611,18.405489,-8.40241528,-12.0148315,1.22211599,-20.1686783,1.60841858,9.68811035,0.41011405,0.276407897,-12.0148315,1.3317709,-0.000254631042,1
1688,19.909988,4.66696072,4.01058817,3.09137201,2.47339296,14.6530437,-13.9273491,-12.0180273,1.09545946,-19.4022713,5.67755699,8.34929466,0.414375097,0.247645751,-12.0180273,1.21092129,-0.000254631042,1
1689,19.919985,4.66843653,3.91755915,3.21319604,2.37741089,9.87106228,-19.0112057,-12.0776825,0.958958626,-18.9999084,9.89279079,6.62488031,0.364307672,0.177338302,-12.0776825,1.09049892,-0.000254631042,1
1690,19.930030,4.72602701,3.7263329,3.34757137,2.43278527,11.9898643,-13.1579437,-12.0467901,0.847307682,-17.6970177,1.92456114,5.65489769,0.334480256,0.209296227,-12.0467901,0.968916893,-0.000254631042,1
1691,19.940004,4.81093407,3.58235908,3.54396629,2.33384943,13.8684902,-19.7578831,-12.00844,0.710553646,-24.0222645,2.37482476,6.37819338,0.251389623,0.21781835,-12.00844,0.847701073,-0.000254631042,1
1692,19.950027,4.63299751,3.48711514,3.70639801,2.42097187,7.75171614,-18.9120998,-12.0244188,0.585902691,-20.044136,3.99864817,13.5201416,0.226888552,0.362694323,-12.0244188,0.726607323,-0.000254631042,1
1693,19.960013,4.75555992,3.27669215,3.80016565,2.37445736,2.10256314,-22.0158749,-12.0148315,0.475612164,-20.5351162,8.21148777,7.88466072,0.216235906,0.342454314,-12.0148315,0.606001854,-0.000254631042,1
1694,19.970032,4.7275033,3.18883133,3.97071886,2.39882207,4.25364542,-20.7666988,-11.9775476,0.35076952,-20.9638252,3.14123106,11.2328978,0.252454907,0.333932191,-11.9775476,0.484908104,-0.000254631042,1
1695,19.980007,4.60198736,3.09875536,3.98105574,2.5007112,-3.78633332,-22.1379986,-12.0329409,0.233939171,-20.6572628,8.81503296,12.5381842,0.313174963,0.313692153,-12.0329409,0.363509178,-0.000254631042,1
1696,19.990026,4.53406191,2.93189383,4.12502909,2.59669352,0.979786158,-20.5677204,-11.991396,0.117083073,-20.52314,1.58446836,9.35041237,0.308913916,0.285995275,-11.991396,0.243330956,-0.000254631042,1
1697,20.000011,4.49566889,2.87356591,4.25275946,2.56937575,-6.68791294,-16.468462,-11.9722214,0.0216412544,-16.0252934,1.22521544,5.329175,0.376025587,0.26149419,-11.9605036,0.122420311,-0.000254631042,1
1698,20.010009,4.4011631,2.71408749,4.42478943,2.73106909,-8.6830883,-19.5067921,-12.0052443,-0.102913857,-16.5426178,5.30153894,4.13166523,0.325958133,0.234862581,-11.9988527,0.00175380707,-0.000254631042,1
1699,20.020006,4.21436644,2.7406671,4.44472456,2.78496695,-11.8325891,-21.4338474,-12.0095053,-0.220798969,-22.7050037,7.39478636,10.7131786,0.341937125,0.324344814,-12.0254841,-0.118851662,-0.000254631042,1
1700,20.030013,4.16194534,2.63213348,4.45579863,2.97840834,-10.7946968,-18.8613644,-12.0499859,-0.340366364,-25.5933971,7.17204952,12.1909056,0.339806587,0.356302738,-12.0542469,-0.239945412,-0.000254631042,1
1701,20.040015,4.03347683,2.58118868,4.51117373,2.99538994,-9.88361645,-17.9237213,-12.0435934,-0.450839996,-22.5157967,4.2692852,13.9775906,0.352589756,0.440458626,-12.0648994,-0.360733986,-0.000254631042,1
1702,20.049990,3.89762449,2.53984261,4.51855659,3.26857042,-7.97111797,-12.3865824,-12.0766172,-0.566842079,-18.9567986,7.58399296,6.27760267,0.337676048,0.371216446,-12.0925961,-0.482377052,-0.000254631042,1
1703,20.059988,3.80681038,2.53024435,4.62266064,3.20433617,-15.1247416,-10.8175106,-12.0521164,-0.685450554,-17.948494,4.8608551,9.82223129,0.283347577,0.327540606,-12.0446587,-0.603655815,-0.000254631042,1
1704,20.069985,3.62739706,2.49628115,4.58648348,3.51443291,-23.2640419,-9.18293858,-12.088335,-0.804190159,-23.1265278,9.52395916,13.7356939,0.299326539,0.278538436,-12.0787477,-0.7248106,-0.000254631042,1
1705,20.079993,3.53436804,2.52581406,4.67951202,3.54987288,-20.8907928,-6.92529345,-12.0787477,-0.922903061,-20.8368893,7.08582878,17.7617226,0.256715953,0.352041692,-12.0606384,-0.845843315,-0.000254631042,1
1706,20.089989,3.36750627,2.49332786,4.60863304,3.73223901,-22.2277718,-4.57528973,-12.0851393,-1.04669142,-21.5338383,7.16246939,7.96848631,0.323827624,0.306235313,-12.0851393,-0.966937065,-0.000254631042,1
1707,20.099987,3.247159,2.61515188,4.52815485,3.90869951,-21.4747562,-0.409232229,-12.0734215,-1.17712355,-19.9890518,7.8594203,12.5333939,0.270564407,0.210361496,-12.0734215,-1.08790874,-0.000254631042,1
1708,20.109994,3.07439065,2.59226346,4.56507158,4.01944828,-21.1993084,-0.418764472,-12.0446587,-1.2943635,-20.50877,5.38296986,7.39128685,0.299326539,0.194382533,-12.0446587,-1.20887661,-0.000254631042,1
1709,20.119992,3.01532435,2.67717099,4.45210743,4.0895896,-17.6333065,4.200665,-12.0393324,-1.41393137,-16.7605648,6.90380716,4.30410671,0.332349747,0.21675308,-12.0393324,-1.32984829,-0.000254631042,1
1710,20.129988,2.85510778,2.74362063,4.35981655,4.22544193,-22.3792019,5.22858047,-12.0190926,-1.53505945,-22.1780987,6.02483511,7.791255,0.248193845,0.298778474,-12.0190926,-1.45039272,-0.000254631042,1
1711,20.200030,2.50292611,3.71230459,3.50040507,4.5421834,-5.33111763,19.4689903,-12.0244188,-2.39904737,-17.948494,9.23655605,8.33013439,0.237541199,0.403174371,-12.0244188,-2.29402018,-0.000254631042,1
1712,20.210003,2.42097187,3.6923697,3.34461784,4.66548395,-7.01047277,19.1872654,-11.9882002,-2.52207708,-19.6920681,5.43326521,9.0701952,0.346198171,0.299843729,-11.9882002,-2.41456461,-0.000254631042,1
1713,20.220013,2.58635688,3.93011045,3.20728946,4.59017467,0.3655563,17.7744427,-11.9892654,-2.64087772,-15.4169588,8.8533535,12.2004862,0.332349747,0.382934362,-11.9892654,-2.53504801,-0.000254631042,1
1714,20.229986,2.51769257,4.03495359,3.11130714,4.52077198,-5.10993385,18.5402431,-11.9850044,-2.74960756,-19.0861282,2.3604548,4.82143116,0.37922138,0.280668974,-11.9850044,-2.63075113,-0.000254631042,1
1715,20.240032,2.6911993,4.0785141,2.94444537,4.49123907,-2.01409054,17.2743778,-11.9828739,-2.86933231,-17.1796932,2.70533752,11.0436916,0.416505635,0.293452144,-11.9828739,-2.75129557,-0.000254631042,1
1716,20.250006,2.68012452,4.30075026,2.89202428,4.42626619,1.39387882,22.4300594,-11.9818087,-2.99054813,-21.9649429,4.75307941,13.9201097,0.362177134,0.352041692,-11.9818087,-2.87141275,-0.000254631042,1
1717,20.260015,2.74952698,4.32437706,2.73771405,4.35834074,8.99207687,22.2750664,-12.0180273,-3.10747385,-21.9553623,9.74669552,12.2435961,0.400526673,0.350976408,-12.0180273,-2.99134684,-0.000254631042,1
1718,20.270031,2.99243641,4.4602294,2.7111342,4.2158432,8.33734798,20.753294,-12.0190926,3.05745173,-21.380558,6.5637145,13.2327394,0.343002379,0.405304909,-12.0190926,-3.11149454,-0.000254631042,1
1719,20.280008,2.93706203,4.55621195,2.56420755,4.13388872,7.26334906,16.745573,-11.9807434,2.94151115,-17.8550892,3.79028153,7.43439722,0.278021246,0.309431106,-11.9807434,3.05181789,-0.000254631042,1
1720,20.290005,3.16520476,4.50305223,2.52433753,3.98105574,8.1376152,17.3084106,-12.0158968,2.81587458,-19.0023041,2.1712482,5.1926589,0.282282293,0.452176541,-12.0158968,2.93182278,-0.000254631042,1
1721,20.299991,3.23313093,4.68098831,2.48742127,3.83412838,11.6375313,16.8287773,-12.0137663,2.7007885,-20.1854439,3.34480786,11.9035034,0.282282293,0.321149021,-12.0137663,2.81146145,-0.000254631042,1
1722,20.309987,3.44503069,4.64850283,2.48889804,3.75881934,17.9798756,16.6488209,-12.0478554,2.5809412,-23.6606159,6.3745079,11.4532404,0.281217039,0.340323776,-12.0478554,2.69128323,-0.000254631042,1
1723,20.319984,3.44946027,4.57909966,2.47339296,3.65397668,17.2291946,17.0953197,-12.0862045,2.47481871,-24.089325,2.96639466,11.6855574,0.265238076,0.308365852,-12.0862045,2.57086086,-0.000254631042,1
1724,20.329991,3.60229397,4.67360497,2.47486997,3.48490024,17.4701614,9.87095833,-12.0830088,2.35445738,-19.3423958,5.33985949,8.10979271,0.289739162,0.311561644,-12.0830088,2.45056057,-0.000254631042,1
1725,20.340005,3.77284765,4.66991377,2.43647671,3.38817954,19.0881367,5.65717745,-12.0915308,2.24102783,-18.4730034,7.42352629,8.48581028,0.289739162,0.311561644,-12.0915308,2.33032131,-0.000254631042,1
1726,20.350027,3.79868865,4.61158609,2.550179,3.29810381,17.4602852,4.23974085,-12.071291,2.12222719,-17.0934734,5.53625107,10.682044,0.300391793,0.336062729,-12.071291,2.21014309,-0.000254631042,1
1727,20.360013,4.03716803,4.54956675,2.42097187,3.12976527,16.2798195,4.37010813,-12.0521164,2.00259829,-16.6144695,2.84424877,6.10276604,0.328088671,0.293452144,-12.0521164,2.08990383,-0.000254631042,1
1728,20.370034,4.01501799,4.52372503,2.38848567,3.06996059,23.5553761,2.52352428,-12.1000528,1.87963009,-23.2079582,4.75547409,2.81919456,0.344067633,0.32860586,-12.1000528,1.96990871,-0.000254631042,1
1729,20.380010,4.10804796,4.44472456,2.74657369,2.98800635,20.0437527,-0.361282229,-12.0862045,1.75358391,-19.6441689,3.99864817,9.6186552,0.371764511,0.319018483,-12.0862045,1.84924221,-0.000254631042,1
1730,20.390030,4.39673376,4.36277056,2.75912523,2.82262135,21.4759064,-3.15510964,-12.0851393,1.61952448,-21.2967319,4.1974349,9.66416073,0.403722465,0.348845899,-12.0851393,1.72741604,-0.000254631042,1
1731,20.399991,4.22839499,4.31625557,2.72516227,2.83295798,17.0672836,-1.14916277,-12.1000528,1.49608517,-17.1054478,-0.127970681,8.96481419,0.393069804,0.271081567,-12.1000528,1.60710049,-0.000254631042,1
1732,20.409989,4.42478943,4.20845938,2.92303395,2.67126441,17.7149239,-14.0618725,-12.142663,1.38472223,-20.0106068,10.5418415,7.73137951,0.344067633,0.271081567,-12.142663,1.48570156,-0.000254631042,1
1733,20.420007,4.51412678,4.13536549,2.97840834,2.65280652,15.3405838,-9.84249496,-12.1096401,1.25546694,-18.8035164,4.21898985,9.91324234,0.331284463,0.201839387,-12.1096401,1.36472988,-0.000254631042,1
1734,20.429994,4.43734121,4.05045795,3.11721373,2.65871286,17.8747082,-16.4848404,-12.138402,1.12824345,-23.0714417,7.76840925,6.16264153,0.333415002,0.292386889,-12.1320105,1.2437582,-0.000254631042,1
1735,20.439990,4.56211853,3.90426922,3.13419509,2.62622666,14.321043,-13.0267162,-12.1394672,1.02571344,-23.4785957,2.40596008,8.8570385,0.274825454,0.321149021,-12.1309452,1.12248135,-0.000254631042,1
1736,20.449986,4.58648348,3.8282218,3.35864639,2.49775791,7.53562355,-17.6128445,-12.1202927,0.899693012,-21.3613968,8.64498615,11.484375,0.35365501,0.334997445,-12.1224232,1.00120449,-0.000254631042,1
1737,20.460030,4.55768824,3.71378136,3.36455297,2.56716061,9.59755707,-14.6061172,-12.1394672,0.776986122,-20.0848522,6.56131935,7.43439722,0.303587586,0.285995275,-12.155447,0.879805565,-0.000254631042,1
1738,20.470004,4.54956675,3.62296724,3.53953624,2.47634649,7.13635111,-15.7789936,-12.1139011,0.644967079,-16.6312332,2.85861874,6.6129055,0.362177134,0.273212105,-12.0947266,0.758040428,-0.000254631042,1
1739,20.480033,4.559165,3.49154496,3.69384646,2.63730145,2.669173,-22.6867085,-12.1245537,0.52479744,-21.6416149,6.65712023,13.6830034,0.285478085,0.316887945,-12.0851393,0.636336327,-0.000254631042,1
1740,20.490008,4.559165,3.36750627,3.66579008,2.57380581,0.508402586,-22.2726727,-12.1128359,0.386352539,-20.8225174,6.75771093,10.0449686,0.276955992,0.221014142,-12.1277494,0.514815331,-0.000254631042,1
1741,20.500012,4.46908951,3.31360841,3.89171791,2.66609621,1.08480453,-20.3707047,-12.0947266,0.263924599,-19.9483356,4.26689053,8.28223419,0.334480256,0.314757437,-12.1011181,0.393111229,-0.000254631042,1
1742,20.509986,4.37679815,3.1807096,3.96702719,2.70153594,-4.09285212,-25.8007011,-12.0979223,0.160792828,-24.8126202,8.17077255,16.3869801,0.302522331,0.299843729,-12.075552,0.271285057,-0.000254631042,1
1743,20.519995,4.39673376,3.05740929,4.03200006,2.79604173,-4.43855047,-23.6032181,-12.1032486,0.0435528755,-23.3875847,5.46200562,9.41268349,0.280151784,0.369085908,-12.1032486,0.150130272,-0.000254631042,1
1744,20.529992,4.27933931,3.03895116,4.12798214,2.8115468,-2.85207176,-19.969429,-12.0638342,-0.0739483833,-20.1255684,1.36891651,5.16870832,0.302522331,0.34138903,-12.0638342,0.0291585922,-0.000254631042,1
1745,20.539990,4.23430157,2.9473989,4.14644051,2.88759422,-7.17043686,-15.0567598,-12.0968571,-0.20054388,-16.1833649,4.02738857,4.22986126,0.233280137,0.358433276,-12.0968571,-0.0924844742,-0.000254631042,1
1746,20.549987,4.19000149,2.87208939,4.28376913,2.96954846,-13.051959,-18.059288,-12.0638342,-0.30955267,-21.176981,6.93015242,6.14587641,0.134210542,0.358433276,-12.0638342,-0.213517189,-0.000254631042,1
1747,20.559985,4.08442116,2.83812642,4.32142401,3.16815805,-18.8560295,-18.0412674,-12.0968571,-0.430742264,-24.2665558,9.60059929,13.7165337,0.177886382,0.524614513,-12.0968571,-0.335343361,-0.000254631042,1
1748,20.569993,4.01058817,2.79013491,4.39525652,3.12533522,-14.7657709,-18.1380043,-12.1053791,-0.550205708,-23.181612,3.10291076,13.6183376,0.222627491,0.439393371,-12.1053791,-0.456498146,-0.000254631042,1
1749,20.579990,3.91608262,2.70965743,4.3568635,3.29810381,-17.6800575,-12.4639263,-12.0830088,-0.679905415,-20.8081474,5.91226912,13.4315262,0.300391793,0.471351296,-12.0830088,-0.578080177,-0.000254631042,1
1750,20.589987,3.74922061,2.70670438,4.45727587,3.35716963,-17.8875942,-5.32986879,-12.0819435,-0.801374435,-16.5569878,8.61624622,5.7554884,0.264172822,0.24871102,-12.0819435,-0.699297905,-0.000254631042,1
1751,20.730007,2.63213348,3.50557327,3.53805971,4.43364906,-9.02796078,21.0865192,-12.1906004,-2.49631214,-22.2762947,5.4691906,9.93000793,0.315305501,0.495852381,-12.1906004,-2.37379313,-0.000254631042,1
1752,20.740007,2.67864776,3.62001395,3.46053529,4.47721052,-3.37823963,17.9667377,-12.1724911,-2.62003899,-17.2611237,6.02243996,8.85464382,0.394135058,0.424479663,-12.1724911,-2.49604654,-0.000254631042,1
1753,20.749991,2.6572361,3.71673489,3.42214251,4.41666746,0.56817776,20.4084644,-12.1181622,-2.74072266,-18.5688038,8.48691559,12.4375935,0.42289722,0.301974267,-12.1181622,-2.61793375,-0.000254631042,1
1754,20.759989,2.74952698,3.86661458,3.23682237,4.44472456,0.670608222,16.3961716,-12.1565123,-2.86258364,-15.577425,5.16023302,14.6889114,0.406918257,0.267885774,-12.1565123,-2.73994303,-0.000254631042,1
1755,20.769985,2.64173174,3.93011045,3.19473791,4.40485477,1.95287931,17.235796,-12.0894003,-2.99546576,-16.7677498,4.44172668,11.378994,0.437810928,0.234862581,-12.0894003,-2.86146402,-0.000254631042,1
1756,20.779993,2.8115468,4.01206446,3.16225147,4.37975121,6.13453341,20.0961838,-12.084074,-3.11620235,-19.9339657,6.64275026,7.75772476,0.361111879,0.104900323,-12.084074,-2.98280191,-0.000254631042,1
1757,20.790008,2.69562936,4.16637516,2.9629035,4.26383448,3.18221235,20.6940365,-12.0372019,3.06143618,-20.8823929,1.51501274,9.22587204,0.402657181,0.167750925,-12.0372019,-3.1044755,-0.000254631042,1
1758,20.800012,2.9473989,4.22987175,2.84846282,4.29041386,9.17352581,20.7496643,-12.0574427,2.9429841,-22.1517544,4.89917564,13.608758,0.305718124,0.21781835,-12.0574427,3.0577383,-0.000254631042,1
1759,20.809986,2.82852769,4.3568635,2.84993958,4.14348745,11.3895245,19.0744743,-12.0403976,2.82930183,-21.6511955,4.9782114,10.7395239,0.176821128,0.307300568,-12.0403976,2.93774319,-0.000254631042,1
1760,20.820014,3.02639937,4.42478943,2.71925592,4.16342211,11.1513805,13.2670307,-12.0510511,2.71368361,-16.6982937,4.64051342,11.0293217,0.221562237,0.358433276,-12.0510511,2.81701565,-0.000254631042,1
1761,20.829989,3.07439065,4.47868776,2.58931017,3.94413924,14.5090218,13.6003342,-12.0276146,2.59497881,-19.1603737,5.32548952,1.15705073,0.118231572,0.325410068,-12.0276146,2.69683743,-0.000254631042,1
1762,20.840011,3.08177376,4.56211853,2.58931017,3.84815669,18.1692123,11.1338634,-12.0585079,2.47699785,-19.9698906,7.43550158,7.25477076,0.183212712,0.296647936,-12.0585079,2.57684231,-0.000254631042,1
1763,20.849985,3.32615995,4.51855659,2.54131913,3.88359618,18.8983059,13.4482012,-12.0989876,2.35660219,-25.3131809,6.30744743,10.3922462,0.181082174,0.375477493,-12.0989876,2.4561758,-0.000254631042,1
1764,20.860025,3.36012292,4.60051107,2.55682421,3.64290166,16.7631283,9.86611176,-12.1149664,2.23055601,-21.6775398,4.32916069,9.4533987,0.222627491,0.349911153,-12.1149664,2.33563137,-0.000254631042,1
1765,20.869990,3.55947113,4.58352995,2.47486997,3.57940578,20.214262,5.53408051,-12.142663,2.13677073,-21.9601517,7.07624865,3.3077786,0.249259099,0.407435447,-12.1533165,2.21459866,-0.000254631042,1
1766,20.880028,3.67095828,4.62709045,2.53172088,3.52403164,19.94734,2.91915131,-12.1373367,2.0280757,-19.6321926,8.27375889,10.3203955,0.351524502,0.44685021,-12.1352062,2.09381008,-0.000254631042,1
1767,20.890013,3.69827652,4.59755754,2.50292611,3.38153458,15.4910297,0.428962618,-12.1288147,1.90129709,-17.4718857,5.1913681,9.12049103,0.349393964,0.437262833,-12.1415977,1.97332668,-0.000254631042,1
1768,20.900025,3.91608262,4.53258562,2.57232881,3.27078557,20.9411774,-4.09065485,-12.12988,1.77804136,-15.8504572,7.33730602,7.80083513,0.355785549,0.378673285,-12.1107054,1.85223293,-0.000254631042,1
1769,20.910010,3.99655986,4.559165,2.54279566,3.1039238,24.1017532,-4.10082197,-12.1160316,1.65126228,-18.7771721,6.46551847,5.66447735,0.347263426,0.299843729,-12.1234884,1.73156643,-0.000254631042,1
1770,20.920008,4.10140228,4.49271536,2.68455458,2.99538994,23.249527,-2.63568401,-12.1000528,1.53163338,-23.3348942,3.41905332,11.5586205,0.393069804,0.339258522,-12.1000528,1.61077785,-0.000254631042,1
1771,20.930005,4.21141291,4.44324732,2.7081809,2.92303395,23.3963089,-9.7883873,-12.1373367,1.40876961,-24.6689205,5.88592386,8.34210968,0.35365501,0.301974267,-12.1256189,1.48966885,-0.000254631042,1
1772,20.940013,4.3229003,4.29779673,2.73919034,2.80416346,17.3975067,-9.66104221,-12.1192274,1.27973223,-19.4381962,4.26210022,11.6687918,0.35365501,0.34138903,-12.1139011,1.36888027,-0.000254631042,1
1773,20.950014,4.35981655,4.26826429,2.9304173,2.74805045,16.070591,-15.0688696,-12.151186,1.14008379,-20.8943691,6.98284292,9.75756645,0.296130747,0.312626898,-12.1650343,1.24748135,-0.000254631042,1
1774,20.960028,4.51855659,4.1294589,3.00941801,2.70153594,14.7128859,-17.8415031,-12.1362715,1.01266861,-21.929018,7.34209585,11.3358841,0.254585415,0.409565955,-12.1213579,1.12577724,-0.000254631042,1
1775,20.970003,4.51855659,4.00246668,3.07143736,2.550179,13.5853863,-16.9173203,-12.1213579,0.888750076,-21.2105122,4.56866264,4.29452658,0.190669566,0.326475352,-12.1213579,1.00401211,-0.000254631042,1
1776,20.980025,4.6285677,3.88876462,3.21984124,2.58266521,10.725071,-16.1448364,-12.0915308,0.778398514,-19.0262527,3.69927073,7.10627937,0.275890708,0.427675456,-12.0915308,0.882430077,-0.000254631042,1
1777,20.990012,4.60420275,3.77284765,3.31803799,2.5058794,11.8878813,-20.943903,-12.1266842,0.647268772,-23.8761673,3.14602113,12.7058353,0.271629661,0.330736399,-12.1266842,0.760848045,-0.000254631042,1
1778,21.000191,4.60567999,3.60893893,3.44946027,2.52138424,2.85207891,-20.7127495,-12.1405325,0.526907444,-19.3376064,7.95043087,11.6807671,0.337676048,0.379738569,-12.1405325,0.638960838,-0.000254631042,1
1779,21.010007,4.67951202,3.49449849,3.56833076,2.5162158,4.35586643,-18.6919231,-12.0925961,0.399683952,-18.9136868,3.26098204,7.42002678,0.315305501,0.225275204,-12.0925961,0.517500877,-0.000254631042,1
1780,21.020005,4.62561417,3.3726747,3.74183774,2.48225331,-1.09027231,-23.7654591,-12.1405325,0.274779797,-22.5780678,7.49777222,13.3069849,0.251389623,0.293452144,-12.1405325,0.395308495,-0.000254631042,1
1781,21.030014,4.64259577,3.23165417,3.78023076,2.53688908,-3.40220714,-21.3328075,-12.1362715,0.162815094,-20.4991913,6.81519127,9.44142342,0.312109709,0.251906812,-12.1362715,0.273360252,-0.000254631042,1
1782,21.040011,4.5421834,3.09432554,4.00246668,2.54279566,-2.10353065,-20.379673,-12.0979223,0.0299329758,-20.3075886,2.71252251,7.21884537,0.380286634,0.288125813,-12.0979223,0.151900291,-0.000254631042,1
1783,21.050035,4.45727587,3.01237154,4.14496374,2.61662841,-9.87515068,-20.051672,-12.0904655,-0.084420681,-20.8129387,8.14921761,12.8663015,0.439941436,0.316887945,-12.0904655,0.0296468735,-0.000254631042,1
1784,21.060010,4.54070663,2.88242602,4.20698309,2.63877821,-9.0249033,-17.9135342,-12.1053791,-0.200936794,-19.354372,5.26800871,6.21293688,0.483617276,0.334997445,-12.1053791,-0.0922403336,-0.000254631042,1
1785,21.070007,4.3671999,2.78718185,4.34578848,2.73771405,-4.07822275,-17.8253078,-12.0350714,-0.323233604,-18.1975765,-1.79490435,7.80323029,0.492139399,0.325410068,-12.0350714,-0.214310646,-0.000254631042,1
1786,21.080004,4.20402956,2.65575981,4.44915438,2.82852769,-12.6724606,-13.057745,-12.06703,-0.43183279,-17.1629276,6.04399538,5.98541021,0.446333021,0.268951029,-12.06703,-0.335343361,-0.000254631042,1
1787,21.090040,4.16785192,2.62031984,4.49123907,2.89497733,-14.1762199,-14.8502035,-12.0372019,-0.547930717,-20.0609016,4.36508608,10.1695099,0.398396134,0.242319435,-12.0372019,-0.456620216,-0.000254631042,1
1788,21.100011,4.08146763,2.51030946,4.56507158,3.08325028,-15.294095,-12.8422604,-12.0372019,-0.668038845,-19.5555534,4.05133867,11.378994,0.372829795,0.19864358,-12.0372019,-0.553483009,-0.000254631042,1
1789,21.109985,3.94856882,2.46527147,4.69944668,3.19916797,-19.4530373,-9.98160648,-11.9882002,-0.783185959,-20.7985687,6.74334097,14.382349,0.331284463,0.225275204,-11.9882002,-0.674578667,-0.000254631042,1
1790,21.119994,3.74183774,2.45493507,4.67360497,3.31508517,-16.7472763,-8.03360081,-11.9935265,-0.900338173,-18.1137505,4.11121416,9.40789318,0.247128576,0.160294071,-11.9935265,-0.795245171,-0.000254631042,1
1791,21.129991,3.69827652,2.38848567,4.75703573,3.48046994,-18.3907986,-6.13354063,-11.9668951,-1.02089119,-18.8849468,4.3818512,9.022295,0.103317864,0.176273033,-11.9668951,-0.915789604,-0.000254631042,1
1792,21.139988,3.50188184,2.50883293,4.68246555,3.50852656,-22.1261597,-3.96426892,-11.9871349,-1.15377331,-21.8356113,5.33746433,8.83069324,0.103317864,0.280668974,-11.9871349,-1.03633404,-0.000254631042,1
1793,21.149984,3.3165617,2.44090652,4.5252018,3.75881934,-15.8468666,-2.90092683,-11.9690256,-1.27089119,-15.9965534,1.91019106,6.09079123,0.0532504395,0.340323776,-11.9690256,-1.15687847,-0.000254631042,1
1794,21.159992,3.26266384,2.48225331,4.72159672,3.81862378,-16.9450817,-0.380720228,-11.9860697,-1.38101578,-16.7126637,2.82269359,3.37244415,0.0106398622,0.34138903,-11.9860697,-1.27784634,-0.000254631042,1
1795,21.169988,3.06626892,2.60481501,4.48311758,3.92568088,-21.184618,9.08144855,-12.0574427,-1.49981642,-20.487215,10.5610018,12.3322124,0.0564462319,0.413827032,-12.0574427,-1.39857388,-0.000254631042,1
1796,21.179985,3.02492261,2.57675862,4.49714518,4.08811235,-21.4642372,5.27613878,-12.0254841,-1.63024902,-21.7398109,3.99146295,12.9070168,0.128884211,0.421283871,-12.0254841,-1.51960659,-0.000254631042,1
1797,21.189994,2.81966829,2.67126441,4.5731926,4.30887222,-21.8282356,9.44179535,-12.0403976,-1.75238037,-23.174427,5.34464931,8.98876476,0.197061151,0.426610202,-12.0403976,-1.64076138,-0.000254631042,1
1798,21.270006,2.45936489,3.77727723,3.39556241,4.67951202,-2.81574273,17.6075115,-11.9573078,-2.72946596,-17.2611237,4.47286224,7.3002758,0.409048766,0.215687811,-11.9573078,-2.60713053,-0.000254631042,1
1799,21.279992,2.41137362,3.78687572,3.33058977,4.71347523,-5.03564453,22.3259544,-11.9541121,-2.84899902,-22.8295441,1.6179986,7.86550045,0.337676048,0.245515227,-11.9541121,-2.72730875,-0.000254631042,1
1800,21.290035,2.44681334,4.12207556,2.98800635,4.58057642,2.8439672,20.0670357,-11.9935265,-2.96703243,-19.2681503,6.28589201,11.3622293,0.412244558,0.29771319,-11.9935265,-2.84821939,-0.000254631042,1
1801,21.300009,2.50440264,4.06596279,2.9090054,4.63595057,4.60415268,19.4943886,-11.9274797,-3.08913803,-18.8226776,4.96144629,9.15641594,0.344067633,0.289191067,-11.9423933,-2.96797037,-0.000254631042,1
1802,21.310027,2.60112333,4.31034899,2.84255624,4.44767761,5.87828112,20.579174,-11.9871349,3.10191059,-22.1589394,6.41282797,5.5902319,0.296130747,0.352041692,-11.9924612,-3.08787394,-0.000254631042,1
1803,21.320012,2.67569447,4.41666746,2.66757298,4.46318245,8.72169971,17.7591286,-11.9786129,2.98790598,-19.5316029,4.99258137,8.29420948,0.312109709,0.431936532,-11.9754171,3.07501125,-0.000254631042,1
1804,21.330010,2.7081809,4.47278118,2.62918019,4.36277056,9.09931564,20.0054779,-11.991396,2.86122322,-22.731348,7.37323093,11.913084,0.222627491,0.468155503,-11.9860697,2.95550442,-0.000254631042,1
1805,21.340006,2.98136187,4.6285677,2.56716061,4.24685287,11.2640057,15.1433821,-11.9903307,2.74642467,-19.0430183,2.01317692,10.3203955,0.272694916,0.414892286,-11.9892654,2.83544827,-0.000254631042,1
1806,21.350008,3.01680112,4.6935401,2.33384943,4.1124773,17.37043,13.2215948,-12.0542469,2.64151382,-18.7939358,6.76489592,6.01175547,0.257781208,0.422349125,-12.06703,2.71545315,-0.000254631042,1
1807,21.359993,3.15634465,4.70609188,2.42835522,3.94266248,19.9446793,13.5573015,-11.999918,2.52232981,-22.6163883,5.41889524,10.3036308,0.332349747,0.333932191,-11.9860697,2.59551907,-0.000254631042,1
1808,21.370025,3.25971079,4.86040211,2.2984097,3.86513829,18.1845894,11.2734518,-12.0318756,2.40304947,-20.5782261,7.73727417,10.2078295,0.2737602,0.348845899,-12.0435934,2.47589016,-0.000254631042,1
1809,21.380011,3.49745154,4.76294279,2.3153913,3.71230459,19.488142,9.40823746,-12.0627689,2.28431034,-20.8919735,5.64163208,10.6868334,0.354720294,0.348845899,-12.0574427,2.35510159,-0.000254631042,1
1810,21.390027,3.40811396,4.79542923,2.23565197,3.46644187,18.3419952,9.20379257,-12.0563774,2.16773319,-20.3435135,2.69815254,4.51726341,0.334480256,0.239123642,-12.071291,2.23547268,-0.000254631042,1
1811,21.400012,3.74331403,4.92242146,2.33606434,3.38965631,24.5335789,5.1940608,-12.0638342,2.05376291,-24.1396198,6.79363632,6.71589136,0.398396134,0.291321605,-12.0638342,2.11523342,-0.000254631042,1
1812,21.410026,3.85258651,4.76146603,2.25706339,3.34314132,20.4565296,8.18055534,-12.0723562,1.93127394,-22.0272121,-0.439323246,8.23193836,0.405852973,0.270016313,-12.0723562,1.99542141,-0.000254631042,1
1813,21.420132,3.94118571,4.68394136,2.36633563,3.07439065,22.1570549,-0.826145351,-12.1394672,1.79035282,-21.4452229,5.63205194,6.57458496,0.42289722,0.306235313,-12.1394672,1.87463284,-0.000254631042,1
1814,21.430010,4.20993662,4.71790457,2.39586878,2.99686646,20.5238419,-5.13121223,-12.0968571,1.66830826,-19.9267807,7.10498905,12.9118071,0.384547681,0.270016313,-12.0968571,1.7539053,-0.000254631042,1
1815,21.440007,4.21141291,4.70461512,2.45936489,2.81449986,19.9143009,-3.93520904,-12.088335,1.54458141,-20.0106068,3.41186833,10.5215778,0.365372926,0.294517398,-12.088335,1.6334219,-0.000254631042,1
1816,21.450014,4.35390997,4.51708031,2.59669352,2.76207876,17.5782852,-8.57168674,-12.0659647,1.43553782,-18.573595,6.12303066,12.6363792,0.312109709,0.29771319,-12.0659647,1.51286221,-0.000254631042,1
1817,21.460014,4.54513693,4.38787317,2.7111342,2.64173174,16.7821636,-7.904634,-12.0894003,1.3100667,-18.2526627,3.31127739,7.51103783,0.266303331,0.247645751,-12.0894003,1.39195156,-0.000254631042,1
1818,21.469989,4.47721052,4.33619022,2.82409787,2.50735617,18.3717976,-16.0304222,-12.0606384,1.18061972,-23.0882072,7.83786488,11.1778126,0.316370755,0.342454314,-12.0606384,1.27116299,-0.000254631042,1
1819,21.479987,4.73636341,4.08294439,2.89793086,2.49185157,15.8559752,-12.6503296,-12.1107054,1.0551405,-20.0321617,3.18673658,12.5717144,0.282282293,0.246580482,-12.1107054,1.14976406,-0.000254631042,1
1820,21.490024,4.64702606,4.00468206,3.10023189,2.39882207,14.9767237,-17.7759438,-12.1330757,0.928553581,-22.6403389,5.26321888,14.4973097,0.316370755,0.247645751,-12.1330757,1.0283041,-0.000254631042,1
1821,21.500010,4.6625309,3.89024138,3.18366313,2.35599923,12.6952181,-16.9306431,-12.159708,0.805332184,-20.8847885,3.41186833,9.88689709,0.255650699,0.119814023,-12.159708,0.907027245,-0.000254631042,1
1822,21.510008,4.86187935,3.63994861,3.45315218,2.41137362,8.03873825,-13.1582031,-12.0872698,0.662762642,-15.3187628,1.75930476,11.0556669,0.264172822,0.195447788,-12.0872698,0.784468651,-0.000254631042,1
1823,21.520010,4.82496214,3.56685448,3.55134964,2.33384943,5.97899485,-20.3645039,-12.1117706,0.541067123,-20.5351162,5.36380959,8.29899883,0.128884211,0.271081567,-12.1117706,0.66288662,-0.000254631042,1
1824,21.529984,4.61896944,3.41402078,3.75586581,2.36633563,4.75658417,-19.9012051,-12.159708,0.418064117,-20.1183815,3.73280096,8.30378914,0.133145273,0.316887945,-12.159708,0.565291405,-0.000254631042,1
1825,21.540030,4.71347523,3.20581293,3.8282218,2.37298083,0.416608959,-15.7500114,-12.1202927,0.306536198,-15.1415319,4.35550594,6.74463129,0.222627491,0.32860586,-12.1202927,0.443099022,-0.000254631042,1
1826,21.550005,4.69058704,3.14231682,3.96259713,2.47486997,1.03637207,-19.849123,-12.0680952,0.187482357,-19.6944637,2.68138742,9.23305702,0.23647593,0.301974267,-12.0680952,0.320479393,-0.000254631042,1
1827,21.560005,4.60863304,3.02049279,4.18483353,2.5383656,-5.39250135,-22.5801373,-12.1277494,0.0725007057,-22.1301994,7.013978,8.29181385,0.312109709,0.355237484,-12.1277494,0.199202538,-0.000254631042,1
1828,21.570014,4.53406191,2.88242602,4.17892694,2.58783364,-5.36876631,-18.9225998,-12.071291,-0.044172287,-19.1412144,4.52794743,8.54089642,0.33554554,0.406370163,-12.071291,0.0776815414,-0.000254631042,1
1829,21.580010,4.44472456,2.81449986,4.34135818,2.63730145,-9.32319355,-22.6675529,-12.0222883,-0.161865711,-23.8737736,5.54822636,8.02596664,0.426093012,0.371216446,-12.0222883,-0.0435342789,-0.000254631042,1
1830,21.590006,4.37089157,2.6911993,4.43881798,2.84846282,-12.2088099,-17.4894943,-12.0521164,-0.282540798,-20.1998138,6.84872198,10.689229,0.505987823,0.399978578,-12.0521164,-0.164750099,-0.000254631042,1
1831,21.600014,4.20402956,2.65428305,4.47425747,2.86839771,-14.1465664,-17.3476887,-12.0510511,-0.403250694,-21.507494,6.20446157,7.678689,0.552859426,0.363759607,-12.0510511,-0.285538673,-0.000254631042,1
1832,21.610027,4.08146763,2.54722595,4.66991377,3.03525949,-16.3705406,-12.2675858,-12.0691605,-0.534633636,-18.8969231,7.83546972,10.8209553,0.5283584,0.420218617,-12.0691605,-0.40730381,-0.000254631042,1
1833,21.620031,3.99065375,2.5162158,4.61306286,3.17037296,-15.7539768,-13.5601568,-12.0680952,-0.651114941,-20.3339348,4.31239557,6.09079123,0.426093012,0.353106946,-12.0680952,-0.529068947,-0.000254631042,1
1834,21.630006,3.82083845,2.50292611,4.5421834,3.19621468,-16.1037006,-9.8324852,-12.0819435,-0.769034386,-18.264637,4.73391914,5.15912819,0.378156096,0.399978578,-12.0819435,-0.649920464,-0.000254631042,1
1835,21.640006,3.76029563,2.4172802,4.76294279,3.44060063,-16.2720947,-9.1384306,-12.0531816,-0.871189117,-18.3340931,3.48611403,8.62472153,0.247128576,0.311561644,-12.0531816,-0.771258354,-0.000254631042,1
1836,21.649993,3.55356455,2.42392492,4.59165096,3.52255487,-17.0411968,-6.31965494,-12.1075096,-0.995203972,-17.7353382,3.97469783,8.29420948,0.225823283,0.404239655,-12.1075096,-0.892413139,-0.000254631042,1
1837,21.660010,3.46791887,2.46231818,4.78583097,3.63847184,-19.5963726,0.998700619,-12.0979223,-1.11924505,-17.1964588,9.44971275,9.13246632,0.14912425,0.252972066,-12.0979223,-1.01393414,-0.000254631042,1
1838,21.669986,3.27816868,2.4564116,4.66400766,3.91608262,-20.8512878,-1.95164931,-12.0318756,-1.23534298,-20.3315392,5.02132177,14.7535772,0.151254773,0.251906812,-12.0318756,-1.13514996,-0.000254631042,1
1839,21.680012,3.18218637,2.47486997,4.61158609,3.86070848,-22.0085163,-0.823380232,-12.0862045,-1.35458851,-21.6727505,3.91721749,15.0481644,0.219431698,0.210361496,-12.0862045,-1.25611782,-0.000254631042,1
1840,21.689986,2.98652959,2.52876735,4.62266064,4.16489887,-23.5463276,2.3543179,-12.0531816,-1.47647524,-23.2199326,4.56147766,8.27265358,0.184277982,0.10170453,-12.0531816,-1.37739468,-0.000254631042,1
1841,21.699995,2.90088415,2.65575981,4.52372503,4.18483353,-18.2351074,3.03283453,-12.0403976,-1.610569,-18.3412781,2.30536914,8.37084961,0.185343236,0.170946717,-12.0403976,-1.49818325,-0.000254631042,1
1842,21.709992,2.80711651,2.64173174,4.38565826,4.3502183,-23.394268,6.5691824,-12.0318756,-1.7398243,-24.165966,2.54008126,4.72323513,0.194930613,0.226340458,-12.0318756,-1.61933804,-0.000254631042,1
1843,21.719989,2.64911485,2.86839771,4.3841815,4.44177103,-14.0208197,11.5759697,-12.0031137,-1.85963678,-18.7699871,3.61065483,4.78311062,0.158711627,0.403174371,-12.0031137,-1.74049234,-0.000254631042,1
1844,21.729985,2.66461945,2.92746377,4.19295502,4.42921925,-17.02318,12.3853645,-11.9626341,-1.96785212,-18.2933769,5.83562851,6.90988779,0.158711627,0.421283871,-11.9754171,-1.86085367,-0.000254631042,1
1845,21.739994,2.5007112,3.03747416,4.07113123,4.59608078,-16.4410019,11.9603109,-11.9977875,-2.06507254,-23.6510372,6.17572117,12.7058353,0.185343236,0.551246166,-11.9807434,-1.98158121,-0.000254631042,1
1846,21.749992,2.53024435,3.16520476,4.0135417,4.56211853,-11.1318293,15.8343248,-11.9977875,-2.19036007,-18.2598476,6.5349741,15.5104036,0.246063307,0.419153333,-11.995657,-2.10194254,-0.000254631042,1
1847,21.759989,2.44386005,3.29515028,3.77580094,4.68098831,-11.401516,14.6278038,-11.9605036,-2.31259632,-17.9053841,5.3805747,8.2654686,0.300391793,0.362694323,-11.9690256,-2.22193766,-0.000254631042,1
1848,21.769985,2.47929978,3.52993798,3.65693021,4.67212868,-7.3059659,16.5533085,-12.0020485,-2.43908739,-15.6253252,7.02595329,9.90845203,0.347263426,0.340323776,-12.00844,-2.34229898,-0.000254631042,1
1849,21.780015,2.38996243,3.56833076,3.5565176,4.70092392,-9.00302124,16.4293251,-11.9647646,-2.56011105,-19.2130642,5.41170979,9.4965086,0.382417172,0.300908983,-11.9754171,-2.46284342,-0.000254631042,1
1850,21.789989,2.48594475,3.79721236,3.33354306,4.59460449,-7.11801958,19.9860764,-12.0009832,-2.67898178,-21.0620193,2.54966116,7.40086699,0.400526673,0.29771319,-11.999918,-2.58369303,-0.000254631042,1
1851,21.800032,2.44090652,3.85627818,3.20064449,4.6285677,2.81764483,19.3570271,-12.0095053,-2.8041997,-17.3329754,9.0665102,5.06811762,0.417570889,0.301974267,-11.9828739,-2.70393229,-0.000254631042,1
1852,21.810005,2.54131913,4.0541501,3.09875536,4.5480895,-0.408705771,23.2972088,-11.9764824,-2.93151903,-22.8702602,4.4584918,10.9814215,0.41011405,0.395717531,-12.004179,-2.82423258,-0.000254631042,1
1853,21.820012,2.60776854,4.154562,2.98948312,4.54956675,3.06634545,21.3922882,-12.0265493,-3.03954268,-20.9686146,5.22968864,8.32534409,0.384547681,0.365890115,-12.0158968,-2.94496012,-0.000254631042,1
1854,21.829987,2.62918019,4.26383448,2.83443451,4.4218359,5.76410913,20.0149174,-11.999918,3.12569666,-20.1040115,5.4452405,10.710784,0.412244558,0.438328117,-11.999918,-3.06492472,-0.000254631042,1
1855,21.840025,2.77315354,4.34283543,2.73771405,4.35169506,9.62058926,17.0423737,-12.0318756,3.00908518,-18.1640472,7.28461552,8.07626247,0.33554554,0.263624728,-12.0318756,3.09789944,-0.000254631042,1
1856,21.850007,2.90088415,4.43364906,2.69267607,4.29779673,14.6520004,17.4518871,-12.0574427,2.89320564,-20.5183506,9.91195107,14.2937336,0.299326539,0.309431106,-12.0574427,2.97747707,-0.000254631042,1
1857,21.859993,2.87651944,4.52372503,2.56125402,4.154562,11.7986917,17.0354996,-12.0393324,2.77643681,-20.1255684,4.93749619,4.91244125,0.278021246,0.110226646,-12.0393324,2.85717678,-0.000254631042,1
1858,21.870025,3.12976527,4.53922987,2.56125402,4.02313995,15.2105579,16.1515751,-12.0446587,2.64832354,-21.4284573,5.74940777,9.91084766,0.284412831,0.23592785,-12.0446587,2.73681545,-0.000254631042,1
1859,21.880011,3.14231682,4.68246555,2.5058794,3.90722251,17.4498444,15.0154839,-12.0904655,2.53925371,-22.2595291,5.8715539,5.96624994,0.225823283,0.232732043,-12.0904655,2.61651516,-0.000254631042,1
1860,21.890035,3.3726747,4.62561417,2.44533682,3.83117509,15.5602865,12.1856308,-12.0403976,2.4215951,-19.4214325,3.66334534,9.27856255,0.222627491,0.290256351,-12.0403976,2.4960928,-0.000254631042,1
1861,21.900009,3.40368414,4.66548395,2.43943,3.62592053,18.2808247,9.11349678,-12.1032486,2.30444288,-19.6800938,5.47158527,1.93303704,0.18001692,0.290256351,-12.1032486,2.37567043,-0.000254631042,1
1862,21.910026,3.61779904,4.70904493,2.4342618,3.51295662,19.8009186,6.0146389,-12.0435934,2.17553663,-19.7088337,6.30984259,12.7776861,0.246063307,0.394652277,-12.0435934,2.25506496,-0.000254631042,1
1863,21.920011,3.75734234,4.68246555,2.42983174,3.42509556,21.678957,4.03010464,-12.0979223,2.07052994,-20.959034,6.85111666,10.380271,0.2737602,0.431936532,-12.0979223,2.13488674,-0.000254631042,1
1864,21.930027,3.84668016,4.67360497,2.44828987,3.25971079,18.2067375,1.34360445,-12.0478554,1.95366526,-17.3904552,5.55541134,10.8616705,0.372829795,0.438328117,-12.0478554,2.01464748,-0.000254631042,1
1865,21.940013,3.96702719,4.64850283,2.44681334,3.10983014,19.3467274,-0.192216948,-12.0830088,1.82596207,-18.6717911,5.06922197,7.78407001,0.358981341,0.356302738,-12.0830088,1.89446926,-0.000254631042,1
1866,21.950010,4.06596279,4.59017467,2.61072159,3.0293529,17.7409477,-1.95935452,-12.071291,1.70067453,-17.3377647,4.24054527,12.1741409,0.418636143,0.349911153,-12.071291,1.7740469,-0.000254631042,1
1867,21.960012,4.24537611,4.47721052,2.52581406,2.87651944,22.1795311,-5.98518705,-12.0862045,1.58123732,-22.1158295,6.21643639,10.8544855,0.393069804,0.301974267,-12.0862045,1.67736721,-0.000254631042,1
1868,21.969987,4.31625557,4.36424637,2.85141611,2.7945652,22.8306313,-9.7829771,-12.1373367,1.45586252,-23.8019218,7.10019875,12.9812622,0.39733088,0.342454314,-12.1373367,1.55662441,-0.000254631042,1
1869,21.980018,4.45875216,4.26088095,2.73919034,2.67274117,19.6820412,-8.73998547,-12.1234884,1.33060932,-21.1961422,3.80704665,9.97790813,0.321697086,0.259363651,-12.1234884,1.4357748,-0.000254631042,1
1870,21.990014,4.48311758,4.16342211,3.09284854,2.67126441,15.4264774,-13.5898123,-12.1277494,1.18736839,-19.3902969,6.83195686,9.54201412,0.313174963,0.407435447,-12.1277494,1.31400967,-0.000254631042,1
1871,21.999991,4.6071558,4.00246668,3.03230596,2.5007112,14.4422283,-10.0367641,-12.1650343,1.07447958,-17.4790707,1.94851136,6.45243883,0.16723375,0.294517398,-12.1650343,1.19254971,-0.000254631042,1
1872,22.010035,4.60051107,3.87325931,3.25823402,2.52138424,13.7155781,-14.677825,-12.1266842,0.948747158,-19.6992531,3.93637753,9.08696079,0.150189519,0.3669554,-12.1266842,1.07060146,-0.000254631042,1
1873,22.020006,4.62709045,3.70639801,3.41697407,2.46084142,15.3677578,-15.3878136,-12.146925,0.824575424,-21.7302303,0.865962446,9.08217049,0.0958610177,0.22953625,-12.146925,0.948958397,-0.000254631042,1
1874,22.029992,4.66696072,3.62887383,3.49449849,2.52581406,7.47278309,-19.0299282,-12.1362715,0.70040369,-19.3663464,6.55173922,14.8709326,0.184277982,0.278538436,-12.1362715,0.827437401,-0.000254631042,1
1875,22.040006,4.60420275,3.48194671,3.68129492,2.47043967,2.64612007,-22.5149879,-12.1320105,0.572796822,-20.3554897,9.97901154,7.25716543,0.190669566,0.238058373,-12.1320105,0.705550194,-0.000254631042,1
1876,22.049991,4.62118435,3.35569286,3.76177239,2.51990771,4.80159712,-21.1796284,-12.134141,0.448904514,-21.1650066,4.86564541,8.44749069,0.187473774,0.330736399,-12.134141,0.583724022,-0.000254631042,1
1877,22.060029,4.59903479,3.24272919,3.862185,2.50292611,1.89214599,-21.9532528,-12.1053791,0.326162815,-21.402113,5.24166346,4.65377951,0.341937125,0.418088078,-12.1053791,0.461836815,-0.000254631042,1
1878,22.070004,4.5480895,3.12238193,3.97071886,2.58931017,-1.49045312,-19.1082649,-12.0776825,0.20567131,-18.4011536,5.36141443,10.8377199,0.418636143,0.471351296,-12.0776825,0.339827538,-0.000254631042,1
1879,22.079991,4.46318245,3.03378272,4.11838436,2.6572361,-5.61336279,-17.2744751,-12.0563774,0.0895733833,-16.7030849,7.13612413,5.30761957,0.513444662,0.413827032,-12.0563774,0.218184471,-0.000254631042,1
1880,22.090012,4.4218359,2.97545505,4.29484415,2.73771405,-6.14390326,-17.5206909,-12.0148315,-0.0390720367,-17.7473125,5.45482016,2.53658223,0.483617276,0.373346984,-12.0148315,0.0969076157,-0.000254631042,1
1881,22.099986,4.27786255,2.87356591,4.19147873,2.88907099,-12.2255039,-18.2702026,-12.0585079,-0.141759396,-19.8142147,9.52156353,10.8520899,0.488943607,0.355237484,-12.0585079,-0.0241250992,-0.000254631042,1
1882,22.110033,4.1988616,2.81449986,4.29336739,2.86396766,-12.5681009,-20.9726696,-11.9615688,-0.262695789,-23.5169144,6.69065046,17.49827,0.444202513,0.414892286,-11.9615688,-0.144913673,-0.000254631042,1
1883,22.120007,4.13241196,2.72516227,4.43069601,2.9459219,-15.6407557,-19.1290722,-11.9935265,-0.381783962,-23.5791855,7.38760138,14.4853344,0.560316324,0.227405727,-11.9935265,-0.265152931,-0.000254631042,1
1884,22.130006,3.99213028,2.67864776,4.35834074,3.17332625,-10.9928589,-13.9450359,-12.0063095,-0.501500607,-17.5126019,2.93525934,12.954917,0.452724606,0.191186741,-12.0063095,-0.386002541,-0.000254631042,1
1885,22.139993,3.84372687,2.61515188,4.60420275,3.16668153,-18.918787,-11.5716724,-12.00844,-0.614258766,-20.3602791,8.79108238,6.09558105,0.417570889,0.0867908299,-12.00844,-0.506608009,-0.000254631042,1
1886,22.150026,3.79278255,2.64025497,4.53110838,3.33501959,-21.3523521,-15.2025728,-12.0393324,-0.735325813,-25.5981865,5.63684177,10.5862427,0.280151784,0.25403735,-12.0393324,-0.627459526,-0.000254631042,1
1887,22.160012,3.71821117,2.55387068,4.48828602,3.39260936,-22.0464401,-12.2450161,-12.0467901,-0.849182129,-24.6401787,5.37099457,5.72195816,0.181082174,0.334997445,-12.0467901,-0.748187065,-0.000254631042,1
1888,22.170008,3.48859167,2.62475014,4.63004398,3.52403164,-13.8920679,-9.6829443,-12.0627689,-0.978384018,-19.2082748,1.25635064,7.84634066,0.146993712,0.463894457,-12.0627689,-0.86921978,-0.000254631042,1
1889,22.179995,3.51148009,2.55977726,4.44915438,3.63699555,-24.1284695,-3.91994977,-12.0936613,-1.08716679,-16.2863503,3.89566231,6.24886227,0.0628378168,0.32327953,-12.0957918,-0.990740776,-0.000254631042,1
1890,22.190015,3.25011253,2.65575981,4.48164082,3.79278255,-24.1259747,-5.09701395,-12.1192274,-1.20128584,-17.6443272,10.1346884,13.615943,0.0500546433,0.308365852,-12.1170969,-1.11268902,-0.000254631042,1
1891,22.199990,3.17775631,2.66461945,4.54956675,3.91017604,-21.4985828,-0.73211211,-12.0606384,-1.31931925,-21.2727814,5.60810184,11.4604254,0.16190742,0.213557288,-12.0489206,-1.23451138,-0.000254631042,1
1892,22.210015,3.12681174,2.77906013,4.34431124,4.02461672,-24.3631439,1.30464303,-12.0680952,-1.43192911,-21.9457817,7.97438097,8.87380409,0.23647593,0.224209934,-12.0776825,-1.35493374,-0.000254631042,1
1893,22.219990,2.97250175,2.73919034,4.29189062,4.21141291,-19.791296,2.02179909,-12.0702257,-1.55391169,-22.6690788,5.14586306,10.8856201,0.287608624,0.227405727,-12.0595732,-1.47590542,-0.000254631042,1
1894,22.229988,2.87651944,2.93853855,4.29041386,4.16342211,-17.7005081,8.30286217,-12.0435934,-1.68103933,-16.0660095,4.05373335,10.9550762,0.313174963,0.244449958,-12.0457239,-1.59693813,-0.000254631042,1
1895,22.239984,2.79161167,2.99243641,4.19590855,4.34283543,-20.9650459,8.20723057,-12.0308104,-1.8021245,-22.288271,3.18194652,10.042573,0.303587586,0.3541722,-12.0318756,-1.71772623,-0.000254631042,1
1896,22.249992,2.75321889,3.07734394,4.06596279,4.31773233,-16.9964485,12.5741978,-11.9988527,-1.9221983,-20.2860336,5.95537949,5.97343493,0.33554554,0.463894457,-11.9977875,-1.8385148,-0.000254631042,1
1897,22.259989,2.66461945,3.1807096,4.0135417,4.42626619,-12.5436468,15.1518402,-12.0212231,-2.04370165,-18.0682449,7.77559423,6.80690193,0.280151784,0.599183023,-12.004179,-1.95930338,-0.000254631042,1
1898,22.269985,2.72073245,3.29072046,3.80016565,4.45210743,-14.5606756,12.6547165,-12.0031137,-2.17973185,-19.1819305,2.05149722,9.09893608,0.276955992,0.542724013,-12.0201578,-2.07954264,-0.000254631042,1
1899,22.279994,2.57380581,3.46053529,3.64585495,4.47868776,-8.80604744,16.1525974,-12.0372019,-2.30536795,-17.3617153,6.0847106,11.7957277,0.316370755,0.473481834,-12.0372019,-2.20081949,-0.000254631042,1
1900,22.289990,2.63065672,3.48490024,3.62739706,4.5525198,-11.8234882,14.6353064,-12.0393324,-2.41806507,-18.7963314,0.827642143,9.93240261,0.316370755,0.352041692,-12.0393324,-2.32160807,-0.000254631042,1
1901,22.299988,2.57675862,3.69532299,3.46053529,4.43364906,-4.75861502,20.9810486,-12.0286798,-2.54039717,-19.9938412,7.94324589,12.3729277,0.402657181,0.292386889,-12.0286798,-2.44300699,-0.000254631042,1
1902,22.310025,2.65575981,3.74036121,3.38301134,4.5421834,-2.28575563,20.6231709,-12.0457239,-2.66050529,-19.3400002,7.51693249,11.3598347,0.400526673,0.270016313,-12.0457239,-2.56361246,-0.000254631042,1
1903,22.320011,2.60333824,3.89319468,3.28629041,4.38122845,-1.83995938,20.2395134,-12.0137663,-2.78359556,-19.601059,5.36859941,10.1383743,0.415440351,0.199708849,-12.0137663,-2.68409586,-0.000254631042,1
1904,22.330004,2.67717099,3.99213028,3.07734394,4.48828602,-2.92359018,23.7781944,-12.06703,-2.90357351,-23.7971325,2.76521301,8.96481419,0.368568718,0.206100434,-12.06703,-2.80512857,-0.000254631042,1
1905,22.339990,2.77020049,4.07260799,3.08472729,4.34283543,2.23925114,16.1682301,-12.0563774,-3.02262735,-15.788187,4.14234924,3.61434102,0.377090842,0.232732043,-12.0563774,-2.92603922,-0.000254631042,1
1906,22.350008,2.78053665,4.24980593,2.90309906,4.31477928,4.15383148,17.4821529,-12.0063095,-3.14142752,-17.4814663,4.15671921,7.72898436,0.283347577,0.251906812,-12.0063095,-3.04646158,-0.000254631042,1
1907,22.360011,2.88759422,4.25497437,2.81302333,4.20033836,5.47313595,19.0112801,-12.0148315,3.01240683,-19.5579472,2.97836971,3.2191627,0.216235906,0.262559444,-12.0148315,3.11639309,-0.000254631042,1
1908,22.369985,3.05297923,4.44767761,2.74509716,4.09844923,16.6654472,22.1116581,-12.0158968,2.89888144,-25.4688568,10.8627739,16.3366852,0.233280137,0.3541722,-12.0158968,2.9950552,-0.000254631042,1
1909,22.380011,3.10170889,4.42921925,2.66461945,4.06005621,11.6814098,20.0223961,-12.0372019,2.78294086,-22.8487053,3.91003251,14.1332674,0.238606468,0.315822691,-12.0372019,2.87518215,-0.000254631042,1
1910,22.389985,3.23682237,4.40485477,2.62475014,3.86070848,13.338376,14.9306488,-12.0659647,2.67859697,-19.3160515,5.26561403,12.9788675,0.285478085,0.406370163,-12.0659647,2.75463772,-0.000254631042,1
1911,22.400014,3.32911325,4.58648348,2.60776854,3.81271696,15.0226793,11.8345709,-12.0574427,2.55906391,-18.1472816,6.03441525,9.47255898,0.21090959,0.249776274,-12.0574427,2.63409328,-0.000254631042,1
1912,22.409989,3.45905876,4.51412678,2.59521699,3.67981815,16.257925,11.3574324,-12.0467901,2.44016743,-19.1675606,5.0907774,11.5610161,0.247128576,0.373346984,-12.0467901,2.53802395,-0.000254631042,1
1913,22.420010,3.54839611,4.46761227,2.47486997,3.53953624,19.6020813,8.1856842,-12.0691605,2.32181168,-19.9148064,7.3923912,12.1334257,0.259911746,0.289191067,-12.0691605,2.41766262,-0.000254631042,1
1914,22.429984,3.67834139,4.53406191,2.71261072,3.45610571,17.2299252,7.65470934,-12.0925961,2.20726585,-18.4059429,4.08486891,12.6220093,0.282282293,0.39784807,-12.0925961,2.29724026,-0.000254631042,1
1915,22.440010,3.78982925,4.53553867,2.46527147,3.35864639,13.5946321,8.01801586,-12.1021833,2.08782864,-15.781002,-0.250116676,7.37452173,0.264172822,0.245515227,-12.1021833,2.17608547,-0.000254631042,1
1916,22.450008,3.80164218,4.43881798,2.74214363,3.26266384,22.578949,4.62292862,-12.163969,1.97071123,-22.5972271,4.53273773,12.70823,0.299326539,0.454307079,-12.163969,2.05572414,-0.000254631042,1
1917,22.459994,3.98917675,4.38122845,2.56125402,3.1533916,20.8896713,1.55408657,-12.151186,1.82874346,-20.5949917,3.82620668,11.6640015,0.318501294,0.293452144,-12.151186,1.93475246,-0.000254631042,1
1918,22.469991,4.01058817,4.3568635,2.84846282,3.04633451,22.443491,-5.34658241,-12.1874046,1.70438004,-21.5314445,8.28812885,8.8618288,0.298261285,0.404239655,-12.1874046,1.81317043,-0.000254631042,1
1919,22.480011,4.1885252,4.31330204,2.69562936,2.98136187,16.3559227,-5.67024374,-12.218297,1.58121967,-16.2959309,5.84041834,13.5393019,0.317436039,0.23592785,-12.218297,1.69134426,-0.000254631042,1
1920,22.490032,4.15751505,4.19000149,3.10170889,2.9304173,16.5088291,-10.3101587,-12.1948614,1.47030115,-17.4599113,8.60187626,10.9407063,0.321697086,0.312626898,-12.1948614,1.56938076,-0.000254631042,1
1921,22.500006,4.28081608,4.1405344,2.89497733,2.88242602,17.0905552,-7.3318696,-12.2119055,1.34428978,-18.3005619,3.30648756,11.0868015,0.238606468,0.224209934,-12.2119055,1.44773769,-0.000254631042,1
1922,22.510025,4.36277056,4.04602766,3.19326138,2.80859327,18.0977516,-12.6896677,-12.146925,1.21356964,-21.3925323,5.56020117,11.0628519,0.252454907,0.311561644,-12.146925,1.32554531,-0.000254631042,1
1923,22.519991,4.33028364,3.95152235,3.19621468,2.7945652,15.4910507,-17.981678,-12.1884699,1.08752346,-22.0727177,8.72402191,10.373086,0.18001692,0.339258522,-12.1884699,1.20426846,-0.000254631042,1
1924,22.530015,4.36424637,3.8112402,3.22427082,2.76650858,12.1135855,-13.7674122,-12.155447,0.961119652,-17.814373,4.35071611,8.80434799,0.267368615,0.344584823,-12.155447,1.08250332,-0.000254631042,1
1925,22.539989,4.42626619,3.76915574,3.45315218,2.72663903,10.5300932,-16.4560757,-12.1107054,0.837680817,-18.8370476,5.18178797,6.45483398,0.24180226,0.325410068,-12.1107054,0.960494041,-0.000254631042,1
1926,22.550006,4.41076136,3.66726637,3.39999247,2.72516227,14.8415623,-15.6390686,-12.1501207,0.711852074,-21.5362339,-1.02131307,6.53147459,0.230084345,0.338193238,-12.1501207,0.839278221,-0.000254631042,1
1927,22.559991,4.37236834,3.58383584,3.53805971,2.62622666,2.37936568,-20.6921291,-12.1224232,0.571759224,-18.6885567,9.19584084,11.0796165,0.369634002,0.376542777,-12.1224232,0.717268944,-0.000254631042,1
1928,22.570005,4.35390997,3.44207716,3.67834139,2.82262135,2.14613605,-22.3768444,-12.146925,0.447107792,-21.1051311,7.73966885,10.5742674,0.317436039,0.345650107,-12.146925,0.595137596,-0.000254631042,1
1929,22.579991,4.3502183,3.44503069,3.66579008,2.66461945,2.00822449,-24.7567215,-12.1586428,0.334506989,-24.0438194,6.23080683,10.3563213,0.395200342,0.327540606,-12.1586428,0.472884178,-0.000254631042,1
1930,22.590034,4.31034899,3.35200119,3.75217414,2.87356591,-3.81045794,-20.9650116,-12.1895351,0.215444565,-19.6657238,8.20430279,9.83420658,0.433549851,0.389325947,-12.1895351,0.35063076,-0.000254631042,1
1931,22.600007,4.26383448,3.26118731,3.88211942,2.77020049,-6.13191891,-24.4757614,-12.1884699,0.0976643562,-23.7612076,8.48931026,14.4589901,0.500661492,0.342454314,-12.1884699,0.228194237,-0.000254631042,1
1932,22.610033,4.24389935,3.22279429,3.862185,2.97102499,-6.91793013,-22.9479504,-12.1863394,-0.0223135948,-23.0331211,3.56035948,8.09063244,0.468703598,0.352041692,-12.1863394,0.105269432,-0.000254631042,1
1933,22.620007,4.13905716,3.21614957,3.94413924,2.98136187,-8.90190983,-14.4876251,-12.138402,-0.114162922,-17.7377338,7.33491087,3.22395277,0.524097323,0.281734228,-12.1522512,-0.0161905289,-0.000254631042,1
1934,22.630015,4.04602766,3.16668153,3.98917675,3.08177376,-13.8750219,-21.2343693,-12.155447,-0.234105587,-19.9770756,7.30377531,5.21900368,0.447398305,0.26682052,-12.1522512,-0.138016701,-0.000254631042,1
1935,22.639989,4.04307461,3.05297923,4.02904701,3.08177376,-14.700985,-20.8147392,-12.1394672,-0.355582714,-23.7755775,6.69065046,12.6962547,0.386678219,0.331801653,-12.1234884,-0.259537697,-0.000254631042,1
1936,22.650013,3.94118571,3.05593276,4.02313995,3.3010571,-15.0290813,-16.293869,-12.1330757,-0.487924576,-23.1504765,6.38648319,12.8303766,0.380286634,0.431936532,-12.1288147,-0.381058693,-0.000254631042,1
1937,22.659988,3.89467144,3.06774569,4.09254265,3.17332625,-13.6188784,-12.0745678,-12.0851393,-0.605138302,-17.3425541,-0.609369636,2.09589839,0.360046595,0.314757437,-12.0872698,-0.50282383,-0.000254631042,1
1938,22.670033,3.78170753,2.98948312,4.0954957,3.40146923,-20.5190182,-8.52289104,-12.1011181,-0.724793434,-17.5533161,13.183548,11.4795856,0.381351888,0.283864766,-12.0787477,-0.624224663,-0.000254631042,1
1939,22.680010,3.72337961,3.15782142,3.99508357,3.36602974,-19.0535412,-12.0365877,-12.084074,-0.829869747,-22.1828899,4.949471,9.32646275,0.246063307,0.240188897,-12.0819435,-0.745135307,-0.000254631042,1
1940,22.690005,3.65397668,3.04338098,4.0135417,3.51443291,-19.1376114,-4.99997902,-12.0766172,-0.951722145,-18.4873734,7.03313828,6.39016867,0.329153955,0.312626898,-12.0595732,-0.866106987,-0.000254631042,1
1941,22.700030,3.59638739,3.0869422,4.0135417,3.53805971,-25.113451,-1.32964861,-12.0968571,-1.07452488,-22.7169781,10.7885284,8.86661911,0.361111879,0.26682052,-12.0925961,-0.987200737,-0.000254631042,1
1942,22.710005,3.52698469,3.10835361,4.02461672,3.61484551,-17.9330769,-3.42877769,-12.0766172,-1.19256687,-17.9317303,3.43581843,11.4412651,0.367503464,0.322214276,-12.0766172,-1.10835552,-0.000254631042,1
1943,22.720030,3.49745154,3.09432554,4.04455137,3.71525812,-21.2590046,-3.45237899,-12.0968571,-1.31250954,-21.4356441,2.09221244,5.59741688,0.341937125,0.284930021,-12.0968571,-1.22920132,-0.000254631042,1
1944,22.730005,3.46201205,3.18218637,3.92863393,3.67243505,-24.178997,2.29588079,-12.0680952,-1.43083906,-23.6222954,5.64642191,10.3060255,0.421831936,0.362694323,-12.0680952,-1.35023403,-0.000254631042,1
1945,22.740007,3.38301134,3.31508517,3.87916613,3.68941641,-19.1433868,4.26718569,-12.0989876,-1.55564737,-19.0765495,4.55668783,10.6030083,0.426093012,0.386130154,-12.0989876,-1.47114468,-0.000254631042,1
1946,22.749992,3.37562799,3.19916797,3.86513829,3.77137041,-18.0366592,5.84287405,-12.0489206,-1.69297647,-18.6143093,3.60107493,4.77832079,0.437810928,0.324344814,-12.0489206,-1.59205532,-0.000254631042,1
1947,22.759989,3.29662681,3.38005805,3.78170753,3.82379198,-18.8955631,13.8310413,-12.071291,-1.81482887,-21.6775398,8.85574818,9.50848389,0.428223521,0.353106946,-12.071291,-1.71339321,-0.000254631042,1
1948,22.769986,3.30474854,3.39999247,3.78982925,3.77580094,-22.2858696,13.6261339,-12.1192274,-1.93538189,-25.6796188,4.7842145,11.146677,0.42289722,0.358433276,-12.1192274,-1.83442545,-0.000254631042,1
1949,22.779995,3.44798398,3.53953624,3.76177239,3.87473631,-14.9706402,14.8245726,-12.1000528,-2.0448699,-20.0872478,6.35534763,7.6499486,0.371764511,0.353106946,-12.1000528,-1.95619059,-0.000254631042,1
1950,22.789992,3.60598564,3.79721236,4.00099039,4.01649523,-12.5428677,14.6403484,-12.134141,-2.16802979,-18.6047306,5.05245686,6.4955492,0.257781208,0.321149021,-12.134141,-2.07716227,-0.000254631042,1
1951,22.799988,3.74922061,3.95521355,4.05857992,4.14348745,-19.0257969,21.4631062,-12.2246885,-2.29674435,-28.4770012,3.42144847,8.22714901,0.301457077,0.399978578,-12.2246885,-2.19959879,-0.000254631042,1
1952,22.809985,4.00615835,4.08294439,4.03347683,4.15234756,-14.2673759,21.4241714,-12.3706303,-2.42368031,-25.5215473,3.34720278,12.6363792,0.321697086,0.353106946,-12.3706303,-2.32325602,-0.000254631042,1
1953,22.819995,4.20550632,4.29632044,4.12059927,4.22987175,-11.2995024,18.419363,-12.5666389,-2.55080795,-21.59132,0.875542521,12.8710918,0.301457077,0.223144665,-12.5666389,-2.44825602,-0.000254631042,1
1954,22.829992,4.22691822,4.29041386,4.13241196,4.36277056,-10.3799191,19.0051975,-12.7914095,-2.67991447,-21.6392193,-0.827316463,6.38298321,0.324892879,-0.000560861954,-12.7914095,-2.57508707,-0.000254631042,1
1955,22.850025,4.22839499,4.44915438,4.10140228,4.41371441,-0.0960946828,29.6111488,-13.2516041,-2.95661259,-29.1236553,5.3518343,12.9860525,0.384547681,0.00689598918,-13.2516041,-2.83650064,-0.000254631042,1
1956,22.860011,4.23799276,4.20181513,4.32880688,4.2704792,4.57761288,28.6961155,-13.4976797,-3.08376694,-28.3835945,6.22841167,12.5573444,0.364307672,0.0622897409,-13.4976797,-2.94343424,-0.000254631042,1
1957,22.870030,4.35538673,4.30887222,4.11543083,4.39377975,5.41626358,25.9185638,-13.6958189,3.0705471,-26.2376575,3.56275463,4.90046644,0.382417172,0.107030854,-13.6958189,-3.07847452,-0.000254631042,1
1958,22.880004,4.15234756,4.40485477,4.3229003,4.37827492,8.7347374,23.3934498,-13.7437563,2.93681002,-24.6808949,3.79507136,4.98429203,0.26097703,0.202904642,-13.7437563,3.06817532,-0.000254631042,1
1959,22.890012,4.38122845,4.36129379,4.32880688,4.29632044,7.85618305,26.3018456,-13.8694572,2.80329132,-27.4184017,-1.31829548,9.30251217,0.243932784,0.34138903,-13.8694572,2.93072414,-0.000254631042,1
1960,22.899987,4.17597342,4.42331266,4.20181513,4.30887222,20.8317928,19.9920025,-14.0920973,2.66914463,-27.2818871,9.45210838,16.0397034,0.16723375,0.436197579,-14.0920973,2.79168606,-0.000254631042,1
1961,22.910029,4.24537611,4.44177103,4.26088095,4.2224884,20.8972855,18.4328156,-14.153883,2.52777815,-27.1046543,6.46551847,11.5586205,0.159776896,0.426610202,-14.153883,2.65191555,-0.000254631042,1
1962,22.920005,4.36572361,4.47573423,4.01058817,4.4011631,21.8675346,17.9818306,-14.2817144,2.38840914,-28.0746384,3.6537652,9.58272934,0.140602127,0.348845899,-14.2817144,2.51104641,-0.000254631042,1
1963,22.929992,4.23577833,4.49862242,4.35981655,4.27933931,24.2217636,17.8616047,-14.3339128,2.24938869,-30.0672932,1.29946101,13.1800489,0.118231572,0.362694323,-14.3339128,2.36895657,-0.000254631042,1
1964,22.940012,4.36572361,4.58057642,4.09106588,4.28524637,25.6127682,11.5893478,-14.4542875,2.09594631,-27.9716511,2.81311345,8.47383595,0.119296834,0.247645751,-14.4542875,2.22576809,-0.000254631042,1
1965,22.949987,4.36424637,4.58352995,4.22987175,4.24094629,30.4157486,5.7059164,-14.4915714,1.95328093,-30.3475113,6.05836535,6.91467762,0.174690589,0.327540606,-14.4915714,2.08215237,-0.000254631042,1
1966,22.960012,4.30739594,4.59165096,4.27638578,4.27490902,27.5795288,0.0323257782,-14.5533571,1.81423378,-26.7741413,6.61640501,9.1396513,0.274825454,0.418088078,-14.5533571,1.93823147,-0.000254631042,1
1967,22.969987,4.40780783,4.64259577,3.98400879,4.23134851,28.4299793,-2.5010097,-14.6439047,1.6670785,-28.0578728,5.22250366,10.6221685,0.311044455,0.438328117,-14.6439047,1.79357815,-0.000254631042,1
1968,22.980013,4.41223812,4.61896944,4.28893757,4.27933931,27.9678955,-12.9230833,-14.6417742,1.51461315,-28.6494427,11.3321981,9.56117439,0.349393964,0.399978578,-14.6417742,1.64849758,-0.000254631042,1
1969,22.989987,4.4321723,4.60198736,4.26826429,4.33323717,30.384449,-15.2021313,-14.6854496,1.36905289,-32.8143806,8.80545235,8.15529823,0.284412831,0.392521739,-14.6854496,1.50273037,-0.000254631042,1
1970,23.000028,4.4602294,4.56654835,4.23430157,4.2328248,25.7416954,-17.2003708,-14.7387133,1.21075344,-30.1511192,7.02834845,8.02357197,0.23647593,0.50330925,-14.7387133,1.35649014,-0.000254631042,1
1971,23.010013,4.48311758,4.58057642,4.3568635,4.16932869,21.3975811,-21.8291893,-14.7653446,1.05985641,-29.3392086,8.57792568,4.46696806,0.21090959,0.532071352,-14.7653446,1.20963955,-0.000254631042,1
1972,23.020008,4.55473518,4.57466984,4.17449665,4.19000149,18.6076546,-22.0432568,-14.7791929,0.891408443,-28.3261147,5.45721531,8.30618382,0.156581104,0.551246166,-14.7791929,1.06199551,-0.000254631042,1
1973,23.029995,4.61601591,4.52667856,4.22691822,4.13536549,14.4642544,-26.5050144,-14.8239346,0.754419804,-29.2194576,7.61273289,10.8712502,0.222627491,0.505439758,-14.8239346,0.914595604,-0.000254631042,1
1974,23.040012,4.61306286,4.51117373,4.31773233,4.22101116,5.60723591,-28.9202194,-14.8484354,0.600594044,-27.0280132,11.7177963,14.0302811,0.276955992,0.451111287,-14.8484354,0.766341209,-0.000254631042,1
1975,23.049987,4.60420275,4.5082202,4.29779673,4.24094629,7.13012934,-32.2683067,-14.8750668,0.447944641,-28.8913403,11.2507677,12.6363792,0.298261285,0.379738569,-14.8750668,0.618208885,-0.000254631042,1
1976,23.060014,4.59903479,4.50526667,4.28081608,4.20033836,1.29239297,-36.7011108,-14.8942413,0.295461178,-34.8669128,11.487874,10.6317482,0.333415002,0.350976408,-14.8942413,0.469954491,-0.000254631042,1
1977,23.069990,4.5525198,4.50009871,4.33840513,4.2874608,-3.71732402,-30.553587,-14.86761,0.180540562,-31.9401989,7.5289073,9.37675762,0.357916087,0.370151192,-14.8654795,0.321028709,-0.000254631042,1
1978,23.080014,4.54956675,4.48311758,4.32733059,4.31034899,-7.41748428,-29.8844872,-14.884654,0.0343356133,-29.5954742,6.9660778,9.93719292,0.36643821,0.343519568,-14.8825235,0.172347069,-0.000254631042,1
1979,23.089989,4.5421834,4.47278118,4.33619022,4.3022275,-9.7806406,-28.2559528,-14.8963718,-0.108303547,-29.7224121,8.21627808,8.02117729,0.377090842,0.337127984,-14.8910456,0.0231161118,-0.000254631042,1
1980,23.100008,4.56064177,4.44767761,4.38934994,4.26235723,-16.8957119,-27.7591324,-14.8910456,-0.254247189,-27.7632847,4.20222473,7.61881351,0.356850803,0.300908983,-14.884654,-0.125626564,-0.000254631042,1
1981,23.110096,4.53922987,4.42774248,4.40928459,4.29632044,-20.7065945,-26.1386662,-14.9091549,-0.401908875,-32.4431534,8.09173679,10.9311256,0.309979171,0.361629069,-14.9187422,-0.274430275,-0.000254631042,1
1982,23.120008,4.53922987,4.4218359,4.32733059,4.29927397,-24.6574879,-21.317955,-14.956027,-0.563774109,-31.1953487,10.4340658,10.0665236,0.275890708,0.332866937,-14.9720058,-0.424027443,-0.000254631042,1
1983,23.130005,4.53775358,4.38270426,4.50969648,4.26383448,-25.9490356,-17.5515366,-14.9549618,-0.710641861,-30.2301559,9.45689774,7.08951426,0.225823283,0.329671144,-14.9421787,-0.573746681,-0.000254631042,1
1984,23.140014,4.53553867,4.35390997,4.48607063,4.42478943,-27.2116966,-14.4863653,-14.9453745,-0.855573654,-30.0433445,6.90859747,6.94581318,0.225823283,0.340323776,-14.9538965,-0.723467827,-0.000254631042,1
1985,23.150027,4.51708031,4.35981655,4.46318245,4.33471346,-28.3297329,-11.8541775,-14.9752016,-0.990138531,-30.1894398,5.62965679,9.73840618,0.244998053,0.300908983,-14.9911804,-0.873064995,-0.000254631042,1
1986,23.160012,4.49419165,4.35834074,4.52224874,4.34431124,-31.1701984,-6.22046566,-14.9847889,-1.14195967,-30.9342918,7.30377531,11.6903467,0.302522331,0.333932191,-14.9847889,-1.02302837,-0.000254631042,1
1987,23.170025,4.47425747,4.35538673,4.46908951,4.39820957,-32.463665,3.25746799,-15.001833,-1.28964758,-30.2852402,12.1369247,11.7574072,0.274825454,0.275342643,-15.001833,-1.17304897,-0.000254631042,1
1988,23.180012,4.44915438,4.3908267,4.47130394,4.40780783,-32.4253769,4.0116291,-15.0284653,-1.43696022,-31.6001072,8.30249882,8.83308887,0.251389623,0.283864766,-15.0284653,-1.32307339,-0.000254631042,1
1989,23.189986,4.43364906,4.41666746,4.41371441,4.48164082,-32.1241989,9.3595314,-14.9997025,-1.5912652,-32.3090324,8.70007229,9.1180954,0.295065492,0.278538436,-14.9997025,-1.47395229,-0.000254631042,1
1990,23.200025,4.42626619,4.43734121,4.45210743,4.41814423,-27.8627796,11.9285307,-15.0039635,-1.74858761,-29.533205,6.81279659,8.45946503,0.303587586,0.311561644,-15.0039635,-1.62348843,-0.000254631042,1
1991,23.210011,4.40263987,4.43069601,4.40263987,4.4602294,-26.5131741,14.2387524,-15.0210075,-1.89923143,-29.6888809,4.9255209,8.96481419,0.338741332,0.271081567,-15.0210075,-1.77393961,-0.000254631042,1
1992,23.220026,4.36572361,4.45579863,4.42626619,4.47278118,-24.237175,23.7472534,-15.0337915,-2.06449747,-32.5964355,9.42576313,9.85815716,0.32276234,0.288125813,-15.0337915,-1.92457438,-0.000254631042,1
1993,23.230012,4.34578848,4.48164082,4.44177103,4.47130394,-20.5395374,27.8962555,-15.0710754,-2.22201157,-33.2454834,9.73711586,4.1747756,0.225823283,0.316887945,-15.0710754,-2.07551432,-0.000254631042,1
1994,23.240010,4.32585382,4.51560354,4.39230347,4.49419165,-16.7368698,28.1731358,-15.0423136,-2.36213923,-31.8036823,7.89774036,4.89088631,0.168299004,0.455372334,-15.0423136,-2.22614908,-0.000254631042,1
1995,23.250009,4.26826429,4.4602294,4.3022275,4.4321723,-10.1405621,32.7101784,-15.0934458,-2.51812792,-32.4766846,10.8651695,8.54329109,0.0926652253,0.467090249,-15.0934458,-2.37708902,-0.000254631042,1
1996,23.259985,4.27343273,4.47130394,4.29484415,4.50305223,-6.88708925,31.1292915,-15.0263348,-2.66670561,-30.8337002,8.10850239,8.51694584,0.168299004,0.434067041,-15.0263348,-2.52815104,-0.000254631042,1
1997,23.270013,4.16046858,4.39673376,4.21436644,4.43069601,-2.18439388,31.3829079,-15.0007677,-2.8228159,-30.4864216,7.76122427,7.96130133,0.266303331,0.344584823,-15.0007677,-2.67848063,-0.000254631042,1
1998,23.279988,4.03495359,4.28524637,4.05562639,4.3502183,2.33039069,28.6986523,-14.9155464,-2.96787024,-27.8638763,7.25587511,8.25349331,0.267368615,0.284930021,-14.9155464,-2.82862711,-0.000254631042,1
1999,23.289986,3.96112037,4.24242258,3.86809182,4.16489887,11.1602163,29.22435,-14.8068895,-3.11483383,-28.9152889,11.938138,12.5549488,0.252454907,0.240188897,-14.8068895,-2.977736,-0.000254631042,1
2000,23.299995,3.77580094,4.17597342,3.82379198,4.19000149,16.6402283,30.4326973,-14.6843843,3.02157974,-32.2060471,12.8769855,12.7681055,0.263107538,0.232732043,-14.6843843,-3.09593058,-0.000254631042,1
2001,23.309991,3.76324916,4.09844923,3.72337961,4.1405344,19.9319649,22.9269161,-14.4223289,2.87134552,-27.416008,13.0877476,7.84873533,0.230084345,0.294517398,-14.4223289,3.04064846,-0.000254631042,1
2002,23.319987,3.75217414,4.12502909,3.66431355,4.02904701,19.0303249,19.6517792,-14.1922321,2.73589945,-25.5670528,9.72992992,7.791255,0.150189519,0.402109116,-14.1922321,2.89648342,-0.000254631042,1
2003,23.329985,3.67538857,4.14348745,3.59638739,4.01944828,20.3220367,21.3299541,-13.9141979,2.61249495,-28.6709976,6.7768712,11.0245314,0.157646358,0.537397683,-13.9141979,2.75457668,-0.000254631042,1
2004,23.339994,3.71378136,4.17301989,3.49154496,3.86070848,26.7499294,10.486352,-13.7000799,2.47729301,-24.7479553,14.5966101,10.4976273,0.186408505,0.539528251,-13.7000799,2.61529446,-0.000254631042,1
2005,23.349990,3.78023076,4.10361767,3.51148009,3.88507271,23.69594,5.37315893,-13.4572001,2.34411526,-20.7099514,12.7069387,8.77800274,0.243932784,0.513961911,-13.4572001,2.4783926,-0.000254631042,1
2006,23.360012,3.70492148,4.12355185,3.47456336,3.82674527,25.3752098,9.12482071,-13.226037,2.21815634,-25.7442837,8.02467632,10.9191504,0.240736991,0.489460796,-13.226037,2.34307766,-0.000254631042,1
2007,23.380033,3.77727723,4.11690712,3.31065512,3.69089341,24.5665302,-3.1278286,-12.9011316,1.96323824,-21.5027046,12.2854156,9.74319553,0.481486768,0.479873419,-12.9011316,2.07836819,-0.000254631042,1
2008,23.390008,3.76620221,4.06596279,3.39999247,3.58900428,23.6957798,-1.97075129,-12.7424078,1.82917881,-22.4056263,7.96001101,6.49794436,0.470834106,0.489460796,-12.7424078,1.94866848,-0.000254631042,1
2009,23.400005,3.8452034,4.02904701,3.25158906,3.50557327,21.4821053,-5.42444849,-12.6401415,1.68526697,-20.7219276,7.84265471,7.45116234,0.509183645,0.497982919,-12.6401415,1.82012844,-0.000254631042,1
2010,23.410010,3.86070848,4.06891632,3.19030786,3.38670278,24.5520668,-6.67691183,-12.499527,1.57301474,-24.5371933,6.73136568,5.88721418,0.488943607,0.496917665,-12.499527,1.69256496,-0.000254631042,1
2011,23.419985,3.90869951,4.06300926,3.22722435,3.33354306,20.870018,-7.56751776,-12.3983269,1.43209314,-21.7158604,4.60937834,4.46936321,0.406918257,0.560833514,-12.3983269,1.56608486,-0.000254631042,1
2012,23.430012,3.90722251,3.97957873,3.25380397,3.20728946,15.4870901,-11.6602669,-12.3290844,1.30268097,-18.0227394,7.14091396,9.85336685,0.39733088,0.549115598,-12.3290844,1.44053555,-0.000254631042,1
2013,23.439988,4.02166319,3.94856882,3.27816868,3.22722435,18.2379227,-18.1189232,-12.2715607,1.17148972,-23.8474274,9.60299397,13.9704056,0.332349747,0.532071352,-12.2715607,1.31620693,-0.000254631042,1
2014,23.450028,4.07113123,3.90426922,3.28259873,3.17923307,15.1539631,-13.1509113,-12.2044487,1.05935955,-19.6513538,4.05133867,12.9429426,0.306783378,0.378673285,-12.2044487,1.19212246,-0.000254631042,1
2015,23.460014,3.96850395,3.83265185,3.41106725,3.09432554,10.7290096,-13.7880392,-12.1266842,0.932389259,-16.8324146,4.67883348,7.25716543,0.358981341,0.31049636,-12.1266842,1.06846523,-0.000254631042,1
2016,23.470032,4.07556105,3.77432394,3.38817954,3.19473791,9.02582836,-23.0281563,-12.1139011,0.809996128,-22.4152069,10.4556208,9.20910645,0.350459218,0.183729887,-12.1139011,0.945296288,-0.000254631042,1
2017,23.480006,3.99065375,3.70492148,3.44503069,3.08177376,7.81585264,-15.6761208,-12.0915308,0.68398428,-17.0886822,3.84776187,11.6640015,0.276955992,0.200774118,-12.0915308,0.822920799,-0.000254631042,1
2018,23.490024,3.97514892,3.63847184,3.45758224,3.14969993,11.9931526,-23.2443905,-12.0233536,0.556316376,-26.072401,2.08981752,9.57314968,0.303587586,0.214622557,-12.0233536,0.70030117,-0.000254631042,1
2019,23.500010,3.98105574,3.58383584,3.54691958,3.1807096,4.91686249,-22.4923725,-12.0318756,0.423974514,-22.3265915,5.20813322,8.77560806,0.306783378,0.192251995,-12.0318756,0.578291893,-0.000254631042,1
2020,23.510024,4.00246668,3.51443291,3.62887383,3.02196956,-0.354226947,-20.6062031,-12.0169621,0.300431252,-18.8514175,4.92312622,8.48581028,0.321697086,0.203969911,-12.0169621,0.45597744,-0.000254631042,1
2021,23.520010,4.01501799,3.40959072,3.65397668,3.15634465,3.06930447,-23.1340961,-11.9860697,0.207466125,-23.4474602,4.75786924,7.29548597,0.324892879,0.243384689,-11.9754171,0.333968163,-0.000254631042,1
2022,23.530015,3.89171791,3.42952585,3.6923697,3.10170889,-2.08253098,-18.2535915,-12.0553122,0.10153532,-21.4500141,1.85271049,9.53003883,0.294000208,0.27960369,-12.0617037,0.212080956,-0.000254631042,1
2023,23.539989,3.99360681,3.38817954,3.65028524,3.17480302,-3.00829458,-18.4300709,-11.999918,-0.0140833855,-18.5137196,3.23463678,10.8281403,0.367503464,0.212492019,-12.0340061,0.0908041,-0.000254631042,1
2024,23.550029,3.88064289,3.29958034,3.85258651,3.21467257,-7.24839306,-18.3716545,-12.0308104,-0.128367424,-20.7818031,3.35678291,9.8270216,0.318501294,0.191186741,-12.0095053,-0.0307168961,-0.000254631042,1
2025,23.559991,3.89319468,3.2840755,3.75438881,3.19621468,-10.9470949,-19.1544933,-12.0830088,-0.248475552,-23.8665886,10.0700226,11.2233181,0.251389623,0.218883619,-12.0872698,-0.152115822,-0.000254631042,1
2026,23.570009,3.86513829,3.22427082,3.8452034,3.30770206,-6.95696402,-18.4433861,-12.0201578,-0.368775368,-20.3506985,2.14969301,5.89439964,0.295065492,0.271081567,-12.0595732,-0.273758888,-0.000254631042,1
2027,23.579985,3.80016565,3.19030786,3.87473631,3.25528049,-11.0812111,-13.9334221,-11.9988527,-0.488883972,-17.5054169,3.23942685,5.79380846,0.288673878,0.317953229,-11.9796782,-0.395340919,-0.000254631042,1
2028,23.590006,3.72780919,3.25675726,3.89762449,3.32911325,-24.0342503,-13.0272007,-12.079813,-0.617694378,-24.5395889,12.0483084,8.76842308,0.337676048,0.376542777,-12.0425282,-0.516739845,-0.000254631042,1
2029,23.599992,3.71082807,3.22722435,3.93158722,3.41697407,-16.6585655,-11.5100651,-12.0382671,-0.734332561,-19.70644,4.65248871,10.0018578,0.383482426,0.403174371,-12.0382671,-0.638140678,-0.000254631042,1
2030,23.610035,3.69089341,3.15782142,3.86661458,3.44355392,-14.4556799,-8.0867939,-12.0020485,-0.853578091,-16.2097111,3.40707827,6.3949585,0.433549851,0.340323776,-11.999918,-0.758807182,-0.000254631042,1
2031,23.620011,3.62739706,3.25971079,3.85258651,3.44207716,-20.0522175,-6.4592638,-11.9775476,-0.964147568,-20.156702,6.12542582,8.95044422,0.467638314,0.244449958,-11.9775476,-0.879351616,-0.000254631042,1
2032,23.630005,3.57940578,3.2796452,3.90722251,3.50852656,-24.2120037,-6.22393942,-12.0052443,-1.0809164,-24.292902,5.90029383,15.06493,0.44100672,0.284930021,-12.0052443,-1.00001812,-0.000254631042,1
2033,23.639990,3.54691958,3.17037296,3.7957356,3.58088231,-20.8626995,-2.65709352,-12.0499859,-1.20010042,-20.4081802,5.08119726,8.88577938,0.470834106,0.27960369,-12.0499859,-1.12062359,-0.000254631042,1
2034,23.650004,3.47899342,3.24272919,3.88359618,3.5734992,-18.4381256,-1.46542716,-12.004179,-1.31740999,-18.2167377,3.2035017,5.52077627,0.455920398,0.207165703,-12.004179,-1.24116421,-0.000254631042,1
2035,23.659990,3.45315218,3.31508517,3.84372687,3.71230459,-22.7140102,2.31297088,-12.0201578,-1.43512964,-22.1924686,5.36380959,11.8196783,0.386678219,0.309431106,-12.0201578,-1.36219692,-0.000254631042,1
2036,23.670016,3.40663743,3.1807096,3.87325931,3.62739706,-22.0133095,7.21466637,-12.0723562,-1.5586729,-21.9242268,7.4810071,11.9633789,0.214105383,0.325410068,-12.0723562,-1.48261929,-0.000254631042,1
2037,23.680031,3.36307645,3.27816868,3.82674527,3.62739706,-18.0234718,5.99279118,-12.0457239,-1.68535566,-18.5903606,3.89326715,5.5902319,0.239671722,0.340323776,-12.0457239,-1.60328579,-0.000254631042,1
2038,23.690005,3.36455297,3.3217299,3.74479079,3.79721236,-15.1960983,10.7353668,-12.0372019,-1.82061863,-17.3784809,6.64514494,11.9178734,0.203452736,0.344584823,-12.0372019,-1.72431803,-0.000254631042,1
2039,23.700028,3.30474854,3.38670278,3.862185,3.70344448,-18.6913776,13.8610744,-12.0585079,-1.94123316,-22.4415512,6.15416622,11.2257128,0.132080004,0.348845899,-12.0585079,-1.84559488,-0.000254631042,1
2040,23.710014,3.29515028,3.35200119,3.76177239,3.84668016,-16.6427326,18.1886292,-12.1011181,-2.05180264,-23.1696377,8.42464447,6.92904806,0.158711627,0.356302738,-12.1011181,-1.96668863,-0.000254631042,1
2041,23.720028,3.26118731,3.39260936,3.74331403,3.76620221,-11.6906424,14.6228247,-12.0947266,-2.17699432,-17.9389153,5.3566246,8.63909149,0.176821128,0.402109116,-12.0947266,-2.08766031,-0.000254631042,1
2042,23.730027,3.2722621,3.43543243,3.68793988,3.91903591,-12.1067009,12.7142887,-12.0553122,-2.30097437,-17.5006256,1.3976568,10.1575346,0.190669566,0.44152391,-12.0553122,-2.20912027,-0.000254631042,1
2043,23.740010,3.26266384,3.51000309,3.63478065,3.80164218,-8.16447639,23.6642914,-12.0894003,-2.42847681,-23.2390938,9.30601215,10.3946409,0.230084345,0.421283871,-12.0894003,-2.33033609,-0.000254631042,1
2044,23.750016,3.23165417,3.54248953,3.53953624,3.91903591,-6.12441063,20.2578907,-12.084074,-2.54928303,-20.2261581,6.22841167,9.31927776,0.299326539,0.378673285,-12.084074,-2.45142984,-0.000254631042,1
2045,23.760026,3.23165417,3.57645273,3.58088231,3.89762449,-5.81142902,20.8262463,-12.0499859,-2.66958284,-21.1913509,4.2932353,11.1658373,0.330219209,0.362694323,-12.0499859,-2.54841471,-0.000254631042,1
2046,23.770013,3.25675726,3.62444377,3.49449849,3.80385685,-5.13011217,20.0732613,-12.06703,-2.79452181,-20.621336,2.00359678,8.02836227,0.314240247,0.321149021,-12.06703,-2.66944742,-0.000254631042,1
2047,23.780028,3.28259873,3.64437866,3.39408565,3.91903591,1.92079711,18.9117832,-12.0627689,-2.91259003,-17.9820251,6.16374636,6.77816153,0.367503464,0.272146821,-12.0627689,-2.79060221,-0.000254631042,1
2048,23.790013,3.28776693,3.71082807,3.49154496,3.7957356,4.0938077,23.571867,-12.0190926,-3.04416466,-23.061861,6.36732292,10.26052,0.333415002,0.309431106,-12.0190926,-2.91157389,-0.000254631042,1
2049,23.800009,3.38301134,3.73076272,3.40146923,3.78318405,3.09949613,23.232811,-12.012701,3.1306138,-23.2654381,2.84424877,10.0569439,0.287608624,0.329671144,-12.012701,-3.0324235,-0.000254631042,1
2050,23.810007,3.38670278,3.76029563,3.34609485,3.77432394,4.7427001,15.9804993,-12.00844,3.01581526,-16.449213,2.70054746,6.17461681,0.271629661,0.363759607,-12.00844,3.13037014,-0.000254631042,1
2051,23.820005,3.61484551,3.80681038,3.49302149,3.80385685,13.1139107,16.1332073,-11.9764824,2.90200233,-18.7843571,8.91083336,5.4776659,0.230084345,0.320083737,-11.9764824,3.00994778,-0.000254631042,1
2052,23.830012,3.70122957,4.02461672,3.66283655,3.98253202,10.3270369,23.9753895,-11.9977875,2.7866025,-26.0700054,1.34975636,15.3738871,0.16190742,0.32860586,-11.9977875,2.88922024,-0.000254631042,1
2053,23.840009,3.86809182,4.16046858,3.78318405,3.93970895,13.0488558,16.960783,-12.1831436,2.66865635,-21.04286,3.89087224,12.4567528,0.157646358,0.356302738,-12.1831436,2.76837063,-0.000254631042,1
2054,23.850007,4.06596279,4.04159832,3.99065375,4.0644865,12.7058277,13.7534771,-12.3450642,2.54670811,-18.5113239,2.81550837,1.04687989,0.165103212,0.209296227,-12.3450642,2.64605618,-0.000254631042,1
2055,23.860005,4.2158432,4.3192091,4.09401894,4.16637516,17.7424145,11.7530413,-12.4973965,2.42158604,-20.5351162,5.58894157,8.11697769,0.352589756,0.265755236,-12.4973965,2.52148342,-0.000254631042,1
2056,23.870012,4.32142401,4.39377975,4.26531076,4.1715436,21.641386,14.2252188,-12.7253628,2.28507662,-25.6700382,3.42863345,6.7494216,0.429288805,0.324344814,-12.7253628,2.39581203,-0.000254631042,1
2057,23.890026,4.24389935,4.31477928,4.2158432,4.1885252,19.3268719,12.4912853,-13.1354895,2.03440571,-22.8726559,-2.53017545,5.83691883,0.625297427,0.357367992,-13.1354895,2.13787746,-0.000254631042,1
2058,23.900011,4.17449665,4.36277056,4.07556105,4.17449665,25.7990704,0.781164527,-13.4263067,1.90804482,-24.6042538,7.79954481,9.30969715,0.590143681,0.359498531,-13.4263067,2.00598049,-0.000254631042,1
2059,23.910015,4.13536549,4.31034899,4.10804796,4.03200006,26.9842072,-0.657573521,-13.5775747,1.76862288,-26.3286686,5.9481945,10.8664598,0.451659352,0.294517398,-13.5775747,1.87237453,-0.000254631042,1
2060,23.920030,4.14201069,4.32733059,4.03347683,4.11395407,26.0807571,-2.41411591,-13.7181892,1.63046551,-25.890379,3.96511793,15.0266094,0.412244558,0.207165703,-13.7181892,1.73730373,-0.000254631042,1
2061,23.930004,4.20181513,4.36129379,4.07556105,4.11690712,26.0496864,-6.97026539,-13.8545437,1.48896885,-26.5322456,4.81774473,10.8449049,0.318501294,0.0686813295,-13.8545437,1.60081387,-0.000254631042,1
2062,23.940013,4.24242258,4.38787317,4.13905716,4.10509443,25.1985779,-4.94016552,-13.935504,1.34843063,-25.6676426,-0.738700688,8.39719486,0.266303331,0.0431149788,-13.935504,1.46330166,-0.000254631042,1
2063,23.949987,4.27195597,4.40928459,4.10804796,4.06005621,23.5586452,-18.9960651,-14.0409651,1.19762993,-28.8625984,9.10004044,9.66416073,0.154450566,0.0974434689,-14.0409651,1.32469082,-0.000254631042,1
2064,23.960028,4.29041386,4.41962147,4.20402956,4.0785141,23.5194893,-24.4046669,-14.1134024,1.05308962,-32.5150032,9.56706905,7.4655323,0.0138356555,0.206100434,-14.1134024,1.18522549,-0.000254631042,1
2065,23.970013,4.30444241,4.42478943,4.24242258,4.24094629,16.2991619,-18.23703,-14.1719923,0.890483379,-27.0735188,5.31351423,6.52428961,-0.00320857554,0.306235313,-14.2071457,1.04466152,-0.000254631042,1
2066,23.980030,4.41814423,4.44324732,4.16637516,4.09844923,14.093935,-19.120985,-14.2316475,0.775145054,-24.173151,5.07640743,4.72802496,-0.00320857554,0.27960369,-14.2540178,0.902998924,-0.000254631042,1
2067,23.989988,4.42774248,4.43734121,4.27343273,4.16637516,11.2489176,-28.2445545,-14.3158026,0.639681816,-23.6127167,5.66318703,4.55797863,0.00424827542,0.255102605,-14.3456306,0.76066494,-0.000254631042,1
2068,24.000026,4.43069601,4.44767761,4.27343273,4.09254265,4.67110395,-34.8429565,-14.4287214,0.49485445,-31.2839642,9.28445721,16.0947876,0.103317864,0.292386889,-14.4255247,0.617720604,-0.000254631042,1
2069,24.010012,4.44620085,4.45875216,4.24389935,4.18704844,2.56777763,-34.2004623,-14.5235291,0.343923092,-34.8046417,9.17668056,11.0436916,0.0830778405,0.370151192,-14.527791,0.473250389,-0.000254631042,1
2070,24.020008,4.45063114,4.44915438,4.2704792,4.33471346,-0.286705732,-29.860323,-14.5341825,0.200106621,-32.2707138,7.26306009,11.5921507,0.141667396,0.475612372,-14.5565529,0.329268456,-0.000254631042,1
2071,24.030028,4.48976183,4.44177103,4.2224884,4.17597342,-5.45923948,-23.5125828,-14.6044893,0.0609908104,-27.7704697,9.74669552,7.93974638,0.195995882,0.438328117,-14.6385784,0.184493065,-0.000254631042,1
2072,24.040014,4.51708031,4.4321723,4.24685287,4.30591917,-12.3198538,-26.5301723,-14.6343174,-0.0807590485,-27.4375629,10.1394777,7.18531513,0.26097703,0.374412239,-14.6353827,0.0388021469,-0.000254631042,1
2073,24.050025,4.5525198,4.43364906,4.33471346,4.26678753,-13.7615566,-26.0605755,-14.653492,-0.222884178,-28.45784,7.66063356,7.19489527,0.317436039,0.347780615,-14.6460352,-0.106278419,-0.000254631042,1
2074,24.060011,4.54513693,4.43734121,4.28893757,4.31773233,-17.8952255,-29.942873,-14.7110157,-0.385002613,-34.4717369,5.33985949,10.7371292,0.287608624,0.398913324,-14.716342,-0.252640724,-0.000254631042,1
2075,24.070009,4.52815485,4.43364906,4.28081608,4.35981655,-26.0446281,-24.0739727,-14.7323217,-0.515469551,-33.7843628,10.7933187,9.45100403,0.396265596,0.52141875,-14.7355175,-0.399064064,-0.000254631042,1
2076,24.079994,4.52077198,4.42478943,4.28524637,4.27343273,-23.6566792,-17.8862324,-14.7514963,-0.676418781,-28.7572174,7.25108528,8.7660284,0.376025587,0.524614513,-14.7514963,-0.546463966,-0.000254631042,1
2077,24.090030,4.5252018,4.41223812,4.23946953,4.28376913,-26.1441917,-11.2933702,-14.796237,-0.805045605,-26.6735516,9.97901154,5.72914314,0.325958133,0.497982919,-14.796237,-0.693682671,-0.000254631042,1
2078,24.100004,4.52963209,4.40633154,4.34578848,4.19590855,-30.4317799,-7.95686913,-14.8271303,-0.953021049,-29.4158478,11.1405964,8.67741203,0.345132917,0.518222928,-14.8271303,-0.840899467,-0.000254631042,1
2079,24.110007,4.52963209,4.40485477,4.3192091,4.31625557,-31.2008934,-9.19544601,-14.8239346,-1.10179043,-31.9881001,5.90029383,12.6220093,0.364307672,0.477742881,-14.8239346,-0.988970757,-0.000254631042,1
2080,24.119993,4.53258562,4.41814423,4.34431124,4.31182575,-31.6871605,-2.13028836,-14.8526964,-1.24557209,-30.7067642,8.10610676,6.92425776,0.413309842,0.394652277,-14.8526964,-1.13673687,-0.000254631042,1
2081,24.130009,4.51412678,4.42626619,4.32733059,4.27195597,-30.1681137,1.17842054,-14.8654795,-1.39466333,-29.4948845,6.44635868,11.4149199,0.355785549,0.32860586,-14.8654795,-1.28462124,-0.000254631042,1
2082,24.139994,4.49271536,4.41962147,4.31330204,4.45063114,-30.7369118,9.28756142,-14.8324566,-1.54398108,-30.4768429,10.1083431,12.9525223,0.350459218,0.300908983,-14.8324566,-1.43275356,-0.000254631042,1
2083,24.150025,4.47868776,4.41814423,4.34578848,4.31182575,-29.5699539,12.3141336,-14.8505659,-1.69917583,-30.9031563,8.4270401,8.97678947,0.355785549,0.284930021,-14.8505659,-1.58094692,-0.000254631042,1
2084,24.160010,4.47425747,4.42331266,4.41076136,4.34431124,-27.7535782,18.4836845,-14.8654795,-1.86500835,-31.9210396,9.64131451,9.25221729,0.383482426,0.294517398,-14.8654795,-1.72944498,-0.000254631042,1
2085,24.169986,4.47573423,4.42626619,4.37236834,4.46170568,-25.6288776,20.8840179,-14.8793278,-1.99858856,-31.9833088,8.36955929,9.10133076,0.341937125,0.285995275,-14.8793278,-1.87812662,-0.000254631042,1
2086,24.180025,4.48976183,4.44472456,4.39230347,4.31773233,-24.0721054,20.8595009,-14.9016981,-2.16750765,-31.6336365,3.72801089,6.16024637,0.340871841,0.326475352,-14.9016981,-2.02790689,-0.000254631042,1
2087,24.190010,4.40928459,4.44324732,4.3022275,4.43069601,-18.3993397,21.2277145,-14.9251347,-2.30474901,-27.8806419,3.43821359,5.72195816,0.288673878,0.285995275,-14.9251347,-2.17664957,-0.000254631042,1
2088,24.200034,4.4218359,4.43881798,4.39673376,4.34578848,-11.0945101,27.3049164,-14.9293957,-2.46143532,-28.2063637,8.54679108,8.39719486,0.227953821,0.308365852,-14.9293957,-2.32606363,-0.000254631042,1
2089,24.210008,4.41223812,4.48311758,4.40928459,4.42331266,-5.94676733,34.0940819,-14.9411135,-2.61207867,-32.4287834,12.0890245,13.2902203,0.244998053,0.326475352,-14.9411135,-2.44569254,-0.000254631042,1
2090,24.220027,4.44472456,4.50009871,4.35538673,4.42478943,-2.8278079,34.7204285,-14.9379177,-2.76167631,-33.2933846,10.249649,13.6949787,0.286543369,0.320083737,-14.9379177,-2.59528971,-0.000254631042,1
2091,24.230014,4.41666746,4.50157547,4.4351263,4.36277056,1.16976142,31.945034,-14.9379177,-2.9128952,-30.8480701,8.38153458,7.85113049,0.286543369,0.289191067,-14.9379177,-2.74494791,-0.000254631042,1
2092,24.240035,4.41814423,4.49566889,4.37384462,4.41814423,4.39387035,30.2074757,-14.9155464,-3.06103611,-29.7559414,6.81040144,9.39831352,0.307848662,0.263624728,-14.9155464,-2.89472818,-0.000254631042,1
2093,24.250010,4.42921925,4.48459435,4.36277056,4.46170568,7.92324305,28.2480087,-14.9102201,3.07712984,-28.6997375,6.08710575,5.14236307,0.278021246,0.273212105,-14.9102201,-3.04456949,-0.000254631042,1
2094,24.260007,4.4011631,4.51412678,4.38787317,4.44177103,13.3386307,28.9594975,-14.9059591,2.91631079,-31.2073231,6.53257942,6.93144274,0.316370755,0.31049636,-14.9059591,3.08935452,-0.000254631042,1
2095,24.269993,4.44472456,4.50157547,4.32733059,4.4321723,18.7351055,27.9738293,-14.9187422,2.78861618,-32.7257652,7.90971565,13.376441,0.295065492,0.342454314,-14.9187422,2.93975735,-0.000254631042,1
2096,24.280012,4.41076136,4.51265001,4.35390997,4.41666746,24.9724903,25.0783672,-14.943244,2.64400673,-33.9568062,9.97422218,14.1117115,0.268433869,0.404239655,-14.943244,2.79052639,-0.000254631042,1
2097,24.290016,4.38122845,4.52372503,4.3671999,4.37975121,25.4574661,19.4366913,-14.9496355,2.49695539,-30.8337002,8.66893673,8.59837627,0.243932784,0.352041692,-14.9496355,2.64105129,-0.000254631042,1
2098,24.299991,4.42331266,4.52372503,4.25497437,4.3568635,24.1399193,14.4840612,-14.9709406,2.34881449,-27.3609219,6.62598515,4.89088631,0.240736991,0.321149021,-14.9709406,2.49157619,-0.000254631042,1
2099,24.310011,4.42331266,4.53258562,4.3671999,4.39377975,25.4145222,10.8401117,-14.9347219,2.20490217,-26.8962879,6.32421255,4.24183607,0.266303331,0.252972066,-14.9347219,2.34197903,-0.000254631042,1
2100,24.319986,4.44029427,4.53258562,4.29336739,4.3908267,28.7662888,7.86909533,-14.956027,2.0588975,-29.097311,6.5397644,7.52301264,0.250324368,0.27960369,-14.956027,2.19250393,-0.000254631042,1
2101,24.329985,4.44029427,4.56064177,4.31773233,4.39820957,33.3584976,2.21905088,-14.9783974,1.90969181,-32.1988602,8.9970541,12.2819166,0.264172822,0.301974267,-14.9783974,2.04321194,-0.000254631042,1
2102,24.339993,4.4351263,4.559165,4.36572361,4.32585382,35.6558037,-1.82014954,-14.9720058,1.75249004,-34.7399788,8.23304272,14.4470148,0.284412831,0.332866937,-14.9720058,1.89373684,-0.000254631042,1
2103,24.349990,4.44620085,4.55104303,4.29779673,4.36277056,34.787117,-7.72275209,-15.001833,1.60009146,-34.5459824,8.73839188,11.6256819,0.267368615,0.3541722,-15.001833,1.74328518,-0.000254631042,1
2104,24.359986,4.42921925,4.54661322,4.31477928,4.41666746,26.4905872,-10.6706953,-14.960288,1.4294343,-27.7297554,6.83195686,4.24902105,0.256715953,0.319018483,-14.960288,1.59379482,-0.000254631042,1
2105,24.369984,4.44472456,4.56064177,4.34283543,4.36572361,22.4527874,-15.7249231,-14.9720058,1.2929554,-25.9047508,8.96352386,5.9686451,0.206648529,0.344584823,-14.9720058,1.44370937,-0.000254631042,1
2106,24.379993,4.46761227,4.54365969,4.32733059,4.35169506,23.8813553,-19.5855923,-15.0050287,1.1331954,-29.9307785,7.61991787,9.41028786,0.165103212,0.338193238,-15.0050287,1.29344082,-0.000254631042,1
2107,24.389990,4.48976183,4.5480895,4.32585382,4.30739594,21.9507656,-23.8435726,-15.001833,0.970644474,-31.580946,7.27982521,11.1945782,0.176821128,0.383999616,-15.001833,1.14317226,-0.000254631042,1
2108,24.399986,4.49271536,4.56064177,4.3229003,4.36572361,20.2702007,-32.9433212,-15.0252695,0.818250179,-36.131485,11.2986679,11.5155106,0.217301175,0.468155503,-15.0252695,0.992781639,-0.000254631042,1
2109,24.420030,4.52815485,4.57762289,4.28524637,4.34283543,6.67527628,-26.9541111,-15.0167465,0.540804863,-28.999115,8.97789383,9.00313473,0.217301175,0.468155503,-15.0114202,0.691023827,-0.000254631042,1
2110,24.430029,4.51708031,4.5525198,4.33176041,4.34578848,0.817844927,-29.0631199,-15.0092897,0.383743763,-27.0328045,8.53960609,7.72419453,0.238606468,0.414892286,-15.001833,0.540816307,-0.000254631042,1
2111,24.440014,4.51708031,4.53110838,4.3568635,4.35169506,-1.55908954,-31.3243084,-15.0199423,0.238992691,-28.5225067,9.8017807,7.97567129,0.281217039,0.406370163,-15.023139,0.389937401,-0.000254631042,1
2112,24.450013,4.52815485,4.54661322,4.29336739,4.36867666,-6.86231136,-35.5226784,-15.0135508,0.0796017647,-28.5967522,8.58032131,11.2879839,0.305718124,0.370151192,-15.0135508,0.238936424,-0.000254631042,1
2113,24.459987,4.51117373,4.51117373,4.30739594,4.3671999,-10.9576454,-33.7022133,-14.9965067,-0.0671563148,-34.3615646,8.67133141,12.940547,0.355785549,0.409565955,-15.0007677,0.0882406235,-0.000254631042,1
2114,24.470029,4.5082202,4.52372503,4.29927397,4.39968681,-14.5902071,-29.952137,-15.0167465,-0.20262289,-33.5065422,8.53721046,14.1931429,0.380286634,0.381869078,-15.0210075,-0.0627603531,-0.000254631042,1
2115,24.480004,4.50969648,4.54661322,4.32733059,4.42626619,-18.63727,-24.3244896,-15.0178118,-0.35006237,-29.2410126,9.16470623,9.24503231,0.360046595,0.363759607,-15.0135508,-0.213273048,-0.000254631042,1
2116,24.490026,4.52077198,4.53775358,4.29484415,4.36129379,-18.7643433,-21.3480682,-15.014616,-0.49227953,-27.6818542,6.44635868,8.03315163,0.350459218,0.348845899,-15.010355,-0.363724709,-0.000254631042,1
2117,24.500012,4.51708031,4.53110838,4.33471346,4.40928459,-25.6180515,-19.162529,-15.031661,-0.636781216,-30.6397038,9.20302582,6.42130375,0.276955992,0.396782786,-15.0178118,-0.514420509,-0.000254631042,1
2118,24.510015,4.51117373,4.5082202,4.37679815,4.31625557,-29.7367535,-16.3369637,-15.0295305,-0.799454689,-32.7089996,9.01621437,11.6927423,0.299326539,0.425544918,-15.0444441,-0.664935112,-0.000254631042,1
2119,24.519991,4.52372503,4.51412678,4.29336739,4.39377975,-30.5364704,-12.4120197,-15.0455093,-0.943077564,-32.0048637,7.88816023,7.33380604,0.287608624,0.399978578,-15.0455093,-0.815814018,-0.000254631042,1
2120,24.530025,4.54365969,4.50009871,4.37089157,4.38934994,-32.2096825,-5.74773502,-15.0529661,-1.09524584,-31.2671986,9.6365242,8.56724167,0.256715953,0.363759607,-15.0529661,-0.966448784,-0.000254631042,1
2121,24.540012,4.54070663,4.51412678,4.3502183,4.36424637,-32.2767296,-3.03677821,-15.0348568,-1.27213335,-31.7414131,6.59484959,8.98876476,0.278021246,0.308365852,-15.0348568,-1.11757183,-0.000254631042,1
2122,24.550009,4.5082202,4.51265001,4.34283543,4.4321723,-31.4569397,2.49524069,-15.0210075,-1.42448473,-30.7570591,7.0546937,10.0761042,0.281217039,0.291321605,-15.0210075,-1.26863003,-0.000254631042,1
2123,24.560035,4.50526667,4.51560354,4.39968681,4.32585382,-31.0985546,8.27786732,-15.0039635,-1.55626726,-30.9750061,8.72881222,9.23305702,0.284412831,0.259363651,-15.0039635,-1.41914272,-0.000254631042,1
2124,24.570009,4.50526667,4.52667856,4.33619022,4.39820957,-30.5217991,12.31497,-15.0305958,-1.71579552,-31.9809151,7.77559423,9.8270216,0.267368615,0.282799482,-15.0305958,-1.57020473,-0.000254631042,1
2125,24.580028,4.51265001,4.5252018,4.35834074,4.39968681,-27.2549858,19.3433628,-15.018877,-1.87096405,-31.7557831,10.4196959,10.0761042,0.288673878,0.280668974,-15.018877,-1.72090006,-0.000254631042,1
2126,24.590013,4.50305223,4.52372503,4.41371441,4.38565826,-24.1495953,18.9528675,-15.0039635,-2.02137184,-29.9930477,6.54455423,8.32773972,0.280151784,0.330736399,-15.0039635,-1.87232828,-0.000254631042,1
2127,24.600011,4.49123907,4.52077198,4.38270426,4.45875216,-21.7755451,28.1261845,-15.0263348,-2.17193651,-33.8657951,10.8795395,13.6949787,0.22369276,0.408500701,-15.0263348,-2.02308512,-0.000254631042,1
2128,24.609985,4.49862242,4.52667856,4.37236834,4.32142401,-18.8807602,25.5241489,-15.0050287,-2.32145452,-31.2169037,5.78533316,12.02565,0.209844321,0.424479663,-15.0050287,-2.17408609,-0.000254631042,1
2129,24.620031,4.48459435,4.51708031,4.38934994,4.40485477,-14.8993502,29.7677822,-14.9922457,-2.46324706,-32.5269775,7.0786438,11.7574072,0.249259099,0.455372334,-14.9922457,-2.32472086,-0.000254631042,1
2130,24.630006,4.47721052,4.51117373,4.41223812,4.36867666,-5.7829442,30.5268879,-14.9933109,-2.62446618,-29.3942928,10.0652323,8.65585709,0.287608624,0.426610202,-14.9933109,-2.47529459,-0.000254631042,1
2131,24.640035,4.48607063,4.52372503,4.3568635,4.37679815,-2.2581706,29.5068455,-14.9645491,-2.76985979,-28.3117447,8.61385155,8.31097412,0.280151784,0.370151192,-14.9645491,-2.62556314,-0.000254631042,1
2132,24.650009,4.48311758,4.52077198,4.32880688,4.41962147,0.75218451,30.8816261,-14.9677448,-2.91629934,-29.9331722,7.63189316,7.03203392,0.270564407,0.327540606,-14.9677448,-2.74586344,-0.000254631042,1
2133,24.660013,4.46465921,4.51412678,4.37089157,4.41666746,6.77353334,29.3708572,-14.956027,-3.03922296,-28.5249004,9.73951054,10.1838799,0.308913916,0.325410068,-14.956027,-2.8964982,-0.000254631042,1
2134,24.669987,4.4661355,4.52963209,4.36424637,4.40780783,6.91187096,31.5304127,-14.9581575,3.09936261,-31.7941036,5.57457113,9.82462692,0.316370755,0.327540606,-14.9581575,-3.04591227,-0.000254631042,1
2135,24.680006,4.47425747,4.52815485,4.37827492,4.3398819,15.2736435,30.0671539,-14.9783974,2.94096899,-32.5078201,8.97549915,12.0615749,0.339806587,0.362694323,-14.9783974,3.08752346,-0.000254631042,1
2136,24.690028,4.48016405,4.52667856,4.36867666,4.43881798,19.5799942,29.894556,-14.9720058,2.79083252,-34.8022461,8.11568737,7.42721176,0.2790865,0.368020654,-14.9720058,2.93780422,-0.000254631042,1
2137,24.700015,4.48164082,4.51412678,4.39230347,4.33028364,18.6928558,24.8504124,-14.951766,2.63860369,-30.7834053,4.39861631,6.12671614,0.266303331,0.39784807,-14.951766,2.78753567,-0.000254631042,1
2138,24.710026,4.47868776,4.50009871,4.24980593,4.41962147,22.4431248,18.8003998,-14.9943762,2.47712374,-28.6398621,6.07513046,5.16870832,0.235410675,0.334997445,-14.9943762,2.63757229,-0.000254631042,1
2139,24.720011,4.46761227,4.49566889,4.39820957,4.39820957,26.4298573,10.7347088,-14.9837236,2.30082989,-26.853178,9.62694454,5.1399684,0.18001692,0.306235313,-14.9837236,2.48730373,-0.000254631042,1
2140,24.730033,4.47425747,4.52224874,4.30887222,4.42331266,31.3937016,10.3318386,-14.9815931,2.14693594,-31.9545689,8.43901443,11.4340801,0.213040113,0.280668974,-14.9815931,2.33666897,-0.000254631042,1
2141,24.740007,4.48459435,4.51412678,4.3841815,4.42626619,34.0138893,4.83520555,-15.0167465,1.98818541,-33.0538826,9.36828232,10.7155743,0.282282293,0.320083737,-15.0167465,2.18591213,-0.000254631042,1
2142,24.750030,4.49714518,4.49862242,4.37532139,4.42921925,36.1657143,4.59868622,-14.9986372,1.8537097,-36.011734,5.67995214,11.4173145,0.269499123,0.3541722,-14.9986372,2.03485012,-0.000254631042,1
2143,24.760004,4.48311758,4.5421834,4.25128317,4.41223812,30.8088913,-2.74617982,-14.9997025,1.70095825,-30.1918354,6.72178555,7.91100597,0.311044455,0.339258522,-14.9997025,1.88415432,-0.000254631042,1
2144,24.770026,4.47425747,4.53258562,4.36424637,4.3908267,28.1681976,-8.48057461,-14.9901152,1.5581212,-28.2734241,8.12287235,7.6020484,0.278021246,0.321149021,-14.9901152,1.73376369,-0.000254631042,1
2145,24.780013,4.48016405,4.50305223,4.37532139,4.44472456,27.3167553,-12.0440502,-14.9421787,1.4155364,-28.8506241,7.67500353,7.8152051,0.292934954,0.313692153,-14.9421787,1.58323574,-0.000254631042,1
2146,24.790029,4.47721052,4.50157547,4.39525652,4.39673376,25.6053944,-18.5009556,-14.9965067,1.26849711,-29.9523335,10.038887,8.25349331,0.203452736,0.353106946,-14.9965067,1.43315029,-0.000254631042,1
2147,24.800003,4.47278118,4.53110838,4.45063114,4.39230347,25.4998474,-23.5078011,-14.9549618,1.11967885,-33.1975861,10.038887,12.0879202,0.22369276,0.429805994,-14.9549618,1.2826376,-0.000254631042,1
2148,24.810011,4.48459435,4.54513693,4.35390997,4.35981655,20.9121685,-25.9942417,-14.9933109,0.972447395,-31.9210396,9.69879532,9.16360092,0.23647593,0.426610202,-14.9933109,1.13267422,-0.000254631042,1
2149,24.819986,4.48016405,4.54661322,4.37975121,4.34135818,18.9008999,-28.0496941,-14.9538965,0.809006929,-33.037117,7.25108528,6.64164543,0.235410675,0.470286041,-14.9538965,0.982283592,-0.000254631042,1
2150,24.829984,4.48828602,4.53258562,4.32437706,4.37827492,11.19732,-27.126667,-14.9379177,0.658785224,-28.3045597,7.75164413,8.80674362,0.246063307,0.460698664,-14.9379177,0.831587791,-0.000254631042,1
2151,24.840015,4.50009871,4.51855659,4.34135818,4.3502183,8.70340919,-27.8990173,-14.9347219,0.511711001,-28.5871716,6.07273531,7.13741446,0.21090959,0.423414409,-14.9347219,0.682356834,-0.000254631042,1
2152,24.849990,4.49862242,4.5421834,4.40263987,4.38934994,4.23632765,-30.0359001,-14.9379177,0.365561008,-26.7669563,9.9454813,9.91563702,0.289739162,0.42874074,-14.9379177,0.532515526,-0.000254631042,1
2153,24.859988,4.48607063,4.5421834,4.31330204,4.34135818,-0.262938231,-35.4711227,-14.9368525,0.257761478,-30.9917717,8.33123875,11.7430372,0.26097703,0.380803823,-14.947505,0.382613182,-0.000254631042,1
2154,24.869984,4.52077198,4.5480895,4.31330204,4.3568635,-5.90018082,-33.566124,-14.947505,0.10410428,-31.7557831,11.7249813,15.1128302,0.324892879,0.386130154,-14.947505,0.232893944,-0.000254631042,1
2155,24.879993,4.48828602,4.52224874,4.33840513,4.39377975,-8.17750549,-30.1759396,-14.938983,-0.0466928482,-31.3534203,9.82094097,11.8196783,0.300391793,0.285995275,-14.951766,0.0831136703,-0.000254631042,1
2156,24.889990,4.47130394,4.51708031,4.3568635,4.37236834,-13.9065161,-27.2365398,-14.9538965,-0.194533825,-31.2552242,7.94564056,7.50385284,0.307848662,0.270016313,-14.951766,-0.0668497086,-0.000254631042,1
2157,24.899989,4.46465921,4.50157547,4.37384462,4.41076136,-17.044117,-24.6012859,-14.9879847,-0.373773098,-28.6805782,6.71460056,7.24998045,0.286543369,0.26682052,-14.9858541,-0.217118263,-0.000254631042,1
2158,24.909986,4.46170568,4.51265001,4.43069601,4.38787317,-23.302597,-22.9427986,-14.9815931,-0.509729862,-30.6373081,7.51214218,8.66543674,0.230084345,0.365890115,-14.9656143,-0.367569923,-0.000254631042,1
2159,24.919995,4.46761227,4.52224874,4.34578848,4.39820957,-27.9742908,-21.0355377,-15.0082245,-0.67950058,-33.9424362,8.53721046,9.51327419,0.177886382,0.410631239,-15.0124855,-0.518204689,-0.000254631042,1
2160,24.929991,4.47573423,4.51412678,4.33176041,4.36572361,-29.0762272,-16.700613,-15.0028982,-0.830803394,-32.7329521,7.27264023,7.95172119,0.195995882,0.456437588,-15.0167465,-0.669390678,-0.000254631042,1
2161,24.940014,4.47573423,4.49714518,4.33840513,4.45210743,-29.4877224,-9.11784649,-15.0274,-0.961711407,-29.4014778,9.39223289,8.82829857,0.209844321,0.426610202,-15.0327263,-0.819964409,-0.000254631042,1
2162,24.949988,4.46908951,4.51117373,4.37532139,4.4321723,-30.1255074,-5.5019455,-15.0028982,-1.10527039,-29.3895035,8.60666656,8.08823776,0.231149614,0.359498531,-15.0167465,-0.970538139,-0.000254631042,1
2163,24.960011,4.49271536,4.51708031,4.38934994,4.37679815,-29.7769871,-2.44320059,-15.014616,-1.24791384,-29.013485,7.1313343,8.12895298,0.243932784,0.321149021,-15.014616,-1.12129498,-0.000254631042,1
2164,24.970050,4.50305223,4.51265001,4.36867666,4.45579863,-32.9467049,2.11947823,-14.9911804,-1.39243174,-32.0479736,7.9312706,12.1933012,0.244998053,0.332866937,-14.9911804,-1.27180386,-0.000254631042,1
2165,24.979991,4.48311758,4.51560354,4.3841815,4.39377975,-30.2176991,9.67701149,-15.018877,-1.54171991,-29.9235935,10.5514212,11.034112,0.287608624,0.338193238,-15.018877,-1.42213345,-0.000254631042,1
2166,24.990013,4.48164082,4.53922987,4.29336739,4.41371441,-31.186388,16.8433228,-15.006094,-1.68430185,-32.8934174,13.2027082,10.9047804,0.321697086,0.34138903,-15.006094,-1.57209682,-0.000254631042,1
2167,24.999989,4.47721052,4.5525198,4.41371441,4.3502183,-27.4989643,17.8581314,-14.9783974,-1.82644796,-31.1211033,10.3238945,11.4747953,0.336610794,0.355237484,-14.9783974,-1.72260904,-0.000254631042,1
2168,25.010015,4.47573423,4.51412678,4.39968681,4.42774248,-25.6319427,22.056551,-15.0210075,-1.99001646,-32.3904648,9.71316528,8.62472153,0.299326539,0.348845899,-15.0210075,-1.87232828,-0.000254631042,1
2169,25.020008,4.48016405,4.53406191,4.40263987,4.39820957,-21.6875172,20.0575485,-14.9656143,-2.15088272,-29.1332359,4.88959551,5.91355944,0.2737602,0.427675456,-14.9656143,-2.0225358,-0.000254631042,1
2170,25.029987,4.46908951,4.5421834,4.41814423,4.37679815,-19.656229,23.8106747,-14.9538965,-2.29747534,-30.5103722,4.7363143,7.87029076,0.218366444,0.42874074,-14.9538965,-2.17256021,-0.000254631042,1
2171,25.040034,4.46908951,4.50526667,4.34874201,4.37384462,-14.7058716,28.1362648,-14.9752016,-2.43380523,-30.9390812,7.11935902,11.2999592,0.220496967,0.505439758,-14.9752016,-2.32221842,-0.000254631042,1
2172,25.050007,4.47573423,4.5082202,4.40263987,4.33323717,-7.71783638,32.27668,-14.9570923,-2.59267426,-31.5617867,10.256834,10.1359797,0.232214868,0.453241795,-14.9570923,-2.47212076,-0.000254631042,1
2173,25.060029,4.50526667,4.54365969,4.34578848,4.37236834,-4.53292751,32.0619965,-14.9538965,-2.75094128,-31.3725796,8.01749134,12.6172199,0.226888552,0.365890115,-14.9538965,-2.62196207,-0.000254631042,1
2174,25.070014,4.49271536,4.53406191,4.3398819,4.38565826,4.46055079,32.7923889,-14.9741364,-2.90463066,-30.8289108,12.0339384,8.04752254,0.292934954,0.322214276,-14.9741364,-2.7723527,-0.000254631042,1
2175,25.080015,4.46908951,4.48828602,4.41666746,4.39820957,5.38747978,32.0763435,-14.9730711,-3.06394434,-31.5617867,7.8594203,9.15162659,0.286543369,0.315822691,-14.9730711,-2.92268229,-0.000254631042,1
2176,25.089989,4.46318245,4.49566889,4.38934994,4.41223812,7.1313324,27.8330269,-14.9783974,3.06685901,-28.2877941,5.03329706,7.9157958,0.270564407,0.290256351,-14.9783974,-3.07304239,-0.000254631042,1
2177,25.100034,4.48164082,4.52077198,4.39820957,4.36572361,16.0385399,29.9747658,-14.9869194,2.89308047,-32.9987984,8.17316723,3.99514914,0.263107538,0.337127984,-14.9869194,3.05938625,-0.000254631042,1
2178,25.110008,4.48976183,4.52224874,4.33176041,4.41666746,17.3964081,27.8614464,-14.9783974,2.74761367,-32.4048347,5.36859941,6.8979125,0.231149614,0.406370163,-14.9783974,2.93926907,-0.000254631042,1
2179,25.120011,4.48976183,4.47425747,4.34874201,4.41814423,22.5782471,23.3931522,-15.0050287,2.60526824,-31.6456127,7.45466185,7.99243641,0.211974844,0.430871248,-15.0050287,2.78851223,-0.000254631042,1
2180,25.129985,4.48311758,4.51708031,4.35834074,4.43734121,28.4105854,14.6850462,-15.0348568,2.46095157,-29.2913074,12.838665,9.15402126,0.145928457,0.44152391,-15.0348568,2.63799953,-0.000254631042,1
2181,25.140010,4.49862242,4.54070663,4.39230347,4.46761227,30.4557724,15.3726244,-15.018877,2.32885075,-32.685051,9.77543545,11.4244995,0.195995882,0.405304909,-15.018877,2.48712063,-0.000254631042,1
2182,25.149984,4.52077198,4.48828602,4.41371441,4.40263987,31.4907856,10.5167971,-15.018877,2.18346167,-31.8108692,9.50479889,9.50369358,0.24180226,0.387195408,-15.018877,2.33685207,-0.000254631042,1
2183,25.160009,4.49566889,4.50009871,4.30444241,4.46908951,30.4288807,8.21550465,-15.0039635,2.03737497,-30.8720207,6.3505578,8.31576443,0.242867514,0.361629069,-15.0039635,2.18646145,-0.000254631042,1
2184,25.169995,4.47868776,4.52667856,4.40928459,4.42478943,29.3876724,2.97514749,-15.0039635,1.88896036,-28.8434391,6.36732292,8.04752254,0.274825454,0.380803823,-15.0039635,2.03594875,-0.000254631042,1
2185,25.180015,4.48828602,4.50157547,4.34135818,4.44029427,31.5721798,-0.260249615,-14.9837236,1.73511386,-31.1043377,5.42128992,9.92042732,0.330219209,0.392521739,-14.9837236,1.88598537,-0.000254631042,1
2186,25.189989,4.50009871,4.51855659,4.38270426,4.39230347,31.7220612,-8.94114971,-14.9666796,1.58944511,-31.5498104,9.53114414,11.3119335,0.385612965,0.440458626,-14.9666796,1.73589993,-0.000254631042,1
2187,25.200031,4.49714518,4.5525198,4.45875216,4.41666746,28.5333786,-15.5944138,-14.9624186,1.42353034,-30.5127678,11.2387924,13.7740145,0.383482426,0.369085908,-14.9624186,1.58573818,-0.000254631042,1
2188,25.210006,4.48976183,4.51265001,4.37679815,4.45875216,27.0187435,-17.3755608,-14.9528313,1.26581192,-30.9893761,8.46057034,7.59725857,0.349393964,0.352041692,-14.9528313,1.4357748,-0.000254631042,1
2189,25.220013,4.48164082,4.51855659,4.45727587,4.35981655,22.631588,-21.2895107,-14.9624186,1.11511278,-29.6912766,9.15752029,7.99722672,0.35365501,0.334997445,-14.9624186,1.28544521,-0.000254631042,1
2190,25.229987,4.48164082,4.53775358,4.36424637,4.44324732,19.8565788,-24.5842152,-14.947505,0.983325481,-30.1535149,9.45689774,7.54696274,0.307848662,0.376542777,-14.947505,1.13535976,-0.000254631042,1
2191,25.240033,4.49566889,4.52815485,4.37236834,4.31330204,16.4351902,-24.5275135,-14.9624186,0.829042435,-28.6877632,6.98044777,3.20958281,0.274825454,0.344584823,-14.9624186,0.984969139,-0.000254631042,1
2192,25.250007,4.48607063,4.53922987,4.34431124,4.40780783,12.5169992,-29.3429623,-14.9411135,0.671550274,-30.7594547,8.45817471,8.72052288,0.231149614,0.353106946,-14.9411135,0.835249901,-0.000254631042,1
2193,25.260009,4.47278118,4.52372503,4.40485477,4.43069601,7.71181107,-34.063694,-14.956027,0.522001743,-33.3724213,10.2999449,14.3224735,0.173625335,0.393586993,-14.956027,0.685225487,-0.000254631042,1
2194,25.269984,4.47130394,4.48016405,4.40780783,4.31182575,4.44912386,-32.4022369,-14.9922457,0.36685586,-31.8420029,7.46903181,13.3477001,0.186408505,0.360563815,-14.9922457,0.535079002,-0.000254631042,1
2195,25.280031,4.45727587,4.5252018,4.35169506,4.4321723,-0.820617914,-31.2858257,-14.9901152,0.221301079,-30.3427219,7.66781855,7.64515877,0.231149614,0.342454314,-14.9901152,0.384688377,-0.000254631042,1
2196,25.290019,4.47130394,4.55768824,4.40633154,4.27638578,-5.69533682,-29.1585464,-14.9656143,0.0534954071,-28.8123035,7.24629498,9.08456516,0.200256944,0.293452144,-14.9656143,0.234419823,-0.000254631042,1
2197,25.300009,4.48459435,4.49419165,4.30075026,4.53110838,-10.1389227,-29.9506874,-14.9783974,-0.0864429474,-28.7907486,9.75148582,7.67150402,0.19280009,0.255102605,-14.9783974,0.0840291977,-0.000254631042,1
2198,25.310048,4.50157547,4.47425747,4.42626619,4.4602294,-16.0388622,-32.4353447,-14.9720058,-0.22753191,-28.7093182,6.47749376,8.06189251,0.174690589,0.256167859,-14.9720058,-0.0663614273,-0.000254631042,1
2199,25.320006,4.49419165,4.50969648,4.37384462,4.42331266,-18.0359821,-30.1312542,-14.9847889,-0.328326225,-33.3436813,9.33475208,9.64021015,0.220496967,0.315822691,-14.9741364,-0.216507912,-0.000254631042,1
2200,25.330034,4.48016405,4.51412678,4.3841815,4.49419165,-23.3138065,-24.8387527,-14.9922457,-0.495781422,-35.139946,9.73711586,11.8891335,0.213040113,0.405304909,-14.9666796,-0.366410255,-0.000254631042,1
2201,25.340007,4.47278118,4.50009871,4.4011631,4.44620085,-22.5454178,-20.8275051,-14.9688101,-0.630990982,-33.9759674,8.0486269,10.9550762,0.199191675,0.497982919,-14.9720058,-0.51680088,-0.000254631042,1
2202,25.350005,4.47868776,4.51412678,4.27786255,4.39820957,-21.5661392,-14.4523296,-14.9666796,-0.758212566,-30.11759,7.93845558,5.58783674,0.215170637,0.469220787,-14.9890499,-0.665606499,-0.000254631042,1
2203,25.359991,4.46908951,4.51560354,4.40263987,4.41076136,-25.6977291,-10.3222132,-14.9538965,-0.907755375,-27.416008,9.14315033,6.61769533,0.206648529,0.436197579,-14.9592228,-0.815203667,-0.000254631042,1
2204,25.370031,4.48828602,4.52815485,4.34135818,4.42478943,-31.0444679,-7.09964275,-14.9453745,-1.06331301,-30.5822239,9.82333565,9.27377224,0.22369276,0.396782786,-14.9464397,-0.96486187,-0.000254631042,1
2205,25.380006,4.49566889,4.50969648,4.44177103,4.40485477,-32.3892059,-5.70285702,-14.9453745,-1.22670031,-32.4144135,5.55780602,11.3047485,0.265238076,0.396782786,-14.9464397,-1.11458111,-0.000254631042,1
2206,25.390014,4.50674343,4.5082202,4.37236834,4.42921925,-34.752552,2.80617905,-14.9443092,-1.37726068,-33.5640221,9.43773842,11.0149517,0.297196001,0.378673285,-14.9198074,-1.26411343,-0.000254631042,1
2207,25.400012,4.48016405,4.51412678,4.3908267,4.38565826,-32.845005,6.24993134,-14.9357872,-1.53287745,-32.5844612,7.49058723,12.827981,0.308913916,0.382934362,-14.9357872,-1.41377163,-0.000254631042,1
2208,25.410010,4.46908951,4.5252018,4.31034899,4.41223812,-27.7156277,12.4933929,-14.938983,-1.67855406,-28.8985252,9.44013309,8.96241951,0.325958133,0.386130154,-14.938983,-1.56379604,-0.000254631042,1
2209,25.420007,4.44767761,4.49123907,4.38934994,4.38934994,-24.8997307,16.6361198,-14.9272652,-1.82964468,-28.3285103,9.70837498,6.67996597,0.344067633,0.329671144,-14.9272652,-1.71266079,-0.000254631042,1
2210,25.430005,4.45875216,4.56507158,4.45579863,4.42478943,-22.704298,21.0775642,-14.943244,-1.98242617,-29.2410126,10.2328844,7.28351068,0.298261285,0.361629069,-14.943244,-1.86262369,-0.000254631042,1
2211,25.440012,4.46170568,4.56507158,4.35390997,4.37975121,-23.4317398,19.8994007,-14.9538965,-2.1371789,-30.4504967,4.21898985,8.44030571,0.24180226,0.448980749,-14.9538965,-2.012465,-0.000254631042,1
2212,25.450010,4.4661355,4.48976183,4.38787317,4.38934994,-20.7099075,27.9241791,-14.9709406,-2.29482532,-34.0118904,7.20078945,8.8091383,0.209844321,0.484134465,-14.9709406,-2.1621232,-0.000254631042,1
2213,25.460007,4.45210743,4.49419165,4.38565826,4.37089157,-13.4353056,29.2732735,-14.9581575,-2.44805956,-31.0995483,8.38153458,11.5634108,0.194930613,0.455372334,-14.9581575,-2.31214762,-0.000254631042,1
2214,25.470032,4.44620085,4.53110838,4.33619022,4.34431124,-8.08182621,32.3300858,-14.9730711,-2.59500718,-31.8204479,9.89997578,11.7406425,0.227953821,0.445784956,-14.9730711,-2.46253824,-0.000254631042,1
2215,25.480015,4.44177103,4.50969648,4.40485477,4.37089157,-1.74241328,32.5832596,-14.9922457,-2.75437951,-30.8289108,10.6903324,7.21645021,0.235410675,0.355237484,-14.9922457,-2.61256266,-0.000254631042,1
2216,25.489989,4.46170568,4.47573423,4.42774248,4.43881798,1.81919682,31.7954025,-14.9954414,-2.89993191,-30.4361267,9.3754673,8.79716301,0.26097703,0.353106946,-14.9954414,-2.76319742,-0.000254631042,1
2217,25.500034,4.47130394,4.50009871,4.37532139,4.44029427,4.12572479,28.7639923,-14.9997025,-3.04544926,-28.2351036,6.86788177,8.43311977,0.272694916,0.320083737,-14.9997025,-2.91364908,-0.000254631042,1
2218,25.510010,4.4661355,4.50674343,4.41814423,4.39525652,8.57107925,30.3356953,-15.0199423,3.10387707,-30.6373081,7.42113161,6.44525385,0.256715953,0.320083737,-15.0199423,-3.06413126,-0.000254631042,1
2219,25.520012,4.46761227,4.49419165,4.36277056,4.45063114,10.7900114,31.1074352,-14.9965067,2.95529985,-32.5676956,4.84169483,8.58400631,0.255650699,0.377608031,-14.9965067,3.06896877,-0.000254631042,1
2220,25.529987,4.47130394,4.50969648,4.35834074,4.36129379,17.2737446,29.5809994,-14.9869194,2.80643463,-33.6167145,6.58287477,4.46696806,0.318501294,0.422349125,-14.9869194,2.91882229,-0.000254631042,1
2221,25.540034,4.48164082,4.50305223,4.37679815,4.46761227,21.6706657,24.3949299,-15.018877,2.66154575,-31.6456127,7.9552207,10.0042534,0.204518005,0.422349125,-15.018877,2.76861477,-0.000254631042,1
2222,25.550008,4.48828602,4.50969648,4.42478943,4.42921925,25.2996178,20.5548649,-15.0124855,2.51016927,-31.5258617,8.28812885,10.8784351,0.222627491,0.42874074,-15.0124855,2.64886379,-0.000254631042,1
2223,25.560012,4.48164082,4.52667856,4.39968681,4.4321723,27.9315472,15.5043116,-14.9752016,2.35888934,-30.6899986,8.87011814,8.39480019,0.216235906,0.38506487,-14.9752016,2.49896145,-0.000254631042,1
2224,25.569987,4.48459435,4.5082202,4.3908267,4.45727587,26.2918053,11.1063709,-14.9720058,2.21514225,-27.6914349,6.9133873,7.89663601,0.294000208,0.421283871,-14.9720058,2.34881496,-0.000254631042,1
2225,25.580008,4.46761227,4.51855659,4.39820957,4.43364906,31.6768875,8.12394428,-14.9528313,2.05137587,-31.8443985,7.4402914,9.8749218,0.289739162,0.418088078,-14.9528313,2.19799709,-0.000254631042,1
2226,25.590028,4.48828602,4.52372503,4.34135818,4.42626619,32.9951782,2.72077441,-14.9752016,1.89580584,-32.1365929,7.95761585,9.55877972,0.281217039,0.39784807,-14.9752016,2.04888821,-0.000254631042,1
2227,25.600014,4.47573423,4.51265001,4.39377975,4.44177103,32.4311676,-3.03732347,-14.943244,1.74283433,-31.4324551,8.54439545,11.4436598,0.323827624,0.382934362,-14.943244,1.89892483,-0.000254631042,1
2228,25.610029,4.47425747,4.51412678,4.36867666,4.44767761,32.7126732,-6.21230888,-14.8963718,1.60560131,-32.4766846,7.34688568,12.7249956,0.339806587,0.370151192,-14.8963718,1.74951077,-0.000254631042,1
2229,25.620004,4.48311758,4.51708031,4.44620085,4.36867666,29.8256664,-10.8788338,-14.8985023,1.45775604,-30.8624401,7.44508171,9.5012989,0.338741332,0.321149021,-14.8985023,1.60014248,-0.000254631042,1
2230,25.630029,4.46761227,4.50157547,4.3671999,4.48016405,24.7598648,-12.9297428,-14.9219379,1.30501151,-27.2866764,5.9721446,8.52892113,0.321697086,0.298778474,-14.9219379,1.45072842,-0.000254631042,1
2231,25.640014,4.46465921,4.49419165,4.36277056,4.40485477,25.2689819,-19.0373363,-14.9688101,1.14969444,-30.8432808,7.04511356,4.25860119,0.262042284,0.260428935,-14.9688101,1.30113125,-0.000254631042,1
2232,25.650028,4.45210743,4.5421834,4.35981655,4.40633154,20.6579647,-23.6199951,-14.9656143,0.979022741,-30.321167,8.07976151,7.25716543,0.234345406,0.278538436,-14.9656143,1.15043545,-0.000254631042,1
2233,25.660012,4.45432281,4.53775358,4.3229003,4.38270426,16.8302326,-29.8557186,-14.9666796,0.842835665,-32.4287834,11.0903006,6.30155277,0.225823283,0.338193238,-14.9666796,1.00071621,-0.000254631042,1
2234,25.670009,4.45063114,4.48016405,4.47278118,4.35834074,12.7885847,-33.6844254,-14.9805279,0.673218966,-34.3088722,11.0040798,13.1752586,0.173625335,0.402109116,-14.9805279,0.850569725,-0.000254631042,1
2235,25.680010,4.44620085,4.56802511,4.37532139,4.46908951,9.28996658,-29.6448727,-14.9464397,0.526673317,-30.2972164,6.87027693,11.6352615,0.110774718,0.399978578,-14.9464397,0.700484276,-0.000254631042,1
2236,25.690028,4.45875216,4.5695014,4.40485477,4.31330204,7.66243982,-27.101368,-14.9613533,0.375933647,-28.0219479,2.82269359,6.39256334,0.113970511,0.402109116,-14.9613533,0.549971581,-0.000254631042,1
2237,25.700004,4.46318245,4.45579863,4.30075026,4.49271536,2.67002916,-27.2501678,-14.9730711,0.247594357,-27.0735188,4.08965874,7.28111601,0.133145273,0.350976408,-14.9730711,0.399886131,-0.000254631042,1
2238,25.710008,4.45727587,4.47425747,4.4011631,4.31625557,-7.21959782,-27.6606331,-14.9613533,0.103237391,-26.769352,10.031702,9.43663311,0.14912425,0.353106946,-14.9613533,0.249983788,-0.000254631042,1
2239,25.719993,4.48311758,4.56211853,4.33471346,4.47721052,-11.4286308,-29.1693649,-14.9570923,-0.0401949883,-29.6050549,10.2472544,8.88098907,0.166168481,0.363759607,-14.9570923,0.100081444,-0.000254631042,1
2240,25.730034,4.48164082,4.52815485,4.36424637,4.44029427,-14.6461287,-30.1953545,-14.9240694,-0.185755253,-32.3808823,8.81742764,8.75884247,0.201322213,0.343519568,-14.9240694,-0.0495767593,-0.000254631042,1
2241,25.740009,4.50305223,4.4602294,4.43734121,4.41666746,-18.189661,-28.1055889,-14.9528313,-0.334846497,-32.5221901,7.94324589,9.54440975,0.249259099,0.413827032,-14.9528313,-0.199112892,-0.000254631042,1
2242,25.750014,4.48607063,4.48311758,4.30591917,4.49566889,-16.9571266,-24.2153244,-14.9709406,-0.450159073,-32.8790474,7.70374393,7.57570314,0.300391793,0.460698664,-14.9794626,-0.348954201,-0.000254631042,1
2243,25.759989,4.47868776,4.52815485,4.35169506,4.41814423,-21.0847549,-19.2170734,-14.956027,-0.591001034,-29.8493481,5.82125854,3.56404567,0.289739162,0.461763918,-14.960288,-0.498185158,-0.000254631042,1
2244,25.770032,4.48164082,4.51412678,4.32880688,4.40928459,-25.1233463,-15.6046391,-14.9656143,-0.753902912,-26.7837219,5.72306252,3.49698496,0.2737602,0.442589164,-14.9815931,-0.647845268,-0.000254631042,1
2245,25.780046,4.49714518,4.49271536,4.30075026,4.41519165,-29.8286953,-11.0330229,-14.9783974,-0.905521393,-28.8769684,10.3885603,5.2405591,0.246063307,0.450046003,-14.9783974,-0.797686577,-0.000254631042,1
2246,25.790003,4.50969648,4.51265001,4.50009871,4.42331266,-33.1799393,-8.77409458,-14.9198074,-1.05937147,-30.6636543,10.2927599,12.7393656,0.219431698,0.427675456,-14.9230042,-0.947405815,-0.000254631042,1
2247,25.800012,4.52224874,4.52224874,4.32880688,4.41076136,-33.7042732,-4.44286108,-14.9261999,-1.19374323,-34.8812828,8.8317976,11.6304712,0.246063307,0.408500701,-14.9272652,-1.09681988,-0.000254631042,1
2248,25.810031,4.48164082,4.49714518,4.42331266,4.38787317,-31.3812046,-0.527413309,-14.956027,-1.34525537,-33.4299011,8.50128555,10.8113747,0.292934954,0.388260663,-14.947505,-1.24604702,-0.000254631042,1
2249,25.820013,4.48828602,4.50526667,4.36572361,4.44915438,-26.7207699,4.73079109,-14.9485703,-1.49853897,-26.3095074,6.64754009,7.97327662,0.257781208,0.321149021,-14.9570923,-1.3961935,-0.000254631042,1
2250,25.829987,4.50009871,4.52077198,4.29927397,4.35390997,-26.9617691,11.2259331,-14.9624186,-1.657516,-27.8327408,8.84856319,8.74207783,0.281217039,0.281734228,-14.9656143,-1.54542446,-0.000254631042,1
2251,25.840112,4.47278118,4.52372503,4.44029427,4.4218359,-30.0115204,17.2537766,-14.9453745,-1.81255102,-33.2694359,9.56706905,12.7321806,0.274825454,0.292386889,-14.9528313,-1.69526577,-0.000254631042,1
2252,25.850012,4.48311758,4.51117373,4.3908267,4.40485477,-27.1350346,21.540123,-14.9975719,-1.96908617,-33.3652344,9.32996178,8.59119129,0.211974844,0.363759607,-14.9975719,-1.84522867,-0.000254631042,1
2253,25.860010,4.48976183,4.50969648,4.43069601,4.41223812,-24.6284828,22.6057796,-14.9986372,-2.13677359,-32.910183,5.87394857,5.75069809,0.219431698,0.444719702,-14.9986372,-1.99555826,-0.000254631042,1
2254,25.870005,4.48016405,4.51412678,4.42921925,4.44472456,-20.729208,25.9100571,-14.9954414,-2.2902565,-32.6658897,5.82844353,5.27887917,0.151254773,0.502243996,-14.9954414,-2.14600992,-0.000254631042,1
2255,25.880005,4.48016405,4.49714518,4.3022275,4.3229003,-13.4202394,24.8716202,-15.014616,-2.44520473,-27.6890392,5.6583972,3.01079607,0.120362096,0.448980749,-15.014616,-2.29676676,-0.000254631042,1
2256,25.889991,4.45579863,4.4661355,4.47130394,4.44620085,-7.2566762,27.9657001,-15.001833,-2.59554052,-27.6674843,8.32165909,7.69305897,0.12994948,0.412761748,-15.001833,-2.4477067,-0.000254631042,1
2257,25.900006,4.47425747,4.5421834,4.41223812,4.34431124,-3.10217381,34.4648666,-14.9975719,-2.72966695,-32.8239632,10.9561796,12.1645613,0.187473774,0.423414409,-14.9975719,-2.59767008,-0.000254631042,1
2258,25.909991,4.48311758,4.5252018,4.37679815,4.48828602,2.54580712,34.4833488,-14.9986372,-2.87558198,-32.601223,11.5214043,13.496192,0.253520161,0.433001786,-14.9986372,-2.74812174,-0.000254631042,1
2259,25.919987,4.47278118,4.50526667,4.49566889,4.48164082,5.75651646,34.06464,-14.9901152,-3.01988363,-33.1137581,9.8496809,10.9598656,0.255650699,0.424479663,-14.9901152,-2.89851236,-0.000254631042,1
2260,25.929995,4.48164082,4.53775358,4.34578848,4.38565826,6.67980146,28.368906,-14.9922457,3.1181457,-28.5177155,6.01285982,9.71924591,0.300391793,0.411696494,-14.9922457,-3.04853678,-0.000254631042,1
2261,25.939991,4.47278118,4.52224874,4.33176041,4.47573423,10.0541897,26.8668385,-14.9922457,2.96717334,-28.203968,5.23926878,5.12320328,0.347263426,0.360563815,-14.9922457,3.0844717,-0.000254631042,1
2262,25.949988,4.4661355,4.49714518,4.44620085,4.37089157,17.0399418,25.392025,-14.9805279,2.8014915,-29.6218204,7.59357309,9.34083271,0.378156096,0.404239655,-14.9805279,2.93402004,-0.000254631042,1
2263,25.959986,4.47130394,4.54661322,4.32733059,4.53258562,22.6881886,26.0802307,-14.9879847,2.65564561,-33.6574287,7.88097525,10.0234137,0.307848662,0.431936532,-14.9879847,2.78399563,-0.000254631042,1
2264,25.969994,4.47868776,4.5252018,4.51265001,4.41076136,28.1672134,20.1483898,-14.9943762,2.51034069,-32.8886261,10.8484039,13.2063942,0.295065492,0.495852381,-14.9943762,2.63372707,-0.000254631042,1
2265,25.979991,4.48016405,4.49714518,4.42331266,4.41371441,29.0645351,15.6399889,-14.9666796,2.37657094,-31.4109001,10.1346884,13.83389,0.253520161,0.49052605,-14.9666796,2.48358059,-0.000254631042,1
2266,25.989988,4.48016405,4.52963209,4.29927397,4.49714518,30.6415691,14.1002178,-14.9901152,2.22040963,-32.9293442,7.30617046,10.7155743,0.266303331,0.463894457,-14.9901152,2.36364651,-0.000254631042,1
2267,26.010028,4.48459435,4.51560354,4.3022275,4.47278118,28.9684696,5.17717838,-14.9752016,1.92779922,-28.9512157,5.27279902,8.82350826,0.306783378,0.322214276,-14.9752016,2.06371975,-0.000254631042,1
2268,26.020014,4.48164082,4.48459435,4.3841815,4.36424637,32.5776443,-0.359226048,-14.9847889,1.77675605,-31.8156586,7.013978,9.20192146,0.33554554,0.265755236,-14.9847889,1.91393948,-0.000254631042,1
2269,26.030007,4.44324732,4.51117373,4.4321723,4.47425747,31.9783306,-6.75181198,-14.9879847,1.6188767,-31.6168709,8.28094387,10.9742365,0.315305501,0.290256351,-14.9879847,1.7639761,-0.000254631042,1
2270,26.040025,4.46318245,4.54661322,4.29927397,4.41519165,30.586195,-14.8435249,-15.0124855,1.4507432,-32.1437759,11.0735359,12.0352297,0.306783378,0.285995275,-15.0124855,1.61352444,-0.000254631042,1
2271,26.050010,4.45875216,4.54956675,4.48164082,4.3841815,28.4505463,-19.0277634,-15.0252695,1.30250597,-32.4766846,10.805294,12.3920879,0.302522331,0.273212105,-15.0252695,1.46317959,-0.000254631042,1
2272,26.060010,4.46465921,4.52372503,4.3398819,4.53258562,24.2322369,-18.0816708,-15.0295305,1.14671016,-29.5260201,6.50862885,4.89567661,0.225823283,0.263624728,-15.0295305,1.31248379,-0.000254631042,1
2273,26.069994,4.46908951,4.51855659,4.3502183,4.29336739,20.3801422,-20.2839985,-15.023139,0.99204731,-28.1560688,5.83323336,3.53770041,0.194930613,0.27960369,-15.023139,1.16178799,-0.000254631042,1
2274,26.080024,4.44324732,4.51412678,4.41814423,4.34726524,17.521286,-26.705946,-15.0114202,0.848100662,-30.8049603,8.44141006,10.1910648,0.12994948,0.362694323,-15.0114202,1.01097012,-0.000254631042,1
2275,26.090010,4.46170568,4.52963209,4.41371441,4.59312773,13.566843,-33.9960632,-15.0050287,0.697640419,-34.7687187,11.4423685,15.6229696,0.0852083713,0.488395542,-15.0050287,0.86021328,-0.000254631042,1
2276,26.100011,4.49714518,4.56654835,4.4321723,4.24242258,10.3975973,-29.9524479,-14.9688101,0.54782486,-30.9845867,6.7241807,11.8196783,0.0937304869,0.45963338,-14.9688101,0.709578514,-0.000254631042,1
2277,26.109986,4.49419165,4.50674343,4.33028364,4.55768824,5.07321644,-33.3396111,-14.9677448,0.396318436,-32.7137909,8.18993282,13.144124,0.153385311,0.464959711,-14.9677448,0.559493065,-0.000254631042,1
2278,26.120012,4.48607063,4.5761466,4.43364906,4.28376913,0.579287291,-29.3048973,-14.9443092,0.248971462,-28.5440617,6.65951538,6.48117924,0.136341065,0.423414409,-14.9443092,0.409468651,-0.000254631042,1
2279,26.130035,4.47278118,4.5480895,4.30887222,4.49419165,-5.65109396,-29.5739861,-14.9411135,0.102164984,-28.8434391,8.63780117,6.60572004,0.19280009,0.3541722,-14.9411135,0.259322166,-0.000254631042,1
2280,26.140009,4.47425747,4.45432281,4.39377975,4.34874201,-10.9018497,-28.5991497,-14.9347219,-0.0559859276,-29.1643715,9.28445721,6.95539331,0.226888552,0.331801653,-14.9347219,0.109663963,-0.000254631042,1
2281,26.150015,4.47278118,4.49714518,4.44472456,4.43734121,-10.5578642,-29.424448,-14.9198074,-0.198686123,-30.9295006,4.54231739,8.72770786,0.276955992,0.361629069,-14.9198074,-0.0405435562,-0.000254631042,1
2282,26.159989,4.47721052,4.52077198,4.31182575,4.48311758,-17.0417042,-27.4785004,-14.9368525,-0.344124317,-31.6168709,6.77208138,11.0652466,0.338741332,0.383999616,-14.9368525,-0.190262794,-0.000254631042,1
2283,26.170006,4.46908951,4.47130394,4.48164082,4.3671999,-21.8033314,-28.1193123,-14.9762669,-0.477102757,-34.9914551,6.45593834,9.59470463,0.337676048,0.480938673,-14.9762669,-0.339859962,-0.000254631042,1
2284,26.179994,4.45210743,4.51265001,4.27786255,4.55621195,-26.6165466,-17.0159435,-15.0071592,-0.639063358,-29.533205,11.2148418,8.48102093,0.32276234,0.499048173,-15.0071592,-0.489884377,-0.000254631042,1
2285,26.190028,4.47278118,4.5525198,4.33323717,4.36572361,-25.2738781,-16.0226345,-14.9698753,-0.765650272,-29.0661755,7.11696386,6.49315453,0.224758029,0.458568126,-14.9698753,-0.639727592,-0.000254631042,1
2286,26.200012,4.52372503,4.50969648,4.44324732,4.40633154,-28.8959503,-11.9285831,-14.9443092,-0.912962914,-25.7730236,7.03553343,8.95523453,0.238606468,0.406370163,-14.9443092,-0.789385796,-0.000254631042,1
2287,26.210005,4.50157547,4.49271536,4.28229284,4.44177103,-32.5299606,-11.2744913,-14.9837236,-1.0318594,-30.2804508,10.0053568,12.3034716,0.234345406,0.359498531,-14.9954414,-0.938738823,-0.000254631042,1
2288,26.219991,4.51117373,4.5082202,4.44324732,4.37236834,-33.050808,-5.57119131,-14.9911804,-1.18873739,-33.3700256,8.88209343,11.6927423,0.244998053,0.326475352,-14.960288,-1.08858013,-0.000254631042,1
2289,26.230013,4.50526667,4.50674343,4.32142401,4.55104303,-31.9770317,2.17418408,-14.9794626,-1.34237146,-32.024025,7.2031846,11.8723688,0.257781208,0.272146821,-14.9773321,-1.23890591,-0.000254631042,1
2290,26.239987,4.48164082,4.50674343,4.34135818,4.41962147,-29.5412407,4.19338942,-14.9933109,-1.49264002,-32.4910545,9.09045982,10.26052,0.258846492,0.294517398,-15.0007677,-1.38813686,-0.000254631042,1
2291,26.250031,4.48607063,4.50305223,4.41519165,4.38565826,-28.0121593,10.6121836,-14.9815931,-1.66264009,-30.1271687,7.90013552,10.7467089,0.250324368,0.283864766,-14.9837236,-1.53852749,-0.000254631042,1
2292,26.260005,4.47573423,4.52815485,4.34431124,4.49566889,-29.3524704,15.0826941,-14.9901152,-1.80670977,-28.563221,9.34193707,10.7826347,0.201322213,0.348845899,-14.9879847,-1.68861294,-0.000254631042,1
2293,26.270009,4.46761227,4.5480895,4.49714518,4.32880688,-26.932003,21.3645267,-15.0210075,-1.97792196,-33.1903992,8.95394421,10.4976273,0.145928457,0.430871248,-15.0092897,-1.83918619,-0.000254631042,1
2294,26.279985,4.47721052,4.52372503,4.3841815,4.45579863,-24.5169811,23.1022835,-15.0167465,-2.11573076,-32.9413185,7.04750824,6.8500123,0.0862736329,0.562964022,-15.0220737,-1.98988199,-0.000254631042,1
2295,26.290027,4.48828602,4.48976183,4.41814423,4.29779673,-20.1079712,25.0095825,-15.0114202,-2.26984406,-31.4851456,6.20446157,9.01750469,0.119296834,0.581073523,-15.014616,-2.14008951,-0.000254631042,1
2296,26.300013,4.46908951,4.49419165,4.36129379,4.49271536,-14.3772879,27.5172958,-15.0092897,-2.42621613,-30.201416,7.19599962,10.4760723,0.122492626,0.505439758,-15.0092897,-2.29115152,-0.000254631042,1
2297,26.310010,4.49566889,4.51117373,4.40928459,4.37384462,-8.0164938,32.2551155,-15.0337915,-2.59863162,-31.7581787,9.8017807,11.2352934,0.158711627,0.476677626,-15.0337915,-2.44172525,-0.000254631042,1
2298,26.320031,4.49862242,4.52963209,4.40928459,4.43881798,-1.96688545,34.075531,-15.0263348,-2.73103452,-32.0288162,11.7968321,10.7227592,0.237541199,0.438328117,-15.0263348,-2.59254313,-0.000254631042,1
2299,26.330006,4.48016405,4.51412678,4.4218359,4.41962147,2.12027073,32.7458,-15.0050287,-2.89058042,-31.1929531,10.1873789,11.8316526,0.280151784,0.44152391,-15.0050287,-2.74311686,-0.000254631042,1
2300,26.340035,4.48164082,4.52077198,4.43069601,4.39673376,4.25513887,30.295351,-14.9954414,-3.02050662,-29.5595493,7.8833704,9.08935547,0.317436039,0.396782786,-14.9954414,-2.89381266,-0.000254631042,1
2301,26.350009,4.48459435,4.53258562,4.38122845,4.4661355,8.32606125,30.1992188,-14.9815931,3.10294104,-30.4983978,7.15288925,6.97934341,0.347263426,0.386130154,-14.9815931,-3.04420328,-0.000254631042,1
2302,26.360027,4.47278118,4.50157547,4.44472456,4.39673376,10.9027729,29.1449928,-14.9720058,2.9681232,-30.5894089,5.70869255,7.10148954,0.382417172,0.395717531,-14.9720058,3.08874416,-0.000254631042,1
2303,26.370013,4.47573423,4.5421834,4.35834074,4.45432281,20.2508221,25.7883053,-14.9528313,2.81868267,-30.8816013,11.0208454,11.1107521,0.398396134,0.421283871,-14.9528313,2.93853664,-0.000254631042,1
2304,26.380032,4.48016405,4.53406191,4.47278118,4.3908267,24.4923725,25.3423443,-14.9581575,2.6730268,-33.6717987,10.4077206,12.3130522,0.296130747,0.475612372,-14.9581575,2.78869534,-0.000254631042,1
2305,26.390006,4.48607063,4.51855659,4.40485477,4.41371441,26.837347,20.1898136,-14.9730711,2.52643824,-31.9761238,10.2664146,13.8219147,0.283347577,0.512896597,-14.9730711,2.63891506,-0.000254631042,1
2306,26.400025,4.47278118,4.53775358,4.40485477,4.34578848,25.3337383,17.0057125,-14.9709406,2.37750387,-29.8062363,6.52539396,9.2833519,0.222627491,0.457502872,-14.9709406,2.48876858,-0.000254631042,1
2307,26.410042,4.46465921,4.52077198,4.34874201,4.46318245,25.9494019,13.5563717,-14.9720058,2.22549129,-28.8386497,5.04766703,9.64500046,0.247128576,0.377608031,-14.9720058,2.33929348,-0.000254631042,1
2308,26.419994,4.48828602,4.50305223,4.3229003,4.51117373,30.0118122,6.70891476,-14.9538965,2.08152652,-29.4613533,8.81742764,6.45483398,0.268433869,0.356302738,-14.9538965,2.18951321,-0.000254631042,1
2309,26.429991,4.48976183,4.51265001,4.4218359,4.4218359,32.5126953,4.21136045,-14.9613533,1.91708875,-32.0120506,7.07385349,9.73840618,0.258846492,0.311561644,-14.9613533,2.03954983,-0.000254631042,1
2310,26.439989,4.49862242,4.50526667,4.32733059,4.44324732,35.1064796,-2.61370921,-14.9975719,1.78261137,-33.7723885,9.93590164,10.1431646,0.265238076,0.304104775,-14.9975719,1.91924953,-0.000254631042,1
2311,26.449985,4.48164082,4.48976183,4.44472456,4.41076136,34.5412445,-7.14369106,-15.0082245,1.60831285,-34.2489967,8.43422508,13.6877937,0.258846492,0.319018483,-15.0082245,1.76891994,-0.000254631042,1
2312,26.459994,4.47278118,4.52077198,4.38787317,4.45210743,32.9065094,-10.9783831,-15.001833,1.46904802,-33.8514252,7.57920265,8.61993217,0.288673878,0.303039521,-15.001833,1.61846828,-0.000254631042,1
2313,26.469991,4.47425747,4.51708031,4.39968681,4.41519165,25.244133,-13.3882885,-14.9933109,1.30667639,-27.8638763,6.33379269,7.4655323,0.283347577,0.308365852,-14.9933109,1.46775723,-0.000254631042,1
2314,26.479988,4.47425747,4.49714518,4.35981655,4.41962147,25.1182957,-14.8261776,-14.9879847,1.16855359,-28.9176846,3.80944157,5.71477318,0.268433869,0.346715361,-14.9879847,1.31809902,-0.000254631042,1
2315,26.489985,4.4661355,4.52077198,4.37532139,4.43734121,19.585495,-21.9621773,-15.0071592,1.01148438,-28.2542648,8.22346306,4.49810314,0.183212712,0.32860586,-15.0071592,1.16752529,-0.000254631042,1
2316,26.499993,4.47573423,4.55768824,4.44620085,4.37679815,18.3401165,-28.6686172,-15.0455093,0.853778362,-32.6634941,9.5574894,12.6866751,0.165103212,0.454307079,-15.0455093,1.01707363,-0.000254631042,1
2317,26.520034,4.49419165,4.5252018,4.45579863,4.32142401,9.1445446,-35.3918953,-14.9997025,0.552586794,-34.9243927,10.7933187,11.8316526,0.217301175,0.482003957,-14.9997025,0.715865135,-0.000254631042,1
2318,26.530008,4.48459435,4.5480895,4.33028364,4.46170568,5.17519999,-28.8384571,-14.9453745,0.387765646,-28.654232,6.11345053,9.11330605,0.208779052,0.403174371,-14.9453745,0.56535244,-0.000254631042,1
2319,26.539995,4.51560354,4.5421834,4.41962147,4.3908267,0.113727018,-27.6865292,-14.951766,0.254691839,-26.8220425,6.8654871,6.62727547,0.16190742,0.353106946,-14.951766,0.415389061,-0.000254631042,1
2320,26.550013,4.47278118,4.5731926,4.36129379,4.45727587,-4.61079025,-27.8314629,-14.9123507,0.0934894085,-27.2794914,7.18881464,7.7673049,0.182147443,0.373346984,-14.9123507,0.265120506,-0.000254631042,1
2321,26.559988,4.4661355,4.53553867,4.40780783,4.43881798,-8.98699093,-30.0903893,-14.880393,-0.0352253914,-30.3882275,7.92169046,11.0556669,0.249259099,0.346715361,-14.880393,0.115218163,-0.000254631042,1
2322,26.570005,4.48311758,4.49271536,4.43069601,4.39968681,-16.4607563,-29.5719795,-14.9283304,-0.193184376,-32.1820946,10.4771757,12.813611,0.237541199,0.380803823,-14.9283304,-0.0351724625,-0.000254631042,1
2323,26.579991,4.46908951,4.50009871,4.38122845,4.41962147,-17.609663,-28.3952217,-14.9027634,-0.322823048,-32.5150032,7.69176865,9.4054985,0.282282293,0.359498531,-14.9027634,-0.183915138,-0.000254631042,1
2324,26.590028,4.45063114,4.50526667,4.37679815,4.41371441,-18.4945698,-25.2239208,-14.9166117,-0.471434593,-30.8720207,5.02132177,6.31352806,0.252454907,0.437262833,-14.9166117,-0.33308506,-0.000254631042,1
2325,26.600006,4.44915438,4.52077198,4.33028364,4.48459435,-19.6744995,-20.1669483,-14.938983,-0.616620064,-27.8303452,4.38903618,2.93415546,0.246063307,0.451111287,-14.938983,-0.482560158,-0.000254631042,1
2326,26.609993,4.4661355,4.5421834,4.31773233,4.38787317,-27.0760441,-12.3950644,-14.9443092,-0.769721508,-27.7441254,10.8172684,6.50752449,0.197061151,0.41595754,-14.9443092,-0.632098198,-0.000254631042,1
2327,26.620011,4.53258562,4.46908951,4.36572361,4.43734121,-27.1744308,-12.6137228,-14.9485703,-0.905000687,-29.1619759,6.8654871,11.6687918,0.195995882,0.405304909,-14.9485703,-0.781878471,-0.000254631042,1
2328,26.629987,4.48459435,4.48311758,4.39968681,4.41814423,-33.2205124,-7.36196804,-14.9698753,-1.07327318,-32.706604,9.38504791,12.0016994,0.232214868,0.344584823,-14.9698753,-0.931414604,-0.000254631042,1
2329,26.640008,4.51560354,4.49123907,4.39525652,4.39230347,-33.8751183,-4.87047529,-14.9752016,-1.21027803,-33.4155312,7.3923912,12.9309673,0.238606468,0.340323776,-14.9752016,-1.08162212,-0.000254631042,1
2330,26.649995,4.50305223,4.51855659,4.31477928,4.44177103,-31.2013969,-1.71183205,-14.9634838,-1.36174774,-33.8298683,6.87267208,5.67405748,0.267368615,0.301974267,-14.9634838,-1.2309103,-0.000254631042,1
2331,26.660011,4.46761227,4.5082202,4.3671999,4.41814423,-29.0971889,6.53836203,-14.9528313,-1.48200274,-32.459919,7.46903181,11.1059618,0.265238076,0.356302738,-14.9507008,-1.3803854,-0.000254631042,1
2332,26.669987,4.43881798,4.51708031,4.39968681,4.41962147,-27.8596134,9.56686401,-14.9837236,-1.63545179,-29.6337948,9.02818966,8.009202,0.264172822,0.345650107,-14.9805279,-1.53016567,-0.000254631042,1
2333,26.680013,4.4602294,4.51855659,4.38270426,4.40263987,-26.6178665,16.1189728,-14.9815931,-1.79477692,-26.6112804,4.6716485,8.55047607,0.199191675,0.336062729,-14.9783974,-1.68031216,-0.000254631042,1
2334,26.689988,4.47868776,4.54956675,4.44177103,4.3908267,-26.0689754,20.9338264,-14.9986372,-1.94953346,-30.5846176,7.20557976,9.00553036,0.162972689,0.427675456,-14.9730711,-1.83027506,-0.000254631042,1
2335,26.700030,4.48164082,4.50526667,4.36572361,4.41519165,-24.8467216,26.4047661,-14.9997025,-2.10638189,-32.5197945,11.1525717,7.9157958,0.157646358,0.488395542,-15.0263348,-1.98048258,-0.000254631042,1
2336,26.710005,4.48016405,4.51855659,4.37532139,4.31034899,-19.6157322,24.0849285,-14.9826584,-2.27264786,-34.6801033,9.36588764,10.9071751,0.153385311,0.582138836,-14.9879847,-2.13081217,-0.000254631042,1
2337,26.720029,4.47425747,4.52963209,4.37384462,4.47278118,-13.9521227,29.5094891,-14.9847889,-2.42854619,-32.1270103,8.80545235,11.4867706,0.145928457,0.482003957,-14.9762669,-2.28132486,-0.000254631042,1
2338,26.730014,4.49714518,4.50969648,4.49566889,4.3841815,-9.5804863,30.2310352,-14.9815931,-2.58183789,-30.7043686,7.93366575,8.37084961,0.199191675,0.515027165,-14.9805279,-2.43189859,-0.000254631042,1
2339,26.740027,4.50157547,4.5421834,4.48976183,4.47425747,-3.61643529,28.8623123,-14.9315262,-2.719836,-27.8135815,8.51565552,8.23912334,0.287608624,0.420218617,-14.9176769,-2.58228922,-0.000254631042,1
2340,26.750012,4.47425747,4.559165,4.4661355,4.37679815,0.806243598,28.9251251,-14.9091549,-2.88198662,-27.7489147,8.20430279,12.5453691,0.295065492,0.427675456,-14.9219379,-2.73213053,-0.000254631042,1
2341,26.760032,4.47278118,4.50526667,4.34431124,4.38787317,7.5725174,32.1965637,-14.9634838,-3.02735305,-31.123497,11.1932869,11.7909374,0.287608624,0.394652277,-14.9634838,-2.88203287,-0.000254631042,1
2342,26.770044,4.45210743,4.53406191,4.39525652,4.43364906,9.43062115,31.8730659,-14.9112854,3.11218309,-32.1365929,8.48931026,10.0377836,0.332349747,0.339258522,-14.9112854,-3.03217936,-0.000254631042,1
2343,26.780008,4.44767761,4.53553867,4.3908267,4.39230347,13.1811733,30.6263123,-14.9261999,2.98185706,-32.3329811,8.14203262,12.3585577,0.34832871,0.3669554,-14.9261999,3.10131741,-0.000254631042,1
2344,26.789994,4.44620085,4.45432281,4.33028364,4.47868776,16.374073,26.8167973,-14.9666796,2.81682825,-30.6397038,6.9612875,9.08217049,0.336610794,0.346715361,-14.9666796,2.95153713,-0.000254631042,1
2345,26.800014,4.44620085,4.49271536,4.4602294,4.32733059,18.059042,23.5320225,-14.9783974,2.68052936,-29.1092854,5.70390224,10.3227911,0.254585415,0.387195408,-14.9783974,2.80114651,-0.000254631042,1
2346,26.809988,4.44915438,4.55473518,4.39673376,4.45432281,22.9243393,19.7661285,-15.0135508,2.51969385,-29.420639,7.11696386,12.0376244,0.166168481,0.408500701,-15.0135508,2.65045071,-0.000254631042,1
2347,26.820031,4.46170568,4.52224874,4.34578848,4.3671999,29.9783268,15.1395769,-15.023139,2.37430906,-31.7078819,11.0687456,11.0844069,0.188539028,0.474547088,-15.023139,2.50085354,-0.000254631042,1
2348,26.830004,4.47278118,4.49271536,4.4321723,4.50674343,27.1251469,13.2725306,-14.9794626,2.22638679,-29.5930805,6.01525497,9.89887238,0.162972689,0.405304909,-14.9794626,2.35046291,-0.000254631042,1
2349,26.840014,4.51855659,4.54070663,4.23799276,4.52077198,29.7281017,7.82455873,-15.0039635,2.07246494,-29.8277912,7.43550158,9.00553036,0.193865359,0.42874074,-15.0039635,2.20013332,-0.000254631042,1
2350,26.850028,4.49566889,4.48607063,4.42774248,4.43364906,34.2290802,4.33896303,-14.9592228,1.94383764,-33.4562454,8.43422508,11.9705639,0.240736991,0.3669554,-14.9592228,2.05016994,-0.000254631042,1
2351,26.860013,4.47573423,4.48828602,4.38934994,4.46908951,32.672905,2.34387898,-14.960288,1.79261041,-32.3880692,4.90157032,8.39958954,0.266303331,0.395717531,-14.960288,1.9000845,-0.000254631042,1
2352,26.870033,4.48164082,4.50157547,4.36277056,4.46318245,29.3612423,-1.60072458,-14.9911804,1.63976192,-29.1811371,3.62023497,10.3994312,0.2737602,0.368020654,-14.9911804,1.75030422,-0.000254631042,1
2353,26.880008,4.48976183,4.49123907,4.45875216,4.39230347,29.9158306,-11.7557716,-15.0028982,1.4837997,-30.8241196,9.11201572,11.4173145,0.29186967,0.347780615,-15.0028982,1.59989834,-0.000254631042,1
2354,26.890035,4.49862242,4.49566889,4.29336739,4.48311758,27.9223709,-16.86689,-14.9997025,1.33258104,-31.1139183,9.8017807,9.55877972,0.303587586,0.368020654,-14.9997025,1.44981289,-0.000254631042,1
2355,26.900007,4.48311758,4.5421834,4.44177103,4.41666746,23.9952812,-21.1296597,-14.9911804,1.16804767,-30.3570919,10.0340977,10.6676731,0.312109709,0.358433276,-14.9911804,1.32939053,-0.000254631042,1
2356,26.909994,4.49862242,4.52224874,4.4011631,4.47868776,22.9107838,-22.5695095,-14.9975719,1.01024556,-31.4037151,6.93494272,9.75277615,0.300391793,0.368020654,-14.9975719,1.17887783,-0.000254631042,1
2357,26.920028,4.48607063,4.5082202,4.35390997,4.42626619,17.0392456,-27.5069866,-14.9975719,0.857239723,-30.8863907,9.64371014,9.77672672,0.249259099,0.420218617,-14.9975719,1.02848721,-0.000254631042,1
2358,26.930013,4.47130394,4.6071558,4.5480895,4.39525652,12.9714413,-27.1069698,-14.9293957,0.716475248,-28.9607944,8.01988602,11.8100977,0.214105383,0.475612372,-14.9293957,0.878157616,-0.000254631042,1
2359,26.940024,4.48459435,4.56211853,4.37975121,4.37236834,8.98077679,-28.4281998,-14.9176769,0.565195322,-28.8170929,7.64147329,7.96848631,0.143797919,0.423414409,-14.9176769,0.728499413,-0.000254631042,1
2360,26.950010,4.52077198,4.54956675,4.37089157,4.35834074,3.3589592,-29.8414822,-14.8580227,0.415946722,-28.654232,8.98507977,10.126399,0.108644187,0.434067041,-14.8580227,0.578780174,-0.000254631042,1
2361,26.960007,4.46318245,4.58648348,4.40633154,4.40633154,-2.5030663,-31.7162361,-14.8228683,0.268887281,-29.9116173,10.8388243,12.3561621,0.153385311,0.350976408,-14.8228683,0.429427147,-0.000254631042,1
2362,26.970014,4.4602294,4.56064177,4.34431124,4.39820957,-4.62677717,-31.831274,-14.8431091,0.104955673,-31.1713982,7.93606091,11.4292898,0.133145273,0.365890115,-14.8431091,0.280440331,-0.000254631042,1
2363,26.980011,4.44767761,4.51265001,4.41519165,4.43881798,-11.5110579,-30.5949917,-14.8473701,-0.0387644768,-31.018116,10.3167095,8.58161163,0.206648529,0.344584823,-14.8473701,0.131026268,-0.000254631042,1
2364,26.990007,4.45727587,4.47721052,4.37532139,4.42626619,-10.4252357,-28.4364243,-14.8665447,-0.181150913,-29.8493481,5.13149261,8.58161163,0.218366444,0.326475352,-14.8665447,-0.0178995132,-0.000254631042,1
2365,27.000014,4.42774248,4.48164082,4.37089157,4.34283543,-15.7473888,-28.1835346,-14.9528313,-0.325438023,-31.7390175,5.90987396,5.86086893,0.213040113,0.370151192,-14.9528313,-0.167435646,-0.000254631042,1
2366,27.010011,4.42921925,4.5082202,4.35538673,4.50526667,-20.7286987,-25.4053898,-14.9230042,-0.469316006,-32.0336037,6.99721289,7.4128418,0.268433869,0.447915494,-14.9230042,-0.31733799,-0.000254631042,1
2367,27.020007,4.53553867,4.51560354,4.30444241,4.40780783,-19.6680603,-21.4193192,-14.938983,-0.618564129,-28.8554134,3.60346985,5.4249754,0.233280137,0.50330925,-14.938983,-0.466874123,-0.000254631042,1
2368,27.030014,4.44767761,4.51855659,4.37089157,4.44620085,-27.3172073,-12.7943125,-14.9592228,-0.764220238,-28.1393032,10.8675642,10.1886692,0.202387467,0.545919836,-14.9592228,-0.616900444,-0.000254631042,1
2369,27.050007,4.54070663,4.49862242,4.38270426,4.36424637,-28.371954,-8.88149834,-14.9421787,-1.03844213,-28.9536095,6.7481308,9.58991432,0.198126405,0.414892286,-14.9421787,-0.915484428,-0.000254631042,1
2370,27.060006,4.5082202,4.50526667,4.3841815,4.44029427,-27.5908947,-2.71005559,-14.9485703,-1.19112539,-26.6304417,7.70853376,8.41874981,0.247128576,0.364824861,-14.9485703,-1.06483746,-0.000254631042,1
2371,27.069993,4.42626619,4.50009871,4.34726524,4.38270426,-32.0716972,0.281829774,-14.9677448,-1.34447241,-31.1905575,7.47142696,11.8771582,0.270564407,0.347780615,-14.9677448,-1.21400356,-0.000254631042,1
2372,27.080025,4.52815485,4.51265001,4.3192091,4.45063114,-31.6477203,3.1816721,-14.9730711,-1.4952817,-31.3174934,5.56020117,10.0928688,0.312109709,0.370151192,-14.9730711,-1.36378384,-0.000254631042,1
2373,27.090009,4.52815485,4.53775358,4.39230347,4.44324732,-29.4079876,12.8649845,-14.9709406,-1.66344213,-30.4720516,10.0891829,10.147954,0.320631832,0.350976408,-14.9709406,-1.51399136,-0.000254631042,1
2374,27.100007,4.45727587,4.52372503,4.35834074,4.38270426,-29.6190987,18.6424866,-14.9826584,-1.81875896,-33.2885971,10.8028984,13.601573,0.325958133,0.361629069,-14.9826584,-1.66395473,-0.000254631042,1
2375,27.110146,4.42921925,4.53922987,4.45579863,4.44767761,-25.026062,22.1891193,-14.9730711,-1.97801733,-31.7677574,10.4628057,12.8830671,0.2737602,0.356302738,-14.9730711,-1.81373453,-0.000254631042,1
2376,27.120031,4.4661355,4.56654835,4.44177103,4.37679815,-21.625473,20.4604397,-14.9794626,-2.10143042,-30.005024,5.65121174,5.01303244,0.203452736,0.453241795,-14.9773321,-1.96388102,-0.000254631042,1
2377,27.130005,4.51117373,4.52667856,4.38270426,4.40633154,-18.8118038,24.7016582,-14.9549618,-2.23856783,-29.2074814,5.67037201,6.84761715,0.158711627,0.525679767,-14.9624186,-2.1140275,-0.000254631042,1
2378,27.140013,4.44767761,4.50305223,4.40485477,4.37532139,-15.3925352,27.9977913,-14.9325914,-2.3915391,-29.3727379,8.44859505,7.99243641,0.148058981,0.502243996,-14.9400482,-2.26405191,-0.000254631042,1
2379,27.149987,4.4321723,4.52224874,4.48459435,4.40780783,-10.4516182,36.0239143,-14.9485703,-2.54841661,-32.6036186,7.49298191,13.9871712,0.181082174,0.437262833,-14.9293957,-2.4141984,-0.000254631042,1
2380,27.160014,4.46761227,4.51265001,4.45579863,4.49271536,-3.5111289,31.7735596,-14.9240694,-2.71934128,-33.5041466,9.50479889,14.4781494,0.292934954,0.39784807,-14.9059591,-2.56410074,-0.000254631042,1
2381,27.170028,4.50157547,4.51117373,4.46908951,4.33323717,0.691954076,29.7373257,-14.9048939,-2.86407328,-31.5929222,8.56355572,11.357439,0.288673878,0.41595754,-14.8963718,-2.71406412,-0.000254631042,1
2382,27.180014,4.4602294,4.51265001,4.34874201,4.45579863,4.34662867,27.1948166,-14.9176769,-3.0086832,-26.3789635,7.91211033,11.2352934,0.257781208,0.373346984,-14.9293957,-2.86384439,-0.000254631042,1
2383,27.190016,4.42774248,4.51117373,4.3568635,4.29189062,9.33385849,28.8903217,-14.9219379,3.13078213,-28.9895344,9.02100468,6.03331041,0.299326539,0.316887945,-14.9325914,-3.01386881,-0.000254631042,1
2384,27.199992,4.42331266,4.51560354,4.36572361,4.44915438,11.1415825,27.7610073,-14.9240694,2.98632956,-29.1500015,6.71460056,7.83197021,0.263107538,0.305170059,-14.9368525,3.11962795,-0.000254631042,1
2385,27.210025,4.47278118,4.49862242,4.40263987,4.39673376,16.3971558,28.531023,-14.9847889,2.83647943,-32.1389847,7.06906366,9.97072315,0.290804416,0.332866937,-14.9975719,2.96942043,-0.000254631042,1
2386,27.220010,4.49862242,4.52815485,4.43734121,4.42478943,26.2146759,24.5389233,-14.9901152,2.68611503,-33.5688133,12.7476549,14.1117115,0.221562237,0.466024995,-14.9901152,2.81835842,-0.000254631042,1
2387,27.230008,4.46908951,4.50674343,4.40633154,4.49714518,27.4002151,21.3153324,-14.9943762,2.55339003,-32.9365273,10.9681549,11.5705957,0.12994948,0.467090249,-14.9943762,2.6691885,-0.000254631042,1
2388,27.239984,4.47130394,4.48828602,4.41666746,4.34726524,25.9797745,18.9341068,-14.9965067,2.40864992,-31.45401,6.64035511,9.54201412,0.135275796,0.505439758,-14.9965067,2.51898098,-0.000254631042,1
2389,27.250008,4.46908951,4.49714518,4.34135818,4.55768824,26.1643925,11.8955574,-14.9762669,2.25625396,-27.7848396,7.35407114,6.72307634,0.157646358,0.470286041,-14.9762669,2.3690176,-0.000254631042,1
2390,27.259995,4.47868776,4.52224874,4.32585382,4.52224874,24.910429,6.54942322,-14.960288,2.09144092,-24.8677063,6.70981073,8.39719486,0.171494797,0.451111287,-14.960288,2.21911526,-0.000254631042,1
2391,27.270013,4.48828602,4.48164082,4.38565826,4.37236834,28.6322327,5.49385262,-14.9315262,1.96415615,-28.5512466,5.90029383,10.5143919,0.226888552,0.420218617,-14.9315262,2.06902981,-0.000254631042,1
2392,27.279987,4.45432281,4.49419165,4.34431124,4.53258562,35.9152527,-1.33664274,-14.9155464,1.79841089,-34.6872864,9.40660286,12.8016357,0.282282293,0.47241658,-14.9155464,1.9191885,-0.000254631042,1
2393,27.290008,4.48164082,4.53110838,4.43881798,4.50157547,35.3991089,-8.84673405,-14.9837236,1.64598036,-34.6345978,11.480689,13.8410749,0.301457077,0.436197579,-14.9837236,1.7695303,-0.000254631042,1
2394,27.299995,4.50157547,4.53258562,4.35834074,4.39525652,30.4793797,-9.96903896,-14.9336567,1.48983502,-31.1857681,7.47142696,10.0090427,0.341937125,0.398913324,-14.9336567,1.61981106,-0.000254631042,1
2395,27.310006,4.49566889,4.46761227,4.40780783,4.42921925,25.1151695,-15.7319002,-14.9464397,1.33845878,-28.0626621,9.52635384,6.52428961,0.349393964,0.398913324,-14.9464397,1.46995449,-0.000254631042,1
2396,27.319991,4.44915438,4.52372503,4.37975121,4.48016405,24.0840855,-17.7375488,-14.9272652,1.19127655,-28.9416351,7.5528574,7.37452173,0.34832871,0.361629069,-14.9272652,1.32023525,-0.000254631042,1
2397,27.330006,4.49419165,4.54365969,4.38565826,4.40485477,20.2532711,-19.6841278,-14.9166117,1.05394745,-27.3345757,7.10498905,5.2118187,0.373895049,0.306235313,-14.9166117,1.17051601,-0.000254631042,1
2398,27.339992,4.47868776,4.50157547,4.47278118,4.45727587,19.7891922,-26.3715,-14.9400482,0.897636652,-31.9138546,8.28094387,10.0329933,0.33554554,0.378673285,-14.9400482,1.02055264,-0.000254631042,1
2399,27.350010,4.46761227,4.59312773,4.40485477,4.46170568,17.435751,-31.9348507,-14.9187422,0.741204023,-35.3291512,8.70007229,11.6927423,0.295065492,0.418088078,-14.9187422,0.870955467,-0.000254631042,1
2400,27.360025,4.47278118,4.49419165,4.41223812,4.3398819,13.3697948,-30.0169048,-14.9240694,0.576129675,-32.4551277,5.14107275,9.33364773,0.219431698,0.451111287,-14.9240694,0.751387596,-0.000254631042,1
2401,27.370011,4.4661355,4.52372503,4.33323717,4.41962147,8.64491081,-27.7973557,-14.9219379,0.441886902,-28.8242779,4.07289362,5.74111795,0.247128576,0.437262833,-14.9219379,0.601180077,-0.000254631042,1
2402,27.380028,4.45063114,4.61010981,4.35390997,4.29632044,-1.06620395,-28.7731743,-14.8953066,0.277257681,-27.3824768,8.9012537,7.59007311,0.18001692,0.315822691,-14.8953066,0.451338768,-0.000254631042,1
2403,27.390004,4.44472456,4.56507158,4.39820957,4.43069601,-4.14828634,-31.2289581,-14.9155464,0.127782583,-30.4457073,8.09413242,8.39240456,0.183212712,0.291321605,-14.9155464,0.30161953,-0.000254631042,1
2404,27.400039,4.45579863,4.46465921,4.40485477,4.35834074,-9.86732292,-29.4353828,-14.9336567,-0.0171494484,-29.6002655,9.36109734,10.358716,0.219431698,0.23592785,-14.9336567,0.151961327,-0.000254631042,1
2405,27.410008,4.44915438,4.53258562,4.39968681,4.4351263,-13.9305592,-30.9909019,-14.9528313,-0.162996769,-32.8407249,8.71683693,7.51822281,0.14912425,0.281734228,-14.9528313,0.00193691254,-0.000254631042,1
2406,27.420014,4.44620085,4.50157547,4.40780783,4.46318245,-15.5731802,-29.5463448,-14.951766,-0.304712772,-32.8574905,5.99130487,7.79843998,0.203452736,0.300908983,-14.951766,-0.148209572,-0.000254631042,1
2407,27.429989,4.47278118,4.47868776,4.35834074,4.38787317,-20.443367,-25.0601959,-14.9752016,-0.450168133,-31.4588013,7.50256205,2.14140391,0.16190742,0.425544918,-14.9752016,-0.29792881,-0.000254631042,1
2408,27.440041,4.44620085,4.49862242,4.37236834,4.48016405,-21.1639233,-22.0224628,-14.9464397,-0.583015919,-30.0361595,5.54343605,3.80354762,0.181082174,0.466024995,-14.9464397,-0.447709084,-0.000254631042,1
2409,27.450013,4.47130394,4.49419165,4.34431124,4.42478943,-25.4875031,-13.2795782,-14.947505,-0.730616093,-26.8986835,10.1203184,8.49778557,0.153385311,0.492656589,-14.947505,-0.597552299,-0.000254631042,1
2410,27.460043,4.50009871,4.45875216,4.38787317,4.45579863,-29.7194958,-13.6842394,-14.9613533,-0.887720585,-31.6887226,8.1444273,14.3512135,0.175755858,0.515027165,-14.9613533,-0.747454643,-0.000254631042,1
2411,27.470010,4.50674343,4.48607063,4.44324732,4.49566889,-33.4045219,-7.5806427,-14.9688101,-1.03392553,-32.5820656,10.5705814,14.5691605,0.214105383,0.468155503,-14.9688101,-0.896807671,-0.000254631042,1
2412,27.479985,4.54661322,4.53406191,4.33619022,4.39525652,-29.3456287,-5.57110023,-14.9698753,-1.18606043,-29.2913074,5.84999847,9.4054985,0.185343236,0.390391201,-14.9698753,-1.04652691,-0.000254631042,1
2413,27.489994,4.5252018,4.4661355,4.40485477,4.4351263,-32.5816536,1.39410973,-14.9443092,-1.33946753,-31.3941345,8.82700825,8.04033661,0.290804416,0.391456455,-14.9443092,-1.19624233,-0.000254631042,1
2414,27.499991,4.45727587,4.50526667,4.33323717,4.40263987,-31.8963127,4.49791431,-14.9453745,-1.48909998,-31.4228745,7.08582878,10.6389332,0.317436039,0.409565955,-14.9453745,-1.34596157,-0.000254631042,1
2415,27.509990,4.52224874,4.53258562,4.34135818,4.46465921,-31.2068996,10.4861574,-14.956027,-1.62970686,-31.770153,8.63061619,12.8878565,0.35365501,0.392521739,-14.956027,-1.49568081,-0.000254631042,1
2416,27.519987,4.51265001,4.49419165,4.43734121,4.41223812,-26.7875443,16.1811237,-14.956027,-1.79554796,-29.7200165,9.80417633,8.85943413,0.327023417,0.362694323,-14.956027,-1.64540005,-0.000254631042,1
2417,27.529984,4.40263987,4.54513693,4.37236834,4.44177103,-27.8632526,17.5809669,-14.9815931,-1.94082117,-32.3353767,6.31463242,8.34450436,0.299326539,0.316887945,-14.9815931,-1.79524088,-0.000254631042,1
2418,27.539991,4.45579863,4.53922987,4.45579863,4.41962147,-20.7267132,21.7829685,-14.9634838,-2.10939169,-28.9655857,8.06778717,5.30043459,0.270564407,0.395717531,-14.9634838,-1.9454484,-0.000254631042,1
2419,27.549989,4.55473518,4.48016405,4.39377975,4.38270426,-19.0803585,24.2865906,-14.9752016,-2.24808931,-30.08885,6.96847296,5.76746321,0.195995882,0.476677626,-14.9752016,-2.09516764,-0.000254631042,1
2420,27.559985,4.46318245,4.50526667,4.40928459,4.36277056,-16.1560516,31.9615345,-14.9709406,-2.41914463,-32.3952522,8.90364838,10.4952326,0.206648529,0.478808165,-14.9709406,-2.2456193,-0.000254631042,1
2421,27.570008,4.42626619,4.56064177,4.49862242,4.34431124,-8.99553967,28.2643089,-14.9656143,-2.57147956,-33.5807877,9.90955639,14.2218828,0.254585415,0.486265004,-14.9656143,-2.39552164,-0.000254631042,1
2422,27.579994,4.50009871,4.52077198,4.45875216,4.47278118,-4.97363186,30.1332417,-14.951766,-2.69797039,-31.5857372,6.25954676,12.2795219,0.286543369,0.392521739,-14.9453745,-2.54548502,-0.000254631042,1
2423,27.590009,4.51412678,4.5082202,4.42774248,4.39673376,1.1609863,29.642004,-14.9293957,-2.84442019,-28.8434391,9.03058434,7.35536146,0.297196001,0.352041692,-14.9219379,-2.69569254,-0.000254631042,1
2424,27.599983,4.4321723,4.5082202,4.43881798,4.4218359,2.56710863,30.8177795,-14.9059591,-2.98969269,-27.0543594,7.65584326,6.7494216,0.246063307,0.347780615,-14.9059591,-2.84596109,-0.000254631042,1
2425,27.610016,4.42478943,4.51265001,4.34431124,4.41814423,7.35498762,29.5497513,-14.8857193,-3.13424134,-29.202692,6.04878521,6.4428587,0.218366444,0.327540606,-14.8942413,-2.99549723,-0.000254631042,1
2426,27.619991,4.52815485,4.48459435,4.3398819,4.32880688,14.440773,30.4046326,-14.9016981,3.00655842,-32.0719261,8.43901443,8.18164349,0.252454907,0.357367992,-14.9208727,3.13836575,-0.000254631042,1
2427,27.630024,4.4321723,4.51265001,4.39968681,4.46170568,15.1769285,29.8715668,-14.9379177,2.85768485,-32.9269485,6.20206642,10.9574709,0.259911746,0.3669554,-14.9304609,2.98797512,-0.000254631042,1
2428,27.640012,4.40485477,4.50969648,4.41814423,4.38122845,21.4230232,25.0817127,-14.9773321,2.72147155,-31.6384277,9.32996178,12.8734865,0.26097703,0.377608031,-14.9698753,2.83862209,-0.000254631042,1
2429,27.650027,4.49862242,4.48607063,4.40928459,4.43881798,22.842535,22.1092739,-14.9901152,2.56103635,-31.0157223,6.97326279,7.09190941,0.171494797,0.443654418,-14.9901152,2.68865871,-0.000254631042,1
2430,27.660012,4.52667856,4.52963209,4.35834074,4.49419165,27.9000874,16.7605801,-14.947505,2.41388059,-31.0732021,9.68442535,4.78550577,0.234345406,0.407435447,-14.9453745,2.53857327,-0.000254631042,1
2431,27.670029,4.4661355,4.54661322,4.32880688,4.45727587,28.9929657,11.0949039,-14.9645491,2.26631546,-29.3679485,10.0604429,7.25477076,0.139536873,0.433001786,-14.9645491,2.38860989,-0.000254631042,1
2432,27.680004,4.43734121,4.47573423,4.37236834,4.4351263,29.9678669,8.68957138,-14.951766,2.11391926,-30.1463299,8.0486269,9.81265163,0.215170637,0.438328117,-14.951766,2.23882961,-0.000254631042,1
2433,27.690032,4.48311758,4.48459435,4.35981655,4.46761227,30.9135017,5.99080801,-14.9368525,1.9683938,-30.8217258,6.44635868,10.5598974,0.214105383,0.425544918,-14.9368525,2.08923244,-0.000254631042,1
2434,27.700007,4.51560354,4.51560354,4.39673376,4.52372503,32.33778,3.02584171,-14.9538965,1.82118535,-32.0791092,5.08119726,11.8508129,0.286543369,0.426610202,-14.9538965,1.9393301,-0.000254631042,1
2435,27.710034,4.49123907,4.49123907,4.39673376,4.49271536,32.118187,-3.96548724,-14.9240694,1.67180634,-31.5546017,7.18402433,9.20192146,0.321697086,0.412761748,-14.9240694,1.78961086,-0.000254631042,1
2436,27.720008,4.47425747,4.50009871,4.35981655,4.45432281,29.3964996,-10.4990072,-14.9581575,1.5131762,-29.9523335,8.78868771,9.21389675,0.296130747,0.392521739,-14.9581575,1.63989162,-0.000254631042,1
2437,27.730031,4.47573423,4.49566889,4.41814423,4.44177103,26.2418499,-14.1284933,-14.9464397,1.35871387,-28.6278877,8.28812885,5.97343493,0.332349747,0.346715361,-14.9464397,1.48972988,-0.000254631042,1
2438,27.740005,4.48311758,4.49714518,4.36572361,4.4218359,24.7731018,-20.9250736,-14.9336567,1.21216822,-30.5415077,10.8986998,9.03187561,0.303587586,0.371216446,-14.9336567,1.34001064,-0.000254631042,1
2439,27.750027,4.47721052,4.50674343,4.38565826,4.39525652,25.7168617,-25.4252071,-14.9645491,1.05993772,-34.8645172,9.6053896,13.1153831,0.34832871,0.382934362,-14.9645491,1.19023037,-0.000254631042,1
2440,27.760011,4.45727587,4.53922987,4.43364906,4.3671999,20.0434723,-25.5914555,-14.951766,0.903914452,-31.5785522,7.71092892,11.9897242,0.357916087,0.3722817,-14.951766,1.03996181,-0.000254631042,1
2441,27.770033,4.45875216,4.53110838,4.3671999,4.44472456,16.7557888,-28.7234211,-14.9847889,0.746653318,-32.4623146,7.21036959,6.33508301,0.26097703,0.338193238,-14.9847889,0.889998436,-0.000254631042,1
2442,27.780008,4.46170568,4.52372503,4.42626619,4.39673376,10.9875164,-28.2806282,-14.9720058,0.59648037,-29.5691299,6.79603148,5.22139883,0.265238076,0.357367992,-14.9720058,0.739607811,-0.000254631042,1
2443,27.790015,4.4602294,4.49714518,4.32437706,4.39968681,6.57731533,-24.640192,-14.9592228,0.446124315,-25.0664921,4.69799376,4.97471189,0.217301175,0.336062729,-14.9592228,0.589278221,-0.000254631042,1
2444,27.799990,4.44915438,4.56359482,4.37384462,4.41962147,-1.58829367,-30.8522758,-14.9624186,0.294652462,-29.0613861,10.4795713,10.1838799,0.176821128,0.352041692,-14.9624186,0.468794823,-0.000254631042,1
2445,27.810007,4.45210743,4.53775358,4.39673376,4.31330204,-7.44303656,-34.6873322,-14.9794626,0.147505522,-33.2167435,12.4602518,14.3727694,0.204518005,0.355237484,-14.9794626,0.318770409,-0.000254631042,1
2446,27.819992,4.45210743,4.53110838,4.36424637,4.4661355,-8.98252583,-32.7220573,-14.9730711,-0.00175142288,-32.7377396,8.92520428,11.5705957,0.187473774,0.338193238,-14.9730711,0.168257713,-0.000254631042,1
2447,27.830029,4.45579863,4.53406191,4.43069601,4.40263987,-13.8352184,-32.0035553,-14.9688101,-0.146613598,-33.6813774,9.01142406,9.7791214,0.206648529,0.299843729,-14.9688101,0.0181722641,-0.000254631042,1
2448,27.840014,4.46170568,4.50526667,4.3671999,4.4218359,-12.7167301,-26.5661411,-14.9943762,-0.288808346,-29.0877304,4.6237483,8.0523119,0.189604297,0.355237484,-14.9943762,-0.132035255,-0.000254631042,1
2449,27.850011,4.4661355,4.48828602,4.34578848,4.50009871,-16.9586029,-23.6895447,-14.9634838,-0.432869434,-28.6183071,5.45721531,3.56165051,0.198126405,0.377608031,-14.9634838,-0.28230381,-0.000254631042,1
2450,27.860036,4.45727587,4.52667856,4.44177103,4.33840513,-21.3153687,-20.6185246,-14.9549618,-0.58173418,-28.9392395,6.47988892,4.20830584,0.201322213,0.403174371,-14.9549618,-0.432023048,-0.000254631042,1
2451,27.870009,4.47278118,4.51708031,4.24389935,4.5082202,-27.6313457,-16.0913334,-14.9805279,-0.728506565,-30.4025974,9.90476608,15.1727057,0.203452736,0.512896597,-14.9805279,-0.582108498,-0.000254631042,1
2452,27.880025,4.47425747,4.50674343,4.41962147,4.35169506,-30.877449,-15.1964636,-14.9997025,-0.872801304,-33.422718,8.20190811,13.4937963,0.200256944,0.451111287,-14.9997025,-0.731951714,-0.000254631042,1
2453,27.890013,4.48976183,4.49566889,4.40633154,4.4321723,-32.1009521,-7.80150127,-15.001833,-1.01912928,-31.4276657,10.1801939,14.9811039,0.235410675,0.470286041,-15.001833,-0.881915092,-0.000254631042,1
2454,27.900015,4.47130394,4.50305223,4.31773233,4.48976183,-32.9406509,-3.21285224,-14.9965067,-1.16828156,-31.566576,9.94787693,10.8113747,0.254585415,0.365890115,-14.9965067,-1.03187847,-0.000254631042,1
2455,27.909989,4.5480895,4.49271536,4.45210743,4.3502183,-30.779911,0.15732637,-14.9943762,-1.3236599,-29.8062363,7.68218851,8.3349247,0.276955992,0.391456455,-14.9943762,-1.18183804,-0.000254631042,1
2456,27.920008,4.47130394,4.50009871,4.2704792,4.50009871,-28.4668388,2.04001832,-14.9698753,-1.47561121,-28.1440926,4.7363143,7.6259985,0.321697086,0.320083737,-14.9698753,-1.33192348,-0.000254631042,1
2457,27.930033,4.49271536,4.51117373,4.42626619,4.37089157,-29.2548923,12.676405,-15.0092897,-1.62921906,-29.9451485,10.9466,7.55893803,0.327023417,0.356302738,-15.0092897,-1.48206997,-0.000254631042,1
2458,27.940007,4.48828602,4.5480895,4.3502183,4.51708031,-29.3532906,14.3181696,-15.0167465,-1.78053379,-31.6911182,7.89295053,12.5405788,0.300391793,0.322214276,-15.0167465,-1.63203335,-0.000254631042,1
2459,27.950031,4.50526667,4.52077198,4.36277056,4.36867666,-24.7532177,21.1178761,-15.0348568,-1.94319296,-30.7402954,10.6639872,10.9359159,0.274825454,0.378673285,-15.0348568,-1.7824235,-0.000254631042,1
2460,27.960006,4.46170568,4.51855659,4.41076136,4.45579863,-21.5341587,23.5325718,-15.0476398,-2.09857082,-30.4552879,9.48563862,3.734092,0.199191675,0.347780615,-15.0476398,-1.93318033,-0.000254631042,1
2461,27.970033,4.45875216,4.53775358,4.3568635,4.41814423,-19.4071064,19.4884529,-14.9997025,-2.25144625,-27.3465519,2.93286443,2.503052,0.191734821,0.382934362,-14.9997025,-2.08387613,-0.000254631042,1
2462,27.980007,4.47425747,4.52224874,4.46465921,4.36424637,-15.4672108,27.7589436,-14.9943762,-2.40705109,-30.9678211,7.126544,8.06428719,0.157646358,0.409565955,-14.9943762,-2.23475504,-0.000254631042,1
2463,27.990025,4.47721052,4.50305223,4.46465921,4.48828602,-10.150219,30.5681305,-14.9911804,-2.5620544,-31.1354733,8.24741364,12.5980597,0.140602127,0.430871248,-14.9911804,-2.38526773,-0.000254631042,1
2464,28.000010,4.48976183,4.53110838,4.47130394,4.29779673,-5.53783274,33.9071922,-14.9911804,-2.70243526,-33.0443039,9.40420818,11.266428,0.22369276,0.44152391,-14.9911804,-2.53614664,-0.000254631042,1
2465,28.010007,4.48164082,4.53258562,4.46318245,4.46761227,1.06456196,34.0975266,-14.947505,-2.86398649,-32.4024391,10.7118883,12.9668922,0.240736991,0.436197579,-14.947505,-2.6865983,-0.000254631042,1
2466,28.020015,4.48459435,4.51412678,4.4602294,4.41371441,3.72958827,28.6577702,-14.9155464,-3.00973845,-32.8550987,10.1011581,10.8736448,0.217301175,0.452176541,-14.9325914,-2.83668375,-0.000254631042,1
2467,28.030012,4.49123907,4.52667856,4.37679815,4.32880688,5.11399698,26.5853233,-14.9198074,-3.1257751,-30.1127987,6.87985706,7.13741446,0.195995882,0.429805994,-14.9251347,-2.98664713,-0.000254631042,1
2468,28.040008,4.45210743,4.52224874,4.39525652,4.45063114,12.1503153,27.6969395,-14.8985023,3.01591372,-25.3227596,7.42352629,4.10292482,0.269499123,0.364824861,-14.8942413,-3.13688517,-0.000254631042,1
2469,28.050005,4.46318245,4.49419165,4.41962147,4.26383448,14.3714628,28.7919369,-14.9240694,2.86628199,-27.2363815,4.20222473,7.59246826,0.276955992,0.375477493,-14.9411135,2.99706936,-0.000254631042,1
2470,28.060013,4.45432281,4.53110838,4.34578848,4.46465921,25.9886742,26.2015629,-14.9847889,2.71656227,-32.445549,9.35391235,12.0088844,0.328088671,0.410631239,-14.9528313,2.84698391,-0.000254631042,1
2471,28.070010,4.47721052,4.54365969,4.40780783,4.40633154,23.818594,22.6889591,-14.9549618,2.57166481,-33.015564,9.97661686,14.2290678,0.242867514,0.430871248,-14.9538965,2.69763088,-0.000254631042,1
2472,28.080007,4.49419165,4.49419165,4.41223812,4.39673376,24.8282452,19.0077629,-14.9528313,2.43849492,-31.9928894,6.90859747,10.7083893,0.263107538,0.488395542,-14.9730711,2.54791164,-0.000254631042,1
2473,28.100008,4.48976183,4.53775358,4.41666746,4.35834074,25.1834431,8.73761368,-14.9283304,2.1245482,-26.0149212,5.81167841,6.79492664,0.281217039,0.469220787,-14.9400482,2.2485342,-0.000254631042,1
2474,28.109993,4.50157547,4.49123907,4.29779673,4.41223812,33.0502357,4.79557085,-14.9315262,1.97940588,-32.234787,8.73120689,10.4377518,0.316370755,0.418088078,-14.9315262,2.09875393,-0.000254631042,1
2475,28.120007,4.47868776,4.49123907,4.4218359,4.57762289,35.704731,1.70646238,-14.9219379,1.83330488,-34.9243927,7.61752319,13.0123978,0.271629661,0.382934362,-14.9219379,1.9494009,-0.000254631042,1
2476,28.129993,4.50526667,4.52224874,4.3502183,4.43364906,33.2871017,-4.43808174,-14.9677448,1.68373418,-32.5748787,8.16119289,12.2028809,0.305718124,0.313692153,-14.9677448,1.7997427,-0.000254631042,1
2477,28.140009,4.50157547,4.47573423,4.29484415,4.40633154,30.4144821,-9.35108376,-14.9741364,1.52481675,-30.8121452,7.94324589,10.3036308,0.306783378,0.320083737,-14.9741364,1.64996243,-0.000254631042,1
2478,28.149995,4.46761227,4.47868776,4.46318245,4.51412678,25.602562,-15.4209776,-14.9911804,1.36934257,-28.1704388,9.98619652,6.9386282,0.303587586,0.309431106,-14.9911804,1.49986172,-0.000254631042,1
2479,28.160012,4.49566889,4.54070663,4.32880688,4.3908267,23.1594181,-14.7595644,-14.9613533,1.22225618,-26.8076725,5.96256447,5.8560791,0.29186967,0.270016313,-14.9613533,1.34995937,-0.000254631042,1
2480,28.169986,4.50009871,4.48828602,4.44177103,4.37679815,19.8631916,-22.653923,-14.9954414,1.07078433,-28.2925854,10.3574247,6.73265648,0.298261285,0.242319435,-14.9954414,1.19969082,-0.000254631042,1
2481,28.180009,4.46761227,4.51265001,4.44915438,4.48016405,22.5323715,-26.3126526,-14.9911804,0.912886381,-33.9184837,7.04271841,10.8377199,0.240736991,0.381869078,-14.9911804,1.04930019,-0.000254631042,1
2482,28.189994,4.48459435,4.52963209,4.34431124,4.34135818,18.2903767,-32.0926781,-15.0039635,0.756104708,-35.8967705,8.71204662,10.4257765,0.248193845,0.435132325,-15.0039635,0.898848534,-0.000254631042,1
2483,28.200006,4.47573423,4.48459435,4.4011631,4.43364906,12.4636812,-31.5192451,-15.0114202,0.606289387,-33.0035896,7.7181139,10.1383743,0.221562237,0.467090249,-15.0114202,0.748335838,-0.000254631042,1
2484,28.209993,4.47425747,4.53553867,4.39673376,4.42921925,3.31836748,-28.5789013,-14.9933109,0.455105066,-27.1286049,9.58143902,6.99371338,0.165103212,0.401043862,-14.9933109,0.597151756,-0.000254631042,1
2485,28.220027,4.49271536,4.55768824,4.53037024,4.37089157,0.252880156,-30.1801453,-15.0124855,0.30261302,-28.8841534,8.75276279,7.24279547,0.141667396,0.382934362,-15.0124855,0.447005272,-0.000254631042,1
2486,28.230013,4.48607063,4.56802511,4.44324732,4.44029427,-1.66425967,-28.4471512,-14.9411135,0.156922102,-27.8375301,6.08950043,8.70854759,0.219431698,0.326475352,-14.9411135,0.296492577,-0.000254631042,1
2487,28.240026,4.50969648,4.5761466,4.38934994,4.31773233,-8.07457542,-31.7093163,-14.9134159,0.00719451904,-31.6504021,8.30249882,12.715415,0.198126405,0.319018483,-14.9134159,0.146590233,-0.000254631042,1
2488,28.250011,4.49419165,4.52077198,4.31773233,4.47425747,-14.351347,-32.6179085,-14.9794626,-0.136333942,-34.2657623,9.78501606,13.2423201,0.206648529,0.348845899,-14.9794626,0.0267782211,-0.000254631042,1
2489,28.260012,4.4661355,4.47721052,4.45432281,4.42626619,-17.8105469,-28.8882542,-14.9538965,-0.279191494,-32.6778641,9.15991592,10.3898516,0.206648529,0.307300568,-14.9538965,-0.123307228,-0.000254631042,1
2490,28.269985,4.48016405,4.49714518,4.30739594,4.46318245,-18.9948959,-25.5461235,-14.9570923,-0.423068523,-31.0923615,6.83195686,6.54584455,0.207713798,0.445784956,-14.9570923,-0.273209572,-0.000254631042,1
2491,28.280013,4.46908951,4.48828602,4.3671999,4.46318245,-22.436657,-19.5520267,-14.9411135,-0.571680546,-28.5823822,8.29052353,7.33141136,0.230084345,0.413827032,-14.9411135,-0.423600197,-0.000254631042,1
2492,28.290014,4.49566889,4.51412678,4.32880688,4.39820957,-23.190279,-17.2524586,-14.9304609,-0.717973232,-28.2494736,6.11584568,9.80067635,0.174690589,0.497982919,-14.9304609,-0.572831154,-0.000254631042,1
2493,28.299989,4.49271536,4.48828602,4.41519165,4.42921925,-29.5112858,-11.3499212,-14.9762669,-0.861153126,-29.7822876,10.6184816,12.4088526,0.194930613,0.442589164,-14.9762669,-0.722186089,-0.000254631042,1
2494,28.310027,4.50157547,4.48459435,4.39968681,4.35538673,-30.6356297,-8.77325249,-14.9837236,-1.00856161,-30.5965939,8.90843868,12.0304394,0.222627491,0.455372334,-14.9837236,-0.872149467,-0.000254631042,1
2495,28.320013,4.47278118,4.50157547,4.33471346,4.44915438,-31.642107,-6.900455,-14.9986372,-1.15440941,-31.7294369,6.4870739,11.9082937,0.237541199,0.403174371,-14.9986372,-1.02180767,-0.000254631042,1
2496,28.330029,4.53258562,4.52815485,4.36867666,4.39673376,-30.1614494,-0.511648893,-14.9901152,-1.31312704,-29.2960968,7.19120979,9.70008564,0.262042284,0.361629069,-14.9901152,-1.17182827,-0.000254631042,1
2497,28.340005,4.51117373,4.51117373,4.29927397,4.47130394,-30.3684711,4.82092142,-14.9922457,-1.46581078,-29.6960659,7.97677612,7.24519062,0.299326539,0.307300568,-14.9922457,-1.32203579,-0.000254631042,1
2498,28.350027,4.47130394,4.50157547,4.39230347,4.40263987,-30.0748215,8.95308018,-15.0167465,-1.61878204,-30.4696579,7.50016689,9.64021015,0.332349747,0.327540606,-15.0167465,-1.4718771,-0.000254631042,1
2499,28.360013,4.48976183,4.51708031,4.4011631,4.45579863,-27.4039173,14.9663677,-15.0295305,-1.7704463,-29.8277912,9.23416138,12.6794901,0.318501294,0.353106946,-15.0295305,-1.62214565,-0.000254631042,1
2500,28.370030,4.48459435,4.5480895,4.39968681,4.41814423,-27.2235546,19.9506474,-15.0646839,-1.93332243,-32.5293732,8.99944973,5.75069809,0.239671722,0.362694323,-15.0646839,-1.77284098,-0.000254631042,1
2501,28.380005,4.48459435,4.50526667,4.38565826,4.41371441,-20.8677502,21.2057323,-15.0348568,-2.0879426,-28.6230965,8.11568737,3.66463637,0.213040113,0.392521739,-15.0348568,-1.92378092,-0.000254631042,1
2502,28.390013,4.48311758,4.51265001,4.29336739,4.45063114,-22.7454319,23.0934124,-15.010355,-2.24167204,-32.1725159,3.94835281,3.82749772,0.164037943,0.412761748,-15.010355,-2.07435465,-0.000254631042,1
2503,28.400028,4.47573423,4.5525198,4.53258562,4.4321723,-15.8868742,31.2725925,-14.9794626,-2.39473963,-33.7412529,9.58622932,15.3786774,0.11503578,0.512896597,-14.9794626,-2.22505045,-0.000254631042,1
2504,28.410014,4.49271536,4.53110838,4.42478943,4.3841815,-12.7359562,30.7158928,-14.9666796,-2.5515213,-32.6084099,6.50862885,9.9276123,0.190669566,0.44685021,-14.9666796,-2.37538004,-0.000254631042,1
2505,28.420008,4.49419165,4.50009871,4.44029427,4.39968681,-6.89842272,30.3651123,-14.956027,-2.70865202,-30.4576817,6.47749376,8.33013439,0.23647593,0.49052605,-14.956027,-2.52570963,-0.000254631042,1
2506,28.429993,4.45727587,4.53258562,4.52077198,4.37532139,2.91370654,29.8917217,-14.9112854,-2.85272145,-27.8231602,11.3082476,10.4736767,0.250324368,0.436197579,-14.9112854,-2.67634439,-0.000254631042,1
2507,28.440015,4.46761227,4.55104303,4.47425747,4.35538673,5.48194122,29.7586193,-14.9048939,-2.99856901,-28.6733932,9.66765976,7.73377466,0.234345406,0.431936532,-14.9048939,-2.8261857,-0.000254631042,1
2508,28.449990,4.48311758,4.48607063,4.42921925,4.46908951,8.08868885,33.947113,-14.8995676,3.14118385,-30.1127987,6.62598515,9.38154793,0.21090959,0.434067041,-14.8995676,-2.97645426,-0.000254631042,1
2509,28.460025,4.48607063,4.50969648,4.39230347,4.38787317,10.049118,32.6345482,-14.8814583,2.9984138,-29.8661118,8.92520428,10.1168194,0.320631832,0.434067041,-14.8814583,-3.12553263,-0.000254631042,1
2510,28.470011,4.47721052,4.50969648,4.41223812,4.3841815,12.7550459,29.2959976,-14.9251347,2.89172435,-30.081665,7.73966885,10.8688555,0.308913916,0.413827032,-14.9325914,3.00817776,-0.000254631042,1
2511,28.480009,4.15603876,4.19590855,4.00099039,3.93823266,21.6985912,26.5664234,-14.9666796,2.72804546,-34.0789528,3.6298151,9.66416073,0.323827624,0.399978578,-14.9741364,2.8577261,-0.000254631042,1
2512,28.490006,3.30622506,3.44355392,3.02049279,3.25158906,27.8271122,20.1356239,-15.0966415,2.59777021,-34.8573341,16.3785038,12.6675148,0.140602127,0.606639862,-15.0284653,2.70568752,-0.000254631042,1
2513,28.500013,2.97693157,3.16668153,2.56273055,2.98948312,25.9706345,9.60148525,-14.5213985,2.43697786,-25.8113441,9.67963505,8.55766106,0.135275796,0.574681938,-14.4702663,2.55737209,-0.000254631042,1
2514,28.510010,2.67126441,2.41949511,2.02079916,2.4069438,29.8351631,13.156394,-14.2348433,2.31540537,-29.765522,9.39223289,13.3429108,0.162972689,0.659903109,-14.1932974,2.41143703,-0.000254631042,1
2515,28.520006,1.91226506,1.72546864,1.50470901,2.02227569,31.4400978,-1.30786252,-13.9386997,2.15433335,-25.5167561,12.7692099,15.71877,0.127818957,0.781343281,-13.8066063,2.26794338,-0.000254631042,1
2516,28.530015,1.17984545,1.35482872,1.36368871,1.54457855,26.4337292,-3.06854725,-13.368783,2.03570604,-22.2523441,14.5942144,11.3694143,0.247128576,0.640728354,-13.2856922,2.12884426,-0.000254631042,1
2517,28.540012,1.07647979,0.495416969,0.843168676,1.22340667,25.9945049,-5.05042839,-12.8489342,1.90702629,-22.8726559,13.3440142,8.92409897,0.411179304,0.643924117,-12.7690392,1.99481106,-0.000254631042,1
2518,28.550009,0.365471512,0.0627577379,0.546361446,0.707316577,16.844326,-10.7453957,-12.423893,1.78492069,-14.1763391,14.0792856,14.6314306,0.452724606,0.698252618,-12.2587776,1.86443996,-0.000254631042,1
2519,28.630031,1.34375381,1.18944371,1.47960591,1.47960591,2.05798721,-11.9969826,-8.92982578,0.940326452,-8.7348547,8.47733498,8.12655735,0.328088671,0.169881448,-8.92982578,0.992293358,-0.000254631042,1
2520,28.640005,2.14262319,2.19209075,2.23860526,2.38700914,-1.9216851,-7.5671525,-8.66137886,0.842181921,-3.60472226,6.92536259,12.701045,0.042597793,0.0282012783,-8.66137886,0.899886131,-0.000254631042,1
2521,28.650014,2.83148122,2.75321889,2.42983174,2.19061422,8.67125893,-7.46002007,-8.3833456,0.760211945,-11.3813505,-1.14345908,10.351531,-0.0543412715,-0.0634114668,-8.3833456,0.810530663,-0.000254631042,1
2522,28.659989,1.90192842,1.80889952,2.06879044,2.18618417,4.86803675,-13.5793362,-8.54419994,0.665947199,-13.68536,4.56147766,15.6636848,0.0138356555,0.0175486337,-8.54419994,0.721663475,-0.000254631042,1
2523,28.670032,1.95065796,1.92924654,1.90340519,1.85541403,-9.00388908,-12.0809317,-8.46750069,0.590629578,-5.02017927,14.2062216,18.173666,-0.115061343,0.165620387,-8.46750069,0.631941795,-0.000254631042,1
2524,28.680005,1.98535943,2.02818227,1.97871459,1.96320951,0.728450716,-10.1956825,-8.0435257,0.500916004,-9.29289436,4.25731039,2.64914823,-0.0298401862,0.0921171457,-8.0435257,0.546614647,-0.000254631042,1
2525,28.689991,1.45671773,1.49068093,1.59847641,1.70405698,-0.279570043,-7.24143457,-7.78253603,0.431126356,-6.4619813,3.28014231,6.72547102,0.0628378168,0.404239655,-7.78253603,0.463728905,-0.000254631042,1
2526,28.700027,1.4271847,1.70701039,1.58518648,1.56008351,-3.832623,-9.70841503,-7.28505754,0.348275185,-7.8175621,6.91578245,11.5777807,0.0468588509,0.494787127,-7.28505754,0.385237694,-0.000254631042,1
2527,28.710013,1.28542614,1.10601282,1.42275465,1.22783661,-6.07970333,-9.75297546,-7.02726364,0.286429405,-7.63793564,8.58750629,9.91563702,0.321697086,0.542724013,-7.02726364,0.324934959,-0.000254631042,1
2528,28.720011,1.16138721,1.25884628,1.19682693,1.32824886,-5.39767742,-3.58234215,-6.485044,0.218724012,-2.32578206,6.04639006,14.3607941,0.41011405,0.462829202,-6.485044,0.253035545,-0.000254631042,1
2529,28.729986,1.2138083,1.02996516,1.17689204,0.980497301,-8.54872704,-4.80958176,-6.04508972,0.164874315,-3.34127021,9.22218609,11.7071123,0.55925101,0.271081567,-6.04508972,0.186263084,-0.000254631042,1
2530,28.739984,0.886729896,0.807728887,0.963515699,1.00855362,-7.34747362,-3.59452057,-5.69887877,0.0993666649,-2.8478961,7.66781855,8.98397446,0.566707909,0.239123642,-5.69887877,0.123030663,-0.000254631042,1
2531,28.749993,0.782625914,0.843168676,0.744232893,0.747186184,-3.70526195,-2.82168794,-5.29088259,0.0514104366,-2.62755442,3.84536695,8.8139286,0.478290975,0.160294071,-5.29088259,0.063826561,-0.000254631042,1
2532,28.759990,0.653418779,0.493940294,0.558912992,0.738326311,-5.85715818,-0.412521869,-5.01710939,6.15119934e-05,-0.41216132,5.85718346,10.1192141,0.406918257,0.132597193,-5.01710939,0.00773525238,-0.000254631042,1
2533,28.770006,0.564819574,0.464407265,0.372116446,0.440042466,-4.94900084,-1.16158831,-4.75292397,-0.044816494,-1.38214433,4.89199066,8.1696682,0.225823283,-0.0346493237,-4.75292397,-0.0450601578,-0.000254631042,1
2534,28.779992,0.452594042,0.276134014,0.279087335,0.424537599,-4.36768818,-0.890583515,-4.49513006,-0.0960860252,-1.30550361,4.26210022,8.41635513,0.0894694328,-0.0176050942,-4.49513006,-0.0949869156,-0.000254631042,1
2535,28.790006,0.335200131,0.369163156,0.194179818,0.331508517,-6.10281658,1.90272737,-4.13720083,-0.132096767,1.08233094,6.30026245,10.9838161,-0.0372970402,-0.0474324971,-4.13720083,-0.141861916,-0.000254631042,1
2536,28.800025,0.285732299,0.240694344,0.168338388,0.223712862,-5.23921156,0.629351914,-3.70789957,-0.169084072,-0.261275083,5.27040386,11.1107521,-0.153410852,-0.00588718429,-3.70789957,-0.185013771,-0.000254631042,1
2537,28.810029,0.189749852,0.0568511225,0.175721675,0.140282005,-7.15541697,1.71042299,-3.32546949,-0.196568012,0.279999346,7.35167599,10.4401464,-0.158737183,-0.0197356232,-3.32546949,-0.224015236,-0.000254631042,1
2538,28.820013,0.0782625824,0,0.0398696214,0.090814136,-6.96890593,1.35784507,-2.87912369,-0.228227615,-0.254090011,7.09540892,9.43663311,-0.134236112,0.0516370945,-2.87912369,-0.258072853,-0.000254631042,1
2539,28.830033,0.0073832632,-0.0361779891,0.0147665264,0.0583277754,-7.2299037,2.17266202,-2.45834422,-0.251969814,0.301554531,7.54327726,10.2341747,0.0223577712,0.0686813295,-2.45834422,-0.287796974,-0.000254631042,1
2540,28.840007,-0.00221497891,-0.0959824175,-0.0036916316,0.0354396626,-6.24828625,1.77045596,-2.02052069,-0.273933887,0.0141521813,6.49425888,10.583848,0.0926652253,0.0953129455,-2.02052069,-0.313309669,-0.000254631042,1
2541,28.850004,-0.00221497891,-0.0819542184,-0.0391312912,-0.00959824212,-5.14151144,3.0599463,-1.61145902,-0.288556099,1.47032416,5.79970312,10.7514992,0.168299004,0.0654855371,-1.61145902,-0.334794044,-0.000254631042,1
2542,28.860011,0,-0.148403585,-0.128468782,-0.0236264411,-5.3631134,2.96616602,-1.20878911,-0.300597668,1.24519229,6.00088501,10.2198048,0.173625335,0.0282012783,-1.20878911,-0.352433205,-0.000254631042,1
2543,28.870009,-0.00516828429,-0.112963922,-0.162431777,-0.00664493674,-3.40693021,3.21057129,-0.809314966,-0.30873251,2.02357364,4.221385,10.351531,0.100122072,0.0154181039,-0.809314966,-0.366166115,-0.000254631042,1
2544,28.880010,-0.0206731372,-0.0974590778,-0.237002745,-0.0760476068,-4.04830694,3.04046941,-0.435407132,-0.313720226,1.64276552,4.7890048,9.11091042,0.0117051266,-0.012278772,-0.435407132,-0.37605381,-0.000254631042,1
2545,28.889985,-0.0251030941,-0.203039736,-0.177936628,-0.0546361469,-3.50008297,3.09834552,-0.076413013,-0.314069271,1.86550236,4.28605032,8.73489285,-0.0649939179,0.0196791627,-0.076413013,-0.382279396,-0.000254631042,1
2546,28.899995,-0.04356125,-0.155048519,-0.197871432,-0.118132211,-4.17806482,2.04739714,0.254884213,-0.312386513,0.677572608,4.56387281,8.56484604,-0.0873644724,-0.00695244875,0.254884213,-0.384842873,-0.000254631042,1
2547,28.909992,-0.0664493665,-0.230357811,-0.142496973,-0.145450279,-3.97692275,1.99907064,0.503090858,-0.307869911,0.816483736,3.82141662,10.4401464,-0.0628633872,0.0207444262,0.558484614,-0.384171486,-0.000254631042,1
2548,28.919990,-0.132898733,-0.189011529,-0.265797466,-0.221497893,-2.59649682,1.56735277,0.743840635,-0.301548481,0.466810882,3.26816702,11.2185278,-0.0234485995,-0.0346493237,0.783255398,-0.380692482,-0.000254631042,1
2549,28.929986,-0.180889934,-0.252507597,-0.22740449,-0.196394801,-1.54302251,0.412631303,0.928131342,-0.292933941,0.574586749,1.0024786,10.8760405,-0.010665427,-0.0453019701,0.956893504,-0.374894142,-0.000254631042,1
2550,28.939995,-0.205993056,-0.224451199,-0.278349042,-0.258414209,-0.881007671,0.303224117,1.03465784,-0.282854557,0.0404973961,0.693521023,10.1431646,0.0159661844,-0.0825862214,1.05063677,-0.367386818,-0.000254631042,1
2551,28.949991,-0.230357811,-0.218544587,-0.244386002,-0.270965725,-0.496498704,-0.231943205,1.07939887,-0.272652626,-0.548677444,0.607300341,9.64500046,0.0223577712,-0.0527588204,1.08898628,-0.358841896,-0.000254631042,1
2552,28.959987,-0.203039736,-0.284993947,-0.247339323,-0.255460888,0.112434402,-0.352651685,1.10922635,-0.261622906,-0.47922188,-0.377052754,9.11091042,0.0372714698,-0.0186703578,1.10709584,-0.349442482,-0.000254631042,1
2553,28.969985,-0.231834456,-0.238479391,-0.323386908,-0.299760491,0.351366788,0.0260954611,1.09431267,-0.250401974,0.112347983,-0.530333996,8.8618288,0.042597793,0.0228749551,1.08898628,-0.339676857,-0.000254631042,1
2554,29.150009,-0.0664493665,-0.0620194115,-0.0974590778,-0.0819542184,0.263982475,-0.0107269036,0.0503534526,-0.167036533,0.0333123393,-0.262091786,9.99467278,0.00531353988,-0.0144093009,0.0503534526,-0.234269142,-0.000254631042,1
2555,29.159984,-0.0664493665,-0.0775242597,-0.0081215892,-0.0745709538,-0.210496262,0.185857356,0.0365050174,-0.167036533,0.148273274,0.238467321,9.78870106,-0.00853489805,-0.00482191984,0.0365050174,-0.232987404,-0.000254631042,1
2556,29.169994,0,-0.0236264411,-0.00221497891,0,-0.0861588642,0.27649647,0.0450271331,-0.166112423,0.25844419,0.130691439,9.49411392,0.00531353988,-0.0144093009,0.0450271331,-0.231217384,-0.000254631042,1
2557,29.180005,-0.011074895,-0.0310097057,-0.0590661056,-0.04356125,0.00256486936,0.0382009894,0.0428966023,-0.165284157,0.0381023772,0.00375539274,9.68332005,0.00105248217,0.0111570461,0.0428966023,-0.229691505,-0.000254631042,1
2558,29.190005,-0.0324863568,-0.085645847,-0.0775242597,-0.118132211,0.0415687934,0.213803217,0.0407660753,-0.165284157,0.217728853,-0.00582468603,9.96114254,-1.27822468e-05,0.00583072472,0.0407660753,-0.228043556,-0.000254631042,1
2559,29.199992,-0.0450379066,-0.0280563999,-0.0347013362,-0.0649727136,-0.0450708568,0.0874247923,0.0492881909,-0.165284157,0.0788177103,0.0588408448,9.91803265,-0.00853489805,-0.00162612647,0.0492881909,-0.226334572,-0.000254631042,1
2560,29.210014,-0.0361779891,-0.0036916316,-0.0361779891,-0.00959824212,0.0241884831,0.066166617,0.0620713644,-0.164742947,0.0692376345,-0.0130097447,9.7623558,-0.00640436914,-0.00269139092,0.0620713644,-0.224808693,-0.000254631042,1
2561,29.219988,-0.0280563999,-0.0420845971,-0.0716176555,-0.0236264411,-0.227824107,0.039904885,0.0652671531,-0.163984776,0.00217708293,0.231282264,9.34322739,0.00531353988,-0.0080177132,0.0652671531,-0.222977638,-0.000254631042,1
2562,29.229985,-0.0191964842,-0.0716176555,-0.0155048529,-0.0280563999,-0.0725296065,-0.255279094,0.0812461227,-0.163156033,-0.263670087,0.0301006082,10.0401783,0.00211774674,0.00476546027,0.0812461227,-0.221146584,-0.000254631042,1
2563,29.239993,-0.0494678579,-0.026579747,0.00442995783,-0.0177198313,-0.120451823,0.0583362542,0.0876377076,-0.162328243,0.0381023772,0.12829642,9.96593285,-0.00214331108,-0.00588718429,0.0876377076,-0.219315529,-0.000254631042,1
2564,29.250005,-0.0775242597,-0.0251030941,-0.0324863568,-0.0140281999,-0.0772560835,-0.138084739,0.098290354,-0.161473751,-0.148709148,0.0540508032,9.71924591,-0.00533910468,-0.00588718429,0.098290354,-0.217240334,-0.000254631042,1
2565,29.259992,-0.00221497891,-0.0191964842,-0.0516828448,-0.00664493674,-0.0185117535,-0.135518551,0.104681939,-0.160836697,-0.136734053,-0.00342966616,9.72403622,0.0031830112,-0.00375665538,0.104681939,-0.215104103,-0.000254631042,1
2566,29.270007,-0.00959824212,-0.0420845971,-0.0605427548,-0.0280563999,0.0101071568,-0.16925019,0.098290354,-0.160104275,-0.165474296,-0.0369599424,9.81504631,-0.00427384023,0.00902651716,0.098290354,-0.212967873,-0.000254631042,1
2567,29.279995,-0.012551547,-0.0391312912,-0.026579747,-0.0516828448,0.0476450026,-0.10248363,0.0993556157,-0.159371853,-0.0936237052,-0.0633051544,9.94198227,-0.00533910468,0.000504402502,0.0993556157,-0.210831642,-0.000254631042,1
2568,29.290028,-0.0081215892,-0.0036916316,0.00295330514,-0.0561127998,0.0275577139,-0.184060648,0.101486146,-0.157689571,-0.17744939,-0.0561200976,9.71685123,-0.00960016251,-0.00162612647,0.101486146,-0.208695412,-0.000254631042,1
2569,29.300014,-0.0236264411,-0.011074895,-0.00221497891,-0.0155048529,0.00699898647,-0.253510296,0.0918987691,-0.15695715,-0.249299973,-0.0465400182,9.81025696,-1.27822468e-05,0.000504402502,0.0918987691,-0.206681252,-0.000254631042,1
2570,29.310010,-0.0280563999,-0.0391312912,-0.0324863568,0,0.0925284773,-0.0657100901,0.0887029767,-0.156224728,-0.0505133495,-0.101625472,9.922822,0.00211774674,0.00263493136,0.0887029767,-0.204850197,-0.000254631042,1
2571,29.319995,-0.011074895,0.00885991566,-0.0590661056,-0.011074895,0.0435728021,-0.00708795758,0.0812461227,-0.156320095,-0.0002179367,-0.0441449992,9.90845203,-0.00320857554,-0.00162612647,0.0812461227,-0.203019142,-0.000254631042,1
2572,29.330009,-0.0036916316,-0.0036916316,-0.0516828448,-0.0140281999,0.0510727689,-0.0833302736,0.0748545378,-0.154733181,-0.0744635463,-0.0633051544,9.55398941,-0.00533910468,-0.00162612647,0.0748545378,-0.201371193,-0.000254631042,1
2573,29.340034,-0.00516828429,-0.00959824212,0.00885991566,-0.0280563999,0.182288036,-0.0503122881,0.0663324222,-0.153905392,-0.0217731129,-0.187846184,9.78151608,-0.00427384023,0.000504402502,0.0663324222,-0.199845314,-0.000254631042,1
2574,29.350008,-0.00516828429,0.0169815049,-0.00664493674,-0.0649727136,0.158852458,-0.0295556821,0.0535492487,-0.152955055,-0.0050079762,-0.161500961,9.73840618,-0.00320857554,0.000504402502,0.0535492487,-0.198563576,-0.000254631042,1
2575,29.360005,0,-0.0140281999,-0.011074895,-0.0280563999,0.184150666,-0.0698053017,0.0450271331,-0.152318478,0.0213372391,-0.195031241,9.81504631,-0.00427384023,0.000504402502,0.0428966023,-0.197342873,-0.000254631042,1
2576,29.370014,0,0.00590661028,0.0073832632,0.0258414224,0.205511093,-0.104460195,0.0365050174,-0.152318478,-0.1055988,-0.180661112,9.76475143,-0.00320857554,-0.00269139092,0.0333092213,-0.196122169,-0.000254631042,1
2577,29.380015,0,0.00442995783,-0.0191964842,-0.0280563999,0.17416282,-0.0245496724,0.0226565767,-0.152413845,0.0548675135,-0.192636222,9.84378719,-0.00107804674,0.0015696669,0.0205260478,-0.194901466,-0.000254631042,1
2578,29.389989,0,-0.00959824212,0.0118132206,-0.0450379066,0.108974226,-0.0387785397,0.0120039321,-0.152510166,-0.0624884479,-0.187846184,9.81504631,0.00531353988,-0.00162612647,0.0109386677,-0.193741798,-0.000254631042,1
2579,29.400009,0,0.0118132206,-0.011074895,0.0132898735,0.0620039031,-0.060629908,-0.00184450613,-0.152413845,-0.0337482132,-0.108810529,9.84139156,0.00105248217,0.00263493136,-0.00290977047,-0.193131447,-0.000254631042,1
2580,29.409995,0,-0.0177198313,0.00147665257,0,0.0556145385,0.00819860026,-0.0114318859,-0.152413845,0.00457210233,-0.027379863,9.80067635,-0.00107804674,-0.00269139092,-0.0114318859,-0.192521095,-0.000254631042,1
2581,29.420025,0,0.0118132206,0.00147665257,-0.011074895,0.0241181478,-0.0233127065,-0.0167582091,-0.152510166,-0.0313531905,0.00854543224,9.65218544,-0.00107804674,0.000504402502,-0.0178234726,-0.191910744,-0.000254631042,1
2582,29.430012,0,-0.00516828429,-0.0081215892,0.00885991566,-0.0117746266,-0.0202101711,-0.0199540015,-0.153530121,-0.0217731129,0.00375539274,9.85336685,0.0031830112,-0.000560861954,-0.0220845304,-0.191300392,-0.000254631042,1
2583,29.440027,0,-0.00516828429,0.0073832632,-0.0036916316,-0.0443575941,-0.0273112152,-0.0274108537,-0.152893543,-0.0337482132,0.0396806858,9.73601055,0.0031830112,0.000504402502,-0.0284761172,-0.190995216,-0.000254631042,1
2584,29.450011,0,0.0073832632,-0.012551547,0.00885991566,-0.0682144538,-0.00903986301,-0.0231497958,-0.153722286,-0.019378094,0.0660259053,9.77672672,-0.00427384023,-0.000560861954,-0.0242150594,-0.190690041,-0.000254631042,1
2585,29.460009,0,-0.012551547,0.0132898735,-0.0036916316,-0.135451719,-0.0519409813,-0.0178234726,-0.153722286,-0.0720685273,0.125901401,9.79828167,0.00105248217,0.00263493136,-0.0178234726,-0.190079689,-0.000254631042,1
2586,29.470005,0,0.0118132206,-0.0191964842,0.00590661028,-0.0980853513,-0.0140875839,-0.00930135697,-0.153913498,-0.0289581716,0.09476614,9.72403622,0.0031830112,-0.000560861954,-0.00930135697,-0.189469337,-0.000254631042,1
2587,29.480013,0,-0.0155048529,0.0073832632,-0.00516828429,-0.113873392,0.0247394573,-0.00290977047,-0.154105663,0.0069671222,0.116321318,9.82223129,0.00105248217,-0.00162612647,-0.00290977047,-0.188858986,-0.000254631042,1
2588,29.490011,0,-0.0036916316,-0.0036916316,0,-0.118652537,-0.00602682168,0.00880813878,-0.154105663,-0.0241681337,0.116321318,9.84378719,-0.00107804674,-0.000560861954,0.00880813878,-0.188065529,-0.000254631042,1
2589,29.499986,0,0.00885991566,-0.00664493674,-0.00664493674,-0.149582237,0.0132910311,0.0130691966,-0.153913498,-0.00979801547,0.14985159,9.79349136,0.0031830112,-0.000560861954,0.0130691966,-0.187150002,-0.000254631042,1
2590,29.510011,0,-0.012551547,0.00885991566,-0.0036916316,0.00464366376,0.0232965034,0.0215913113,-0.153181076,0.0237322599,-0.00103464653,9.7623558,0.00105248217,-0.000560861954,0.0215913113,-0.186234474,-0.000254631042,1
2591,29.519985,0,0.0132898735,-0.0140281999,-0.00221497891,-0.0596468672,-0.000705193845,0.0151997255,-0.153181076,-0.00979801547,0.0588408448,9.79588604,0.00105248217,-0.00269139092,0.0151997255,-0.185318947,-0.000254631042,1
2592,29.529994,0,-0.0140281999,0.0132898735,-0.00516828429,0.104217894,-0.0381107777,0.0173302535,-0.153085232,-0.0217731129,-0.108810529,9.79349136,-0.00427384023,0.000504402502,0.0173302535,-0.184403419,-0.000254631042,1
2593,29.539992,0,0.00590661028,-0.012551547,0,-0.0288751405,-0.00546141621,0.0109386677,-0.152989864,-0.00979801547,0.0277055893,9.77433109,-0.00320857554,-0.000560861954,0.0109386677,-0.183609962,-0.000254631042,1
2594,29.549988,0,0.00295330514,0.00885991566,-0.00516828429,0.0865536705,-0.0741403028,0.0066776094,-0.152893543,-0.0600934289,-0.0968354344,9.83420658,0.0031830112,0.00263493136,0.0066776094,-0.182938576,-0.000254631042,1
2595,29.559985,0,-0.011074895,0.00147665257,0.00147665257,0.00588669628,-0.0786728561,0.00135128724,-0.152893543,-0.0768585652,-0.0177997835,9.8318119,-1.27822468e-05,-0.000560861954,0.00135128724,-0.182328224,-0.000254631042,1
2596,29.569994,0,0.0132898735,-0.0081215892,-0.0036916316,0.13477309,-0.154284656,-0.00397503516,-0.152989864,-0.131944016,-0.156710923,9.76954079,0.00105248217,0.00263493136,-0.00397503516,-0.181717873,-0.000254631042,1
2597,29.579992,0,-0.0191964842,0.00885991566,0.00442995783,0.0217421278,-0.0229571946,-0.00717082852,-0.152893543,-0.019378094,-0.0249848422,9.74798584,-0.00107804674,-0.00162612647,-0.00717082852,-0.181168556,-0.000254631042,1
2598,29.589988,0,0.0147665264,-0.012551547,0,0.0151611017,-0.12856777,-0.00930135697,-0.152893543,-0.124758959,-0.0345649198,9.77433109,-1.27822468e-05,0.000504402502,-0.00930135697,-0.18086338,-0.000254631042,1
2599,29.599984,0,-0.0140281999,0.0118132206,0.00147665257,-0.0190457348,-0.00453855004,-0.00610556407,-0.153817654,-0.0074029956,0.0181255098,9.87731743,-0.00107804674,-0.000560861954,-0.00610556407,-0.180558205,-0.000254631042,1
2600,29.680029,0,0.0073832632,-0.012551547,0,-0.00175783713,-0.0653784201,0.00348181627,-0.152893543,-0.0648834705,-0.00821970589,9.74798584,-0.00214331108,0.000504402502,0.00348181627,-0.178177834,-0.000254631042,1
2601,29.690014,0,-0.00664493674,0.00295330514,-0.0036916316,0.0878341645,-0.0501047373,0.00454708049,-0.152893543,-0.0361432321,-0.0944404155,9.85576153,0.00105248217,0.000504402502,0.00454708049,-0.177872658,-0.000254631042,1
2602,29.700010,0,0.0103365686,0.00442995783,0,0.0140905147,-0.00967308134,0.00241655181,-0.153625965,-0.0074029956,-0.0154047646,9.74319553,0.00105248217,0.0015696669,0.00241655181,-0.177567482,-0.000254631042,1
2603,29.710007,0,-0.011074895,-0.00959824212,0,0.0776440129,-0.021878304,-0.000779241615,-0.152893543,-0.00979801547,-0.0800702944,9.81504631,0.00211774674,0.000504402502,-0.000779241615,-0.177262306,-0.000254631042,1
2604,29.720014,0,0.0073832632,0.0118132206,0,0.00692165177,-0.0715773776,-0.00290977047,-0.153722286,-0.0696735084,-0.0177997835,9.75517082,-0.00107804674,0.0015696669,-0.00290977047,-0.17695713,-0.000254631042,1
2605,29.730015,0,0.00147665257,-0.012551547,0,-0.00975091942,0.0085530011,-0.00504029961,-0.152989864,0.0069671222,0.0109404512,9.81504631,-0.00320857554,0.000504402502,-0.00504029961,-0.176651955,-0.000254631042,1
2606,29.739989,0,-0.0081215892,0.0118132206,0,-0.080397293,0.021869624,-0.00504029961,-0.152989864,0.0093621416,0.0827910379,9.73361588,-1.27822468e-05,-0.000560861954,-0.00504029961,-0.176346779,-0.000254631042,1
2607,29.750004,0,0.0103365686,-0.0155048529,0,-0.0680199564,0.00784448255,-0.00184450613,-0.152989864,-0.00261295633,0.0684209242,9.81744194,0.00105248217,0.00370019581,-0.00184450613,-0.176041603,-0.000254631042,1
2608,29.759990,0,-0.0191964842,0.0073832632,0,-0.0299804881,-0.0125377402,0.00241655181,-0.153817654,-0.0169830751,0.0277055893,9.78870106,-1.27822468e-05,-0.00375665538,0.00241655181,-0.175736427,-0.000254631042,1
2609,29.770007,0,0.0147665264,0,0,-0.0453185812,-0.0489378385,0.00135128724,-0.153817654,-0.0553033873,0.0372856669,9.74559116,-0.00214331108,0.0015696669,0.00135128724,-0.175431252,-0.000254631042,1
2610,29.780009,0,-0.0036916316,-0.011074895,0,-0.0183227267,-0.0313217863,0.00454708049,-0.152989864,-0.0337482132,0.013335471,9.76714611,0.00105248217,0.000504402502,0.00454708049,-0.175126076,-0.000254631042,1
2611,29.790012,0,-0.012551547,0.0103365686,-0.00221497891,-0.029790353,-0.0271326788,0.00454708049,-0.152893543,-0.0313531905,0.0253105685,9.77672672,-0.00107804674,-0.00162612647,0.00454708049,-0.1748209,-0.000254631042,1
2612,29.800033,0,0.0184581578,-0.012551547,0,0.000602910412,-0.0657432377,0.00561234495,-0.152989864,-0.0648834705,-0.0106147248,9.75038147,-0.00107804674,0.000504402502,0.00561234495,-0.174515724,-0.000254631042,1
2613,29.810006,0,-0.0191964842,0.0073832632,0,0.0514272787,-0.00330367894,0.00454708049,-0.153085232,-0.0433282889,-0.0393549614,9.72403622,-1.27822468e-05,-0.00162612647,0.00454708049,-0.174210548,-0.000254631042,1
2614,29.820026,0,-0.0191964842,-0.0081215892,0,0.0168179702,-0.039163623,0.00348181627,-0.152989864,-0.0289581716,-0.0249848422,9.75996113,-1.27822468e-05,-0.000560861954,0.000286022841,-0.173905373,-0.000254631042,1
2615,29.830012,0,0.0118132206,-0.0036916316,0,0.011909049,-0.0238652416,0.000286022841,-0.152893543,-0.0457233116,-0.0680951998,9.84139156,-1.27822468e-05,0.0015696669,0.00241655181,-0.173600197,-0.000254631042,1
2616,29.840014,0,0.00885991566,0.0073832632,-0.00221497891,-0.010677089,-0.0131086046,0.00241655181,-0.153625965,0.00457210233,0.0277055893,9.73840618,0.00105248217,0.000504402502,0.00241655181,-0.173295021,-0.000254631042,1
2617,29.849988,0,-0.00664493674,-0.012551547,0,-0.00720674498,-0.00637924345,0.000286022841,-0.152989864,-0.0289581716,-0.0177997835,9.77672672,0.00211774674,-0.00482191984,-0.000779241615,-0.172989845,-0.000254631042,1
2618,29.860013,0,0.0073832632,0.0132898735,0,0.00880973134,-0.0282354951,-0.00184450613,-0.152989864,-0.0169830751,0.00136037311,9.79349136,0.00105248217,-0.000560861954,-0.000779241615,-0.172684669,-0.000254631042,1
2619,29.869988,0,-0.00959824212,-0.0155048529,0,-0.0190415327,-0.00455614831,0.000286022841,-0.152893543,-0.0074029956,0.0205205306,9.86294651,-0.00107804674,-0.00162612647,0.000286022841,-0.172379494,-0.000254631042,1
2620,29.879986,0,0.0073832632,0,0,-0.0567362867,-0.013287263,-0.000779241615,-0.152893543,-0.0217731129,0.0540508032,9.85576153,-1.27822468e-05,-0.00269139092,0.000286022841,-0.172074318,-0.000254631042,1
2621,29.889994,0,-0.00516828429,0.0118132206,0,0.00515987212,-0.0519059487,0.00348181627,-0.152989864,-0.0505133495,-0.0130097447,9.74559116,0.00105248217,0.000504402502,0.00241655181,-0.171769142,-0.000254631042,1
2622,29.899984,0,0.00147665257,-0.012551547,0,-0.0081477873,-0.0280409027,0.00135128724,-0.153817654,-0.0289581716,0.00375539274,9.77433109,-1.27822468e-05,0.000504402502,-0.00184450613,-0.171463966,-0.000254631042,1
2623,29.909992,0,-0.00221497891,0.0118132206,0,-0.011951562,-0.0371508338,0.00241655181,-0.152989864,-0.0385382511,0.00615041237,9.8749218,-0.00107804674,0.000504402502,0.00241655181,-0.171158791,-0.000254631042,1
2624,29.920031,0,-0.0036916316,-0.0140281999,0,-0.0414764173,-0.0398457646,0.00561234495,-0.153625965,-0.0457233116,0.034890648,9.8318119,-1.27822468e-05,0.000504402502,0.00348181627,-0.170853615,-0.000254631042,1
2625,29.930006,0,0.00295330514,-0.00664493674,-0.00221497891,-0.00207734201,0.0267609209,0.00454708049,-0.153722286,0.0261272788,0.00615041237,9.81744194,-1.27822468e-05,-0.00162612647,0.00454708049,-0.170548439,-0.000254631042,1
2626,29.940029,0,-0.00664493674,0.0103365686,0,0.00917471759,-0.0258684494,0.00241655181,-0.152989864,-0.0241681337,-0.0130097447,9.80786133,-0.00214331108,0.0015696669,0.00241655181,-0.170243263,-0.000254631042,1
2627,29.950007,0,0.00590661028,-0.0221497901,0,0.0206555463,0.0014431281,0.00348181627,-0.152893543,0.00457210233,-0.0201948043,9.93958759,0.0031830112,0.00263493136,0.00348181627,-0.169938087,-0.000254631042,1
2628,29.959992,0,-0.00959824212,0.0073832632,0,0.0355904549,0.00396267558,-0.000779241615,-0.153625965,0.0093621416,-0.0345649198,9.81744194,-0.00107804674,-0.00269139092,-0.000779241615,-0.169632912,-0.000254631042,1
2629,29.969991,0,0.0073832632,0.00885991566,0,-0.0221535135,-0.0719286799,0.000286022841,-0.152893543,-0.0744635463,0.0109404512,9.79828167,0.00105248217,-0.000560861954,0.000286022841,-0.169327736,-0.000254631042,1
2630,29.979987,0,-0.011074895,-0.00959824212,0,0.00988920778,-0.0211416073,0.000286022841,-0.153722286,-0.019378094,-0.0130097447,9.79109669,-0.00107804674,0.000504402502,0.000286022841,-0.16902256,-0.000254631042,1
2631,29.989985,0,0.00590661028,0.0103365686,0,0.0144546619,-0.0387972444,0.000286022841,-0.152893543,-0.0361432321,-0.0201948043,9.80307102,-1.27822468e-05,-0.000560861954,0.000286022841,-0.168717384,-0.000254631042,1
2632,29.999993,0,-0.00221497891,-0.012551547,0,0.0193750467,-0.0225924365,0.000286022841,-0.152893543,-0.019378094,-0.0225898232,9.81265163,-1.27822468e-05,-0.00269139092,0.000286022841,-0.168412209,-0.000254631042,1
2633,30.009989,0,-0.00959824212,0.00442995783,0,-0.0408962406,-0.0205747299,0.00135128724,-0.152893543,-0.0265631527,0.0372856669,9.74080086,-1.27822468e-05,-0.00162612647,0.00135128724,-0.168107033,-0.000254631042,1
2634,30.019986,0,0.0103365686,0.00295330514,0,0.0377671197,-0.0133139761,0.00241655181,-0.152989864,-0.0074029956,-0.0393549614,9.7312212,-1.27822468e-05,0.0015696669,0.00241655181,-0.167801857,-0.000254631042,1
2635,30.029994,0,-0.012551547,-0.00959824212,0,-0.0616566762,-0.029492069,0.00241655181,-0.152893543,-0.0385382511,0.0564458258,9.77433109,-1.27822468e-05,0.0015696669,0.00241655181,-0.167496681,-0.000254631042,1
2636,30.039992,0,0.0118132206,0.0118132206,0,0.0242913738,-0.0378868654,0.00348181627,-0.152797699,-0.0337482132,-0.0297748819,9.86534214,0.00105248217,0.00370019581,0.00348181627,-0.167191505,-0.000254631042,1
2637,30.210013,0,0.00590661028,0.00442995783,0,-0.0212329552,-0.0502622314,0.00135128724,-0.152797699,-0.0529083684,0.013335471,9.7791214,-0.00107804674,-0.000560861954,0.00135128724,-0.162552834,-0.000254631042,1
2638,30.219988,0,-0.012551547,-0.0155048529,0,-0.0237799995,-0.0353304744,0.00241655181,-0.152797699,-0.0385382511,0.0181255098,9.78870106,-1.27822468e-05,0.0015696669,0.00241655181,-0.162430763,-0.000254631042,1
2639,30.230026,0,0.0118132206,0.0147665264,0,0.00517451949,-0.0204033926,0.00135128724,-0.152797699,-0.019378094,-0.00821970589,9.75756645,-1.27822468e-05,0.00263493136,0.00135128724,-0.162308693,-0.000254631042,1
2640,30.240011,0,-0.0140281999,-0.0191964842,0,-0.0243244618,-0.0231303666,0.00348181627,-0.152797699,-0.0265631527,0.0205205306,9.80786133,0.00211774674,-0.00162612647,0.00348181627,-0.162186623,-0.000254631042,1
2641,30.250007,0,0.00885991566,-0.00221497891,0,0.00681724586,0.00599941006,0.00241655181,-0.152797699,0.0069671222,-0.00582468603,9.77672672,-1.27822468e-05,-0.00162612647,0.00241655181,-0.162064552,-0.000254631042,1
2642,30.260014,0,-0.0036916316,0.0118132206,0,0.0170100983,-0.0289535187,0.00241655181,-0.152797699,-0.0361432321,0.0444707274,9.8270216,-0.00107804674,0.0015696669,0.00241655181,-0.162064552,-0.000254631042,1
2643,30.270025,0,-0.00664493674,-0.0140281999,0,-0.0476404279,-0.0801210701,0.00348181627,-0.152797699,-0.0361432321,0.0181255098,9.80786133,-1.27822468e-05,-0.00162612647,0.00348181627,-0.162003517,-0.000254631042,1
2644,30.280011,0,0.0103365686,0.0132898735,0,0.0237469152,-0.0256867558,0.00241655181,-0.152797699,-0.0217731129,-0.00342966616,9.76475143,-0.00107804674,0.000504402502,0.00135128724,-0.161942482,-0.000254631042,1
2645,30.290035,0,-0.012551547,-0.0081215892,0,0.000620217586,-0.0342415571,0.00135128724,-0.152797699,0.0093621416,0.032495629,9.7623558,-0.00107804674,-0.00269139092,0.000286022841,-0.161942482,-0.000254631042,1
2646,30.300009,0,0.0118132206,-0.0081215892,0,-0.00811918266,-0.0280491989,0.00454708049,-0.152797699,-0.0145880543,-0.0154047646,9.7791214,-1.27822468e-05,-0.000560861954,0.00348181627,-0.161881447,-0.000254631042,1
2647,30.310012,0,-0.012551547,0.0103365686,0,0.0139139192,-0.026595749,0.00241655181,-0.152797699,-0.0265631527,0.0205205306,9.81744194,-0.00107804674,-0.00162612647,0.00348181627,-0.161820412,-0.000254631042,1
2648,30.320008,0,0.00442995783,-0.0140281999,0,-0.00629497366,-0.0162142273,0.000286022841,-0.152701855,-0.00979801547,0.0229155496,9.69290066,-1.27822468e-05,0.000504402502,0.00135128724,-0.161637306,-0.000254631042,1
2649,30.329993,0,-0.00221497891,0.0103365686,0,0.00773090962,0.0276679825,0.00135128724,-0.152797699,0.0285222996,-0.00342966616,9.85336685,-1.27822468e-05,0.000504402502,0.00241655181,-0.161637306,-0.000254631042,1
2650,30.339991,0,-0.0081215892,-0.0140281999,0,-0.0134025468,-0.0466215946,0.00241655181,-0.152797699,-0.0481183305,0.00615041237,9.80786133,0.00105248217,0.0015696669,0.00348181627,-0.161637306,-0.000254631042,1
2651,30.350012,0,0.0073832632,0.00885991566,0,0.0202908777,-0.000922007544,0.00135128724,-0.152797699,0.00217708293,-0.0201948043,9.86055183,-1.27822468e-05,0.0015696669,0.00241655181,-0.161576271,-0.000254631042,1
2652,30.360010,0,-0.012551547,-0.00221497891,0,0.0244763307,-0.0524517447,0.00135128724,-0.152701855,-0.0481183305,-0.0321699008,9.72403622,-1.27822468e-05,-0.00162612647,0.00135128724,-0.161576271,-0.000254631042,1
2653,30.369984,0,0.0132898735,-0.0036916316,0,0.0224733911,-0.0182208791,0.00241655181,-0.152797699,-0.0145880543,-0.0249848422,9.80067635,0.00105248217,-0.00162612647,0.00241655181,-0.161576271,-0.000254631042,1
2654,30.379994,0,-0.0177198313,0.00885991566,0,0.0346735008,-0.0176764186,0.000286022841,-0.152797699,-0.0121930353,-0.0369599424,9.76475143,-1.27822468e-05,0.000504402502,0.000286022841,-0.161454201,-0.000254631042,1
2655,30.389991,0,0.00885991566,-0.00959824212,0,-0.0248678736,-0.0109326411,0.00135128724,-0.152701855,-0.0145880543,0.0229155496,9.79828167,-1.27822468e-05,-0.00162612647,0.00135128724,-0.161454201,-0.000254631042,1
2656,30.399988,0,0,0.0103365686,0,0.00863488577,-0.0451673158,0.00135128724,-0.152701855,-0.0433282889,-0.0154047646,9.77433109,-0.00107804674,0.000504402502,0.00135128724,-0.161454201,-0.000254631042,1
2657,30.409984,0,-0.011074895,-0.011074895,0,0.00554077933,-0.0180357471,0.00135128724,-0.152701855,-0.0169830751,-0.00821970589,9.76475143,0.00105248217,0.0015696669,0.00135128724,-0.161393166,-0.000254631042,1
2658,30.419993,0,0.0118132206,0.00885991566,0,-0.0514538139,-0.0262268055,0.00135128724,-0.152701855,-0.0337482132,0.0468657464,9.7623558,0.00105248217,-0.00162612647,0.00135128724,-0.161393166,-0.000254631042,1
2659,30.429991,0,-0.0177198313,-0.0081215892,0,0.00244171498,-0.0854088739,-0.000779241615,-0.152701855,-0.084043622,-0.0154047646,9.80307102,-1.27822468e-05,-0.00269139092,-0.000779241615,-0.161393166,-0.000254631042,1
2660,30.439988,0,0.0132898735,-0.00221497891,0,-0.00392782316,-0.0165785309,0.00241655181,-0.152701855,-0.0169830751,0.00136037311,9.78630638,-0.00107804674,0.00263493136,0.00241655181,-0.161393166,-0.000254631042,1
2661,30.449986,0,-0.0155048529,0.0103365686,0,-0.0030178891,-0.0264114365,0.00241655181,-0.152701855,-0.0265631527,-0.00103464653,9.77193642,-1.27822468e-05,-0.000560861954,0.00241655181,-0.161393166,-0.000254631042,1
2662,30.750008,0,-0.0140281999,0.0118132206,0,0.00299230334,-0.00310423458,0.00454708049,-0.152701855,-0.0385382511,-0.00342966616,9.80307102,0.00105248217,-0.00269139092,0.00348181627,-0.160782814,-0.000254631042,1
2663,30.759994,0,-0.00221497891,-0.012551547,0,-0.0314304791,-0.0535383373,0.00241655181,-0.152797699,-0.0457233116,0.00854543224,9.74080086,0.00211774674,-0.00269139092,0.00241655181,-0.160782814,-0.000254631042,1
2664,30.770010,0,0.0118132206,0.0073832632,0,-0.023775328,-0.00382891111,0.000286022841,-0.152797699,-0.0074029956,0.0229155496,9.74080086,-0.00214331108,0.0015696669,0.00135128724,-0.160782814,-0.000254631042,1
2665,30.780016,0,-0.0191964842,-0.00664493674,0,0.0161006413,-0.0438930765,0.00241655181,-0.152701855,-0.04093327,-0.0225898232,9.79588604,-0.00107804674,0.00263493136,0.00241655181,-0.160782814,-0.000254631042,1
2666,30.789990,0,0.0199348107,-0.00959824212,0,-0.0161278788,-0.0171241593,0.00241655181,-0.152701855,-0.019378094,0.013335471,9.86055183,0.00211774674,-0.000560861954,0.00135128724,-0.160782814,-0.000254631042,1
2667,30.800012,0,-0.0206731372,0.0118132206,0,0.0159118325,-0.0608289577,-0.000779241615,-0.152797699,-0.0576984063,-0.0249848422,9.74319553,0.00105248217,-0.000560861954,0.000286022841,-0.160782814,-0.000254631042,1
2668,30.809986,0,0.00295330514,-0.0155048529,0,-0.0399899483,-0.0619132109,0.00454708049,-0.152797699,-0.0672784895,0.0301006082,9.78630638,-0.00320857554,0.000504402502,0.00454708049,-0.160782814,-0.000254631042,1
2669,30.819994,0,0.0103365686,0.0132898735,0,0.00954812579,0.00800290983,0.00454708049,-0.152701855,0.0093621416,-0.00821970589,9.80307102,-0.00107804674,0.000504402502,0.00454708049,-0.160721779,-0.000254631042,1
2670,30.829992,0,-0.0177198313,-0.0155048529,0,-0.0270553511,-0.0566371121,0.00241655181,-0.152701855,-0.0600934289,0.0181255098,9.7791214,-0.00107804674,-0.00162612647,0.00241655181,-0.160721779,-0.000254631042,1
2671,30.839989,0,0.0199348107,0,0,-0.000293445861,-0.0559101254,0.000286022841,-0.152797699,-0.0553033873,-0.00821970589,9.80786133,-1.27822468e-05,-0.000560861954,0.000286022841,-0.160721779,-0.000254631042,1
2672,30.850009,0,-0.0206731372,0.00885991566,0,-0.0345266573,-0.0579080395,0.00348181627,-0.152797699,-0.0624884479,0.0253105685,9.7623558,0.00211774674,-0.000560861954,0.00348181627,-0.160721779,-0.000254631042,1
2673,30.860030,0,0.00885991566,-0.0140281999,0,-0.0108479485,-0.0300528239,-0.00184450613,-0.152701855,-0.0313531905,0.00615041237,9.85336685,-0.00107804674,0.000504402502,-0.00184450613,-0.160721779,-0.000254631042,1
2674,30.870006,0,-0.00516828429,0.0147665264,0,0.0228377879,-0.0473531373,0.000286022841,-0.152701855,-0.0433282889,-0.0297748819,9.8318119,0.00105248217,0.000504402502,0.000286022841,-0.160721779,-0.000254631042,1
2675,30.880035,0,-0.00664493674,-0.0191964842,0,-0.0372583047,-0.0599106252,-0.000779241615,-0.152797699,-0.0648834705,0.0277055893,9.79109669,0.0031830112,-0.00269139092,-0.000779241615,-0.160721779,-0.000254631042,1
2676,30.890011,0,0.0073832632,0.00885991566,0,-0.00611364748,-0.0307814311,0.000286022841,-0.152701855,-0.0313531905,0.00136037311,9.80307102,-0.00107804674,0.0015696669,0.000286022841,-0.160721779,-0.000254631042,1
2677,30.900012,0,-0.012551547,0.00147665257,0,-0.0117578823,-0.0202199183,0.00135128724,-0.152701855,-0.0217731129,0.00854543224,9.78391171,-0.00107804674,-0.000560861954,0.00135128724,-0.160721779,-0.000254631042,1
2678,30.909987,0,0.0118132206,-0.00959824212,0,0.00207834202,-0.0247730929,-0.000779241615,-0.152797699,-0.0241681337,-0.00582468603,9.75756645,-0.00107804674,-0.000560861954,-0.000779241615,-0.160721779,-0.000254631042,1
2679,30.920031,0,-0.0140281999,0.0132898735,0,0.01427845,-0.0242286325,0.000286022841,-0.152797699,-0.0217731129,-0.0177997835,9.74319553,0.0031830112,0.000504402502,0.000286022841,-0.160721779,-0.000254631042,1
2680,30.930005,0,0.0103365686,-0.0177198313,0,-0.00502238842,-0.055181548,0.00241655181,-0.152701855,-0.0553033873,-0.00342966616,9.72164059,-1.27822468e-05,0.000504402502,0.00241655181,-0.160721779,-0.000254631042,1
2681,30.940012,0,-0.012551547,0.00885991566,0,0.00189773797,-0.0417072512,0.00241655181,-0.152701855,-0.04093327,-0.00821970589,9.81265163,-0.00107804674,0.000504402502,0.00241655181,-0.160721779,-0.000254631042,1
2682,30.949986,0,0.00147665257,-0.00664493674,0,-0.02579193,-0.095601961,0.00135128724,-0.152797699,-0.0984137431,0.0109404512,9.76475143,-0.00107804674,-0.000560861954,0.00135128724,-0.160721779,-0.000254631042,1
2683,30.960030,0,0.00295330514,-0.00516828429,0,0.00535780005,-0.0349701047,0.00241655181,-0.152701855,-0.0337482132,-0.0106147248,9.81744194,0.00211774674,0.0015696669,0.00241655181,-0.160721779,-0.000254631042,1
2684,30.970004,0,-0.012551547,0.0132898735,0,-0.0225023776,-0.0427985117,0.00135128724,-0.152701855,-0.0457233116,0.0157304909,9.77193642,0.00211774674,-0.00162612647,0.00135128724,-0.160721779,-0.000254631042,1
2685,30.980009,0,0.0147665264,-0.0191964842,0,0.0435981639,-0.00693025533,0.00135128724,-0.152701855,-0.0002179367,-0.0441449992,9.78151608,-0.00107804674,-0.000560861954,0.00135128724,-0.160721779,-0.000254631042,1
2686,30.989995,0,-0.0155048529,0.0118132206,0,0.024111446,-0.0233196411,0.00135128724,-0.152797699,-0.019378094,-0.027379863,9.76954079,-0.00214331108,-0.000560861954,0.00135128724,-0.160721779,-0.000254631042,1
2687,30.999992,0,0.0118132206,0.00295330514,0,-0.0257794615,-0.0326013006,-0.000779241615,-0.152701855,-0.0361432321,0.0205205306,9.78870106,-1.27822468e-05,-0.00162612647,-0.000779241615,-0.160721779,-0.000254631042,1
2688,31.009988,0,-0.0081215892,-0.012551547,0,-0.0113919256,0.0136487978,0.00241655181,-0.152701855,0.0117571615,0.013335471,9.84857655,-1.27822468e-05,0.000504402502,0.00241655181,-0.160721779,-0.000254631042,1
2689,31.019986,0,0,0.0169815049,0,0.00827223435,-0.0160328988,0.00241655181,-0.152701855,-0.0145880543,-0.0106147248,9.75517082,-0.00214331108,-0.00482191984,0.00241655181,-0.160721779,-0.000254631042,1
2690,31.030031,0,0.0073832632,-0.0191964842,0,0.0392265134,-0.0353360623,0.00241655181,-0.152701855,-0.0289581716,-0.0441449992,9.70487595,0.00105248217,-0.000560861954,0.00241655181,-0.160721779,-0.000254631042,1
2691,31.040005,0,-0.011074895,0.0103365686,0,0.0419579707,-0.0333332159,0.00135128724,-0.152701855,-0.0265631527,-0.0465400182,9.78151608,0.00105248217,-0.00162612647,0.00135128724,-0.160721779,-0.000254631042,1
2692,31.050012,0,0.0147665264,0.00147665257,0,0.026662156,-0.0382488444,0.00135128724,-0.152701855,-0.0337482132,-0.0321699008,9.78630638,0.00105248217,0.0015696669,0.00135128724,-0.160721779,-0.000254631042,1
2693,31.060010,0,-0.0191964842,-0.011074895,0,-0.00411245506,-0.0650144592,0.000286022841,-0.152701855,-0.0648834705,-0.00582468603,9.84378719,0.00211774674,0.00263493136,0.000286022841,-0.160721779,-0.000254631042,1
2694,31.070006,0,0.00885991566,0.0132898735,0,-0.0124864914,-0.0249542203,0.00241655181,-0.152701855,-0.0265631527,0.00854543224,9.76954079,0.00424827542,0.0015696669,0.00241655181,-0.160721779,-0.000254631042,1
2695,31.080014,0,-0.0036916316,-0.0177198313,0,0.0332163237,-0.0586432628,0.00241655181,-0.152701855,-0.0529083684,-0.0417499803,9.7623558,-0.00107804674,-0.000560861954,0.00241655181,-0.160721779,-0.000254631042,1
2696,31.090011,0,-0.00959824212,0.0103365686,0,-0.0510872193,-0.0238645468,0.00348181627,-0.15260601,-0.0313531905,0.0468657464,9.75038147,-1.27822468e-05,-0.000560861954,0.00348181627,-0.160660744,-0.000254631042,1
2697,31.100009,0,0.0103365686,0.00295330514,0,0.027573742,-0.0165801831,0.000286022841,-0.152701855,-0.0121930353,-0.0297748819,9.69050598,-1.27822468e-05,0.0015696669,0.000286022841,-0.160660744,-0.000254631042,1
2698,31.110005,0,-0.0140281999,-0.011074895,0,-0.0204995293,-0.045529969,0.00348181627,-0.152701855,-0.0481183305,0.013335471,9.82223129,0.00105248217,-0.000560861954,0.00348181627,-0.160660744,-0.000254631042,1
2699,31.120014,0,0.0118132206,0.0118132206,0,0.0190134216,-0.0564574376,0.00135128724,-0.152701855,-0.0529083684,-0.027379863,9.77193642,-0.00107804674,0.0015696669,0.00135128724,-0.160660744,-0.000254631042,1
