Index,Time,(odometrySubsystem).z[0],(odometrySubsystem).z[1],(odometrySubsystem).z[2],(odometrySubsystem).z[3],(odometrySubsystem).z[4],(odometrySubsystem).z[5],(odometrySubsystem).z[6],(odometrySubsystem).z[7],((((((aruwsrc::standard::DriversSingleton::drivers).mpu6500).imuData).accG).coordinates_).data)._M_elems[0],((((((aruwsrc::standard::DriversSingleton::drivers).mpu6500).imuData).accG).coordinates_).data)._M_elems[1],((((((aruwsrc::standard::DriversSingleton::drivers).mpu6500).imuData).accG).coordinates_).data)._M_elems[2],((((((aruwsrc::standard::DriversSingleton::drivers).mpu6500).imuData).gyroRadPerSec).coordinates_).data)._M_elems[0],((((((aruwsrc::standard::DriversSingleton::drivers).mpu6500).imuData).gyroRadPerSec).coordinates_).data)._M_elems[1],((((((aruwsrc::standard::DriversSingleton::drivers).mpu6500).imuData).gyroRadPerSec).coordinates_).data)._M_elems[2],(odometrySubsystem).chassisYaw,(odometrySubsystem).yawOffset,(odometrySubsystem).yawOffsetInitialized
0,0.000000,0,0,0,0,0.0368903279,0.173613057,0.00135128724,2.95338082,-0.17744939,0.00375539274,9.75996113,-0.00107804674,-0.000560861954,0.00135128724,2.95315456,-0.000254631042,1
1,0.009961,0,0,0,0,0.0082264524,0.176636919,0.000286022841,2.95328498,-0.175054371,-0.0249848422,9.79588604,0.00424827542,-0.000560861954,0.000286022841,2.95315456,-0.000254631042,1
2,0.020008,0,0,0,0,-0.0041138758,0.137537614,0.000286022841,2.95338082,-0.134339035,-0.0297748819,9.7623558,0.00105248217,-0.000560861954,0.000286022841,2.95315456,-0.000254631042,1
3,0.029996,0,0,0,0,-0.0632550865,0.134182096,0.000286022841,2.95328498,-0.119968921,-0.0872553512,9.84378719,-0.00107804674,0.00263493136,0.000286022841,2.95315456,-0.000254631042,1
4,0.039978,0,0,0,0,0.00372837507,0.153110445,0.00348181627,2.95338082,-0.151104167,-0.0249848422,9.75996113,-1.27822468e-05,-0.000560861954,0.00348181627,2.95315456,-0.000254631042,1
5,0.049959,0,0,0,0,0.0194133688,0.133056462,0.00241655181,2.95338082,-0.134339035,-0.00582468603,9.89168739,-1.27822468e-05,0.000504402502,0.00241655181,2.95315456,-0.000254631042,1
6,0.059987,0,0,0,0,-0.0159750842,0.151991457,0.00241655181,2.95328498,-0.146314129,-0.0441449992,9.75038147,0.00105248217,0.0015696669,0.00241655181,2.95315456,-0.000254631042,1
7,0.069986,0,0,0,0,0.0379102156,0.114903465,0.00135128724,2.95328498,-0.119968921,0.0157304909,9.78870106,-0.00107804674,0.00263493136,0.00135128724,2.95315456,-0.000254631042,1
8,0.079957,0,0,0,0,0.022662323,0.137313798,0.000286022841,2.95338082,-0.139129072,-0.00342966616,9.85097218,0.00105248217,0.00263493136,0.000286022841,2.95315456,-0.000254631042,1
9,0.089978,0,0,0,0,0.0013903674,0.153558433,0.00135128724,2.95328498,-0.151104167,-0.027379863,9.77193642,-1.27822468e-05,-0.000560861954,0.00135128724,2.95315456,-0.000254631042,1
10,0.099961,0,0,0,0,0.0192041621,0.157478109,0.00241655181,2.95328498,-0.158289239,-0.0106147248,9.85336685,-0.00107804674,0.000504402502,0.00241655181,2.95315456,-0.000254631042,1
11,0.109978,0,0,0,0,0.00284637022,0.148404732,-0.000779241615,2.95328498,-0.146314129,-0.0249848422,9.84378719,-0.00320857554,0.0015696669,-0.000779241615,2.95315456,-0.000254631042,1
12,0.120003,0,0,0,0,0.0135977017,0.102469757,0.00241655181,2.95328498,-0.103203781,-0.00582468603,9.80067635,-1.27822468e-05,0.000504402502,0.00241655181,2.95315456,-0.000254631042,1
13,0.129986,0,0,0,0,0.0268215258,0.146274015,0.00135128724,2.95328498,-0.160684258,-0.00103464653,9.81025696,-0.00214331108,0.000504402502,0.000286022841,2.95315456,-0.000254631042,1
14,0.140002,0,0,0,0,0.0343279094,0.147281677,0.00241655181,2.95328498,-0.196609542,-0.0321699008,9.77433109,-1.27822468e-05,-0.00162612647,0.000286022841,2.95315456,-0.000254631042,1
15,0.149962,0,0,0,0,0.0217788033,0.132606268,-0.000779241615,2.95328498,-0.134339035,-0.0201948043,9.88450241,-0.00214331108,-0.000560861954,0.000286022841,2.95315456,-0.000254631042,1
16,0.160002,0,0,0,0,0.0063176956,0.128238276,0.00135128724,2.95328498,-0.117573902,0.013335471,9.79828167,-1.27822468e-05,-0.00269139092,0.000286022841,2.95315456,-0.000254631042,1
17,0.169953,0,0,0,0,-0.01026206,0.143588394,0.00135128724,2.95328498,-0.165474296,-0.0297748819,9.76475143,-0.00107804674,0.0015696669,0.00135128724,2.95315456,-0.000254631042,1
18,0.179998,0,0,0,0,0.0284883045,0.116699554,0.00135128724,2.95338082,-0.15589422,-0.0130097447,9.76714611,-0.00107804674,0.000504402502,0.00135128724,2.95315456,-0.000254631042,1
19,0.189960,0,0,0,0,0.0311769918,0.130815893,0.00348181627,2.95338082,-0.134339035,-0.0225898232,9.75996113,-0.00214331108,0.00370019581,0.00241655181,2.95315456,-0.000254631042,1
20,0.199999,0,0,0,0,0.00596895022,0.164874077,0.00348181627,2.95338082,-0.163079277,-0.0249848422,9.8318119,-0.00107804674,-0.00162612647,0.00454708049,2.95315456,-0.000254631042,1
21,0.209960,0,0,0,0,-0.0220399313,0.197027653,0.00135128724,2.95338082,-0.189424485,-0.0585151166,9.85336685,-0.00320857554,-0.000560861954,-0.000779241615,2.95315456,-0.000254631042,1
22,0.220006,0,0,0,0,0.0449568853,0.164762422,0.000286022841,2.95338082,-0.170264333,0.013335471,9.81025696,0.00105248217,0.000504402502,-0.000779241615,2.95315456,-0.000254631042,1
23,0.229955,0,0,0,0,0.0418200791,0.148293346,0.00135128724,2.95338082,-0.153499186,0.013335471,9.82462692,0.00105248217,-0.000560861954,0.00135128724,2.95315456,-0.000254631042,1
24,0.239987,0,0,0,0,-0.0298647899,0.181457683,0.00348181627,2.95328498,-0.172659352,-0.0633051544,9.82462692,-0.00107804674,0.000504402502,0.00348181627,2.95315456,-0.000254631042,1
25,0.250001,0,0,0,0,-0.0237197448,0.124205351,0.000286022841,2.95338082,-0.117573902,-0.0465400182,9.80067635,-0.00107804674,-0.00162612647,0.000286022841,2.95315456,-0.000254631042,1
26,0.259986,0,0,0,0,0.0523515083,0.126782864,0.00454708049,2.95338082,-0.134339035,0.0277055893,9.85097218,-0.00107804674,-0.000560861954,0.00454708049,2.95315456,-0.000254631042,1
27,0.270007,0,0,0,0,-0.042093426,0.130142987,0.00241655181,2.95338082,-0.119968921,-0.0657001734,9.83660221,-0.00107804674,0.000504402502,0.00241655181,2.95315456,-0.000254631042,1
28,0.279959,0,0,0,0,0.0150438827,0.148517147,0.000286022841,2.95338082,-0.148709148,-0.0130097447,9.78391171,-0.00214331108,-0.00269139092,0.000286022841,2.95315456,-0.000254631042,1
29,0.289978,0,0,0,0,0.00115184009,0.126782373,0.00135128724,2.95338082,-0.124758959,-0.0225898232,9.82223129,0.00211774674,0.000504402502,0.00135128724,2.95315456,-0.000254631042,1
30,0.299960,0,0,0,0,0.00148780295,0.141346827,-0.000779241615,2.95338082,-0.139129072,-0.0249848422,9.81025696,-1.27822468e-05,0.0015696669,-0.000779241615,2.95315456,-0.000254631042,1
31,0.309983,0,0,0,0,0.0332048535,0.11580015,0.00135128724,2.95328498,-0.119968921,0.0109404512,9.79828167,-1.27822468e-05,0.0015696669,0.00135128724,2.95315456,-0.000254631042,1
32,0.319954,0,0,0,0,0.0209975224,0.166888833,0.000286022841,2.95328498,-0.167869315,-0.0106147248,9.7791214,0.00105248217,-0.000560861954,0.000286022841,2.95315456,-0.000254631042,1
33,0.330004,0,0,0,0,0.0678126961,0.0799526796,-0.000779241615,2.95338082,-0.0912286863,0.0516557842,9.76954079,0.00211774674,0.000504402502,-0.000779241615,2.95315456,-0.000254631042,1
34,0.339952,0,0,0,0,0.0764390156,0.11244271,0.00348181627,2.95338082,-0.124758959,0.0540508032,9.81504631,-0.00107804674,0.000504402502,0.00348181627,2.95315456,-0.000254631042,1
35,0.349985,0,0,0,0,0.0237823632,0.168795452,0.00454708049,2.95338082,-0.170264333,-0.00821970589,9.75038147,-1.27822468e-05,-0.000560861954,0.00454708049,2.95315456,-0.000254631042,1
36,0.360006,0,0,0,0,-0.0150934216,0.156695366,0.00241655181,2.95338082,-0.151104167,-0.0441449992,9.89168739,-1.27822468e-05,0.00370019581,0.00241655181,2.95315456,-0.000254631042,1
37,0.369958,0,0,0,0,-0.000977074378,0.154006675,0.000286022841,2.95338082,-0.151104167,-0.0297748819,9.79828167,-0.00107804674,-0.00162612647,0.000286022841,2.95315456,-0.000254631042,1
38,0.380004,0,0,0,0,0.018629292,0.116139285,-0.00397503516,2.95338082,-0.117573902,-0.00342966616,9.76954079,-1.27822468e-05,-0.000560861954,-0.00397503516,2.95315456,-0.000254631042,1
39,0.389953,0,0,0,0,0.0178447217,0.150421768,0.00135128724,2.95338082,-0.151104167,-0.0106147248,9.80067635,-1.27822468e-05,0.0015696669,0.00135128724,2.95315456,-0.000254631042,1
40,0.399998,0,0,0,0,-0.0197988693,0.157591596,0.00241655181,2.95338082,-0.151104167,-0.0489350408,9.81025696,-0.00214331108,0.00370019581,0.00241655181,2.95315456,-0.000254631042,1
41,0.409959,0,0,0,0,-0.00142518885,0.15165396,0.00241655181,2.95338082,-0.148709148,-0.0297748819,9.79349136,-0.00107804674,-0.00375665538,0.00241655181,2.95315456,-0.000254631042,1
42,0.420004,0,0,0,0,-0.00736282626,0.133280277,0.000286022841,2.95338082,-0.129548997,-0.0321699008,9.88689709,-0.00107804674,-0.000560861954,0.000286022841,2.95315456,-0.000254631042,1
43,0.429955,0,0,0,0,-0.029657878,0.157031327,0.00135128724,2.95338082,-0.148709148,-0.0585151166,9.78151608,-1.27822468e-05,-0.00162612647,0.00135128724,2.95315456,-0.000254631042,1
44,0.439987,0,0,0,0,0.0352100246,0.151990429,-0.000779241615,2.95338082,-0.15589422,0.00615041237,9.75517082,-0.00427384023,0.0015696669,-0.000779241615,2.95315456,-0.000254631042,1
45,0.449966,0,0,0,0,-0.000417299394,0.195347339,0.00348181627,2.95338082,-0.191819504,-0.0369599424,9.79349136,0.00105248217,0.000504402502,0.00348181627,2.95315456,-0.000254631042,1
46,0.459957,0,0,0,0,-0.0124042407,0.119612046,0.00135128724,2.95338082,-0.115178876,-0.0345649198,9.86055183,-1.27822468e-05,-0.000560861954,0.00135128724,2.95315456,-0.000254631042,1
47,0.469955,0,0,0,0,0.00472272979,0.145604625,0.000286022841,2.95347691,-0.14391911,-0.0225898232,9.78391171,-0.00107804674,-0.000560861954,0.000286022841,2.95315456,-0.000254631042,1
48,0.479952,0,0,0,0,-0.0275294613,0.1810067,0.00241655181,2.95338082,-0.172659352,-0.0609101392,9.82223129,-1.27822468e-05,0.000504402502,0.00241655181,2.95315456,-0.000254631042,1
49,0.489960,0,0,0,0,-0.00568252197,0.154902905,0.00135128724,2.95338082,-0.151104167,-0.0345649198,9.7623558,-1.27822468e-05,0.000504402502,0.00135128724,2.95315456,-0.000254631042,1
50,0.499957,0,0,0,0,0.0177325718,0.162633508,0.00135128724,2.95338082,-0.163079277,-0.0130097447,9.80307102,0.00105248217,-0.00162612647,0.00135128724,2.95315456,-0.000254631042,1
51,0.509955,0,0,0,0,0.00931493845,0.156920582,0.00241655181,2.95347691,-0.15589422,-0.0201948043,9.75996113,-0.00107804674,-0.000560861954,0.00241655181,2.95315456,-0.000254631042,1
52,0.519982,0,0,0,0,-0.0462502874,0.121175751,0.00135128724,2.95347691,-0.110388838,-0.0680951998,9.78870106,-0.00427384023,0.000504402502,0.00135128724,2.95315456,-0.000254631042,1
53,0.529953,0,0,0,0,-0.0526248552,0.151653469,0.000286022841,2.95338082,-0.139129072,-0.0800702944,9.75996113,-1.27822468e-05,0.000504402502,0.000286022841,2.95315456,-0.000254631042,1
54,0.539986,0,0,0,0,0.00720114028,0.18414399,0.00135128724,2.95338082,-0.182239428,-0.027379863,9.82223129,-1.27822468e-05,0.000504402502,0.00135128724,2.95315456,-0.000254631042,1
55,0.549957,0,0,0,0,0.0265832022,0.170700058,0.000286022841,2.95338082,-0.172659352,-0.00582468603,9.78391171,-1.27822468e-05,0.000504402502,0.000286022841,2.95315456,-0.000254631042,1
56,0.560008,0,0,0,0,-0.0025457181,0.171371982,0.000286022841,2.95338082,-0.167869315,-0.0345649198,9.78870106,-1.27822468e-05,0.00263493136,0.000286022841,2.95315456,-0.000254631042,1
57,0.569958,0,0,0,0,0.00596895022,0.164874077,0.00454708049,2.95338082,-0.163079277,-0.0249848422,9.7623558,-0.00107804674,0.00370019581,0.00454708049,2.95315456,-0.000254631042,1
58,0.580001,0,0,0,0,-0.00803524815,0.155351028,0.00348181627,2.95338082,-0.179844409,-0.00103464653,9.75038147,-1.27822468e-05,0.0015696669,0.00348181627,2.95315456,-0.000254631042,1
59,0.589987,0,0,0,0,0.0226754844,0.137311637,0.00454708049,2.95328498,-0.158289239,-0.0297748819,9.79588604,-1.27822468e-05,0.000504402502,0.00348181627,2.95315456,-0.000254631042,1
60,0.599984,0,0,0,0,0.0223258696,0.173949018,-0.000779241615,2.95338082,-0.170264333,-0.0489350408,9.88450241,0.00105248217,-0.00162612647,-0.000779241615,2.95315456,-0.000254631042,1
61,0.609955,0,0,0,0,0.00406433875,0.167674914,0.00135128724,2.95338082,-0.127153978,-0.0441449992,9.77433109,-0.00107804674,0.0015696669,0.000286022841,2.95315456,-0.000254631042,1
62,0.620006,0,0,0,0,-0.0128528466,0.168458998,0.00348181627,2.95338082,-0.175054371,-0.0513300598,9.84618187,-1.27822468e-05,0.0015696669,0.00241655181,2.95315456,-0.000254631042,1
63,0.629955,0,0,0,0,-0.00422602519,0.149749339,0.00241655181,2.95338082,-0.153499186,-0.0225898232,9.77433109,0.00211774674,0.000504402502,0.00135128724,2.95315456,-0.000254631042,1
64,0.640006,0,0,0,0,-0.0190142971,0.123309121,0.00135128724,2.95338082,-0.12236394,-0.0489350408,9.80546665,-1.27822468e-05,0.000504402502,0.00135128724,2.95315456,-0.000254631042,1
65,0.649956,0,0,0,0,-0.0362679362,0.160728395,0.00135128724,2.95338082,-0.151104167,-0.0657001734,9.78391171,-0.00107804674,-0.00162612647,0.00241655181,2.95315456,-0.000254631042,1
66,0.659987,0,0,0,0,-0.0275294613,0.1810067,0.00241655181,2.95338082,-0.172659352,-0.0609101392,9.76714611,0.00105248217,0.0015696669,0.000286022841,2.95315456,-0.000254631042,1
67,0.669981,0,0,0,0,0.0331937522,0.115803324,0.000286022841,2.95338082,-0.119968921,0.0109404512,9.73840618,-0.00107804674,-0.000560861954,-0.000779241615,2.95315456,-0.000254631042,1
68,0.679966,0,0,0,0,0.0243431199,0.107736766,0.00561234495,2.95338082,-0.110388838,0.00375539274,9.73601055,-0.00107804674,0.000504402502,0.00561234495,2.95315456,-0.000254631042,1
69,0.689984,0,0,0,0,-0.0270808544,0.132159755,0.00241655181,2.95338082,-0.124758959,-0.0513300598,9.82462692,0.00211774674,0.0015696669,0.00241655181,2.95315456,-0.000254631042,1
70,0.699954,0,0,0,0,-0.0229356699,0.141122535,0.000286022841,2.95338082,-0.134339035,-0.0489350408,9.73361588,-1.27822468e-05,-0.00162612647,0.000286022841,2.95315456,-0.000254631042,1
71,0.709964,0,0,0,0,0.0410355106,0.182575837,-0.000779241615,2.95338082,-0.187029466,0.00615041237,9.71924591,-0.00107804674,0.000504402502,-0.000779241615,2.95315456,-0.000254631042,1
72,0.719987,0,0,0,0,-0.0215913262,0.148180693,0.00241655181,2.95338082,-0.141524091,-0.0489350408,9.8270216,0.00105248217,-0.000560861954,0.00241655181,2.95315456,-0.000254631042,1
73,0.729967,0,0,0,0,0.0155064585,0.150868401,0.00454708049,2.95328498,-0.151104167,-0.0130097447,9.72643089,-0.00214331108,-0.000560861954,0.00454708049,2.95315456,-0.000254631042,1
74,0.740006,0,0,0,0,-0.0300911702,0.154681504,0.000286022841,2.95328498,-0.146314129,-0.0585151166,9.76954079,-1.27822468e-05,-0.000560861954,0.000286022841,2.95315456,-0.000254631042,1
75,0.749957,0,0,0,0,-0.0267443992,0.0955245346,0.00241655181,2.95338082,-0.0888336599,-0.0441449992,9.81744194,-1.27822468e-05,-0.000560861954,0.00241655181,2.95315456,-0.000254631042,1
76,0.759978,0,0,0,0,-0.0487034842,0.133840054,0.000286022841,2.95338082,-0.12236394,-0.0728852376,9.81744194,0.00105248217,0.000504402502,0.000286022841,2.95315456,-0.000254631042,1
77,0.769964,0,0,0,0,-0.0383788459,0.187956408,0.00135128724,2.95328498,-0.17744939,-0.0728852376,9.75996113,0.00105248217,-0.000560861954,0.00135128724,2.95315456,-0.000254631042,1
78,0.779980,0,0,0,0,-0.0363635235,0.172943637,0.000286022841,2.95328498,-0.163079277,-0.0680951998,9.83420658,0.00211774674,0.0015696669,0.000286022841,2.95315456,-0.000254631042,1
79,0.790007,0,0,0,0,-0.0075720204,0.157704487,0.00348181627,2.95328498,-0.153499186,-0.0369599424,9.79588604,-0.00107804674,0.00263493136,0.00348181627,2.95315456,-0.000254631042,1
80,0.799957,0,0,0,0,-0.00903243478,0.111658514,0.00135128724,2.95328498,-0.107993819,-0.0297748819,9.75277615,-0.00214331108,-0.00162612647,0.00135128724,2.95315456,-0.000254631042,1
81,0.809986,0,0,0,0,0.0489904061,0.134737268,0.00135128724,2.95338082,-0.141524091,0.0229155496,9.82462692,-0.00107804674,0.000504402502,0.00135128724,2.95315456,-0.000254631042,1
82,0.819958,0,0,0,0,0.0242304783,0.171148181,0.00348181627,2.95338082,-0.172659352,-0.00821970589,9.82223129,0.00105248217,0.0015696669,0.00348181627,2.95315456,-0.000254631042,1
83,0.829988,0,0,0,0,-0.0204584822,0.128464654,0.00348181627,2.95328498,-0.12236394,-0.0441449992,9.79109669,-0.00107804674,0.000504402502,0.00348181627,2.95315456,-0.000254631042,1
84,0.839958,0,0,0,0,-0.0259451251,0.163643897,0.00135128724,2.95328498,-0.15589422,-0.0561200976,9.76954079,-1.27822468e-05,-0.00162612647,0.00135128724,2.95315456,-0.000254631042,1
85,0.849989,0,0,0,0,0.0198614821,0.135409191,0.00241655181,2.95338082,-0.136734053,-0.00582468603,9.76714611,0.00105248217,-0.00162612647,0.00241655181,2.95315456,-0.000254631042,1
86,0.859958,0,0,0,0,0.00641706446,0.167226806,-0.00184450613,2.95338082,-0.165474296,-0.0249848422,9.81983662,-0.00107804674,-0.000560861954,-0.00184450613,2.95315456,-0.000254631042,1
87,0.869982,0,0,0,0,0.0295115672,0.160390124,0.00241655181,2.95328498,-0.163079277,-0.00103464653,9.80786133,0.00105248217,0.000504402502,0.00241655181,2.95315456,-0.000254631042,1
88,0.879953,0,0,0,0,-0.0123883607,0.17081292,-0.000779241615,2.95328498,-0.165474296,-0.0441449992,9.87731743,0.00211774674,0.0015696669,-0.000779241615,2.95315456,-0.000254631042,1
89,0.889983,0,0,0,0,0.0186288003,0.167338952,-0.000779241615,2.95338082,-0.167869315,-0.0130097447,9.82462692,-0.00214331108,-0.00162612647,-0.000779241615,2.95315456,-0.000254631042,1
90,0.899954,0,0,0,0,-0.0375006199,0.192658171,0.00454708049,2.95338082,-0.182239428,-0.0728852376,9.82223129,0.00211774674,0.00263493136,0.00454708049,2.95315456,-0.000254631042,1
91,0.909997,0,0,0,0,0.0331937522,0.115803324,0.000286022841,2.95338082,-0.119968921,0.0109404512,9.77672672,0.0031830112,0.000504402502,0.000286022841,2.95315456,-0.000254631042,1
92,0.919979,0,0,0,0,-0.00120088377,0.127230495,0.00241655181,2.95338082,-0.124758959,-0.0249848422,9.78630638,-0.00107804674,-0.00162612647,0.00241655181,2.95315456,-0.000254631042,1
93,0.929964,0,0,0,0,-0.00937959086,0.148292854,0.00135128724,2.95338082,-0.14391911,-0.0369599424,9.85576153,-0.00320857554,0.000504402502,0.00135128724,2.95315456,-0.000254631042,1
94,0.939999,0,0,0,0,0.0346652716,0.161846116,0.00454708049,2.95328498,-0.165474296,0.00375539274,9.79828167,-0.00214331108,0.0015696669,0.00454708049,2.95315456,-0.000254631042,1
95,0.949986,0,0,0,0,0.0317372568,0.120956883,0.00241655181,2.95338082,-0.124758959,0.00854543224,9.78151608,-1.27822468e-05,-0.00162612647,0.00241655181,2.95315456,-0.000254631042,1
96,0.959985,0,0,0,0,0.0091062421,0.130143479,0.00241655181,2.95338082,-0.129548997,-0.0154047646,9.79109669,-1.27822468e-05,0.000504402502,0.00241655181,2.95315456,-0.000254631042,1
97,0.969955,0,0,0,0,0.00239803037,0.146052063,0.00135128724,2.95328498,-0.14391911,-0.0249848422,9.81744194,-0.00107804674,-0.000560861954,0.00135128724,2.95315456,-0.000254631042,1
98,0.979952,0,0,0,0,-0.0462225862,0.172384322,0.00135128724,2.95328498,-0.160684258,-0.0776752755,9.82941628,-0.00107804674,-0.00269139092,0.00135128724,2.95315456,-0.000254631042,1
99,0.989965,0,0,0,0,-0.0304419585,0.140114143,0.00135128724,2.95338082,-0.131944016,-0.0561200976,9.84139156,-1.27822468e-05,0.000504402502,0.00135128724,2.95315456,-0.000254631042,1
100,0.999957,0,0,0,0,-0.00400172407,0.125325873,0.000286022841,2.95338082,-0.12236394,-0.027379863,9.79588604,-0.00214331108,0.000504402502,0.000286022841,2.95315456,-0.000254631042,1
101,1.009956,0,0,0,0,0.02569847,0.114792489,0.000286022841,2.95328498,-0.117573902,0.00375539274,9.79588604,0.00105248217,-0.00162612647,0.000286022841,2.95315456,-0.000254631042,1
102,1.019953,0,0,0,0,0.000493687403,0.148853078,-0.000779241615,2.95328498,-0.146314129,-0.027379863,9.8797121,-1.27822468e-05,-0.000560861954,-0.000779241615,2.95315456,-0.000254631042,1
103,1.029965,0,0,0,0,0.00865812786,0.127790749,-0.000779241615,2.95338082,-0.127153978,-0.0154047646,9.81504631,-1.27822468e-05,0.000504402502,-0.000779241615,2.95315456,-0.000254631042,1
104,1.039957,0,0,0,0,0.0356581397,0.154343143,0.00135128724,2.95338082,-0.136734053,-0.00821970589,9.77672672,0.0031830112,-0.00162612647,0.00135128724,2.95315456,-0.000254631042,1
105,1.049955,0,0,0,0,-0.0221364461,0.158041835,0.000286022841,2.95328498,-0.131944016,-0.0345649198,9.85097218,-0.00107804674,-0.00162612647,0.00135128724,2.95315456,-0.000254631042,1
106,1.070008,0,0,0,0,0.0362322517,0.144480661,0.00135128724,2.95328498,-0.127153978,-0.0225898232,9.81983662,-1.27822468e-05,0.000504402502,0.00135128724,2.95315456,-0.000254631042,1
107,1.079983,0,0,0,0,-0.0132850409,0.166107565,0.00135128724,2.95328498,-0.15589422,-0.0393549614,9.81025696,-0.00107804674,-0.000560861954,0.00135128724,2.95315456,-0.000254631042,1
108,1.089980,0,0,0,0,0.0387949385,0.170812204,0.00241655181,2.95338082,-0.189424485,-0.0872553512,9.75996113,0.00105248217,-0.000560861954,-0.00184450613,2.95315456,-0.000254631042,1
109,1.100000,0,0,0,0,-0.0414215028,0.159271911,0.00135128724,2.95338082,-0.172659352,-0.0369599424,9.78151608,-1.27822468e-05,-0.000560861954,-0.00184450613,2.95315456,-0.000254631042,1
110,1.109985,0,0,0,0,-0.0110433409,0.177870959,0.00135128724,2.95328498,-0.160684258,-0.027379863,9.82941628,-0.00107804674,0.000504402502,0.00241655181,2.95315456,-0.000254631042,1
111,1.119957,0,0,0,0,0.0115823792,0.117482528,0.00135128724,2.95328498,-0.117573902,-0.0106147248,9.80067635,-1.27822468e-05,-0.000560861954,0.00241655181,2.95315456,-0.000254631042,1
112,1.129999,0,0,0,0,-0.0210310593,0.138321698,-0.000779241615,2.95338082,-0.131944016,-0.0465400182,9.78630638,-1.27822468e-05,0.000504402502,-0.000779241615,2.95315456,-0.000254631042,1
113,1.139985,0,0,0,0,-0.0185661837,0.12566185,0.00241655181,2.95338082,-0.119968921,-0.0417499803,9.79588604,-1.27822468e-05,0.0015696669,0.00348181627,2.95315456,-0.000254631042,1
114,1.149980,0,0,0,0,0.000703725615,0.124429651,-0.000779241615,2.95338082,-0.12236394,-0.0225898232,9.79828167,-1.27822468e-05,-0.000560861954,-0.000779241615,2.95315456,-0.000254631042,1
115,1.159982,0,0,0,0,0.025365524,0.151427716,0.00135128724,2.95328498,-0.153499186,-0.00342966616,9.78391171,-0.00320857554,0.0015696669,0.00135128724,2.95315456,-0.000254631042,1
116,1.169952,0,0,0,0,-0.00230733352,0.14694874,-0.000779241615,2.95328498,-0.14391911,-0.0297748819,9.76714611,-1.27822468e-05,-0.000560861954,-0.000779241615,2.95315456,-0.000254631042,1
117,1.179979,0,0,0,0,-0.0175420661,0.169356927,0.000286022841,2.95328498,-0.163079277,-0.0489350408,9.81265163,-0.00214331108,-0.00162612647,0.000286022841,2.95315456,-0.000254631042,1
118,1.189964,0,0,0,0,-0.00196997193,0.16151318,0.00135128724,2.95328498,-0.158289239,-0.0321699008,9.79588604,-1.27822468e-05,-0.000560861954,0.00135128724,2.95315456,-0.000254631042,1
119,1.199979,0,0,0,0,0.0139394775,0.168233857,0.00135128724,2.95328498,-0.167869315,-0.0177997835,9.80786133,-1.27822468e-05,-0.00162612647,0.00135128724,2.95315456,-0.000254631042,1
120,1.209966,0,0,0,0,0.0793618038,0.102127977,0.00135128724,2.95328498,-0.115178876,0.0588408448,9.80307102,0.00105248217,0.000504402502,0.00135128724,2.95315456,-0.000254631042,1
121,1.219988,0,0,0,0,0.0214458611,0.169241518,0.00348181627,2.95328498,-0.170264333,-0.0106147248,9.8318119,-0.00107804674,0.000504402502,0.00348181627,2.95315456,-0.000254631042,1
122,1.229998,0,0,0,0,-0.0108213816,0.153447464,0.00135128724,2.95328498,-0.148709148,-0.0393549614,9.83660221,0.00211774674,0.00263493136,0.00135128724,2.95315456,-0.000254631042,1
123,1.239984,0,0,0,0,-0.0030930324,0.13003163,0.00135128724,2.95328498,-0.127153978,-0.027379863,9.80546665,-0.00107804674,0.00263493136,0.00135128724,2.95315456,-0.000254631042,1
124,1.249983,0,0,0,0,-0.0064533744,0.137986347,-0.000779241615,2.95328498,-0.134339035,-0.0321699008,9.76714611,-0.00214331108,-0.00269139092,-0.000779241615,2.95315456,-0.000254631042,1
125,1.259952,0,0,0,0,0.0063176956,0.128238276,0.00241655181,2.95328498,-0.127153978,-0.0177997835,9.84857655,-1.27822468e-05,-0.00162612647,0.00241655181,2.95315456,-0.000254631042,1
126,1.269986,0,0,0,0,-0.0124047315,0.170811728,0.00135128724,2.95338082,-0.165474296,-0.0441449992,9.84618187,-1.27822468e-05,0.0015696669,0.00135128724,2.95315456,-0.000254631042,1
127,1.280030,0,0,0,0,0.0135873873,0.153670713,-0.000779241615,2.95338082,-0.153499186,-0.0154047646,9.82462692,0.00105248217,-0.00162612647,-0.000779241615,2.95315456,-0.000254631042,1
128,1.289952,0,0,0,0,-0.0144081013,0.134626016,0.00348181627,2.95328498,-0.129548997,-0.0393549614,9.72882557,-1.27822468e-05,-0.000560861954,0.00348181627,2.95315456,-0.000254631042,1
129,1.299988,0,0,0,0,0.0219106488,0.171592087,0.00241655181,2.95318913,-0.172659352,-0.0106147248,9.73840618,-1.27822468e-05,-0.00162612647,0.00241655181,2.95315456,-0.000254631042,1
130,1.309962,0,0,0,0,0.00441335235,0.131039292,0.00348181627,2.95328498,-0.129548997,-0.0201948043,9.76475143,-0.00107804674,0.0015696669,0.00348181627,2.95315456,-0.000254631042,1
131,1.319987,0,0,0,0,0.0182928368,0.152774483,0.00135128724,2.95338082,-0.153499186,-0.0106147248,9.84139156,-1.27822468e-05,0.0015696669,0.00135128724,2.95315456,-0.000254631042,1
132,1.329956,0,0,0,0,0.0115711195,0.117483631,0.00135128724,2.95338082,-0.117573902,-0.0106147248,9.75517082,0.00105248217,-0.00162612647,0.00135128724,2.95315456,-0.000254631042,1
133,1.340002,0,0,0,0,-0.00297763315,0.169019565,-0.000779241615,2.95328498,-0.165474296,-0.0345649198,9.7144556,-1.27822468e-05,-0.00269139092,-0.000779241615,2.95315456,-0.000254631042,1
134,1.349987,0,0,0,0,-0.0202321094,0.155240819,0.00241655181,2.95328498,-0.148709148,-0.0489350408,9.77672672,0.00105248217,0.000504402502,0.00241655181,2.95315456,-0.000254631042,1
135,1.359977,0,0,0,0,0.0111230034,0.115130901,0.000286022841,2.95338082,-0.115178876,-0.0106147248,9.7791214,-1.27822468e-05,-0.00162612647,0.000286022841,2.95315456,-0.000254631042,1
136,1.369995,0,0,0,0,0.018517632,0.0771513507,0.00241655181,2.95338082,-0.0792535841,0.00375539274,9.84618187,-0.00107804674,0.0015696669,0.00241655181,2.95315456,-0.000254631042,1
137,1.379987,0,0,0,0,0.0257028844,0.165992156,0.00348181627,2.95328498,-0.167869315,-0.00582468603,9.7791214,-0.00320857554,-0.000560861954,0.00348181627,2.95315456,-0.000254631042,1
138,1.389961,0,0,0,0,-0.0277384892,0.154233158,0.00561234495,2.95328498,-0.146314129,-0.0561200976,9.85576153,0.0031830112,0.000504402502,0.00561234495,2.95315456,-0.000254631042,1
139,1.399979,0,0,0,0,-0.0117180618,0.148742095,-0.00184450613,2.95328498,-0.14391911,-0.0393549614,9.85097218,0.00105248217,-0.000560861954,-0.00184450613,2.95315456,-0.000254631042,1
140,1.409983,0,0,0,0,0.0438368432,0.133280769,0.00348181627,2.95338082,-0.139129072,0.0181255098,9.80786133,0.00211774674,0.0015696669,0.00348181627,2.95315456,-0.000254631042,1
141,1.419954,0,0,0,0,0.0172844585,0.160280779,0.00135128724,2.95338082,-0.160684258,-0.0130097447,9.77433109,0.00105248217,0.000504402502,0.00135128724,2.95315456,-0.000254631042,1
142,1.430000,0,0,0,0,-0.00611601584,0.152550772,0.00454708049,2.95328498,-0.148709148,-0.0345649198,9.81025696,0.00105248217,-0.000560861954,0.00454708049,2.95315456,-0.000254631042,1
143,1.439987,0,0,0,0,0.0352391601,0.151983663,0.000286022841,2.95318913,-0.15589422,0.00615041237,9.75996113,-0.00320857554,-0.00162612647,0.000286022841,2.95315456,-0.000254631042,1
144,1.449981,0,0,0,0,0.00620671222,0.140450016,0.000286022841,2.95328498,-0.139129072,-0.0201948043,9.74798584,-0.00214331108,0.00370019581,0.000286022841,2.95315456,-0.000254631042,1
145,1.459967,0,0,0,0,0.0255753137,0.12700668,0.00135128724,2.95338082,-0.129548997,0.00136037311,9.81504631,-0.00107804674,-0.00162612647,0.00135128724,2.95315456,-0.000254631042,1
146,1.469987,0,0,0,0,0.0240205042,0.144369677,0.00135128724,2.95328498,-0.146314129,-0.00342966616,9.82941628,-0.00107804674,-0.000560861954,0.00135128724,2.95315456,-0.000254631042,1
147,1.479961,0,0,0,0,-0.0464489684,0.145608142,0.00241655181,2.95328498,-0.134339035,-0.0728852376,9.81025696,-0.00107804674,0.00263493136,0.00241655181,2.95315456,-0.000254631042,1
148,1.489953,0,0,0,0,0.00508807274,0.160168156,0.00241655181,2.95328498,-0.158289239,-0.0249848422,9.78151608,-0.00107804674,0.00263493136,0.00241655181,2.95315456,-0.000254631042,1
149,1.499966,0,0,0,0,0.0346502475,0.11064975,0.00135128724,2.95338082,-0.117573902,-0.00582468603,9.81504631,0.00211774674,0.00263493136,0.00135128724,2.95315456,-0.000254631042,1
150,1.509962,0,0,0,0,0.0292723812,0.133616731,0.00135128724,2.95338082,-0.134339035,-0.00582468603,9.77672672,-0.00107804674,0.00263493136,0.00241655181,2.95315456,-0.000254631042,1
151,1.519955,0,0,0,0,0.015169099,0.136303976,0.00135128724,2.95328498,-0.17744939,-0.0177997835,9.72882557,-0.00214331108,0.000504402502,0.00135128724,2.95315456,-0.000254631042,1
152,1.529953,0,0,0,0,0.0695071518,0.152768344,0.000286022841,2.95328498,-0.129548997,-0.0297748819,9.78870106,0.00105248217,-0.000560861954,0.00135128724,2.95315456,-0.000254631042,1
153,1.539967,0,0,0,0,-0.00824673474,0.128575623,-0.000779241615,2.95328498,-0.127153978,-0.0393549614,9.83420658,0.00211774674,0.00263493136,0.00135128724,2.95315456,-0.000254631042,1
154,1.549964,0,0,0,0,-0.0398392528,0.141910434,0.00348181627,2.95328498,-0.153499186,0.013335471,9.85815716,-1.27822468e-05,0.000504402502,0.00135128724,2.95315456,-0.000254631042,1
155,1.559955,0,0,0,0,0.0317532681,0.172153518,0.00348181627,2.95328498,-0.175054371,0.0109404512,9.81025696,-0.00107804674,0.000504402502,0.00348181627,2.95315456,-0.000254631042,1
156,1.579999,0,0,0,0,0.00529702147,0.135745153,0.00135128724,2.95338082,-0.134339035,-0.0201948043,9.76954079,-1.27822468e-05,0.000504402502,0.00348181627,2.95315456,-0.000254631042,1
157,1.589986,0,0,0,0,-0.00981372036,0.145941079,0.00135128724,2.95328498,-0.141524091,-0.0369599424,9.7791214,0.00105248217,0.0015696669,0.00241655181,2.95315456,-0.000254631042,1
158,1.600002,0,0,0,0,-0.0177684426,0.142580733,-0.000779241615,2.95328498,-0.136734053,-0.0441449992,9.70727062,0.00211774674,-0.000560861954,0.00135128724,2.95315456,-0.000254631042,1
159,1.609952,0,0,0,0,0.0189777818,0.130701929,-0.000779241615,2.95328498,-0.131944016,-0.00582468603,9.7623558,-0.00107804674,-0.000560861954,-0.000779241615,2.95315456,-0.000254631042,1
160,1.620001,0,0,0,0,-0.0398392528,0.141910434,0.00135128724,2.95328498,-0.131944016,-0.0657001734,9.82941628,-0.00107804674,0.00263493136,0.00135128724,2.95315456,-0.000254631042,1
161,1.629988,0,0,0,0,-0.0159750842,0.151991457,0.00135128724,2.95328498,-0.146314129,-0.0441449992,9.8270216,0.00105248217,-0.000560861954,0.00135128724,2.95315456,-0.000254631042,1
162,1.640006,0,0,0,0,-0.0248264857,0.143925756,0.00348181627,2.95328498,-0.136734053,-0.0513300598,9.78151608,-1.27822468e-05,-0.00162612647,0.00348181627,2.95315456,-0.000254631042,1
163,1.649980,0,0,0,0,0.0236831456,0.129805252,0.00135128724,2.95328498,-0.131944016,-0.00103464653,9.79109669,-1.27822468e-05,0.000504402502,0.00135128724,2.95315456,-0.000254631042,1
164,1.659984,0,0,0,0,-0.0173201039,0.144933417,-0.000779241615,2.95328498,-0.139129072,-0.0441449992,9.85576153,-1.27822468e-05,0.000504402502,-0.000779241615,2.95315456,-0.000254631042,1
165,1.669987,0,0,0,0,0.00508365547,0.108968474,0.000286022841,2.95328498,-0.107993819,-0.0154047646,9.78151608,-0.00214331108,-0.00269139092,0.000286022841,2.95315456,-0.000254631042,1
166,1.679961,0,0,0,0,0.00206067157,0.131487638,0.000286022841,2.95328498,-0.129548997,-0.0225898232,9.76475143,-0.00320857554,0.0015696669,0.000286022841,2.95315456,-0.000254631042,1
167,1.689980,0,0,0,0,0.00228705001,0.158263817,0.00135128724,2.95328498,-0.15589422,-0.027379863,9.85576153,-1.27822468e-05,0.000504402502,0.00135128724,2.95315456,-0.000254631042,1
168,1.699966,0,0,0,0,0.00967803877,0.120283552,0.000286022841,2.95328498,-0.119968921,-0.0130097447,9.75996113,-1.27822468e-05,0.000504402502,0.000286022841,2.95315456,-0.000254631042,1
169,1.710002,0,0,0,0,-0.00252929307,0.171372235,0.00454708049,2.95328498,-0.167869315,-0.0345649198,9.8318119,0.00105248217,0.00263493136,0.00454708049,2.95315456,-0.000254631042,1
170,1.719953,0,0,0,0,0.0206601601,0.152324393,0.00348181627,2.95328498,-0.153499186,-0.00821970589,9.81265163,-0.00107804674,-0.000560861954,0.00348181627,2.95315456,-0.000254631042,1
171,1.730004,0,0,0,0,0.00620671222,0.140450016,0.000286022841,2.95328498,-0.139129072,-0.0201948043,9.79349136,-0.00214331108,-0.000560861954,0.000286022841,2.95315456,-0.000254631042,1
172,1.739954,0,0,0,0,-0.0111587401,0.138883039,0.000286022841,2.95328498,-0.134339035,-0.0369599424,9.79109669,-1.27822468e-05,0.0015696669,0.000286022841,2.95315456,-0.000254631042,1
173,1.749982,0,0,0,0,-0.00477541052,0.108409159,-0.000779241615,2.95328498,-0.1055988,-0.0249848422,9.77193642,0.00211774674,-0.00162612647,-0.000779241615,2.95315456,-0.000254631042,1
174,1.760004,0,0,0,0,-0.00330018764,0.154455423,0.00135128724,2.95318913,-0.151104167,-0.0321699008,9.78151608,0.00105248217,0.000504402502,0.00135128724,2.95315456,-0.000254631042,1
175,1.769987,0,0,0,0,0.0208821241,0.127900913,-0.00184450613,2.95328498,-0.129548997,-0.00342966616,9.80307102,-1.27822468e-05,-0.000560861954,-0.00184450613,2.95315456,-0.000254631042,1
176,1.779984,0,0,0,0,-0.00264027808,0.18358399,0.00135128724,2.95328498,-0.179844409,-0.0369599424,9.84618187,-0.00107804674,0.0015696669,0.00135128724,2.95315456,-0.000254631042,1
177,1.789983,0,0,0,0,-0.0054238853,0.181680158,0.00241655181,2.95318913,-0.17744939,-0.0393549614,9.80546665,-1.27822468e-05,0.0015696669,0.00241655181,2.95315456,-0.000254631042,1
178,1.799968,0,0,0,0,-0.0481194593,0.123990268,0.00348181627,2.95318913,-0.112783857,-0.0704902187,9.75517082,-0.00107804674,0.00263493136,0.00348181627,2.95315456,-0.000254631042,1
179,1.809987,0,0,0,0,-0.0239298064,0.148631111,0.000286022841,2.95328498,-0.141524091,-0.0513300598,9.7623558,-0.00107804674,0.000504402502,0.000286022841,2.95315456,-0.000254631042,1
180,1.819978,0,0,0,0,-0.0186651237,0.137875378,0.000286022841,2.95328498,-0.131944016,-0.0441449992,9.79828167,0.00105248217,0.00263493136,0.000286022841,2.95315456,-0.000254631042,1
181,1.829963,0,0,0,0,-0.00746103562,0.145492733,0.00135128724,2.95328498,-0.141524091,-0.0345649198,9.85336685,-1.27822468e-05,-0.000560861954,0.00135128724,2.95315456,-0.000254631042,1
182,1.839983,0,0,0,0,-0.029289024,0.171601415,-0.000779241615,2.95318913,-0.163079277,-0.0609101392,9.76475143,-0.00320857554,0.0015696669,-0.000779241615,2.95315456,-0.000254631042,1
183,1.849955,0,0,0,0,-0.0347816162,0.155581504,0.00348181627,2.95318913,-0.146314129,-0.0633051544,9.76954079,-1.27822468e-05,0.0015696669,0.00348181627,2.95315456,-0.000254631042,1
184,1.859954,0,0,0,0,0.0094560748,0.144707039,0.00135128724,2.95328498,-0.14391911,-0.0177997835,9.81983662,-1.27822468e-05,0.0015696669,0.00135128724,2.95315456,-0.000254631042,1
185,1.869988,0,0,0,0,0.0255996585,0.127001777,0.00241655181,2.95318913,-0.129548997,0.00136037311,9.78391171,-0.00107804674,0.000504402502,0.00241655181,2.95315456,-0.000254631042,1
186,1.879964,0,0,0,0,-0.0129396878,0.129473552,0.000286022841,2.95318913,-0.124758959,-0.0369599424,9.75756645,-1.27822468e-05,-0.000560861954,0.000286022841,2.95315456,-0.000254631042,1
187,1.889983,0,0,0,0,-0.027613895,0.142024055,0.000286022841,2.95318913,-0.134339035,-0.0537250787,9.8270216,-0.00214331108,-0.00162612647,0.000286022841,2.95315456,-0.000254631042,1
188,1.899986,0,0,0,0,-0.0126009351,0.144037932,0.000286022841,2.95318913,-0.139129072,-0.0393549614,9.84618187,-0.00107804674,-0.00162612647,0.000286022841,2.95315456,-0.000254631042,1
189,1.909960,0,0,0,0,0.0161891058,0.128796026,0.00241655181,2.95318913,-0.129548997,-0.00821970589,9.75996113,-0.00214331108,-0.000560861954,0.00241655181,2.95315456,-0.000254631042,1
190,1.919982,0,0,0,0,0.00600055698,0.164872929,0.000286022841,2.95318913,-0.163079277,-0.0249848422,9.82462692,-1.27822468e-05,-0.000560861954,0.000286022841,2.95315456,-0.000254631042,1
191,1.929953,0,0,0,0,0.00420629233,0.155462369,0.00241655181,2.95318913,-0.153499186,-0.0249848422,9.82462692,0.00105248217,-0.00269139092,0.00241655181,2.95315456,-0.000254631042,1
192,1.939998,0,0,0,0,-0.000498985988,0.156359494,0.00241655181,2.95318913,-0.153499186,-0.0297748819,9.78870106,-0.00107804674,-0.000560861954,0.00241655181,2.95315456,-0.000254631042,1
193,1.949985,0,0,0,0,0.0186515544,0.173166737,0.00348181627,2.95318913,-0.167869315,-0.0441449992,9.76475143,-0.00107804674,0.0015696669,0.00348181627,2.95315456,-0.000254631042,1
194,1.960000,0,0,0,0,0.0239245314,0.156579137,0.00135128724,2.95318913,-0.148709148,-0.0321699008,9.7312212,-0.00107804674,0.0015696669,0.00135128724,2.95315456,-0.000254631042,1
195,1.969987,0,0,0,0,0.0616765581,0.137190312,0.00135128724,2.95318913,-0.129548997,-0.00342966616,9.84139156,-0.00107804674,0.00476546027,0.000286022841,2.95315456,-0.000254631042,1
196,1.979986,0,0,0,0,-0.00397769874,0.125326648,0.00135128724,2.95318913,-0.110388838,0.0277055893,9.79828167,-0.00107804674,-0.00162612647,0.00241655181,2.95315456,-0.000254631042,1
197,1.989961,0,0,0,0,-0.00622052746,0.113563448,0.000286022841,2.95318913,-0.151104167,-0.0489350408,9.81504631,0.00105248217,-0.00162612647,0.000286022841,2.95315456,-0.000254631042,1
198,1.999981,0,0,0,0,-0.00733727682,0.133281693,-0.000779241615,2.95318913,-0.146314129,-0.0106147248,9.76954079,-0.00107804674,0.000504402502,-0.000779241615,2.95315456,-0.000254631042,1
199,2.009967,0,0,0,0,0.0154017843,0.111878999,0.00135128724,2.95318913,-0.15589422,-0.0345649198,9.77433109,0.00105248217,0.0015696669,0.00135128724,2.95315456,-0.000254631042,1
200,2.019964,0,0,0,0,-0.00498464052,0.132833123,0.000286022841,2.95318913,-0.129548997,-0.0297748819,9.8318119,0.00211774674,-0.00162612647,0.000286022841,2.95315456,-0.000254631042,1
201,2.029962,0,0,0,0,0.0123809595,0.134398445,0.000286022841,2.95318913,-0.134339035,-0.0130097447,9.81265163,-0.00107804674,0.000504402502,0.000286022841,2.95315456,-0.000254631042,1
202,2.039952,0,0,0,0,0.0271743014,0.160835847,0.00241655181,2.95318913,-0.163079277,-0.00342966616,9.83899689,0.00105248217,-0.00162612647,0.00135128724,2.95315456,-0.000254631042,1
203,2.049966,0,0,0,0,0.0264967903,0.131707042,0.00241655181,2.95318913,-0.134339035,0.00136037311,9.79828167,-0.00107804674,-0.000560861954,0.00241655181,2.95315456,-0.000254631042,1
204,2.059962,0,0,0,0,0.0238053966,0.117591217,0.000286022841,2.95318913,-0.119968921,0.00136037311,9.73601055,-0.00107804674,0.000504402502,0.000286022841,2.95315456,-0.000254631042,1
205,2.069954,0,0,0,0,-0.0585241765,0.133296624,0.000286022841,2.95309329,-0.119968921,-0.0824653134,9.86294651,-1.27822468e-05,0.000504402502,0.000286022841,2.95315456,-0.000254631042,1
206,2.079967,0,0,0,0,0.0120422058,0.119834051,0.000286022841,2.95318913,-0.119968921,-0.0106147248,9.83660221,-1.27822468e-05,-0.00162612647,0.000286022841,2.95315456,-0.000254631042,1
207,2.089964,0,0,0,0,0.0157498643,0.177643061,0.00241655181,2.95318913,-0.17744939,-0.0177997835,9.80546665,-0.00107804674,-0.00162612647,0.00241655181,2.95315456,-0.000254631042,1
208,2.110004,0,0,0,0,0.053734336,0.133825585,0.00241655181,2.95309329,-0.141524091,0.0277055893,9.79588604,-0.00214331108,-0.00269139092,0.00241655181,2.95315456,-0.000254631042,1
209,2.119988,0,0,0,0,0.017439181,0.148064032,0.000286022841,2.95309329,-0.148709148,-0.0106147248,9.76954079,-0.00107804674,-0.00162612647,0.000286022841,2.95315456,-0.000254631042,1
210,2.129962,0,0,0,0,0.00107965397,0.1389938,0.00348181627,2.95309329,-0.136734053,-0.0249848422,9.75756645,-0.00107804674,-0.00269139092,0.00348181627,2.95315456,-0.000254631042,1
211,2.139986,0,0,0,0,0.000739503768,0.124429442,0.00454708049,2.95309329,-0.12236394,-0.0225898232,9.79588604,0.00211774674,0.000504402502,0.00454708049,2.95315456,-0.000254631042,1
212,2.149961,0,0,0,0,0.0294336714,0.172596216,0.00241655181,2.95309329,-0.175054371,-0.00342966616,9.82941628,0.00105248217,-0.000560861954,0.00241655181,2.95315456,-0.000254631042,1
213,2.159987,0,0,0,0,-0.0120296972,0.13417998,0.00241655181,2.95309329,-0.129548997,-0.0369599424,9.7791214,-0.00320857554,0.000504402502,0.00241655181,2.95315456,-0.000254631042,1
214,2.169963,0,0,0,0,0.0371575281,0.149178892,0.000286022841,2.95309329,-0.153499186,0.00854543224,9.81025696,-0.00107804674,0.000504402502,0.000286022841,2.95315456,-0.000254631042,1
215,2.179985,0,0,0,0,-0.0172923189,0.144936725,0.00135128724,2.95309329,-0.139129072,-0.0441449992,9.84139156,-0.00107804674,0.0015696669,0.00135128724,2.95315456,-0.000254631042,1
216,2.189985,0,0,0,0,0.007688649,0.13529484,0.00135128724,2.95309329,-0.134339035,-0.0177997835,9.89168739,-1.27822468e-05,0.0015696669,0.00135128724,2.95315456,-0.000254631042,1
217,2.199954,0,0,0,0,0.0119450493,0.132044658,0.00241655181,2.95309329,-0.131944016,-0.0130097447,9.83420658,-1.27822468e-05,0.000504402502,0.00241655181,2.95315456,-0.000254631042,1
218,2.210004,0,0,0,0,-0.0102345338,0.143590361,0.00135128724,2.95309329,-0.139129072,-0.0369599424,9.83660221,-0.00107804674,0.000504402502,0.00135128724,2.95315456,-0.000254631042,1
219,2.219978,0,0,0,0,0.0127339903,0.148961619,0.00348181627,2.95309329,-0.148709148,-0.0154047646,9.78151608,0.0031830112,-0.000560861954,0.00348181627,2.95315456,-0.000254631042,1
220,2.229997,0,0,0,0,-0.0208826475,0.126115963,0.000286022841,2.95309329,-0.119968921,-0.0441449992,9.83420658,0.00105248217,-0.000560861954,0.000286022841,2.95315456,-0.000254631042,1
221,2.239984,0,0,0,0,0.0131827807,0.151314214,0.00135128724,2.95309329,-0.151104167,-0.0154047646,9.77193642,-0.00107804674,-0.000560861954,0.00135128724,2.95315456,-0.000254631042,1
222,2.249958,0,0,0,0,-0.0242414642,0.134071335,0.000286022841,2.95309329,-0.127153978,-0.0489350408,9.81025696,-1.27822468e-05,-0.00162612647,0.000286022841,2.95315456,-0.000254631042,1
223,2.260017,0,0,0,0,-0.0255878381,0.127013549,0.00241655181,2.95309329,-0.119968921,-0.0489350408,9.83420658,-0.00214331108,0.0015696669,0.00241655181,2.95315456,-0.000254631042,1
224,2.269979,0,0,0,0,-0.0162860975,0.137430146,0.00135128724,2.95309329,-0.131944016,-0.0417499803,9.79588604,-1.27822468e-05,-0.00269139092,0.00135128724,2.95315456,-0.000254631042,1
225,2.279965,0,0,0,0,0.00600212486,0.113672689,0.000286022841,2.95309329,-0.112783857,-0.0154047646,9.79109669,-0.00107804674,0.000504402502,0.000286022841,2.95315456,-0.000254631042,1
226,2.289978,0,0,0,0,0.0264007729,0.143916279,-0.00184450613,2.95309329,-0.146314129,-0.00103464653,9.78870106,0.00211774674,-0.000560861954,-0.00184450613,2.95315456,-0.000254631042,1
227,2.299998,0,0,0,0,0.0680774227,0.10670279,0.00135128724,2.95299721,-0.117573902,0.0468657464,9.8318119,-1.27822468e-05,-0.00162612647,0.00135128724,2.95315456,-0.000254631042,1
228,2.309982,0,0,0,0,0.010503185,0.137197644,0.00241655181,2.95299721,-0.136734053,-0.0154047646,9.7144556,0.00105248217,0.000504402502,0.00241655181,2.95315456,-0.000254631042,1
229,2.319953,0,0,0,0,0.00332360854,0.150756776,0.00135128724,2.95309329,-0.148709148,-0.0249848422,9.85336685,-1.27822468e-05,0.000504402502,0.00135128724,2.95315456,-0.000254631042,1
230,2.330006,0,0,0,0,-0.0184071809,0.164655089,0.00241655181,2.95309329,-0.158289239,-0.0489350408,9.71924591,0.00211774674,0.0015696669,0.00241655181,2.95315456,-0.000254631042,1
231,2.339981,0,0,0,0,-0.0141650084,0.110205226,0.00135128724,2.95309329,-0.1055988,-0.0345649198,9.77193642,-1.27822468e-05,-0.00162612647,0.00135128724,2.95315456,-0.000254631042,1
232,2.349983,0,0,0,0,-0.00865878165,0.126225442,0.00135128724,2.95299721,-0.12236394,-0.0321699008,9.79588604,-0.00107804674,-0.00162612647,0.00135128724,2.95315456,-0.000254631042,1
233,2.359998,0,0,0,0,-0.0302930288,0.127911136,0.00135128724,2.95309329,-0.119968921,-0.0537250787,9.84378719,0.00105248217,-0.00162612647,0.00135128724,2.95315456,-0.000254631042,1
234,2.369985,0,0,0,0,0.000630863069,0.136641204,0.000286022841,2.95309329,-0.134339035,-0.0249848422,9.7312212,0.00105248217,-0.000560861954,0.000286022841,2.95315456,-0.000254631042,1
235,2.380007,0,0,0,0,0.0073484988,0.120730475,-0.000779241615,2.95309329,-0.119968921,-0.0154047646,9.80546665,-1.27822468e-05,-0.00269139092,-0.000779241615,2.95315456,-0.000254631042,1
236,2.389981,0,0,0,0,0.0280872975,0.138559252,0.00241655181,2.95309329,-0.127153978,-0.0728852376,9.84857655,-0.00107804674,0.000504402502,0.00241655181,2.95315456,-0.000254631042,1
237,2.399977,0,0,0,0,-0.00193900894,0.111442961,0.00241655181,2.95309329,-0.103203781,-0.0537250787,9.72403622,0.00105248217,-0.00269139092,0.00241655181,2.95315456,-0.000254631042,1
238,2.409981,0,0,0,0,-0.0052034203,0.106057473,0.00135128724,2.95309329,-0.170264333,-0.0896503702,9.82462692,-1.27822468e-05,-0.00162612647,0.000286022841,2.95315456,-0.000254631042,1
239,2.419952,0,0,0,0,0.0307658128,0.128454328,0.00241655181,2.95309329,-0.131944016,-0.00582468603,9.86055183,-1.27822468e-05,-0.00162612647,0.000286022841,2.95315456,-0.000254631042,1
240,2.429981,0,0,0,0,0.010707316,0.112775102,-0.00397503516,2.95309329,-0.15589422,-0.00103464653,9.80546665,-0.00214331108,0.000504402502,-0.00184450613,2.95315456,-0.000254631042,1
241,2.440014,0,0,0,0,0.0388440527,0.170801058,0.00241655181,2.95309329,-0.15589422,-0.0177997835,9.80786133,-1.27822468e-05,-0.00162612647,0.000286022841,2.95315456,-0.000254631042,1
242,2.449984,0,0,0,0,-0.0391459838,0.119847119,0.00241655181,2.95309329,-0.151104167,-0.0489350408,9.79109669,0.0031830112,0.00263493136,0.00135128724,2.95315456,-0.000254631042,1
243,2.460128,0,0,0,0,0.0276385061,0.163185835,0.000286022841,2.95309329,-0.160684258,-0.0297748819,9.79828167,-1.27822468e-05,-0.00162612647,0.000286022841,2.95315456,-0.000254631042,1
244,2.469988,0,0,0,0,0.0185682755,0.179545358,0.00241655181,2.95309329,-0.179844409,-0.0657001734,9.79588604,-1.27822468e-05,0.000504402502,0.00241655181,2.95315456,-0.000254631042,1
245,2.479980,0,0,0,0,-0.00283659366,0.156808347,0.00241655181,2.95309329,-0.153499186,-0.0321699008,9.80307102,-0.00214331108,-0.000560861954,-0.000779241615,2.95315456,-0.000254631042,1
246,2.489965,0,0,0,0,0.0131682782,0.151315466,-0.000779241615,2.95318913,-0.151104167,-0.0154047646,9.7623558,0.00211774674,-0.00162612647,-0.000779241615,2.95315456,-0.000254631042,1
247,2.499998,0,0,0,0,-0.0351068638,0.141020477,0.00454708049,2.95309329,-0.131944016,-0.0609101392,9.81744194,-1.27822468e-05,-0.000560861954,0.00348181627,2.95315456,-0.000254631042,1
248,2.509999,0,0,0,0,-0.0172923189,0.144936725,0.00135128724,2.95309329,-0.139129072,-0.0441449992,9.76714611,-0.00107804674,-0.000560861954,0.00135128724,2.95315456,-0.000254631042,1
249,2.519985,0,0,0,0,0.0302226115,0.189513177,0.00241655181,2.95309329,-0.191819504,-0.00582468603,9.76954079,-0.00107804674,-0.000560861954,0.00241655181,2.95315456,-0.000254631042,1
250,2.529987,0,0,0,0,0.0211381521,0.15467304,0.000286022841,2.95309329,-0.15589422,-0.00821970589,9.79828167,-1.27822468e-05,0.000504402502,0.000286022841,2.95315456,-0.000254631042,1
251,2.539962,0,0,0,0,-0.0044262642,0.122974008,0.00135128724,2.95318913,-0.119968921,-0.027379863,9.76475143,-0.00320857554,-0.00162612647,0.00135128724,2.95315456,-0.000254631042,1
252,2.549960,0,0,0,0,0.0248371214,0.161282033,0.00135128724,2.95309329,-0.163079277,-0.00582468603,9.84857655,-1.27822468e-05,0.000504402502,0.00135128724,2.95315456,-0.000254631042,1
253,2.559957,0,0,0,0,-0.0410355553,0.173848182,-0.000779241615,2.95309329,-0.163079277,-0.0728852376,9.84378719,-0.00107804674,0.000504402502,-0.000779241615,2.95315456,-0.000254631042,1
254,2.569966,0,0,0,0,-0.00249644066,0.171372712,0.00241655181,2.95309329,-0.167869315,-0.0345649198,9.76475143,-0.00214331108,-0.00162612647,0.00241655181,2.95315456,-0.000254631042,1
255,2.579964,0,0,0,0,0.0290690493,0.106834963,0.000286022841,2.95318913,-0.110388838,0.00854543224,9.76475143,0.00105248217,0.000504402502,0.000286022841,2.95315456,-0.000254631042,1
256,2.589960,0,0,0,0,-0.0297469106,0.118049107,0.00135128724,2.95318913,-0.110388838,-0.0513300598,9.80786133,-0.00107804674,0.00263493136,0.00135128724,2.95315456,-0.000254631042,1
257,2.599957,0,0,0,0,0.0423115119,0.150633916,0.00135128724,2.95309329,-0.15589422,0.013335471,9.80307102,-1.27822468e-05,0.000504402502,0.00135128724,2.95315456,-0.000254631042,1
258,2.609965,0,0,0,0,-0.037894018,0.190316349,0.00348181627,2.95309329,-0.179844409,-0.0728852376,9.80786133,0.00105248217,-0.00162612647,0.00348181627,2.95315456,-0.000254631042,1
259,2.619962,0,0,0,0,-0.0184229612,0.164653316,0.00135128724,2.95318913,-0.158289239,-0.0489350408,9.76954079,-0.00214331108,0.0015696669,0.00135128724,2.95315456,-0.000254631042,1
260,2.630004,0,0,0,0,-0.0422881059,0.154574558,0.00348181627,2.95318913,-0.14391911,-0.0704902187,9.81744194,-0.00107804674,0.000504402502,0.00348181627,2.95315456,-0.000254631042,1
261,2.639979,0,0,0,0,0.0114838285,0.129693165,0.000286022841,2.95318913,-0.129548997,-0.0130097447,9.78391171,0.00105248217,-0.000560861954,0.000286022841,2.95315456,-0.000254631042,1
262,2.650003,0,0,0,0,0.0228246748,0.176295191,0.00135128724,2.95309329,-0.17744939,-0.0106147248,9.79109669,-0.00107804674,0.0015696669,0.00135128724,2.95315456,-0.000254631042,1
263,2.659976,0,0,0,0,-0.00901102927,0.111660242,0.00135128724,2.95309329,-0.107993819,-0.0297748819,9.79588604,-1.27822468e-05,0.0015696669,0.00135128724,2.95315456,-0.000254631042,1
264,2.669985,0,0,0,0,-0.0161894578,0.125216842,-0.00184450613,2.95318913,-0.119968921,-0.0393549614,9.83660221,0.00105248217,-0.00482191984,-0.00184450613,2.95315456,-0.000254631042,1
265,2.679959,0,0,0,0,-0.0075720204,0.157704487,0.00241655181,2.95328498,-0.153499186,-0.0369599424,9.81025696,0.00105248217,0.000504402502,0.00241655181,2.95315456,-0.000254631042,1
266,2.690008,0,0,0,0,-0.0315318517,0.159838215,0.00454708049,2.95318913,-0.151104167,-0.0609101392,9.8318119,-0.00107804674,0.000504402502,0.00454708049,2.95315456,-0.000254631042,1
267,2.699978,0,0,0,0,-0.0288237873,0.173956826,0.00135128724,2.95309329,-0.165474296,-0.0609101392,9.83899689,-0.00107804674,0.0015696669,0.00135128724,2.95315456,-0.000254631042,1
268,2.709966,0,0,0,0,-0.00127294136,0.139442593,0.000286022841,2.95309329,-0.136734053,-0.027379863,9.80067635,-0.00214331108,0.0015696669,0.000286022841,2.95315456,-0.000254631042,1
269,2.719982,0,0,0,0,0.024711851,0.173496172,0.000286022841,2.95318913,-0.175054371,-0.00821970589,9.80546665,0.00105248217,-0.000560861954,0.000286022841,2.95315456,-0.000254631042,1
270,2.729956,0,0,0,0,0.0475473218,0.139886275,0.000286022841,2.95328498,-0.146314129,0.0205205306,9.84378719,-0.00107804674,0.000504402502,0.000286022841,2.95315456,-0.000254631042,1
271,2.739999,0,0,0,0,0.00274146185,0.109416552,0.00348181627,2.95318913,-0.107993819,-0.0177997835,9.81025696,-1.27822468e-05,-0.00162612647,0.00348181627,2.95315456,-0.000254631042,1
272,2.749985,0,0,0,0,-0.00373417558,0.152103156,0.00135128724,2.95309329,-0.148709148,-0.0321699008,9.8270216,-0.00107804674,-0.00269139092,0.00135128724,2.95315456,-0.000254631042,1
273,2.759981,0,0,0,0,0.0025489002,0.18503949,0.000286022841,2.95309329,-0.182239428,-0.0321699008,9.87731743,-0.00214331108,0.000504402502,0.000286022841,2.95315456,-0.000254631042,1
274,2.769967,0,0,0,0,-0.00879278593,0.138435528,0.000286022841,2.95318913,-0.134339035,-0.0345649198,9.78151608,-1.27822468e-05,0.0015696669,0.000286022841,2.95315456,-0.000254631042,1
275,2.779999,0,0,0,0,0.0110230586,0.127341583,0.00241655181,2.95328498,-0.127153978,-0.0130097447,9.8270216,-1.27822468e-05,-0.00162612647,0.00241655181,2.95315456,-0.000254631042,1
276,2.789998,0,0,0,0,-0.00990954228,0.158153757,0.00241655181,2.95318913,-0.153499186,-0.0393549614,9.84139156,-0.00107804674,-0.00162612647,0.00241655181,2.95315456,-0.000254631042,1
277,2.799984,0,0,0,0,-0.0473186299,0.140911847,0.00135128724,2.95309329,-0.129548997,-0.0728852376,9.75277615,-1.27822468e-05,0.000504402502,0.00135128724,2.95315456,-0.000254631042,1
278,2.810008,0,0,0,0,-0.0344407894,0.11894954,0.00241655181,2.95309329,-0.110388838,-0.0561200976,9.82462692,-0.00107804674,0.00263493136,0.00241655181,2.95315456,-0.000254631042,1
279,2.819985,0,0,0,0,0.00566179771,0.150308535,0.00348181627,2.95318913,-0.148709148,-0.0225898232,9.7791214,-0.00107804674,0.0015696669,0.00348181627,2.95315456,-0.000254631042,1
280,2.829983,0,0,0,0,0.00766271539,0.135296315,0.00241655181,2.95328498,-0.134339035,-0.0177997835,9.86534214,-0.00107804674,0.00263493136,0.00241655181,2.95315456,-0.000254631042,1
281,2.839984,0,0,0,0,0.0157405399,0.126443401,0.00241655181,2.95318913,-0.127153978,-0.00821970589,9.79588604,-1.27822468e-05,0.0015696669,0.00241655181,2.95315456,-0.000254631042,1
282,2.850006,0,0,0,0,0.00556756603,0.162519768,0.00241655181,2.95309329,-0.112783857,-0.0297748819,9.78391171,0.00105248217,0.000504402502,0.00241655181,2.95315456,-0.000254631042,1
283,2.859980,0,0,0,0,-0.0413899384,0.10808415,0.00135128724,2.95309329,-0.184634447,-0.0704902187,9.81025696,-1.27822468e-05,-0.00162612647,0.000286022841,2.95315456,-0.000254631042,1
284,2.869988,0,0,0,0,-0.0145050064,0.146839142,0.00241655181,2.95318913,-0.146314129,-0.0297748819,9.73601055,0.00105248217,-0.00162612647,0.00135128724,2.95315456,-0.000254631042,1
285,2.879964,0,0,0,0,0.00991850998,0.147058755,0.000286022841,2.95318913,-0.15589422,-0.0345649198,9.73601055,-0.00214331108,-0.00375665538,0.00135128724,2.95315456,-0.000254631042,1
286,2.889977,0,0,0,0,0.0054328558,0.123532385,0.00135128724,2.95318913,-0.131944016,-0.0130097447,9.78630638,0.00105248217,-0.000560861954,0.00348181627,2.95315456,-0.000254631042,1
287,2.899965,0,0,0,0,-0.0216573607,0.160398677,0.00241655181,2.95309329,-0.141524091,-0.0704902187,9.75756645,0.00105248217,0.00370019581,0.00241655181,2.95315456,-0.000254631042,1
288,2.910002,0,0,0,0,0.00140508672,0.153558299,0.000286022841,2.95318913,-0.136734053,-0.0704902187,9.88929176,-1.27822468e-05,-0.000560861954,0.00135128724,2.95315456,-0.000254631042,1
289,2.919987,0,0,0,0,0.035350468,0.151957825,-0.000779241615,2.95245671,-0.146314129,-0.0225898232,9.86294651,-0.00107804674,-0.000560861954,0.00135128724,2.95315456,-0.000254631042,1
290,2.929978,0,0,0,0,0.0307628252,0.179656953,0.00135128724,2.95318913,-0.182239428,-0.00342966616,9.81983662,-0.00214331108,0.000504402502,-0.000779241615,2.95315456,-0.000254631042,1
291,2.939996,0,0,0,0,0.0279644262,0.126550525,0.00454708049,2.95309329,-0.129548997,0.00375539274,9.74798584,-0.00107804674,0.0015696669,0.00241655181,2.95315456,-0.000254631042,1
292,2.949979,0,0,0,0,-0.0139335021,0.136981368,0.000286022841,2.95309329,-0.131944016,-0.0393549614,9.77672672,-1.27822468e-05,0.00263493136,-0.000779241615,2.95315456,-0.000254631042,1
293,2.959966,0,0,0,0,0.00936094392,0.105717316,0.000286022841,2.95309329,-0.1055988,-0.0106147248,9.86055183,-0.00214331108,0.00263493136,0.000286022841,2.95315456,-0.000254631042,1
294,2.969987,0,0,0,0,0.0629124418,0.156460002,0.00348181627,2.95318913,-0.165474296,0.032495629,9.82223129,-1.27822468e-05,0.000504402502,0.00348181627,2.95315456,-0.000254631042,1
295,2.979978,0,0,0,0,-0.0325481147,0.11614503,0.00241655181,2.95318913,-0.107993819,-0.0537250787,9.85097218,-0.00107804674,-0.000560861954,0.00241655181,2.95315456,-0.000254631042,1
296,2.989963,0,0,0,0,-0.057530012,0.125784531,0.00241655181,2.95318913,-0.112783857,-0.0800702944,9.77672672,-1.27822468e-05,0.000504402502,0.00241655181,2.95315456,-0.000254631042,1
297,2.999960,0,0,0,0,-0.00754178781,0.157705918,0.00348181627,2.95309329,-0.153499186,-0.0369599424,9.75996113,-0.00214331108,-0.000560861954,0.00348181627,2.95315456,-0.000254631042,1
298,3.009984,0,0,0,0,-0.0379082449,0.139116675,0.00348181627,2.95309329,-0.129548997,-0.0633051544,9.73601055,0.00211774674,-0.00269139092,0.00348181627,2.95315456,-0.000254631042,1
299,3.019987,0,0,0,0,0.0350102149,0.125207514,0.00135128724,2.95318913,-0.129548997,0.0109404512,9.82223129,-1.27822468e-05,-0.000560861954,0.00135128724,2.95315456,-0.000254631042,1
300,3.029960,0,0,0,0,0.0067785522,0.13059029,0.00348181627,2.95318913,-0.129548997,-0.0177997835,9.83420658,-0.00107804674,-0.00269139092,0.00348181627,2.95315456,-0.000254631042,1
301,3.039979,0,0,0,0,-0.00296143233,0.169019833,0.000286022841,2.95318913,-0.165474296,-0.0345649198,9.80786133,-0.00107804674,0.000504402502,0.000286022841,2.95315456,-0.000254631042,1
302,3.049965,0,0,0,0,0.00332360854,0.150756776,0.000286022841,2.95309329,-0.148709148,-0.0249848422,9.78391171,-0.00320857554,0.000504402502,0.000286022841,2.95315456,-0.000254631042,1
303,3.059998,0,0,0,0,0.0196831394,0.159827024,0.000286022841,2.95309329,-0.160684258,-0.0106147248,9.85336685,0.00105248217,0.000504402502,0.000286022841,2.95315456,-0.000254631042,1
304,3.069984,0,0,0,0,-0.00364826852,0.0886913687,0.000286022841,2.95318913,-0.086438641,-0.0201948043,9.72882557,-0.00107804674,0.0015696669,0.000286022841,2.95315456,-0.000254631042,1
305,3.079981,0,0,0,0,-0.00488735083,0.132836744,0.00241655181,2.95245671,-0.129548997,-0.0297748819,9.78391171,-1.27822468e-05,-0.00162612647,0.00241655181,2.95315456,-0.000254631042,1
306,3.089977,0,0,0,0,-0.0192009583,0.198935941,0.00135128724,2.95318913,-0.191819504,-0.0561200976,9.75996113,-1.27822468e-05,-0.00269139092,0.00135128724,2.95315456,-0.000254631042,1
307,3.099986,0,0,0,0,-0.0327542648,0.140571684,0.00454708049,2.95309329,-0.131944016,-0.0585151166,9.79588604,-1.27822468e-05,-0.000560861954,0.00454708049,2.95315456,-0.000254631042,1
308,3.109984,0,0,0,0,0.0213554315,0.1302495,0.00135128724,2.95309329,-0.131944016,-0.00342966616,9.80786133,-0.00107804674,0.000504402502,0.00135128724,2.95315456,-0.000254631042,1
309,3.119981,0,0,0,0,0.0287396181,0.143470243,0.00135128724,2.95318913,-0.146314129,0.00136037311,9.84857655,-0.00107804674,0.000504402502,0.00135128724,2.95315456,-0.000254631042,1
310,3.129978,0,0,0,0,0.024801787,0.110087119,0.00135128724,2.95328498,-0.112783857,0.00375539274,9.78151608,-1.27822468e-05,0.00370019581,0.00135128724,2.95315456,-0.000254631042,1
311,3.139985,0,0,0,0,0.00453572487,0.118827105,0.000286022841,2.95318913,-0.117573902,-0.0177997835,9.74798584,0.00105248217,0.000504402502,0.000286022841,2.95315456,-0.000254631042,1
312,3.149981,0,0,0,0,0.0147606656,0.185148135,-0.000779241615,2.95309329,-0.184634447,-0.0201948043,9.82941628,-1.27822468e-05,-0.00588718429,-0.000779241615,2.95315456,-0.000254631042,1
313,3.160000,0,0,0,0,0.0322090089,0.123303436,0.00135128724,2.95318913,-0.127153978,0.00854543224,9.80546665,-0.00107804674,0.000504402502,0.00135128724,2.95315456,-0.000254631042,1
314,3.169986,0,0,0,0,-0.0501333363,0.139003232,0.00348181627,2.95318913,-0.127153978,-0.0752802566,9.73840618,-0.00214331108,-0.00162612647,0.00348181627,2.95315456,-0.000254631042,1
315,3.179985,0,0,0,0,0.0164329614,0.155570626,0.000286022841,2.95309329,-0.15589422,-0.0130097447,9.80546665,-0.00320857554,0.000504402502,0.000286022841,2.95315456,-0.000254631042,1
316,3.189979,0,0,0,0,0.0108301854,0.151763007,0.00135128724,2.95309329,-0.151104167,-0.0177997835,9.78630638,-1.27822468e-05,0.000504402502,0.00135128724,2.95315456,-0.000254631042,1
317,3.199965,0,0,0,0,0.0523758158,0.126772821,0.00241655181,2.95318913,-0.134339035,0.0277055893,9.72164059,0.00211774674,-0.000560861954,0.00241655181,2.95315456,-0.000254631042,1
318,3.209987,0,0,0,0,-0.0247028805,0.131716371,0.00135128724,2.95318913,-0.124758959,-0.0489350408,9.81744194,0.00211774674,-0.00269139092,0.00135128724,2.95315456,-0.000254631042,1
319,3.219964,0,0,0,0,-0.0178645868,0.154794186,0.00135128724,2.95318913,-0.148709148,-0.0465400182,9.75517082,-0.00107804674,0.000504402502,0.00135128724,2.95315456,-0.000254631042,1
320,3.229983,0,0,0,0,-0.0319804177,0.157485574,0.00241655181,2.95318913,-0.148709148,-0.0609101392,9.80786133,-0.00107804674,-0.00269139092,0.00241655181,2.95315456,-0.000254631042,1
321,3.239967,0,0,0,0,0.019667821,0.159828901,0.00454708049,2.95318913,-0.160684258,-0.0106147248,9.77433109,-0.00320857554,0.000504402502,0.00454708049,2.95315456,-0.000254631042,1
322,3.250001,0,0,0,0,0.0017345181,0.116923027,0.00241655181,2.95318913,-0.115178876,-0.0201948043,9.81265163,-1.27822468e-05,0.0015696669,0.00241655181,2.95315456,-0.000254631042,1
323,3.259988,0,0,0,0,0.00184433092,0.104711272,0.000286022841,2.95318913,-0.103203781,-0.0177997835,9.88210678,-1.27822468e-05,0.00263493136,0.000286022841,2.95315456,-0.000254631042,1
324,3.269982,0,0,0,0,0.0763507634,0.124639809,0.000286022841,2.95318913,-0.136734053,0.0516557842,9.72643089,-0.00107804674,-0.00162612647,0.000286022841,2.95315456,-0.000254631042,1
325,3.279958,0,0,0,0,-0.00599158043,0.140339598,0.00135128724,2.95318913,-0.136734053,-0.0321699008,9.8270216,-1.27822468e-05,0.000504402502,0.00135128724,2.95315456,-0.000254631042,1
326,3.290004,0,0,0,0,0.0323436968,0.162288249,0.00241655181,2.95309329,-0.165474296,0.00136037311,9.88450241,-0.00107804674,0.0015696669,0.00241655181,2.95315456,-0.000254631042,1
327,3.299979,0,0,0,0,-0.0147246253,0.171262667,0.00135128724,2.95318913,-0.165474296,-0.0465400182,9.81744194,-1.27822468e-05,0.0015696669,0.00135128724,2.95315456,-0.000254631042,1
328,3.309982,0,0,0,0,0.0107058315,0.163975805,0.000286022841,2.95318913,-0.136734053,-0.0297748819,9.81025696,0.00105248217,0.00263493136,0.000286022841,2.95315456,-0.000254631042,1
329,3.319986,0,0,0,0,-0.00622052746,0.113563448,0.00348181627,2.95318913,-0.172659352,-0.00582468603,9.70248032,-1.27822468e-05,-0.00269139092,0.00454708049,2.95315456,-0.000254631042,1
330,3.329960,0,0,0,0,-0.000279362255,0.131935999,0.00241655181,2.95318913,-0.139129072,-0.0249848422,9.79828167,0.00105248217,0.000504402502,0.00135128724,2.95315456,-0.000254631042,1
331,3.339978,0,0,0,0,-0.0250304081,0.117154375,0.00241655181,2.95309329,-0.153499186,-0.0633051544,9.83899689,-0.00107804674,0.00263493136,0.00135128724,2.95315456,-0.000254631042,1
332,3.349964,0,0,0,0,-0.0245930683,0.119504608,0.00241655181,2.95318913,-0.124758959,-0.027379863,9.75996113,-0.00107804674,0.000504402502,0.00241655181,2.95315456,-0.000254631042,1
333,3.359984,0,0,0,0,0.00644912245,0.167225569,0.00348181627,2.95318913,-0.165474296,0.00615041237,9.79109669,-1.27822468e-05,0.0015696669,0.00348181627,2.95315456,-0.000254631042,1
334,3.369959,0,0,0,0,0.00308954041,0.175180614,0.00348181627,2.95318913,-0.141524091,-0.00821970589,9.71206093,-1.27822468e-05,-0.00269139092,0.00241655181,2.95315456,-0.000254631042,1
335,3.380006,0,0,0,0,-0.0146148149,0.159050897,0.00241655181,2.95318913,-0.153499186,0.00615041237,9.81504631,-1.27822468e-05,0.000504402502,0.00241655181,2.95315456,-0.000254631042,1
336,3.389982,0,0,0,0,0.00846300088,0.152212605,0.000286022841,2.95318913,-0.151104167,-0.0201948043,9.81744194,-0.00214331108,0.0015696669,0.00135128724,2.95315456,-0.000254631042,1
337,3.399984,0,0,0,0,0.0253800377,0.151425272,0.00241655181,2.95318913,-0.153499186,-0.00342966616,9.77433109,-0.00214331108,0.000504402502,0.00348181627,2.95315456,-0.000254631042,1
338,3.409959,0,0,0,0,0.0490162335,0.134727865,0.00348181627,2.95318913,-0.141524091,0.0229155496,9.82462692,-1.27822468e-05,-0.000560861954,0.00241655181,2.95315456,-0.000254631042,1
339,3.419984,0,0,0,0,0.0206747595,0.152322412,0.00135128724,2.95318913,-0.153499186,-0.00821970589,9.8270216,-0.00107804674,0.0015696669,0.00135128724,2.95315456,-0.000254631042,1
340,3.429999,0,0,0,0,0.0262771714,0.156130567,-0.00184450613,2.95318913,-0.158289239,-0.00342966616,9.74080086,-0.00214331108,-0.00162612647,-0.00184450613,2.95315456,-0.000254631042,1
341,3.439985,0,0,0,0,0.0110445861,0.1785402,0.00135128724,2.95318913,-0.17744939,-0.0225898232,9.79109669,0.00105248217,0.000504402502,0.00135128724,2.95315456,-0.000254631042,1
342,3.450006,0,0,0,0,-0.0304150973,0.140119985,0.00135128724,2.95318913,-0.131944016,-0.0561200976,9.81983662,-0.00107804674,-0.00162612647,0.00135128724,2.95315456,-0.000254631042,1
343,3.459980,0,0,0,0,0.0188804977,0.142911866,0.000286022841,2.95318913,-0.14391911,-0.00821970589,9.80067635,-1.27822468e-05,-0.000560861954,0.000286022841,2.95315456,-0.000254631042,1
344,3.469978,0,0,0,0,0.0250412822,0.136860892,0.000286022841,2.95318913,-0.139129072,-0.00103464653,9.78391171,-0.00107804674,0.00263493136,0.000286022841,2.95315456,-0.000254631042,1
345,3.479965,0,0,0,0,0.00129527855,0.165770069,0.00348181627,2.95318913,-0.163079277,-0.0297748819,9.7623558,-0.00107804674,-0.000560861954,0.00348181627,2.95315456,-0.000254631042,1
346,3.490002,0,0,0,0,0.00877621677,0.127782702,-0.00184450613,2.95245671,-0.127153978,-0.0154047646,9.79588604,-0.00107804674,-0.00162612647,-0.00184450613,2.95315456,-0.000254631042,1
347,3.499976,0,0,0,0,-0.00152163208,0.163865864,0.00348181627,2.95328498,-0.160684258,-0.0321699008,9.76714611,-1.27822468e-05,0.0015696669,0.00348181627,2.95315456,-0.000254631042,1
348,3.509985,0,0,0,0,0.0225788318,0.149521202,0.00241655181,2.95318913,-0.151104167,-0.00582468603,9.80786133,0.00105248217,-0.000560861954,0.00241655181,2.95315456,-0.000254631042,1
349,3.519979,0,0,0,0,0.00835319329,0.164424375,0.000286022841,2.95318913,-0.163079277,-0.0225898232,9.8318119,-1.27822468e-05,-0.00269139092,0.000286022841,2.95315456,-0.000254631042,1
350,3.529966,0,0,0,0,-0.00610139314,0.152551353,0.000286022841,2.95318913,-0.148709148,-0.0345649198,9.75996113,-1.27822468e-05,-0.00162612647,0.000286022841,2.95315456,-0.000254631042,1
351,3.539983,0,0,0,0,0.00151489954,0.141346544,0.000286022841,2.95318913,-0.139129072,-0.0249848422,9.78870106,-0.00107804674,0.000504402502,0.000286022841,2.95315456,-0.000254631042,1
352,3.549959,0,0,0,0,0.0466635935,0.135176435,0.00241655181,2.95318913,-0.141524091,0.0205205306,9.75517082,0.00105248217,0.00370019581,0.00241655181,2.95315456,-0.000254631042,1
353,3.560007,0,0,0,0,-0.0473186299,0.140911847,0.00241655181,2.95309329,-0.129548997,-0.0728852376,9.77433109,-0.00214331108,0.0015696669,0.00241655181,2.95315456,-0.000254631042,1
354,3.569982,0,0,0,0,-0.000279362255,0.131935999,-0.000779241615,2.95318913,-0.129548997,-0.0249848422,9.73840618,-1.27822468e-05,-0.00375665538,-0.000779241615,2.95315456,-0.000254631042,1
355,3.579997,0,0,0,0,-0.0166380238,0.122864194,0.00348181627,2.95318913,-0.117573902,-0.0393549614,9.84857655,-0.00107804674,-0.000560861954,0.00348181627,2.95315456,-0.000254631042,1
356,3.589983,0,0,0,0,-0.00206188252,0.12252564,0.000286022841,2.95309329,-0.119968921,-0.0249848422,9.75517082,-1.27822468e-05,-0.00269139092,0.000286022841,2.95315456,-0.000254631042,1
357,3.599980,0,0,0,0,0.0220357329,0.159378231,0.00241655181,2.95309329,-0.160684258,-0.00821970589,9.72403622,0.00105248217,0.000504402502,0.00241655181,2.95315456,-0.000254631042,1
358,3.609977,0,0,0,0,-0.00274181319,0.144596308,-0.00184450613,2.95318913,-0.141524091,-0.0297748819,9.74319553,0.00105248217,-0.000560861954,-0.00184450613,2.95315456,-0.000254631042,1
359,3.619986,0,0,0,0,0.0461052172,0.14503555,-0.000779241615,2.95318913,-0.151104167,0.0181255098,9.80786133,0.00105248217,0.0015696669,-0.000779241615,2.95315456,-0.000254631042,1
360,3.629982,0,0,0,0,0.0255031902,0.139211088,0.00241655181,2.95309329,-0.141524091,-0.00103464653,9.81025696,-1.27822468e-05,0.000504402502,0.00241655181,2.95315456,-0.000254631042,1
361,3.639980,0,0,0,0,-0.032196831,0.130712524,0.00454708049,2.95309329,-0.12236394,-0.0561200976,9.76954079,0.00211774674,0.0015696669,0.00454708049,2.95315456,-0.000254631042,1
362,3.649977,0,0,0,0,0.063477315,0.158766195,0.00241655181,2.95245671,-0.167869315,0.032495629,9.79588604,0.00105248217,0.0015696669,0.00241655181,2.95315456,-0.000254631042,1
363,3.659986,0,0,0,0,0.00834386889,0.113224693,0.00135128724,2.95318913,-0.112783857,-0.0130097447,9.80546665,-0.00107804674,-0.000560861954,0.00135128724,2.95315456,-0.000254631042,1
364,3.669982,0,0,0,0,0.0151952272,0.136301056,0.000286022841,2.95309329,-0.136734053,-0.0106147248,9.81025696,-0.00107804674,-0.00482191984,0.000286022841,2.95315456,-0.000254631042,1
365,3.689998,0,0,0,0,0.00465486059,0.157815024,0.000286022841,2.95318913,-0.15589422,-0.0249848422,9.79109669,-0.00107804674,0.000504402502,0.000286022841,2.95315456,-0.000254631042,1
366,3.699983,0,0,0,0,-0.00812460016,0.11636465,0.00348181627,2.95318913,-0.112783857,-0.0297748819,9.8270216,-0.00107804674,0.000504402502,0.00348181627,2.95315456,-0.000254631042,1
367,3.709986,0,0,0,0,0.0382599831,0.129464224,0.00135128724,2.95318913,-0.134339035,0.013335471,9.74798584,-1.27822468e-05,-0.000560861954,0.00135128724,2.95315456,-0.000254631042,1
368,3.720004,0,0,0,0,-0.0197686609,0.157595381,0.00241655181,2.95318913,-0.151104167,-0.0489350408,9.82941628,-1.27822468e-05,0.0015696669,0.00241655181,2.95315456,-0.000254631042,1
369,3.729979,0,0,0,0,0.0291077513,0.209231526,0.00135128724,2.95309329,-0.21097967,-0.0106147248,9.79588604,-1.27822468e-05,0.000504402502,0.00135128724,2.95315456,-0.000254631042,1
370,3.740007,0,0,0,0,0.0310922563,0.143021673,0.000286022841,2.95318913,-0.146314129,0.00375539274,9.74319553,-0.00214331108,-0.00162612647,0.000286022841,2.95315456,-0.000254631042,1
371,3.749981,0,0,0,0,-0.0303052869,0.12790823,0.00348181627,2.95318913,-0.119968921,-0.0537250787,9.81983662,0.00105248217,0.0015696669,0.00348181627,2.95315456,-0.000254631042,1
372,3.759980,0,0,0,0,-0.0139373066,0.188179687,0.00135128724,2.95318913,-0.182239428,-0.0489350408,9.77433109,-0.00107804674,-0.000560861954,0.00135128724,2.95315456,-0.000254631042,1
373,3.769976,0,0,0,0,-0.026487818,0.173505485,0.000286022841,2.95318913,-0.151104167,-0.0177997835,9.74559116,-0.00107804674,0.000504402502,0.000286022841,2.95315456,-0.000254631042,1
374,3.779986,0,0,0,0,-0.0120296972,0.13417998,0.00135128724,2.95309329,-0.136734053,-0.0154047646,9.75517082,-0.00320857554,-0.000560861954,0.00135128724,2.95315456,-0.000254631042,1
375,3.789961,0,0,0,0,0.0315408222,0.145374313,0.00135128724,2.95318913,-0.136734053,-0.00103464653,9.76954079,-1.27822468e-05,-0.00162612647,0.00135128724,2.95315456,-0.000254631042,1
376,3.800002,0,0,0,0,0.0382693075,0.180663884,0.00135128724,2.95318913,-0.136734053,-0.0130097447,9.7623558,-1.27822468e-05,0.00263493136,0.00135128724,2.95315456,-0.000254631042,1
377,3.809988,0,0,0,0,0.00710798474,0.0939550251,0.00135128724,2.95318913,-0.148709148,-0.0465400182,9.81744194,-0.00107804674,-0.000560861954,0.00348181627,2.95315456,-0.000254631042,1
378,3.819987,0,0,0,0,0.0160792954,0.141007781,0.00348181627,2.95318913,-0.17744939,-0.0369599424,9.82462692,-0.00214331108,0.000504402502,0.00135128724,2.95315456,-0.000254631042,1
379,3.829961,0,0,0,0,-0.0259294398,0.16364637,0.000286022841,2.95318913,-0.15589422,-0.0225898232,9.79588604,-0.00107804674,0.0015696669,0.00241655181,2.95315456,-0.000254631042,1
380,3.840002,0,0,0,0,0.00196346501,0.143699184,0.00135128724,2.95318913,-0.151104167,-0.0249848422,9.86055183,0.00211774674,-0.00162612647,0.000286022841,2.95315456,-0.000254631042,1
381,3.849981,0,0,0,0,0.00887708273,0.115570866,-0.000779241615,2.95245671,-0.115178876,-0.0130097447,9.80067635,-0.00107804674,-0.000560861954,-0.00290977047,2.95315456,-0.000254631042,1
382,3.859966,0,0,0,0,0.00275078579,0.160616219,0.00135128724,2.95318913,-0.158289239,-0.027379863,9.73840618,-0.00107804674,-0.00269139092,0.00135128724,2.95315456,-0.000254631042,1
383,3.869963,0,0,0,0,-0.0296277795,0.157037005,0.000286022841,2.95318913,-0.148709148,-0.0585151166,9.80546665,-1.27822468e-05,-0.000560861954,0.000286022841,2.95315456,-0.000254631042,1
384,3.879978,0,0,0,0,-0.0202172268,0.155242756,0.000286022841,2.95318913,-0.148709148,-0.0489350408,9.85576153,-1.27822468e-05,-0.000560861954,0.000286022841,2.95315456,-0.000254631042,1
385,3.889965,0,0,0,0,0.0416195616,0.121509172,0.00135128724,2.95318913,-0.127153978,0.0181255098,9.83660221,-1.27822468e-05,0.000504402502,0.00135128724,2.95315456,-0.000254631042,1
386,3.900004,0,0,0,0,-0.00285162241,0.156808063,0.00348181627,2.95318913,-0.153499186,-0.0321699008,9.71206093,0.00105248217,-0.000560861954,0.00348181627,2.95315456,-0.000254631042,1
387,3.909978,0,0,0,0,-0.00622052746,0.113563448,0.00348181627,2.95318913,-0.110388838,-0.027379863,9.79588604,-0.00107804674,-0.00162612647,0.00348181627,2.95315456,-0.000254631042,1
388,3.919985,0,0,0,0,0.0156307295,0.138655156,-0.000779241615,2.95318913,-0.139129072,-0.0106147248,9.86294651,-0.00214331108,-0.000560861954,-0.000779241615,2.95315456,-0.000254631042,1
389,3.929959,0,0,0,0,0.0267257355,0.158483207,0.00348181627,2.95318913,-0.160684258,-0.00342966616,9.83420658,-1.27822468e-05,-0.000560861954,0.00348181627,2.95315456,-0.000254631042,1
390,3.939979,0,0,0,0,0.0130491452,0.112327561,0.00135128724,2.95318913,-0.112783857,-0.00821970589,9.75277615,-0.00107804674,0.00263493136,0.00135128724,2.95315456,-0.000254631042,1
391,3.949982,0,0,0,0,0.0119323945,0.132045805,0.00241655181,2.95318913,-0.131944016,-0.0130097447,9.78870106,-0.00214331108,0.0015696669,0.00241655181,2.95315456,-0.000254631042,1
392,3.959968,0,0,0,0,-0.00150592322,0.163865998,0.00135128724,2.95318913,-0.160684258,-0.0321699008,9.78630638,0.00105248217,-0.00162612647,0.00135128724,2.95315456,-0.000254631042,1
393,3.969989,0,0,0,0,0.0173151828,0.160277471,0.00135128724,2.95318913,-0.160684258,-0.0130097447,9.75996113,-0.00107804674,0.000504402502,0.00135128724,2.95315456,-0.000254631042,1
394,3.979962,0,0,0,0,0.025365524,0.151427716,0.000286022841,2.95328498,-0.153499186,-0.00342966616,9.77193642,-0.00107804674,0.000504402502,0.000286022841,2.95315456,-0.000254631042,1
395,3.989986,0,0,0,0,-0.0118136108,0.160954982,0.00135128724,2.95318913,-0.15589422,-0.0417499803,9.75038147,-0.00214331108,-0.000560861954,0.00135128724,2.95315456,-0.000254631042,1
396,3.999961,0,0,0,0,-0.0108066732,0.153448492,0.000286022841,2.95318913,-0.148709148,-0.0393549614,9.78630638,-0.00107804674,0.000504402502,0.000286022841,2.95315456,-0.000254631042,1
397,4.009987,0,0,0,0,0.0230273977,0.151873842,0.00135128724,2.95318913,-0.153499186,-0.00582468603,9.87013245,-1.27822468e-05,0.000504402502,0.00135128724,2.95315456,-0.000254631042,1
398,4.019961,0,0,0,0,0.0317697674,0.172150463,0.000286022841,2.95318913,-0.175054371,-0.00103464653,9.81504631,-1.27822468e-05,0.00263493136,0.000286022841,2.95315456,-0.000254631042,1
399,4.029981,0,0,0,0,0.0336531922,0.118152827,0.00241655181,2.95328498,-0.12236394,0.0109404512,9.7312212,-1.27822468e-05,0.000504402502,0.00241655181,2.95315456,-0.000254631042,1
400,4.039957,0,0,0,0,-0.0377019569,0.114689521,0.00135128724,2.95318913,-0.1055988,-0.0585151166,9.81504631,-1.27822468e-05,0.0015696669,0.00135128724,2.95315456,-0.000254631042,1
401,4.049986,0,0,0,0,0.0149625428,0.160726041,0.00241655181,2.95318913,-0.160684258,-0.0154047646,9.78630638,0.00105248217,0.00476546027,0.00241655181,2.95315456,-0.000254631042,1
402,4.060005,0,0,0,0,0.0198874399,0.135405377,0.00241655181,2.95318913,-0.136734053,-0.00582468603,9.69769096,0.00105248217,0.00263493136,0.00241655181,2.95315456,-0.000254631042,1
403,4.069980,0,0,0,0,0.00127497141,0.114570521,0.000286022841,2.95328498,-0.112783857,-0.0201948043,9.78391171,-1.27822468e-05,0.00263493136,0.000286022841,2.95315456,-0.000254631042,1
404,4.079979,0,0,0,0,0.0344388932,0.135069937,0.00348181627,2.95328498,-0.139129072,0.00854543224,9.73361588,-0.00214331108,0.000504402502,0.00348181627,2.95315456,-0.000254631042,1
405,4.089965,0,0,0,0,0.0174249914,0.148065701,0.00241655181,2.95318913,-0.148709148,-0.0106147248,9.74319553,-1.27822468e-05,0.00263493136,0.00241655181,2.95315456,-0.000254631042,1
406,4.099986,0,0,0,0,-0.00274181319,0.144596308,0.00241655181,2.95318913,-0.141524091,-0.0297748819,9.77672672,0.00105248217,0.00263493136,0.00241655181,2.95315456,-0.000254631042,1
407,4.109961,0,0,0,0,0.0408415683,0.155791819,0.000286022841,2.95318913,-0.160684258,0.0109404512,9.81025696,0.00105248217,0.000504402502,0.000286022841,2.95315456,-0.000254631042,1
408,4.120000,0,0,0,0,-0.00959175453,0.121517591,0.00241655181,2.95328498,-0.117573902,-0.0321699008,9.81504631,-0.00107804674,0.0015696669,0.00241655181,2.95315456,-0.000254631042,1
409,4.129986,0,0,0,0,0.008785774,0.166777864,0.00241655181,2.95328498,-0.165474296,-0.0225898232,9.73361588,-0.00107804674,0.0015696669,0.00241655181,2.95315456,-0.000254631042,1
410,4.139983,0,0,0,0,0.0212424602,0.193662971,0.00241655181,2.95318913,-0.194214523,-0.0154047646,9.76475143,-0.00320857554,0.0015696669,0.00241655181,2.95315456,-0.000254631042,1
411,4.149980,0,0,0,0,-0.00811527763,0.167564332,0.000286022841,2.95318913,-0.163079277,-0.0393549614,9.80307102,-1.27822468e-05,-0.000560861954,0.000286022841,2.95315456,-0.000254631042,1
412,4.159977,0,0,0,0,0.0205491818,0.164536163,0.00241655181,2.95328498,-0.165474296,-0.0106147248,9.77672672,0.00105248217,0.000504402502,0.00241655181,2.95315456,-0.000254631042,1
413,4.169985,0,0,0,0,-0.0395019054,0.156474859,-0.00184450613,2.95328498,-0.146314129,-0.0680951998,9.79828167,-1.27822468e-05,-0.00269139092,-0.00184450613,2.95315456,-0.000254631042,1
414,4.179981,0,0,0,0,-0.0149535714,0.144486502,0.00241655181,2.95318913,-0.139129072,-0.0417499803,9.75517082,0.00105248217,0.0015696669,0.00241655181,2.95315456,-0.000254631042,1
415,4.189977,0,0,0,0,0.00443523657,0.182238534,-0.000779241615,2.95318913,-0.179844409,-0.0297748819,9.78630638,0.00105248217,-0.00162612647,-0.000779241615,2.95315456,-0.000254631042,1
416,4.199984,0,0,0,0,0.0168666169,0.127230719,0.00241655181,2.95318913,-0.124758959,-0.0249848422,9.89168739,-1.27822468e-05,-0.000560861954,0.00241655181,2.95315456,-0.000254631042,1
417,4.209981,0,0,0,0,0.0350102149,0.125207514,0.00348181627,2.95318913,-0.148709148,-0.00342966616,9.80546665,-0.00107804674,0.00370019581,0.00348181627,2.95315456,-0.000254631042,1
418,4.229999,0,0,0,0,0.0332252756,0.166996628,-0.000779241615,2.95318913,-0.131944016,-0.0393549614,9.77672672,-0.00107804674,0.000504402502,0.00135128724,2.95315456,-0.000254631042,1
419,4.239993,0,0,0,0,-0.0138274943,0.175967932,-0.000779241615,2.95318913,-0.14391911,-0.0561200976,9.78151608,0.00105248217,-0.000560861954,0.000286022841,2.95315456,-0.000254631042,1
420,4.249967,0,0,0,0,0.0354587771,0.127560154,0.00241655181,2.95318913,-0.175054371,0.0396806858,9.82223129,-1.27822468e-05,-0.00162612647,0.00241655181,2.95315456,-0.000254631042,1
421,4.260006,0,0,0,0,0.0505908765,0.16856195,0.00135128724,2.95318913,-0.17744939,0.0181255098,9.78151608,-1.27822468e-05,-0.00162612647,0.00348181627,2.95315456,-0.000254631042,1
422,4.269980,0,0,0,0,0.043981526,0.172260284,0.00241655181,2.95318913,-0.17744939,0.0109404512,9.79588604,0.0031830112,-0.00162612647,0.00241655181,2.95315456,-0.000254631042,1
423,4.279987,0,0,0,0,0.0248216633,0.161284417,0.00241655181,2.95318913,-0.163079277,-0.00582468603,9.7312212,-0.00107804674,-0.00269139092,0.000286022841,2.95315456,-0.000254631042,1
424,4.289961,0,0,0,0,0.0114838285,0.129693165,0.000286022841,2.95318913,-0.129548997,-0.0130097447,9.80307102,-1.27822468e-05,-0.00162612647,0.00135128724,2.95315456,-0.000254631042,1
425,4.299987,0,0,0,0,-0.0282914061,0.112895265,0.00348181627,2.95318913,-0.1055988,-0.0489350408,9.80067635,-0.00107804674,0.000504402502,0.00241655181,2.95315456,-0.000254631042,1
426,4.309961,0,0,0,0,0.0120515274,0.171033725,0.00348181627,2.95318913,-0.170264333,-0.0201948043,9.86294651,0.00105248217,0.000504402502,0.00348181627,2.95315456,-0.000254631042,1
427,4.320000,0,0,0,0,0.0563030913,0.160158336,0.00135128724,2.95318913,-0.167869315,0.0253105685,9.86773682,0.00105248217,0.00370019581,0.00135128724,2.95315456,-0.000254631042,1
428,4.329985,0,0,0,0,-0.0152923279,0.129922107,0.000286022841,2.95318913,-0.124758959,-0.0393549614,9.86294651,0.00105248217,0.000504402502,0.000286022841,2.95315456,-0.000254631042,1
429,4.340008,0,0,0,0,0.018541744,0.128347471,0.00135128724,2.95318913,-0.129548997,-0.00582468603,9.83660221,-0.00107804674,-0.000560861954,0.00135128724,2.95315456,-0.000254631042,1
430,4.349983,0,0,0,0,0.0418391824,0.0970856547,0.00135128724,2.95318913,-0.103203781,0.0229155496,9.78151608,-0.00107804674,0.000504402502,0.00135128724,2.95315456,-0.000254631042,1
431,4.360002,0,0,0,0,0.00319002732,0.111769184,0.00135128724,2.95318913,-0.110388838,-0.0177997835,9.81744194,-1.27822468e-05,0.000504402502,0.00135128724,2.95315456,-0.000254631042,1
432,4.369976,0,0,0,0,0.0166376699,0.131148666,0.00135128724,2.95318913,-0.131944016,-0.00821970589,9.84139156,-0.00107804674,-0.000560861954,0.00135128724,2.95315456,-0.000254631042,1
433,4.379983,0,0,0,0,-0.01069686,0.141236737,0.00454708049,2.95318913,-0.136734053,-0.0369599424,9.85815716,0.00105248217,0.0015696669,0.00454708049,2.95315456,-0.000254631042,1
434,4.390005,0,0,0,0,0.00644912245,0.167225569,0.00241655181,2.95318913,-0.165474296,-0.0249848422,9.84139156,-0.00107804674,0.0015696669,0.00241655181,2.95315456,-0.000254631042,1
435,4.399985,0,0,0,0,-0.0127107445,0.156249687,0.00241655181,2.95318913,-0.151104167,-0.0417499803,9.83420658,0.00105248217,-0.00162612647,0.00241655181,2.95315456,-0.000254631042,1
436,4.409999,0,0,0,0,-0.00733727682,0.133281693,0.00135128724,2.95318913,-0.129548997,-0.0321699008,9.75277615,-1.27822468e-05,0.0015696669,0.00135128724,2.95315456,-0.000254631042,1
437,4.419997,0,0,0,0,-0.037473008,0.141465679,0.00348181627,2.95318913,-0.131944016,-0.0633051544,9.79349136,0.00105248217,-0.000560861954,0.00348181627,2.95315456,-0.000254631042,1
438,4.429985,0,0,0,0,0.0176446121,0.123642191,-0.00184450613,2.95318913,-0.124758959,-0.00582468603,9.7791214,0.00105248217,0.0015696669,-0.00184450613,2.95315456,-0.000254631042,1
439,4.439999,0,0,0,0,-0.00174801238,0.13708967,0.00135128724,2.95328498,-0.134339035,-0.027379863,9.73840618,-1.27822468e-05,0.000504402502,0.00135128724,2.95315456,-0.000254631042,1
440,4.449986,0,0,0,0,-0.0467737615,0.131048188,-0.000779241615,2.95318913,-0.119968921,-0.0704902187,9.81025696,-0.00107804674,-0.00269139092,-0.000779241615,2.95315456,-0.000254631042,1
441,4.459987,0,0,0,0,-0.00901240855,0.162859052,0.00135128724,2.95318913,-0.158289239,-0.0393549614,9.7791214,-0.00107804674,0.000504402502,0.00135128724,2.95315456,-0.000254631042,1
442,4.469961,0,0,0,0,0.0292979944,0.133611113,0.000286022841,2.95318913,-0.136734053,0.00375539274,9.73361588,-0.00214331108,-0.00162612647,0.000286022841,2.95315456,-0.000254631042,1
443,4.479982,0,0,0,0,0.0211085025,0.154677093,0.00348181627,2.95328498,-0.15589422,-0.00821970589,9.83660221,-0.00107804674,0.00263493136,0.00348181627,2.95315456,-0.000254631042,1
444,4.490000,0,0,0,0,0.00519905146,0.147956401,0.00454708049,2.95328498,-0.146314129,-0.0225898232,9.84618187,-0.00320857554,0.00476546027,0.00454708049,2.95315456,-0.000254631042,1
445,4.499986,0,0,0,0,0.0215718932,0.157027707,0.000286022841,2.95318913,-0.158289239,-0.00821970589,9.83420658,-0.00214331108,-0.000560861954,0.000286022841,2.95315456,-0.000254631042,1
446,4.509983,0,0,0,0,-0.0152923279,0.129922107,0.00135128724,2.95318913,-0.124758959,-0.0393549614,9.78151608,0.00105248217,0.000504402502,0.00135128724,2.95315456,-0.000254631042,1
447,4.519957,0,0,0,0,0.00676603522,0.130590945,0.00135128724,2.95328498,-0.129548997,-0.0177997835,9.80786133,0.00105248217,0.000504402502,0.00135128724,2.95315456,-0.000254631042,1
448,4.529998,0,0,0,0,0.0153954783,0.163080156,0.00348181627,2.95328498,-0.163079277,-0.0154047646,9.78630638,-0.00107804674,0.0015696669,0.00348181627,2.95315456,-0.000254631042,1
449,4.539984,0,0,0,0,-0.00710833399,0.160057858,-0.00184450613,2.95318913,-0.15589422,-0.0369599424,9.7312212,-0.00107804674,-0.00162612647,-0.00184450613,2.95315456,-0.000254631042,1
450,4.549977,0,0,0,0,-0.0281722695,0.15188317,0.00241655181,2.95318913,-0.14391911,-0.0561200976,9.85097218,-0.00214331108,0.000504402502,0.00241655181,2.95315456,-0.000254631042,1
451,4.560000,0,0,0,0,-0.0201211236,0.143029079,0.000286022841,2.95328498,-0.136734053,-0.0465400182,9.80307102,-0.00107804674,0.000504402502,0.000286022841,2.95315456,-0.000254631042,1
452,4.569986,0,0,0,0,-0.0112697212,0.151094779,0.000286022841,2.95328498,-0.146314129,-0.0393549614,9.79828167,-0.00107804674,0.00370019581,0.000286022841,2.95315456,-0.000254631042,1
453,4.579988,0,0,0,0,-0.0169827454,0.159497842,0.00135128724,2.95328498,-0.153499186,-0.0465400182,9.80546665,-0.00107804674,-0.000560861954,0.00135128724,2.95315456,-0.000254631042,1
454,4.589983,0,0,0,0,-0.0179743953,0.167005956,0.000286022841,2.95318913,-0.160684258,-0.0489350408,9.78870106,-1.27822468e-05,0.000504402502,0.000286022841,2.95315456,-0.000254631042,1
455,4.599958,0,0,0,0,0.0211233273,0.154675066,0.00135128724,2.95318913,-0.15589422,-0.00821970589,9.78151608,0.00105248217,0.0015696669,0.00135128724,2.95315456,-0.000254631042,1
456,4.609984,0,0,0,0,0.0223498903,0.122745059,-0.000779241615,2.95318913,-0.124758959,-0.00103464653,9.70487595,-1.27822468e-05,0.00263493136,-0.000779241615,2.95315456,-0.000254631042,1
457,4.619959,0,0,0,0,0.00800007209,0.14986074,0.00135128724,2.95328498,-0.148709148,-0.0201948043,9.85336685,0.00105248217,0.0015696669,0.00135128724,2.95315456,-0.000254631042,1
458,4.629980,0,0,0,0,0.010352755,0.149412394,0.00348181627,2.95328498,-0.148709148,-0.0177997835,9.86055183,0.00105248217,0.000504402502,0.00348181627,2.95315456,-0.000254631042,1
459,4.639966,0,0,0,0,0.0119241532,0.183246627,0.00241655181,2.95328498,-0.14391911,-0.0321699008,9.85336685,-1.27822468e-05,-0.000560861954,0.00241655181,2.95315456,-0.000254631042,1
460,4.649962,0,0,0,0,0.00375772687,0.153109729,0.00241655181,2.95318913,-0.225349784,-0.0489350408,9.80546665,-1.27822468e-05,-0.00162612647,0.00241655181,2.95315456,-0.000254631042,1
461,4.659959,0,0,0,0,-0.0201211236,0.143029079,-0.000779241615,2.95328498,-0.172659352,-0.0657001734,9.80307102,-0.00107804674,-0.00162612647,0.00241655181,2.95315456,-0.000254631042,1
462,4.669967,0,0,0,0,0.000156330483,0.134288654,-0.000779241615,2.95328498,-0.0816486031,-0.00821970589,9.78630638,-1.27822468e-05,0.000504402502,0.000286022841,2.95315456,-0.000254631042,1
463,4.679965,0,0,0,0,0.00217165262,0.11927589,0.00348181627,2.95328498,-0.124758959,-0.0225898232,9.79828167,-0.00320857554,0.000504402502,0.00454708049,2.95315456,-0.000254631042,1
464,4.689962,0,0,0,0,-0.0125037599,0.131824985,0.00135128724,2.95328498,-0.141524091,-0.0297748819,9.75756645,-1.27822468e-05,-0.000560861954,0.00135128724,2.95315456,-0.000254631042,1
465,4.699958,0,0,0,0,-0.0272901487,0.156585842,0.00241655181,2.95328498,-0.136734053,-0.0321699008,9.81504631,-1.27822468e-05,-0.000560861954,0.00135128724,2.95315456,-0.000254631042,1
466,4.709968,0,0,0,0,-0.00196997193,0.16151318,0.00135128724,2.95328498,-0.158289239,-0.0321699008,9.7623558,0.00105248217,-0.00269139092,0.000286022841,2.95315456,-0.000254631042,1
467,4.719964,0,0,0,0,0.0250281654,0.136863291,0.00135128724,2.95328498,-0.139129072,-0.00103464653,9.81744194,-1.27822468e-05,-0.00162612647,0.000286022841,2.95315456,-0.000254631042,1
468,4.740003,0,0,0,0,-0.0132894563,0.114907876,0.00135128724,2.95328498,-0.110388838,-0.0345649198,9.7312212,-0.00107804674,0.00263493136,0.00135128724,2.95315456,-0.000254631042,1
469,4.750031,0,0,0,0,-0.00219635246,0.134737,0.000286022841,2.95328498,-0.131944016,-0.027379863,9.77193642,-0.00107804674,0.000504402502,0.00241655181,2.95315456,-0.000254631042,1
470,4.759961,0,0,0,0,0.01752178,0.13585563,-0.000779241615,2.95328498,-0.136734053,-0.00821970589,9.80786133,-1.27822468e-05,0.0015696669,-0.000779241615,2.95315456,-0.000254631042,1
471,4.770000,0,0,0,0,-0.0234858822,0.0997841358,0.00135128724,2.95328498,-0.0936237052,-0.0417499803,9.75756645,-1.27822468e-05,0.000504402502,0.00135128724,2.95315456,-0.000254631042,1
472,4.779987,0,0,0,0,-0.0176699553,0.130367294,0.00241655181,2.95338082,-0.124758959,-0.0417499803,9.88689709,-1.27822468e-05,0.00370019581,0.00241655181,2.95315456,-0.000254631042,1
473,4.789997,0,0,0,0,-0.00634239335,0.125774607,0.00135128724,2.95328498,-0.12236394,-0.0297748819,9.7791214,-1.27822468e-05,0.0015696669,0.00135128724,2.95315456,-0.000254631042,1
474,4.799983,0,0,0,0,-0.0268418081,0.158938527,0.00241655181,2.95328498,-0.151104167,-0.0561200976,9.7144556,-0.00107804674,0.00263493136,0.00241655181,2.95315456,-0.000254631042,1
475,4.810007,0,0,0,0,0.00452874973,0.170027226,0.00454708049,2.95328498,-0.167869315,-0.027379863,9.80786133,-0.00107804674,0.0015696669,0.00454708049,2.95315456,-0.000254631042,1
476,4.819981,0,0,0,0,0.0349862091,0.125214219,0.00135128724,2.95338082,-0.129548997,0.0109404512,9.74319553,-0.00214331108,-0.00269139092,0.00135128724,2.95315456,-0.000254631042,1
477,4.829979,0,0,0,0,0.0240205042,0.144369677,0.00348181627,2.95328498,-0.146314129,-0.00342966616,9.77433109,-1.27822468e-05,0.000504402502,0.00348181627,2.95315456,-0.000254631042,1
478,4.839965,0,0,0,0,0.0120351352,0.171034887,0.00135128724,2.95328498,-0.170264333,-0.0201948043,9.81504631,0.00105248217,0.000504402502,0.00135128724,2.95315456,-0.000254631042,1
479,4.850002,0,0,0,0,0.0216678213,0.144818023,0.000286022841,2.95328498,-0.146314129,-0.00582468603,9.78870106,-0.00107804674,0.000504402502,0.000286022841,2.95315456,-0.000254631042,1
480,4.859977,0,0,0,0,0.00295735151,0.136192992,0.00135128724,2.95328498,-0.134339035,-0.0225898232,9.77672672,0.00211774674,0.000504402502,0.00135128724,2.95315456,-0.000254631042,1
481,4.869981,0,0,0,0,0.0120307198,0.119835205,0.00135128724,2.95328498,-0.119968921,-0.0106147248,9.79349136,-0.00107804674,0.0015696669,0.00135128724,2.95315456,-0.000254631042,1
482,4.879980,0,0,0,0,-0.00712367753,0.160057172,0.00135128724,2.95328498,-0.15589422,-0.0369599424,9.75038147,-0.00214331108,-0.00162612647,0.00135128724,2.95315456,-0.000254631042,1
483,4.889966,0,0,0,0,0.0212194826,0.142465338,0.00241655181,2.95328498,-0.14391911,-0.00582468603,9.78151608,-1.27822468e-05,0.000504402502,0.00241655181,2.95315456,-0.000254631042,1
484,4.899978,0,0,0,0,-0.00981372036,0.145941079,0.00348181627,2.95328498,-0.141524091,-0.0369599424,9.81983662,-1.27822468e-05,0.00263493136,0.00348181627,2.95315456,-0.000254631042,1
485,4.909982,0,0,0,0,0.00833743345,0.164425179,0.00241655181,2.95328498,-0.163079277,-0.0225898232,9.79349136,-0.00107804674,0.0015696669,0.00241655181,2.95315456,-0.000254631042,1
486,4.919979,0,0,0,0,0.0027353901,0.160616502,0.00241655181,2.95328498,-0.158289239,-0.027379863,9.81504631,-1.27822468e-05,-0.000560861954,0.00241655181,2.95315456,-0.000254631042,1
487,4.930002,0,0,0,0,-0.0107104005,0.141235709,0.00348181627,2.95328498,-0.136734053,-0.0369599424,9.79349136,-1.27822468e-05,-0.00269139092,0.00348181627,2.95315456,-0.000254631042,1
488,4.940004,0,0,0,0,-0.00410069339,0.137538016,0.00135128724,2.95328498,-0.134339035,-0.0297748819,9.83420658,0.00105248217,-0.000560861954,0.00135128724,2.95315456,-0.000254631042,1
489,4.949978,0,0,0,0,0.0510186441,0.119719811,0.00241655181,2.95328498,-0.127153978,0.0277055893,9.81265163,-1.27822468e-05,0.0015696669,0.00241655181,2.95315456,-0.000254631042,1
490,4.959988,0,0,0,0,0.0630084276,0.144254282,0.00135128724,2.95328498,-0.153499186,0.034890648,9.81744194,0.00105248217,-0.000560861954,0.00135128724,2.95315456,-0.000254631042,1
491,4.969977,0,0,0,0,-0.00118427328,0.178430289,0.000286022841,2.95328498,-0.175054371,-0.0345649198,9.71924591,-0.00107804674,0.0015696669,0.000286022841,2.95315456,-0.000254631042,1
492,4.980001,0,0,0,0,0.0384889282,0.156240374,0.000286022841,2.95318913,-0.160684258,0.00854543224,9.78870106,0.00105248217,0.000504402502,0.000286022841,2.95315456,-0.000254631042,1
493,4.989988,0,0,0,0,0.0143834008,0.119386867,0.00135128724,2.95328498,-0.119968921,-0.00821970589,9.79109669,-1.27822468e-05,-0.00162612647,0.00135128724,2.95315456,-0.000254631042,1
494,4.999999,0,0,0,0,0.0366761759,0.0956336707,0.00135128724,2.95328498,-0.100808762,0.0181255098,9.82223129,-1.27822468e-05,0.0015696669,0.00135128724,2.95315456,-0.000254631042,1
495,5.009986,0,0,0,0,0.0361212716,0.156692415,0.00135128724,2.95328498,-0.160684258,0.00615041237,9.80546665,0.00105248217,-0.00162612647,0.00135128724,2.95315456,-0.000254631042,1
496,5.019984,0,0,0,0,-0.00141065358,0.151654094,0.00348181627,2.95328498,-0.148709148,-0.0297748819,9.81744194,-0.00214331108,0.00263493136,0.00348181627,2.95315456,-0.000254631042,1
497,5.029958,0,0,0,0,0.0131682782,0.151315466,0.00348181627,2.95318913,-0.151104167,-0.0154047646,9.78630638,-0.00214331108,0.00263493136,0.00348181627,2.95315456,-0.000254631042,1
498,5.039998,0,0,0,0,0.008785774,0.166777864,0.000286022841,2.95328498,-0.165474296,-0.0225898232,9.81025696,-1.27822468e-05,-0.000560861954,0.000286022841,2.95315456,-0.000254631042,1
499,5.049985,0,0,0,0,-0.00354137225,0.127678946,0.000286022841,2.95328498,-0.124758959,-0.027379863,9.83660221,-0.00107804674,0.000504402502,0.000286022841,2.95315456,-0.000254631042,1
500,5.059989,0,0,0,0,0.0188667998,0.142913669,0.00241655181,2.95328498,-0.14391911,-0.00821970589,9.8318119,-0.00107804674,0.000504402502,0.00241655181,2.95315456,-0.000254631042,1
501,5.069964,0,0,0,0,0.0215718932,0.157027707,0.00241655181,2.95318913,-0.158289239,-0.00821970589,9.75277615,-0.00107804674,0.000504402502,0.00241655181,2.95315456,-0.000254631042,1
502,5.080000,0,0,0,0,-0.0133789284,0.178320572,0.000286022841,2.95318913,-0.172659352,-0.0465400182,9.81983662,0.00105248217,0.00263493136,0.000286022841,2.95315456,-0.000254631042,1
503,5.089985,0,0,0,0,-0.0163124427,0.137427032,0.00348181627,2.95328498,-0.115178876,0.00615041237,9.75517082,0.00105248217,0.000504402502,0.00348181627,2.95315456,-0.000254631042,1
504,5.099982,0,0,0,0,0.0210936759,0.154679105,0.000286022841,2.95338082,-0.158289239,-0.0441449992,9.76954079,-0.00107804674,-0.00375665538,0.00135128724,2.95315456,-0.000254631042,1
505,5.109956,0,0,0,0,-0.0170937274,0.171709597,0.000286022841,2.95328498,-0.170264333,-0.0657001734,9.83420658,0.00105248217,-0.00162612647,0.000286022841,2.95315456,-0.000254631042,1
506,5.120001,0,0,0,0,0.0156307295,0.138655156,0.00135128724,2.95318913,-0.151104167,-0.0465400182,9.84378719,0.00211774674,0.000504402502,0.00135128724,2.95315456,-0.000254631042,1
507,5.130047,0,0,0,0,0.0202118196,0.149971724,0.00241655181,2.95328498,-0.124758959,0.00136037311,9.76954079,-1.27822468e-05,0.000504402502,0.00135128724,2.95315456,-0.000254631042,1
508,5.139982,0,0,0,0,0.000382709026,0.161064833,0.00241655181,2.95328498,-0.124758959,-0.00342966616,9.79349136,0.00105248217,-0.00269139092,0.00241655181,2.95315456,-0.000254631042,1
509,5.149979,0,0,0,0,-0.0471148416,0.218878627,0.000286022841,2.95328498,-0.136734053,0.00375539274,9.85097218,0.00105248217,0.0015696669,0.00135128724,2.95315456,-0.000254631042,1
510,5.159983,0,0,0,0,0.0059847529,0.164873526,0.00241655181,2.95328498,-0.163079277,-0.0249848422,9.76714611,-1.27822468e-05,0.0015696669,0.00348181627,2.95315456,-0.000254631042,1
511,5.169958,0,0,0,0,-0.0185497236,0.176863298,0.00241655181,2.95328498,-0.170264333,-0.0513300598,9.80786133,-0.00107804674,-0.000560861954,0.000286022841,2.95315456,-0.000254631042,1
512,5.179965,0,0,0,0,-0.0349075086,0.167789936,0.00348181627,2.95328498,-0.158289239,-0.0657001734,9.80067635,0.00211774674,0.0015696669,0.00135128724,2.95315456,-0.000254631042,1
513,5.189962,0,0,0,0,-0.0184387472,0.164651558,0.000286022841,2.95328498,-0.158289239,-0.0489350408,9.78870106,-0.00214331108,-0.00162612647,0.000286022841,2.95315456,-0.000254631042,1
514,5.199960,0,0,0,0,-0.0219100658,0.184818029,0.000286022841,2.95328498,-0.17744939,-0.0561200976,9.78630638,0.00211774674,0.000504402502,0.000286022841,2.95315456,-0.000254631042,1
515,5.209967,0,0,0,0,-0.00421167444,0.149749756,0.000286022841,2.95328498,-0.146314129,-0.0321699008,9.84618187,-0.00107804674,-0.000560861954,0.000286022841,2.95315456,-0.000254631042,1
516,5.219965,0,0,0,0,-0.00656877039,0.0989984348,0.000286022841,2.95328498,-0.0960187241,-0.0249848422,9.72403622,-0.00214331108,0.000504402502,0.000286022841,2.95315456,-0.000254631042,1
517,5.229962,0,0,0,0,-0.0205694642,0.140676394,0.00241655181,2.95328498,-0.134339035,-0.0465400182,9.84857655,-0.00214331108,-0.00269139092,0.00241655181,2.95315456,-0.000254631042,1
518,5.239959,0,0,0,0,0.0346608534,0.110646434,0.00135128724,2.95328498,-0.115178876,0.013335471,9.83660221,-0.00107804674,0.0015696669,0.00135128724,2.95315456,-0.000254631042,1
519,5.249967,0,0,0,0,0.0379146338,0.16610314,0.00135128724,2.95328498,-0.170264333,0.00615041237,9.80067635,-0.00107804674,0.0015696669,0.00135128724,2.95315456,-0.000254631042,1
520,5.270003,0,0,0,0,0.027718205,0.150979385,0.000286022841,2.95328498,-0.153499186,-0.00103464653,9.7791214,0.00211774674,-0.00269139092,0.000286022841,2.95315456,-0.000254631042,1
521,5.279977,0,0,0,0,0.0133630848,0.178094193,0.00135128724,2.95338082,-0.17744939,-0.0201948043,9.78870106,-0.00107804674,-0.00269139092,0.00135128724,2.95315456,-0.000254631042,1
522,5.289981,0,0,0,0,-0.00913899951,0.175069943,0.00241655181,2.95328498,-0.170264333,-0.0417499803,9.8270216,-1.27822468e-05,-0.00162612647,0.00241655181,2.95315456,-0.000254631042,1
523,5.299983,0,0,0,0,0.0123680783,0.134399638,0.00241655181,2.95328498,-0.134339035,-0.0130097447,9.75038147,-1.27822468e-05,0.0015696669,0.00241655181,2.95315456,-0.000254631042,1
524,5.309957,0,0,0,0,-0.0108213816,0.153447464,0.000286022841,2.95328498,-0.148709148,-0.0393549614,9.75756645,-0.00107804674,-0.00162612647,0.000286022841,2.95315456,-0.000254631042,1
525,5.320002,0,0,0,0,-0.0192386005,0.147732586,0.00241655181,2.95338082,-0.141524091,-0.0465400182,9.7791214,0.00105248217,0.0015696669,0.00241655181,2.95315456,-0.000254631042,1
526,5.330001,0,0,0,0,0.0149317328,0.160728902,-0.000779241615,2.95338082,-0.160684258,-0.0154047646,9.79588604,0.00105248217,-0.00375665538,-0.000779241615,2.95315456,-0.000254631042,1
527,5.340004,0,0,0,0,-0.0148691181,0.132271901,0.00348181627,2.95338082,-0.127153978,-0.0393549614,9.83660221,-0.00214331108,0.000504402502,0.00348181627,2.95315456,-0.000254631042,1
528,5.349979,0,0,0,0,0.0337535292,0.15714398,0.00241655181,2.95338082,-0.160684258,0.00375539274,9.7623558,-0.00427384023,0.000504402502,0.00241655181,2.95315456,-0.000254631042,1
529,5.360004,0,0,0,0,0.0130276121,0.112330064,0.00348181627,2.95338082,-0.112783857,-0.00821970589,9.80546665,-1.27822468e-05,-0.000560861954,0.00348181627,2.95315456,-0.000254631042,1
530,5.369979,0,0,0,0,-0.0501599833,0.138993621,0.00135128724,2.95338082,-0.127153978,-0.0752802566,9.83660221,-0.00107804674,-0.00162612647,0.00135128724,2.95315456,-0.000254631042,1
531,5.380006,0,0,0,0,-0.0108213816,0.153447464,0.000286022841,2.95328498,-0.148709148,-0.0393549614,9.8318119,-0.00214331108,0.00263493136,0.000286022841,2.95315456,-0.000254631042,1
532,5.389980,0,0,0,0,-0.0204707943,0.128462687,0.000286022841,2.95338082,-0.12236394,-0.0441449992,9.79109669,-0.00107804674,0.000504402502,0.000286022841,2.95315456,-0.000254631042,1
533,5.399987,0,0,0,0,-0.00624278747,0.164761931,0.000286022841,2.95338082,-0.160684258,-0.0369599424,9.80546665,-0.00107804674,-0.00269139092,0.000286022841,2.95315456,-0.000254631042,1
534,5.409962,0,0,0,0,-0.0196867157,0.145379856,0.00135128724,2.95338082,-0.139129072,-0.0465400182,9.80546665,-1.27822468e-05,-0.00162612647,0.00135128724,2.95315456,-0.000254631042,1
535,5.420008,0,0,0,0,-0.00400221488,0.176525548,0.00135128724,2.95338082,-0.172659352,-0.0369599424,9.79828167,-1.27822468e-05,0.000504402502,0.00135128724,2.95315456,-0.000254631042,1
536,5.429982,0,0,0,0,-0.00691471202,0.135633007,-0.00184450613,2.95338082,-0.131944016,-0.0321699008,9.79109669,-1.27822468e-05,-0.000560861954,-0.00184450613,2.95315456,-0.000254631042,1
537,5.439985,0,0,0,0,-0.0146448128,0.107848428,0.000286022841,2.95338082,-0.103203781,-0.0345649198,9.80546665,-0.00107804674,0.00263493136,0.000286022841,2.95315456,-0.000254631042,1
538,5.449981,0,0,0,0,0.025463162,0.139218405,0.000286022841,2.95338082,-0.141524091,-0.00103464653,9.80067635,0.00105248217,-0.000560861954,0.000286022841,2.95315456,-0.000254631042,1
539,5.459966,0,0,0,0,-0.040300969,0.13955389,0.00135128724,2.95338082,-0.129548997,-0.0657001734,9.81504631,-1.27822468e-05,-0.00269139092,0.00135128724,2.95315456,-0.000254631042,1
540,5.470004,0,0,0,0,0.0386827886,0.183023944,0.00241655181,2.95338082,-0.187029466,0.00375539274,9.82462692,0.00105248217,-0.000560861954,0.00241655181,2.95315456,-0.000254631042,1
541,5.479979,0,0,0,0,0.0234464016,0.154230997,-0.000779241615,2.95338082,-0.15589422,-0.00582468603,9.84618187,-1.27822468e-05,-0.00162612647,-0.000779241615,2.95315456,-0.000254631042,1
542,5.489981,0,0,0,0,-0.0351474099,0.141010374,0.00135128724,2.95338082,-0.131944016,-0.0609101392,9.78870106,-1.27822468e-05,-0.000560861954,0.00135128724,2.95315456,-0.000254631042,1
543,5.499966,0,0,0,0,-0.00644895993,0.189186022,0.00348181627,2.95328498,-0.184634447,-0.0417499803,9.7623558,-0.00214331108,-0.000560861954,0.00348181627,2.95315456,-0.000254631042,1
544,5.510006,0,0,0,0,0.0333158337,0.103588395,-0.000779241615,2.95328498,-0.107993819,0.013335471,9.80067635,-1.27822468e-05,0.0015696669,-0.000779241615,2.95315456,-0.000254631042,1
545,5.519980,0,0,0,0,0.047870364,0.103255615,0.00348181627,2.95338082,-0.110388838,0.0277055893,9.79588604,-0.00107804674,-0.000560861954,0.00348181627,2.95315456,-0.000254631042,1
546,5.529987,0,0,0,0,-0.0332427956,0.138209537,0.00241655181,2.95338082,-0.129548997,-0.0585151166,9.78151608,0.00105248217,0.000504402502,0.00241655181,2.95315456,-0.000254631042,1
547,5.539988,0,0,0,0,0.00271999557,0.160616755,0.00135128724,2.95338082,-0.158289239,-0.027379863,9.80067635,-0.00107804674,-0.00162612647,0.00135128724,2.95315456,-0.000254631042,1
548,5.549962,0,0,0,0,0.00677044969,0.18179062,0.00135128724,2.95328498,-0.146314129,-0.0513300598,9.8270216,0.00105248217,0.0015696669,-0.000779241615,2.95315456,-0.000254631042,1
549,5.559979,0,0,0,0,0.0156041496,0.138658136,0.000286022841,2.95338082,-0.184634447,-0.00821970589,9.82462692,-0.00107804674,0.000504402502,0.00135128724,2.95315456,-0.000254631042,1
550,5.569964,0,0,0,0,0.0721816868,0.115691662,0.000286022841,2.95338082,-0.14391911,0.013335471,9.81025696,-0.00214331108,-0.000560861954,0.00241655181,2.95315456,-0.000254631042,1
551,5.579999,0,0,0,0,0.0199736357,0.123197459,0.00348181627,2.95338082,-0.189424485,-0.0345649198,9.79588604,0.00105248217,0.000504402502,0.00135128724,2.95315456,-0.000254631042,1
552,5.589985,0,0,0,0,0.0363305546,0.132272393,0.00135128724,2.95338082,-0.141524091,-0.0585151166,9.78630638,0.00211774674,-0.00269139092,0.000286022841,2.95315456,-0.000254631042,1
553,5.600001,0,0,0,0,0.0582891479,0.145156533,0.00135128724,2.95338082,-0.112783857,0.00615041237,9.79588604,0.00105248217,-0.000560861954,-0.000779241615,2.95315456,-0.000254631042,1
554,5.609976,0.0118132206,-0.0575894527,0.0354396626,-0.0620194115,0.221296132,0.45056361,-0.00290977047,2.95338082,-0.55825752,0.104346216,9.5659647,-0.00427384023,0.00370019581,0.00135128724,2.95315456,-0.000254631042,1
555,5.619978,0.144711956,-0.196394801,0.168338388,-0.122562163,0.366722763,-0.193968296,0.030113427,2.95338082,0.121928066,0.396538585,9.86055183,-0.0277096573,0.0164833684,0.0407660753,2.95327663,-0.000254631042,1
556,5.629964,0.202301398,-0.238479391,0.259152532,-0.114440568,-0.0693925247,1.31026149,0.101486146,2.95411325,-1.27436841,-0.312387228,9.33125305,-0.0649939179,-0.0133440364,0.128117755,2.95382595,-0.000254631042,1
557,5.639984,0.144711956,-0.284993947,0.220759571,-0.159478486,-1.75248158,1.04442704,0.137705132,2.95665073,-0.70435375,-1.91465533,11.9370337,-0.127844512,-0.0836514831,0.141966194,2.95504665,-0.000254631042,1
558,5.650007,0.331508517,-0.368424863,0.214114636,-0.177936628,-2.80320072,0.755270779,0.123856701,2.95693827,-0.227744803,-2.89421844,10.9311256,-0.162998244,-0.144371569,0.122791439,2.95626736,-0.000254631042,1
559,5.659981,0.307143748,-0.442257464,0.291638881,-0.258414209,-3.38868403,2.31625843,0.111073531,2.9583416,-1.65996659,-3.75403047,8.84985352,-0.154476121,-0.151828423,0.111073531,2.95742702,-0.000254631042,1
560,5.669986,0.404602796,-0.377284735,0.328555197,-0.203039736,-0.684106886,0.006517448,0.119595647,2.95999837,0.117138028,-0.674035192,7.81280994,-0.123583458,-0.114544153,0.119595647,2.95837307,-0.000254631042,1
561,5.679961,0.560389698,-0.620194077,0.493940294,-0.355873257,-2.60464954,1.29603612,0.157945156,2.96278882,-0.812129617,-2.7936275,8.1529026,-0.094821319,-0.0729988441,0.157945156,2.95977688,-0.000254631042,1
562,5.689984,0.595829308,-0.744971275,0.461453944,-0.439304113,-1.85051692,-0.327798486,0.176054657,2.96441054,0.648832381,-1.76376915,10.8377199,-0.0809728801,-0.0154745653,0.176054657,2.96124172,-0.000254631042,1
563,5.699959,0.727251351,-0.55005312,0.57737118,-0.538239896,-2.0345118,1.68493557,0.230383143,2.96577978,-1.30310869,-2.29785848,9.09893608,-0.041558098,-0.0112135075,0.230383143,2.96316433,-0.000254631042,1
564,5.709966,0.623885691,-0.695503354,0.404602796,-0.502800226,-1.68675256,-0.058788117,0.203751534,2.96787238,0.34945491,-1.65120316,9.88450241,0.0521851741,0.0228749551,0.203751534,2.96520901,-0.000254631042,1
565,5.719963,0.725774765,-0.576632857,0.654895484,-0.485818714,-1.86121202,-0.143597096,0.250623167,2.96981621,0.45962581,-1.80927444,8.98637009,0.042597793,0.00370019581,0.250623167,2.96737576,-0.000254631042,1
566,5.729960,0.68073684,-0.712484896,0.617979109,-0.519781709,-2.45434141,0.231295973,0.247427374,2.97284198,0.184198573,-2.45832491,9.29772186,0.0234230366,0.0111570461,0.247427374,2.96984768,-0.000254631042,1
567,5.739957,0.660802066,-0.660063744,0.741279602,-0.589184403,-0.332392514,0.444218785,0.281515837,2.97617316,-0.383421093,-0.401002944,9.29053688,0.0564462319,0.0186138973,0.281515837,2.97228909,-0.000254631042,1
568,5.749965,0.781149209,-0.669661939,0.551529765,-0.576632857,-3.64479256,1.66341591,0.244231582,2.97842264,-1.04923654,-3.86659646,12.0711546,0.0947957486,0.0207444262,0.244231582,2.97485256,-0.000254631042,1
569,5.759963,0.561866343,-0.505753458,0.64825052,-0.606165886,-3.37341976,0.287866265,0.219730496,2.97934699,0.260839194,-3.37561727,13.3213549,-0.0511454791,-0.00162612647,0.219730496,2.97701931,-0.000254631042,1
570,5.769960,0.747186184,-0.535286605,0.572941244,-0.548576415,-0.971271873,1.34478092,0.201620996,2.98237228,-1.17377758,-1.17219925,7.64515877,-0.13743189,-0.0389103815,0.201620996,2.97915554,-0.000254631042,1
571,5.779957,0.634960651,-0.726513088,0.730204701,-0.59361434,-1.97509181,0.0749995261,0.215469435,2.98471808,0.234493986,-1.96255577,7.61881351,-0.121452935,-0.0218661521,0.215469435,2.98126125,-0.000254631042,1
572,5.790001,0.954655945,-0.640128911,0.608380854,-0.587707758,0.355362475,0.00052842882,0.220795766,2.98681927,-0.0553033873,0.351033211,6.80929708,0.0127703911,-0.0165398289,0.220795766,2.98339748,-0.000254631042,1
573,5.799987,0.83873868,-0.797392428,0.753831089,-0.679998517,-1.72836339,1.48660517,0.238905251,2.98935676,-1.20730782,-1.93381548,6.94341803,0.106513664,-0.00588718429,0.238905251,2.98525906,-0.000254631042,1
574,5.809979,0.835785329,-0.73241967,0.685905159,-0.491725326,-1.53727114,0.188716754,0.269797921,2.99174547,0.0428924151,-1.5482173,10.8975954,0.185343236,0.0548328906,0.269797921,2.98763943,-0.000254631042,1
575,5.819965,0.65637207,-0.579586148,0.665232003,-0.530118287,-4.05797672,0.935347199,0.251688421,2.99340224,-0.325940639,-4.1516037,14.150032,0.0873389021,0.0207444262,0.251688421,2.9902029,-0.000254631042,1
576,5.830000,0.505015194,-0.47917375,0.505015194,-0.544146478,-0.952080905,0.298050165,0.18351151,2.99511123,-0.15589422,-0.985387743,13.7356939,-0.0181222782,-0.0176050942,0.18351151,2.99236965,-0.000254631042,1
577,5.839987,0.642343938,-0.524211705,0.646773815,-0.522735,-5.45124197,1.86361158,0.140900925,2.99702072,-1.05881667,-5.66286087,11.807703,-0.0926907957,-0.0815209597,0.140900925,2.99413967,-0.000254631042,1
578,5.849985,0.54193145,-0.466622204,0.668923616,-0.545623124,-0.603625536,0.791027308,0.0556797758,2.99893045,-0.697168648,-0.709960461,7.3409915,-0.126779258,-0.0623462014,0.0556797758,2.9952383,-0.000254631042,1
579,5.859961,0.998955548,-0.582539439,0.73537302,-0.55005312,-0.484751612,0.562589765,0.115334585,3.00044775,-0.488801956,-0.559074223,3.78438735,-0.0788423568,0.0282012783,0.115334585,2.99624538,-0.000254631042,1
580,5.869977,0.792224109,-0.609119177,0.71617651,-0.618717492,-0.509597123,1.33456421,0.0855071843,3.00162482,-1.25041819,-0.690800309,5.84410381,0.0117051266,0.0942476764,0.0855071843,2.99746609,-0.000254631042,1
581,5.879964,0.813635588,-0.60173595,0.617979109,-0.544146478,-0.825707138,0.155252039,0.0823113844,3.00162482,-0.0385382511,-0.839291513,10.4688873,0.105448395,0.105965585,0.0823113844,2.99847317,-0.000254631042,1
582,5.889983,0.603950918,-0.581062853,0.603950918,-0.565557897,-3.92932296,0.580787539,-0.00717082852,2.99912238,-0.0169830751,-3.97197723,14.5188656,0.0841431096,-0.0261272099,-0.00717082852,2.99914455,-0.000254631042,1
583,5.900050,0.684428513,-0.507230163,0.585492671,-0.494678646,-2.01364303,-0.0981334373,-0.0497814044,2.99915695,0.382985175,-1.97932088,11.9609842,0.0127703911,-0.144371569,-0.0497814044,2.99902248,-0.000254631042,1
584,5.909985,0.671876907,-0.569249511,0.637913942,-0.555221379,-1.45296311,0.63940841,-0.0934572443,2.99906087,-0.426531464,-1.52905715,8.70615292,-0.0117306914,-0.151828423,-0.0934572443,2.99862576,-0.000254631042,1
585,5.919982,0.702886701,-0.518305063,0.637913942,-0.542669773,-2.85217857,1.72447646,-0.113697276,3.00025582,-1.30550361,-3.06665969,8.27265358,-0.057537064,-0.0751293674,-0.113697276,2.99789333,-0.000254631042,1
586,5.929977,0.722821474,-0.519781709,0.719868183,-0.55817467,-0.417178065,0.592143834,-0.153112069,2.9995501,-0.527122259,-0.496803731,7.35775661,-0.0873644724,0.0228749551,-0.153112069,2.99682522,-0.000254631042,1
587,5.940003,0.778195918,-0.516090095,0.667446911,-0.559651315,-1.31419802,-0.00810732227,-0.164829969,2.99608874,0.198568687,-1.29913533,8.83787823,-0.0809728801,0.0995739996,-0.164829969,2.99560452,-0.000254631042,1
588,5.949968,0.733157992,-0.538239896,0.614287496,-0.592137635,-1.36480868,0.240447357,-0.211701617,2.99328923,-0.0361432321,-1.38535607,10.2078295,-0.00640436914,0.110226646,-0.211701617,2.99407864,-0.000254631042,1
589,5.959965,0.792224109,-0.630530655,0.614287496,-0.612072468,-0.080664061,0.698269963,-0.255377442,2.98960972,-0.678008497,-0.185451165,9.54201412,0.122492626,0.0601592101,-0.255377442,2.99206448,-0.000254631042,1
590,5.969985,0.673353553,-0.643082201,0.654895484,-0.504276812,-1.15399337,0.425091296,-0.282009065,2.98681927,-0.242114916,-1.20572948,11.5945463,0.165103212,0.0239402205,-0.282009065,2.98977566,-0.000254631042,1
591,5.979960,0.728728056,-0.542669773,0.713223159,-0.579586148,-1.12557626,0.571000516,-0.27029115,2.98477912,-0.388211131,-1.20093954,12.3633471,0.0639030859,0.0100917816,-0.27029115,2.9872427,-0.000254631042,1
592,5.989988,0.747186184,-0.576632857,0.65637207,-0.565557897,0.271010429,0.231100336,-0.235137433,2.98362851,-0.270855159,0.231282264,11.7382469,-0.0788423568,-0.00588718429,-0.235137433,2.98489285,-0.000254631042,1
593,5.999962,0.731681347,-0.618717492,0.731681347,-0.618717492,-2.08041692,1.27651811,-0.219158456,2.98149252,-0.986966074,-1.89549518,9.30730247,-0.113996081,-0.0602156706,-0.219158456,2.98284817,-0.000254631042,1
594,6.009985,0.782625914,-0.73241967,0.68073684,-0.579586148,0.198469847,0.372901589,-0.243659541,2.977525,-0.373841017,-0.0249848422,8.009202,0.0031830112,-0.0676725209,-0.243659541,2.9806509,-0.000254631042,1
595,6.019962,0.762691081,-0.607642531,0.714699864,-0.640128911,-0.669473946,0.705213904,-0.230876371,2.97467351,0.241679043,-1.32787549,9.51327419,0.0575114973,-0.0133440364,-0.230876371,2.97833157,-0.000254631042,1
596,6.029987,0.741279602,-0.647512138,0.663755357,-0.682951808,-0.289947361,0.488954723,-0.211701617,2.97394109,-0.527122259,-0.410583019,9.64021015,0.0670988783,0.0644202679,-0.203179494,2.97619534,-0.000254631042,1
597,6.039964,0.775242567,-0.559651315,0.673353553,-0.626100659,-0.774968207,-0.65014863,-0.178678408,2.97298217,0.572191715,-0.963832557,11.5873613,0.00850933325,0.0825297683,-0.177613154,2.97427273,-0.000254631042,1
598,6.049980,0.727251351,-0.655633748,0.707316577,-0.703624964,-0.448410571,-1.04280674,-0.171221554,2.97065473,0.545846522,-0.798576176,10.7778444,-0.031970717,0.0537676252,-0.157373115,2.97247219,-0.000254631042,1
599,6.059966,0.781149209,-0.685166776,0.701409996,-0.671138644,-1.73295677,-0.129402578,-0.129676238,2.96840501,0.141088217,-0.839291513,8.06189251,-0.0351665132,-0.010148243,-0.128610969,2.97097683,-0.000254631042,1
600,6.070001,0.745709598,-0.758999407,0.741279602,-0.720606506,-0.395964712,0.201444924,-0.126480445,2.96687865,0.112347983,-0.647689939,7.87747574,-1.27822468e-05,-0.0261272099,-0.128610969,2.96960354,-0.000254631042,1
601,6.079988,0.778195918,-0.761952758,0.673353553,-0.635698915,-0.852504849,0.590958595,-0.112632006,2.96681738,-0.433716506,-0.942277372,8.69896698,0.0873389021,-0.0367798544,-0.107305683,2.96829128,-0.000254631042,1
602,6.089981,0.764167726,-0.798869073,0.72429812,-0.661540389,-0.0560194962,0.610865951,-0.11795833,2.96662569,-0.591787815,-0.161500961,9.65937042,0.137406334,-0.0197356232,-0.115827799,2.96707058,-0.000254631042,1
603,6.099967,0.747186184,-0.67261529,0.679260254,-0.713961542,-0.672398984,0.558486223,-0.109436214,2.96453333,-0.431321502,-0.760255873,11.1873932,0.110774718,0.0271360129,-0.111566745,2.96588039,-0.000254631042,1
604,6.109981,0.789270818,-0.713961542,0.755307794,-0.69698,-0.626962125,-0.380828261,-0.0945225134,2.96332145,0.485971034,-0.549494147,12.1717463,0.0244883001,0.0505718328,-0.0881309286,2.96472073,-0.000254631042,1
605,6.119966,0.772289276,-0.70510155,0.728728056,-0.764906049,-0.617224813,0.280034214,-0.0849351287,2.96230149,-0.165474296,-0.657270074,10.3994312,-0.0617981218,0.0569634177,-0.0849351287,2.96371365,-0.000254631042,1
606,6.129987,0.789270818,-0.783364236,0.80329901,-0.746447921,-1.10612106,0.0141894147,-0.0423245542,2.96147299,0.184198573,-1.09076858,7.2763257,-0.0969518498,0.0473760366,-0.0423245542,2.96298122,-0.000254631042,1
607,6.140060,0.83061707,-0.829878747,0.769335985,-0.81954217,-0.0848368108,0.127721056,-0.0423245542,2.96083665,-0.110388838,-0.10641551,7.15896988,-0.0149264848,0.0377886593,-0.0423245542,2.96237087,-0.000254631042,1
608,6.149965,0.858673453,-0.955394268,0.787794113,-0.795915782,-1.02403569,0.224154249,-0.048716139,2.96058369,-0.0361432321,-1.04765821,8.52652645,0.0457935855,-0.010148243,-0.048716139,2.96188259,-0.000254631042,1
609,6.159982,0.841691971,-0.860888481,0.71617651,-0.711008191,0.13013199,0.39513132,-0.0774782822,2.95954561,-0.41216132,0.0564458258,10.7131786,0.137406334,-0.0474324971,-0.0774782822,2.96105862,-0.000254631042,1
610,6.169967,0.761214435,-0.81142056,0.827663779,-0.785579205,-0.974272311,0.558201075,-0.0625645816,2.95846438,-0.371445984,-1.05963337,12.5621338,0.0852083713,-0.0431714393,-0.0625645816,2.96023464,-0.000254631042,1
611,6.180003,0.898543119,-0.831355333,0.782625914,-0.791485727,-0.906995475,0.408996284,-0.0593687855,2.95881319,-0.237324879,-0.966227591,12.1980915,0.00531353988,-0.0112135075,-0.0593687855,2.95962429,-0.000254631042,1
612,6.189977,0.781149209,-0.804037392,0.914047897,-0.835047007,0.206861272,0.310482025,-0.0348677039,2.96020007,-0.342705756,0.147456571,9.80307102,-0.123583458,0.038853921,-0.0348677039,2.95910549,-0.000254631042,1
613,6.199982,0.962039173,-0.978282332,0.843168676,-0.918477952,-1.11914921,0.408386797,-0.0167582091,2.95952916,-0.199004561,-1.17459428,8.62711716,-0.119322404,0.0441802442,-0.0167582091,2.95883083,-0.000254631042,1
614,6.210072,0.820280552,-0.999693871,0.86605674,-0.853505194,-2.68863082,0.468458861,-0.0295413826,2.95775867,0.0309173185,-2.72896194,7.59725857,-0.022383336,-0.0176050942,-0.0295413826,2.95852566,-0.000254631042,1
615,6.219967,0.987142205,-0.990833938,0.807728887,-0.838000298,0.490126371,-0.718307137,-0.0678908974,2.95563054,0.615302086,0.614485383,8.3349247,0.11183998,-0.0602156706,-0.0678908974,2.95791531,-0.000254631042,1
616,6.229963,0.860150158,-0.96130085,0.861626863,-0.81142056,-1.34784985,0.885165215,-0.0455203466,2.95551682,-0.620528042,-1.48834181,11.814888,0.18001692,-0.0250619445,-0.0455203466,2.9572134,-0.000254631042,1
617,6.239960,0.818803847,-0.893374801,0.878608227,-0.836523712,-1.11974347,-1.17710578,-0.0551077276,2.95709538,1.36254823,-0.884796917,13.0986185,0.0798820481,-0.0208008867,-0.0551077276,2.95660305,-0.000254631042,1
618,6.249968,0.837262034,-0.891898096,1.02405858,-0.835047007,-1.33560514,0.723306537,-0.0316719115,2.95795035,-0.467246771,-1.44523156,9.70727062,-0.0745812953,-0.0186703578,-0.0316719115,2.95629787,-0.000254631042,1
619,6.259964,0.832093716,-1.10232115,0.983450651,-0.849813581,0.262426525,0.197240487,-0.0284761172,2.95673871,-0.242114916,0.221702173,5.86326408,-0.076711826,-0.0271924734,-0.0284761172,2.9559927,-0.000254631042,1
620,6.269961,0.852766812,-1.12963915,1.04547,-0.835047007,-1.38167596,-0.199744567,0.000286022841,2.95511651,0.452440768,-1.32069051,8.14571762,0.0330104157,-0.0154745653,0.000286022841,2.95577908,-0.000254631042,1
621,6.279958,0.792224109,-1.08829296,0.960562468,-0.798869073,-0.489157021,-1.33788729,-0.0455203466,2.95392156,1.4056586,-0.230956525,8.84745884,0.120362096,-0.0708683133,-0.0455203466,2.9554739,-0.000254631042,1
622,6.289965,0.748662829,-1.06466651,1.0676198,-0.73241967,-0.393259257,-3.08672309,0.00774287386,2.9551332,3.10612273,0.185776889,12.813611,0.0724252015,-0.0708683133,0.00774287386,2.95519924,-0.000254631042,1
623,6.299963,0.745709598,-1.0063386,1.04547,-0.791485727,-0.974820733,0.304257423,0.0066776094,2.95680761,-0.119968921,-1.01412797,9.89887238,0.01490092,-0.0964346603,0.0066776094,2.95519924,-0.000254631042,1
624,6.329979,0.801822364,-1.06318986,1.12299442,-0.781887531,-1.28781366,-1.19236696,0.123856701,2.95740986,1.40805364,-1.04765821,9.1707859,-0.0532760061,-0.0389103815,0.123856701,2.95611477,-0.000254631042,1
625,6.339965,0.765644372,-1.07278812,1.0949378,-0.809943914,-0.178159803,-1.47204208,0.128117755,2.95881319,1.47990417,0.092371121,8.39240456,-0.0543412715,-0.00482191984,0.128117755,2.95715237,-0.000254631042,1
626,6.349984,0.809205592,-1.12373269,1.15695739,-0.853505194,-0.998873532,-0.491934419,0.166467279,2.96115875,0.663202465,-0.894376993,7.4655323,-0.0777770877,0.0793339759,0.166467279,2.9584341,-0.000254631042,1
627,6.360006,0.80329901,-1.1281625,0.97754401,-0.823972225,-1.74123168,-1.17227793,0.129183024,2.96287656,1.46313906,-1.50510705,11.6616068,0.0766862556,0.0814645067,0.129183024,2.95974636,-0.000254631042,1
628,6.369982,0.776719272,-1.12520921,0.971637428,-0.777457535,1.13367271,-2.4543891,0.0908335,2.96223998,2.21278024,1.55333304,15.2445564,0.156581104,-0.059150409,0.0908335,2.96072292,-0.000254631042,1
629,6.379997,0.772289276,-1.06318986,1.0565449,-0.766382694,-0.807545304,0.10291791,0.0950945616,2.96211767,0.0428924151,-0.81294632,11.2784033,0.0468588509,-0.182721093,0.0950945616,2.96163845,-0.000254631042,1
630,6.389983,0.812158942,-1.04768503,1.08755457,-0.800345719,-0.340914875,-0.104073688,0.101486146,2.96406174,0.162643403,-0.317177266,6.0692358,-0.0277096573,-0.11241363,0.101486146,2.96255398,-0.000254631042,1
631,6.399999,0.823233843,-1.09715283,1.1813221,-0.829878747,0.591779232,0.538426459,0.156879887,2.96809053,-0.632503152,0.489944369,4.66814947,-0.13104032,0.103835061,0.156879887,2.96371365,-0.000254631042,1
632,6.409986,0.894113183,-1.06171322,1.04251659,-0.896328092,-1.5016197,-0.247115806,0.167532533,2.97135258,0.497946143,-1.43804646,5.07290792,-0.0330359787,0.196513057,0.167532533,2.96527004,-0.000254631042,1
633,6.419980,0.892636478,-1.09272289,0.959085763,-0.785579205,0.531976819,0.0317369848,0.10681247,2.96950436,-0.12236394,0.518684566,13.2926149,0.136341065,0.195447788,0.10681247,2.96670437,-0.000254631042,1
634,6.429965,0.796654105,-0.984188974,0.98861891,-0.835047007,-0.854770601,-0.394796312,0.051418718,2.96520424,0.53866148,-0.772230983,15.8744459,0.119296834,0.091051884,0.051418718,2.96743679,-0.000254631042,1
635,6.440008,0.807728887,-1.01519859,1.00560045,-0.788532436,-1.31832445,-0.0636479631,0.0524839833,2.96677303,0.291974455,-1.28716016,14.2338581,0.06816414,-0.0346493237,0.0524839833,2.96798611,-0.000254631042,1
636,6.449982,0.789270818,-1.07869482,1.02848852,-0.809943914,-0.994054019,0.739945471,0.00241655181,2.97118545,-0.560652554,-1.10513866,10.471282,-0.08416868,-0.0623462014,0.00241655181,2.96829128,-0.000254631042,1
637,6.460000,0.872701705,-1.03587186,1.08090973,-0.787055731,-0.751877904,1.26682806,0.0130691966,2.97352314,-1.17138255,-0.669245124,6.76858139,-0.0127959559,-0.0580851436,0.0130691966,2.96850491,-0.000254631042,1
638,6.469986,0.885253191,-1.07574141,1.07795644,-0.852028489,0.00405884022,-0.211858436,0.00241655181,2.97237253,-0.505567074,-0.508778811,6.69673109,0.11503578,-0.00162612647,0.000286022841,2.96868801,-0.000254631042,1
639,6.479988,0.883038282,-1.01667535,1.01962852,-0.781887531,-0.967139244,0.315100431,0.00135128724,2.96859646,-1.55698073,-1.60569787,8.28941917,0.0543157011,0.115552969,0.00454708049,2.96874905,-0.000254631042,1
640,6.489962,0.837262034,-0.984188974,1.00560045,-0.817327261,-0.159054726,0.0280035622,-0.00610556407,2.96866584,-0.15589422,-0.0609101392,9.85815716,0.01490092,0.145380363,-0.0135624148,2.96874905,-0.000254631042,1
641,6.499986,0.878608227,-0.967207372,0.960562468,-0.873439968,0.139327899,0.345482171,-0.0519119352,2.96920657,-0.189424485,-0.408188015,13.6255226,-0.0479496866,0.164555117,-0.0604340509,2.96856594,-0.000254631042,1
642,6.510000,0.880084932,-1.02627361,1.00264704,-0.823972225,-0.917957008,0.668076932,-0.0433898196,2.96926785,-0.713933825,-1.5242672,11.7430372,0.0383367352,0.000504402502,-0.0476508774,2.96813869,-0.000254631042,1
643,6.520002,0.902234733,-0.981235683,1.01150692,-0.832832038,0.233419821,-0.617091537,-0.0551077276,2.96770716,0.0692376345,0.45401907,9.14444065,0.104383133,-0.10921783,-0.056172993,2.96771145,-0.000254631042,1
644,6.529982,0.914047897,-0.952440858,0.994525611,-0.879346609,-1.27406001,1.65002835,-0.0391287617,2.96549201,-2.56767893,-0.571049333,7.19010496,0.0436630584,-0.115609422,-0.0284761172,2.96731472,-0.000254631042,1
645,6.539957,0.886729896,-0.962777376,0.983450651,-0.843906999,0.145935103,1.23664892,-0.00290977047,2.96748877,-1.2432332,-0.0704902187,6.34466314,-0.0372970402,0.00796125364,-0.00610556407,2.96719265,-0.000254631042,1
646,6.550004,0.894113183,-0.945796013,0.940627754,-0.863841772,0.436006486,2.31159186,-0.0199540015,2.96898007,-2.35212731,0.032495629,8.71812725,-0.107604496,0.183729887,-0.0252803247,2.96704006,-0.000254631042,1
647,6.559980,0.908141434,-0.93693608,0.920692921,-0.897804797,0.631024182,0.638680637,-0.0519119352,2.96837044,-0.737883985,0.511499524,10.3682957,-0.0245138649,0.165620387,-0.0519119352,2.96670437,-0.000254631042,1
648,6.570001,0.936197698,-0.944319308,0.908141434,-0.842430294,1.48455226,-0.647618175,-0.0455203466,2.96592021,0.378195137,1.57488823,12.5094433,0.113970511,0.0537676252,-0.0455203466,2.96633816,-0.000254631042,1
649,6.579987,0.878608227,-0.945796013,0.957609177,-0.84686029,1.18613744,0.157554492,-0.0583035201,2.96221328,-0.366655946,1.13899469,12.8231916,0.170429543,-0.128392592,-0.0583035201,2.96584988,-0.000254631042,1
650,6.590001,0.840215385,-0.956870914,0.966469049,-0.843906999,-0.75535208,2.47928452,-0.0242150594,2.96178532,-2.30422688,-1.18656933,10.6916237,0.0734904632,-0.1251968,-0.0242150594,2.96542263,-0.000254631042,1
651,6.599986,0.86605674,-0.96130085,0.971637428,-0.8822999,-0.00579543365,1.22463632,-0.0295413826,2.96654677,-1.20491278,-0.21898143,8.49539089,-0.0713855028,-0.0506282933,-0.0295413826,2.96511745,-0.000254631042,1
652,6.610001,0.888206601,-0.955394268,0.974590659,-0.863841772,1.0733068,0.624785721,-0.0359329656,2.96865797,-0.800154507,0.949788153,6.76618671,-0.147019267,0.0995739996,-0.0359329656,2.96481228,-0.000254631042,1
653,6.620004,0.985665619,-0.907403111,0.951702595,-0.888944805,0.266979098,-0.0933598503,-0.0199540015,2.96600795,0.0452874377,0.279182643,7.96609163,-0.0404928327,0.103835061,-0.0199540015,2.96465969,-0.000254631042,1
654,6.629980,0.926599503,-0.931767762,0.926599503,-0.860888481,0.802149951,0.0387892462,-0.0284761172,2.96099401,-0.182239428,0.782136738,10.3635063,0.0777515173,0.0111570461,-0.0284761172,2.96444607,-0.000254631042,1
655,6.639982,0.871225059,-0.896328092,0.891159832,-0.85498184,0.616376102,-0.717803359,-0.0156929437,2.95872521,0.593746901,0.736631393,11.5873613,0.143797919,-0.0996304527,-0.0156929437,2.96417141,-0.000254631042,1
656,6.649957,0.837262034,-0.964254081,0.900019765,-0.876393318,0.480687499,0.491928726,0.00987340324,2.96108747,-0.57023263,0.384563506,10.4545164,0.0031830112,-0.102826245,0.00987340324,2.96411037,-0.000254631042,1
657,6.660003,0.895589769,-0.919954538,0.934721053,-0.891898096,0.0467827395,0.604785144,0.0173302535,2.9677763,-0.603762925,-0.0585151166,8.53850079,-0.109735027,-0.0293230023,0.0173302535,2.96420193,-0.000254631042,1
658,6.669977,0.931029379,-0.921431243,0.928076148,-0.908879638,0.617104471,0.102117635,0.0269176345,2.96966124,-0.206189632,0.590535164,7.70024443,-0.0862992033,0.0313970707,0.0269176345,2.96441555,-0.000254631042,1
659,6.679987,0.951702595,-0.91478622,0.885253191,-0.853505194,-0.0493423343,0.152517274,0.0173302535,2.96562457,-0.141524091,-0.0752802566,9.88689709,0.0468588509,0.025005484,0.0173302535,2.96462917,-0.000254631042,1
660,6.689962,0.852766812,-0.902973056,0.929552794,-0.899281442,0.351025909,0.405745924,0.00561234495,2.96004272,-0.462456733,0.271997601,11.4604254,0.142732665,-0.0474324971,0.00561234495,2.96472073,-0.000254631042,1
661,6.699983,0.90961796,-0.904449761,0.906664729,-0.849813581,1.07275975,-0.0539088808,0.00454708049,2.95923924,-0.141524091,1.06474912,12.827981,0.0319451503,-0.0538240857,0.00454708049,2.96469021,-0.000254631042,1
662,6.709957,0.863103449,-0.965730786,0.872701705,-0.955394268,-0.768202007,1.81522346,0.0269176345,2.96569157,-1.65278149,-1.07400346,8.58400631,-0.113996081,-0.0229314156,0.0269176345,2.96481228,-0.000254631042,1
663,6.720003,1.02553523,-0.907403111,0.939151108,-0.921431243,0.310312748,-0.293994188,0.0279828981,2.97055888,0.236889005,0.355823249,7.25956059,-0.127844512,0.0772034451,0.0279828981,2.96508694,-0.000254631042,1
664,6.729977,0.925122857,-0.933244407,0.898543119,-0.885991573,-0.839594781,0.321752906,0.0109386677,2.96885967,-0.172659352,-0.882401884,7.85113049,-0.00960016251,0.0527023599,0.0109386677,2.9653616,-0.000254631042,1
665,6.740008,1.06540489,-0.91478622,0.964992404,-0.894851446,0.895837486,-1.16649652,-0.0114318859,2.96311283,0.988925159,1.08869922,11.4795856,0.110774718,0.00370019581,-0.0114318859,2.96533108,-0.000254631042,1
666,6.749982,0.854243517,-0.973852336,0.939151108,-0.902973056,-1.16360343,0.982892573,-0.0103666214,2.95853353,-0.754649162,-1.32308555,12.4807034,0.0798820481,-0.0729988441,-0.0103666214,2.96517849,-0.000254631042,1
667,6.759978,0.925122857,-0.975328982,0.966469049,-0.907403111,-0.0968067199,0.156518787,0.00241655181,2.9622035,-0.136734053,-0.12318065,11.3119335,-0.0788423568,-0.0218661521,0.00241655181,2.96490383,-0.000254631042,1
668,6.769987,0.996002197,-1.02036691,0.94505769,-0.986403883,-0.887806714,1.14059615,0.0333092213,2.97032261,-0.97259593,-1.06921339,7.38649654,-0.180042475,0.0452455096,0.0333092213,2.96511745,-0.000254631042,1
669,6.779984,1.00560045,-0.907403111,0.95317924,-0.95022589,-0.300105691,-0.368626148,0.0237218402,2.97144055,0.414120436,-0.233351558,6.37819338,-0.08416868,0.0601592101,0.0237218402,2.96542263,-0.000254631042,1
670,6.789980,1.01298368,-1.00338542,0.940627754,-0.931767762,-1.02017999,-0.148548141,0.00135128724,2.96495342,0.32550472,-0.978202701,10.0186234,0.0596420243,0.0207444262,0.00135128724,2.96557522,-0.000254631042,1
671,6.799977,0.957609177,-0.992310584,0.971637428,-0.931767762,-0.426022947,-0.071814768,-0.0327371769,2.95827246,0.148273274,-0.405792981,12.5142336,0.112905249,-0.0761946365,-0.0327371769,2.96533108,-0.000254631042,1
672,6.809985,0.974590659,-1.01372206,0.98861891,-0.975328982,-1.51444256,-0.22897087,-0.00504029961,2.95887232,0.500341177,-1.44762647,11.5418558,-0.0681897104,-0.0879125446,-0.00504029961,2.96493435,-0.000254631042,1
673,6.819982,1.04104006,-1.00486207,0.996002197,-0.976805627,0.986542404,-0.220064417,0.0141344611,2.96931028,0.0476824567,1.00966358,6.71110106,-0.138497159,-0.0165398289,0.0141344611,2.96490383,-0.000254631042,1
674,6.829980,1.07352638,-1.02627361,1.05802166,-1.03218019,-0.461043417,-0.0625410229,0.0418313369,2.97372484,0.138693199,-0.444113284,7.02963877,-0.0852339417,0.0420497172,0.0418313369,2.96527004,-0.000254631042,1
675,6.850005,1.00412381,-1.03218019,1.01150692,-0.995263934,-1.34892309,-0.209166095,-0.0327371769,2.96130824,0.447650731,-1.28955519,12.2483864,0.171494797,0.0431149788,-0.0327371769,2.96557522,-0.000254631042,1
676,6.859966,1.02701199,-0.959824145,0.971637428,-0.970899045,-0.138164356,-0.251744777,-0.0252803247,2.95714664,0.272814304,-0.0896503702,12.2867069,0.0639030859,-0.0282577388,-0.0252803247,2.9650259,-0.000254631042,1
677,6.869981,0.957609177,-1.04768503,1.05359161,-1.0122453,0.266707748,0.728440344,-0.0124971503,2.96303177,-0.764229238,0.133086458,9.14204597,-0.0596675947,0.0345928632,-0.0124971503,2.96481228,-0.000254631042,1
678,6.879968,1.10896611,-1.00781524,1.00560045,-1.08681631,-0.852835536,-0.616480589,0.0173302535,2.97167468,0.75181824,-0.736305714,7.0871191,-0.069254972,0.0527023599,0.0173302535,2.9648428,-0.000254631042,1
679,6.889998,1.08460128,-1.00929201,1.02996516,-0.91478622,-2.86913466,1.71258962,0.0279828981,2.97006369,-1.1977278,-3.11935019,9.33125305,0.00637880433,0.107030854,0.0279828981,2.96517849,-0.000254631042,1
680,6.899984,1.01150692,-0.999693871,0.98861891,-1.00781524,0.740399659,0.681694806,-0.0604340509,2.96272159,-0.802549541,0.607300341,12.5453691,0.11183998,0.0260707494,-0.0604340509,2.96508694,-0.000254631042,1
681,6.910006,1.03144181,-0.959824145,1.018152,-0.924384594,0.934737563,-0.000169278486,-0.046585612,2.95563054,-0.172659352,0.918652892,14.6314306,0.0958610177,-0.0357145891,-0.046585612,2.96453762,-0.000254631042,1
682,6.919980,0.900019765,-1.04916167,1.00117052,-0.998217165,0.535343051,-0.584690452,-0.0433898196,2.95775628,-0.407371283,-0.757860839,9.10133076,-0.0404928327,-0.0325187966,-0.0433898196,2.9639883,-0.000254631042,1
683,6.929998,1.02405858,-1.01372206,0.962039173,-1.00338542,0.449288964,0.455820501,-0.0114318859,2.9664855,-0.891165257,1.45034719,7.28351068,-0.08416868,0.0665507987,-0.00290977047,2.96359158,-0.000254631042,1
684,6.939984,1.03808689,-0.976805627,1.06540489,-1.00338542,-1.53886247,-0.60188067,0.0237218402,2.97070813,-0.266065121,-0.482433617,8.3349247,-0.0500802137,0.126205608,0.0173302535,2.96377468,-0.000254631042,1
685,6.949984,1.02110529,-0.970899045,0.951702595,-0.948749363,0.180213898,0.00731183682,-0.0199540015,2.9668119,-0.268460125,-0.0465400182,12.1190557,0.0479241163,0.0431149788,-0.0242150594,2.96377468,-0.000254631042,1
686,6.959958,1.02405858,-0.99674046,1.02848852,-0.992310584,0.703107178,-0.537093699,-0.0338024385,2.95805621,0.696732759,0.348638207,11.4292898,0.0947957486,-0.0548893511,-0.0306066461,2.96337795,-0.000254631042,1
687,6.969983,0.990095556,-1.0233202,0.998955548,-0.986403883,-0.461677551,0.670157671,-0.0242150594,2.954566,-0.546282411,-0.626134813,10.5359478,-0.0127959559,-0.0453019701,-0.0220845304,2.96292019,-0.000254631042,1
688,6.979983,0.987142205,-1.02922678,0.974590659,-1.0403018,2.00779605,0.495839506,0.00454708049,2.96118355,-0.848054886,1.88624084,7.90621614,-0.0735160336,0.0558981523,0.01626499,2.96270657,-0.000254631042,1
689,6.989961,1.02110529,-1.02922678,1.02996516,-1.04916167,-0.466328472,-0.806234539,0.035439752,2.97017527,0.87396419,-0.321967304,8.55287075,-0.128909782,0.0654855371,0.0343744867,2.96295071,-0.000254631042,1
690,6.999958,1.03291845,-0.962777376,0.998955548,-0.93693608,0.59588486,-0.00705204392,0.0269176345,2.96792793,-0.0960187241,0.58814019,10.2796803,-0.0202528071,-0.0314535312,0.0226565767,2.96331692,-0.000254631042,1
691,7.009999,1.0565449,-1.01519859,1.00707698,-0.944319308,1.2340796,-0.302552134,-0.00184450613,2.96135259,0.0764226913,1.26832569,10.4497271,0.103317864,-0.128392592,-0.00397503516,2.96340847,-0.000254631042,1
692,7.019985,0.954655945,-0.990833938,0.98861891,-1.02184355,-1.23274851,0.935745716,-0.00290977047,2.95440078,-0.689983606,-1.38535607,12.1789312,0.0447283238,-0.117739946,-0.00290977047,2.96325588,-0.000254631042,1
693,7.029982,0.994525611,-1.00338542,0.994525611,-0.959824145,0.95714128,1.14122808,0.00241655181,2.95917773,-1.29592359,0.73423636,7.57091331,-0.0660591796,-0.0165398289,0.00241655181,2.96313381,-0.000254631042,1
694,7.039967,0.963515699,-1.01889026,0.997478843,-1.04916167,-0.106777713,0.342148393,0.0183955189,2.969172,-0.318755567,-0.16389598,9.1707859,-0.126779258,0.120879292,0.0183955189,2.9632864,-0.000254631042,1
695,7.049964,1.0565449,-0.958347499,0.964992404,-0.979758978,-0.424167067,-1.10754859,0.0279828981,2.96977615,1.16376162,-0.228561506,9.98988342,-0.0181222782,0.0633550063,0.0279828981,2.96359158,-0.000254631042,1
696,7.060000,0.973114073,-0.941366017,0.966469049,-0.92586112,0.285765022,-0.109820694,-0.00717082852,2.96284437,0.0572625361,0.300737828,8.8091383,0.0947957486,-0.0346493237,-0.00717082852,2.96368313,-0.000254631042,1
697,7.069987,0.981974006,-0.953917563,0.976067305,-0.893374801,0.30553475,0.281333894,-0.0167582091,2.95502067,-0.333125681,0.248047397,9.8270216,0.131014749,-0.0293230023,-0.0167582091,2.96340847,-0.000254631042,1
698,7.080000,0.906664729,-0.958347499,0.912571311,-0.984188974,0.958536625,0.742278993,-0.018888738,2.95708537,-0.9055354,0.806086957,9.86773682,0.0543157011,0.0633550063,-0.018888738,2.96310329,-0.000254631042,1
699,7.089986,0.948010981,-0.939889371,0.931029379,-0.96942246,0.410661072,0.584544241,0.0066776094,2.96739292,-0.646873236,0.303132832,11.8915281,-0.0724507645,0.156033009,0.0066776094,2.96310329,-0.000254631042,1
700,7.100001,0.987142205,-0.907403111,0.903711379,-0.93693608,0.00268236897,-1.22300994,0.00987340324,2.96946192,1.20447695,0.212122098,11.1011724,-0.0159917492,0.0452455096,0.00987340324,2.96331692,-0.000254631042,1
701,7.109987,0.98861891,-0.893374801,0.966469049,-0.904449761,0.779483795,-0.057788115,0.00241655181,2.96294022,-0.0816486031,0.77734673,9.91803265,0.0500546433,-0.0857820138,0.00241655181,2.96340847,-0.000254631042,1
702,7.120008,0.940627754,-0.922907889,0.956132531,-0.8822999,0.108692825,0.143069282,-0.00290977047,2.95581436,-0.160684258,0.0803960189,8.7444725,0.107578926,-0.141175777,-0.00290977047,2.96334743,-0.000254631042,1
703,7.129983,0.875654936,-0.883776605,0.940627754,-0.927337825,0.31253168,1.19167888,-0.00504029961,2.95625687,-1.228863,0.0875810832,8.94804955,0.0159661844,-0.00375665538,-0.00504029961,2.96319485,-0.000254631042,1
704,7.140006,0.846121907,-0.911832988,0.849075198,-0.910356343,1.550583,0.816119254,-0.00717082852,2.96517754,-1.07558179,1.38328671,8.53850079,-0.0522107445,0.153902486,-0.00717082852,2.96310329,-0.000254631042,1
705,7.149981,0.880084932,-0.85498184,0.894113183,-0.862365067,0.753563106,-0.14792572,-0.00504029961,2.96930456,0.0165472012,0.767766654,11.7598028,-0.104408704,0.189056203,-0.00504029961,2.96310329,-0.000254631042,1
706,7.159980,0.996002197,-0.825448811,0.872701705,-0.85498184,0.0621159449,-0.40983057,-0.0199540015,2.96515512,0.39256525,0.133086458,11.4676104,-0.00640436914,0.0846602991,-0.0199540015,2.96307278,-0.000254631042,1
707,7.170001,0.911094666,-0.852028489,0.885253191,-0.863841772,1.36568177,-0.196202591,-0.018888738,2.95707083,-0.0576984063,1.37849665,9.94198227,0.128884211,-0.0772598982,-0.018888738,2.96295071,-0.000254631042,1
708,7.179987,0.812158942,-0.905926406,0.883038282,-0.894851446,0.0809926838,0.445588619,-0.0178234726,2.95421696,-0.452876657,-0.00342966616,10.2892609,0.150189519,-0.0953693986,-0.0178234726,2.96264553,-0.000254631042,1
709,7.189961,0.847598612,-0.887468219,0.891159832,-0.933244407,1.10598695,0.447865695,-0.0135624148,2.96054673,-0.639688194,1.00726855,8.84506321,0.0532504395,-0.0112135075,-0.0135624148,2.96237087,-0.000254631042,1
710,7.199987,0.878608227,-0.835047007,0.863103449,-0.869009972,0.47764349,0.612263441,-0.00823609252,2.96900678,-0.685193598,0.365403324,9.15641594,-0.0607328601,0.113422439,-0.00823609252,2.96234035,-0.000254631042,1
711,7.209978,0.931029379,-0.825448811,0.869748354,-0.877870023,-0.0657353848,-0.338388324,-0.0231497958,2.96661997,0.344664872,-0.00582468603,9.6665554,-0.0916255265,0.13046667,-0.0231497958,2.96237087,-0.000254631042,1
712,7.219964,0.943580985,-0.825448811,0.895589769,-0.825448811,0.745409071,-0.204895332,-0.0103666214,2.95991468,0.0668426156,0.770161629,12.3370018,-0.00746963359,0.0207444262,-0.0103666214,2.96212673,-0.000254631042,1
713,7.229963,0.864580154,-0.836523712,0.855720162,-0.829878747,1.29289877,-0.463730425,-0.0210192669,2.95286679,0.212938815,1.35694146,11.47719,0.0820125788,-0.0996304527,-0.0210192669,2.96185207,-0.000254631042,1
714,7.239959,0.821757138,-0.856458545,0.829140425,-0.880823314,0.969389021,0.504219413,-0.00290977047,2.95463514,-0.675613463,0.858777404,9.46776867,0.0596420243,-0.10921783,-0.00290977047,2.9615469,-0.000254631042,1
715,7.249980,0.80329901,-0.877870023,0.834308743,-0.82249552,1.62615144,0.598148823,-0.00397503516,2.96508193,-0.874400139,1.49585259,9.58991432,0.0244883001,0.013287575,-0.00397503516,2.96139431,-0.000254631042,1
716,7.259999,0.829140425,-0.806990683,0.823233843,-0.821018875,0.803526819,0.790859044,-0.00290977047,2.96838045,-0.91751045,0.65520072,8.18643284,-0.0277096573,0.112357177,-0.00290977047,2.96139431,-0.000254631042,1
717,7.269982,0.889683127,-0.754569471,0.799607396,-0.798869073,0.118427657,0.095668681,-0.0178234726,2.96306229,-0.115178876,0.0995561779,10.7299442,-0.0266443938,0.15496774,-0.0178234726,2.96133327,-0.000254631042,1
718,7.279959,0.83873868,-0.804037392,0.827663779,-0.81142056,1.70619452,-1.20693219,-0.0114318859,2.95484781,0.869174182,1.90061092,10.9622612,-0.0586023293,0.0580286831,-0.0114318859,2.96105862,-0.000254631042,1
719,7.289957,0.869748354,-0.825448811,0.798130691,-0.870486677,1.76974642,-0.469338268,0.00880813878,2.95293593,0.129113123,1.82636535,9.96353817,-0.0522107445,-0.0687377825,0.00880813878,2.96084499,-0.000254631042,1
720,7.299965,0.841691971,-0.812897265,0.76785934,-0.823972225,1.09416425,-0.517038405,0.0365050174,2.95812321,0.308739573,1.1701299,8.41156483,0.0351409428,-0.128392592,0.0365050174,2.96093655,-0.000254631042,1
721,7.309961,0.801822364,-0.771550953,0.736849725,-0.808467269,1.03737235,0.70527488,0.0322439559,2.96472478,-0.876795113,0.897097707,8.11697769,0.0862736329,-0.0548893511,0.0322439559,2.96130276,-0.000254631042,1
722,7.319959,0.912571311,-0.679998517,0.710269868,-0.817327261,0.586751282,0.392221421,0.0290481634,2.96578193,-0.488801956,0.50910449,9.5012989,0.0915999562,0.0686813295,0.0290481634,2.96160793,-0.000254631042,1
723,7.329968,0.895589769,-0.641605556,0.696241736,-0.839477003,0.264501303,0.336837292,0.0460923947,2.96218109,-0.378631055,0.200147003,11.1155424,0.040467266,0.0931824148,0.0460923947,2.96188259,-0.000254631042,1
724,7.339966,0.875654936,-0.657110393,0.693288386,-0.883776605,0.151453197,0.164429739,0.0482229255,2.95708776,-0.189424485,0.118716337,11.5418558,-0.0862992033,0.0537676252,0.0482229255,2.96221828,-0.000254631042,1
725,7.349963,0.858673453,-0.711008191,0.619455755,-0.893374801,1.72425854,-0.757958651,0.0748545378,2.95824599,0.430885583,1.83355033,11.3047485,-0.148084536,-0.010148243,0.0748545378,2.96267605,-0.000254631042,1
726,7.359959,0.869748354,-0.709531605,0.646773815,-0.873439968,0.860325217,1.61924016,0.113204055,2.96323371,-1.74618721,0.559399903,8.71573257,-0.125713989,-0.059150409,0.113204055,2.96346951,-0.000254631042,1
727,7.369981,0.849075198,-0.712484896,0.704363346,-0.817327261,1.88070023,0.551606357,0.130248293,2.9688499,-0.642083228,0.470784217,6.47399426,0.0127703911,-0.0218661521,0.130248293,2.96453762,-0.000254631042,1
728,7.379965,0.981974006,-0.623147368,0.659325361,-0.893374801,1.55276358,0.528267443,0.105747208,2.96823978,-2.00724435,-0.242931634,7.8918457,0.12994948,-0.0229314156,0.101486146,2.96569729,-0.000254631042,1
729,7.389985,0.919216216,-0.638652325,0.591399372,-0.885991573,-0.39646405,2.31155658,0.0695282146,2.96509171,-2.99399233,-1.03568316,11.7574072,0.0713599324,0.0782687142,0.061006099,2.96649075,-0.000254631042,1
730,7.399959,0.699195027,-0.646035433,0.57737118,-0.897804797,0.553789437,0.686242521,0.0343744867,2.96275425,-1.42525458,0.604905307,12.2052765,-1.27822468e-05,0.141119301,0.0375702791,2.96685696,-0.000254631042,1
731,7.409979,0.860150158,-0.691073418,0.589922726,-0.897804797,1.78805304,-0.663503408,0.0535492487,2.96543097,-0.299595386,1.84073544,11.0460863,-0.0926907957,0.0846602991,0.0663324222,2.96722317,-0.000254631042,1
732,7.419977,1.01593697,-0.633484006,0.642343938,-0.904449761,0.655860722,0.394152522,0.0908335,2.96926785,-1.96892405,-0.159105942,9.70008564,-0.0649939179,-0.0154745653,0.0972250924,2.96792507,-0.000254631042,1
733,7.429988,0.895589769,-0.675568581,0.632745624,-0.880823314,1.23665631,0.701827168,0.0535492487,2.96958232,-1.45159984,0.226492211,8.89056873,-0.0191875417,-0.0484977625,0.0556797758,2.96868801,-0.000254631042,1
734,7.439979,0.824710429,-0.686643422,0.690335035,-0.805513978,-0.899663508,1.61663008,0.0482229255,2.96824765,-1.43722975,-1.33745563,8.49299526,-0.0191875417,-0.0932388678,0.0407660753,2.96926785,-0.000254631042,1
735,7.449965,0.816588879,-0.727989674,0.847598612,-0.812897265,0.983382285,0.425248176,0.00774287386,2.96723557,-0.589392781,0.894702673,7.22124052,0.0649683475,-0.145436838,0.00774287386,2.96945095,-0.000254631042,1
736,7.459963,0.725774765,-0.795915782,0.71617651,-0.781887531,1.49958646,0.253818572,0.0333092213,2.96873498,-0.507962108,1.43358207,8.93367958,0.0521851741,-0.18698214,0.0365050174,2.96960354,-0.000254631042,1
737,7.469986,0.779672623,-0.842430294,0.736849725,-0.758999407,-0.707293332,0.876255393,0.01626499,2.97006965,-0.742674053,-0.846476614,11.5107203,0.0159661844,-0.136914715,0.00561234495,2.9698782,-0.000254631042,1
738,7.479959,0.753831089,-0.694026709,0.694765031,-0.773027658,-0.214792654,-0.154831976,-0.048716139,2.97132587,0.188988611,-0.185451165,10.3251858,-0.0159917492,-0.103891514,-0.048716139,2.96975613,-0.000254631042,1
739,7.490002,0.798130691,-0.711008191,0.728728056,-0.780410945,-0.261748523,0.726151347,-0.0902614519,2.97007942,-0.670823455,-0.381842792,8.67022705,-0.069254972,0.0015696669,-0.0902614519,2.96917629,-0.000254631042,1
740,7.499977,0.843168676,-0.669661939,0.72429812,-0.758999407,-0.0185050294,-0.803888619,-0.125415176,2.96738505,0.794928551,0.121111356,7.2523756,-0.100147642,0.0644202679,-0.125415176,2.96823025,-0.000254631042,1
741,7.510008,0.846121907,-0.720606506,0.747186184,-0.845383644,-0.00835364033,-0.562605202,-0.114762537,2.96614623,0.555426598,0.0899761021,7.90621614,-0.120387666,0.182664618,-0.114762537,2.96716213,-0.000254631042,1
742,7.519983,0.864580154,-0.725036442,0.68073684,-0.907403111,-0.464384139,-1.76095736,-0.121154122,2.96462917,1.81520689,-0.147130847,10.4808617,-0.0905602649,0.116618231,-0.121154122,2.96612453,-0.000254631042,1
743,7.529983,0.857196808,-0.806990683,0.69181174,-0.821018875,0.510452986,-1.11870325,-0.127545714,2.96335602,1.01048028,0.700706065,12.5381842,0.0415325277,-0.0889778063,-0.127545714,2.9650259,-0.000254631042,1
744,7.539958,0.857196808,-0.754569471,0.792224109,-0.709531605,0.450511605,-1.12872708,-0.114762537,2.96128941,1.02964044,0.645620644,11.5490408,0.119296834,-0.185916886,-0.114762537,2.96383572,-0.000254631042,1
745,7.549979,0.885253191,-0.723559737,0.76785934,-0.891898096,-0.357844561,0.0194095522,-0.0817393363,2.96069622,0.0452874377,-0.355497569,7.76969957,0.00637880433,-0.158220008,-0.0817393363,2.96292019,-0.000254631042,1
746,7.559966,0.956132531,-0.773027658,0.823233843,-0.826925516,1.2885083,0.269847184,-0.0135624148,2.96370482,-0.493591994,1.22042537,7.72179937,-0.0671244487,0.046310775,-0.0135624148,2.96246243,-0.000254631042,1
747,7.570004,0.973114073,-0.69993329,0.738326311,-0.885991573,-0.265099525,0.14250496,0.0535492487,2.96467376,-0.0936237052,-0.286041975,8.63669682,-0.149149805,0.181599349,0.0535492487,2.96267605,-0.000254631042,1
748,7.579978,0.914047897,-0.792962432,0.741279602,-0.879346609,-0.811991096,-0.38166374,0.0535492487,2.96346188,0.519501328,-0.731515646,10.7922144,-0.0980171114,0.241254166,0.0535492487,2.96313381,-0.000254631042,1
749,7.589978,0.875654936,-0.839477003,0.770812571,-0.85793519,-0.237269551,-0.652725935,0.0503534526,2.96074057,0.68475765,-0.115995586,13.9249001,-0.0362317748,0.0740076527,0.0503534526,2.96359158,-0.000254631042,1
750,7.599964,0.837262034,-0.956870914,0.778195918,-0.840953648,-0.298305839,-0.0663658604,0.00135128724,2.95862961,0.119533047,-0.281251937,10.9239407,0.0553809665,-0.1251968,0.00135128724,2.96362209,-0.000254631042,1
751,7.609962,0.846121907,-0.89042151,0.840215385,-0.744971275,0.271289021,-1.04482174,0.0130691966,2.96153235,0.979345083,0.45401907,10.2796803,0.113970511,-0.232788518,0.0130691966,2.96356106,-0.000254631042,1
752,7.619983,0.864580154,-0.797392428,0.804775655,-0.845383644,-1.78749478,1.52704942,0.0183955189,2.96562243,-1.1905427,-2.0272212,8.46665096,-0.00640436914,-0.111348361,0.0183955189,2.96365261,-0.000254631042,1
753,7.629986,0.881561637,-0.838000298,0.878608227,-0.862365067,-0.72267884,0.973230481,0.0183955189,2.96789098,-0.833684802,-0.88000685,5.82015371,0.00211774674,0.0846602991,0.0183955189,2.9638052,-0.000254631042,1
754,7.639960,0.976067305,-0.81142056,0.818803847,-0.894851446,-1.20212722,-0.432560146,0.01626499,2.96514535,0.636857271,-1.10753369,9.37675762,-0.0404928327,0.274277389,0.01626499,2.96407986,-0.000254631042,1
755,7.649983,0.885253191,-0.862365067,0.861626863,-0.956870914,-2.31634259,-0.119461179,-0.0114318859,2.96086335,0.533871412,-2.25714326,11.927454,0.0191619787,0.197578326,-0.0114318859,2.96411037,-0.000254631042,1
756,7.659957,0.940627754,-0.99674046,0.861626863,-0.92586112,-0.842869997,-0.164628148,-0.0252803247,2.95776653,0.315924644,-0.798576176,13.2590847,0.0202272423,0.013287575,-0.0252803247,2.96386623,-0.000254631042,1
757,7.669982,0.852766812,-1.01372206,0.94505769,-0.842430294,-0.741776586,0.720227063,-0.0444550812,2.95791364,-0.572627664,-0.860846698,12.9309673,0.0330104157,-0.168872654,-0.0444550812,2.96350002,-0.000254631042,1
758,7.679966,0.981974006,-0.93693608,0.858673453,-0.913309634,-0.688296199,1.18078101,-0.0252803247,2.96291924,-1.03965652,-0.887191951,7.85352564,0.01490092,-0.169937909,-0.0252803247,2.96301174,-0.000254631042,1
759,7.689985,1.00264704,-0.982712388,1.00117052,-0.927337825,-1.56024289,0.522857368,0.01626499,2.96738505,-0.244509935,-1.62725306,4.83580112,-0.031970717,-0.0154745653,0.01626499,2.96298122,-0.000254631042,1
760,7.699960,1.0949378,-0.976805627,0.990095556,-0.935459435,-0.200643674,1.18669295,0.0343744867,2.96517992,-1.13306224,-0.405792981,6.36861324,0.042597793,0.100639261,0.0343744867,2.96313381,-0.000254631042,1
761,7.709984,1.02996516,-1.03587186,1.01446033,-1.05285323,-2.75053906,0.222018749,0.0556797758,2.96115088,0.275209308,-2.74572706,11.5777807,0.0170314498,0.14324984,0.0556797758,2.96356106,-0.000254631042,1
762,7.719958,1.02258193,-1.15178895,0.920692921,-0.942842603,0.445096225,-0.0503289402,0.0120039321,2.95894384,-0.0313531905,0.446833998,11.5107203,0.0415325277,0.0239402205,0.0120039321,2.96374416,-0.000254631042,1
763,7.729983,0.915524542,-1.01372206,1.02258193,-0.976805627,-2.66433263,0.110413186,0.0120039321,2.95968413,0.373405099,-2.64034629,11.1897879,-0.00853489805,-0.051693555,0.0120039321,2.9638052,-0.000254631042,1
764,7.739957,0.997478843,-1.00929201,0.857196808,-0.99674046,0.33079955,-0.0490185432,0.0205260478,2.96517754,-0.00979801547,0.334268093,10.464097,0.0234230366,-0.0506282933,0.0205260478,2.9638052,-0.000254631042,1
765,7.749984,1.10305953,-0.973852336,1.07500315,-1.0233202,-2.02210784,0.523891449,0.068462953,2.96738505,-0.165474296,-2.08230662,10.3323708,0.0180967133,-0.0325187966,0.068462953,2.96426296,-0.000254631042,1
766,7.759958,1.018152,-1.1451441,0.939151108,-0.992310584,0.148578569,1.12927723,0.00241655181,2.96569371,-1.13785231,-0.0513300598,8.71812725,0.0788167864,-0.033584062,0.00241655181,2.96462917,-0.000254631042,1
767,7.769999,1.11487281,-1.01667535,1.08755457,-1.03587186,-2.58180833,-0.393835217,0.0631366298,2.96243191,0.847618997,-2.47029996,5.87284422,0.109709457,-0.0698030517,0.0631366298,2.96490383,-0.000254631042,1
768,7.779986,0.962039173,-1.07131159,0.954655945,-0.982712388,-1.04918802,1.1266526,0.0375702791,2.96101832,-0.919905484,-1.23446977,8.01878166,0.0372714698,0.0143528394,0.0375702791,2.96520901,-0.000254631042,1
769,7.790001,1.10305953,-0.999693871,1.04989994,-1.07278812,-0.640011072,-1.62534475,0.0801808611,2.96581435,1.71222103,-0.345917493,9.81983662,-0.010665427,0.0772034451,0.0801808611,2.96566677,-0.000254631042,1
770,7.799987,1.03661013,-1.05285323,1.02996516,-1.03587186,-1.65334404,1.0659796,0.0535492487,2.96923327,-0.766624212,-1.81166947,9.16120625,-0.0277096573,0.072942391,0.0535492487,2.96633816,-0.000254631042,1
771,7.809985,1.08755457,-1.10675108,1.07795644,-1.02775025,-1.57067287,-0.282767266,0.0365050174,2.96744633,0.55063659,-1.49792194,10.6796484,0.0095745977,-0.0229314156,0.0365050174,2.96688747,-0.000254631042,1
772,7.819983,1.10601282,-1.08829296,1.05802166,-1.12963915,-1.82311845,0.0834847018,0.0066776094,2.96418428,-1.20012283,0.0492607653,8.94086456,0.0692294016,-0.131588385,0.000286022841,2.96707058,-0.000254631042,1
773,7.829980,1.00707698,-1.11561096,1.07352638,-0.922907889,-2.07205033,0.13479054,0.0215913113,2.96345973,0.397355318,0.283972681,10.2150145,-0.0266443938,-0.0548893511,0.0237218402,2.96713161,-0.000254631042,1
774,7.839988,1.16286397,-1.01372206,1.07204974,-1.12963915,-0.0389570668,2.20065689,0.01626499,2.96721792,-1.17138255,0.674360871,8.7660284,-0.031970717,0.0260707494,0.0183955189,2.9672842,-0.000254631042,1
775,7.849985,0.993048966,-1.09272289,1.04399335,-1.00781524,-1.15487516,0.537911177,0.000286022841,2.97025323,0.327899724,-0.80097121,10.1766949,-0.041558098,0.136858255,-0.00397503516,2.96752834,-0.000254631042,1
776,7.859983,1.22488332,-1.04325497,1.05211484,-1.10527444,-1.39187813,-0.350622863,-0.0156929437,2.96921635,-0.687588573,-0.355497569,11.6663971,0.0660336092,0.0399191864,-0.0135624148,2.96749783,-0.000254631042,1
777,7.869980,1.07204974,-1.1207794,1.11487281,-1.09715283,-1.60465968,-0.461158097,-0.0391287617,2.96395779,0.555426598,-1.26560497,8.66304207,0.107578926,-0.0879125446,-0.0497814044,2.96722317,-0.000254631042,1
778,7.879987,1.0351336,-1.08017147,1.03808689,-0.958347499,0.236045823,-0.261904508,-0.0284761172,2.96130586,0.0285222996,0.489944369,10.0904741,-0.00960016251,-0.0698030517,-0.0231497958,2.9667654,-0.000254631042,1
779,7.899977,1.00412381,-1.10675108,1.09936774,-1.07131159,-1.48231554,1.03070593,-0.0167582091,2.96961689,-0.761834204,-1.63683307,10.2317801,-0.0969518498,0.134727731,-0.0263455883,2.96642971,-0.000254631042,1
780,7.909963,1.21676171,-1.05285323,1.07647979,-1.10232115,-0.649890184,0.403782189,-0.0316719115,2.96766472,-0.285225272,-0.709960461,12.5525541,-0.0383623056,0.0271360129,-0.036998231,2.96615505,-0.000254631042,1
781,7.919983,1.07057321,-1.11930263,1.10305953,-1.06318986,-0.902555645,0.209897012,-0.0540424623,2.96245885,-0.0457233116,-0.925512254,13.481822,0.0095745977,-0.11241363,-0.0540424623,2.96575832,-0.000254631042,1
782,7.929968,1.07795644,-1.08312452,1.10158288,-1.01372206,-1.20659792,0.303495228,-0.018888738,2.95891714,-0.0792535841,-1.24165487,8.42833042,-0.039427571,-0.0548893511,-0.018888738,2.96539211,-0.000254631042,1
783,7.939986,1.07647979,-1.07721806,1.10748947,-1.10010624,1.83795393,1.68690825,-0.0252803247,2.96359038,-1.98568928,1.51022267,7.75532961,-0.0458191559,-0.00162612647,-0.0252803247,2.9650259,-0.000254631042,1
784,7.949961,1.10748947,-1.19313526,1.09050798,-1.06466651,-1.41640043,0.0673985928,-0.0156929437,2.96888447,0.177013516,-1.40691113,11.1897879,-0.0852339417,0.121944554,-0.0156929437,2.96481228,-0.000254631042,1
785,7.959979,1.09789121,-1.05580652,1.06245148,-1.05285323,-1.5090996,-0.207588702,-0.0231497958,2.96683645,0.466810882,-1.45002151,9.22108173,-0.0138612203,0.00902651716,-0.0231497958,2.96465969,-0.000254631042,1
786,7.969966,1.09641457,-1.0897696,1.15400398,-1.09419954,1.29230392,0.374688923,-0.0210192669,2.96045303,-0.601367891,1.20366025,9.91324234,0.0511199087,-0.071933575,-0.0210192669,2.96435452,-0.000254631042,1
787,7.979986,1.11044276,-1.13776076,1.08607781,-1.07869482,0.067949377,0.267753035,0.00135128724,2.95872521,-0.275645196,0.0181255098,8.89056873,-0.0372970402,0.00902651716,0.00135128724,2.96420193,-0.000254631042,1
788,7.989960,1.02848852,-1.01519859,1.05211484,-1.04620838,0.269086033,0.27058813,-0.000779241615,2.96355581,-0.313965529,0.216912135,10.569478,-0.0383623056,0.0889213532,-0.000779241615,2.96407986,-0.000254631042,1
789,7.999988,1.06909645,-1.06835818,1.00264704,-1.05728328,0.330859959,0.173160285,-0.0135624148,2.96786404,-0.227744803,0.29594779,10.7347345,-0.0458191559,0.0772034451,-0.0135624148,2.9639883,-0.000254631042,1
790,8.009980,1.05359161,-1.01889026,1.05506825,-1.04473174,-0.0407327712,-0.807540178,-0.00823609252,2.9647696,0.802113593,0.101951197,10.4161968,0.0415325277,-0.059150409,-0.00823609252,2.96383572,-0.000254631042,1
791,8.019965,1.02996516,-1.01519859,1.04842341,-1.01519859,0.731222332,-0.375078797,0.00454708049,2.96004272,0.236889005,0.786926806,9.69529533,0.0479241163,-0.104956776,0.00454708049,2.96368313,-0.000254631042,1
792,8.029963,1.04547,-1.02036691,1.01593697,-1.00338542,0.813565671,2.20040917,0.00880813878,2.95936203,-2.31141186,0.401328623,8.09302711,-0.0351665132,0.0196791627,0.00880813878,2.96365261,-0.000254631042,1
793,8.040000,0.948010981,-1.00929201,0.957609177,-1.04177845,0.379875869,-0.712573707,-0.00610556407,2.96441054,0.634462237,0.499524444,9.20671177,-0.0383623056,0.133662462,-0.00610556407,2.96353054,-0.000254631042,1
794,8.049965,0.983450651,-0.992310584,0.996002197,-0.987880588,1.58854938,-0.749517322,-0.00290977047,2.96690559,0.462020844,1.69463921,9.89887238,-0.0554065369,0.0782687142,-0.00290977047,2.96346951,-0.000254631042,1
795,8.059997,1.0676198,-0.998217165,0.998955548,-0.975328982,0.305240601,-0.205317229,0.00241655181,2.96432471,0.148273274,0.336663097,11.4628201,0.0319451503,-0.0346493237,0.00241655181,2.96359158,-0.000254631042,1
796,8.069986,1.04104006,-0.975328982,0.993048966,-0.970899045,2.33018136,0.972370684,0.00987340324,2.95992923,-1.37735426,2.11616278,10.5527124,0.135275796,-0.11241363,0.00987340324,2.96359158,-0.000254631042,1
797,8.079961,0.957609177,-1.00190878,0.966469049,-1.04325497,0.437008858,2.07253289,0.0183955189,2.95930052,-2.11741543,0.0540508032,9.41268349,0.0415325277,-0.0208008867,0.0183955189,2.96371365,-0.000254631042,1
798,8.090004,0.973114073,-0.953917563,0.943580985,-0.942842603,0.495576352,0.179554433,0.00561234495,2.96533489,-0.263670087,0.456414074,8.75884247,-0.00533910468,0.100639261,0.00561234495,2.96374416,-0.000254631042,1
799,8.100013,1.00117052,-0.935459435,0.94210434,-0.987880588,0.726748824,-1.25148952,-0.00717082852,2.96706295,1.10628116,0.933022976,9.48453426,-0.0809728801,0.121944554,-0.00717082852,2.96374416,-0.000254631042,1
800,8.109987,0.980497301,-0.944319308,0.985665619,-0.986403883,0.181788519,0.164704934,0.00348181627,2.96409869,-0.194214523,0.14985159,9.96832752,0.00744406879,0.0196791627,0.00348181627,2.96374416,-0.000254631042,1
801,8.119987,0.983450651,-0.975328982,0.959085763,-0.945796013,0.954912961,-1.23512971,0.00561234495,2.95935369,1.04161561,1.16294491,8.84985352,0.0969262794,-0.0921735987,0.00561234495,2.96374416,-0.000254631042,1
802,8.129963,0.970160723,-0.975328982,0.971637428,-0.987880588,0.21458441,1.17104506,0.030113427,2.95949221,-1.1905427,-0.00103464653,9.21629143,0.0362062082,-0.103891514,0.030113427,2.9638052,-0.000254631042,1
803,8.139960,0.931029379,-0.965730786,0.954655945,-0.973852336,0.826563716,0.954565167,-0.00930135697,2.96463704,-1.08516181,0.645620644,10.380271,-0.041558098,0.025005484,-0.00930135697,2.96377468,-0.000254631042,1
804,8.150007,0.994525611,-0.962777376,0.964992404,-1.01076865,1.02257049,-0.332778066,-0.0210192669,2.96754193,0.150668293,1.06474912,12.2891016,-0.107604496,0.08359503,-0.0210192669,2.96362209,-0.000254631042,1
805,8.159982,1.05949819,-0.930291057,0.985665619,-0.972375751,-0.661251068,-0.57756722,-0.0167582091,2.96498799,0.68475765,-0.549494147,10.4976273,-0.0468844213,0.0345928632,-0.0167582091,2.96353054,-0.000254631042,1
806,8.169981,1.04694664,-0.96942246,0.964992404,-0.91478622,0.729517877,-0.981121898,-0.00610556407,2.96000814,0.833248854,0.894702673,8.9576292,0.0628378168,-0.111348361,-0.00610556407,2.96337795,-0.000254631042,1
807,8.179967,1.00117052,-0.96942246,1.00560045,-0.953917563,0.405653924,0.53890425,0.01626499,2.95847225,-0.603762925,0.300737828,8.16487789,0.0862736329,-0.1251968,0.01626499,2.96334743,-0.000254631042,1
808,8.190000,0.925122857,-0.990833938,0.951702595,-0.939889371,-0.0405000187,0.467579395,0.0151997255,2.96242189,-0.452876657,-0.12318065,10.013833,0.0223577712,0.0218096916,0.0151997255,2.96337795,-0.000254631042,1
809,8.199985,0.934721053,-0.947272658,0.973114073,-0.972375751,0.971211195,0.345772415,0.0237218402,2.96840501,-0.507962108,0.897097707,10.7443142,-0.022383336,0.132597193,0.0237218402,2.96353054,-0.000254631042,1
810,8.209980,0.990095556,-0.902973056,0.936197698,-0.972375751,-0.229221702,-0.603811979,0.0226565767,2.96689773,0.634462237,-0.120785631,12.1837206,-0.057537064,0.138988778,0.0226565767,2.96383572,-0.000254631042,1
811,8.219967,0.90961796,-0.921431243,0.932506025,-0.941366017,-0.281771153,0.609210014,0.00241655181,2.96095943,-0.548677444,-0.38663283,10.4353571,0.0362062082,-0.0144093009,0.00241655181,2.96389675,-0.000254631042,1
812,8.229982,0.925122857,-0.942842603,0.911094666,-0.865318418,0.681198537,-0.876789629,0.0237218402,2.95770526,0.737448096,0.830037177,9.81744194,0.0702946708,-0.107087307,0.0237218402,2.9638052,-0.000254631042,1
813,8.239967,0.844645321,-0.904449761,0.920692921,-0.894851446,0.708904386,1.64100945,0.0279828981,2.96162796,-1.74139726,0.403723657,8.42833042,0.0170314498,-0.10921783,0.0279828981,2.96389675,-0.000254631042,1
814,8.250000,0.824710429,-0.887468219,0.864580154,-0.862365067,-0.127866521,0.53817147,0.00987340324,2.96783757,-0.507962108,-0.21898143,7.85592031,-0.0245138649,0.0313970707,0.00987340324,2.96404934,-0.000254631042,1
815,8.259985,0.908141434,-0.849813581,0.846121907,-0.8822999,0.954715967,0.15409939,-0.0135624148,2.96835375,-0.316360533,0.913862824,10.8353252,-0.00214331108,0.119814023,-0.0135624148,2.96420193,-0.000254631042,1
816,8.269986,0.881561637,-0.795915782,0.860150158,-0.821018875,0.920114756,-0.195795774,-0.0210192669,2.96371508,0.632067204,0.674360871,10.9670506,0.0159661844,0.0803992376,-0.0167582091,2.96404934,-0.000254631042,1
817,8.279961,0.898543119,-0.826925516,0.87417835,-0.832832038,1.14583647,0.0524275377,0.0120039321,2.95965934,0.32550472,1.58207333,10.7443142,0.0788167864,-0.012278772,0.0183955189,2.96389675,-0.000254631042,1
818,8.289981,0.821757138,-0.873439968,0.840215385,-0.832832038,0.430229634,-0.210432604,0.035439752,2.95964956,-0.591787815,0.135481477,9.72403622,0.0457935855,-0.104956776,0.035439752,2.9639883,-0.000254631042,1
819,8.299981,0.854243517,-0.905926406,0.895589769,-0.927337825,0.736825705,1.36220324,0.0194607824,2.96438408,-1.2432332,0.669570804,9.57554436,0.00637880433,-0.0772598982,0.00987340324,2.96423244,-0.000254631042,1
820,8.309966,0.97754401,-0.874916673,0.878608227,-0.92586112,0.760156691,0.667004645,-0.0242150594,2.96815205,-0.232534841,-0.00342966616,10.3682957,-0.0809728801,0.0218096916,-0.0295413826,2.964324,-0.000254631042,1
821,8.320008,0.997478843,-0.809943914,0.824710429,-0.921431243,0.959613979,-0.439824581,-0.046585612,2.96619987,-0.0600934289,0.772556663,10.6173782,-0.0628633872,0.0622897409,-0.046585612,2.9639883,-0.000254631042,1
822,8.329982,0.997478843,-0.7080549,0.809205592,-0.967207372,1.11321139,0.330776721,-0.0295413826,2.96159577,-0.524727225,1.03600883,8.98157978,-0.0426233634,0.0931824148,-0.0263455883,2.96359158,-0.000254631042,1
823,8.339978,0.990095556,-0.740541279,0.786317527,-0.896328092,1.2733413,0.0702263489,0.00561234495,2.95954561,-0.299595386,1.23958552,9.31927776,0.0031830112,0.0431149788,0.0141344611,2.96346951,-0.000254631042,1
824,8.349986,1.00855362,-0.775980949,0.750877798,-0.931767762,0.909498811,0.640007675,0.0482229255,2.96098375,-0.792969465,0.779741764,10.0066481,-0.0117306914,-0.0197356232,0.0471576601,2.96368313,-0.000254631042,1
825,8.359983,0.968684077,-0.760476053,0.71617651,-0.973852336,-0.494942605,1.91611278,0.0460923947,2.96441054,-1.79887772,-0.824921429,8.10979271,-0.00640436914,-0.0474324971,0.051418718,2.96401882,-0.000254631042,1
826,8.369981,0.994525611,-0.764906049,0.711746514,-0.924384594,0.144959182,1.05692446,0.0482229255,2.96614623,-1.06600165,-0.0417499803,10.3850613,-0.039427571,0.0452455096,0.0482229255,2.9645071,-0.000254631042,1
827,8.379978,1.01003039,-0.727989674,0.69181174,-1.0122453,0.337551892,1.28537405,0.030113427,2.96518779,-1.32466376,0.106741235,11.9657745,-0.057537064,0.119814023,0.030113427,2.96481228,-0.000254631042,1
828,8.389985,1.01446033,-0.729466379,0.721344769,-0.96130085,0.608613014,0.363845885,0.0524839833,2.96547532,-0.464851767,0.535449743,10.4018259,-0.00214331108,0.120879292,0.0524839833,2.96517849,-0.000254631042,1
829,8.399983,0.991572261,-0.712484896,0.741279602,-1.02775025,-0.609500825,1.02732646,0.0194607824,2.96354795,-0.903140366,-0.781811059,8.90254402,-0.010665427,0.0356581286,0.0194607824,2.96545315,-0.000254631042,1
830,8.409980,1.00264704,-0.764906049,0.762691081,-1.01519859,0.54763937,0.884755373,0.0130691966,2.96342516,-0.967805862,0.382168472,8.80674362,-0.0255791284,-0.133718923,0.0130691966,2.96551418,-0.000254631042,1
831,8.430006,0.990095556,-0.805513978,0.76785934,-0.921431243,0.358671367,2.61228371,-0.00717082852,2.96568394,-2.6347394,-0.104020491,11.2017632,-0.00214331108,-0.0431714393,-0.00717082852,2.96578884,-0.000254631042,1
832,8.439981,1.04251659,-0.761952758,0.748662829,-1.00929201,0.699557602,0.993048191,-0.0274108537,2.96687865,-1.09953201,0.516289592,12.5812941,-0.0245138649,0.0313970707,-0.0274108537,2.96563625,-0.000254631042,1
833,8.450005,0.991572261,-0.727989674,0.747186184,-0.952440858,-1.17239869,1.30982387,0.0120039321,2.96620774,-1.08516181,-1.38296103,10.9981861,-0.122518197,0.0953129455,0.0120039321,2.96569729,-0.000254631042,1
834,8.459989,1.04399335,-0.712484896,0.730204701,-1.04620838,0.104213081,0.166465282,-0.0156929437,2.9642458,-0.182239428,0.0732109621,7.64515877,-0.0958865881,0.072942391,-0.0156929437,2.96560574,-0.000254631042,1
835,8.469986,1.00264704,-0.706578195,0.71617651,-0.975328982,1.13301229,0.719012558,0.0130691966,2.96393132,-0.907930374,0.988108456,6.35663843,0.0095745977,0.0431149788,0.0130691966,2.96569729,-0.000254631042,1
836,8.479984,0.976067305,-0.706578195,0.711746514,-0.978282332,0.414801359,0.801945508,-0.00610556407,2.96469855,-0.862425029,0.267207563,8.8091383,0.0947957486,-0.0165398289,-0.00610556407,2.96578884,-0.000254631042,1
837,8.489986,1.01446033,-0.726513088,0.738326311,-0.96130085,1.12444258,0.678159952,0.01626499,2.96533489,-0.864820063,0.988108456,10.5215778,0.146993712,-0.0410409123,0.01626499,2.96572781,-0.000254631042,1
838,8.499962,0.963515699,-0.682951808,0.682213545,-1.02775025,0.380567908,1.07827604,0.0365050174,2.96549201,-1.12827218,0.185776889,10.0162287,0.0937304869,-0.0804556906,0.0365050174,2.96588039,-0.000254631042,1
839,8.509987,1.018152,-0.715438187,0.718391478,-1.02036691,-0.55831027,1.81257164,0.0226565767,2.96501279,-1.68631172,-0.8680318,11.7909374,-0.0277096573,-0.000560861954,0.0226565767,2.96618557,-0.000254631042,1
840,8.519984,1.01962852,-0.692550123,0.684428513,-1.01667535,-0.369099319,1.78039873,-0.000779241615,2.96624231,-1.68870676,-0.674035192,10.6916237,-0.109735027,0.0367233939,-0.000779241615,2.96633816,-0.000254631042,1
841,8.529959,1.03956342,-0.733896315,0.676306903,-1.04620838,0.275215656,-0.389228195,-0.048716139,2.96576285,0.335084796,0.339058131,11.6568165,-0.135301366,0.0558981523,-0.048716139,2.96618557,-0.000254631042,1
842,8.539985,1.06909645,-0.69993329,0.701409996,-1.02627361,0.253558517,1.25652504,-0.0412592888,2.96408844,-1.28155351,0.0277055893,9.95156288,-0.0639286488,-0.0293230023,-0.0412592888,2.96572781,-0.000254631042,1
843,8.549961,0.981974006,-0.709531605,0.667446911,-0.992310584,0.0109924106,0.594444692,-0.0380634964,2.96358252,-0.586997747,-0.0944404155,9.09654045,-0.0426233634,-0.0761946365,-0.0380634964,2.9653616,-0.000254631042,1
844,8.559978,1.08090973,-0.678521872,0.674830258,-1.02036691,-0.376429498,0.267369241,-0.0263455883,2.96387005,-0.196609542,-0.417768091,6.19377708,-0.0426233634,-0.106022038,-0.0263455883,2.96505642,-0.000254631042,1
845,8.569964,1.01150692,-0.691073418,0.64529717,-0.998217165,0.0455957316,0.383777827,-0.00717082852,2.96485543,-0.385816127,-0.0225898232,7.2523756,0.0031830112,-0.116674684,-0.00717082852,2.96487331,-0.000254631042,1
846,8.579979,1.00117052,-0.654157102,0.6098575,-1.0063386,-0.717253447,0.921400547,0.0183955189,2.96491671,-0.780994356,-0.8680318,11.4125242,0.0138356555,-0.0815209597,0.0183955189,2.9648428,-0.000254631042,1
847,8.589965,1.06097484,-0.595091045,0.581801116,-1.04620838,-0.767839313,1.02862775,0.0109386677,2.96399236,-0.876795113,-0.937487364,13.9344807,-0.0117306914,-0.0602156706,0.0109386677,2.96496487,-0.000254631042,1
848,8.600002,1.07795644,-0.633484006,0.62093246,-1.06023657,0.728076279,0.621877551,0.00241655181,2.96472478,-0.740279019,0.607300341,12.2220411,-0.110800289,-0.0261272099,0.00241655181,2.9650259,-0.000254631042,1
849,8.609977,1.05506825,-0.63200736,0.632745624,-1.0403018,-0.577245057,-0.173616156,-0.0103666214,2.96408844,0.272814304,-0.537519038,11.6616068,-0.167259291,0.0143528394,-0.0103666214,2.9650259,-0.000254631042,1
850,8.619998,1.11339617,-0.678521872,0.718391478,-1.01519859,1.38764644,0.187832564,-0.00717082852,2.96482086,-0.428926468,1.33299124,5.24534893,-0.0671244487,0.0122223105,-0.00717082852,2.96487331,-0.000254631042,1
851,8.629983,1.00412381,-0.685166776,0.660802066,-1.05875993,1.43158329,-0.220094532,-0.0338024385,2.96408844,-0.0361432321,1.44795227,7.77927971,0.00424827542,0.048441302,-0.0338024385,2.9648428,-0.000254631042,1
852,8.639987,1.02258193,-0.679998517,0.708793283,-0.990833938,0.107567839,0.482165217,-0.0210192669,2.96364355,-0.493591994,0.0205205306,11.2544537,0.0564462319,0.0527023599,-0.0210192669,2.96453762,-0.000254631042,1
853,8.650110,0.937674403,-0.856458545,0.810682297,-0.970899045,0.496991932,-0.600129008,-0.0220845304,2.9637394,0.502736151,0.595325232,11.7190876,0.058576759,-0.0378451198,-0.0220845304,2.96435452,-0.000254631042,1
854,8.660005,0.934721053,-0.823972225,0.790747523,-0.990833938,-0.806155205,-0.104433231,-0.0220845304,2.96237063,0.24646908,-0.774626017,12.3561621,-0.0170570128,-0.126262069,-0.0220845304,2.96401882,-0.000254631042,1
855,8.669978,0.956132531,-0.744971275,0.86605674,-0.956870914,-1.28238451,-0.57090205,-0.000779241615,2.96256232,0.790138543,-1.1602242,11.2161331,-0.0969518498,-0.173133701,-0.000779241615,2.9638052,-0.000254631042,1
856,8.679985,0.90961796,-0.859411776,0.863103449,-0.978282332,-0.0998381451,-0.320090443,-0.0391287617,2.96408844,0.332689762,-0.0417499803,8.18882847,-0.14275822,-0.0974999219,-0.0391287617,2.96362209,-0.000254631042,1
857,8.689960,1.01003039,-0.753092885,0.861626863,-0.99674046,0.242514342,-1.43436456,-0.0231497958,2.96557117,1.36973333,0.489944369,9.50848389,-0.171520352,-0.00695244875,-0.0231497958,2.96319485,-0.000254631042,1
858,8.699980,0.996002197,-0.839477003,0.889683127,-0.986403883,-0.533836126,-0.354636192,0.0215913113,2.96509171,0.442860663,-0.463273466,8.75405312,-0.13104032,-0.0271924734,0.0215913113,2.96319485,-0.000254631042,1
859,8.709997,0.94505769,-0.838000298,0.827663779,-0.891898096,1.06325901,-0.300291687,0.00987340324,2.96322536,0.287184417,0.0995561779,9.54440975,-0.0735160336,-0.0112135075,0.00987340324,2.96325588,-0.000254631042,1
860,8.719984,0.905188084,-0.840953648,0.75973779,-0.825448811,0.315155238,-0.86018616,0.00135128724,2.96217871,0.857199073,0.0492607653,9.75277615,0.0639030859,-0.0644767284,0.0066776094,2.96322536,-0.000254631042,1
861,8.729981,0.871225059,-0.768597662,0.714699864,-0.848336875,-0.317587256,-0.229544193,0.00774287386,2.96269274,0.641647279,0.29594779,12.7226,0.164037943,-0.0421061777,0.00348181627,2.96334743,-0.000254631042,1
862,8.739999,0.883038282,-0.67261529,0.747186184,-0.85793519,-0.0665585697,-1.03166556,-0.0210192669,2.96441054,-0.04093327,-0.590209484,11.5370655,0.128884211,-0.0250619445,-0.0295413826,2.96325588,-0.000254631042,1
863,8.749984,0.824710429,-0.753092885,0.782625914,-0.85793519,2.19561529,-0.478447199,-0.0295413826,2.96531796,1.23800719,0.897097707,11.5801764,0.0457935855,0.0015696669,-0.0199540015,2.96295071,-0.000254631042,1
864,8.760002,0.898543119,-0.74349463,0.851290226,-0.891898096,0.0729460791,-1.12466443,0.0290481634,2.96480417,0.770978391,0.480364293,9.02468967,-0.0969518498,0.0612244755,0.0375702791,2.96298122,-0.000254631042,1
865,8.769977,0.959085763,-0.866795123,0.915524542,-0.958347499,0.191991523,0.384296983,0.0727240071,2.96407175,0.13629818,0.0516557842,5.44892597,-0.15021506,0.0899866223,0.0769850686,2.96346951,-0.000254631042,1
866,8.779982,0.980497301,-0.904449761,0.915524542,-0.990833938,-0.0418945588,-0.503174782,0.0918987691,2.96557117,0.502736151,0.0468657464,6.20096207,-0.0564718023,0.136858255,0.0876377076,2.96420193,-0.000254631042,1
867,8.789957,1.05211484,-0.970899045,0.871225059,-0.992310584,1.06327534,-1.08272564,0.0503534526,2.96472478,0.878754258,1.23719049,11.5514355,0.0670988783,0.0782687142,0.0428966023,2.96487331,-0.000254631042,1
868,8.799980,0.973114073,-0.918477952,0.799607396,-1.06614316,-1.00734222,-1.82659101,0.0194607824,2.96421909,1.9756732,-0.669245124,16.2792053,0.0798820481,-0.0836514831,0.0141344611,2.96508694,-0.000254631042,1
869,8.809965,1.01150692,-0.873439968,0.954655945,-0.896328092,-1.07952297,-1.28911114,0.0492881909,2.96543097,1.45834899,-0.836896539,11.8579979,-0.069254972,-0.178460032,0.0492881909,2.96533108,-0.000254631042,1
870,8.819997,0.964992404,-0.956870914,0.91773957,-1.02479696,-0.508544326,1.24733496,0.0279828981,2.96729684,-1.14024734,-0.717145562,6.35663843,-0.204543546,-0.159285277,0.0279828981,2.96566677,-0.000254631042,1
871,8.829983,1.05949819,-0.973852336,1.10896611,-0.935459435,0.0918113068,0.436416268,0.098290354,2.96952081,-0.445691615,0.0157304909,4.46457291,-0.153410852,0.0015696669,0.098290354,2.96618557,-0.000254631042,1
872,8.839982,1.04694664,-1.07721806,0.915524542,-1.05285323,-0.840424359,0.96672529,0.0759197995,2.97071576,-0.809734583,-0.992572784,4.60587931,0.0511199087,0.115552969,0.0759197995,2.96716213,-0.000254631042,1
873,8.849986,1.02701199,-0.967207372,0.891159832,-0.891898096,-1.92495012,-0.269099623,0.0663324222,2.96875381,0.596141934,-1.84998977,12.6172199,0.155515835,0.121944554,0.0663324222,2.96768093,-0.000254631042,1
874,8.859960,0.871225059,-0.823972225,0.83061707,-0.970899045,-1.04199457,-1.30644059,0.0109386677,2.96656442,1.46792912,-0.798576176,15.9343214,0.0809473172,0.0708118603,0.0109386677,2.96801662,-0.000254631042,1
875,8.869957,1.01962852,-0.91478622,0.923646212,-0.913309634,-2.10002851,0.357578605,0.0194607824,2.96629357,0.0141521813,-2.13020706,14.937994,-0.0436886288,-0.0729988441,0.0194607824,2.96807766,-0.000254631042,1
876,8.879966,0.886729896,-0.931767762,0.939151108,-0.973852336,-1.38882971,0.883189082,-0.0295413826,2.96962476,-0.632503152,-1.51947713,8.45228004,-0.0649939179,-0.104956776,-0.0295413826,2.96798611,-0.000254631042,1
877,8.889963,1.01003039,-1.02627361,1.018152,-0.965730786,-0.346501142,0.691503584,0.00880813878,2.97161341,-0.622923076,-0.458483428,2.53897715,0.0340756811,-0.0484977625,0.00880813878,2.96792507,-0.000254631042,1
878,8.899959,1.13037753,-0.995263934,0.963515699,-0.986403883,0.886010766,0.056988921,-0.0178234726,2.97144818,-0.206189632,0.863567412,5.19984388,0.220496967,0.100639261,-0.0178234726,2.96804714,-0.000254631042,1
879,8.909957,0.91773957,-0.927337825,0.959085763,-0.913309634,-2.43560147,-0.336467654,-0.00184450613,2.96811748,0.75181824,-2.34096885,14.1763773,0.0862736329,0.110226646,-0.00184450613,2.96807766,-0.000254631042,1
880,8.919965,1.01446033,-0.773027658,0.857196808,-0.952440858,0.476141423,-0.50698024,-0.0359329656,2.96691322,0.41651547,0.557004929,14.8038721,-0.0287749227,0.0569634177,-0.0359329656,2.96783352,-0.000254631042,1
881,8.929961,0.928076148,-0.981235683,0.971637428,-0.911832988,-1.39166248,0.455378979,-0.0572382547,2.96498609,-0.203794599,-1.45002151,10.689229,-0.108669758,-0.0431714393,-0.0572382547,2.96749783,-0.000254631042,1
882,8.939958,1.06245148,-0.99674046,0.923646212,-0.947272658,-0.80745846,0.62833333,-0.0806740746,2.9677763,-0.47922188,-0.903957069,6.20814705,0.0180967133,-0.0538240857,-0.0806740746,2.9667654,-0.000254631042,1
883,8.950002,1.01150692,-0.982712388,0.960562468,-0.918477952,-0.958786011,-0.348106086,-0.0412592888,2.96907592,0.507526219,-0.884796917,4.67293978,0.175755858,-0.0293230023,-0.0412592888,2.96636868,-0.000254631042,1
884,8.959977,0.966469049,-0.930291057,0.851290226,-0.866795123,-0.412434787,-0.0441789813,-0.0476508774,2.96802139,0.114743009,-0.39860791,11.5873613,0.244998053,0.0665507987,-0.0476508774,2.96600246,-0.000254631042,1
885,8.969986,0.919216216,-0.817327261,0.915524542,-0.942842603,-1.50137389,0.42750892,-0.0423245542,2.96576285,-0.158289239,-1.55300736,14.0470467,0.146993712,0.0324623361,-0.0423245542,2.96566677,-0.000254631042,1
886,8.979961,0.902234733,-0.924384594,0.915524542,-0.979758978,-0.321672231,0.272618949,-0.0636298433,2.96256232,-0.21097967,-0.365077645,10.8425102,0.0106398622,0.0164833684,-0.0636298433,2.96520901,-0.000254631042,1
887,8.990001,0.990095556,-0.921431243,0.962039173,-0.92586112,-1.2496525,-0.918198228,-0.0135624148,2.96313763,1.12544131,-1.06681836,6.46441412,-0.0873644724,0.0825297683,-0.0135624148,2.96475124,-0.000254631042,1
888,8.999987,0.940627754,-0.953917563,0.90961796,-0.995263934,0.593659282,-0.558985412,0.000286022841,2.96741962,0.447650731,0.681545913,4.19633102,0.0511199087,0.0814645067,0.000286022841,2.96465969,-0.000254631042,1
889,9.010003,1.04547,-0.947272658,0.880084932,-0.935459435,-0.842224956,-1.5973717,0.0130691966,2.96696687,1.71940613,-0.551889181,9.41028786,0.158711627,0.136858255,0.0130691966,2.96478176,-0.000254631042,1
890,9.019977,0.957609177,-0.913309634,0.880084932,-0.871963322,-1.1208322,-1.03850484,-0.0444550812,2.96284223,1.22124207,-0.918327212,14.6793318,0.133145273,-0.0346493237,-0.0444550812,2.96462917,-0.000254631042,1
891,9.029988,0.94210434,-0.922907889,0.987142205,-0.939889371,0.507406056,-0.188070029,-0.0167582091,2.95971084,0.0931878313,0.533054709,13.8099394,0.0308798868,-0.0346493237,-0.0167582091,2.96426296,-0.000254631042,1
892,9.039963,0.94210434,-0.979758978,0.946534336,-0.964254081,-0.104802623,0.6595909,-0.0199540015,2.96130586,-0.630108118,-0.221376449,6.93623304,-0.0554065369,-0.0208008867,-0.0199540015,2.96411037,-0.000254631042,1
893,9.049979,0.968684077,-0.95022589,0.922169626,-0.93693608,0.106175795,-0.551059842,0.0279828981,2.96726227,0.524291337,0.200147003,4.70407486,0.0351409428,0.0857255608,0.0279828981,2.96404934,-0.000254631042,1
894,9.059964,0.951702595,-0.904449761,0.905188084,-0.953917563,-0.584346116,-0.607165933,0.0258523691,2.96766472,0.699127793,-0.470458508,6.39256334,0.12994948,0.0814645067,0.0258523691,2.96435452,-0.000254631042,1
895,9.070007,0.949487627,-0.894851446,0.895589769,-0.888944805,-0.343561411,0.531578064,0.00454708049,2.96384525,-0.462456733,-0.432138205,13.826704,0.120362096,-0.012278772,0.00454708049,2.96441555,-0.000254631042,1
896,9.079982,0.883038282,-0.896328092,0.934721053,-0.870486677,0.18934381,-0.0372555628,-0.00823609252,2.95859504,0.00217708293,0.192961946,13.158494,0.0127703911,-0.115609422,-0.00823609252,2.96420193,-0.000254631042,1
897,9.090002,0.915524542,-0.902973056,0.888206601,-0.894851446,1.40455067,1.03488219,-0.0167582091,2.95962262,-1.27197337,1.19408011,10.1455593,-0.0617981218,-0.107087307,-0.0167582091,2.96389675,-0.000254631042,1
898,9.099964,0.902234733,-0.92586112,0.929552794,-0.893374801,0.285810709,0.0126488097,0.0173302535,2.96562243,-0.0624884479,0.279182643,6.90988779,-0.00853489805,0.025005484,0.0173302535,2.96371365,-0.000254631042,1
899,9.109961,0.95317924,-0.877870023,0.886729896,-0.948749363,0.252858162,-0.0215312671,0.0460923947,2.9707427,-0.0217731129,0.252837449,5.614182,0.0511199087,0.107030854,0.0460923947,2.96411037,-0.000254631042,1
900,9.119978,0.922169626,-0.8822999,0.90961796,-0.891898096,-0.909251928,-0.748672903,0.0333092213,2.96662784,0.895519376,-0.765045941,9.62104988,0.109709457,0.119814023,0.0333092213,2.96456814,-0.000254631042,1
901,9.129988,0.902234733,-0.849813581,0.837262034,-0.894851446,-0.371328413,-0.844525456,-0.0210192669,2.95898819,0.89791441,-0.211796373,14.3104982,0.0287493579,-0.0186703578,-0.0210192669,2.96462917,-0.000254631042,1
902,9.139963,0.854243517,-0.876393318,0.895589769,-0.853505194,1.71379328,0.697973847,-0.0135624148,2.95654488,-0.986966074,1.47908747,12.3178425,-0.0458191559,-0.104956776,-0.0135624148,2.96423244,-0.000254631042,1
903,9.150000,0.864580154,-0.973852336,0.928076148,-0.865318418,0.898186982,-0.138818681,0.0226565767,2.96357226,0.0309173185,0.612090349,9.09893608,-0.0596675947,-0.0900430754,0.0226565767,2.96417141,-0.000254631042,1
904,9.159986,0.905188084,-0.902973056,0.940627754,-0.873439968,-0.19083187,0.757552683,0.0322439559,2.9702878,-0.843264878,0.906677783,7.22124052,-0.00640436914,0.0282012783,0.0365050174,2.96441555,-0.000254631042,1
905,9.170002,0.881561637,-0.904449761,0.923646212,-0.907403111,-0.472926527,0.519239545,0.0588755682,2.97083068,-0.0576984063,-0.113600567,6.9625783,0.058576759,0.131531939,0.0578103065,2.96493435,-0.000254631042,1
906,9.179976,0.94210434,-0.85793519,0.868271768,-0.89042151,-0.455757231,0.494564921,0.0397008099,2.96605277,0.0476824567,-0.274066895,10.162324,0.0511199087,0.113422439,0.0269176345,2.96548367,-0.000254631042,1
907,9.190004,0.869748354,-0.871963322,0.880084932,-0.907403111,-0.240401104,-0.515430748,-0.00930135697,2.95814228,0.0333123393,-1.00694287,13.2327394,-0.0532760061,0.0345928632,-0.0210192669,2.9655447,-0.000254631042,1
908,9.199977,0.868271768,-0.911832988,0.881561637,-0.835047007,1.5987674,0.181420088,-0.0263455883,2.9583931,-0.292410344,1.55333304,11.6017313,-0.0649939179,-0.0410409123,-0.0167582091,2.96520901,-0.000254631042,1
909,9.209985,0.864580154,-0.930291057,0.900019765,-0.941366017,0.827151597,-0.0339960828,0.0226565767,2.96677303,-0.0313531905,0.578560114,8.53610611,-0.0756465644,0.0164833684,0.0258523691,2.96511745,-0.000254631042,1
910,9.219960,0.90961796,-0.885991573,0.91773957,-0.831355333,-0.36753881,0.670481086,0.0311786924,2.97230339,-0.598972857,-0.475248545,6.81169176,0.0394020006,0.0313970707,0.0333092213,2.96548367,-0.000254631042,1
911,9.229958,0.91773957,-0.869009972,0.877131641,-0.897804797,-0.284168839,0.258791685,0.0141344611,2.96913934,-0.206189632,-0.324362308,7.41523695,0.0969262794,0.0292665418,0.00774287386,2.96581936,-0.000254631042,1
912,9.240002,0.906664729,-0.880823314,0.895589769,-0.840953648,-1.70202887,-0.528993309,-0.0124971503,2.96102047,0.826063812,-1.57935262,10.0617332,0.0500546433,-0.0367798544,-0.0199540015,2.96584988,-0.000254631042,1
913,9.250053,0.846121907,-0.883776605,0.871225059,-0.916262865,0.270676434,-0.35750404,-0.0455203466,2.95641422,0.301554531,0.331873059,11.2807989,-0.0341012478,-0.0687377825,-0.048716139,2.96545315,-0.000254631042,1
914,9.259959,0.861626863,-0.91478622,0.881561637,-0.848336875,0.549405575,-0.2811988,0.0141344611,2.96347642,0.179408535,0.590535164,11.2089481,-0.118257143,-0.0325187966,0.0141344611,2.96514797,-0.000254631042,1
915,9.269984,0.871225059,-0.894851446,0.883038282,-0.877870023,0.0944194719,0.287784636,0.0120039321,2.97192764,-0.299595386,0.0444707274,9.62823486,-0.101212911,0.0175486337,0.0120039321,2.96533108,-0.000254631042,1
916,9.279957,0.970160723,-0.835047007,0.94505769,-0.869009972,-0.209058449,0.580940843,0.00987340324,2.96996784,-0.536702335,-0.305202127,7.45355701,-0.0362317748,0.072942391,0.00987340324,2.96548367,-0.000254631042,1
917,9.289985,0.926599503,-0.879346609,0.841691971,-0.848336875,-0.822169483,0.932925701,-0.0135624148,2.96482325,-0.773809314,-0.973412633,6.33268785,0.0724252015,0.0750729144,-0.0135624148,2.96551418,-0.000254631042,1
918,9.299958,0.829140425,-0.869009972,0.877131641,-0.891898096,0.558613122,-0.866427422,-0.0455203466,2.95734835,0.749423206,0.707891166,9.87252712,0.00744406879,0.0601592101,-0.0455203466,2.96505642,-0.000254631042,1
919,9.309988,0.849075198,-0.853505194,0.861626863,-0.835047007,0.562663436,0.388244659,-0.0263455883,2.9588902,-0.484011918,0.482759297,13.0076075,-0.0820381492,-0.0197356232,-0.0263455883,2.96465969,-0.000254631042,1
920,9.319980,0.778195918,-0.89042151,0.840215385,-0.809943914,1.67804039,0.870753467,-0.0274108537,2.96645093,-1.14982736,1.50064266,11.5059309,-0.112930819,-0.0325187966,-0.0274108537,2.96441555,-0.000254631042,1
921,9.329967,0.931029379,-0.825448811,0.869748354,-0.82249552,0.519446611,0.853017151,-0.0114318859,2.96918178,-0.929485559,0.365403324,9.69769096,-0.0639286488,0.0505718328,-0.0114318859,2.96426296,-0.000254631042,1
922,9.339983,0.823233843,-0.791485727,0.858673453,-0.804037392,-0.0823255256,0.445453614,-0.0146276793,2.96545959,-0.42413643,-0.159105942,8.09302711,0.0319451503,0.0697465986,-0.0146276793,2.96420193,-0.000254631042,1
923,9.349957,0.849075198,-0.829878747,0.837262034,-0.802560687,0.585704088,0.157763824,-0.0316719115,2.95939851,-0.261275083,0.547424853,8.49060059,0.0873389021,0.0995739996,-0.0316719115,2.96383572,-0.000254631042,1
924,9.359981,0.80625236,-0.788532436,0.80625236,-0.809943914,0.314998299,-0.538578629,-0.0210192669,2.95697284,0.47160092,0.408513695,9.89887238,0.0724252015,0.0260707494,-0.0210192669,2.96340847,-0.000254631042,1
925,9.369966,0.739802957,-0.839477003,0.813635588,-0.795915782,1.2354784,0.170900241,-0.00397503516,2.96051216,-0.390606165,1.1845001,11.9490089,-0.0117306914,-0.0548893511,-0.00397503516,2.96319485,-0.000254631042,1
926,9.379982,0.826187134,-0.826925516,0.829140425,-0.787055731,0.969816506,0.192365378,0.0237218402,2.96530032,-0.359470904,0.921047866,11.1442823,-0.0500802137,-0.0772598982,0.0237218402,2.9632864,-0.000254631042,1
927,9.389957,0.80625236,-0.809943914,0.826187134,-0.795915782,0.477830559,0.246617481,0.01626499,2.96683645,-0.325940639,0.427673846,10.4018259,-0.0372970402,-0.0250619445,0.01626499,2.96343899,-0.000254631042,1
928,9.399966,0.846121907,-0.838000298,0.832093716,-0.800345719,-0.0120981764,0.749497294,0.0066776094,2.96342731,-0.735489011,-0.144735828,9.01990032,-0.039427571,0.038853921,0.0066776094,2.96362209,-0.000254631042,1
929,9.409962,0.91773957,-0.848336875,0.875654936,-0.842430294,0.785528302,-0.304720372,0.00454708049,2.96000814,0.157853365,0.827642143,7.10388422,-0.0255791284,0.107030854,0.00454708049,2.96365261,-0.000254631042,1
930,9.419960,0.827663779,-0.8822999,0.793700755,-0.845383644,0.0581207648,0.216007724,0.0141344611,2.95986795,-0.222954765,0.0181255098,8.82590389,-0.0500802137,0.0974434689,0.0141344611,2.96365261,-0.000254631042,1
931,9.429957,0.851290226,-0.859411776,0.840215385,-0.848336875,1.16838431,-0.693090081,0.0226565767,2.96259689,0.473995924,1.27311575,10.6269579,0.00105248217,-0.0144093009,0.0226565767,2.96374416,-0.000254631042,1
932,9.439966,0.843168676,-0.883776605,0.823233843,-0.815850556,-0.553380191,-0.0270882323,0.0290481634,2.96418428,0.124323085,-0.539914072,13.1992092,-0.0298401862,-0.127327323,0.0290481634,2.9639883,-0.000254631042,1
933,9.449962,0.816588879,-0.859411776,0.891159832,-0.758999407,0.566347361,0.782485247,0.0269176345,2.96547532,-0.869610071,0.420488805,11.0556669,-0.0596675947,-0.136914715,0.0269176345,2.96414089,-0.000254631042,1
934,9.459959,0.857196808,-0.859411776,0.837262034,-0.869009972,0.40194872,1.06437588,0.0120039321,2.96376634,-1.11869216,0.20733206,8.7612381,-0.094821319,-0.061280936,0.0120039321,2.96426296,-0.000254631042,1
935,9.469968,0.940627754,-0.888944805,0.877131641,-0.815850556,-0.139182061,0.24670355,0.0247871056,2.96360898,-0.218164727,-0.180661112,6.78774166,-0.106539227,0.0750729144,0.0247871056,2.96435452,-0.000254631042,1
936,9.480005,0.852766812,-0.876393318,0.815112174,-0.859411776,0.324015111,0.144188255,0.030113427,2.96453333,-0.199004561,0.293552756,6.48836422,-0.0138612203,0.113422439,0.030113427,2.96465969,-0.000254631042,1
937,9.489980,0.881561637,-0.919954538,0.809205592,-0.829878747,-0.283248335,-1.12421119,0.0066776094,2.96389675,1.15657651,-0.0800702944,11.4939556,0.0500546433,0.0527023599,0.0066776094,2.96490383,-0.000254631042,1
938,9.499999,0.790747523,-0.852028489,0.820280552,-0.81142056,-0.751767516,-0.046348013,-0.00823609252,2.96265817,0.179408535,-0.731515646,13.503377,0.102252603,-0.0868472829,-0.00823609252,2.96487331,-0.000254631042,1
939,9.509998,0.826187134,-0.821018875,0.824710429,-0.771550953,-0.461085111,0.107587598,0.0066776094,2.96342516,-0.0241681337,-0.472853541,11.7310619,-0.00853489805,-0.118805215,0.0066776094,2.96490383,-0.000254631042,1
940,9.520006,0.761214435,-0.894851446,0.852766812,-0.835047007,-0.544569552,1.20689261,-0.0135624148,2.96485543,-1.09234691,-0.748280764,9.52045918,-0.0404928327,-0.0442367047,-0.0135624148,2.96499538,-0.000254631042,1
941,9.529980,0.891159832,-0.843906999,0.855720162,-0.845383644,0.3707937,-0.78746587,0.0247871056,2.96703601,0.711102903,0.501919448,7.78167486,-0.0862992033,0.0558981523,0.0247871056,2.96496487,-0.000254631042,1
942,9.539967,0.860150158,-0.876393318,0.849075198,-0.85498184,-0.300597608,1.80196369,0.0194607824,2.96680951,-1.72223711,-0.609369636,6.08600092,0.0159661844,0.0931824148,0.0194607824,2.96520901,-0.000254631042,1
943,9.550008,0.860150158,-0.877870023,0.851290226,-0.845383644,0.120621577,-0.958472073,-0.0156929437,2.96322536,0.921864629,0.288762718,12.0280447,0.0660336092,0.0825297683,-0.0156929437,2.96530056,-0.000254631042,1
944,9.559983,0.861626863,-0.828402102,0.869748354,-0.873439968,-1.94737303,1.11338806,-0.00610556407,2.9607923,-0.745069087,-2.1158371,14.4733601,-0.0202528071,-0.0495630279,-0.00610556407,2.96508694,-0.000254631042,1
945,9.569982,0.851290226,-0.953917563,0.878608227,-0.808467269,1.20356739,-0.323268622,-0.0135624148,2.96175075,0.102767907,1.24198055,11.6640015,-0.106539227,-0.0729988441,-0.0135624148,2.96481228,-0.000254631042,1
946,9.580032,0.914047897,-0.887468219,0.929552794,-0.907403111,-1.22843587,0.566681981,0.0130691966,2.96549201,-0.342705756,-1.30871534,9.31927776,-0.16832456,-0.0261272099,0.0130691966,2.96475124,-0.000254631042,1
947,9.589961,0.911094666,-0.964254081,0.885253191,-0.865318418,-0.65227288,0.812396526,0.0141344611,2.96773386,-0.673218489,-0.863241732,4.9028616,-0.0404928327,0.0260707494,0.0141344611,2.96490383,-0.000254631042,1
948,9.599985,0.998955548,-0.910356343,0.897066414,-0.918477952,-1.98308468,1.12948036,0.00135128724,2.96578956,-1.04444647,-0.578234375,6.99371338,0.0521851741,0.0857255608,0.00135128724,2.96496487,-0.000254631042,1
949,9.609961,0.932506025,-0.990833938,0.928076148,-0.89042151,-0.337801397,-0.661389112,-0.0327371769,2.96195245,0.220123872,-0.195031241,11.1490726,0.132080004,0.0601592101,-0.0423245542,2.96478176,-0.000254631042,1
950,9.620003,0.94505769,-0.959824145,0.922169626,-0.918477952,-0.131345347,-0.284898549,-0.0412592888,2.95980644,-0.131944016,-0.614159703,14.3488188,0.0244883001,-0.0836514831,-0.036998231,2.964324,-0.000254631042,1
951,9.629979,0.997478843,-1.00190878,0.940627754,-0.880823314,-1.41609919,0.878816903,-0.00397503516,2.96149778,0.268024266,-1.3422457,10.4425421,-0.129975051,-0.147567362,-0.0135624148,2.96417141,-0.000254631042,1
952,9.639987,0.883038282,-0.965730786,0.959085763,-0.972375751,-1.804667,1.65800607,-0.0274108537,2.96495152,0.521896303,-1.10753369,6.64164543,-0.117191873,-0.0900430754,-0.0295413826,2.96401882,-0.000254631042,1
953,9.649961,1.07647979,-0.999693871,1.00412381,-0.900758088,-0.109563932,1.58829355,-0.0114318859,2.96671391,-0.694773674,0.832432151,5.1639185,-0.031970717,0.0228749551,-0.00930135697,2.9638052,-0.000254631042,1
954,9.660008,1.02553523,-1.04325497,0.970160723,-0.982712388,-1.16303134,0.726510108,-0.0433898196,2.96457767,0.39256525,0.197751984,6.97455311,0.121427365,0.10170453,-0.0497814044,2.96356106,-0.000254631042,1
955,9.669983,0.968684077,-0.964254081,0.957609177,-0.902973056,-1.80485082,0.14908807,-0.0401940234,2.95994687,0.179408535,-2.6044209,15.2421608,0.107578926,0.0399191864,-0.0359329656,2.96304226,-0.000254631042,1
956,9.679979,0.844645321,-1.00929201,0.95317924,-0.95022589,-1.03799868,-0.114059784,-0.048716139,2.95808864,0.301554531,-0.999757826,15.0912752,-0.031970717,-0.0410409123,-0.0444550812,2.96255398,-0.000254631042,1
957,9.689979,0.980497301,-0.922907889,0.959085763,-0.873439968,-0.329512119,0.213992834,-0.0274108537,2.96038198,-0.151104167,-0.362682641,11.7574072,-0.128909782,-0.127327323,-0.0210192669,2.96218777,-0.000254631042,1
958,9.699965,0.91773957,-1.01889026,1.01962852,-0.99674046,-1.00267029,0.846582353,-0.0284761172,2.96428037,-0.656453311,-1.13627398,4.80466557,-0.0298401862,-0.0698030517,-0.0284761172,2.96203518,-0.000254631042,1
959,9.710005,1.03291845,-1.04768503,1.00560045,-0.93693608,0.48819989,1.37515342,-0.00610556407,2.96461225,-1.43962479,0.238467321,5.54951668,0.0852083713,0.0154181039,-0.00610556407,2.96191311,-0.000254631042,1
960,9.719980,0.957609177,-0.953917563,0.979020655,-0.992310584,-0.488547236,0.678329289,-0.0295413826,2.96143842,-0.579812706,-0.602184594,12.0663652,0.0841431096,0.113422439,-0.0295413826,2.96182156,-0.000254631042,1
961,9.729981,1.00117052,-0.965730786,0.97754401,-0.976805627,0.113624267,-0.235228077,-0.0220845304,2.95808077,0.210543796,0.154641628,13.5800171,-0.0703202412,0.0580286831,-0.0220845304,2.96151638,-0.000254631042,1
962,9.739957,0.973114073,-0.990833938,0.946534336,-0.998217165,-1.11842585,0.569772482,0.00880813878,2.95888257,-0.35707587,-1.20333457,11.8388386,-0.197086707,-0.0421061777,0.00880813878,2.96139431,-0.000254631042,1
963,9.749964,0.911094666,-1.06983483,0.97754401,-0.944319308,-0.528882682,-0.0636918992,-0.00397503516,2.96060038,0.157853365,-0.508778811,6.97455311,-0.129975051,-0.0974999219,-0.00397503516,2.96139431,-0.000254631042,1
964,9.759960,1.03956342,-1.06171322,1.00117052,-0.982712388,-0.650990665,1.37949276,-0.0146276793,2.96179509,-1.24083817,-0.887191951,4.56516361,0.0628378168,-0.0708683133,-0.0146276793,2.96124172,-0.000254631042,1
965,9.769997,0.957609177,-1.07426476,0.993048966,-0.965730786,-0.545637488,-0.813475132,-0.00823609252,2.9618566,0.89791441,-0.391422868,8.84745884,0.178951651,0.00263493136,-0.00823609252,2.96115017,-0.000254631042,1
966,9.779984,1.02258193,-0.986403883,0.976067305,-1.02775025,-0.297737807,-0.329904079,-0.00504029961,2.96023464,0.378195137,-0.233351558,13.8410749,0.0095745977,0.0196791627,-0.00504029961,2.96099758,-0.000254631042,1
967,9.789982,0.966469049,-0.982712388,1.00560045,-1.02627361,-0.911051869,0.531684458,-0.00397503516,2.95865607,-0.35707587,-0.992572784,13.8698149,-0.141692951,0.00370019581,-0.00397503516,2.96087551,-0.000254631042,1
968,9.799968,1.05949819,-1.06466651,1.02701199,-1.00190878,0.779635787,-0.495993257,0.00135128724,2.96002507,0.347059906,0.85638237,11.2352934,-0.174716145,-0.0580851436,0.00135128724,2.96075344,-0.000254631042,1
969,9.809978,1.01003039,-1.10527444,1.02701199,-1.03882527,-0.905959427,1.71153617,-0.0103666214,2.96106267,-1.52105546,-1.1985445,5.68124247,-0.0820381492,-0.0154745653,-0.0103666214,2.96066189,-0.000254631042,1
970,9.819965,1.05949819,-1.11561096,1.02701199,-0.99674046,1.61253583,-0.148994401,-0.00184450613,2.96195245,-0.141524091,1.61320853,5.58304691,0.133145273,0.0409844518,-0.00184450613,2.96053982,-0.000254631042,1
971,9.829999,1.03144181,-1.01667535,1.00117052,-0.975328982,-2.62599063,1.62245059,0.00774287386,2.96067929,-1.12348211,-2.87505817,13.3788357,0.0958610177,0.0505718328,0.00774287386,2.96053982,-0.000254631042,1
972,9.839984,0.993048966,-1.03218019,0.983450651,-1.06318986,0.0252652541,-0.976301312,-0.0263455883,2.95856023,0.955394864,0.202542022,14.8781185,-0.0159917492,-0.0133440364,-0.0263455883,2.96029568,-0.000254631042,1
973,9.849978,1.03291845,-1.0233202,1.04251659,-0.96942246,-0.227938801,0.62944001,0.0258523691,2.95849895,-0.577417672,-0.338732421,11.5131159,-0.0937560573,-0.116674684,0.0258523691,2.96023464,-0.000254631042,1
974,9.859965,0.954655945,-1.06171322,1.01003039,-0.998217165,-0.404267222,0.931833267,-0.00823609252,2.95958042,-0.843264878,-0.566259325,6.38058853,-0.0277096573,-0.0580851436,-0.00823609252,2.96029568,-0.000254631042,1
975,9.869997,1.07795644,-1.05728328,1.03144181,-1.01889026,1.97259164,-0.0836263448,-0.0103666214,2.96160364,-0.270855159,1.95569634,6.74463129,0.138471603,-0.0303882677,-0.0103666214,2.96023464,-0.000254631042,1
976,9.879983,0.971637428,-1.02184355,0.97754401,-1.02036691,-1.20285904,1.76363552,0.0141344611,2.96083665,-1.51866043,-1.50031698,12.8375616,0.0415325277,0.0867908299,0.0141344611,2.96029568,-0.000254631042,1
977,9.889980,0.985665619,-0.955394268,1.00560045,-1.03070354,-0.193288133,-0.619244456,0.0120039321,2.95906615,0.644042313,-0.0776752755,11.9011087,-0.0884297341,0.025005484,0.0120039321,2.96044827,-0.000254631042,1
978,9.899967,1.01962852,-1.02184355,0.963515699,-1.03882527,0.972093284,0.112990916,0.0109386677,2.95900488,-0.287620306,0.93541801,10.4090118,-0.140627682,-0.012278772,0.0109386677,2.96060085,-0.000254631042,1
979,9.910008,0.970160723,-1.06466651,1.01962852,-0.975328982,-0.56966877,-0.362178594,0.00774287386,2.95894384,0.45962581,-0.494408697,7.33859634,-0.0213180706,-0.0900430754,0.00774287386,2.96060085,-0.000254631042,1
980,9.919983,1.0565449,-1.06983483,1.01150692,-0.987880588,0.673756301,0.48069939,-0.0135624148,2.96050429,-0.594182849,0.57616508,6.3063426,0.206648529,-0.0293230023,-0.0135624148,2.9605093,-0.000254631042,1
981,9.929979,0.968684077,-0.990833938,0.996002197,-0.947272658,-0.971030354,0.354877651,0.00348181627,2.96135068,-0.175054371,-1.01891804,12.0711546,0.0969262794,0.0473760366,0.00348181627,2.96041775,-0.000254631042,1
982,9.939977,1.01446033,-1.02479696,1.00412381,-1.06171322,0.296032965,-0.253358692,0.0226565767,2.96131611,0.196173668,0.336663097,11.8196783,-0.0213180706,0.0260707494,0.0226565767,2.96057034,-0.000254631042,1
983,9.949984,1.04251659,-1.02627361,1.01593697,-1.01372206,0.482284635,-0.01955886,0.0418313369,2.96122003,-0.0672784895,0.477969259,10.928731,-0.140627682,0.000504402502,0.0418313369,2.96084499,-0.000254631042,1
984,9.959980,0.990095556,-1.01667535,0.998955548,-0.987880588,-0.876229286,0.312508464,0.0247871056,2.95954561,-0.148709148,-0.918327212,9.77672672,-0.0862992033,-0.0357145891,0.0247871056,2.96115017,-0.000254631042,1
985,9.969979,1.06540489,-1.06171322,1.00560045,-0.995263934,0.842176676,0.215530768,-0.00504029961,2.95977187,-0.364260942,0.78932184,6.48117924,0.116101041,-0.0644767284,-0.00504029961,2.96127224,-0.000254631042,1
986,9.979988,0.939151108,-1.00781524,0.966469049,-0.959824145,-0.0735442936,0.819356263,0.0141344611,2.96167278,-0.792969465,-0.21898143,11.3526487,0.0862736329,-0.00695244875,0.0141344611,2.96118069,-0.000254631042,1
987,9.989985,0.954655945,-0.953917563,0.926599503,-1.01667535,0.0552504547,-0.820201874,0.0343744867,2.96291113,0.797323585,0.200147003,13.0794582,0.0521851741,-0.0186703578,0.0343744867,2.96130276,-0.000254631042,1
988,9.999982,0.966469049,-0.945796013,0.94210434,-0.933244407,0.765405715,-0.298073798,0.0322439559,2.96360898,0.157853365,0.806086957,10.8904104,-0.057537064,-0.0580851436,0.0322439559,2.96176052,-0.000254631042,1
989,10.030008,1.0351336,-0.931767762,0.959085763,-0.96942246,-0.839536071,1.16446018,0.0322439559,2.96275425,-0.996546149,-1.03328812,8.29181385,0.201322213,0.111291908,0.0322439559,2.96227932,-0.000254631042,1
990,10.039983,0.94505769,-0.978282332,0.954655945,-0.993787229,0.2517142,-0.259117484,0.0247871056,2.96389675,0.210543796,0.293552756,11.8723688,0.06816414,0.152837217,0.0247871056,2.9625845,-0.000254631042,1
991,10.049980,1.06245148,-0.921431243,0.993048966,-1.0063386,-0.521894157,-1.08886659,0.0258523691,2.96455121,1.16376162,-0.321967304,12.8495369,-0.105473965,0.109161377,0.0258523691,2.96288967,-0.000254631042,1
992,10.059982,1.01962852,-1.05875993,0.970160723,-1.02922678,-0.824925363,-0.77570653,0.00880813878,2.96249294,0.581771791,-0.0249848422,11.0891972,-0.0788423568,-0.00588718429,0.00880813878,2.96307278,-0.000254631042,1
993,10.069968,1.05506825,-1.12373269,1.03144181,-1.03587186,0.281171083,0.54534781,0.00561234495,2.96090579,-0.958225787,-0.362682641,7.75293446,0.06816414,-0.0666072592,0.00561234495,2.96307278,-0.000254631042,1
994,10.080002,1.07500315,-1.08829296,1.02110529,-1.0233202,0.210327312,-0.269398183,-0.00823609252,2.96127129,-0.83847481,1.06953907,6.08600092,0.156581104,-0.0431714393,-0.0135624148,2.96304226,-0.000254631042,1
995,10.089977,1.00117052,-1.05728328,1.01593697,-1.02479696,-0.294902414,0.680954754,0.0322439559,2.96396613,0.0093621416,-0.836896539,10.8880157,0.0521851741,0.0452455096,0.0397008099,2.96316433,-0.000254631042,1
996,10.099984,1.0676198,-0.995263934,0.974590659,-1.07426476,-0.721889913,-0.472886562,0.0439618677,2.96659112,0.656017423,-0.559074223,14.4015093,-0.0479496866,-0.00695244875,0.0365050174,2.96362209,-0.000254631042,1
997,10.109959,1.01298368,-1.03587186,1.03808689,-0.990833938,0.358834654,1.07722723,0.00774287386,2.96518779,-1.12348211,0.164221704,11.0604572,-0.0873644724,-0.059150409,0.0141344611,2.9638052,-0.000254631042,1
998,10.119998,1.07352638,-1.07278812,1.02110529,-0.975328982,-0.39744404,0.659018457,0.00774287386,2.96198702,-0.780994356,-1.1913594,5.96146011,0.0521851741,-0.0527588204,-0.00504029961,2.96395779,-0.000254631042,1
999,10.129984,0.998955548,-1.0506382,1.00264704,-0.987880588,0.762297571,-0.27400133,0.00241655181,2.96259689,0.133903161,0.798901916,4.28015661,0.220496967,0.0708118603,0.0066776094,2.96389675,-0.000254631042,1
1000,10.140006,1.00117052,-0.999693871,0.964992404,-1.01667535,-0.436036855,-0.406087816,0.0343744867,2.96495152,0.476390958,-0.357892603,12.6148243,0.170429543,0.115552969,0.0279828981,2.96411037,-0.000254631042,1
1001,10.149980,1.02110529,-0.959824145,0.936197698,-0.993787229,0.0580888763,-0.0781569928,-0.00397503516,2.96649528,0.0668426156,0.0708159432,13.7117434,0.0692294016,0.0580286831,-0.000779241615,2.96423244,-0.000254631042,1
1002,10.160001,1.02405858,-0.99674046,1.05359161,-1.01519859,-0.56090194,-0.02763981,-0.00610556407,2.96322536,0.126718104,-0.547099113,10.9933958,-0.0554065369,0.0154181039,-0.00610556407,2.96429348,-0.000254631042,1
1003,10.169987,1.0351336,-0.999693871,1.00560045,-0.962777376,0.823155403,-0.743079066,-0.00184450613,2.9620831,0.584166825,0.942603052,5.6381321,-0.00853489805,-0.0303882677,-0.00184450613,2.96417141,-0.000254631042,1
1004,10.180006,1.03956342,-1.03882527,1.02701199,-0.984188974,1.02048528,0.346325248,0.00987340324,2.96275425,-0.522332251,0.942603052,5.02261209,0.128884211,-0.00269139092,0.00987340324,2.96429348,-0.000254631042,1
1005,10.189980,0.985665619,-0.984188974,0.960562468,-0.953917563,-0.863833547,1.40545022,0.00241655181,2.96447182,-1.23125803,-1.09795368,10.4473314,0.178951651,0.0942476764,0.00241655181,2.96438503,-0.000254631042,1
1006,10.199985,0.993048966,-0.945796013,0.951702595,-0.964254081,-0.314134359,-1.02403462,0.00987340324,2.96595478,1.06317079,-0.1303657,14.6577759,0.0745557249,0.00902651716,0.00987340324,2.96453762,-0.000254631042,1
1007,10.209959,0.976067305,-0.95022589,0.957609177,-0.975328982,-0.0636773631,-0.158662796,-0.00290977047,2.96351337,0.167433441,-0.0345649198,13.4243412,-0.0788423568,-0.098565191,-0.00290977047,2.96462917,-0.000254631042,1
1008,10.219983,1.02405858,-0.986403883,1.02553523,-0.964254081,0.663128614,-0.122587755,-0.0114318859,2.96202183,0.00217708293,0.674360871,7.70742941,-0.0330359787,-0.1251968,-0.0114318859,2.9645071,-0.000254631042,1
1009,10.229957,0.964992404,-1.01519859,1.02701199,-0.927337825,1.58503544,0.024556404,0.0109386677,2.96387005,-0.304385424,1.55572808,3.56165051,0.184277982,-0.0687377825,0.0109386677,2.96441555,-0.000254631042,1
1010,10.239980,0.962039173,-0.93693608,0.919216216,-0.933244407,0.940274537,1.03040624,0.0418313369,2.96633816,-1.17856765,0.746211469,8.97200012,0.203452736,0.157098278,0.0418313369,2.96465969,-0.000254631042,1
1011,10.249966,0.948010981,-0.900758088,0.929552794,-0.92881453,-0.704115808,-0.111419469,0.0269176345,2.96690559,0.232098967,-0.674035192,13.8554449,0.148058981,0.151771948,0.0269176345,2.9650259,-0.000254631042,1
1012,10.259978,0.966469049,-0.910356343,0.957609177,-0.921431243,1.19192672,-1.05708313,0.00348181627,2.96470833,0.830853879,1.3593365,15.2014456,-0.0255791284,0.0473760366,0.00348181627,2.96514797,-0.000254631042,1
1013,10.269981,0.964992404,-0.939889371,0.987142205,-0.962777376,0.086173825,-0.0156386085,-0.000779241615,2.95958042,-0.0002179367,0.0875810832,11.7334576,-0.149149805,-0.141175777,-0.000779241615,2.96514797,-0.000254631042,1
1014,10.279968,0.932506025,-0.998217165,1.01298368,-0.913309634,1.71543574,-0.359829038,0.0226565767,2.96203828,0.0476824567,1.75211966,4.24423122,-0.0234485995,-0.177394763,0.0226565767,2.96520901,-0.000254631042,1
1015,10.290005,0.943580985,-1.04177845,0.959085763,-0.96942246,0.431122124,0.481425881,0.0397008099,2.96793342,-0.548677444,0.341453135,4.33763695,0.0319451503,0.0420497172,0.0397008099,2.96560574,-0.000254631042,1
1016,10.299979,0.962039173,-0.883776605,0.91773957,-0.959824145,0.162891969,0.397303432,0.0151997255,2.96931243,-0.419346392,0.092371121,10.5000219,0.0820125788,0.179468825,0.0151997255,2.96584988,-0.000254631042,1
1017,10.310002,0.95317924,-0.902973056,0.926599503,-0.96130085,0.608472943,-0.953864813,-0.00717082852,2.96645284,0.833248854,0.765371621,13.8171244,0.0447283238,0.166685656,-0.00717082852,2.96597195,-0.000254631042,1
1018,10.319978,0.954655945,-0.947272658,0.905188084,-0.927337825,-0.287245214,-1.6905086,-0.0242150594,2.96131611,1.71461606,0.0205205306,13.9416656,-0.117191873,-0.0463672355,-0.0242150594,2.96578884,-0.000254631042,1
1019,10.329998,0.931029379,-0.976805627,0.971637428,-0.902973056,1.40930581,-0.13071838,0.000286022841,2.95914316,-0.127153978,1.40963185,8.68938732,-0.0756465644,-0.149697885,0.000286022841,2.96551418,-0.000254631042,1
1020,10.339985,0.895589769,-0.96942246,0.98861891,-0.8822999,1.77323031,0.598902047,0.0407660753,2.96667695,-0.898350298,1.64194882,4.74000025,-0.00214331108,-0.0602156706,0.0407660753,2.96551418,-0.000254631042,1
1021,10.350005,0.932506025,-0.948749363,0.962039173,-0.965730786,0.964098036,1.89005029,0.0311786924,2.97081184,-2.02640462,0.628855526,9.73601055,0.0788167864,0.168816179,0.0311786924,2.96600246,-0.000254631042,1
1022,10.360003,0.905188084,-0.860888481,0.840215385,-0.900758088,0.633859038,-0.735406399,-0.00397503516,2.96857214,0.615302086,0.751001477,11.8124933,0.0340756811,0.194382533,-0.00397503516,2.96627712,-0.000254631042,1
1023,10.369978,0.920692921,-0.916262865,0.991572261,-0.870486677,0.382769763,-0.755634725,-0.0135624148,2.96213627,0.675177574,0.511499524,14.4062996,-0.0649939179,0.119814023,-0.0135624148,2.9662466,-0.000254631042,1
1024,10.379986,0.923646212,-0.944319308,0.908141434,-0.938412786,-0.918658793,-0.661707699,-0.0306066461,2.95726037,0.81887877,-0.781811059,11.6256819,-0.148084536,-0.0559546128,-0.0306066461,2.96594143,-0.000254631042,1
1025,10.389983,0.880084932,-0.978282332,0.94505769,-0.907403111,2.72000122,-0.255948991,0.0151997255,2.96255231,-0.232534841,2.72210264,7.41523695,-0.118257143,-0.133718923,0.0151997255,2.96560574,-0.000254631042,1
1026,10.399986,0.864580154,-0.970899045,0.940627754,-0.891898096,0.484674454,0.742809117,0.0460923947,2.97038388,-0.814524651,0.351033211,5.34594011,-0.0234485995,0.0282012783,0.0460923947,2.96588039,-0.000254631042,1
1027,10.409960,0.976067305,-0.891898096,0.863103449,-0.877870023,-0.669536412,-0.197701722,0.0130691966,2.97061205,0.308739573,-0.626134813,9.54680443,0.0436630584,0.133662462,0.0130691966,2.96630764,-0.000254631042,1
1028,10.419978,0.923646212,-0.859411776,0.925122857,-0.896328092,0.859121561,0.499026984,-0.00823609252,2.96514535,-0.642083228,0.758186579,13.5608568,-0.0127959559,0.158163533,-0.00823609252,2.96646023,-0.000254631042,1
1029,10.429964,0.926599503,-0.935459435,0.926599503,-0.900758088,-0.843214989,-0.708551288,-0.0348677039,2.95881319,0.850014031,-0.700380385,12.6938601,-0.132105574,0.00370019581,-0.0348677039,2.96630764,-0.000254631042,1
1030,10.439960,0.83873868,-0.939889371,0.920692921,-0.866795123,1.03216004,-1.04392195,0.00241655181,2.96006751,0.840433955,1.20366025,7.20926523,-0.136366621,-0.0698030517,0.00241655181,2.96591091,-0.000254631042,1
1031,10.449957,0.959085763,-0.989357293,0.931029379,-0.899281442,-0.147446498,0.400419921,0.0631366298,2.96854329,-0.36905098,-0.214191392,5.29803944,-0.0564718023,-0.142241046,0.0631366298,2.96603298,-0.000254631042,1
1032,10.459964,0.932506025,-0.918477952,0.926599503,-0.826925516,1.09230435,1.7517091,0.0578103065,2.97135258,-1.91144359,0.779741764,8.00680637,0.0937304869,0.0207444262,0.0578103065,2.96664333,-0.000254631042,1
1033,10.469962,0.889683127,-0.870486677,0.895589769,-0.896328092,-0.55286175,-0.348293841,0.00241655181,2.96899033,0.438070625,-0.484828621,10.2437553,0.0543157011,0.0420497172,0.00241655181,2.96704006,-0.000254631042,1
1034,10.479958,0.91773957,-0.904449761,0.895589769,-0.863841772,0.406734407,1.00746119,0.00774287386,2.96338272,-1.06360662,0.221702173,13.5440922,-0.0127959559,0.091051884,0.00774287386,2.96704006,-0.000254631042,1
1035,10.489967,0.871225059,-0.900758088,0.902234733,-0.894851446,0.0430900492,-0.15773356,-0.00184450613,2.96053886,0.277604342,-0.640504897,11.9082937,-0.109735027,0.0271360129,-0.00184450613,2.96697903,-0.000254631042,1
1036,10.499964,0.914047897,-0.976805627,0.932506025,-0.900758088,-0.0805812255,-0.40140453,0.0311786924,2.96536946,-0.632503152,0.0229155496,8.42114544,-0.129975051,-0.0208008867,0.0439618677,2.96704006,-0.000254631042,1
1037,10.509961,0.889683127,-0.962777376,0.956132531,-0.93693608,1.03644371,0.0944354087,0.0407660753,2.969172,-0.23492986,-0.283646971,4.83101082,-0.0777770877,-0.0495630279,0.0386355445,2.96749783,-0.000254631042,1
1038,10.529983,0.903711379,-0.870486677,0.885253191,-0.935459435,-0.436235577,-0.110481009,0.0141344611,2.96792555,-0.191819504,-0.377052754,10.3156061,0.0372714698,0.120879292,0.0066776094,2.96804714,-0.000254631042,1
1039,10.539957,0.858673453,-0.904449761,0.900019765,-0.817327261,0.16323249,0.034263581,-0.00610556407,2.96447182,0.157853365,0.372588396,14.8158474,-0.0372970402,0.102769792,-0.00397503516,2.96795559,-0.000254631042,1
1040,10.549978,0.903711379,-0.885991573,0.843168676,-0.908879638,-0.559172928,-0.0190889686,-0.0284761172,2.96479416,-0.254090011,-0.0585151166,13.038743,-0.102278173,-0.0208008867,-0.0338024385,2.96774197,-0.000254631042,1
1041,10.559964,0.83873868,-0.922907889,0.960562468,-0.853505194,0.252737314,-0.423589379,0.0120039321,2.96748877,-0.0121930353,0.269602567,6.40214348,-0.0255791284,-0.137979984,0.0194607824,2.96765041,-0.000254631042,1
1042,10.570004,0.905188084,-0.905926406,0.926599503,-0.829878747,0.279736966,0.743937373,0.0141344611,2.96853542,-0.725908875,0.674360871,4.43822765,0.0447283238,-0.104956776,0.0109386677,2.96789455,-0.000254631042,1
1043,10.579978,0.846121907,-0.821018875,0.888206601,-0.806990683,-0.0781587586,1.04487062,-0.00610556407,2.96815205,-1.0157063,-0.257301748,7.25716543,0.0532504395,0.0676160604,-0.00717082852,2.96792507,-0.000254631042,1
1044,10.589988,0.851290226,-0.836523712,0.823233843,-0.856458545,0.281805336,1.55806923,-0.0103666214,2.96805596,-1.58332598,0.00854543224,9.58991432,0.0575114973,0.170946717,-0.0156929437,2.96792507,-0.000254631042,1
1045,10.599965,0.784840882,-0.821018875,0.820280552,-0.843906999,1.06718647,0.0304268915,-0.0423245542,2.96659112,-0.215769708,1.04558897,15.2230005,-0.0213180706,0.218883619,-0.0423245542,2.96758938,-0.000254631042,1
1046,10.609983,0.855720162,-0.809943914,0.841691971,-0.800345719,-0.518039525,0.15641816,-0.0455203466,2.96408844,-0.0624884479,-0.537519038,12.9501276,-0.0607328601,0.0899866223,-0.0455203466,2.96713161,-0.000254631042,1
1047,10.619967,0.7951774,-0.802560687,0.832093716,-0.791485727,0.257434428,-1.0434233,-0.0338024385,2.96447182,0.981740117,0.437253922,8.95044422,-0.0820381492,-0.0538240857,-0.0338024385,2.96679592,-0.000254631042,1
1048,10.629980,0.775242567,-0.825448811,0.821757138,-0.791485727,1.2159965,-0.433034837,-0.0146276793,2.96520424,0.212938815,1.27311575,5.39623547,-0.0404928327,-0.160350531,-0.0146276793,2.9665823,-0.000254631042,1
1049,10.639966,0.7951774,-0.768597662,0.781149209,-0.713961542,0.834688783,0.116773531,-0.0156929437,2.96539617,-0.261275083,0.80129689,6.40214348,0.0553809665,-0.11241363,-0.0156929437,2.96633816,-0.000254631042,1
1050,10.649988,0.707316577,-0.652680397,0.722821474,-0.650465429,0.44617635,1.19078279,-0.0572382547,2.96598935,-1.25041819,0.231282264,10.028203,0.0468588509,0.0420497172,-0.0572382547,2.96591091,-0.000254631042,1
1051,10.659963,0.628315687,-0.671138644,0.744232893,-0.69993329,1.05872405,0.118522346,-0.0860003978,2.96566677,-0.30199042,1.02163875,11.9849348,0.0713599324,0.120879292,-0.0860003978,2.96517849,-0.000254631042,1
1052,10.670006,0.738326311,-0.709531605,0.722821474,-0.682951808,2.45381641,-0.718398333,-0.0444550812,2.96274638,0.27041927,2.54247618,13.1776543,0.0873389021,0.132597193,-0.0444550812,2.96459866,-0.000254631042,1
1053,10.679980,0.697718382,-0.70510155,0.752354503,-0.643082201,1.05384409,0.377630323,-0.00504029961,2.96112418,-0.560652554,0.968948305,11.5083256,0.0969262794,0.0782687142,-0.00504029961,2.96429348,-0.000254631042,1
1054,10.689982,0.719868183,-0.709531605,0.727251351,-0.654157102,0.266555846,0.146536112,0.00987340324,2.96189117,-0.191819504,0.236072302,9.67613506,-0.0159917492,0.0324623361,0.00987340324,2.96423244,-0.000254631042,1
1055,10.700001,0.68073684,-0.760476053,0.784840882,-0.711008191,1.64754498,-0.0751256719,0.0151997255,2.96335602,-0.218164727,1.63476372,8.52173615,-0.123583458,-0.0165398289,0.0151997255,2.96426296,-0.000254631042,1
1056,10.709982,0.72429812,-0.694026709,0.756784499,-0.736111343,2.21764922,-0.246389791,0.0333092213,2.9642458,-0.148709148,2.22633362,8.61514187,-0.178977206,-0.0506282933,0.0333092213,2.9645071,-0.000254631042,1
1057,10.719957,0.714699864,-0.70510155,0.75973779,-0.723559737,2.1649549,0.110176444,0.0247871056,2.96386218,-0.49119699,2.11137271,9.54440975,-0.0681897104,-0.00695244875,0.0247871056,2.96465969,-0.000254631042,1
1058,10.729988,0.752354503,-0.73241967,0.705839932,-0.644558847,2.00802064,0.34309715,0.0173302535,2.96278095,-0.694773674,1.91498101,10.0545483,0.0276840944,0.0633550063,0.0173302535,2.96478176,-0.000254631042,1
1059,10.739964,0.657848716,-0.695503354,0.711746514,-0.713961542,1.62419987,0.187038586,0.00454708049,2.96335602,-0.472036809,1.56530821,11.7119017,0.0713599324,0.0761381835,0.00454708049,2.9648428,-0.000254631042,1
1060,10.749998,0.697718382,-0.685166776,0.693288386,-0.658587098,1.49550998,-0.840034008,0.035439752,2.96399236,0.562611639,1.62039363,10.7658691,0.0798820481,0.0367233939,0.035439752,2.96493435,-0.000254631042,1
1061,10.760004,0.679260254,-0.669661939,0.728728056,-0.654157102,0.410710424,0.111432746,0.0535492487,2.96399236,-0.182239428,0.384563506,8.45707035,0.0372714698,-0.0676725209,0.0535492487,2.96523952,-0.000254631042,1
1062,10.769978,0.707316577,-0.716914833,0.714699864,-0.67261529,0.444728911,0.382794529,0.0482229255,2.96418428,-0.455271691,0.370193392,7.91100597,0.026618829,-0.129457861,0.0482229255,2.96563625,-0.000254631042,1
1063,10.780007,0.668923616,-0.73241967,0.682213545,-0.67261529,1.08493686,1.11997223,0.035439752,2.9645679,-1.29352856,0.870752454,8.41396046,0.0340756811,-0.122001007,0.035439752,2.96603298,-0.000254631042,1
1064,10.789981,0.636437237,-0.641605556,0.629792273,-0.648988843,0.640107095,1.70808923,-0.00930135697,2.96466374,-1.79408765,0.329478055,10.5048122,-0.0117306914,-0.0176050942,-0.00930135697,2.96621609,-0.000254631042,1
1065,10.800003,0.64825052,-0.607642531,0.634960651,-0.615025818,0.929278314,0.254024744,-0.0423245542,2.96633816,-0.41216132,0.870752454,11.1227274,-0.0127959559,0.0644202679,-0.0423245542,2.96597195,-0.000254631042,1
1066,10.809986,0.662278712,-0.623147368,0.614287496,-0.606165886,1.30178237,0.267127603,-0.0540424623,2.96537924,-0.49119699,1.23479545,11.695137,-0.0436886288,0.127270877,-0.0540424623,2.9655447,-0.000254631042,1
1067,10.819961,0.649727106,-0.640128911,0.619455755,-0.63717562,1.18342888,-0.179409519,-0.0583035201,2.96293783,-0.0337482132,1.19647515,11.5394611,-0.0213180706,0.103835061,-0.0583035201,2.96508694,-0.000254631042,1
1068,10.829980,0.629792273,-0.609119177,0.629792273,-0.671138644,1.25623465,-0.194279611,-0.0348677039,2.96160364,-0.0337482132,1.27072072,10.0784988,0.0202272423,0.0196791627,-0.0348677039,2.96462917,-0.000254631042,1
1069,10.839965,0.65637207,-0.587707758,0.594352722,-0.654157102,0.375416875,-0.0581897907,-0.018888738,2.96202183,-0.00979801547,0.379773468,7.13262463,-0.00107804674,-0.071933575,-0.018888738,2.96429348,-0.000254631042,1
1070,10.849986,0.781149209,-0.609119177,0.574417889,-0.71912986,0.647675276,-0.167774126,-0.0178234726,2.96304178,0.0500774756,0.667175829,6.27760267,-0.00746963359,-0.1433063,-0.0178234726,2.96404934,-0.000254631042,1
1071,10.859961,0.762691081,-0.569249511,0.569987893,-0.69698,2.10258603,0.641370893,0.0269176345,2.96348667,-1.00373113,1.95569634,8.54568577,-0.0372970402,-0.102826245,0.0269176345,2.96392727,-0.000254631042,1
1072,10.869982,0.701409996,-0.590661049,0.553006411,-0.69993329,0.381200135,2.17528534,0.0258523691,2.96547532,-2.208426,-0.00582468603,10.7251539,-0.069254972,0.0282012783,0.0258523691,2.96417141,-0.000254631042,1
1073,10.879968,0.761214435,-0.496155292,0.488033652,-0.702148318,0.472287923,1.81839979,0.0226565767,2.9647696,-1.87312329,0.145061553,12.0567846,-0.0554065369,0.136858255,0.0226565767,2.96435452,-0.000254631042,1
1074,10.889980,0.807728887,-0.470313877,0.458500624,-0.764906049,1.537853,1.60506248,0.00348181627,2.96394134,-1.8515681,1.23000538,12.6291943,-0.0649939179,0.219948873,0.00348181627,2.9645071,-0.000254631042,1
1075,10.899965,0.7951774,-0.453332365,0.444472402,-0.742017984,0.209235206,1.86338973,0.000286022841,2.96147299,-1.87072825,-0.127970681,10.2653103,-0.0255791284,0.200774118,0.000286022841,2.9645071,-0.000254631042,1
1076,10.909979,0.789270818,-0.363256544,0.417154372,-0.773027658,0.147624955,1.49968994,0.0322439559,2.96163821,-1.50189531,-0.12318065,8.8091383,-0.00427384023,0.18586041,0.0322439559,2.96456814,-0.000254631042,1
1077,10.919981,0.778195918,-0.361779869,0.352181673,-0.870486677,-0.00694054971,2.18241167,0.0226565767,2.96221328,-2.1461556,-0.396212906,9.07977581,-0.0617981218,0.123009816,0.0226565767,2.96472073,-0.000254631042,1
1078,10.929967,0.793700755,-0.372854799,0.341106772,-0.933244407,-0.188782588,1.54047775,-0.0114318859,2.96364355,-1.48273516,-0.458483428,8.85224915,-0.0735160336,0.0186138973,-0.0114318859,2.96475124,-0.000254631042,1
1079,10.939966,0.776719272,-0.289423913,0.426014245,-0.910356343,0.374261498,1.82367182,-0.0252803247,2.9629724,-2.33057213,-0.149525866,8.26067924,-0.0628633872,-0.0836514831,-0.0252803247,2.96456814,-0.000254631042,1
1080,10.949980,0.764167726,-0.358826578,0.387621284,-0.747924507,1.28903043,2.61416745,-0.0412592888,2.96217871,-3.07302809,1.2611407,7.94932604,0.0372714698,-0.0804556906,-0.0401940234,2.96420193,-0.000254631042,1
1081,10.959967,0.807728887,-0.309358746,0.386144638,-0.780410945,1.97600985,2.40833139,-0.00823609252,2.96148086,-2.42637277,0.69831109,9.43902874,0.11183998,-0.0261272099,-0.000779241615,2.96392727,-0.000254631042,1
1082,10.969997,0.676306903,-0.368424863,0.396481216,-0.756046116,1.77526104,2.55346298,0.0141344611,2.96259689,-1.71744704,2.05149722,11.5418558,0.158711627,0.00476546027,0.0194607824,2.96404934,-0.000254631042,1
1083,10.979985,0.773765981,-0.35144335,0.370639801,-0.771550953,0.898598492,2.15755272,0.0428966023,2.96339059,-2.23237634,0.358218282,12.1669559,0.14912425,-0.00375665538,0.0450271331,2.964324,-0.000254631042,1
1084,10.989982,0.685905159,-0.321910262,0.35956493,-0.790009141,0.722493947,1.95790637,0.0418313369,2.96291113,-1.81085277,0.250442415,11.8747635,0.123557895,0.0228749551,0.0492881909,2.96462917,-0.000254631042,1
1085,10.999979,0.745709598,-0.385406286,0.426014245,-0.754569471,-0.360315353,1.08266544,0.0460923947,2.96281552,-0.718723834,0.418093771,10.8209553,0.0543157011,-0.00375665538,0.0428966023,2.9650259,-0.000254631042,1
1086,11.009986,0.744232893,-0.420845985,0.434135884,-0.808467269,-0.466534436,0.627636254,0.0173302535,2.96217871,-0.534307361,-0.492013693,10.7059937,-0.0266443938,-0.0293230023,0.00880813878,2.96527004,-0.000254631042,1
1087,11.019982,0.736849725,-0.468837202,0.434135884,-0.739064634,0.556378722,0.904994428,-0.0124971503,2.9631989,-0.989361048,0.38695851,10.2150145,-0.0831034109,-0.0506282933,-0.0178234726,2.96523952,-0.000254631042,1
1088,11.029978,0.758261144,-0.443734109,0.39500457,-0.806990683,0.71147728,0.901364923,-0.0338024385,2.9631989,-1.01331127,0.540239751,9.39591789,-0.13104032,-0.0399756469,-0.0380634964,2.9650259,-0.000254631042,1
1089,11.039986,0.786317527,-0.392789602,0.485080361,-0.788532436,0.482975543,0.838099241,-0.0242150594,2.9637394,-0.910325408,0.327083021,8.51694584,-0.174716145,-0.0399756469,-0.0231497958,2.96469021,-0.000254631042,1
1090,11.049984,0.790747523,-0.448164046,0.475482106,-0.790009141,0.955153763,0.230448589,-0.0103666214,2.96418428,-0.395396203,0.899492741,8.51215553,-0.152345598,-0.0580851436,-0.00610556407,2.9645071,-0.000254631042,1
1091,11.059981,0.816588879,-0.457762271,0.423060954,-0.781887531,-0.374425113,-0.126855955,0.00880813878,2.96291113,0.19138363,-0.345917493,9.38633823,-0.0937560573,-0.102826245,0.00880813878,2.96444607,-0.000254631042,1
1092,11.080005,0.784840882,-0.412724406,0.411986113,-0.787055731,-0.561951935,0.0744461715,-0.00290977047,2.9637742,0.0261272788,-0.566259325,10.1671143,-0.0436886288,-0.168872654,-0.00290977047,2.96453762,-0.000254631042,1
1093,11.089980,0.725774765,-0.448164046,0.458500624,-0.725036442,0.0991765708,0.817029238,-0.0220845304,2.96421909,-0.821709692,-0.0465400182,9.75756645,-0.0436886288,-0.107087307,-0.0220845304,2.96438503,-0.000254631042,1
1094,11.099986,0.622409105,-0.539716542,0.521996677,-0.674091876,-1.02487803,-1.1640234,-0.0401940234,2.96418428,1.32662296,-0.803366244,11.2041578,-0.022383336,-0.0783251673,-0.0401940234,2.96417141,-0.000254631042,1
1095,11.110003,0.710269868,-0.428229272,0.478435457,-0.665970266,0.827988029,-0.735095322,-0.0476508774,2.96370482,0.576981783,0.944998085,9.04624557,-0.00960016251,-0.0847167522,-0.0476508774,2.96371365,-0.000254631042,1
1096,11.119979,0.623885691,-0.471790493,0.488033652,-0.661540389,-0.653679609,-0.336172014,-0.0263455883,2.96179509,0.447650731,-0.583024442,8.59837627,0.0106398622,-0.0474324971,-0.0263455883,2.96334743,-0.000254631042,1
1097,11.129986,0.452594042,-0.386882991,0.42749092,-0.381714731,0.606395543,0.53316772,-0.0263455883,2.96281552,-0.632503152,0.501919448,10.7131786,-0.031970717,-0.0112135075,-0.0263455883,2.96304226,-0.000254631042,1
1098,11.139961,0.49837023,-0.349228352,0.410509437,-0.692550123,-0.271770924,-1.60323,-0.0338024385,2.96252751,1.6260004,0.0181255098,9.97072315,-0.039427571,0.0345928632,-0.0338024385,2.96285915,-0.000254631042,1
1099,11.149977,0.485080361,-0.264320821,0.322648585,-0.507230163,0.550378025,-1.60822654,-0.0604340509,2.96278095,1.48469424,0.827642143,10.8904104,0.0415325277,0.0441802442,-0.0604340509,2.96240139,-0.000254631042,1
1100,11.159964,0.495416969,-0.318956971,0.358088255,-0.555221379,3.1843152,-1.96880579,-0.0849351287,2.9610281,1.36494327,3.48611403,10.485652,0.106513664,0.0143528394,-0.0849351287,2.96173,-0.000254631042,1
1101,11.170007,0.489510328,-0.321910262,0.370639801,-0.449640721,1.46334815,-1.58985293,-0.0625645816,2.9604876,1.30027771,1.72577453,10.8544855,0.123557895,-0.0218661521,-0.0625645816,2.9610281,-0.000254631042,1
1102,11.179981,0.223712862,-0.111487262,0.127730444,-0.292377204,2.53674722,-2.45029593,-0.0252803247,2.95994687,1.9517231,2.9376545,10.8856201,0.151254773,-0.0527588204,-0.0252803247,2.96057034,-0.000254631042,1
1103,11.189986,0.225189522,0.0169815049,0.164646775,-0.218544587,2.80018997,0.0308323465,-0.0156929437,2.95975518,-0.536702335,2.7484479,11.2376881,0.106513664,-0.0176050942,-0.0156929437,2.96044827,-0.000254631042,1
1104,11.199960,0.158740163,-0.0790009201,0.0812158883,-0.165385097,-1.95100105,-1.56874859,0.0311786924,2.96064496,1.89424253,-1.63683307,7.80083513,0.108644187,0.0303318072,0.0311786924,2.9605093,-0.000254631042,1
1105,11.210002,0.134375393,-0.0494678579,-0.00664493674,-0.152095214,2.70755291,-2.23624253,0.0130691966,2.96134281,1.71461606,3.06459045,6.98413324,0.103317864,0.102769792,0.0130691966,2.96060085,-0.000254631042,1
1106,11.219987,0.223712862,-0.143973619,-0.00516828429,-0.101150699,3.40395236,-0.525929511,0.00241655181,2.96041846,-0.0960187241,3.44300365,8.6438818,0.0319451503,0.135792986,0.00241655181,2.96072292,-0.000254631042,1
1107,11.229986,0.160216808,-0.107057318,0.0118132206,-0.104104005,2.91893482,-0.303945273,-0.0295413826,2.95933723,-0.230139822,2.92567945,9.99946308,0.0745557249,0.191186741,-0.0295413826,2.96063137,-0.000254631042,1
1108,11.239960,0.214114636,-0.131422073,0.0738326311,-0.111487262,3.85728002,-0.657120705,-0.0220845304,2.95810771,-0.0576984063,3.91242743,10.162324,0.0926652253,0.213557288,-0.0220845304,2.96032619,-0.000254631042,1
1109,11.249982,0.13068375,-0.108533971,0.109272294,-0.167600065,2.66547441,-1.40975726,-0.018888738,2.95829916,0.900309443,2.87777901,10.9550762,0.105448395,0.167750925,-0.018888738,2.96014309,-0.000254631042,1
1110,11.259968,0.189749852,-0.146926939,0.0457762294,-0.0871224999,3.48756981,-1.03463674,0.0120039321,2.95801163,0.380590171,3.61784005,11.0221367,0.058576759,0.08359503,0.0120039321,2.96005154,-0.000254631042,1
1111,11.270001,0.120347172,-0.177936628,0.0981974006,-0.0701410025,3.6447444,-1.47343516,0.0578103065,2.95791578,0.782953441,3.85255194,11.3023539,-0.00107804674,-0.0154745653,0.0578103065,2.96023464,-0.000254631042,1
1112,11.279986,0.175721675,-0.119608864,0.13068375,-0.142496973,3.8410449,-0.982741594,0.0865724459,2.95937181,0.27041927,3.9555378,10.6317482,-0.00853489805,-0.0868472829,0.0865724459,2.96078396,-0.000254631042,1
1113,11.290000,0.157263488,-0.197871432,0.0538978167,-0.174983323,3.21334505,-0.635922194,0.0940292999,2.96004272,0.0452874377,3.27535224,10.9407063,0.0159661844,-0.0740641057,0.0940292999,2.9615469,-0.000254631042,1
1114,11.299985,0.109272294,-0.0730943009,0.1122256,-0.124038823,3.15735674,-0.596193969,0.0993556157,2.96160364,0.0213372391,3.2130816,9.84139156,0.0234230366,-0.0761946365,0.0993556157,2.96237087,-0.000254631042,1
1115,11.309980,0.160216808,-0.149880245,0.0184581578,-0.119608864,2.55801034,-0.735428929,0.0737892687,2.96341729,0.27041927,2.64785695,9.14683628,0.0106398622,-0.0367798544,0.0737892687,2.96313381,-0.000254631042,1
1116,11.319966,0.0922907889,-0.0479912087,0.0679260194,-0.0686643422,1.63071656,-0.222450569,0.0801808611,2.96367025,-0.0696735084,1.64434385,8.97678947,-0.0277096573,-0.0357145891,0.0801808611,2.96389675,-0.000254631042,1
1117,11.329984,0.0797392428,-0.119608864,0.0287947264,-0.156525165,1.30885696,-0.293675125,0.0407660753,2.96357465,0.0572625361,1.34017634,10.1168194,-0.0554065369,0.00583072472,0.0407660753,2.9645071,-0.000254631042,1
1118,11.340007,0.152833551,-0.0420845971,0.0287947264,-0.0701410025,2.18944359,-0.754675388,0.030113427,2.96322536,0.354244947,2.28860402,10.1192141,-0.0969518498,-0.00588718429,0.030113427,2.96469021,-0.000254631042,1
1119,11.349980,0.0339630097,-0.053159494,0.0302713774,-0.0959824175,1.49712384,-0.112239175,0.0151997255,2.9643414,-0.153499186,1.49345756,10.4688873,-0.138497159,0.00689598918,0.0151997255,2.96496487,-0.000254631042,1
1120,11.359988,0.090814136,-0.0930291116,0.0118132206,-0.0391312912,1.2483691,-0.779040515,-0.00717082852,2.96370482,0.545846522,1.3665216,11.1754179,-0.161932975,0.00476546027,-0.00717082852,2.96499538,-0.000254631042,1
1121,11.369963,0.0339630097,0.00885991566,-0.00516828429,-0.101150699,1.6918931,-0.0577644594,0.0120039321,2.96595478,-0.249299973,1.73535454,9.0749855,-0.132105574,-0.0623462014,0.0120039321,2.96499538,-0.000254631042,1
1122,11.380001,0.0317480303,-0.0221497901,0.00885991566,0.0103365686,1.40123987,-0.2575773,0.0226565767,2.96541381,0.0213372391,1.34975636,8.7444725,-0.0894949958,-0.0687377825,0.0226565767,2.96517849,-0.000254631042,1
1123,11.389987,0.0553744733,-0.026579747,0.0147665264,-0.012551547,0.115885548,0.300673187,0.0290481634,2.96491671,-0.519937217,-0.161500961,8.77800274,-0.0479496866,-0.0964346603,0.0290481634,2.96548367,-0.000254631042,1
1124,11.399999,0,-0.00516828429,0.0073832632,0.0103365686,0.436806023,0.314113289,0.0397008099,2.96539617,-0.452876657,0.44204396,9.35999298,-0.0586023293,-0.0708683133,0.0428966023,2.96584988,-0.000254631042,1
1125,11.409984,0,-0.0361779891,-0.00221497891,-0.00221497891,0.0142518375,0.321162045,0.0524839833,2.96700931,-0.227744803,-0.259696782,10.042573,-0.0905602649,-0.0410409123,0.0535492487,2.96630764,-0.000254631042,1
1126,11.419998,0,-0.00664493674,0,-0.0036916316,-0.36122182,0.482079506,0.0631366298,2.96735811,-0.280435234,-0.439323246,10.253335,-0.0596675947,-0.0165398289,0.0642018914,2.96685696,-0.000254631042,1
1127,11.429984,0.00147665257,-0.0036916316,0.00147665257,0,-0.0407798812,0.245620787,0.0705934763,2.96853542,-0.208584651,-0.0369599424,10.133584,-0.0309054516,-0.0144093009,0.0716587454,2.96746731,-0.000254631042,1
1128,11.440005,0.00295330514,-0.00516828429,0.00885991566,-0.00221497891,-0.442493707,0.298633635,0.068462953,2.96891904,-0.316360533,-0.365077645,9.72643089,-0.00214331108,-0.012278772,0.068462953,2.96813869,-0.000254631042,1
1129,11.449979,0.00147665257,0,-0.0081215892,0,-0.187714309,0.295565009,0.068462953,2.96876168,-0.258880049,-0.235746577,9.1180954,0.0031830112,-0.012278772,0.0716587454,2.96887112,-0.000254631042,1
1130,11.460006,0.00147665257,0,0.0103365686,-0.00516828429,-0.352097809,0.316513628,0.0716587454,2.96987772,-0.251695007,-0.401002944,9.32885742,-0.0117306914,-0.00482191984,0.0705934763,2.96951199,-0.000254631042,1
1131,11.469981,-0.00221497891,-0.0036916316,-0.0081215892,-0.0036916316,-0.465054005,0.352833629,0.0620713644,2.97041845,-0.268460125,-0.518358886,9.5970993,0.00211774674,0.0015696669,0.0652671531,2.97012234,-0.000254631042,1
1132,11.479977,0,-0.00221497891,-0.0140281999,-0.00221497891,-0.650143504,0.493479282,0.0503534526,2.97140384,-0.376236051,-0.724330604,10.2557306,0.0180967133,0.00689598918,0.0503534526,2.97067165,-0.000254631042,1
1133,11.489978,0.00295330514,0,-0.0081215892,-0.0036916316,-1.17729449,0.338864714,0.0247871056,2.97121191,-0.134339035,-1.21770465,10.2701006,0.00744406879,0.000504402502,0.0247871056,2.97103786,-0.000254631042,1
1134,11.499965,0.00295330514,0,0.00295330514,0,-0.552803993,0.3095164,-0.00504029961,2.97067142,-0.21097967,-0.597394526,9.71206093,-0.00960016251,-0.00695244875,-0.00504029961,2.97112942,-0.000254631042,1
1135,11.509962,0,0,0.00147665257,0,-0.399489671,0.380433083,-0.0220845304,2.97032261,-0.306780457,-0.458483428,9.39591789,-0.0245138649,0.000504402502,-0.0220845304,2.9710989,-0.000254631042,1
1136,11.519959,0.00147665257,0,0.00590661028,0.00147665257,-0.0561376996,0.286939859,-0.0306066461,2.97105503,-0.273250163,-0.104020491,9.47734833,-0.00214331108,0.00902651716,-0.0306066461,2.97082424,-0.000254631042,1
1137,11.529957,0.00147665257,0,0.00295330514,0.00295330514,-0.115030549,0.297145605,-0.0338024385,2.97067142,-0.273250163,-0.16389598,9.67613506,0.0180967133,0.0111570461,-0.0338024385,2.97061062,-0.000254631042,1
1138,11.539964,0.00147665257,0,0,0.00442995783,0.0631167367,0.370905519,-0.036998231,2.9702878,-0.376236051,-0.00103464653,9.94198227,0.0202272423,0.00902651716,-0.036998231,2.97030544,-0.000254631042,1
1139,11.549962,0.00147665257,0,0.0103365686,0,-0.00695137121,0.329607308,-0.0284761172,2.96945953,-0.323545605,-0.0633051544,10.1359797,0.0095745977,0.00796125364,-0.0284761172,2.97012234,-0.000254631042,1
1140,11.559959,0.00147665257,0.00147665257,-0.012551547,0.00295330514,0.351088732,0.165086806,-0.0220845304,2.96891904,-0.222954765,0.317502946,9.8270216,-0.00853489805,0.0015696669,-0.0220845304,2.96990871,-0.000254631042,1
1141,11.569957,-0.00221497891,-0.00221497891,0.0147665264,-0.0036916316,0.221341819,0.272951126,-0.0124971503,2.96974707,-0.306780457,0.171406761,9.63781548,-1.27822468e-05,-0.00482191984,-0.0124971503,2.96975613,-0.000254631042,1
1142,11.579964,0,0,-0.0036916316,0.00295330514,0.304282397,0.190467134,-0.000779241615,2.96965146,-0.239719898,0.267207563,9.75038147,0.00637880433,-0.00269139092,-0.000779241615,2.96969509,-0.000254631042,1
1143,11.590004,0,0,-0.00221497891,0,0.23006615,0.322417468,0.00454708049,2.96936345,-0.35707587,0.171406761,9.82941628,0.00105248217,-0.000560861954,0.00454708049,2.96969509,-0.000254631042,1
1144,11.599978,0,0,0.0132898735,-0.00221497891,0.241142035,0.218389377,0.00880813878,2.96936345,-0.256485045,0.200147003,9.8749218,-0.00640436914,0.0015696669,0.00880813878,2.96969509,-0.000254631042,1
1145,11.610002,0,0,0.0214114618,-0.00221497891,0.155231774,0.213908494,0.0141344611,2.96955538,-0.237324879,0.116321318,9.80307102,-0.00427384023,-0.000560861954,0.0141344611,2.96972561,-0.000254631042,1
1146,11.619988,0,0,-0.0081215892,-0.00221497891,-0.110212237,0.211384386,0.00880813878,2.96974707,-0.189424485,-0.144735828,9.95874786,0.00531353988,-0.00269139092,0.00880813878,2.96975613,-0.000254631042,1
1147,11.629998,0,-0.00516828429,0.00295330514,-0.00516828429,-0.338885367,0.280279279,0.0109386677,2.96965146,-0.218164727,-0.381842792,9.83660221,-1.27822468e-05,-0.00482191984,0.0109386677,2.96978664,-0.000254631042,1
1148,11.639982,0.0524211675,-0.0140281999,0.0132898735,-0.00516828429,-0.252054214,0.150772825,0.00774287386,2.9702878,-0.1055988,-0.274066895,9.75756645,-0.010665427,-0.00162612647,0.00774287386,2.96978664,-0.000254631042,1
1149,11.649985,0.0981974006,-0.0465145558,0.0428229235,-0.0191964842,-0.546376884,0.331012368,0.00348181627,2.96945953,-0.232534841,-0.594999552,9.81504631,-0.0181222782,-0.00908297859,0.00348181627,2.96978664,-0.000254631042,1
1150,11.659985,0.0509445108,-0.0516828448,0.0383929685,-0.0716176555,-0.570447147,0.332645684,-0.0146276793,2.96965146,-0.230139822,-0.618949711,9.83899689,-0.0127959559,-0.0144093009,-0.0146276793,2.96969509,-0.000254631042,1
1151,11.669960,0.0568511225,-0.0871224999,0.0184581578,-0.0900758132,-0.291421026,0.342721701,-0.0284761172,2.96911049,-0.287620306,-0.345917493,9.57793999,-0.0117306914,-0.0165398289,-0.0284761172,2.96948147,-0.000254631042,1
1152,11.679985,0.0428229235,-0.0516828448,0.0428229235,-0.0177198313,-0.246163502,0.39318347,-0.0338024385,2.96911049,-0.34510079,-0.309992194,9.6617651,0.00424827542,-0.00695244875,-0.0338024385,2.96917629,-0.000254631042,1
1153,11.689959,0.0487295389,-0.0620194115,0.0524211675,-0.0871224999,-0.345125288,0.619628191,-0.0433898196,2.96882296,-0.551072478,-0.446508318,9.72643089,0.00744406879,-0.00162612647,-0.0433898196,2.96887112,-0.000254631042,1
1154,11.699997,0.13068375,-0.101150699,0.0627577379,-0.0324863568,-0.773753643,0.767625272,-0.0625645816,2.96853542,-0.622923076,-0.894376993,10.0114384,-0.00533910468,0.0164833684,-0.0625645816,2.96841335,-0.000254631042,1
1155,11.709983,0.00885991566,-0.118132211,0.0369163156,-0.0236264411,-0.392091185,0.708630145,-0.0636298433,2.96770716,-0.630108118,-0.508778811,9.64739513,-0.00960016251,0.0175486337,-0.0636298433,2.967803,-0.000254631042,1
1156,11.719987,0.189749852,-0.0561127998,0.0679260194,-0.0450379066,-0.148495346,0.225824222,-0.0732172206,2.96707058,-0.196609542,-0.185451165,9.89408207,-0.0213180706,0.0239402205,-0.0732172206,2.96719265,-0.000254631042,1
1157,11.729961,0.00885991566,-0.108533971,0.0679260194,-0.026579747,-0.913012326,0.660407782,-0.0614993125,2.96643376,-0.49119699,-1.01412797,9.98748779,-0.0255791284,-0.0080177132,-0.0614993125,2.9665823,-0.000254631042,1
1158,11.740004,0.141758651,-0.0324863568,0.0317480303,-0.0206731372,0.867346168,-0.287632227,-0.0540424623,2.96579742,0.131508142,0.904282749,9.87731743,-0.022383336,-0.0250619445,-0.0540424623,2.96597195,-0.000254631042,1
1159,11.749979,0.0369163156,-0.107057318,0.0952440947,-0.0516828448,-0.955966949,0.742626667,-0.0263455883,2.96491671,-0.563047588,-1.07160842,9.63541985,-0.0266443938,-0.0421061777,-0.0263455883,2.96560574,-0.000254631042,1
1160,11.759982,0.141758651,-0.0295330528,0.00442995783,-0.0177198313,0.208759472,-0.214674741,-0.0263455883,2.96482086,0.174618497,0.243257359,10.0832891,-0.0213180706,-0.0303882677,-0.0263455883,2.96530056,-0.000254631042,1
1161,11.769958,0.0073832632,-0.0900758132,0.0694026724,-0.0841691941,-0.132520214,0.83384037,0.00348181627,2.96560574,-0.797759473,-0.276461899,9.19713116,-0.0245138649,-0.012278772,0.00348181627,2.96517849,-0.000254631042,1
1162,11.779985,0.152833551,-0.0561127998,0.0612810813,-0.0310097057,-0.518079281,-0.403856605,0.0173302535,2.96550989,0.488366038,-0.439323246,10.0761042,-0.00214331108,0.0015696669,0.0173302535,2.96517849,-0.000254631042,1
1163,11.789981,0.0287947264,-0.0516828448,0.0369163156,-0.0686643422,-0.832718372,0.791456163,0.0130691966,2.96462917,-0.632503152,-0.95904249,9.45579338,-0.0202528071,-0.0165398289,0.0130691966,2.96527004,-0.000254631042,1
1164,11.799967,0.110748947,-0.129945427,0.0369163156,-0.0575894527,-0.236500964,0.0302811675,0.0226565767,2.96491671,0.0117571615,-0.238141596,10.3108158,-0.0117306914,-0.00162612647,0.0226565767,2.96539211,-0.000254631042,1
1165,11.809979,0.0568511225,-0.0206731372,0.0922907889,-0.0605427548,-1.41723621,0.658908784,0.00774287386,2.96589327,-0.450481653,-1.23207474,9.44381809,-0.0213180706,-0.023996681,0.00774287386,2.96563625,-0.000254631042,1
1166,11.819964,0.13068375,-0.138067007,0.0354396626,-0.119608864,0.316962987,0.544791818,-0.0156929437,2.96598935,-0.426531464,0.236072302,9.54440975,-0.00746963359,0.00263493136,-0.00290977047,2.96551418,-0.000254631042,1
1167,11.830005,0.0797392428,-0.0391312912,0.0679260194,-0.0361779891,-1.32308424,0.294912517,0.0215913113,2.96662569,0.0812127292,-1.27518511,10.0377836,-0.00533910468,-0.000560861954,0.00987340324,2.96557522,-0.000254631042,1
1168,11.839980,0.0723559782,-0.0775242597,0.0679260194,-0.163908437,-0.0458313227,0.993550241,-0.0380634964,2.96570134,-0.915115476,0.034890648,9.53961945,-0.00533910468,0.000504402502,-0.0380634964,2.96533108,-0.000254631042,1
1169,11.849978,0.106318988,-0.0686643422,0.0812158883,0.00885991566,-1.12445056,-0.241704866,-0.0114318859,2.96482086,0.545846522,-1.016523,10.6149836,0.00105248217,0.0100917816,-0.0178234726,2.96505642,-0.000254631042,1
1170,11.859963,0.0538978167,-0.0716176555,0.075309284,-0.170553386,-0.500718892,0.863757789,-0.064695105,2.96418428,-0.804944575,-0.175871074,9.05343056,-1.27822468e-05,-0.010148243,-0.0710866973,2.96465969,-0.000254631042,1
1171,11.869988,0.194179818,-0.0974590778,0.0922907889,-0.00221497891,-0.175608233,0.0171075072,-0.0327371769,2.96418428,0.670387566,-0.717145562,10.0904741,-0.0159917492,0.0303318072,-0.0284761172,2.96417141,-0.000254631042,1
1172,11.879963,0.0487295389,-0.0900758132,0.0812158883,-0.179413289,-1.07128417,0.530847013,-0.0551077276,2.96389675,-0.333125681,-1.14824903,9.21629143,-0.00427384023,-0.0080177132,-0.064695105,2.9638052,-0.000254631042,1
1173,11.889988,0.144711956,-0.0790009201,0.141758651,0.00295330514,-0.384149373,-0.0329166315,-0.0242150594,2.96370482,0.100372888,-0.372262716,9.98748779,-0.022383336,0.0186138973,-0.0199540015,2.96334743,-0.000254631042,1
1174,11.899984,0.0612810813,-0.135113716,0.0583277754,-0.114440568,-0.759814262,0.758005738,-0.0625645816,2.9629724,-0.610947967,-0.882401884,10.0066481,-0.00107804674,-0.010148243,-0.0689561665,2.96292019,-0.000254631042,1
1175,11.909959,0.194179818,-0.0959824175,0.155786842,-0.0775242597,-0.184228778,0.157739088,-0.00823609252,2.96233606,-0.12236394,-0.209401354,10.0305986,-0.0191875417,0.0218096916,-0.00823609252,2.96249294,-0.000254631042,1
1176,11.920007,0.155786842,-0.114440568,0.0708793253,-0.107057318,-1.27945125,0.400007337,-0.0274108537,2.96233606,-0.165474296,-1.33027053,9.22347641,-0.00960016251,-0.0133440364,-0.0274108537,2.96237087,-0.000254631042,1
1177,11.929982,0.089337483,-0.101150699,0.202301398,-0.129945427,0.766961157,-0.207494855,-0.00397503516,2.96160364,0.0668426156,0.791716814,9.95395756,-0.010665427,0.0111570461,-0.00397503516,2.96200466,-0.000254631042,1
1178,11.940002,0.222236201,-0.148403585,0.126253799,-0.119608864,-1.70735252,0.26838699,-0.00290977047,2.96223998,0.0404973961,-1.72784376,9.98748779,-1.27822468e-05,-0.0080177132,-0.00290977047,2.96212673,-0.000254631042,1
1179,11.949987,-0.0036916316,-0.148403585,0.13216041,-0.0664493665,0.233889371,0.315607548,-0.00930135697,2.96214414,-0.352285832,0.17380178,9.60188961,-0.022383336,0.0228749551,-0.00930135697,2.96194363,-0.000254631042,1
1180,11.959982,0.245124325,-0.136590362,0.1122256,-0.177936628,-1.03641009,-0.232874081,0.00987340324,2.96214414,0.414120436,-0.978202701,9.93958759,0.00424827542,0.000504402502,0.00987340324,2.9620657,-0.000254631042,1
1181,11.969982,0.21116133,-0.186058223,0.120347172,-0.135113716,-1.03550434,1.05770099,-0.0114318859,2.96160364,-0.855239987,-1.20812452,9.4486084,-0.00853489805,0.0100917816,-0.0114318859,2.96194363,-0.000254631042,1
1182,11.979968,0.0642343909,-0.146926939,0.169815063,-0.0989357159,-1.20748508,-0.262067169,-0.0338024385,2.96160364,0.473995924,-1.14106405,9.9755125,-0.0149264848,0.0218096916,-0.0338024385,2.96176052,-0.000254631042,1
1183,11.989966,0.175721675,-0.153571874,0.135852039,-0.0945057645,0.884558737,0.545078099,-0.0401940234,2.96141171,-0.694773674,0.772556663,8.77800274,-0.0202528071,0.0100917816,-0.0401940234,2.96133327,-0.000254631042,1
1184,11.999979,0.1122256,-0.262844145,0.189749852,-0.122562163,-1.69357896,0.437742829,-0.0263455883,2.96141171,-0.127153978,-1.744609,11.1203327,-0.00533910468,0.0111570461,-0.0263455883,2.96118069,-0.000254631042,1
1185,12.009965,0.140282005,-0.146926939,0.1122256,-0.145450279,0.739285827,0.907181799,-0.0263455883,2.96087122,-1.02528632,0.56418997,9.54440975,-1.27822468e-05,-0.0112135075,-0.0263455883,2.96090603,-0.000254631042,1
1186,12.019985,0.152833551,-0.203039736,0.194179818,-0.155048519,-1.81441128,0.216234967,-0.0124971503,2.9601388,0.114743009,-1.82364464,10.2748899,-0.0213180706,0.00796125364,-0.0124971503,2.96084499,-0.000254631042,1
1187,12.029960,0.141758651,-0.149880245,0.13068375,-0.182366595,0.553155124,0.687984943,-0.0199540015,2.96087122,-0.776204288,0.420488805,8.58400631,-1.27822468e-05,-0.00162612647,-0.0199540015,2.96060085,-0.000254631042,1
1188,12.039957,0.20968467,-0.222974524,0.226666182,-0.186058223,-1.97746801,0.0963473022,0.00135128724,2.96077514,0.260839194,-1.96255577,9.99467278,-0.0245138649,0.00689598918,0.00135128724,2.96069241,-0.000254631042,1
1189,12.049966,0.149141908,-0.197871432,0.181628272,-0.193441495,0.836279511,0.435984224,-0.0263455883,2.96004272,-0.579812706,0.743816435,9.25221729,0.0127703911,-0.00588718429,-0.0263455883,2.96047878,-0.000254631042,1
1190,12.059962,0.254722565,-0.191964835,0.180151626,-0.208946332,-1.7850287,0.907253087,0.00774287386,2.9601388,-0.57023263,-1.9194454,9.80307102,-0.00214331108,-0.00482191984,0.00774287386,2.96047878,-0.000254631042,1
1191,12.069960,0.13068375,-0.2613675,0.186796546,-0.182366595,0.792663336,-0.0143444883,-0.0220845304,2.95935369,-0.129548997,0.782136738,10.2174101,0.0234230366,0.00902651716,-0.0220845304,2.96026516,-0.000254631042,1
1192,12.079957,0.236264423,-0.141020313,0.185319901,-0.203039736,-0.602130234,0.425344288,0.0130691966,2.95935369,-0.309175491,-0.669245124,10.1671143,-0.0159917492,-0.00695244875,0.0130691966,2.96023464,-0.000254631042,1
1193,12.089966,0.100412376,-0.248815984,0.160216808,-0.153571874,0.245022595,0.291127771,-0.00610556407,2.95925808,-0.330730677,0.188171908,9.53722382,-1.27822468e-05,-0.000560861954,-0.00610556407,2.96020412,-0.000254631042,1
1194,12.099962,0.175721675,-0.159478486,0.222236201,-0.173506677,-0.796234846,0.204828396,0.0279828981,2.96004272,-0.0576984063,-0.820131361,9.30251217,-0.0213180706,-0.0080177132,0.0279828981,2.96017361,-0.000254631042,1
1195,12.110034,0.177198321,-0.242909357,0.155786842,-0.230357811,0.0435668305,0.562011778,0.0215913113,2.96023464,-0.560652554,-0.0585151166,9.13725567,-0.00746963359,-0.012278772,0.0215913113,2.96032619,-0.000254631042,1
1196,12.119963,0.195656478,-0.199348107,0.215591267,-0.189011529,-0.102103092,0.152842,0.0428966023,2.96042633,-0.131944016,-0.127970681,9.83660221,-0.0181222782,-0.00269139092,0.0428966023,2.96063137,-0.000254631042,1
1197,12.130007,0.226666182,-0.182366595,0.13068375,-0.208946332,-0.323799461,0.631601095,0.0311786924,2.96071386,-0.563047588,-0.432138205,9.88210678,0.0031830112,-0.0293230023,0.0311786924,2.96093655,-0.000254631042,1
1198,12.139981,0.149141908,-0.244386002,0.259152532,-0.172030017,-0.360980064,0.496811539,0.0567450412,2.96154213,-0.42413643,-0.444113284,9.78151608,0.0180967133,-0.0218661521,0.0567450412,2.96130276,-0.000254631042,1
1199,12.149979,0.198609769,-0.205993056,0.161693454,-0.213376299,0.178210869,0.530123293,0.0333092213,2.96154213,-0.553467512,0.0803960189,9.76475143,0.0308798868,-0.0378451198,0.0333092213,2.96169949,-0.000254631042,1
1200,12.159964,0.135852039,-0.251030952,0.237741053,-0.197871432,-0.281382263,0.387124926,0.0556797758,2.96227455,-0.330730677,-0.345917493,10.0186234,0.0212925076,-0.0325187966,0.0556797758,2.96209621,-0.000254631042,1
1201,12.170004,0.177198321,-0.205993056,0.157263488,-0.252507597,-0.668779135,0.559576452,0.0258523691,2.96227455,-0.431321502,-0.757860839,9.90126705,0.00531353988,-0.0218661521,0.0258523691,2.96252346,-0.000254631042,1
1202,12.179980,0.215591267,-0.207469687,0.20968467,-0.197871432,0.0390739217,0.370398432,0.0279828981,2.96291113,-0.371445984,-0.027379863,9.44142342,-0.0159917492,0.000504402502,0.0279828981,2.96267605,-0.000254631042,1
1203,12.189983,0.223712862,-0.210422993,0.21928291,-0.256937563,-0.605325103,0.0365933552,0.00454708049,2.96281552,0.0716326535,-0.602184594,9.84857655,-0.00533910468,0.0186138973,0.00454708049,2.96279812,-0.000254631042,1
1204,12.200004,0.166861728,-0.204516381,0.155786842,-0.221497893,0.506629884,0.249065563,-0.0242150594,2.9620831,-0.335520715,0.45401907,9.89887238,-0.0127959559,0.025005484,-0.0242150594,2.96270657,-0.000254631042,1
1205,12.209979,0.243647665,-0.173506677,0.20968467,-0.180889934,-0.482158273,0.192432627,-0.0401940234,2.96198702,-0.103203781,-0.508778811,10.2701006,0.0127703911,0.0260707494,-0.0401940234,2.96252346,-0.000254631042,1
1206,12.220002,0.212637976,-0.170553386,0.214114636,-0.220021233,0.534352958,-0.0140347229,-0.0636298433,2.96198702,-0.0816486031,0.528264701,9.85097218,0.0255535655,0.0207444262,-0.0636298433,2.9620657,-0.000254631042,1
1207,12.229987,0.137328684,-0.172030017,0.217806265,-0.197871432,0.24867174,0.181292489,-0.0540424623,2.9612546,-0.222954765,0.212122098,10.2126198,0.0159661844,0.0154181039,-0.0540424623,2.9615469,-0.000254631042,1
1208,12.240002,0.203778043,-0.221497893,0.152833551,-0.211899653,0.562283874,-0.261040956,-0.0540424623,2.96042633,0.155458346,0.60011524,10.4090118,0.0180967133,0.00796125364,-0.0540424623,2.96105862,-0.000254631042,1
1209,12.249964,0.164646775,-0.191964835,0.206731379,-0.194918156,0.0938318744,-0.163165063,-0.0146276793,2.96087122,0.13629818,0.161826685,9.37915325,-0.0127959559,0.000504402502,-0.0146276793,2.96066189,-0.000254631042,1
1210,12.259962,0.242171019,-0.208946332,0.231096148,-0.204516381,-0.0487319976,0.218524262,-0.00823609252,2.96067929,-0.316360533,0.394143581,9.26898193,-0.00960016251,0.00689598918,-0.00717082852,2.9605093,-0.000254631042,1
1211,12.269982,0.192703143,-0.186058223,0.175721675,-0.153571874,0.399140835,-0.379909128,0.00880813878,2.95994687,0.200963706,1.09348929,10.1383743,-0.0426233634,0.0154181039,0.0130691966,2.96044827,-0.000254631042,1
1212,12.279968,0.180151626,-0.15800184,0.214114636,-0.179413289,0.58043915,0.0378122479,0.0205260478,2.96087122,-0.325940639,0.133086458,9.83660221,-0.022383336,0.00263493136,0.0237218402,2.96057034,-0.000254631042,1
1213,12.290008,0.146188602,-0.264320821,0.154310212,-0.146926939,0.758114636,-0.135712832,0.0258523691,2.96106267,0.0404973961,0.281577677,9.80546665,-0.0213180706,0.00583072472,0.0311786924,2.96081448,-0.000254631042,1
1214,12.299982,0.157263488,-0.176459983,0.225189522,-0.174983323,-0.53346616,0.0975351781,0.035439752,2.96115875,-0.304385424,-0.518358886,9.93719292,-0.0202528071,-0.00695244875,0.030113427,2.96111965,-0.000254631042,1
1215,12.309980,0.191226512,-0.186058223,0.166861728,-0.176459983,1.07477939,0.16047205,0.0226565767,2.96198702,-0.563047588,1.04319394,9.58512497,0.0180967133,0.0111570461,0.0343744867,2.96130276,-0.000254631042,1
1216,12.320014,0.185319901,-0.187534884,0.21928291,-0.242909357,-0.384073853,0.491112411,0.0439618677,2.96189117,-0.323545605,-0.460878432,9.74080086,-0.010665427,0.00796125364,0.035439752,2.96160793,-0.000254631042,1
1217,12.329966,0.188273221,-0.186058223,0.183843255,-0.159478486,-0.773679554,0.128597796,0.0183955189,2.96189117,0.0117571615,-0.784206092,9.91324234,-0.0117306914,0.00263493136,0.0130691966,2.96188259,-0.000254631042,1
1218,12.339987,0.202301398,-0.162431777,0.0738326311,-0.179413289,0.993204296,-0.0072801807,0.0066776094,2.96198702,-0.170264333,0.97852838,8.99115944,-0.0159917492,0.000504402502,0.0066776094,2.96203518,-0.000254631042,1
1219,12.349961,0.174245,-0.235526085,0.225189522,-0.160955131,-0.367761731,0.125375822,0.0258523691,2.9620831,-0.0576984063,-0.384237796,9.8318119,0.0095745977,0.00476546027,0.0226565767,2.9622488,-0.000254631042,1
1220,12.359981,0.194179818,-0.165385097,0.115178905,-0.156525165,0.670088053,0.170782521,0.0130691966,2.96217871,-0.287620306,0.628855526,9.84139156,0.0223577712,-0.00908297859,0.0130691966,2.96243191,-0.000254631042,1
1221,12.369958,0.200824752,-0.199348107,0.200824752,-0.153571874,0.315158755,0.10614711,0.0386355445,2.96217871,-0.160684258,0.291157752,10.126399,-0.00746963359,0.0015696669,0.0386355445,2.96270657,-0.000254631042,1
1222,12.379998,0.166861728,-0.159478486,0.135852039,-0.155048519,0.0844687894,0.204004869,0.0269176345,2.96291113,-0.215769708,0.0468657464,9.80307102,0.0138356555,-0.0112135075,0.0269176345,2.96301174,-0.000254631042,1
1223,12.389985,0.205254719,-0.176459983,0.240694344,-0.141020313,0.179716751,0.233070359,0.0524839833,2.96310306,-0.261275083,0.135481477,9.52524948,-0.0202528071,-0.0282577388,0.0524839833,2.96340847,-0.000254631042,1
1224,12.399981,0.101889022,-0.204516381,0.146188602,-0.186058223,-0.173379317,0.761348724,0.0333092213,2.96393132,-0.718723834,-0.305202127,9.80307102,0.00105248217,-0.0357145891,0.0333092213,2.96377468,-0.000254631042,1
1225,12.409988,0.200824752,-0.182366595,0.223712862,-0.172030017,0.255045235,0.139505729,0.0556797758,2.9645679,-0.182239428,0.226492211,10.2317801,-0.00960016251,-0.0314535312,0.0556797758,2.96417141,-0.000254631042,1
1226,12.419962,0.1122256,-0.199348107,0.123300485,-0.189011529,0.147622213,1.00785553,0.0290481634,2.9645679,-1.01810133,-0.0321699008,10.0952635,-1.27822468e-05,-0.0367798544,0.0290481634,2.96462917,-0.000254631042,1
1227,12.429982,0.13216041,-0.160955131,0.212637976,-0.190488189,-0.0646245033,0.447283447,0.0503534526,2.96466374,-0.428926468,-0.142340809,10.0305986,0.0117051266,-0.0325187966,0.0503534526,2.96499538,-0.000254631042,1
1228,12.439967,0.134375393,-0.155048519,0.109272294,-0.208946332,-0.123647675,0.825193942,0.0247871056,2.96475959,-0.790574431,-0.266881824,9.41747284,0.0159661844,-0.0271924734,0.0247871056,2.9653616,-0.000254631042,1
1229,12.450007,0.120347172,-0.170553386,0.226666182,-0.189011529,-0.0236505382,0.447170734,0.0428966023,2.96549201,-0.43611154,-0.101625472,9.85336685,0.0138356555,-0.00588718429,0.0428966023,2.96572781,-0.000254631042,1
1230,12.459980,0.177198321,-0.132898733,0.138805345,-0.196394801,-0.183611438,0.16406922,0.0194607824,2.96637273,-0.129548997,-0.209401354,9.81504631,0.0127703911,-0.010148243,0.0194607824,2.96603298,-0.000254631042,1
1231,12.469977,0.117393889,-0.141020313,0.188273221,-0.189011529,-0.360916644,0.577368021,0.0066776094,2.96627688,-0.505567074,-0.456088394,9.9443779,-0.022383336,-0.00269139092,0.0066776094,2.96618557,-0.000254631042,1
1232,12.479963,0.198609769,-0.132898733,0.144711956,-0.159478486,0.0372346602,0.312257528,-0.00610556407,2.96627688,-0.313965529,-0.0177997835,9.69050598,-1.27822468e-05,-0.000560861954,-0.00610556407,2.96618557,-0.000254631042,1
1233,12.490008,0.135852039,-0.125515476,0.161693454,-0.114440568,-0.199917585,0.456422061,-0.000779241615,2.96627688,-0.414556354,-0.276461899,9.87013245,-0.0127959559,0.00796125364,-0.000779241615,2.96618557,-0.000254631042,1
1234,12.499982,0.180151626,-0.122562163,0.137328684,-0.160955131,0.308679372,0.0863588601,-0.0412592888,2.96539617,-0.139129072,0.288762718,10.0329933,0.00424827542,-0.000560861954,-0.0412592888,2.96594143,-0.000254631042,1
1235,12.509987,0.118870527,-0.142496973,0.151356876,-0.110010616,-0.36014384,0.27845785,-0.0252803247,2.96530032,-0.21097967,-0.403397977,9.7312212,-0.0149264848,-0.00695244875,-0.0252803247,2.96575832,-0.000254631042,1
1236,12.519961,0.123300485,-0.146926939,0.106318988,-0.138067007,0.951351404,0.156465635,-0.0529771969,2.96501279,-0.321150571,0.909072816,9.89887238,-0.00853489805,-0.00269139092,-0.0529771969,2.96545315,-0.000254631042,1
1237,12.529986,0.232572764,-0.108533971,0.180151626,-0.110010616,0.20718725,0.22596702,-0.0146276793,2.96482086,-0.258880049,0.164221704,9.77672672,-0.0138612203,0.00476546027,-0.0146276793,2.96505642,-0.000254631042,1
1238,12.539961,0.186796546,-0.0804775655,0.0583277754,-0.165385097,0.468162,0.295744628,-0.0540424623,2.96389675,-0.373841017,0.408513695,9.11091042,-0.0138612203,0.00902651716,-0.0540424623,2.96481228,-0.000254631042,1
1239,12.549978,0.198609769,-0.112963922,0.144711956,-0.131422073,0.468988687,0.706829906,-0.018888738,2.96389675,-0.778599322,0.336663097,9.38873291,-0.022383336,0.048441302,-0.018888738,2.96447659,-0.000254631042,1
1240,12.559964,0.234787777,-0.0760476068,0.0952440947,-0.222974524,0.346773237,0.689823866,-0.00610556407,2.96380091,-0.740279019,0.219307154,10.1455593,0.0031830112,0.0473760366,-0.00610556407,2.96444607,-0.000254631042,1
1241,12.569961,0.212637976,-0.0561127998,0.0398696214,-0.190488189,1.45185196,0.758798301,0.0130691966,2.96370482,-1.00373113,1.29467094,9.74798584,-0.010665427,0.0601592101,0.0130691966,2.96444607,-0.000254631042,1
1242,12.579958,0.240694344,-0.0391312912,0.0598044321,-0.221497893,0.178874195,1.39403915,0.0375702791,2.96380091,-1.40369952,-0.0704902187,9.79828167,0.0127703911,0.0590939485,0.0375702791,2.96472073,-0.000254631042,1
1243,12.589966,0.149141908,-0.053159494,0.0708793253,-0.162431777,0.501200557,1.11717403,0.0439618677,2.96399236,-1.18814766,0.29594779,9.91084766,0.0223577712,0.0590939485,0.0439618677,2.9650259,-0.000254631042,1
1244,12.599964,0.20968467,-0.0730943009,0.0354396626,-0.173506677,0.434010625,0.961412132,0.0471576601,2.96428037,-1.02289128,0.257627487,9.99467278,0.0159661844,0.0324623361,0.0471576601,2.96533108,-0.000254631042,1
1245,12.609960,0.215591267,-0.0155048529,0.0354396626,-0.275395721,0.158133253,1.35147536,0.0460923947,2.96447182,-1.35819411,-0.0824653134,10.0305986,0.01490092,0.00902651716,0.0460923947,2.96572781,-0.000254631042,1
1246,12.619958,0.198609769,0,0.0228881147,-0.174983323,-0.351873875,1.46697783,0.0588755682,2.96466374,-1.38214433,-0.604579628,10.0928688,-0.00427384023,0.00583072472,0.0588755682,2.96618557,-0.000254631042,1
1247,12.629967,0.129207104,0.00442995783,0.0169815049,-0.191964835,0.592644095,1.1354115,0.0578103065,2.96549201,-1.22167802,0.384563506,9.81983662,-0.00107804674,-0.0080177132,0.0578103065,2.96664333,-0.000254631042,1
1248,12.639964,0.248077646,0.0073832632,-0.012551547,-0.282778949,0.445680261,0.782595515,0.0652671531,2.96720099,-0.848054886,0.303132832,9.48213863,0.00211774674,-0.0229314156,0.0652671531,2.96716213,-0.000254631042,1
1249,12.790000,0.314526975,0.109272294,-0.026579747,-0.262844145,0.765422106,0.376379579,-0.0966530442,2.96764565,-0.5031721,0.688731015,9.92042732,0.0340756811,0.0100917816,-0.0860003978,2.96881008,-0.000254631042,1
1250,12.800030,0.327078551,0.0472528823,-0.0361779891,-0.259890854,0.317888081,0.153192014,-0.076413013,2.96662569,-0.206189632,0.286367714,9.81744194,0.0362062082,0.0100917816,-0.0753477514,2.96813869,-0.000254631042,1
1251,12.809959,0.325601876,0.0214114618,-0.0295330528,-0.320433617,0.155493394,0.293768346,-0.0551077276,2.96652985,-0.316360533,0.101951197,10.013833,0.0330104157,0.0015696669,-0.0551077276,2.96752834,-0.000254631042,1
1252,12.819983,0.301237136,0.0612810813,-0.0081215892,-0.289423913,-0.132628381,0.286473423,-0.0199540015,2.96589327,-0.258880049,-0.180661112,10.0569439,0.0138356555,-0.00375665538,-0.0199540015,2.96713161,-0.000254631042,1
1253,12.829958,0.274657369,-0.00959824212,-0.0177198313,-0.2613675,0.289935052,-0.155846909,-0.0199540015,2.96589327,0.102767907,0.312712908,10.373086,-0.00853489805,-0.012278772,-0.0199540015,2.96682644,-0.000254631042,1
1254,12.840003,0.297545522,0.0273180734,-0.00221497891,-0.279825658,0.110238723,-0.16774331,0.00454708049,2.96579742,0.145878255,0.137876496,10.1072388,-0.0255791284,-0.023996681,0.00454708049,2.96667385,-0.000254631042,1
1255,12.849978,0.290162235,0.00590661028,0.00885991566,-0.237002745,-0.425543964,0.212075323,0.01626499,2.96570134,-0.134339035,-0.456088394,9.73601055,-0.0287749227,-0.0314535312,0.01626499,2.96679592,-0.000254631042,1
1256,12.859998,0.245124325,-0.085645847,0.0524211675,-0.329293549,-0.268557131,-0.219819486,-0.000779241615,2.96652985,0.263234228,-0.226166487,9.83899689,-0.0181222782,-0.0378451198,-0.000779241615,2.96682644,-0.000254631042,1
1257,12.869983,0.257675886,-0.0760476068,0.164646775,-0.303452075,-0.244521663,-0.0561224669,0.0183955189,2.96598935,0.0979778692,-0.230956525,9.8318119,-0.0127959559,-0.0527588204,0.0183955189,2.96682644,-0.000254631042,1
1258,12.880001,0.178674966,-0.197871432,0.214114636,-0.222974524,1.80586696,-0.496375382,0.00561234495,2.96672177,0.174618497,1.86468565,11.0389013,-0.010665427,-0.0421061777,0.00561234495,2.96691799,-0.000254631042,1
1259,12.889987,0.229619488,-0.26948911,0.120347172,-0.278349042,0.777224541,0.163938642,-0.0220845304,2.96598935,-0.297200382,0.736631393,11.1778126,-0.0341012478,-0.0687377825,-0.0220845304,2.96682644,-0.000254631042,1
1260,12.899987,0.228142828,-0.104104005,0.225189522,-0.235526085,-1.94252086,-0.994074881,-0.0210192669,2.96662569,1.31704283,-1.73981893,10.8952007,-0.039427571,-0.101760983,-0.0210192669,2.96661282,-0.000254631042,1
1261,12.909979,0.197133109,-0.131422073,0.075309284,-0.225927845,0.267079651,-0.120167308,-0.0689561665,2.96589327,0.0716326535,0.283972681,9.08456516,-0.0511454791,-0.0953693986,-0.0689561665,2.96609402,-0.000254631042,1
1262,12.919966,0.262105852,-0.0900758132,0.171291694,-0.193441495,-0.284582734,-0.924653471,-0.0433898196,2.96570134,0.960184932,-0.118390612,8.1529026,-0.0490149483,-0.0346493237,-0.0433898196,2.96563625,-0.000254631042,1
1263,12.930001,0.226666182,-0.12108551,0.0657110363,-0.290900558,-0.539300799,-0.648438573,-0.0433898196,2.96605039,0.732658029,-0.417768091,8.24391365,-0.00533910468,0.0196791627,-0.0433898196,2.96533108,-0.000254631042,1
1264,12.940002,0.273180723,-0.0546361469,0.144711956,-0.318956971,-1.20005858,-1.0659821,-0.0242150594,2.96566677,1.25956237,-0.994967818,10.8808308,-0.0149264848,0.0527023599,-0.0242150594,2.96499538,-0.000254631042,1
1265,12.950007,0.262105852,-0.139543667,0.115178905,-0.286470622,-0.475643665,-1.22109938,-0.0519119352,2.96405387,1.28590763,-0.25251171,11.5274858,0.0223577712,0.0111570461,-0.0519119352,2.96447659,-0.000254631042,1
1266,12.959982,0.262105852,-0.131422073,0.101889022,-0.191964835,-0.343582928,-0.913693905,-0.0295413826,2.96306849,0.960184932,-0.175871074,10.2629156,-0.0117306914,-0.0271924734,-0.0295413826,2.96395779,-0.000254631042,1
1267,12.969979,0.259152532,-0.0561127998,0.140282005,-0.210422993,-0.627554715,-0.665145874,-0.0231497958,2.96271944,0.766188323,-0.499198735,8.83069324,0.0117051266,-0.0133440364,-0.0231497958,2.96371365,-0.000254631042,1
1268,12.979965,0.192703143,-0.15800184,0.0937674418,-0.22740449,0.142960683,-0.755507171,-0.0167582091,2.96370482,0.718287945,0.274392605,9.10133076,0.0106398622,0.0196791627,-0.0167582091,2.96350002,-0.000254631042,1
1269,12.989987,0.256199241,-0.159478486,0.166861728,-0.191964835,-0.872526765,-0.718914092,0.0109386677,2.96367025,0.861989141,-0.731515646,10.5455275,-0.00107804674,0.0292665418,0.0109386677,2.96337795,-0.000254631042,1
1270,12.999961,0.175721675,-0.146926939,0.141758651,-0.187534884,-0.208155826,-0.21784167,-0.00290977047,2.96357465,0.251259118,-0.166290998,9.85336685,-0.00107804674,-0.012278772,-0.00290977047,2.96340847,-0.000254631042,1
1271,13.010000,0.267274112,-0.199348107,0.175721675,-0.146926939,0.716017127,-0.691487491,0.00454708049,2.96268487,0.553031564,0.827642143,9.95395756,-0.0149264848,0.00476546027,0.00454708049,2.96340847,-0.000254631042,1
1272,13.020122,0.205254719,-0.162431777,0.181628272,-0.2613675,-0.66853857,0.238443077,0.0290481634,2.96198702,-0.115178876,-0.700380385,10.0018578,0.00850933325,-0.0154745653,0.0290481634,2.96353054,-0.000254631042,1
1273,13.029958,0.166861728,-0.199348107,0.138805345,-0.170553386,0.369133204,-0.363173068,0.0333092213,2.96335602,0.291974455,0.427673846,9.68332005,-0.00107804674,0.0111570461,0.0333092213,2.96368313,-0.000254631042,1
1274,13.040008,0.198609769,-0.159478486,0.21116133,-0.167600065,-1.04252446,-0.152777255,0.051418718,2.9658587,0.332689762,-0.999757826,10.1024485,-0.00853489805,0.00796125364,0.051418718,2.96401882,-0.000254631042,1
1275,13.049982,0.191226512,-0.187534884,0.118870527,-0.153571874,0.630197346,-0.253022969,0.030113427,2.96547532,0.138693199,0.664780796,9.87731743,0.00211774674,-0.0112135075,0.030113427,2.96441555,-0.000254631042,1
1276,13.059997,0.20968467,-0.152095214,0.198609769,-0.124038823,-0.0647891611,0.160257742,0.0439618677,2.9642458,-0.146314129,-0.0920453891,10.0545483,-0.00427384023,-0.0133440364,0.0439618677,2.96472073,-0.000254631042,1
1277,13.069983,0.169815063,-0.207469687,0.109272294,-0.152095214,0.00890537351,0.232206672,0.0194607824,2.96437597,-0.230139822,-0.0321699008,9.66895008,0.0234230366,-0.0250619445,0.0194607824,2.9650259,-0.000254631042,1
1278,13.079979,0.191226512,-0.172030017,0.183843255,-0.139543667,0.258184284,0.306843638,0.0386355445,2.96466374,-0.347495794,0.200147003,10.1311893,0.0106398622,-0.00695244875,0.0386355445,2.96523952,-0.000254631042,1
1279,13.089977,0.161693454,-0.194918156,0.129207104,-0.135113716,-0.727944493,0.111878179,0.0194607824,2.96662569,0.0165472012,-0.736305714,9.93719292,0.00850933325,-0.00908297859,0.0194607824,2.96563625,-0.000254631042,1
1280,13.099986,0.189749852,-0.146926939,0.141758651,-0.169076726,0.580369055,0.221188232,0.0215913113,2.96678281,-0.318755567,0.533054709,9.33364773,-0.00320857554,-0.0154745653,0.0215913113,2.96578884,-0.000254631042,1
1281,13.109982,0.163170099,-0.208946332,0.135852039,-0.104104005,-1.02027762,0.177983105,0.0205260478,2.96678281,0.00217708293,-1.03568316,9.69769096,-1.27822468e-05,-0.0112135075,0.0205260478,2.9660635,-0.000254631042,1
1282,13.119979,0.192703143,-0.155048519,0.123300485,-0.163908437,0.71806407,0.227884009,-0.00290977047,2.96589327,-0.349890828,0.667175829,9.14204597,0.0127703911,-0.0229314156,-0.00290977047,2.96612453,-0.000254631042,1
1283,13.129977,0.0981974006,-0.169076726,0.161693454,-0.104104005,-0.333201647,0.33440116,0.0215913113,2.96549201,-0.270855159,-0.38663283,9.81025696,0.0138356555,-0.00695244875,0.0215913113,2.96621609,-0.000254631042,1
1284,13.139986,0.146188602,-0.162431777,0.0782625824,-0.143973619,0.358887851,0.248215511,-0.0103666214,2.96700931,-0.306780457,0.310317874,9.69769096,0.0255535655,-0.0154745653,-0.0103666214,2.96630764,-0.000254631042,1
1285,13.149982,0.104842335,-0.129945427,0.141758651,-0.0841691941,-0.273037463,0.775440156,0.0215913113,2.96726227,-0.7163288,-0.403397977,9.78630638,0.0255535655,0.0111570461,0.0215913113,2.96636868,-0.000254631042,1
1286,13.169998,0.154310212,-0.107057318,0.137328684,-0.165385097,0.608397782,0.296249717,-0.0167582091,2.96570134,-0.620528042,0.145061553,9.43663311,0.00744406879,0.00583072472,-0.0167582091,2.96636868,-0.000254631042,1
1287,13.179984,0.0937674418,-0.125515476,0.127730444,-0.0900758132,0.458514601,0.0668086037,-0.0210192669,2.96501279,0.0452874377,0.767766654,10.0761042,0.01490092,0.0143528394,-0.0274108537,2.96618557,-0.000254631042,1
1288,13.190006,0.120347172,-0.0930291116,0.109272294,-0.111487262,0.458207041,0.461057305,-0.0263455883,2.96520424,-0.610947967,0.537844777,9.94677258,-0.00427384023,0.013287575,-0.0231497958,2.96588039,-0.000254631042,1
1289,13.199978,0.0849075317,-0.0760476068,0.0937674418,-0.112963922,0.248671398,0.598246455,-0.0252803247,2.96589327,-0.584602773,0.0396806858,10.2293854,0.0180967133,0.0175486337,-0.0263455883,2.96572781,-0.000254631042,1
1290,13.209964,0.134375393,-0.0900758132,0.138805345,-0.0324863568,1.3528806,0.0498481654,-0.0295413826,2.96614623,-0.285225272,1.02882373,9.99467278,0.0212925076,0.0122223105,-0.0274108537,2.96548367,-0.000254631042,1
1291,13.219999,0.140282005,-0.0730943009,0.120347172,-0.0701410025,0.524058223,0.242165878,-0.0210192669,2.96443725,-0.352285832,0.549819827,9.98988342,0.0202272423,0.0122223105,-0.0210192669,2.96533108,-0.000254631042,1
1292,13.229985,0.0922907889,-0.0945057645,0.0679260194,-0.184581578,0.856414795,0.452318519,-0.0210192669,2.96389675,-0.596577823,0.930628002,9.34801769,0.0159661844,0.00583072472,-0.0220845304,2.96508694,-0.000254631042,1
1293,13.239987,0.0834308639,-0.0561127998,0.13216041,-0.053159494,0.881493986,0.226542234,-0.00930135697,2.96408844,-0.378631055,0.827642143,9.75996113,0.00637880433,0.0164833684,-0.00504029961,2.9648428,-0.000254631042,1
1294,13.249961,0.155786842,-0.107057318,0.0834308639,-0.0959824175,0.77617079,0.113895856,-0.00504029961,2.96389675,-0.249299973,0.743816435,10.1311893,0.0106398622,0.00583072472,-0.00290977047,2.96469021,-0.000254631042,1
1295,13.259998,0.101889022,-0.0465145558,0.0472528823,-0.119608864,0.698527277,0.0479125492,0.00454708049,2.96443725,-0.170264333,0.679150939,9.97072315,-0.0138612203,-0.00588718429,0.00880813878,2.96459866,-0.000254631042,1
1296,13.269984,0.0708793253,-0.053159494,0.0694026724,-0.0664493665,0.636675358,0.110022023,0.0215913113,2.9643414,-0.220559746,0.607300341,9.54440975,-0.010665427,-0.00908297859,0.0215913113,2.96472073,-0.000254631042,1
1297,13.279984,0.143235311,-0.0841691941,0.0849075317,-0.085645847,0.28447023,-0.157963336,0.0205260478,2.96380091,0.105162926,0.30792287,9.90366268,-0.0202528071,-0.0229314156,0.0205260478,2.96490383,-0.000254631042,1
1298,13.289959,0.0428229235,-0.0295330528,0.00885991566,-0.0664493665,0.998113751,0.198229074,0.00774287386,2.96399236,-0.371445984,0.947393119,9.32406712,-0.0234485995,-0.0229314156,0.00774287386,2.96499538,-0.000254631042,1
1299,13.299984,0.0428229235,-0.0546361469,0.0598044321,-0.122562163,0.83357054,0.0143220322,0.0237218402,2.96482086,-0.160684258,0.818062067,9.74319553,0.00531353988,-0.00162612647,0.0237218402,2.96514797,-0.000254631042,1
1300,13.309957,0.0723559782,-0.0494678579,0.0642343909,-0.0177198313,-0.0100579653,-0.255844921,0.0183955189,2.96560574,0.253654152,0.034890648,10.2653103,0.0095745977,0.00263493136,0.0183955189,2.96530056,-0.000254631042,1
1301,13.319986,0.0967207476,-0.00516828429,-0.012551547,-0.0841691941,1.12846816,-0.0229793191,-0.00290977047,2.96550989,-0.175054371,1.11504447,9.54440975,0.0031830112,-0.0112135075,-0.00290977047,2.96530056,-0.000254631042,1
1302,13.329961,0.00442995783,0.00147665257,0.0273180734,-0.0347013362,0.195287704,0.281589448,-0.00717082852,2.96462917,-0.311570495,0.142666534,9.53482914,-0.00320857554,0.0100917816,-0.00717082852,2.96527004,-0.000254631042,1
1303,13.339979,-0.0036916316,0.00590661028,-0.00959824212,-0.0140281999,0.806340992,-0.192559958,-0.0199540015,2.96472478,0.0476824567,0.827642143,9.89168739,0.00637880433,0.0186138973,-0.0199540015,2.96511745,-0.000254631042,1
1304,13.349964,-0.00221497891,0.00885991566,-0.012551547,-0.0177198313,1.61215377,-0.543553233,-0.0199540015,2.96462917,0.251259118,1.68266416,9.92521763,0.0159661844,0.00796125364,-0.0199540015,2.96496487,-0.000254631042,1
1305,13.359999,0,-0.0036916316,-0.0191964842,-0.0177198313,0.67276597,-0.163953647,-0.00717082852,2.96453333,0.0428924151,0.691125989,10.0162287,0.0170314498,-0.00908297859,-0.00717082852,2.96490383,-0.000254631042,1
1306,13.369998,0.00147665257,0,0.0184581578,0,0.810475886,-0.237337813,-0.00184450613,2.96443725,0.0907928124,0.839617252,9.95874786,0.00744406879,0.000504402502,-0.00184450613,2.96490383,-0.000254631042,1
1307,13.379978,0,0.00590661028,-0.0036916316,-0.00959824212,0.96076113,-0.281275421,0.0120039321,2.96443725,0.107557945,0.995293498,9.76475143,-0.0149264848,-0.00588718429,0.0120039321,2.96493435,-0.000254631042,1
1308,13.390000,0,0.00442995783,-0.0280563999,0,0.590483665,-0.161455572,0.0194607824,2.96443725,0.0548675135,0.609695315,9.79349136,-0.0138612203,0.00583072472,0.0194607824,2.96508694,-0.000254631042,1
1309,13.399987,0,0.00442995783,0.0073832632,0.00442995783,-0.22627084,-0.0762653053,0.0311786924,2.96541381,0.114743009,-0.209401354,9.93000793,-0.0127959559,-0.00162612647,0.0311786924,2.9653616,-0.000254631042,1
1310,13.409988,0,0.0132898735,-0.0251030941,0.00590661028,-0.208748281,0.0495052747,0.030113427,2.96560574,-0.0121930353,-0.214191392,9.91084766,-0.0149264848,-0.00269139092,0.030113427,2.9655447,-0.000254631042,1
1311,13.419964,-0.00221497891,0.0169815049,-0.00221497891,0.00295330514,-0.555306673,0.193727612,0.0205260478,2.96579742,-0.0936237052,-0.580629408,9.65697575,-0.0213180706,-0.00588718429,0.0205260478,2.96575832,-0.000254631042,1
1312,13.429987,0,-0.00959824212,-0.0206731372,-0.0036916316,-0.45926562,0.269006163,0.00241655181,2.96598935,-0.184634447,-0.499198735,9.45100403,-0.00214331108,0.000504402502,0.00241655181,2.96597195,-0.000254631042,1
1313,13.439962,0,0.0073832632,-0.00516828429,-0.00221497891,-0.477483481,0.371968091,-0.00184450613,2.96598935,-0.282830268,-0.535124063,9.62823486,0.00211774674,0.0111570461,-0.00184450613,2.96609402,-0.000254631042,1
1314,13.449998,0,0.00442995783,-0.0036916316,0,-0.622249424,0.378326774,-0.0167582091,2.96579742,-0.263670087,-0.6788252,10.0449686,0.0138356555,0.0111570461,-0.0167582091,2.96600246,-0.000254631042,1
1315,13.459983,0,0,0.00295330514,0,-0.393265158,0.434953034,-0.0263455883,2.96579742,-0.359470904,-0.463273466,9.922822,-0.00214331108,0.00796125364,-0.0263455883,2.96578884,-0.000254631042,1
1316,13.470001,0,0.00147665257,0.00295330514,0.00295330514,-0.277821034,0.370997459,-0.0263455883,2.96482086,-0.316360533,-0.338732421,9.76714611,-0.00427384023,0.00476546027,-0.0263455883,2.96548367,-0.000254631042,1
1317,13.479987,0,0.00147665257,0.00590661028,-0.00221497891,0.03529929,0.380748928,-0.0274108537,2.96491671,-0.381026089,-0.0321699008,9.64739513,-1.27822468e-05,0.00476546027,-0.0274108537,2.96517849,-0.000254631042,1
1318,13.489984,0,0.00147665257,0.00442995783,-0.00221497891,0.0471285395,0.446761042,-0.0178234726,2.96482086,-0.448086619,-0.0321699008,9.78391171,0.00424827542,0.00370019581,-0.0178234726,2.9650259,-0.000254631042,1
1319,13.499960,0,0.00147665257,0.00590661028,-0.00221497891,-0.00356062548,0.448533207,-0.00930135697,2.96462917,-0.440901577,-0.0824653134,10.0042534,0.00531353988,-0.000560861954,-0.00930135697,2.96490383,-0.000254631042,1
1320,13.509982,0,0.00147665257,0.00295330514,0,0.0106413271,0.390083134,-0.00610556407,2.96380091,-0.385816127,-0.0585151166,9.84378719,-1.27822468e-05,-0.00695244875,-0.00610556407,2.96490383,-0.000254631042,1
1321,13.520019,0,0,0.00442995783,0,0.0159824695,0.379384905,0.00561234495,2.96389675,-0.376236051,-0.0513300598,9.80307102,0.00105248217,-0.00482191984,0.00561234495,2.96490383,-0.000254631042,1
1322,13.529959,0,0,-0.00516828429,0,0.0310631469,0.179575503,0.0130691966,2.96462917,-0.182239428,-0.00103464653,9.80067635,0.00211774674,-0.000560861954,0.0130691966,2.9650259,-0.000254631042,1
1323,13.540006,0,-0.00221497891,-0.00664493674,0.00147665257,-0.0620283708,0.188985467,0.0141344611,2.96399236,-0.175054371,-0.0944404155,9.78391171,-1.27822468e-05,0.0015696669,0.0141344611,2.96517849,-0.000254631042,1
1324,13.549980,0,-0.0036916316,-0.00664493674,0,-0.0621660836,0.120824546,0.0183955189,2.96462917,-0.107993819,-0.0824653134,9.78630638,0.00105248217,-0.00482191984,0.0183955189,2.96533108,-0.000254631042,1
1325,13.560001,0,-0.00221497891,-0.00664493674,0,-0.0538404509,0.126627401,0.0183955189,2.96472478,-0.115178876,-0.0752802566,9.87731743,-0.00427384023,-0.00162612647,0.0183955189,2.96548367,-0.000254631042,1
1326,13.569986,0,-0.00516828429,-0.00221497891,0,-0.0813694745,0.163176492,0.0173302535,2.96472478,-0.146314129,-0.108810529,9.78630638,-1.27822468e-05,-0.00375665538,0.0173302535,2.96563625,-0.000254631042,1
1327,13.580007,0,-0.0036916316,-0.00664493674,0.00147665257,-0.156410322,0.17900379,0.0141344611,2.96482086,-0.148709148,-0.185451165,9.80786133,0.0031830112,0.000504402502,0.0141344611,2.96572781,-0.000254631042,1
1328,13.589981,0,-0.00516828429,-0.00516828429,0,-0.0864521563,0.134868011,0.00774287386,2.96491671,-0.117573902,-0.108810529,9.80786133,-0.00107804674,0.0015696669,0.00774287386,2.96572781,-0.000254631042,1
1329,13.599981,0,0.00442995783,0,-0.00221497891,-0.0273430515,0.207033128,0.00348181627,2.96491671,-0.199004561,-0.0633051544,9.75996113,-0.00427384023,0.000504402502,0.00348181627,2.96572781,-0.000254631042,1
1330,13.609968,0,0.00295330514,0,-0.00221497891,-0.0676776022,0.226398826,-0.00184450613,2.96589327,-0.184634447,-0.0657001734,9.79588604,-0.00214331108,0.00370019581,-0.000779241615,2.96569729,-0.000254631042,1
1331,13.619965,0,0,0,0,-0.0323943794,0.178740293,-0.00717082852,2.96491671,-0.184634447,-0.0345649198,9.86055183,0.00105248217,-0.00269139092,-0.00610556407,2.96557522,-0.000254631042,1
1332,13.629962,0,0,0,0,-0.0197660588,0.249472409,-0.00930135697,2.96491671,-0.242114916,-0.0369599424,9.77672672,-1.27822468e-05,0.00263493136,-0.00823609252,2.96542263,-0.000254631042,1
1333,13.639959,0,0.00147665257,0,0,-0.0683515668,0.236250713,-0.00717082852,2.96491671,-0.21097967,-0.127970681,9.7312212,-1.27822468e-05,0.00476546027,-0.00397503516,2.96530056,-0.000254631042,1
1334,13.649967,0,0.00147665257,0,0,-0.0348999947,0.232718572,-0.00610556407,2.96482086,-0.239719898,-0.10641551,9.72164059,-0.00214331108,0.0015696669,-0.00504029961,2.96527004,-0.000254631042,1
1335,13.659964,0,0,0,0,-0.055176232,0.27031073,-0.00290977047,2.96570134,-0.225349784,-0.120785631,9.77433109,-0.00320857554,0.000504402502,-0.00290977047,2.96527004,-0.000254631042,1
1336,13.669962,0,0,0.00147665257,0,-0.0486021191,0.237607971,0.000286022841,2.96472478,-0.225349784,-0.0896503702,9.75038147,-1.27822468e-05,-0.000560861954,0.00135128724,2.96527004,-0.000254631042,1
1337,13.679958,0,-0.0036916316,0,-0.00221497891,-0.117419384,0.247459531,-0.000779241615,2.96482086,-0.222954765,-0.159105942,9.81265163,-0.00107804674,-0.000560861954,0.00135128724,2.96527004,-0.000254631042,1
1338,13.689966,0,-0.0036916316,0.00147665257,-0.00516828429,-0.136615336,0.289815545,0.0066776094,2.96482086,-0.261275083,-0.185451165,9.78391171,-0.00320857554,-0.000560861954,0.00561234495,2.96527004,-0.000254631042,1
1339,13.710007,0.0509445108,-0.085645847,0.0922907889,-0.118132211,-0.166179761,0.151553765,0.0066776094,2.96482086,-0.119968921,-0.190241203,9.96832752,0.0031830112,-0.00482191984,0.00880813878,2.96527004,-0.000254631042,1
1340,13.720004,0.129207104,-0.0716176555,0.0103365686,-0.156525165,-1.52810764,0.05909862,-0.0114318859,2.96482086,0.210543796,-1.51468706,9.98030281,-0.022383336,-0.0229314156,-0.0114318859,2.96523952,-0.000254631042,1
1341,13.729979,0,-0.0236264411,0.0302713774,0.0214114618,-0.0989283174,0.55555284,0.00987340324,2.96491671,-0.529517293,-0.195031241,9.13725567,-0.0330359787,-0.0165398289,0.00987340324,2.96514797,-0.000254631042,1
1342,13.739987,0.0657110363,-0.0236264411,0.0258414224,-0.0841691941,-0.247559443,0.584212244,-0.00930135697,2.96579742,-0.531912327,-0.345917493,9.51327419,-0.0149264848,0.0122223105,-0.00930135697,2.96517849,-0.000254631042,1
1343,13.749983,0.0797392428,-0.0819542184,0.0797392428,-0.0251030941,-0.0973067209,0.550435066,-0.00184450613,2.96472478,-0.524727225,-0.192636222,9.99946308,-0.00533910468,0.0196791627,-0.00184450613,2.96508694,-0.000254631042,1
1344,13.760000,0.0442995802,-0.129945427,0.0273180734,-0.111487262,-1.28892183,0.308452785,-0.00290977047,2.96472478,-0.0768585652,-1.32308555,10.591033,-0.0138612203,0.00263493136,-0.00290977047,2.96508694,-0.000254631042,1
1345,13.769986,0.158740163,-0.0140281999,0.0398696214,0.0118132206,0.287062913,-0.321114004,0.0311786924,2.96482086,0.265629232,0.339058131,9.570755,-0.0426233634,-0.0250619445,0.0311786924,2.96517849,-0.000254631042,1
1346,13.780006,0.0243647695,-0.0730943009,0.0273180734,-0.0590661056,-1.19944441,0.726120412,0.0215913113,2.96428037,-0.5031721,-1.30871534,8.16248322,-0.00640436914,-0.0293230023,0.0215913113,2.96545315,-0.000254631042,1
1347,13.789980,0.113702245,-0.0347013362,0.0169815049,-0.00959824212,-0.205342755,-0.381600916,0.0365050174,2.96510839,0.411725432,-0.135155752,9.14683628,0.0095745977,0.00689598918,0.0365050174,2.96557522,-0.000254631042,1
1348,13.800000,0.00590661028,-0.0206731372,0.0273180734,-0.0561127998,-0.588996947,0.512877464,0.0269176345,2.96672177,-0.402581245,-0.669245124,10.1311893,-1.27822468e-05,0.0122223105,0.0269176345,2.96594143,-0.000254631042,1
1349,13.809986,0.00147665257,-0.0140281999,0.00147665257,0.0073832632,0.350322098,0.0477402285,0.0183955189,2.96662569,-0.107993819,0.336663097,10.0018578,0.0031830112,0.0154181039,0.0183955189,2.96612453,-0.000254631042,1
1350,13.820021,0,0.0118132206,-0.00221497891,-0.0236264411,0.198386744,0.16449663,0.0109386677,2.96608496,-0.196609542,0.166616723,9.96114254,0.0202272423,-0.000560861954,0.0109386677,2.96630764,-0.000254631042,1
1351,13.830050,-0.00221497891,0.00442995783,-0.0036916316,0.0132898735,0.773634434,0.293066323,-0.00504029961,2.96539617,-0.42413643,0.71028614,9.78870106,0.0394020006,-0.00695244875,-0.00504029961,2.96636868,-0.000254631042,1
1352,13.839979,-0.00959824212,0.0132898735,-0.0081215892,-0.00664493674,0.560650229,0.435545713,-0.0114318859,2.96530032,-0.527122259,0.475574255,9.79828167,0.0372714698,0.0111570461,-0.0114318859,2.96636868,-0.000254631042,1
1353,13.849985,-0.00516828429,0.0354396626,0.00295330514,0.00295330514,0.688904762,0.243263587,-0.0114318859,2.96662569,-0.359470904,0.636040568,9.7312212,0.0212925076,0.0313970707,-0.0114318859,2.96627712,-0.000254631042,1
1354,13.859959,-0.00221497891,0.0302713774,-0.00221497891,0.0103365686,0.693003356,0.252081215,-0.0284761172,2.96633816,-0.36905098,0.638435602,9.69290066,0.00850933325,0.0335276015,-0.0284761172,2.96612453,-0.000254631042,1
1355,13.870002,0,0.0132898735,-0.0036916316,-0.00959824212,0.565663517,0.203239053,-0.036998231,2.96472478,-0.299595386,0.5210796,9.91563702,0.0159661844,0.0164833684,-0.036998231,2.96581936,-0.000254631042,1
1356,13.879987,0,0.0184581578,0.00885991566,0.0184581578,0.600734532,0.262414873,-0.0391287617,2.96428037,-0.364260942,0.545029819,9.96832752,0.0180967133,-0.0080177132,-0.0391287617,2.96551418,-0.000254631042,1
1357,13.889986,0,0.0118132206,-0.0081215892,0.0273180734,0.263128757,0.252370864,-0.036998231,2.96437597,-0.294805348,0.214517117,10.0018578,-0.00427384023,-0.00588718429,-0.036998231,2.96517849,-0.000254631042,1
1358,13.899962,0,0.0383929685,-0.00959824212,0.0147665264,0.0911119804,0.283166677,-0.0327371769,2.96408844,-0.294805348,0.0396806858,9.83899689,-0.0138612203,-0.00269139092,-0.0327371769,2.96481228,-0.000254631042,1
1359,13.909985,0,0.0103365686,0.00295330514,0.00442995783,-0.047805775,0.295895696,-0.0306066461,2.9643414,-0.282830268,-0.0992304534,9.69769096,-0.00960016251,0.00583072472,-0.0306066461,2.9645071,-0.000254631042,1
1360,13.919978,0,0.0118132206,-0.00664493674,0.0442995802,-0.338659704,0.0441742092,-0.0263455883,2.96341729,0.0165472012,-0.341127455,9.94198227,-0.00107804674,0.00263493136,-0.0263455883,2.96420193,-0.000254631042,1
1361,13.929964,0,0.0103365686,-0.0036916316,-0.00221497891,-0.236377448,0.152416453,-0.0199540015,2.9629724,-0.107993819,-0.259696782,9.86294651,-1.27822468e-05,-0.0144093009,-0.0199540015,2.96389675,-0.000254631042,1
1362,13.939980,-0.00221497891,-0.00664493674,0,0.0073832632,-0.271770567,0.266002595,-0.0114318859,2.9626236,-0.213374689,-0.314782232,9.81504631,-0.0149264848,-0.0080177132,-0.0114318859,2.96374416,-0.000254631042,1
1363,13.949966,-0.00221497891,0.00295330514,-0.00221497891,0.0369163156,-0.496806979,0.0849025026,-0.000779241615,2.96325994,0.00457210233,-0.503988802,9.73601055,-0.0117306914,-0.00269139092,-0.000779241615,2.96368313,-0.000254631042,1
1364,13.959986,0,0.00147665257,-0.00221497891,-0.0251030941,-0.404009908,0.262664437,0.0066776094,2.96370482,-0.187029466,-0.444113284,9.71685123,0.0031830112,-0.00162612647,0.0066776094,2.96368313,-0.000254631042,1
1365,13.969962,0,0,0,0.0199348107,-0.462066352,0.278018236,0.0109386677,2.96360898,-0.191819504,-0.503988802,9.77433109,0.0095745977,0.00583072472,0.0109386677,2.96368313,-0.000254631042,1
1366,13.979984,0,-0.00221497891,0.00147665257,0.0073832632,-0.204822317,0.273273885,0.00241655181,2.9629724,-0.232534841,-0.250116676,9.73601055,0.00105248217,0.0015696669,0.00241655181,2.96368313,-0.000254631042,1
1367,13.989959,0,-0.0036916316,0.00295330514,-0.0206731372,-0.00446356693,0.344214499,0.00454708049,2.96252751,-0.337915719,-0.0657001734,9.78870106,-0.00533910468,0.0015696669,0.00454708049,2.96368313,-0.000254631042,1
1368,13.999986,0,-0.00516828429,-0.00221497891,0.0228881147,0.0214562789,0.300552696,0.00561234495,2.96335602,-0.299595386,-0.0321699008,9.84139156,0.00211774674,-0.00162612647,0.00561234495,2.96377468,-0.000254631042,1
1369,14.009961,0,-0.0036916316,0,-0.0206731372,0.046204105,0.371524036,0.000286022841,2.96389675,-0.373841017,-0.0201948043,9.7623558,0.00744406879,0.00263493136,0.000286022841,2.9638052,-0.000254631042,1
1370,14.020000,0,0,0,0.00885991566,0.108807072,0.272669584,-0.00184450613,2.96370482,-0.287620306,0.0588408448,9.84378719,0.00744406879,-0.000560861954,-0.00184450613,2.9638052,-0.000254631042,1
1371,14.029986,0,0,0,0.00885991566,0.147713766,0.20483911,-0.00610556407,2.96370482,-0.227744803,0.109136254,9.92521763,-0.00853489805,-0.00269139092,-0.00610556407,2.9638052,-0.000254631042,1
1372,14.039978,0,0.00147665257,0,-0.0206731372,0.107175112,0.168284401,-0.00717082852,2.96316433,-0.184634447,0.0756059811,9.7623558,-0.00427384023,-0.00482191984,-0.00717082852,2.9638052,-0.000254631042,1
1373,14.049980,0,0.00147665257,0,0.0243647695,0.0918237343,0.110218413,-0.00397503516,2.96325994,-0.124758959,0.0708159432,9.78391171,-1.27822468e-05,0.000504402502,-0.00397503516,2.9638052,-0.000254631042,1
1374,14.059966,0,0.00147665257,0,-0.0206731372,-0.0690981895,0.148967817,0.000286022841,2.96316433,-0.170264333,-0.0513300598,9.88210678,0.00211774674,-0.00162612647,0.000286022841,2.9638052,-0.000254631042,1
1375,14.069998,0,0.00147665257,0,0.00442995783,-0.148900509,0.165696934,0.00241655181,2.96370482,-0.112783857,-0.135155752,9.73601055,-0.00107804674,0.00370019581,0.00241655181,2.9638052,-0.000254631042,1
1376,14.079984,0,0,0,0.0132898735,-0.161331639,0.177684113,0.00454708049,2.96360898,-0.129548997,-0.238141596,9.75517082,-0.00853489805,0.000504402502,0.00348181627,2.9638052,-0.000254631042,1
1377,14.090005,0,0,0,-0.0221497901,-0.178035945,0.246512666,0.00561234495,2.96306849,-0.203794599,-0.216586411,9.79588604,-0.00214331108,0.0015696669,0.00561234495,2.9638052,-0.000254631042,1
1378,14.099979,0,0,0,0.0228881147,-0.169353291,0.281409293,0.00454708049,2.96325994,-0.30199042,-0.278856933,9.84139156,0.00105248217,0.0015696669,0.00454708049,2.9638052,-0.000254631042,1
1379,14.109987,0,0,0,-0.026579747,-0.20254387,0.272790134,0.00348181627,2.96325994,-0.268460125,-0.245326653,9.82462692,0.00105248217,0.00476546027,0.00454708049,2.9638052,-0.000254631042,1
1380,14.119961,0,0,0,0.0184581578,-0.144944519,0.308665782,0.000286022841,2.96316433,-0.275645196,-0.166290998,9.78870106,-1.27822468e-05,-0.000560861954,0.000286022841,2.9638052,-0.000254631042,1
1381,14.129958,0,-0.00221497891,0,0.00442995783,-0.0900214985,0.276768714,0.00241655181,2.96380091,-0.256485045,-0.137550771,9.81744194,0.00105248217,-0.00162612647,0.00241655181,2.9638052,-0.000254631042,1
1382,14.139966,0,-0.0081215892,0.00147665257,-0.026579747,-0.00503159035,0.288300395,-0.00290977047,2.96316433,-0.282830268,-0.0561200976,9.89408207,0.00105248217,-0.000560861954,-0.00290977047,2.9638052,-0.000254631042,1
1383,14.149963,0.00295330514,-0.0221497901,0.0339630097,-0.0155048529,-0.17722185,0.102740102,-0.000779241615,2.96325994,-0.0696735084,-0.192636222,9.96832752,0.00424827542,-0.00695244875,-0.00184450613,2.9638052,-0.000254631042,1
1384,14.159960,0.0147665264,-0.0280563999,0.0243647695,-0.0406079441,-0.0698630065,0.360821038,-0.00610556407,2.96325994,-0.342705756,-0.132760733,9.75756645,-0.00746963359,-0.0154745653,-0.00610556407,2.9638052,-0.000254631042,1
1385,14.169957,0.0103365686,-0.0361779891,0.0472528823,-0.0081215892,-0.375656158,0.109090082,0.00561234495,2.96380091,-0.04093327,-0.389027834,9.9922781,-0.022383336,-0.00375665538,0.00561234495,2.9638052,-0.000254631042,1
1386,14.179965,0.0398696214,-0.0479912087,0.0214114618,-0.0420845971,-0.203907087,0.39966318,-0.00184450613,2.9629724,-0.35707587,-0.271671861,9.58272934,-0.0149264848,-0.0112135075,-0.00184450613,2.9638052,-0.000254631042,1
1387,14.189962,0.0413462743,-0.0479912087,0.0442995802,-0.0036916316,-0.46909529,0.0361478217,0.0226565767,2.96316433,0.0476824567,-0.468063504,10.035388,-0.022383336,0.0015696669,0.0226565767,2.96389675,-0.000254631042,1
1388,14.199960,0.0228881147,-0.04356125,0,-0.0590661056,-0.0905001312,0.408345908,0.0120039321,2.96325994,-0.385816127,-0.161500961,9.72882557,-0.00960016251,-0.00695244875,0.0120039321,2.96401882,-0.000254631042,1
1389,14.220005,0,-0.0177198313,0.0118132206,-0.0391312912,-0.827496886,-0.0630251318,0.00241655181,2.96408844,0.208148777,-0.803366244,9.31448746,0.00105248217,-0.0197356232,0.00241655181,2.96420193,-0.000254631042,1
1390,14.229979,-0.00221497891,-0.0236264411,0.0073832632,0.0132898735,0.198687404,0.365980476,0.00774287386,2.96345186,-0.395396203,0.130691439,8.96241951,0.00850933325,-0.00269139092,0.00774287386,2.96411037,-0.000254631042,1
1391,14.239985,0,0,-0.0140281999,-0.00516828429,-0.0707352534,0.329316229,-0.00610556407,2.96345186,-0.311570495,-0.127970681,9.88450241,0.0170314498,0.00902651716,-0.00610556407,2.96407986,-0.000254631042,1
1392,14.249960,0,0.00147665257,0,0.0132898735,0.44917047,0.216200054,-0.00823609252,2.96335602,-0.292410344,0.403723657,10.1216087,0.0095745977,0.0143528394,-0.00823609252,2.96392727,-0.000254631042,1
1393,14.259980,-0.0036916316,0.0118132206,-0.00221497891,0.0243647695,0.268357158,0.239017278,-0.0156929437,2.96325994,-0.282830268,0.221702173,10.1000538,0.00850933325,0.00583072472,-0.0156929437,2.96377468,-0.000254631042,1
1394,14.269966,-0.0081215892,0.0258414224,-0.00221497891,-0.0036916316,0.688142419,0.151183888,-0.0242150594,2.96325994,-0.270855159,0.650410652,9.69529533,0.0095745977,-0.00695244875,-0.0242150594,2.96362209,-0.000254631042,1
1395,14.279999,-0.00664493674,0.0258414224,0.00295330514,0.0147665264,0.28579399,0.401183575,-0.0199540015,2.96243191,-0.445691615,0.209727079,9.60907459,0.00744406879,0.00796125364,-0.0199540015,2.96346951,-0.000254631042,1
1396,14.289984,-0.00221497891,0.0118132206,0.00147665257,0.0132898735,0.442587078,0.219703764,-0.0295413826,2.96306849,-0.294805348,0.396538585,9.72643089,-0.00107804674,0.0111570461,-0.0295413826,2.96331692,-0.000254631042,1
1397,14.300004,0,0.0354396626,0,0.0169815049,0.158831164,0.373103917,-0.0210192669,2.96287656,-0.395396203,0.0899761021,10.0018578,-0.00640436914,0.00370019581,-0.0210192669,2.96316433,-0.000254631042,1
1398,14.309978,0,0.00147665257,-0.00221497891,0.0214114618,-0.0103271622,0.33800149,-0.0274108537,2.96214414,-0.330730677,-0.0704902187,9.92521763,0.00211774674,-0.00908297859,-0.0274108537,2.96292019,-0.000254631042,1
1399,14.319997,0,0.0073832632,0,0.00885991566,-0.134354919,0.350889772,-0.0274108537,2.96150756,-0.321150571,-0.195031241,9.73361588,0.00105248217,-0.0080177132,-0.0274108537,2.96261501,-0.000254631042,1
1400,14.329983,0,0.0398696214,-0.0036916316,0.0398696214,-0.40967232,0.242734462,-0.0231497958,2.96160364,-0.165474296,-0.446508318,9.72643089,-0.00320857554,0.00263493136,-0.0231497958,2.96230984,-0.000254631042,1
1401,14.339985,0,0.00147665257,-0.0036916316,-0.0155048529,-0.372818649,0.177643403,-0.0359329656,2.96150756,-0.107993819,-0.39860791,9.60188961,0.00531353988,0.00263493136,-0.0359329656,2.96200466,-0.000254631042,1
1402,14.349959,0,0.0073832632,0,0.0214114618,-0.521525323,0.00276222476,-0.0274108537,2.96131611,0.0907928124,-0.513568878,9.85097218,0.00105248217,0.00796125364,-0.0274108537,2.96169949,-0.000254631042,1
1403,14.360008,0,0.0273180734,0,0.0073832632,-0.237599403,0.211503819,-0.0231497958,2.96131611,-0.165474296,-0.271671861,9.57793999,-1.27822468e-05,-0.00375665538,-0.0231497958,2.96142483,-0.000254631042,1
1404,14.369983,0,0.00885991566,0.00295330514,0.00442995783,-0.172218472,0.3287628,-0.0178234726,2.96067929,-0.292410344,-0.228561506,9.64021015,0.00531353988,0.00476546027,-0.0178234726,2.96127224,-0.000254631042,1
1405,14.379978,0,0.0214114618,0,0.0073832632,-0.112187609,0.191160947,-0.0114318859,2.96077514,-0.167869315,-0.144735828,9.97311783,0.0106398622,0.00370019581,-0.0114318859,2.96111965,-0.000254631042,1
1406,14.389964,0,-0.00516828429,-0.00221497891,0,0.107908428,0.289702863,-0.0167582091,2.96077514,-0.304385424,0.0540508032,9.80067635,0.00105248217,0.00263493136,-0.0167582091,2.96096706,-0.000254631042,1
1407,14.399978,0,-0.00516828429,0.00295330514,0.00442995783,0.0301052872,0.22358191,-0.00717082852,2.96067929,-0.225349784,-0.0106147248,9.96593285,0.00424827542,-0.000560861954,-0.00717082852,2.96081448,-0.000254631042,1
1408,14.409964,-0.00221497891,0.0073832632,0,-0.00221497891,0.133766308,0.204620928,-0.00184450613,2.96067929,-0.225349784,0.09476614,9.80546665,0.00211774674,-0.00375665538,-0.00184450613,2.96081448,-0.000254631042,1
1409,14.419985,0,-0.00516828429,0,0,0.130576909,0.227117106,0.000286022841,2.96067929,-0.246904954,0.0875810832,9.77433109,-0.00320857554,0.00263493136,0.000286022841,2.96078396,-0.000254631042,1
1410,14.429960,0,-0.00221497891,0,0.00147665257,0.041312106,0.085185729,0.00454708049,2.96067929,-0.0912286863,0.0253105685,9.86773682,-1.27822468e-05,0.000504402502,0.00454708049,2.96078396,-0.000254631042,1
1411,14.439982,0,0.00295330514,0,0,-0.0421235152,0.188098416,0.00880813878,2.96067929,-0.17744939,-0.0752802566,9.83420658,-0.00533910468,-0.00162612647,0.00880813878,2.96078396,-0.000254631042,1
1412,14.449957,0,0.00147665257,-0.0036916316,0,-0.170028716,0.233542249,0.00561234495,2.96004272,-0.199004561,-0.209401354,9.7623558,0.00105248217,0.0015696669,0.00561234495,2.96078396,-0.000254631042,1
1413,14.460003,0,0,-0.00221497891,0,-0.255899668,0.244186461,0.00348181627,2.96087122,-0.194214523,-0.295622051,9.85097218,0.0031830112,0.00370019581,0.00348181627,2.96084499,-0.000254631042,1
1414,14.469977,0,0.00442995783,-0.00221497891,0.00147665257,-0.244550109,0.239678055,0.00135128724,2.96087122,-0.191819504,-0.283646971,9.77193642,-0.00427384023,0.000504402502,0.00135128724,2.96090603,-0.000254631042,1
1415,14.479980,0,-0.011074895,0,-0.0081215892,-0.149866149,0.263912439,-0.00184450613,2.9601388,-0.232534841,-0.195031241,9.69769096,-0.00214331108,0.000504402502,-0.00184450613,2.96090603,-0.000254631042,1
1416,14.489965,0,-0.0236264411,0.0147665264,-0.00959824212,-0.129505977,0.135992095,-0.00184450613,2.9601388,-0.110388838,-0.151920885,9.93719292,-0.00214331108,0.0015696669,-0.00184450613,2.96090603,-0.000254631042,1
1417,14.499979,0,-0.00959824212,0.0169815049,-0.026579747,-0.104956031,0.216712743,0.0066776094,2.9601388,-0.194214523,-0.142340809,9.80786133,-0.00320857554,-0.00695244875,0.0066776094,2.96090603,-0.000254631042,1
1418,14.509964,0.00885991566,-0.0450379066,0.0287947264,-0.0236264411,-0.00860555004,0.345082372,0.0151997255,2.9601388,-0.258880049,-0.0465400182,9.82223129,-0.00853489805,0.00263493136,0.0183955189,2.9610281,-0.000254631042,1
1419,14.520003,0.0132898735,-0.0664493665,0.0147665264,-0.0155048529,-0.443979174,0.000999005628,0.0269176345,2.96096706,0.0333123393,-0.26448682,9.94916725,-0.0138612203,-0.00482191984,0.030113427,2.96118069,-0.000254631042,1
1420,14.529983,0.0317480303,-0.0295330528,0.0169815049,-0.0295330528,0.16406931,0.13094531,0.0418313369,2.96096706,-0.160684258,0.283972681,9.69769096,-0.0117306914,-0.00908297859,0.0439618677,2.96148586,-0.000254631042,1
1421,14.539960,0.0428229235,-0.0885991603,0.0442995802,-0.053159494,-0.484740853,0.392557204,0.061006099,2.96189117,-0.306780457,-0.709960461,9.90366268,-0.0117306914,0.0015696669,0.0620713644,2.96188259,-0.000254631042,1
1422,14.550008,0.0428229235,-0.0634960607,0.0243647695,-0.0177198313,-0.815306187,0.355154991,0.0524839833,2.96198702,-0.0505133495,-1.02131307,9.95635319,-0.0266443938,-0.00482191984,0.051418718,2.96240139,-0.000254631042,1
1423,14.559983,0.0317480303,-0.0620194115,0.00590661028,-0.0605427548,-0.00877762772,0.252529979,0.0343744867,2.9620831,-0.323545605,-0.161500961,9.27137756,-0.0170570128,-0.0133440364,0.0333092213,2.96279812,-0.000254631042,1
1424,14.570003,0.0214114618,-0.0804775655,0.0287947264,-0.0155048529,-0.59564811,0.492836922,0.0343744867,2.96217871,-0.218164727,-0.59978956,9.84618187,-0.00107804674,-0.00162612647,0.035439752,2.96310329,-0.000254631042,1
1425,14.579984,0.0369163156,-0.0361779891,0.0228881147,-0.0406079441,-0.734294415,0.225323752,0.0269176345,2.96291113,-0.0912286863,-0.626134813,9.84618187,-0.00640436914,-0.000560861954,0.0258523691,2.96334743,-0.000254631042,1
1426,14.589959,0.0428229235,-0.0494678579,0.0184581578,-0.0465145558,-0.322524518,0.511112928,0.0279828981,2.96300697,-0.445691615,-0.408188015,9.65697575,-0.0149264848,0.0143528394,0.030113427,2.96350002,-0.000254631042,1
1427,14.600007,0.0442995802,-0.0930291116,0.0413462743,-0.0361779891,-0.683514178,-0.317301422,0.0237218402,2.96364355,0.433280587,-0.616554737,10.2509403,-0.00214331108,-0.00162612647,0.0226565767,2.96371365,-0.000254631042,1
1428,14.609982,0.0457762294,-0.026579747,0.0258414224,-0.0191964842,-0.422355771,0.647991061,0.0151997255,2.9637394,-0.563047588,-0.530333996,9.16839123,-0.00960016251,-0.0218661521,0.0151997255,2.96383572,-0.000254631042,1
1429,14.619998,0.0199348107,-0.0664493665,0.0317480303,-0.0236264411,-0.444873005,0.211499706,-0.00610556407,2.96393132,-0.129548997,-0.475248545,9.2833519,-0.00427384023,-0.00269139092,-0.00610556407,2.96383572,-0.000254631042,1
1430,14.629983,0.0812158883,-0.0310097057,0.0612810813,-0.0450379066,-0.411110431,0.738334775,-0.000779241615,2.96393132,-0.654058337,-0.535124063,9.78870106,0.0031830112,0.0143528394,-0.000779241615,2.96374416,-0.000254631042,1
1431,14.640000,0.0118132206,-0.0590661056,0.0273180734,-0.0420845971,-0.222696662,0.215456828,-0.0114318859,2.9637394,-0.172659352,-0.257301748,10.1575346,-0.00427384023,0.0164833684,-0.0114318859,2.96371365,-0.000254631042,1
1432,14.649987,0.0472528823,-0.0206731372,0.0428229235,-0.0206731372,0.0862293243,0.106378876,-0.00290977047,2.96354795,-0.119968921,0.0660259053,9.90126705,0.00424827542,0.000504402502,-0.00290977047,2.96362209,-0.000254631042,1
1433,14.659984,0.00147665257,-0.0347013362,0.0383929685,-0.0391312912,-0.393401712,0.416479826,-0.0114318859,2.9637394,-0.340310752,-0.460878432,9.5491991,0.0117051266,-0.0165398289,-0.0114318859,2.96371365,-0.000254631042,1
1434,14.669982,0.0383929685,-0.0649727136,0.0354396626,-0.00221497891,0.432204694,-0.0266450699,-0.00717082852,2.96310306,-0.0505133495,0.43006888,9.43423843,0.0117051266,-0.00375665538,-0.00717082852,2.96368313,-0.000254631042,1
1435,14.679979,-0.0036916316,-0.00221497891,0.0243647695,-0.0324863568,-0.0574418306,0.604419351,0.00241655181,2.96300697,-0.584602773,-0.16389598,9.66895008,0.00531353988,0.00263493136,0.00241655181,2.96368313,-0.000254631042,1
1436,14.689986,0,-0.026579747,0.0147665264,-0.00959824212,0.516663194,0.320896834,-0.00397503516,2.96345186,-0.407371283,0.451624036,9.82223129,0.0106398622,0.0154181039,-0.00397503516,2.96356106,-0.000254631042,1
1437,14.699983,0.00295330514,-0.0081215892,0.0354396626,-0.037654642,0.213095546,0.161250859,-0.00290977047,2.9626236,-0.196609542,0.180986851,10.3012352,0.0223577712,0.0100917816,-0.00290977047,2.96353054,-0.000254631042,1
1438,14.709980,-0.00221497891,0,-0.011074895,0.0073832632,0.821509838,0.107242465,-0.00610556407,2.96271944,-0.251695007,0.78932184,9.83420658,0.0180967133,-0.00908297859,-0.00610556407,2.96337795,-0.000254631042,1
1439,14.719976,-0.00221497891,0,0.0118132206,-0.0140281999,0.566139638,0.270388424,-0.00397503516,2.96300697,-0.366655946,0.50910449,9.5970993,0.00637880433,-0.00269139092,-0.00397503516,2.96325588,-0.000254631042,1
1440,14.729985,0,0,-0.00516828429,0.00442995783,0.786332965,0.128352001,-0.00610556407,2.96291113,-0.266065121,0.751001477,9.6665554,0.00531353988,0.00902651716,-0.00610556407,2.96316433,-0.000254631042,1
1441,14.749988,-0.00221497891,0.0273180734,0,0,0.435197741,0.138291374,-0.00717082852,2.96306849,-0.213374689,0.403723657,10.0258083,0.0106398622,0.00583072472,-0.00717082852,2.96313381,-0.000254631042,1
1442,14.760050,0,0.0073832632,-0.00664493674,0.0073832632,0.516983807,0.25191927,-0.00930135697,2.96179509,-0.340310752,0.463599145,9.95635319,-0.00107804674,-0.000560861954,-0.00930135697,2.96298122,-0.000254631042,1
1443,14.769987,-0.00221497891,0.00295330514,-0.0036916316,0.0073832632,0.194346189,0.164537981,-0.0124971503,2.96198702,-0.196609542,0.161826685,9.80307102,-0.0138612203,-0.00162612647,-0.0124971503,2.96285915,-0.000254631042,1
1444,14.779985,-0.00221497891,0.00885991566,-0.0036916316,0.0073832632,-0.0954693556,0.0832778364,-0.00717082852,2.96198702,-0.0648834705,-0.108810529,9.6665554,-0.0159917492,0.0015696669,-0.00717082852,2.96273708,-0.000254631042,1
1445,14.790005,-0.00221497891,0.0228881147,-0.0081215892,0.0132898735,-0.305817097,0.145388007,0.00348181627,2.96325994,-0.0888336599,-0.326757342,9.68092537,-0.010665427,0.000504402502,0.00348181627,2.96273708,-0.000254631042,1
1446,14.799987,-0.00221497891,0.0243647695,-0.00664493674,0.0184581578,-0.501078784,0.168855399,-0.00504029961,2.96243191,-0.0768585652,-0.523148954,9.80307102,0.00211774674,-0.00375665538,-0.00504029961,2.96273708,-0.000254631042,1
1447,14.809963,-0.0036916316,0.0073832632,-0.0036916316,0.00590661028,-0.595658839,0.237504527,-0.018888738,2.96179509,-0.127153978,-0.628529787,9.82223129,0.00637880433,-0.00162612647,-0.018888738,2.96267605,-0.000254631042,1
1448,14.819961,-0.00221497891,0.0302713774,0.00147665257,0.0118132206,-0.518374681,0.247691661,-0.0252803247,2.96198702,-0.151104167,-0.554284215,9.77433109,-0.00107804674,0.00263493136,-0.0252803247,2.96252346,-0.000254631042,1
1449,14.829986,0,0.00885991566,0.00147665257,0.0273180734,-0.386377335,0.143437713,-0.0391287617,2.96189117,-0.0720685273,-0.405792981,9.70248032,-1.27822468e-05,0.00583072472,-0.0391287617,2.96234035,-0.000254631042,1
1450,14.839960,0,-0.00221497891,0.00885991566,-0.011074895,-0.319939733,0.214200765,-0.0476508774,2.96169949,-0.153499186,-0.353102565,9.81265163,0.0095745977,0.000504402502,-0.0476508774,2.96188259,-0.000254631042,1
1451,14.849987,0,0.0199348107,0.00885991566,0.0199348107,-0.173367292,0.24357605,-0.0359329656,2.96150756,-0.208584651,-0.214191392,9.83420658,0.00105248217,0.00370019581,-0.0359329656,2.96145535,-0.000254631042,1
1452,14.860004,0,0.0354396626,-0.0036916316,0.0243647695,0.216309041,0.296667546,-0.0338024385,2.96077514,-0.330730677,0.159431666,9.63781548,-0.00320857554,0.00370019581,-0.0338024385,2.96115017,-0.000254631042,1
1453,14.869967,0,-0.0081215892,0,0,0.130573362,0.266021758,-0.0295413826,2.96004272,-0.285225272,0.0803960189,9.74319553,0.00105248217,0.00476546027,-0.0295413826,2.96084499,-0.000254631042,1
1454,14.879983,-0.0036916316,0.0073832632,0.00147665257,0.00590661028,0.224149525,0.243815973,-0.0274108537,2.95916224,-0.280435234,0.176196814,9.90366268,0.0095745977,-0.00375665538,-0.0274108537,2.96053982,-0.000254631042,1
1455,14.889967,0,-0.0391312912,0.0317480303,-0.0361779891,0.223288342,0.424210876,-0.0199540015,2.95925808,-0.457666695,0.142666534,9.8270216,0.00105248217,-0.00375665538,-0.0199540015,2.96032619,-0.000254631042,1
1456,14.900001,0.0524211675,-0.0605427548,0.0487295389,-0.0391312912,-0.99499768,0.0644438639,0.01626499,2.95916224,0.117138028,-0.990177751,9.94198227,-0.00960016251,0.000504402502,0.01626499,2.96026516,-0.000254631042,1
1457,14.909986,0.0509445108,-0.0819542184,0.0782625824,-0.0450379066,-0.479024678,0.287880987,0.0397008099,2.95994687,-0.196609542,-0.523148954,9.67134571,-0.0287749227,-0.0080177132,0.0397008099,2.96044827,-0.000254631042,1
1458,14.919980,0.0487295389,-0.0649727136,0.0199348107,-0.026579747,-0.408393562,-0.416930228,0.0397008099,2.96077514,0.483576,-0.326757342,9.56835938,-0.0596675947,-0.0229314156,0.0397008099,2.96075344,-0.000254631042,1
1459,14.930013,0.0413462743,-0.0324863568,0.0243647695,-0.0605427548,-0.834715247,1.10195982,0.0663324222,2.96115875,-0.934275627,-1.01891804,8.88098907,-0.0362317748,-0.0293230023,0.0663324222,2.96124172,-0.000254631042,1
1460,14.939983,0.0103365686,-0.126992121,0.0103365686,-0.0465145558,0.207890138,0.037846569,0.0492881909,2.96154213,-0.0744635463,0.197751984,10.8137693,0.01490092,-0.00695244875,0.0492881909,2.96173,-0.000254631042,1
1461,14.949999,0.308620423,-0.194918156,0.259152532,-0.264320821,-3.06813502,0.72361213,0.0567450412,2.96173406,-0.163079277,-3.14809036,12.0639696,-0.0181222782,-0.0506282933,0.0567450412,2.96209621,-0.000254631042,1
1462,14.959986,0.0118132206,-0.189011529,0.135852039,-0.0664493665,-3.25048399,2.41911769,0.0215913113,2.96246648,-0.9055354,-2.01524615,8.24870396,-0.117191873,-0.0378451198,0.00880813878,2.96246243,-0.000254631042,1
1463,14.970000,0.169815063,-0.208946332,0.228142828,-0.0900758132,0.167246267,0.675808251,0.0226565767,2.96291113,-0.589392781,-1.26800001,7.19728994,-0.0916255265,-0.00269139092,0.0237218402,2.96255398,-0.000254631042,1
1464,14.979985,0.245124325,-0.352919966,0.089337483,-0.108533971,-3.37001133,1.78752255,-0.0156929437,2.96271944,-1.13545728,-2.75770235,9.52045918,0.0223577712,0.0196791627,-0.0316719115,2.96264553,-0.000254631042,1
1465,14.989998,0.0598044321,-0.256937563,0.164646775,-0.122562163,-1.03024232,0.861313462,-0.0508466698,2.96217871,-0.440901577,-1.61288285,11.8436279,-0.00853489805,-0.0208008867,-0.0508466698,2.96230984,-0.000254631042,1
1466,14.999998,0.268750787,-0.231834456,0.135852039,-0.0959824175,-2.25729227,1.79918575,-0.0849351287,2.96040869,-1.83959305,-2.13739228,9.7623558,0.0127703911,-0.0442367047,-0.0934572443,2.96169949,-0.000254631042,1
1467,15.009984,0.135852039,-0.321910262,0.228142828,-0.12108551,-0.684451401,0.41569677,-0.103044629,2.9599638,-0.445691615,-1.09076858,9.19952679,-0.0181222782,-0.0186703578,-0.0955877751,2.96078396,-0.000254631042,1
1468,15.020007,0.257675886,-0.210422993,0.178674966,-0.107057318,-0.767191827,1.53935504,-0.0955877751,2.95948434,-1.62404132,-1.36380088,8.13374233,0.026618829,0.013287575,-0.0966530442,2.9599905,-0.000254631042,1
1469,15.029981,0.075309284,-0.286470622,0.174245,-0.135113716,-1.65819311,0.772096395,-0.13287203,2.95871735,-0.457666695,-1.77095413,9.98748779,0.0713599324,0.0143528394,-0.142459422,2.95901394,-0.000254631042,1
1470,15.039998,0.239217728,-0.214852944,0.163170099,-0.12108551,-0.565901279,0.407614917,-0.127545714,2.95760131,-0.297200382,-0.630924821,11.0077667,0.0660336092,-0.0080177132,-0.12008886,2.95776272,-0.000254631042,1
1471,15.049985,0.118870527,-0.186058223,0.143235311,-0.0730943009,-0.788806021,0.268521994,-0.126480445,2.95505524,-0.117573902,-0.824921429,10.8880157,0.0351409428,-0.0399756469,-0.127545714,2.9566946,-0.000254631042,1
1472,15.060004,0.137328684,-0.125515476,0.110748947,-0.170553386,0.564151645,0.304756254,-0.122219391,2.95328498,-0.404976279,0.497129411,9.59230995,0.0170314498,-0.051693555,-0.122219391,2.95550442,-0.000254631042,1
1473,15.069984,0.126253799,-0.132898733,0.101889022,-0.159478486,-0.00876275543,-0.0785701796,-0.0604340509,2.9526484,0.0788177103,0.00615041237,9.09893608,0.01490092,-0.0144093009,-0.0604340509,2.95468044,-0.000254631042,1
1474,15.079986,0.0598044321,-0.118132211,0.090814136,-0.132898733,0.438635677,-0.456366986,-0.036998231,2.95334625,0.366220057,0.516289592,9.03906059,0.0575114973,0.00902651716,-0.036998231,2.95416164,-0.000254631042,1
1475,15.089961,0.0937674418,-0.00516828429,0.0524211675,-0.110010616,0.663956463,-0.466480106,-0.0124971503,2.95482898,0.335084796,0.739026427,9.71685123,0.0479241163,0.0292665418,-0.0124971503,2.95388699,-0.000254631042,1
1476,15.100000,0.0553744733,-0.0900758132,0.120347172,-0.101150699,1.04244792,0.191500381,0.000286022841,2.95311999,-0.383421093,0.988108456,10.155139,0.042597793,0.025005484,0.000286022841,2.95376492,-0.000254631042,1
1477,15.109986,0.143235311,-0.0900758132,0.120347172,-0.138067007,0.228155687,-0.114384979,0.00880813878,2.95159388,0.0692376345,0.245652378,10.5000219,0.0212925076,0.0409844518,0.00880813878,2.95376492,-0.000254631042,1
1478,15.119986,-0.162431777,0.0612810813,-0.177936628,0.110748947,0.828714132,0.270614147,0.0151997255,2.95226479,-0.421741396,0.762976587,9.70008564,-0.00214331108,0.00689598918,0.0151997255,2.95376492,-0.000254631042,1
1479,15.129961,0.1122256,0.0147665264,-0.0191964842,-0.126992121,1.73903012,0.199517637,0.01626499,2.95280576,-0.522332251,1.67068899,11.3742046,0.0372714698,0.0239402205,0.01626499,2.95397854,-0.000254631042,1
1480,15.140003,0.00442995783,-0.0391312912,0.115178905,-0.135113716,-0.377533585,0.0329994448,0.0407660753,2.95369506,0.0381023772,-0.377052754,9.1707859,0.108644187,0.0100917816,0.0407660753,2.95413113,-0.000254631042,1
1481,15.149979,0.0214114618,-0.0406079441,-0.0804775655,-0.0280563999,0.732977867,-1.60616481,0.00561234495,2.95428824,1.44158387,1.01924372,10.569478,0.075620994,0.0399191864,0.00561234495,2.9542532,-0.000254631042,1
1482,15.160001,0.0568511225,0,0.0354396626,-0.176459983,2.61870337,-0.313444227,-0.0135624148,2.95331168,-0.182239428,2.63109183,10.2102251,0.0202272423,0.0537676252,-0.0135624148,2.95413113,-0.000254631042,1
1483,15.170021,0.0642343909,0.0073832632,0.0413462743,-0.0465145558,0.615854323,-0.420199811,0.030113427,2.95223022,0.296764493,0.683940947,10.24615,0.0351409428,0.0548328906,0.030113427,2.95422268,-0.000254631042,1
1484,15.179961,0.0184581578,-0.0036916316,0.00147665257,-0.124038823,1.82010591,-0.473841667,0.0120039321,2.95305872,0.124323085,1.8766607,9.88210678,0.0180967133,0.0431149788,0.0120039321,2.9542532,-0.000254631042,1
1485,15.189960,0.0228881147,-0.00516828429,0.0103365686,-0.037654642,1.52954662,-0.758689523,0.0397008099,2.95369506,0.45962581,1.64434385,10.464097,0.0372714698,0.025005484,0.0397008099,2.95434475,-0.000254631042,1
1486,15.199958,0.0583277754,-0.0036916316,-0.00516828429,-0.085645847,1.73647475,-0.221286833,0.051418718,2.95448017,-0.1055988,1.74732971,10.0808935,0.00531353988,0.0015696669,0.051418718,2.954772,-0.000254631042,1
1487,15.209967,0.0147665264,0.00147665257,0,-0.0155048529,0.609730303,-0.00546787772,0.068462953,2.95457578,-0.107993819,0.60011524,10.5622931,-0.0500802137,0.00796125364,0.068462953,2.95526028,-0.000254631042,1
1488,15.219964,0.0073832632,0.00147665257,-0.0036916316,-0.0900758132,1.25164044,-0.401148051,0.0556797758,2.95550013,0.162643403,1.30425107,10.1910648,-0.0447538905,-0.00908297859,0.0556797758,2.95577908,-0.000254631042,1
1489,15.229961,0.0118132206,-0.00664493674,0.00147665257,0.0302713774,0.780732214,0.0752290115,0.0855071843,2.95578766,-0.218164727,0.753396511,9.87731743,-0.039427571,-0.012278772,0.0855071843,2.95635891,-0.000254631042,1
1490,15.239958,-0.00221497891,-0.00664493674,0,-0.0391312912,0.734372377,0.257230967,0.0727240071,2.95617104,-0.388211131,0.674360871,9.63541985,0.00637880433,-0.0261272099,0.0727240071,2.95709133,-0.000254631042,1
1491,15.249967,0,-0.0036916316,0,-0.00516828429,-0.0269281436,0.358469754,0.0897682384,2.95763588,-0.347495794,-0.0920453891,9.76475143,-0.0159917492,-0.00908297859,0.0897682384,2.95785427,-0.000254631042,1
1492,15.259963,0.00147665257,-0.0191964842,0,-0.00516828429,0.111342944,0.252433121,0.0833766535,2.95890927,-0.268460125,0.0636308864,9.96353817,-0.031970717,0.00476546027,0.0833766535,2.95861721,-0.000254631042,1
1493,15.279978,0.00442995783,0.0073832632,0,0,-0.579076052,0.272698611,0.0759197995,2.95910072,-0.163079277,-0.618949711,9.78391171,-0.00320857554,-0.0133440364,0.0759197995,2.96014309,-0.000254631042,1
1494,15.290008,-0.00221497891,-0.00221497891,0.00147665257,0,-0.463230073,0.321314991,0.0642018914,2.96031284,-0.232534841,-0.513568878,9.72403622,0.0106398622,-0.0165398289,0.0642018914,2.96075344,-0.000254631042,1
1495,15.299983,0,-0.00516828429,0,0,-0.732926905,0.404605031,0.0535492487,2.96060038,-0.266065121,-0.793786168,9.65458012,0.00105248217,-0.0112135075,0.0535492487,2.96124172,-0.000254631042,1
1496,15.309982,0,0.0073832632,0,-0.00664493674,-0.596641243,0.366484761,0.0428966023,2.96211767,-0.254090011,-0.652480006,9.88929176,-0.0159917492,0.00583072472,0.0428966023,2.96169949,-0.000254631042,1
1497,15.319957,0,-0.00516828429,0,-0.00664493674,-0.597137272,0.283588707,0.0258523691,2.96246648,-0.172659352,-0.638109863,9.82462692,-0.0191875417,0.000504402502,0.0258523691,2.96203518,-0.000254631042,1
1498,15.329983,0,0,0,0.00147665257,-0.647947013,0.339033991,0.00987340324,2.96246648,-0.218164727,-0.697985351,9.56356907,0.00211774674,-0.00908297859,0.00987340324,2.96221828,-0.000254631042,1
1499,15.339958,0,0.00442995783,0,0.00295330514,-0.588260889,0.39910534,-0.00610556407,2.96202183,-0.287620306,-0.650084972,9.58272934,0.01490092,-0.00588718429,-0.00610556407,2.96230984,-0.000254631042,1
1500,15.350106,0,-0.00516828429,0.00147665257,0.00147665257,-0.394009441,0.329678595,-0.0167582091,2.96221328,-0.254090011,-0.446508318,9.67374039,0.00105248217,0.00583072472,-0.0167582091,2.96221828,-0.000254631042,1
1501,15.359966,0,0.00147665257,-0.00221497891,0,-0.327928513,0.291030914,-0.0263455883,2.96192575,-0.227744803,-0.37465772,9.8270216,-0.00853489805,0.00902651716,-0.0263455883,2.9620657,-0.000254631042,1
1502,15.369962,0,0.00147665257,0,-0.00221497891,-0.129469067,0.203931212,-0.0338024385,2.96154213,-0.17744939,-0.16389598,9.79109669,0.00105248217,0.00370019581,-0.0338024385,2.96188259,-0.000254631042,1
1503,15.379988,0,-0.00221497891,0,0.00442995783,-0.0692320839,0.280615687,-0.0359329656,2.96144629,-0.263670087,-0.118390612,9.75996113,0.0180967133,0.00476546027,-0.0359329656,2.96157742,-0.000254631042,1
1504,15.389961,0,0,0,0.00590661028,-0.0092427358,0.286824942,-0.0391287617,2.95992923,-0.361865908,0.034890648,9.66895008,0.0170314498,0.000504402502,-0.0391287617,2.96127224,-0.000254631042,1
1505,15.399997,0,0,0,-0.00221497891,0.145142525,0.185342729,-0.0348677039,2.95929265,-0.21097967,0.113926299,9.94198227,0.00105248217,0.0100917816,-0.0316719115,2.96093655,-0.000254631042,1
1506,15.409984,0.00147665257,-0.0036916316,0,0,0.346452385,0.102168359,-0.0284761172,2.95992923,-0.0792535841,0.353428245,9.85576153,-0.00640436914,0.00796125364,-0.0274108537,2.96063137,-0.000254631042,1
1507,15.419982,0.00147665257,0.00147665257,-0.00221497891,0,0.316125363,0.0297268759,-0.0167582091,2.9596417,-0.084043622,0.283972681,9.94198227,0.00105248217,-0.00162612647,-0.0156929437,2.96044827,-0.000254631042,1
1508,15.429957,0,0,0,0.00295330514,0.299207032,0.122889683,-0.00504029961,2.95944977,-0.14391911,0.200147003,9.71924591,0.0095745977,-0.0112135075,-0.00504029961,2.96035671,-0.000254631042,1
1509,15.439986,0,-0.00221497891,0,0.00147665257,0.239618182,0.209378734,0.00561234495,2.95954561,-0.14391911,0.140271515,9.75277615,-0.00107804674,-0.000560861954,0.00454708049,2.96035671,-0.000254631042,1
1510,15.449961,0,0,0,0,0.0687097386,0.141002849,0.0130691966,2.9597373,-0.115178876,0.0708159432,9.71924591,-0.00960016251,0.00689598918,0.01626499,2.96044827,-0.000254631042,1
1511,15.459983,0,0,0,-0.0036916316,0.0125126839,0.100198634,0.0215913113,2.9596417,-0.100808762,-0.00821970589,9.8964777,-0.00853489805,0.00583072472,0.0237218402,2.96060085,-0.000254631042,1
1512,15.469958,0,0,0,-0.00221497891,-0.107215248,0.204882905,0.0269176345,2.96061826,-0.182239428,-0.142340809,9.88450241,0.00105248217,-0.00588718429,0.0269176345,2.96075344,-0.000254631042,1
1513,15.479982,0,0,0,0,-0.194780901,0.272012353,0.0226565767,2.96071386,-0.232534841,-0.240536615,9.75996113,0.00424827542,-0.00482191984,0.0237218402,2.96090603,-0.000254631042,1
1514,15.489958,0,0,0,-0.0036916316,-0.211297154,0.260627687,0.0215913113,2.95992923,-0.218164727,-0.254906714,9.64260483,-0.00214331108,0.0015696669,0.0215913113,2.96108913,-0.000254631042,1
1515,15.500002,0,0,0,-0.0036916316,-0.2687774,0.253802389,0.0151997255,2.96100163,-0.20139958,-0.309992194,9.81504631,-0.00960016251,0.0015696669,0.0151997255,2.96127224,-0.000254631042,1
1516,15.510021,0,0,0,-0.00221497891,-0.206453994,0.235119537,0.0109386677,2.96100163,-0.194214523,-0.245326653,9.76954079,-0.00214331108,0.000504402502,0.0109386677,2.96142483,-0.000254631042,1
1517,15.519978,0,0,0,0,-0.229525298,0.322108716,0.00241655181,2.96100163,-0.275645196,-0.283646971,9.81504631,0.00424827542,0.000504402502,0.00241655181,2.9615469,-0.000254631042,1
1518,15.529985,0,0,0,0,-0.188060433,0.334258318,-0.00717082852,2.96002507,-0.294805348,-0.245326653,9.81025696,0.0031830112,-0.00162612647,-0.00717082852,2.9615469,-0.000254631042,1
1519,15.539959,0,0,0,0,-0.0341700427,0.257304698,-0.0124971503,2.96002507,-0.246904954,-0.0800702944,9.73601055,-0.00320857554,0.000504402502,-0.0124971503,2.96139431,-0.000254631042,1
1520,15.549978,-0.00221497891,0,0,0,-0.0244356487,0.177601546,-0.0135624148,2.95992923,-0.170264333,-0.0561200976,9.84139156,-0.00427384023,0.00370019581,-0.0135624148,2.96124172,-0.000254631042,1
1521,15.559965,0,0,0,0,0.00335048814,0.143276453,-0.0124971503,2.95992923,-0.141524091,-0.0225898232,9.83420658,0.0031830112,-0.00269139092,-0.0124971503,2.96108913,-0.000254631042,1
1522,15.570001,0,0,0,0.00147665257,0.0630303621,0.202929094,-0.0124971503,2.95983315,-0.21097967,0.0253105685,9.82223129,0.00424827542,-0.00269139092,-0.0124971503,2.96093655,-0.000254631042,1
1523,15.579986,0,0,0,0,0.0624558628,0.120236285,-0.00610556407,2.9597373,-0.129548997,0.0396806858,9.78630638,-0.00107804674,0.0015696669,-0.00610556407,2.96084499,-0.000254631042,1
1524,15.589987,0,0,0,0,0.057934586,0.108891807,-0.000779241615,2.9597373,-0.117573902,0.0372856669,9.75996113,-0.00320857554,0.00263493136,-0.000779241615,2.96084499,-0.000254631042,1
1525,15.599995,0,0,0,0,0.0503698848,0.134657219,0.00454708049,2.96061826,-0.141524091,0.0253105685,9.87252712,-0.00107804674,0.00263493136,0.00454708049,2.96084499,-0.000254631042,1
1526,15.609980,0,0,0,0,-0.0159965381,0.171148553,0.00987340324,2.96061826,-0.165474296,-0.0465400182,9.76954079,0.00211774674,-0.00375665538,0.00987340324,2.96087551,-0.000254631042,1
1527,15.619966,0,0,0,0,-0.0948239863,0.20516701,0.0141344611,2.9597373,-0.184634447,-0.1303657,9.70008564,-0.00214331108,0.000504402502,0.0141344611,2.96096706,-0.000254631042,1
1528,15.629984,0,0,0,0,-0.0665194541,0.24124141,0.0120039321,2.96080971,-0.225349784,-0.108810529,9.74080086,-0.00533910468,0.0015696669,0.0120039321,2.96099758,-0.000254631042,1
1529,15.639959,0,0,0,-0.00221497891,-0.0519084595,0.253275037,0.00880813878,2.95983315,-0.239719898,-0.0968354344,9.85097218,-0.00320857554,-0.00162612647,0.00880813878,2.96099758,-0.000254631042,1
1530,15.649978,0,0,0,0,-0.105254501,0.282407105,0.00561234495,2.96080971,-0.258880049,-0.154315904,9.78630638,0.00105248217,-0.00269139092,0.00561234495,2.96099758,-0.000254631042,1
1531,15.659963,0,0,0,0,-0.133176118,0.341246247,0.00241655181,2.95992923,-0.311570495,-0.192636222,9.78151608,0.00105248217,-0.000560861954,0.00241655181,2.96099758,-0.000254631042,1
1532,15.669987,0,0,0,0,-0.0563832223,0.295473486,-0.00184450613,2.96002507,-0.280435234,-0.108810529,9.75756645,-0.00320857554,0.00476546027,-0.00184450613,2.96099758,-0.000254631042,1
1533,15.679961,0,0,0,0,-0.0607880093,0.206098616,-0.00290977047,2.96090579,-0.191819504,-0.0968354344,9.8270216,-0.00214331108,0.00263493136,-0.00290977047,2.96099758,-0.000254631042,1
1534,15.689984,0,0,0,0,-0.070014216,0.168839246,-0.00397503516,2.96080971,-0.153499186,-0.0992304534,9.7791214,0.00211774674,-0.000560861954,-0.00397503516,2.96099758,-0.000254631042,1
1535,15.699958,0,0,0,0,-0.0109090926,0.184861526,-0.00504029961,2.95983315,-0.179844409,-0.0441449992,9.84139156,-1.27822468e-05,-0.00269139092,-0.00504029961,2.96099758,-0.000254631042,1
1536,15.709998,0,0,0,0,0.0252902582,0.183078796,-0.00397503516,2.95983315,-0.184634447,-0.00821970589,9.77433109,0.00211774674,0.00263493136,-0.00397503516,2.96093655,-0.000254631042,1
1537,15.719984,0,0,0,0,-0.0449595898,0.15939042,0.000286022841,2.96080971,-0.148709148,-0.0728852376,9.7623558,-0.00107804674,0.000504402502,0.000286022841,2.96093655,-0.000254631042,1
1538,15.729980,0,0,0,0,-0.0115839941,0.167939633,0.00241655181,2.95983315,-0.163079277,-0.0417499803,9.85576153,-0.00107804674,0.00263493136,0.00241655181,2.96093655,-0.000254631042,1
1539,15.739977,0,0,0,0,-0.0177088939,0.188500345,0.00348181627,2.96071386,-0.182239428,-0.0513300598,9.82462692,-0.00107804674,0.000504402502,0.00348181627,2.96093655,-0.000254631042,1
1540,15.749985,0,0,0,0,-0.0579816364,0.208029807,0.00454708049,2.96080971,-0.194214523,-0.0944404155,9.75756645,-0.00107804674,-0.00162612647,0.00454708049,2.96093655,-0.000254631042,1
1541,15.759982,0,0,0,0,-0.0431873277,0.222368628,0.00348181627,2.96080971,-0.21097967,-0.0824653134,9.72403622,-0.00214331108,0.0015696669,0.00348181627,2.96093655,-0.000254631042,1
1542,15.769978,0,0,0,0,-0.0795513913,0.248614937,0.00348181627,2.95983315,-0.230139822,-0.12318065,9.84378719,-1.27822468e-05,-0.00162612647,0.00348181627,2.96093655,-0.000254631042,1
1543,15.779987,0,0,0,0,-0.126904696,0.242707089,0.00348181627,2.95983315,-0.215769708,-0.168686017,9.75038147,-0.00107804674,0.000504402502,0.00348181627,2.96093655,-0.000254631042,1
1544,15.789983,0,0,0,0,-0.0940156505,0.302411079,0.00135128724,2.95983315,-0.280435234,-0.147130847,9.83420658,0.00105248217,-0.000560861954,0.00135128724,2.96093655,-0.000254631042,1
1545,15.799977,0,0,0,0,-0.0405635498,0.248754844,-0.000779241615,2.95983315,-0.237324879,-0.0848603323,9.73840618,-1.27822468e-05,0.0015696669,-0.000779241615,2.96093655,-0.000254631042,1
1546,15.820003,0,0,0,0,-0.0717209056,0.198473126,-0.000779241615,2.95983315,-0.182239428,-0.10641551,9.75038147,0.00105248217,0.000504402502,-0.000779241615,2.96093655,-0.000254631042,1
1547,15.830008,0,0,0,0,-0.0556648597,0.193087086,-0.00184450613,2.95983315,-0.179844409,-0.0896503702,9.76714611,0.00105248217,-0.00162612647,-0.00184450613,2.96093655,-0.000254631042,1
1548,15.839982,0,0,0,0,-0.00911935326,0.191745445,0.00241655181,2.96071386,-0.179844409,-0.0824653134,9.77672672,0.00105248217,0.000504402502,0.00241655181,2.96093655,-0.000254631042,1
1549,15.850088,0,0,0,0,0.0409133807,0.175337195,0.00348181627,2.95983315,-0.179844409,0.00854543224,9.78151608,0.00105248217,0.0015696669,0.00348181627,2.96093655,-0.000254631042,1
1550,15.859982,0,0,0,0,-0.0199494697,0.162171707,0.00135128724,2.95983315,-0.187029466,-0.0537250787,9.86534214,-0.00107804674,-0.000560861954,0.00348181627,2.96093655,-0.000254631042,1
1551,15.869983,0,0,0,0,-0.0916222334,0.209436134,0.00135128724,2.95983315,-0.194214523,-0.0776752755,9.79828167,-1.27822468e-05,0.000504402502,0.00454708049,2.96093655,-0.000254631042,1
1552,15.879958,0,0,0,0,-0.0539098047,0.190251201,0.00348181627,2.96071386,-0.225349784,-0.115995586,9.79588604,-1.27822468e-05,-0.000560861954,0.00454708049,2.96093655,-0.000254631042,1
1553,15.889984,0,0,0,0,-0.0179298297,0.200709209,0.00454708049,2.96080971,-0.187029466,-0.0848603323,9.77193642,-0.00214331108,-0.000560861954,0.00454708049,2.96093655,-0.000254631042,1
1554,15.899957,0,0,0,0,-0.0532072298,0.246208325,0.00454708049,2.95983315,-0.191819504,-0.151920885,9.82223129,-0.00214331108,0.00263493136,0.00454708049,2.96093655,-0.000254631042,1
1555,15.910007,0,0,0,0,-0.0943855867,0.221987754,0.00241655181,2.96080971,-0.222954765,-0.118390612,9.79828167,-1.27822468e-05,-0.000560861954,0.00454708049,2.96093655,-0.000254631042,1
1556,15.919982,0,0,0,0,-0.0331149586,0.223034561,0.00241655181,2.95983315,-0.213374689,-0.0728852376,9.79109669,0.00105248217,-0.000560861954,-0.000779241615,2.96093655,-0.000254631042,1
1557,15.929998,0,0,0,0,-0.0489800498,0.216209829,-0.000779241615,2.95983315,-0.203794599,-0.0872553512,9.82941628,-0.00107804674,-0.000560861954,-0.00184450613,2.96093655,-0.000254631042,1
1558,15.939998,0,0,0,0,-0.0588352494,0.215585962,0.00135128724,2.95983315,-0.20139958,-0.0968354344,9.81504631,0.00105248217,0.00370019581,-0.00184450613,2.96093655,-0.000254631042,1
1559,15.949983,0,0,0,0,-0.0994527265,0.25957796,-0.000779241615,2.95983315,-0.237324879,-0.144735828,9.73840618,-0.00214331108,0.000504402502,-0.000779241615,2.96093655,-0.000254631042,1
1560,15.960077,0,0,0,0,-0.046191562,0.218132481,0.00135128724,2.95983315,-0.206189632,-0.0848603323,9.81983662,-1.27822468e-05,0.00263493136,0.00135128724,2.96093655,-0.000254631042,1
1561,15.969980,0,0,0,0,-0.0385002345,0.194730252,0.00135128724,2.96080971,-0.184634447,-0.0728852376,9.81983662,-1.27822468e-05,0.000504402502,0.00135128724,2.96093655,-0.000254631042,1
1562,15.979999,0,0,0,0,-0.056861572,0.239574552,0.00241655181,2.95983315,-0.225349784,-0.0992304534,9.81025696,-1.27822468e-05,0.0015696669,0.00241655181,2.96093655,-0.000254631042,1
1563,15.989986,0,0,0,0,-0.0491199754,0.255197674,0.00241655181,2.95983315,-0.242114916,-0.0944404155,9.81504631,-0.00107804674,-0.000560861954,0.00241655181,2.96093655,-0.000254631042,1
1564,16.000002,0,0,0,0,-0.0290787257,0.205246806,0.00135128724,2.95983315,-0.196609542,-0.0657001734,9.75996113,-1.27822468e-05,-0.000560861954,0.00135128724,2.96093655,-0.000254631042,1
1565,16.009977,0,0,0,0,-0.0267231576,0.204813883,0.00348181627,2.95983315,-0.196609542,-0.0633051544,9.75277615,-1.27822468e-05,0.000504402502,0.00348181627,2.96093655,-0.000254631042,1
1566,16.020004,0,0,0,0,-0.0733505338,0.242605031,0.00241655181,2.95983315,-0.225349784,-0.115995586,9.75756645,-0.00107804674,-0.000560861954,0.00241655181,2.96093655,-0.000254631042,1
1567,16.029978,0,0,0,0,-0.049170997,0.2284206,0.000286022841,2.95983315,-0.215769708,-0.0896503702,9.77433109,-0.00107804674,-0.000560861954,0.000286022841,2.96093655,-0.000254631042,1
1568,16.039987,0,0,0,0,-0.0789275244,0.238759741,0.00135128724,2.95983315,-0.220559746,-0.120785631,9.78151608,-1.27822468e-05,0.0015696669,0.00135128724,2.96093655,-0.000254631042,1
1569,16.049962,0,0,0,0,-0.0125802532,0.216769308,0.00135128724,2.96090579,-0.21097967,-0.0513300598,9.78630638,0.00211774674,-0.00162612647,0.00135128724,2.96093655,-0.000254631042,1
1570,16.060002,0,0,0,0,-0.0525108315,0.170583189,0.000286022841,2.95992923,-0.158289239,-0.0824653134,9.80546665,-0.00107804674,-0.00162612647,0.000286022841,2.96093655,-0.000254631042,1
1571,16.069987,0,0,0,0,-0.0615727082,0.240440398,0.000286022841,2.95983315,-0.225349784,-0.104020491,9.74559116,-0.00214331108,-0.000560861954,0.000286022841,2.96093655,-0.000254631042,1
1572,16.079989,0,0,0,0,-0.0434399657,0.181024939,-0.000779241615,2.96080971,-0.170264333,-0.0752802566,9.76475143,-1.27822468e-05,-0.00269139092,-0.000779241615,2.96093655,-0.000254631042,1
1573,16.089965,0,0,0,0,-0.0628714785,0.233373702,0.00241655181,2.95983315,-0.218164727,-0.104020491,9.77672672,-0.00107804674,0.000504402502,0.00241655181,2.96093655,-0.000254631042,1
1574,16.099985,0,0,0,0,-0.0618657172,0.199096993,0.000286022841,2.95983315,-0.184634447,-0.0968354344,9.81265163,-0.00214331108,-0.000560861954,0.000286022841,2.96093655,-0.000254631042,1
1575,16.109960,0,0,0,0,-0.0601098686,0.223027006,0.00348181627,2.96080971,-0.208584651,-0.0992304534,9.78391171,0.00105248217,0.000504402502,0.00348181627,2.96093655,-0.000254631042,1
1576,16.119979,0,0,0,0,-0.0673916638,0.222028807,0.00348181627,2.95983315,-0.206189632,-0.10641551,9.78630638,-1.27822468e-05,0.0015696669,0.00348181627,2.96093655,-0.000254631042,1
1577,16.129964,0,0,0,0,-0.0627017245,0.221156955,0.00241655181,2.95992923,-0.206189632,-0.101625472,9.77433109,-1.27822468e-05,0.00370019581,0.00241655181,2.96093655,-0.000254631042,1
1578,16.139979,0,0,0,0,-0.0793604478,0.236404181,0.00241655181,2.95983315,-0.218164727,-0.120785631,9.8318119,-0.00107804674,0.0015696669,0.00241655181,2.96093655,-0.000254631042,1
1579,16.149979,0,0,0,0,-0.057778459,0.208086327,0.00241655181,2.95983315,-0.194214523,-0.0944404155,9.75517082,0.00211774674,-0.00162612647,0.00241655181,2.96093655,-0.000254631042,1
1580,16.160006,0,0,0,0,-0.0440779738,0.203133225,0.00241655181,2.95983315,-0.191819504,-0.0800702944,9.7791214,0.00105248217,-0.00162612647,0.00241655181,2.96093655,-0.000254631042,1
1581,16.169980,0,0,0,0,-0.0742876604,0.211109683,0.00241655181,2.95992923,-0.194214523,-0.111205548,9.8270216,-1.27822468e-05,0.0015696669,0.00241655181,2.96093655,-0.000254631042,1
1582,16.179978,0,0,0,0,-0.057942044,0.247068629,0.000286022841,2.95992923,-0.232534841,-0.101625472,9.81025696,-1.27822468e-05,-0.00162612647,0.000286022841,2.96093655,-0.000254631042,1
1583,16.189964,0,0,0,0,-0.0671778321,0.224318877,0.000286022841,2.96080971,-0.208584651,-0.10641551,9.76954079,-1.27822468e-05,0.000504402502,0.000286022841,2.96093655,-0.000254631042,1
1584,16.199979,0,0,0,0,-0.00398230366,0.222550601,0.000286022841,2.95983315,-0.218164727,-0.0441449992,9.79109669,-0.00107804674,-0.00162612647,0.000286022841,2.96093655,-0.000254631042,1
1585,16.209966,0,0,0,0,-0.0800353512,0.219482273,0.00135128724,2.95983315,-0.20139958,-0.118390612,9.82941628,0.00105248217,0.0015696669,0.00135128724,2.96093655,-0.000254631042,1
1586,16.219985,0,0,0,0,-0.0509537309,0.192221239,0.00135128724,2.95983315,-0.179844409,-0.0848603323,9.80786133,-0.00107804674,-0.00162612647,0.00135128724,2.96093655,-0.000254631042,1
1587,16.229959,0,0,0,0,-0.0438954756,0.151891828,0.000286022841,2.96080971,-0.141524091,-0.0704902187,9.77672672,-1.27822468e-05,-0.00162612647,0.000286022841,2.96093655,-0.000254631042,1
1588,16.239968,0,0,0,0,-0.0376351513,0.211689636,0.00348181627,2.95983315,-0.20139958,-0.0752802566,9.78630638,-1.27822468e-05,0.0015696669,0.00348181627,2.96093655,-0.000254631042,1
1589,16.249965,0,0,0,0,-0.0572434664,0.263996065,0.00241655181,2.95983315,-0.249299973,-0.104020491,9.81025696,0.00211774674,-0.000560861954,0.00241655181,2.96093655,-0.000254631042,1
1590,16.259963,0,0,0,0,-0.0280893482,0.170967415,0.00454708049,2.95992923,-0.163079277,-0.0585151166,9.76475143,-0.00214331108,-0.00162612647,0.00454708049,2.96093655,-0.000254631042,1
1591,16.269960,0,0,0,0,-0.0703933686,0.232310176,0.00135128724,2.95992923,-0.215769708,-0.111205548,9.79588604,-1.27822468e-05,-0.00162612647,0.00135128724,2.96093655,-0.000254631042,1
1592,16.279967,0,0,0,0,-0.0621253811,0.184524715,0.00348181627,2.95992923,-0.170264333,-0.0944404155,9.80786133,-1.27822468e-05,0.000504402502,0.00348181627,2.96093655,-0.000254631042,1
1593,16.289965,0,0,0,0,-0.065910846,0.204609707,-0.000779241615,2.96080971,-0.206189632,-0.101625472,9.78151608,0.00105248217,-0.00269139092,-0.000779241615,2.96093655,-0.000254631042,1
1594,16.299963,0,0,0,0,-0.0697366968,0.236960053,0.000286022841,2.96080971,-0.208584651,-0.10641551,9.79109669,0.00105248217,-0.000560861954,0.000286022841,2.96093655,-0.000254631042,1
1595,16.309961,0,0,0,0,-0.0517890863,0.21428223,0.00135128724,2.95992923,-0.184634447,-0.101625472,9.76954079,-0.00320857554,0.000504402502,0.00241655181,2.96093655,-0.000254631042,1
1596,16.329981,0,0,0,0,-0.06717702,0.251089543,0.00348181627,2.96090579,-0.189424485,-0.0896503702,9.79828167,-1.27822468e-05,0.000504402502,0.00135128724,2.96093655,-0.000254631042,1
1597,16.339968,0,0,0,0,-0.0590706319,0.18875128,0.00241655181,2.96080971,-0.194214523,-0.108810529,9.77193642,-1.27822468e-05,0.000504402502,0.000286022841,2.96093655,-0.000254631042,1
1598,16.349984,0,0,0,0,-0.0700080842,0.195609674,0.000286022841,2.96090579,-0.213374689,-0.0704902187,9.82223129,-0.00107804674,0.0015696669,0.00241655181,2.96093655,-0.000254631042,1
1599,16.359958,0,0,0,0,-0.0372053906,0.228571773,0.00241655181,2.96090579,-0.218164727,-0.0776752755,9.80546665,0.00105248217,-0.00162612647,0.00241655181,2.96093655,-0.000254631042,1
1600,16.370001,0,0,0,0,-0.0644809976,0.184957415,0.00348181627,2.95992923,-0.170264333,-0.0968354344,9.78391171,0.00211774674,0.000504402502,0.00135128724,2.96093655,-0.000254631042,1
1601,16.379983,0,0,0,0,-0.0626936108,0.208891064,0.000286022841,2.96080971,-0.194214523,-0.0992304534,9.7791214,-0.00214331108,-0.000560861954,0.00241655181,2.96093655,-0.000254631042,1
1602,16.389957,0,0,0,0,-0.071210295,0.254376024,0.000286022841,2.95992923,-0.237324879,-0.115995586,9.80067635,-0.00214331108,0.0015696669,0.000286022841,2.96093655,-0.000254631042,1
1603,16.399986,0,0,0,0,-0.0491928943,0.228415892,0.000286022841,2.95992923,-0.215769708,-0.0896503702,9.83420658,-0.00107804674,0.0015696669,0.000286022841,2.96093655,-0.000254631042,1
1604,16.409961,0,0,0,0,-0.0648652241,0.209378898,0.00241655181,2.95992923,-0.194214523,-0.101625472,9.78151608,0.00105248217,0.000504402502,0.00241655181,2.96093655,-0.000254631042,1
1605,16.420001,0,0,0,0,-0.0376069658,0.238463134,-0.000779241615,2.95992923,-0.227744803,-0.0800702944,9.85815716,-0.00320857554,-0.000560861954,-0.000779241615,2.96093655,-0.000254631042,1
1606,16.429967,0,0,0,0,-0.0477026775,0.223271966,0.00348181627,2.95992923,-0.21097967,-0.0872553512,9.74559116,-0.00107804674,-0.00162612647,0.00348181627,2.96093655,-0.000254631042,1
1607,16.439965,0,0,0,0,-0.0624872744,0.223451644,0.00241655181,2.96090579,-0.208584651,-0.101625472,9.78630638,-1.27822468e-05,0.00263493136,0.00241655181,2.96093655,-0.000254631042,1
1608,16.449987,0,0,0,0,-0.0535683446,0.178082705,0.000286022841,2.95992923,-0.165474296,-0.0848603323,9.82223129,-0.00107804674,-0.00162612647,0.000286022841,2.96093655,-0.000254631042,1
1609,16.459963,0,0,0,0,-0.0309980959,0.222568527,0.00241655181,2.96090579,-0.213374689,-0.0704902187,9.81025696,-1.27822468e-05,0.000504402502,0.00241655181,2.96093655,-0.000254631042,1
1610,16.469979,0,0,0,0,-0.0513563864,0.216637835,0.00135128724,2.95992923,-0.203794599,-0.0896503702,9.81504631,-0.00107804674,0.000504402502,0.00135128724,2.96093655,-0.000254631042,1
1611,16.480003,0,0,0,0,-0.0424151197,0.185774341,-0.000779241615,2.95992923,-0.175054371,-0.0752802566,9.8270216,-1.27822468e-05,0.0015696669,-0.000779241615,2.96093655,-0.000254631042,1
1612,16.489977,0,0,0,0,-0.0513563864,0.216637835,-0.000779241615,2.95992923,-0.203794599,-0.0896503702,9.81025696,-0.00107804674,-0.00162612647,-0.000779241615,2.96093655,-0.000254631042,1
1613,16.499982,0,0,0,0,-0.021983102,0.230723023,0.00241655181,2.95992923,-0.222954765,-0.0633051544,9.76714611,-0.00214331108,0.000504402502,0.00241655181,2.96093655,-0.000254631042,1
1614,16.509968,0,0,0,0,-0.0733737871,0.242597997,0.000286022841,2.95992923,-0.225349784,-0.115995586,9.79828167,0.00211774674,-0.000560861954,0.000286022841,2.96093655,-0.000254631042,1
1615,16.520006,0,0,0,0,-0.0391533412,0.204581067,0.00241655181,2.96090579,-0.194214523,-0.0752802566,9.80067635,-0.00320857554,0.00263493136,0.00241655181,2.96093655,-0.000254631042,1
1616,16.529981,0,0,0,0,-0.0127623435,0.228981078,0.00348181627,2.96080971,-0.222954765,-0.0537250787,9.80067635,-0.00107804674,0.000504402502,0.00348181627,2.96093655,-0.000254631042,1
1617,16.539978,0,0,0,0,-0.0440694317,0.217652425,0.00454708049,2.96090579,-0.206189632,-0.0824653134,9.74319553,-0.00107804674,-0.000560861954,0.00454708049,2.96093655,-0.000254631042,1
1618,16.549963,0,0,0,0,0.000466997968,0.207118466,0.00135128724,2.95992923,-0.203794599,-0.0369599424,9.75517082,-0.00107804674,0.000504402502,0.00135128724,2.96093655,-0.000254631042,1
1619,16.560002,0,0,0,0,-0.0836616233,0.239617571,0.00241655181,2.95992923,-0.220559746,-0.125575662,9.80307102,0.00105248217,-0.00162612647,0.00241655181,2.96093655,-0.000254631042,1
1620,16.569977,0,0,0,0,-0.0488086604,0.203994393,0.00348181627,2.95992923,-0.191819504,-0.0848603323,9.75277615,-0.00107804674,0.00263493136,0.00348181627,2.96093655,-0.000254631042,1
1621,16.579985,0,0,0,0,-0.087565124,0.206120938,0.00348181627,2.96090579,-0.187029466,-0.12318065,9.81744194,-1.27822468e-05,0.000504402502,0.00348181627,2.96093655,-0.000254631042,1
1622,16.590038,0,0,0,0,-0.0582795627,0.178948104,0.00241655181,2.95992923,-0.165474296,-0.0896503702,9.79349136,-0.00214331108,0.0015696669,0.00241655181,2.96093655,-0.000254631042,1
1623,16.599967,0,0,0,0,-0.0318142511,0.271410704,0.00135128724,2.96090579,-0.261275083,-0.0800702944,9.84378719,-1.27822468e-05,-0.00162612647,0.00135128724,2.96093655,-0.000254631042,1
1624,16.610001,0,0,0,0,-0.0361405537,0.221073285,0.000286022841,2.96090579,-0.21097967,-0.0752802566,9.82462692,-0.00107804674,-0.000560861954,0.000286022841,2.96093655,-0.000254631042,1
1625,16.619987,0,0,0,0,-0.110487178,0.212888956,0.00135128724,2.95992923,-0.189424485,-0.147130847,9.77193642,-1.27822468e-05,0.0015696669,0.00135128724,2.96093655,-0.000254631042,1
1626,16.630005,0,0,0,0,-0.0215962902,0.194069803,0.000286022841,2.96090579,-0.187029466,-0.0561200976,9.81983662,-1.27822468e-05,-0.000560861954,0.000286022841,2.96093655,-0.000254631042,1
1627,16.639980,0,0,0,0,-0.0674033761,0.236522973,0.000286022841,2.96090579,-0.220559746,-0.108810529,9.77672672,-0.00107804674,0.000504402502,0.000286022841,2.96093655,-0.000254631042,1
1628,16.649988,0,0,0,0,-0.116062947,0.223485142,0.00241655181,2.96100163,-0.199004561,-0.154315904,9.82462692,-1.27822468e-05,-0.000560861954,0.00241655181,2.96093655,-0.000254631042,1
1629,16.659962,0,0,0,0,-0.0669506639,0.265656114,-0.00184450613,2.96090579,-0.249299973,-0.113600567,9.76954079,0.00105248217,-0.000560861954,-0.00184450613,2.96093655,-0.000254631042,1
1630,16.670003,0,0,0,0,-0.043664746,0.205484614,-0.000779241615,2.95992923,-0.194214523,-0.0800702944,9.8318119,0.00105248217,-0.00162612647,-0.000779241615,2.96093655,-0.000254631042,1
1631,16.679978,0,0,0,0,-0.0658742636,0.243655518,0.00135128724,2.95992923,-0.227744803,-0.108810529,9.7791214,-1.27822468e-05,-0.000560861954,0.00135128724,2.96093655,-0.000254631042,1
1632,16.689999,0,0,0,0,-0.0541652739,0.214709729,0.00241655181,2.96002507,-0.20139958,-0.0920453891,9.80786133,-1.27822468e-05,0.00263493136,0.00241655181,2.96093655,-0.000254631042,1
1633,16.700002,0,0,0,0,-0.0496199727,0.240578279,0.000286022841,2.96090579,-0.227744803,-0.0920453891,9.7623558,-0.00107804674,-0.00482191984,0.000286022841,2.96093655,-0.000254631042,1
1634,16.709987,0,0,0,0,-0.0358918719,0.262416989,0.00241655181,2.96090579,-0.251695007,-0.0824653134,9.77672672,-0.00214331108,0.00370019581,0.00241655181,2.96093655,-0.000254631042,1
1635,16.719982,0,0,0,0,-0.0643840581,0.238511592,0.00241655181,2.95992923,-0.222954765,-0.10641551,9.74559116,-0.00107804674,-0.000560861954,0.00241655181,2.96093655,-0.000254631042,1
1636,16.729967,0,0,0,0,-0.0556833707,0.193081751,0.000286022841,2.95992923,-0.227744803,-0.0992304534,9.74559116,-0.00107804674,-0.00269139092,0.00241655181,2.96093655,-0.000254631042,1
1637,16.740005,0,0,0,0,-0.0271245167,0.24377279,0.000286022841,2.96090579,-0.194214523,-0.0680951998,9.72164059,0.00211774674,-0.000560861954,0.00241655181,2.96093655,-0.000254631042,1
1638,16.749979,0,0,0,0,-0.0495286584,0.279614449,0.000286022841,2.95992923,-0.249299973,-0.0776752755,9.82941628,-1.27822468e-05,0.000504402502,0.000286022841,2.96093655,-0.000254631042,1
1639,16.760008,0,0,0,0,-0.0669802502,0.224377945,0.00454708049,2.95992923,-0.232534841,-0.0920453891,9.7312212,0.00105248217,0.00263493136,0.0066776094,2.96093655,-0.000254631042,1
1640,16.769982,0,0,0,0,-0.0299332589,0.215070039,0.00241655181,2.96090579,-0.215769708,-0.0968354344,9.74559116,-1.27822468e-05,-0.00162612647,0.000286022841,2.96093655,-0.000254631042,1
1641,16.779979,0,0,0,0,-0.0417134017,0.21722202,-0.000779241615,2.96090579,-0.225349784,-0.113600567,9.76954079,-1.27822468e-05,0.00370019581,-0.000779241615,2.96093655,-0.000254631042,1
1642,16.789987,0,0,0,0,-0.0655385032,0.192456946,0.000286022841,2.95992923,-0.17744939,-0.0968354344,9.76954079,0.00211774674,-0.000560861954,0.00135128724,2.96093655,-0.000254631042,1
1643,16.799984,0,0,0,0,-0.0447261892,0.200729802,0.00454708049,2.96090579,-0.189424485,-0.0800702944,9.88689709,0.00211774674,0.0015696669,0.00561234495,2.96093655,-0.000254631042,1
1644,16.809980,0,0,0,0,-0.0454656258,0.261831433,0.00241655181,2.95983315,-0.249299973,-0.0920453891,9.74319553,0.00105248217,0.0015696669,0.00348181627,2.96093655,-0.000254631042,1
1645,16.819978,0,0,0,0,-0.0258092787,0.250843346,-0.00290977047,2.96080971,-0.242114916,-0.0704902187,9.80786133,0.0031830112,-0.00162612647,-0.000779241615,2.96093655,-0.000254631042,1
1646,16.829985,0,0,0,0,-0.0577499308,0.234857902,0.00135128724,2.95992923,-0.220559746,-0.0992304534,9.80546665,0.00105248217,-0.000560861954,0.00135128724,2.96093655,-0.000254631042,1
1647,16.839983,0,0,0,0,-0.060970936,0.230579376,0.00135128724,2.95992923,-0.215769708,-0.101625472,9.81983662,-1.27822468e-05,0.000504402502,0.00135128724,2.96093655,-0.000254631042,1
1648,16.849979,0,0,0,0,-0.0693290085,0.2393094,0.00135128724,2.96090579,-0.222954765,-0.111205548,9.76714611,-1.27822468e-05,0.000504402502,0.00135128724,2.96093655,-0.000254631042,1
1649,16.870008,0,0,0,0,-0.039697703,0.25346598,0.00135128724,2.95983315,-0.242114916,-0.0848603323,9.80307102,0.00105248217,0.0015696669,0.00135128724,2.96093655,-0.000254631042,1
1650,16.879982,0,0,0,0,-0.0560676046,0.217503235,0.000286022841,2.95992923,-0.203794599,-0.0944404155,9.76475143,0.00105248217,0.000504402502,0.000286022841,2.96093655,-0.000254631042,1
1651,16.889986,0,0,0,0,-0.0672208369,0.209811598,0.00135128724,2.95992923,-0.194214523,-0.104020491,9.80307102,-1.27822468e-05,-0.00162612647,0.00135128724,2.96093655,-0.000254631042,1
1652,16.900000,0,0,0,0,-0.0492160581,0.189384773,-0.00184450613,2.96080971,-0.17744939,-0.0824653134,9.79828167,-1.27822468e-05,-0.00162612647,-0.00184450613,2.96093655,-0.000254631042,1
1653,16.909985,0,0,0,0,-0.047265809,0.213375285,0.00135128724,2.96080971,-0.20139958,-0.0848603323,9.78870106,-1.27822468e-05,-0.000560861954,0.00135128724,2.96093655,-0.000254631042,1
1654,16.920005,0,0,0,0,-0.0654900447,0.21923402,0.000286022841,2.95992923,-0.203794599,-0.104020491,9.78870106,-1.27822468e-05,-0.00269139092,0.000286022841,2.96093655,-0.000254631042,1
1655,16.929980,0,0,0,0,-0.0650088713,0.248366728,0.00241655181,2.95992923,-0.232534841,-0.108810529,9.82223129,-1.27822468e-05,-0.00269139092,0.00241655181,2.96093655,-0.000254631042,1
1656,16.940000,0,0,0,0,-0.0500950031,0.184668005,-0.000779241615,2.96090579,-0.172659352,-0.0824653134,9.70008564,-0.00214331108,-0.000560861954,-0.000779241615,2.96093655,-0.000254631042,1
1657,16.949985,0,0,0,0,-0.0444791988,0.215300649,0.00348181627,2.96080971,-0.203794599,-0.0824653134,9.80546665,-0.00107804674,-0.00162612647,0.00348181627,2.96093655,-0.000254631042,1
1658,16.959985,0,0,0,0,-0.0354919434,0.223464087,0.00135128724,2.95992923,-0.213374689,-0.0752802566,9.77672672,-0.00107804674,0.00263493136,0.00135128724,2.96093655,-0.000254631042,1
1659,16.969986,0,0,0,0,-0.0194443017,0.205849946,0.00241655181,2.96090579,-0.199004561,-0.0561200976,9.85336685,-0.00107804674,-0.00269139092,0.00241655181,2.96093655,-0.000254631042,1
1660,16.980004,0,0,0,0,-0.0423924811,0.173522294,-0.000779241615,2.96090579,-0.163079277,-0.0728852376,9.83660221,0.00105248217,-0.000560861954,-0.000779241615,2.96093655,-0.000254631042,1
1661,16.989978,0,0,0,0,-0.0318867117,0.203321114,0.00348181627,2.95992923,-0.194214523,-0.0680951998,9.80307102,-0.00107804674,-0.000560861954,0.00348181627,2.96093655,-0.000254631042,1
1662,17.000006,0,0,0,0,-0.0505030863,0.209089085,0.00241655181,2.96090579,-0.196609542,-0.0872553512,9.80786133,0.00105248217,0.000504402502,0.00241655181,2.96093655,-0.000254631042,1
1663,17.009982,0,0,0,0,-0.0438568629,0.217695355,0.000286022841,2.95992923,-0.206189632,-0.0824653134,9.78870106,-1.27822468e-05,0.000504402502,0.000286022841,2.96093655,-0.000254631042,1
1664,17.020000,0,0,0,0,-0.0556232333,0.234370992,0.00348181627,2.96090579,-0.220559746,-0.0968354344,9.77672672,-0.00214331108,0.0015696669,0.00348181627,2.96093655,-0.000254631042,1
1665,17.029986,0,0,0,0,-0.0800563917,0.219474614,0.00241655181,2.95992923,-0.20139958,-0.118390612,9.79109669,-1.27822468e-05,0.00370019581,0.00241655181,2.96093655,-0.000254631042,1
1666,17.039983,0,0,0,0,-0.0457797684,0.220483661,-0.000779241615,2.95992923,-0.208584651,-0.0848603323,9.81744194,-0.00214331108,0.000504402502,-0.000779241615,2.96093655,-0.000254631042,1
1667,17.050005,0,0,0,0,-0.0474679843,0.252358437,0.00348181627,2.96090579,-0.239719898,-0.0920453891,9.77193642,-0.00320857554,0.00370019581,0.00348181627,2.96093655,-0.000254631042,1
1668,17.059979,0,0,0,0,-0.0676084608,0.221962884,-0.000779241615,2.96080971,-0.206189632,-0.10641551,9.83660221,-0.00214331108,-0.00269139092,-0.000779241615,2.96093655,-0.000254631042,1
1669,17.069982,0,0,0,0,-0.0528465919,0.22178176,0.00135128724,2.95992923,-0.208584651,-0.0920453891,9.79828167,0.00105248217,-0.00162612647,0.00135128724,2.96093655,-0.000254631042,1
1670,17.079967,0,0,0,0,-0.0380396619,0.236107528,0.000286022841,2.95992923,-0.225349784,-0.0800702944,9.74319553,-0.00214331108,-0.000560861954,0.000286022841,2.96093655,-0.000254631042,1
1671,17.089978,0,0,0,0,-0.0649850667,0.248372957,0.00135128724,2.95983315,-0.232534841,-0.108810529,9.80067635,-1.27822468e-05,-0.000560861954,0.00135128724,2.96093655,-0.000254631042,1
1672,17.099965,0,0,0,0,-0.0341691114,0.245067254,0.00241655181,2.96080971,-0.23492986,-0.0776752755,9.84618187,0.00211774674,-0.000560861954,0.00241655181,2.96093655,-0.000254631042,1
1673,17.109988,0,0,0,0,-0.0787365809,0.226548985,-0.00184450613,2.95983315,-0.208584651,-0.118390612,9.81983662,-0.00107804674,0.000504402502,-0.00184450613,2.96093655,-0.000254631042,1
1674,17.119962,0,0,0,0,-0.0507315695,0.206782699,0.00135128724,2.95992923,-0.194214523,-0.0872553512,9.76954079,-1.27822468e-05,-0.00162612647,0.00135128724,2.96093655,-0.000254631042,1
1675,17.129988,0,0,0,0,-0.0732301399,0.203610167,-0.000779241615,2.95992923,-0.187029466,-0.108810529,9.7623558,-1.27822468e-05,-0.000560861954,-0.000779241615,2.96093655,-0.000254631042,1
1676,17.139962,0,0,0,0,-0.0813355148,0.226894826,0.00454708049,2.96090579,-0.208584651,-0.120785631,9.73361588,-0.00214331108,0.000504402502,0.00454708049,2.96093655,-0.000254631042,1
1677,17.149978,0,0,0,0,-0.041692581,0.217226028,0.00135128724,2.96080971,-0.206189632,-0.0800702944,9.79349136,0.00211774674,-0.000560861954,0.00135128724,2.96093655,-0.000254631042,1
1678,17.159964,0,0,0,0,-0.0560065024,0.258797437,0.00135128724,2.96080971,-0.244509935,-0.101625472,9.78630638,-1.27822468e-05,0.000504402502,0.00135128724,2.96093655,-0.000254631042,1
1679,17.170000,0,0,0,0,-0.0667466223,0.253445566,0.000286022841,2.96090579,-0.237324879,-0.111205548,9.75277615,0.00105248217,0.0015696669,0.000286022841,2.96093655,-0.000254631042,1
1680,17.179985,0,0,0,0,-0.0725568682,0.220532119,-0.000779241615,2.95992923,-0.199004561,-0.0848603323,9.82462692,-0.00214331108,-0.00269139092,-0.000779241615,2.96093655,-0.000254631042,1
1681,17.189986,0,0,0,0,-0.0680862293,0.205100372,0.00135128724,2.95992923,-0.237324879,-0.101625472,9.7791214,-0.00107804674,0.0015696669,0.00348181627,2.96093655,-0.000254631042,1
1682,17.199984,0,0,0,0,-0.0457461812,0.235009804,0.00241655181,2.96080971,-0.196609542,-0.132760733,9.73361588,0.00211774674,0.0015696669,0.00241655181,2.96093655,-0.000254631042,1
1683,17.210008,0,0,0,0,-0.0815250725,0.224626347,0.00454708049,2.95983315,-0.244509935,-0.0800702944,9.87731743,-1.27822468e-05,-0.00162612647,0.00241655181,2.96093655,-0.000254631042,1
1684,17.220006,0,0,0,0,-0.0180888157,0.251923501,0.000286022841,2.95992923,-0.196609542,-0.125575662,9.78151608,-1.27822468e-05,-0.00269139092,0.00348181627,2.96093655,-0.000254631042,1
1685,17.229982,0,0,0,0,-0.0828446969,0.217551693,0.000286022841,2.95992923,-0.23492986,-0.0824653134,9.79349136,-1.27822468e-05,-0.000560861954,-0.000779241615,2.96093655,-0.000254631042,1
1686,17.239980,0,0,0,0,-0.0869306922,0.196266428,0.00454708049,2.96090579,-0.17744939,-0.120785631,9.79828167,0.00105248217,0.000504402502,0.00135128724,2.96093655,-0.000254631042,1
1687,17.249967,0,0,0,0,-0.0718898103,0.225180119,0.000286022841,2.96080971,-0.208584651,-0.111205548,9.78391171,-0.00107804674,-0.000560861954,0.000286022841,2.96093655,-0.000254631042,1
1688,17.259985,0,0,0,0,-0.0672208369,0.209811598,0.000286022841,2.95992923,-0.194214523,-0.104020491,9.78391171,-0.00107804674,-0.00162612647,-0.00184450613,2.96093655,-0.000254631042,1
1689,17.269959,0,0,0,0,-0.0406485759,0.209723532,0.00135128724,2.96090579,-0.199004561,-0.0776752755,9.77672672,-1.27822468e-05,0.00263493136,0.00135128724,2.96093655,-0.000254631042,1
1690,17.280006,0,0,0,0,-0.069865495,0.168900847,0.00135128724,2.95992923,-0.153499186,-0.0992304534,9.75756645,0.00105248217,-0.00162612647,0.00135128724,2.96093655,-0.000254631042,1
1691,17.289982,0,0,0,0,-0.0260819905,0.209497169,0.00135128724,2.96090579,-0.20139958,-0.0633051544,9.74559116,0.00105248217,-0.00162612647,0.00135128724,2.96093655,-0.000254631042,1
1692,17.299978,0,0,0,0,-0.0690534413,0.280659705,0.00135128724,2.96080971,-0.263670087,-0.118390612,9.84857655,-1.27822468e-05,-0.00375665538,0.00135128724,2.96093655,-0.000254631042,1
1693,17.309987,0,0,0,0,-0.0759699792,0.22846435,0.00241655181,2.95992923,-0.21097967,-0.115995586,9.76475143,-1.27822468e-05,-0.00162612647,0.00241655181,2.96093655,-0.000254631042,1
1694,17.319983,0,0,0,0,-0.0808248445,0.26831758,0.00241655181,2.95992923,-0.249299973,-0.127970681,9.8318119,0.00105248217,0.0015696669,0.00241655181,2.96093655,-0.000254631042,1
1695,17.329981,0,0,0,0,-0.0644543469,0.199454755,0.000286022841,2.96100163,-0.184634447,-0.0992304534,9.77433109,0.00211774674,0.0015696669,0.000286022841,2.96093655,-0.000254631042,1
1696,17.339977,0,0,0,0,-0.0684905276,0.217244327,0.00135128724,2.96090579,-0.20139958,-0.10641551,9.81025696,-1.27822468e-05,-0.000560861954,0.00135128724,2.96093655,-0.000254631042,1
1697,17.349984,0,0,0,0,-0.0695553645,0.22474283,0.000286022841,2.96090579,-0.208584651,-0.108810529,9.76475143,-0.00107804674,0.00263493136,0.000286022841,2.96093655,-0.000254631042,1
1698,17.359982,0,0,0,0,-0.04236665,0.21255143,0.00135128724,2.95992923,-0.20139958,-0.0800702944,9.79828167,0.00105248217,0.0015696669,0.00135128724,2.96093655,-0.000254631042,1
1699,17.369978,0,0,0,0,-0.0689516291,0.200389162,0.00135128724,2.95992923,-0.184634447,-0.104020491,9.81983662,0.00105248217,-0.000560861954,0.00135128724,2.96093655,-0.000254631042,1
1700,17.379985,0,0,0,0,-0.0715478212,0.186255515,0.00241655181,2.95992923,-0.170264333,-0.104020491,9.82941628,-1.27822468e-05,-0.000560861954,0.00241655181,2.96093655,-0.000254631042,1
1701,17.389958,0,0,0,0,-0.0522246771,0.199664965,-0.000779241615,2.96090579,-0.187029466,-0.0872553512,9.73361588,-0.00107804674,-0.00162612647,-0.000779241615,2.96093655,-0.000254631042,1
1702,17.399979,0,0,0,0,-0.0474437922,0.252362967,0.00135128724,2.96080971,-0.239719898,-0.0920453891,9.77193642,-0.00107804674,0.000504402502,0.00135128724,2.96093655,-0.000254631042,1
1703,17.409966,0,0,0,0,-0.018401783,0.171574339,0.00135128724,2.96090579,-0.165474296,-0.0489350408,9.80067635,-1.27822468e-05,-0.000560861954,0.00135128724,2.96093655,-0.000254631042,1
1704,17.419963,0,0,0,0,-0.0458282344,0.193706572,0.000286022841,2.95992923,-0.182239428,-0.0800702944,9.79109669,0.00105248217,0.00263493136,0.000286022841,2.96093655,-0.000254631042,1
1705,17.429985,0,0,0,0,-0.0421260707,0.227117792,0.00135128724,2.95992923,-0.215769708,-0.0824653134,9.79109669,-1.27822468e-05,0.000504402502,0.00135128724,2.96093655,-0.000254631042,1
1706,17.439960,0,0,0,0,-0.0761711597,0.228397354,-0.000779241615,2.96080971,-0.21097967,-0.115995586,9.7791214,-0.00107804674,-0.000560861954,-0.000779241615,2.96093655,-0.000254631042,1
1707,17.449997,0,0,0,0,-0.0647941157,0.236162201,0.00348181627,2.95983315,-0.220559746,-0.10641551,9.77193642,-1.27822468e-05,-0.00162612647,0.00348181627,2.96093655,-0.000254631042,1
1708,17.459983,0,0,0,0,-0.0710970387,0.18861793,0.00135128724,2.95983315,-0.172659352,-0.104020491,9.84139156,-1.27822468e-05,0.00370019581,0.00135128724,2.96093655,-0.000254631042,1
1709,17.470002,0,0,0,0,-0.0528465919,0.22178176,0.00241655181,2.95992923,-0.208584651,-0.0920453891,9.80786133,-0.00214331108,0.0015696669,0.00241655181,2.96093655,-0.000254631042,1
1710,17.479986,0,0,0,0,-0.0440005101,0.256683171,0.00241655181,2.95992923,-0.244509935,-0.0896503702,9.75517082,0.00105248217,-0.000560861954,0.00241655181,2.96093655,-0.000254631042,1
1711,17.489989,0,0,0,0,-0.0367528535,0.230931327,0.00241655181,2.96080971,-0.220559746,-0.0776752755,9.75277615,-0.00107804674,-0.00162612647,0.00241655181,2.96093655,-0.000254631042,1
1712,17.499962,0,0,0,0,-0.07442379,0.264598429,0.00135128724,2.96080971,-0.246904954,-0.120785631,9.82941628,-1.27822468e-05,-0.00162612647,0.00135128724,2.96093655,-0.000254631042,1
1713,17.509998,0,0,0,0,-0.0592171401,0.240007475,0.000286022841,2.95983315,-0.225349784,-0.101625472,9.83660221,0.00105248217,0.000504402502,0.000286022841,2.96093655,-0.000254631042,1
1714,17.519984,0,0,0,0,-0.0160021205,0.210148886,0.000286022841,2.95983315,-0.203794599,-0.0537250787,9.79588604,-0.00107804674,-0.00269139092,0.000286022841,2.96093655,-0.000254631042,1
1715,17.529978,0,0,0,0,-0.0276778881,0.26586768,0.00348181627,2.95983315,-0.256485045,-0.0752802566,9.73840618,-0.00214331108,-0.000560861954,0.00348181627,2.96093655,-0.000254631042,1
1716,17.539964,0,0,0,0,-0.0764320418,0.199338973,0.00348181627,2.95983315,-0.182239428,-0.111205548,9.75277615,0.00105248217,0.00263493136,0.00348181627,2.96093655,-0.000254631042,1
1717,17.549984,0,0,0,0,-0.0682170689,0.258594573,0.00348181627,2.96080971,-0.242114916,-0.113600567,9.81025696,-0.00214331108,0.00370019581,0.00348181627,2.96093655,-0.000254631042,1
1718,17.560005,0,0,0,0,-0.0706130788,0.217750579,0.00135128724,2.95983315,-0.20139958,-0.108810529,9.81265163,-0.00107804674,-0.000560861954,0.00135128724,2.96093655,-0.000254631042,1
1719,17.569979,0,0,0,0,-0.0611908175,0.216018885,0.000286022841,2.95983315,-0.20139958,-0.0992304534,9.7623558,-1.27822468e-05,-0.00162612647,0.000286022841,2.96093655,-0.000254631042,1
1720,17.579985,0,0,0,0,-0.0388828814,0.231400028,0.00348181627,2.95983315,-0.220559746,-0.0800702944,9.84139156,-1.27822468e-05,0.00263493136,0.00348181627,2.96093655,-0.000254631042,1
1721,17.589958,0,0,0,0,-0.0449347049,0.186167538,0.00135128724,2.96080971,-0.175054371,-0.0776752755,9.81744194,0.00105248217,-0.000560861954,0.00135128724,2.96093655,-0.000254631042,1
1722,17.600008,0,0,0,0,-0.0719118565,0.210683882,0.00135128724,2.95983315,-0.194214523,-0.108810529,9.74080086,0.00105248217,-0.00269139092,0.00135128724,2.96093655,-0.000254631042,1
1723,17.609982,0,0,0,0,-0.0799843147,0.246259362,0.00135128724,2.95983315,-0.227744803,-0.12318065,9.76954079,-0.00107804674,0.00370019581,0.00135128724,2.96093655,-0.000254631042,1
1724,17.619979,0,0,0,0,-0.0296515655,0.241879091,-0.000779241615,2.95983315,-0.203794599,-0.0728852376,9.78391171,0.00105248217,-0.00162612647,0.000286022841,2.96093655,-0.000254631042,1
1725,17.629966,0,0,0,0,-0.0364762843,0.257744193,0.00135128724,2.95983315,-0.206189632,-0.1303657,9.82941628,0.00105248217,-0.00269139092,0.00135128724,2.96093655,-0.000254631042,1
1726,17.640003,0,0,0,0,-0.047872223,0.235487297,0.00241655181,2.95983315,-0.189424485,-0.0824653134,9.81504631,0.00211774674,0.0015696669,0.00241655181,2.96093655,-0.000254631042,1
1727,17.649978,0,0,0,0,-0.0757571384,0.216260865,0.00241655181,2.95983315,-0.218164727,-0.115995586,9.7312212,0.00105248217,-0.000560861954,0.00241655181,2.96093655,-0.000254631042,1
1728,17.659985,0,0,0,0,-0.044268921,0.215343982,0.00241655181,2.95983315,-0.23492986,-0.0968354344,9.80307102,-0.00214331108,0.00263493136,0.00348181627,2.96093655,-0.000254631042,1
1729,17.669982,0,0,0,0,-0.0607682541,0.206104442,0.00241655181,2.96080971,-0.160684258,-0.101625472,9.79828167,-1.27822468e-05,0.000504402502,0.00241655181,2.96093655,-0.000254631042,1
1730,17.679979,0,0,0,0,-0.0894707292,0.208915949,0.00135128724,2.96080971,-0.239719898,-0.10641551,9.8270216,0.00105248217,0.000504402502,0.00348181627,2.96093655,-0.000254631042,1
1731,17.689977,0,0,0,0,-0.075375244,0.191839352,0.00135128724,2.95983315,-0.175054371,-0.108810529,9.72643089,0.00105248217,-0.000560861954,-0.000779241615,2.96093655,-0.000254631042,1
1732,17.699985,0,0,0,0,-0.0624895878,0.208952188,-0.000779241615,2.95983315,-0.194214523,-0.0992304534,9.76954079,-0.00107804674,-0.00162612647,-0.000779241615,2.96093655,-0.000254631042,1
1733,17.709982,0,0,0,0,-0.0722937435,0.23510541,0.000286022841,2.95983315,-0.218164727,-0.113600567,9.74559116,-1.27822468e-05,0.000504402502,0.00135128724,2.96093655,-0.000254631042,1
1734,17.719978,0,0,0,0,-0.0691233575,0.212606519,0.00135128724,2.95983315,-0.196609542,-0.10641551,9.75517082,-1.27822468e-05,0.0015696669,0.00135128724,2.96093655,-0.000254631042,1
1735,17.729986,0,0,0,0,-0.0600319505,0.262073427,0.000286022841,2.95983315,-0.246904954,-0.10641551,9.7312212,-0.00214331108,0.000504402502,0.000286022841,2.96093655,-0.000254631042,1
1736,17.920008,0,0,0,0,-0.0541060194,0.229233727,0.000286022841,2.96080971,-0.215769708,-0.0944404155,9.74080086,0.00105248217,-0.00269139092,0.000286022841,2.96093655,-0.000254631042,1
1737,17.929982,0,0,0,0,-0.0382475927,0.236073926,0.00241655181,2.96080971,-0.225349784,-0.0800702944,9.78391171,0.00105248217,0.00263493136,0.00241655181,2.96093655,-0.000254631042,1
1738,17.939985,0,0,0,0,-0.0558558069,0.205297843,0.000286022841,2.95983315,-0.191819504,-0.0920453891,9.8318119,-0.00214331108,0.000504402502,0.000286022841,2.96093655,-0.000254631042,1
1739,17.949998,0,0,0,0,-0.0415957756,0.256258458,0.000286022841,2.9597373,-0.244509935,-0.0872553512,9.83899689,0.00105248217,0.000504402502,0.000286022841,2.96093655,-0.000254631042,1
1740,17.959984,0,0,0,0,-0.090654321,0.267701447,0.00241655181,2.95983315,-0.246904954,-0.137550771,9.78391171,-1.27822468e-05,0.0015696669,0.00241655181,2.96093655,-0.000254631042,1
1741,17.970000,0,0,0,0,-0.0691233575,0.212606519,0.00135128724,2.95983315,-0.196609542,-0.10641551,9.82462692,-1.27822468e-05,-0.000560861954,0.00135128724,2.96093655,-0.000254631042,1
1742,17.979985,0,0,0,0,-0.104698852,0.204534069,0.00454708049,2.95983315,-0.182239428,-0.13994579,9.78870106,-0.00214331108,0.000504402502,0.00454708049,2.96093655,-0.000254631042,1
1743,17.989988,0,0,0,0,-0.0519594885,0.226497948,0.00135128724,2.95983315,-0.213374689,-0.0920453891,9.81265163,-0.00107804674,0.000504402502,0.00135128724,2.96093655,-0.000254631042,1
1744,17.999962,0,0,0,0,-0.0729686469,0.218183503,0.000286022841,2.95983315,-0.20139958,-0.111205548,9.80067635,-1.27822468e-05,-0.000560861954,0.000286022841,2.96093655,-0.000254631042,1
1745,18.010047,0,0,0,0,-0.0809011981,0.214771137,0.00241655181,2.95983315,-0.196609542,-0.118390612,9.73361588,-1.27822468e-05,0.0015696669,0.00241655181,2.96093655,-0.000254631042,1
1746,18.019986,0,0,0,0,-0.0709949732,0.242172107,0.00135128724,2.95983315,-0.225349784,-0.113600567,9.75038147,-1.27822468e-05,-0.00162612647,0.00135128724,2.96093655,-0.000254631042,1
1747,18.029982,0,0,0,0,-0.0151873045,0.188082933,0.00135128724,2.95983315,-0.182239428,-0.0489350408,9.80307102,-1.27822468e-05,-0.000560861954,0.00135128724,2.96093655,-0.000254631042,1
1748,18.039967,0,0,0,0,-0.0217805561,0.206282437,0.00241655181,2.96080971,-0.199004561,-0.0585151166,9.76954079,-1.27822468e-05,0.00370019581,0.00241655181,2.96093655,-0.000254631042,1
1749,18.050003,0,0,0,0,-0.0232275818,0.23820439,0.00241655181,2.96071386,-0.230139822,-0.0657001734,9.82223129,-0.00107804674,-0.00482191984,0.00241655181,2.96093655,-0.000254631042,1
1750,18.060010,0,0,0,0,-0.0644122288,0.211740673,-0.000779241615,2.95983315,-0.206189632,-0.0872553512,9.88210678,0.00211774674,-0.00162612647,-0.000779241615,2.96093655,-0.000254631042,1
1751,18.069979,0,0,0,0,-0.0725481883,0.208257571,0.00348181627,2.96080971,-0.21097967,-0.0968354344,9.73840618,-0.00107804674,-0.00269139092,0.00135128724,2.96093655,-0.000254631042,1
1752,18.080001,0,0,0,0,-0.0427281708,0.236977011,0.00135128724,2.95983315,-0.199004561,-0.0704902187,9.72403622,-0.00107804674,0.0015696669,0.00348181627,2.96093655,-0.000254631042,1
1753,18.089986,0,0,0,0,-0.0615727082,0.240440398,0.000286022841,2.95983315,-0.244509935,-0.0728852376,9.80546665,-0.00214331108,0.0015696669,0.00241655181,2.96093655,-0.000254631042,1
1754,18.099977,0,0,0,0,-0.0440779738,0.203133225,0.00241655181,2.95983315,-0.225349784,-0.0776752755,9.74319553,0.00211774674,-0.00269139092,0.00348181627,2.96093655,-0.000254631042,1
1755,18.109963,0,0,0,0,-0.0868911147,0.208578616,0.000286022841,2.9597373,-0.189424485,-0.0800702944,9.85336685,-1.27822468e-05,0.000504402502,0.000286022841,2.96093655,-0.000254631042,1
1756,18.119979,0,0,0,0,-0.0429595709,0.236935169,0.000286022841,2.96080971,-0.225349784,-0.0848603323,9.77433109,0.00105248217,-0.000560861954,-0.000779241615,2.96093655,-0.000254631042,1
1757,18.129982,0,0,0,0,-0.0794625133,0.182850003,0.00135128724,2.95983315,-0.165474296,-0.111205548,9.73361588,0.00105248217,-0.000560861954,0.00348181627,2.96093655,-0.000254631042,1
1758,18.139968,0,0,0,0,-0.0241256095,0.218947291,0.00454708049,2.95983315,-0.21097967,-0.0633051544,9.81265163,0.00424827542,-0.00375665538,0.00241655181,2.96093655,-0.000254631042,1
1759,18.150001,0,0,0,0,-0.0684800595,0.202757895,0.00241655181,2.9597373,-0.187029466,-0.104020491,9.81025696,-1.27822468e-05,-0.000560861954,0.000286022841,2.96093655,-0.000254631042,1
1760,18.159986,0,0,0,0,-0.0461706519,0.218136907,0.00135128724,2.9597373,-0.206189632,-0.0848603323,9.77193642,-0.00107804674,0.000504402502,0.00135128724,2.96093655,-0.000254631042,1
1761,18.169978,0,0,0,0,-0.0389849506,0.177845865,0.000286022841,2.95983315,-0.167869315,-0.0704902187,9.79588604,-0.00214331108,0.000504402502,0.000286022841,2.96093655,-0.000254631042,1
1762,18.179963,0,0,0,0,-0.0689324215,0.200395763,0.00135128724,2.95983315,-0.184634447,-0.104020491,9.75038147,-0.00107804674,0.0015696669,0.00135128724,2.96093655,-0.000254631042,1
1763,18.189987,0,0,0,0,-0.0644122288,0.211740673,0.000286022841,2.95983315,-0.196609542,-0.101625472,9.80546665,-1.27822468e-05,0.000504402502,0.000286022841,2.96093655,-0.000254631042,1
1764,18.199961,0,0,0,0,-0.0562342592,0.244230896,0.00135128724,2.96080971,-0.230139822,-0.0992304534,9.7623558,-1.27822468e-05,-0.00162612647,0.00135128724,2.96093655,-0.000254631042,1
1765,18.209986,0,0,0,0,-0.047659874,0.2232811,0.00135128724,2.9597373,-0.21097967,-0.0872553512,9.80067635,-0.00107804674,0.000504402502,0.00135128724,2.96093655,-0.000254631042,1
1766,18.219961,0,0,0,0,-0.0768295377,0.211474806,-0.000779241615,2.96080971,-0.194214523,-0.113600567,9.76954079,-1.27822468e-05,0.000504402502,-0.000779241615,2.96093655,-0.000254631042,1
1767,18.230004,0,0,0,0,-0.0288578179,0.219810382,-0.00184450613,2.95992923,-0.21097967,-0.0680951998,9.83420658,0.00105248217,-0.000560861954,-0.00184450613,2.96093655,-0.000254631042,1
1768,18.240072,0,0,0,0,-0.0427815877,0.197947487,0.00348181627,2.96080971,-0.187029466,-0.0776752755,9.77433109,0.00105248217,-0.000560861954,0.00348181627,2.96093655,-0.000254631042,1
1769,18.249964,0,0,0,0,-0.0523709282,0.224147409,0.00135128724,2.9597373,-0.21097967,-0.0920453891,9.81025696,-0.00320857554,0.000504402502,0.00135128724,2.96093655,-0.000254631042,1
1770,18.260002,0,0,0,0,-0.0365748703,0.191943631,0.00241655181,2.96080971,-0.182239428,-0.0704902187,9.7791214,0.00211774674,0.000504402502,0.00241655181,2.96093655,-0.000254631042,1
1771,18.269978,0,0,0,0,-0.038310051,0.194767743,0.00135128724,2.95983315,-0.184634447,-0.0728852376,9.78630638,-0.00214331108,0.0015696669,0.00135128724,2.96093655,-0.000254631042,1
1772,18.279987,0,0,0,0,-0.0162440967,0.195582569,0.000286022841,2.95983315,-0.189424485,-0.0513300598,9.8270216,0.00211774674,0.0015696669,0.000286022841,2.96093655,-0.000254631042,1
1773,18.289960,0,0,0,0,-0.0471973233,0.25240919,0.00135128724,2.95983315,-0.239719898,-0.0920453891,9.75277615,-1.27822468e-05,-0.000560861954,0.00135128724,2.96093655,-0.000254631042,1
1774,18.299984,0,0,0,0,-0.0648451596,0.209385112,0.00135128724,2.95983315,-0.194214523,-0.101625472,9.78870106,-0.00107804674,-0.000560861954,0.00135128724,2.96093655,-0.000254631042,1
1775,18.309958,0,0,0,0,-0.0946342051,0.192956239,0.000286022841,2.9597373,-0.172659352,-0.127970681,9.7791214,-1.27822468e-05,-0.000560861954,0.000286022841,2.96093655,-0.000254631042,1
1776,18.319986,0,0,0,0,-0.0315742083,0.244667575,0.00241655181,2.95983315,-0.23492986,-0.0752802566,9.73361588,0.00105248217,0.00263493136,0.00241655181,2.96093655,-0.000254631042,1
1777,18.329961,0,0,0,0,-0.053933166,0.202509359,0.00454708049,2.95983315,-0.189424485,-0.0896503702,9.7623558,-1.27822468e-05,0.00263493136,0.00454708049,2.96093655,-0.000254631042,1
1778,18.339986,0,0,0,0,-0.0489057302,0.242991596,0.00135128724,2.9597373,-0.230139822,-0.0920453891,9.78151608,-0.00107804674,0.00263493136,0.00135128724,2.96093655,-0.000254631042,1
1779,18.349960,0,0,0,0,-0.0864579678,0.210934147,-0.000779241615,2.9597373,-0.191819504,-0.12318065,9.7791214,-0.00107804674,0.00370019581,-0.000779241615,2.96093655,-0.000254631042,1
1780,18.359957,0,0,0,0,-0.0446602628,0.227515504,0.000286022841,2.96071386,-0.215769708,-0.0848603323,9.83420658,0.00105248217,-0.000560861954,0.000286022841,2.96093655,-0.000254631042,1
1781,18.369966,0,0,0,0,-0.0497948676,0.238275781,0.00241655181,2.95983315,-0.225349784,-0.0920453891,9.78630638,0.00211774674,0.00370019581,0.00241655181,2.96093655,-0.000254631042,1
1782,18.379963,0,0,0,0,-0.00763664069,0.215916827,0.00135128724,2.95983315,-0.21097967,-0.0465400182,9.79828167,-0.00214331108,-0.00162612647,0.00135128724,2.96093655,-0.000254631042,1
1783,18.389959,0,0,0,0,-0.010285221,0.17500633,0.00135128724,2.95983315,-0.170264333,-0.0417499803,9.74319553,-0.00107804674,-0.00162612647,0.00135128724,2.96093655,-0.000254631042,1
1784,18.399957,0,0,0,0,-0.0608731359,0.257368118,0.00348181627,2.9597373,-0.242114916,-0.10641551,9.75756645,-0.00107804674,-0.000560861954,0.00348181627,2.96093655,-0.000254631042,1
1785,18.409965,0,0,0,0,-0.0303228833,0.212719813,-0.000779241615,2.96071386,-0.203794599,-0.0680951998,9.7623558,-0.00214331108,-0.000560861954,-0.000779241615,2.96093655,-0.000254631042,1
1786,18.419963,0,0,0,0,-0.0566706248,0.227363795,0.000286022841,2.95983315,-0.213374689,-0.0968354344,9.81025696,0.00105248217,-0.00162612647,0.000286022841,2.96093655,-0.000254631042,1
1787,18.429981,0,0,0,0,-0.0341717526,0.230534181,0.00241655181,2.95983315,-0.220559746,-0.0752802566,9.79109669,-0.00214331108,-0.000560861954,0.00241655181,2.96093655,-0.000254631042,1
1788,18.439966,0,0,0,0,-0.0528253354,0.221786827,0.00348181627,2.95983315,-0.208584651,-0.0920453891,9.75517082,0.00105248217,0.000504402502,0.00348181627,2.96093655,-0.000254631042,1
1789,18.449978,0,0,0,0,-0.065432936,0.233749107,0.00241655181,2.96071386,-0.218164727,-0.10641551,9.76475143,0.00105248217,-0.00162612647,0.00241655181,2.96093655,-0.000254631042,1
1790,18.459963,0,0,0,0,-0.0640123859,0.187325299,-0.000779241615,2.9597373,-0.172659352,-0.0968354344,9.78630638,-1.27822468e-05,-0.00162612647,-0.000779241615,2.96093655,-0.000254631042,1
1791,18.469985,0,0,0,0,-0.0498969369,0.184721619,0.00135128724,2.95983315,-0.172659352,-0.0824653134,9.77193642,0.00105248217,0.0015696669,0.00135128724,2.96093655,-0.000254631042,1
1792,18.479959,0,0,0,0,-0.0354705267,0.223467484,0.00135128724,2.95983315,-0.215769708,-0.108810529,9.7096653,0.00105248217,-0.00269139092,0.00135128724,2.96093655,-0.000254631042,1
1793,18.489981,0,0,0,0,-0.087916851,0.24284701,0.00135128724,2.96080971,-0.196609542,-0.115995586,9.7791214,-0.00107804674,0.000504402502,0.00348181627,2.96093655,-0.000254631042,1
1794,18.499987,0,0,0,0,-0.0547990128,0.197798222,0.00135128724,2.95983315,-0.246904954,-0.0776752755,9.72643089,-0.00107804674,0.00370019581,0.00135128724,2.96093655,-0.000254631042,1
1795,18.509962,0,0,0,0,-0.0770109668,0.22369276,0.00135128724,2.96071386,-0.230139822,-0.127970681,9.7144556,-1.27822468e-05,0.000504402502,0.00241655181,2.96093655,-0.000254631042,1
1796,18.519980,0,0,0,0,-0.034846656,0.213612273,0.00135128724,2.95983315,-0.187029466,-0.113600567,9.75277615,0.00105248217,-0.00162612647,0.00135128724,2.96093655,-0.000254631042,1
1797,18.529987,0,0,0,0,-0.0593192019,0.186453313,0.00348181627,2.95983315,-0.232534841,-0.104020491,9.83899689,-0.00107804674,-0.000560861954,0.00348181627,2.96093655,-0.000254631042,1
1798,18.539984,0,0,0,0,-0.0594591163,0.225441158,0.00348181627,2.95983315,-0.213374689,-0.0680951998,9.79349136,-1.27822468e-05,-0.000560861954,0.000286022841,2.96093655,-0.000254631042,1
1799,18.549980,0,0,0,0,-0.0568922125,0.212802917,0.00135128724,2.9597373,-0.199004561,-0.1303657,9.79109669,-0.00214331108,0.0015696669,0.00241655181,2.96093655,-0.000254631042,1
1800,18.559982,0,0,0,0,-0.0761900619,0.21390529,-0.00184450613,2.95983315,-0.196609542,-0.113600567,9.81504631,-0.00214331108,0.00263493136,0.00135128724,2.96093655,-0.000254631042,1
1801,18.569957,0,0,0,0,-0.0262902342,0.207169443,0.00241655181,2.95983315,-0.199004561,-0.0633051544,9.84139156,-0.00107804674,-0.000560861954,0.00135128724,2.96093655,-0.000254631042,1
1802,18.579983,0,0,0,0,-0.0721028,0.222894654,0.00348181627,2.95983315,-0.206189632,-0.111205548,9.79109669,-0.00214331108,-0.000560861954,0.00348181627,2.96093655,-0.000254631042,1
1803,18.589957,0,0,0,0,-0.0792205334,0.197416335,0.00241655181,2.95983315,-0.179844409,-0.113600567,9.79588604,-1.27822468e-05,-0.00162612647,0.00241655181,2.96093655,-0.000254631042,1
1804,18.599979,0,0,0,0,-0.0558047779,0.232074931,0.000286022841,2.95983315,-0.218164727,-0.0968354344,9.80307102,-0.00107804674,0.0015696669,0.000286022841,2.96093655,-0.000254631042,1
1805,18.609985,0,0,0,0,-0.0406145789,0.22197777,0.00135128724,2.95983315,-0.21097967,-0.0800702944,9.81025696,-1.27822468e-05,-0.000560861954,0.00135128724,2.96093655,-0.000254631042,1
1806,18.619960,0,0,0,0,-0.0588352494,0.215585962,0.00241655181,2.95983315,-0.20139958,-0.0968354344,9.81983662,0.00105248217,-0.00162612647,0.00241655181,2.96093655,-0.000254631042,1
1807,18.629978,0,0,0,0,-0.0817160085,0.236837104,0.00135128724,2.95983315,-0.218164727,-0.12318065,9.7791214,0.00105248217,0.000504402502,0.00135128724,2.96093655,-0.000254631042,1
1808,18.639965,0,0,0,0,-0.0527743064,0.248563901,0.000286022841,2.95983315,-0.23492986,-0.0968354344,9.80307102,0.00105248217,0.00263493136,0.000286022841,2.96093655,-0.000254631042,1
1809,18.649979,0,0,0,0,-0.0466038063,0.215781361,-0.000779241615,2.9597373,-0.203794599,-0.0848603323,9.79109669,-1.27822468e-05,-0.00162612647,-0.000779241615,2.96093655,-0.000254631042,1
1810,18.659965,0,0,0,0,-0.0732106268,0.203617185,0.00241655181,2.95983315,-0.187029466,-0.108810529,9.80067635,-1.27822468e-05,-0.00162612647,0.00241655181,2.96093655,-0.000254631042,1
1811,18.669997,0,0,0,0,-0.0552319363,0.195442647,0.00241655181,2.95983315,-0.182239428,-0.0896503702,9.77672672,-0.00107804674,-0.000560861954,0.00241655181,2.96093655,-0.000254631042,1
1812,18.679983,0,0,0,0,-0.0814937279,0.23912099,0.00241655181,2.96071386,-0.220559746,-0.12318065,9.79828167,-0.00107804674,-0.000560861954,0.00241655181,2.96093655,-0.000254631042,1
1813,18.689978,0,0,0,0,-0.0549698323,0.210014239,0.00241655181,2.9597373,-0.196609542,-0.0920453891,9.78391171,0.00211774674,-0.000560861954,0.00241655181,2.96093655,-0.000254631042,1
1814,18.700002,0,0,0,0,-0.0869111046,0.208570287,0.00135128724,2.95983315,-0.189424485,-0.12318065,9.78391171,0.00105248217,-0.00162612647,0.00135128724,2.96093655,-0.000254631042,1
1815,18.709977,0,0,0,0,-0.043868728,0.190926671,0.00135128724,2.9597373,-0.179844409,-0.0776752755,9.78151608,-0.00107804674,0.00263493136,0.00135128724,2.96093655,-0.000254631042,1
1816,18.720004,0,0,0,0,-0.0675597414,0.248746485,0.00135128724,2.96071386,-0.232534841,-0.111205548,9.75996113,-0.00107804674,0.000504402502,0.00135128724,2.96093655,-0.000254631042,1
1817,18.729980,0,0,0,0,-0.0205223057,0.198803976,-0.000779241615,2.95983315,-0.191819504,-0.0561200976,9.78391171,0.00105248217,0.00370019581,-0.000779241615,2.96093655,-0.000254631042,1
1818,18.739998,0,0,0,0,-0.0748402625,0.24774909,0.00135128724,2.95983315,-0.230139822,-0.118390612,9.7623558,-0.00107804674,-0.00162612647,0.00135128724,2.96093655,-0.000254631042,1
1819,18.749984,0,0,0,0,-0.0402963236,0.263325036,0.00241655181,2.9597373,-0.251695007,-0.0872553512,9.79109669,-0.00107804674,0.000504402502,0.00241655181,2.96093655,-0.000254631042,1
1820,18.760000,0,0,0,0,-0.0484189875,0.272124201,0.000286022841,2.9597373,-0.258880049,-0.0968354344,9.79588604,-0.00107804674,-0.00162612647,0.000286022841,2.96093655,-0.000254631042,1
1821,18.769984,0,0,0,0,-0.0420825295,0.227125853,0.00348181627,2.9597373,-0.215769708,-0.0824653134,9.80786133,-1.27822468e-05,0.00263493136,0.00348181627,2.96093655,-0.000254631042,1
1822,18.779958,0,0,0,0,-0.00869343989,0.223416448,0.00135128724,2.95983315,-0.218164727,-0.0489350408,9.76954079,-0.00107804674,0.0015696669,0.00135128724,2.96093655,-0.000254631042,1
1823,18.789981,0,0,0,0,-0.029027693,0.232023895,0.00135128724,2.95983315,-0.222954765,-0.0704902187,9.8749218,-1.27822468e-05,0.000504402502,0.00135128724,2.96093655,-0.000254631042,1
1824,18.799957,0,0,0,0,-0.0348261818,0.213615611,0.000286022841,2.9597373,-0.203794599,-0.0728852376,9.82462692,-0.00214331108,0.0015696669,0.000286022841,2.96093655,-0.000254631042,1
1825,18.810003,0,0,0,0,-0.0667474568,0.212179989,0.000286022841,2.9597373,-0.196609542,-0.104020491,9.81983662,0.00105248217,-0.000560861954,0.000286022841,2.96093655,-0.000254631042,1
1826,18.819978,0,0,0,0,-0.0714049041,0.239823371,-0.000779241615,2.9597373,-0.222954765,-0.113600567,9.75277615,0.00211774674,0.00263493136,-0.000779241615,2.96093655,-0.000254631042,1
1827,18.829984,0,0,0,0,-0.0797933713,0.234048605,0.00241655181,2.95983315,-0.215769708,-0.120785631,9.78391171,-0.00107804674,0.00370019581,0.00241655181,2.96093655,-0.000254631042,1
1828,18.839985,0,0,0,0,-0.039748732,0.226688892,0.00135128724,2.95983315,-0.215769708,-0.0800702944,9.79588604,-0.00107804674,-0.00162612647,0.00135128724,2.96093655,-0.000254631042,1
1829,18.849998,0,0,0,0,-0.108499989,0.224581897,0.00135128724,2.96071386,-0.20139958,-0.147130847,9.80067635,-0.00214331108,-0.000560861954,0.00135128724,2.96093655,-0.000254631042,1
1830,18.859984,0,0,0,0,-0.0793377906,0.23641178,0.00135128724,2.9597373,-0.218164727,-0.120785631,9.74319553,-0.00107804674,-0.000560861954,0.00135128724,2.96093655,-0.000254631042,1
1831,18.869981,0,0,0,0,-0.0401816554,0.224333331,0.00135128724,2.95983315,-0.213374689,-0.0800702944,9.81504631,-0.00107804674,0.0015696669,0.00135128724,2.96093655,-0.000254631042,1
1832,18.879978,0,0,0,0,-0.031765148,0.256878346,0.00135128724,2.95983315,-0.246904954,-0.0776752755,9.79828167,-1.27822468e-05,0.00370019581,0.00135128724,2.96093655,-0.000254631042,1
1833,18.889976,0,0,0,0,-0.045543313,0.222799242,0.00241655181,2.96080971,-0.21097967,-0.0848603323,9.79349136,-0.00107804674,0.0015696669,0.00241655181,2.96093655,-0.000254631042,1
1834,18.899985,0,0,0,0,-0.0939576849,0.209878072,0.00348181627,2.9597373,-0.189424485,-0.1303657,9.75996113,-0.00107804674,0.0015696669,0.00348181627,2.96093655,-0.000254631042,1
1835,18.909982,0,0,0,0,-0.0356924795,0.208904564,0.00241655181,2.9597373,-0.199004561,-0.0728852376,9.77193642,0.00211774674,0.00263493136,0.00241655181,2.96093655,-0.000254631042,1
1836,18.919980,0,0,0,0,-0.104316957,0.174382463,0.00135128724,2.95983315,-0.167869315,-0.0513300598,9.75277615,-1.27822468e-05,0.0015696669,0.00135128724,2.96093655,-0.000254631042,1
1837,18.929977,0,0,0,0,-0.0416713767,0.229477391,0.00135128724,2.95983315,-0.20139958,-0.0968354344,9.79828167,0.00211774674,-0.00375665538,0.00135128724,2.96093655,-0.000254631042,1
1838,18.939986,0,0,0,0,-0.0761900619,0.21390529,0.00241655181,2.95983315,-0.172659352,-0.149525866,9.85815716,-1.27822468e-05,0.000504402502,0.00348181627,2.96093655,-0.000254631042,1
1839,18.960003,0,0,0,0,-0.0551060066,0.249002099,0.000286022841,2.9597373,-0.151104167,-0.0657001734,9.73840618,-0.00214331108,-0.000560861954,0.00241655181,2.96093655,-0.000254631042,1
1840,18.969979,0,0,0,0,-0.0759480819,0.228471622,0.000286022841,2.95983315,-0.230139822,-0.0609101392,9.75996113,0.00211774674,0.000504402502,0.00241655181,2.96093655,-0.000254631042,1
1841,18.979981,0,0,0,0,-0.00549384486,0.227694139,0.00135128724,2.95992923,-0.206189632,-0.0800702944,9.89408207,-0.00107804674,0.000504402502,0.00135128724,2.96093655,-0.000254631042,1
1842,18.989966,0,0,0,0,-0.080046773,0.207193449,0.00135128724,2.96080971,-0.189424485,-0.115995586,9.77193642,-0.00107804674,-0.00162612647,0.000286022841,2.96093655,-0.000254631042,1
1843,18.999999,0,0,0,0,-0.0652275831,0.248309374,0.00241655181,2.96080971,-0.232534841,-0.108810529,9.73361588,0.00211774674,0.0015696669,0.00135128724,2.96093655,-0.000254631042,1
1844,19.009981,0,0,0,0,-0.0318131261,0.244636625,0.00135128724,2.96080971,-0.23492986,-0.0752802566,9.83660221,-0.00107804674,0.000504402502,0.00241655181,2.96093655,-0.000254631042,1
1845,19.019966,0,0,0,0,-0.0725357234,0.220539063,0.00135128724,2.95983315,-0.203794599,-0.111205548,9.81025696,-0.00107804674,-0.00269139092,0.00135128724,2.96093655,-0.000254631042,1
1846,19.029981,0,0,0,0,-0.00926627498,0.260048717,0.00135128724,2.95983315,-0.254090011,-0.0561200976,9.81983662,-0.00107804674,0.0015696669,0.000286022841,2.96093655,-0.000254631042,1
1847,19.040173,0,0,0,0,-0.0744073391,0.250104636,0.00135128724,2.95983315,-0.232534841,-0.118390612,9.73601055,-0.00107804674,0.0015696669,0.00135128724,2.96093655,-0.000254631042,1
1848,19.050004,0,0,0,0,-0.0639282688,0.240873322,0.00348181627,2.95983315,-0.225349784,-0.10641551,9.83420658,-0.00107804674,0.0015696669,0.00348181627,2.96093655,-0.000254631042,1
1849,19.059977,0,0,0,0,-0.0585942529,0.217890009,0.00348181627,2.96071386,-0.203794599,-0.0968354344,9.81983662,-1.27822468e-05,-0.000560861954,0.00348181627,2.96093655,-0.000254631042,1
1850,19.070005,0,0,0,0,-0.0840205327,0.264047086,0.00241655181,2.95983315,-0.244509935,-0.1303657,9.78391171,-1.27822468e-05,0.000504402502,0.00241655181,2.96093655,-0.000254631042,1
1851,19.079980,0,0,0,0,-0.0520105213,0.19972086,0.000286022841,2.95983315,-0.187029466,-0.0872553512,9.80307102,-0.00214331108,0.0015696669,0.000286022841,2.96093655,-0.000254631042,1
1852,19.089984,0,0,0,0,-0.0650495961,0.209321678,0.000286022841,2.96080971,-0.194214523,-0.101625472,9.8318119,-1.27822468e-05,-0.00162612647,0.000286022841,2.96093655,-0.000254631042,1
1853,19.099960,0,0,0,0,-0.0978056937,0.22991699,0.00454708049,2.96080971,-0.208584651,-0.137550771,9.75996113,0.0031830112,0.0015696669,0.00454708049,2.96093655,-0.000254631042,1
1854,19.109981,0,0,0,0,-0.0701722875,0.207833678,0.000286022841,2.96071386,-0.191819504,-0.10641551,9.77672672,-1.27822468e-05,0.00263493136,0.000286022841,2.96093655,-0.000254631042,1
1855,19.119982,0,0,0,0,-0.0435717516,0.232270047,0.000286022841,2.9597373,-0.220559746,-0.0848603323,9.85097218,0.00211774674,-0.000560861954,0.000286022841,2.96093655,-0.000254631042,1
1856,19.129968,0,0,0,0,-0.0346046798,0.22817862,-0.00184450613,2.95983315,-0.218164727,-0.0752802566,9.80307102,-1.27822468e-05,0.000504402502,-0.00184450613,2.96093655,-0.000254631042,1
1857,19.139967,0,0,0,0,-0.0838806331,0.225059271,0.00241655181,2.95983315,-0.206189632,-0.12318065,9.76714611,-1.27822468e-05,0.00370019581,0.00241655181,2.96093655,-0.000254631042,1
1858,19.149978,0,0,0,0,-0.0487670563,0.191745445,0.000286022841,2.96071386,-0.179844409,-0.0824653134,9.86055183,-1.27822468e-05,-0.000560861954,0.000286022841,2.96093655,-0.000254631042,1
1859,19.160009,0,0,0,0,-0.06327869,0.245528832,0.00241655181,2.96071386,-0.230139822,-0.10641551,9.75517082,-0.00214331108,0.00263493136,0.00241655181,2.96093655,-0.000254631042,1
1860,19.169980,0,0,0,0,-0.0133830756,0.224283576,-0.00184450613,2.9597373,-0.218164727,-0.0537250787,9.78630638,-1.27822468e-05,0.000504402502,-0.00184450613,2.96093655,-0.000254631042,1
1861,19.179977,0,0,0,0,-0.0461768024,0.232653826,0.00348181627,2.96080971,-0.220559746,-0.0872553512,9.81265163,-0.00214331108,-0.00162612647,0.00348181627,2.96093655,-0.000254631042,1
1862,19.189963,0,0,0,0,-0.0840715691,0.237270027,0.000286022841,2.95983315,-0.218164727,-0.125575662,9.81504631,-0.00107804674,0.000504402502,0.000286022841,2.96093655,-0.000254631042,1
1863,19.199984,0,0,0,0,-0.0325212665,0.174159855,0.00454708049,2.96080971,-0.165474296,-0.0633051544,9.80546665,-0.00214331108,0.000504402502,0.00454708049,2.96093655,-0.000254631042,1
1864,19.209958,0,0,0,0,-0.0500153974,0.223714247,0.00135128724,2.9597373,-0.21097967,-0.0896503702,9.79349136,-0.00214331108,-0.000560861954,0.00135128724,2.96093655,-0.000254631042,1
1865,19.220016,0,0,0,0,-0.0744369552,0.2233347,0.00135128724,2.9597373,-0.206189632,-0.113600567,9.75277615,-0.00107804674,-0.000560861954,0.00135128724,2.96093655,-0.000254631042,1
1866,19.229978,0,0,0,0,-0.0797173306,0.260833323,0.000286022841,2.9597373,-0.242114916,-0.125575662,9.88210678,-0.00107804674,0.000504402502,0.000286022841,2.96093655,-0.000254631042,1
1867,19.239963,0,0,0,0,-0.0511446707,0.204431996,0.000286022841,2.95983315,-0.191819504,-0.0872553512,9.80546665,0.00211774674,0.000504402502,0.000286022841,2.96093655,-0.000254631042,1
1868,19.249979,0,0,0,0,-0.0320071317,0.242312014,0.00348181627,2.95983315,-0.232534841,-0.0752802566,9.77672672,-1.27822468e-05,-0.00162612647,0.00348181627,2.96093655,-0.000254631042,1
1869,19.259998,0,0,0,0,-0.0314971544,0.271447688,-0.000779241615,2.9597373,-0.261275083,-0.0800702944,9.73840618,0.00211774674,0.000504402502,-0.000779241615,2.96093655,-0.000254631042,1
1870,19.269988,0,0,0,0,-0.0541035309,0.214725286,-0.000779241615,2.9597373,-0.20139958,-0.0920453891,9.81265163,0.00105248217,0.0015696669,-0.000779241615,2.96093655,-0.000254631042,1
1871,19.279982,0,0,0,0,-0.0441410802,0.268902391,0.00241655181,2.9597373,-0.256485045,-0.0920453891,9.79349136,0.00105248217,0.000504402502,0.00241655181,2.96093655,-0.000254631042,1
1872,19.289957,0,0,0,0,-0.030304905,0.224960104,0.00135128724,2.9597373,-0.215769708,-0.0704902187,9.85576153,-0.00107804674,-0.000560861954,0.00135128724,2.96093655,-0.000254631042,1
1873,19.300003,0,0,0,0,-0.0454941243,0.235058725,0.00241655181,2.9597373,-0.222954765,-0.0872553512,9.82941628,-0.00107804674,-0.000560861954,0.00241655181,2.96093655,-0.000254631042,1
1874,19.309977,0,0,0,0,-0.093037799,0.241366208,-0.000779241615,2.9597373,-0.220559746,-0.135155752,9.8270216,-0.00214331108,-0.00269139092,-0.000779241615,2.96093655,-0.000254631042,1
1875,19.319997,0,0,0,0,-0.0601140372,0.208525017,0.00348181627,2.9597373,-0.194214523,-0.0968354344,9.82462692,-1.27822468e-05,-0.00162612647,0.00348181627,2.96093655,-0.000254631042,1
1876,19.329980,0,0,0,0,-0.0121568358,0.204571903,0.000286022841,2.95983315,-0.199004561,-0.0489350408,9.83420658,0.00105248217,0.0015696669,0.000286022841,2.96093655,-0.000254631042,1
1877,19.340008,0,0,0,0,-0.0585932694,0.230152294,0.00241655181,2.95983315,-0.215769708,-0.0992304534,9.77193642,-1.27822468e-05,-0.000560861954,0.00241655181,2.96093655,-0.000254631042,1
1878,19.349982,0,0,0,0,-0.0633044019,0.231018141,0.00135128724,2.95983315,-0.215769708,-0.104020491,9.81744194,0.00211774674,0.0015696669,0.00135128724,2.96093655,-0.000254631042,1
1879,19.359977,0,0,0,0,-0.0730839074,0.257178336,0.00241655181,2.9597373,-0.239719898,-0.118390612,9.81744194,0.00105248217,-0.000560861954,0.00241655181,2.96093655,-0.000254631042,1
1880,19.369964,0,0,0,0,-0.0241046231,0.237224475,0.00454708049,2.9597373,-0.222954765,-0.0992304534,9.7623558,0.00211774674,0.000504402502,0.00454708049,2.96093655,-0.000254631042,1
1881,19.379987,0,0,0,0,-0.0729176104,0.244960591,0.00241655181,2.95983315,-0.199004561,-0.0609101392,9.80067635,-0.00214331108,-0.000560861954,0.00241655181,2.96093655,-0.000254631042,1
1882,19.389962,0,0,0,0,-0.0311923139,0.220246062,0.00348181627,2.95983315,-0.23492986,-0.108810529,9.82223129,-0.00107804674,0.00263493136,0.000286022841,2.96093655,-0.000254631042,1
1883,19.399959,0,0,0,0,-0.0583814383,0.217947111,0.00135128724,2.9597373,-0.208584651,-0.101625472,9.78151608,-0.00107804674,-0.00162612647,0.00241655181,2.96093655,-0.000254631042,1
1884,19.409967,0,0,0,0,-0.00719425455,0.206055373,0.00348181627,2.96071386,-0.215769708,-0.0417499803,9.83899689,-0.00214331108,0.00263493136,0.00348181627,2.96093655,-0.000254631042,1
1885,19.419964,0,0,0,0,-0.0644455329,0.184969768,0.00135128724,2.9597373,-0.213374689,-0.0944404155,9.74559116,-0.00107804674,0.0015696669,0.00348181627,2.96093655,-0.000254631042,1
1886,19.429961,0,0,0,0,-0.0758081675,0.189483777,0.00348181627,2.95983315,-0.187029466,-0.0944404155,9.77433109,0.00105248217,0.000504402502,0.00348181627,2.96093655,-0.000254631042,1
1887,19.439959,0,0,0,0,-0.0567216575,0.200586706,0.00135128724,2.95983315,-0.187029466,-0.0920453891,9.71924591,-0.00107804674,0.000504402502,0.00135128724,2.96093655,-0.000254631042,1
1888,19.449966,0,0,0,0,-0.0236178823,0.248082206,0.00348181627,2.9597373,-0.239719898,-0.0680951998,9.82223129,-0.00320857554,-0.00162612647,0.00241655181,2.96093655,-0.000254631042,1
1889,19.459964,0,0,0,0,-0.0850814581,0.244785964,0.00241655181,2.9596417,-0.225349784,-0.127970681,9.78391171,-1.27822468e-05,-0.00375665538,0.00241655181,2.96093655,-0.000254631042,1
1890,19.469961,0,0,0,0,-0.0371281058,0.240825847,-0.000779241615,2.9597373,-0.230139822,-0.0800702944,9.7312212,0.00105248217,0.0015696669,0.000286022841,2.96093655,-0.000254631042,1
1891,19.490005,0,0,0,0,-0.045927275,0.232703209,0.00135128724,2.9597373,-0.220559746,-0.0872553512,9.70727062,0.00105248217,-0.00269139092,0.00135128724,2.96093655,-0.000254631042,1
1892,19.499979,0,0,0,0,-0.0637162551,0.21640186,0.00241655181,2.96061826,-0.20139958,-0.101625472,9.79828167,0.00211774674,-0.00269139092,0.00241655181,2.96093655,-0.000254631042,1
1893,19.510005,0,0,0,0,-0.0292488299,0.217460379,0.00241655181,2.9597373,-0.208584651,-0.0680951998,9.75277615,0.00105248217,0.00370019581,0.00241655181,2.96093655,-0.000254631042,1
1894,19.519979,0,0,0,0,-0.0515775979,0.20207642,0.00135128724,2.95983315,-0.189424485,-0.0872553512,9.79349136,-1.27822468e-05,-0.000560861954,0.00135128724,2.96093655,-0.000254631042,1
1895,19.529982,0,0,0,0,-0.0271560811,0.202458322,0.00135128724,2.95983315,-0.194214523,-0.0633051544,9.80786133,-0.00107804674,0.00476546027,0.00135128724,2.96093655,-0.000254631042,1
1896,19.539958,0,0,0,0,-0.0499772578,0.265008956,0.000286022841,2.96071386,-0.251695007,-0.0968354344,9.79349136,0.00211774674,-0.00482191984,0.000286022841,2.96093655,-0.000254631042,1
1897,19.549999,0,0,0,0,-0.0675601587,0.23424603,0.00241655181,2.9597373,-0.218164727,-0.108810529,9.75996113,0.00105248217,0.0015696669,0.00241655181,2.96093655,-0.000254631042,1
1898,19.559985,0,0,0,0,-0.0702952296,0.259100735,0.000286022841,2.9597373,-0.242114916,-0.115995586,9.86294651,0.00105248217,-0.00162612647,0.000286022841,2.96093655,-0.000254631042,1
1899,19.570007,0,0,0,0,-0.0801374167,0.16592811,0.00348181627,2.95983315,-0.148709148,-0.108810529,9.8270216,-0.00107804674,0.000504402502,0.00348181627,2.96093655,-0.000254631042,1
1900,19.579979,0,0,0,0,-0.0597125404,0.171834469,-0.000779241615,2.96071386,-0.158289239,-0.0896503702,9.78630638,0.00211774674,-0.00162612647,-0.000779241615,2.96093655,-0.000254631042,1
1901,19.590005,0,0,0,0,-0.0917919353,0.221655682,0.00135128724,2.9597373,-0.20139958,-0.1303657,9.79349136,-0.00107804674,-0.00162612647,0.00135128724,2.96093655,-0.000254631042,1
1902,19.599979,0,0,0,0,-0.0883803293,0.21372281,0.00135128724,2.9597373,-0.194214523,-0.125575662,9.77672672,-0.00107804674,0.000504402502,0.00135128724,2.96093655,-0.000254631042,1
1903,19.609988,0,0,0,0,-0.0451145805,0.210637167,0.00135128724,2.9597373,-0.199004561,-0.0824653134,9.79828167,-0.00107804674,0.00263493136,0.00135128724,2.96093655,-0.000254631042,1
1904,19.619986,0,0,0,0,-0.0305684451,0.210390866,0.00241655181,2.95983315,-0.20139958,-0.0680951998,9.77433109,-1.27822468e-05,0.0015696669,0.00241655181,2.96093655,-0.000254631042,1
1905,19.629962,0,0,0,0,-0.0686698407,0.214968666,0.00135128724,2.9597373,-0.199004561,-0.10641551,9.81025696,-0.00107804674,0.000504402502,0.00135128724,2.96093655,-0.000254631042,1
1906,19.639984,0,0,0,0,-0.0584167093,0.191175655,0.000286022841,2.9596417,-0.17744939,-0.0920453891,9.7623558,-1.27822468e-05,0.00370019581,0.000286022841,2.96093655,-0.000254631042,1
1907,19.649959,0,0,0,0,-0.0581916645,0.205736339,0.00135128724,2.9597373,-0.191819504,-0.0944404155,9.78870106,-1.27822468e-05,-0.000560861954,0.00135128724,2.96093655,-0.000254631042,1
1908,19.660001,0,0,0,0,-0.0341496505,0.230537459,0.00348181627,2.9597373,-0.220559746,-0.0752802566,9.81504631,0.00105248217,0.000504402502,0.00348181627,2.96093655,-0.000254631042,1
1909,19.669986,0,0,0,0,-0.040836677,0.207415342,0.000286022841,2.9597373,-0.196609542,-0.0776752755,9.7312212,-1.27822468e-05,-0.00269139092,0.000286022841,2.96093655,-0.000254631042,1
1910,19.679986,0,0,0,0,-0.0446814299,0.212992683,0.00135128724,2.9597373,-0.20139958,-0.0824653134,9.74798584,0.00105248217,-0.000560861954,0.00135128724,2.96093655,-0.000254631042,1
1911,19.689960,0,0,0,0,-0.0616032593,0.213669211,0.00135128724,2.9597373,-0.199004561,-0.0992304534,9.7312212,-0.00107804674,0.000504402502,0.00135128724,2.96093655,-0.000254631042,1
1912,19.700000,0,0,0,0,-0.0643919334,0.211746842,0.00348181627,2.9597373,-0.196609542,-0.101625472,9.77433109,-1.27822468e-05,-0.000560861954,0.00348181627,2.96093655,-0.000254631042,1
1913,19.709985,0,0,0,0,-0.0185272731,0.222794354,0.00135128724,2.9597373,-0.215769708,-0.0585151166,9.73840618,0.00105248217,-0.00162612647,0.00135128724,2.96093655,-0.000254631042,1
1914,19.719978,0,0,0,0,-0.0512612611,0.243424743,-0.000779241615,2.9597373,-0.230139822,-0.0944404155,9.80067635,-0.00107804674,0.000504402502,-0.000779241615,2.96093655,-0.000254631042,1
1915,19.729963,0,0,0,0,-0.0712151304,0.2276126,0.00348181627,2.9597373,-0.21097967,-0.111205548,9.73601055,-0.00107804674,0.00370019581,0.00348181627,2.96093655,-0.000254631042,1
1916,19.740002,0,0,0,0,-0.0607160367,0.218386099,0.00135128724,2.9596417,-0.203794599,-0.0992304534,9.88210678,-1.27822468e-05,-0.00162612647,0.00135128724,2.96093655,-0.000254631042,1
1917,19.749977,0,0,0,0,-0.0341496505,0.230537459,-0.00184450613,2.9597373,-0.220559746,-0.0752802566,9.77433109,-0.00107804674,0.000504402502,-0.00184450613,2.96093655,-0.000254631042,1
1918,19.759983,0,0,0,0,-0.0472803302,0.198859543,0.00135128724,2.9597373,-0.187029466,-0.0824653134,9.77193642,0.00211774674,0.00263493136,0.00135128724,2.96093655,-0.000254631042,1
1919,19.769957,0,0,0,0,-0.00371759874,0.237117276,0.00241655181,2.9597373,-0.232534841,-0.0465400182,9.76714611,-1.27822468e-05,0.000504402502,0.00241655181,2.96093655,-0.000254631042,1
1920,19.779980,0,0,0,0,-0.0585667938,0.244667128,0.00135128724,2.96071386,-0.230139822,-0.101625472,9.75038147,-1.27822468e-05,0.000504402502,0.00135128724,2.96093655,-0.000254631042,1
1921,19.789966,0,0,0,0,-0.0474165007,0.237847403,0.00241655181,2.9597373,-0.225349784,-0.0896503702,9.72403622,0.00211774674,0.0015696669,0.00241655181,2.96093655,-0.000254631042,1
1922,19.799988,0,0,0,0,-0.0727043524,0.232756808,0.00135128724,2.9597373,-0.215769708,-0.113600567,9.89887238,-1.27822468e-05,-0.000560861954,0.00135128724,2.96093655,-0.000254631042,1
1923,19.810002,0,0,0,0,-0.0176609736,0.227505401,0.000286022841,2.9597373,-0.220559746,-0.0585151166,9.75756645,-0.00214331108,0.0015696669,0.000286022841,2.96093655,-0.000254631042,1
1924,19.819977,0,0,0,0,-0.077225633,0.221412316,0.000286022841,2.9597373,-0.203794599,-0.115995586,9.74798584,-0.00214331108,-0.00375665538,0.000286022841,2.96093655,-0.000254631042,1
1925,19.830001,0,0,0,0,-0.0558361337,0.205303192,0.00241655181,2.9597373,-0.191819504,-0.0920453891,9.73601055,-1.27822468e-05,-0.000560861954,0.00241655181,2.96093655,-0.000254631042,1
1926,19.839976,0,0,0,0,-0.103812948,0.209255144,0.000286022841,2.9597373,-0.203794599,-0.127970681,9.78870106,-0.00214331108,0.000504402502,0.00241655181,2.96093655,-0.000254631042,1
1927,19.850005,0,0,0,0,-0.0177145768,0.200728312,0.00348181627,2.9597373,-0.20139958,-0.0848603323,9.78630638,-0.00107804674,-0.000560861954,0.00135128724,2.96093655,-0.000254631042,1
1928,19.859980,0,0,0,0,-0.0251607001,0.226449326,0.00241655181,2.9597373,-0.215769708,-0.0968354344,9.74559116,0.00105248217,-0.00162612647,0.00241655181,2.96093655,-0.000254631042,1
1929,19.869985,0,0,0,0,-0.0785250813,0.214345738,0.000286022841,2.9597373,-0.182239428,-0.0872553512,9.8270216,0.00105248217,-0.00162612647,-0.000779241615,2.96093655,-0.000254631042,1
1930,19.879960,0,0,0,0,-0.0841585398,0.276274025,0.00454708049,2.9596417,-0.254090011,-0.127970681,9.80786133,-1.27822468e-05,-0.000560861954,0.00454708049,2.96093655,-0.000254631042,1
1931,19.889985,0,0,0,0,-0.0601140372,0.208525017,0.000286022841,2.9597373,-0.230139822,-0.0752802566,9.72164059,-0.00214331108,0.000504402502,0.00241655181,2.96093655,-0.000254631042,1
1932,19.900006,0,0,0,0,-0.0358286574,0.247892424,0.00135128724,2.9597373,-0.194214523,-0.0896503702,9.80067635,0.00105248217,0.000504402502,0.000286022841,2.96093655,-0.000254631042,1
1933,19.909981,0,0,0,0,-0.0274626296,0.253659546,0.000286022841,2.9597373,-0.244509935,-0.0728852376,9.7312212,-1.27822468e-05,0.000504402502,0.000286022841,2.96093655,-0.000254631042,1
1934,19.919979,0,0,0,0,-0.0950046405,0.20508343,0.00241655181,2.96061826,-0.184634447,-0.1303657,9.75756645,-0.00107804674,-0.000560861954,0.00135128724,2.96093655,-0.000254631042,1
1935,19.929988,0,0,0,0,-0.0742471814,0.211123914,-0.000779241615,2.9597373,-0.194214523,-0.111205548,9.76714611,0.00105248217,0.000504402502,0.000286022841,2.96093655,-0.000254631042,1
1936,19.939984,0,0,0,0,-0.0564054586,0.241935521,0.00241655181,2.9597373,-0.227744803,-0.0992304534,9.76714611,0.00105248217,-0.000560861954,0.00241655181,2.96093655,-0.000254631042,1
1937,19.949981,0,0,0,0,-0.0466038063,0.215781361,0.000286022841,2.9597373,-0.203794599,-0.0848603323,9.81983662,0.00105248217,0.0015696669,0.000286022841,2.96093655,-0.000254631042,1
1938,19.959977,0,0,0,0,-0.0321736746,0.25452584,0.00241655181,2.9597373,-0.244509935,-0.0776752755,9.81744194,-0.00107804674,-0.00162612647,0.00241655181,2.96093655,-0.000254631042,1
1939,19.969985,0,0,0,0,-0.0601676293,0.181747943,0.00348181627,2.9597373,-0.167869315,-0.0920453891,9.75756645,-0.00107804674,0.000504402502,0.00348181627,2.96093655,-0.000254631042,1
1940,19.979982,0,0,0,0,-0.0748165101,0.247756258,0.00135128724,2.9597373,-0.230139822,-0.118390612,9.7623558,-0.00214331108,0.000504402502,0.00135128724,2.96093655,-0.000254631042,1
1941,19.989979,0,0,0,0,-0.045927275,0.232703209,0.00241655181,2.9597373,-0.220559746,-0.0872553512,9.75038147,0.00105248217,0.00476546027,0.00241655181,2.96093655,-0.000254631042,1
1942,20.010003,0,0,0,0,-0.0536167845,0.243857905,0.00348181627,2.9597373,-0.230139822,-0.0968354344,9.76475143,-0.00107804674,0.0015696669,0.00348181627,2.96093655,-0.000254631042,1
1943,20.019977,0,0,0,0,-0.0748701096,0.220979169,0.000286022841,2.9597373,-0.203794599,-0.113600567,9.81504631,-0.00107804674,0.000504402502,0.000286022841,2.96093655,-0.000254631042,1
1944,20.029986,0,0,0,0,-0.0493388809,0.240636081,0.000286022841,2.9597373,-0.227744803,-0.0920453891,9.71206093,-1.27822468e-05,-0.00162612647,0.000286022841,2.96093655,-0.000254631042,1
1945,20.039960,0,0,0,0,-0.0826421976,0.297898799,0.00135128724,2.9597373,-0.2780402,-0.135155752,9.80786133,-1.27822468e-05,0.0015696669,0.00135128724,2.96093655,-0.000254631042,1
1946,20.049984,0,0,0,0,-0.0421043001,0.227121815,0.000286022841,2.95983315,-0.215769708,-0.0824653134,9.75038147,-0.00107804674,0.0015696669,0.000286022841,2.96093655,-0.000254631042,1
1947,20.059960,0,0,0,0,-0.108756602,0.183238253,0.000286022841,2.96071386,-0.160684258,-0.13994579,9.84857655,-1.27822468e-05,0.00263493136,0.000286022841,2.96093655,-0.000254631042,1
1948,20.069987,0,0,0,0,-0.0687234327,0.188191593,0.00348181627,2.9597373,-0.172659352,-0.101625472,9.76714611,-0.00107804674,0.0015696669,0.00348181627,2.96093655,-0.000254631042,1
1949,20.079986,0,0,0,0,-0.0542933121,0.226936072,0.000286022841,2.9597373,-0.213374689,-0.0944404155,9.72643089,0.00211774674,-0.000560861954,0.000286022841,2.96093655,-0.000254631042,1
1950,20.089962,0,0,0,0,-0.0236416571,0.248079941,0.00241655181,2.95983315,-0.239719898,-0.0680951998,9.73840618,-0.00214331108,0.000504402502,0.00241655181,2.96093655,-0.000254631042,1
1951,20.100069,0,0,0,0,-0.00972809922,0.230917007,0.00135128724,2.9597373,-0.225349784,-0.0513300598,9.78391171,-0.00107804674,0.000504402502,0.00135128724,2.96093655,-0.000254631042,1
1952,20.109987,0,0,0,0,-0.0847789645,0.193579167,-0.000779241615,2.9597373,-0.175054371,-0.118390612,9.80786133,-0.00107804674,0.00263493136,-0.000779241615,2.96093655,-0.000254631042,1
1953,20.120003,0,0,0,0,-0.0150620732,0.241638556,0.00135128724,2.9597373,-0.23492986,-0.0585151166,9.7312212,-1.27822468e-05,-0.00162612647,0.00135128724,2.96093655,-0.000254631042,1
1954,20.129977,0,0,0,0,-0.0215593241,0.206305668,0.000286022841,2.9597373,-0.199004561,-0.0585151166,9.75277615,-0.00107804674,-0.00162612647,0.000286022841,2.96093655,-0.000254631042,1
1955,20.139988,0,0,0,0,-0.0427792035,0.210199922,0.00348181627,2.95983315,-0.199004561,-0.0800702944,9.78391171,0.00105248217,0.0015696669,0.00348181627,2.96093655,-0.000254631042,1
1956,20.149963,0,0,0,0,-0.0246095695,0.189814642,0.000286022841,2.95983315,-0.182239428,-0.0585151166,9.82223129,0.00105248217,0.000504402502,0.000286022841,2.96093655,-0.000254631042,1
1957,20.159981,0,0,0,0,-0.0748701096,0.220979169,0.00454708049,2.9597373,-0.203794599,-0.113600567,9.75277615,-1.27822468e-05,-0.00482191984,0.00454708049,2.96093655,-0.000254631042,1
1958,20.169968,0,0,0,0,-0.0577049069,0.234868959,0.00241655181,2.9597373,-0.220559746,-0.0992304534,9.77193642,0.00105248217,0.000504402502,0.00241655181,2.96093655,-0.000254631042,1
1959,20.180004,0,0,0,0,-0.0435429811,0.259042948,-0.000779241615,2.95983315,-0.246904954,-0.0896503702,9.80546665,-0.00107804674,0.0015696669,-0.000779241615,2.96093655,-0.000254631042,1
1960,20.189978,0,0,0,0,-0.0519594885,0.226497948,0.00135128724,2.95983315,-0.213374689,-0.0920453891,9.7791214,0.00105248217,-0.000560861954,0.00135128724,2.96093655,-0.000254631042,1
1961,20.200008,0,0,0,0,-0.0392883681,0.243576288,0.000286022841,2.96071386,-0.232534841,-0.0824653134,9.7791214,-0.00107804674,-0.00162612647,0.000286022841,2.96093655,-0.000254631042,1
1962,20.209982,0,0,0,0,-0.101024263,0.211177513,0.00135128724,2.9597373,-0.189424485,-0.137550771,9.8318119,0.00105248217,-0.000560861954,0.00135128724,2.96093655,-0.000254631042,1
1963,20.219986,0,0,0,0,-0.00287447497,0.241828054,0.00135128724,2.95983315,-0.237324879,-0.0465400182,9.80546665,0.00105248217,-0.00162612647,0.00135128724,2.96093655,-0.000254631042,1
1964,20.229987,0,0,0,0,-0.0871530846,0.194003969,-0.000779241615,2.95983315,-0.175054371,-0.120785631,9.81744194,-1.27822468e-05,-0.000560861954,-0.000779241615,2.96093655,-0.000254631042,1
1965,20.239962,0,0,0,0,0.0128885536,0.195098609,0.00348181627,2.95983315,-0.194214523,-0.0225898232,9.7791214,-1.27822468e-05,0.0015696669,0.00348181627,2.96093655,-0.000254631042,1
1966,20.249983,0,0,0,0,-0.0483087599,0.220878512,0.00454708049,2.96071386,-0.208584651,-0.0872553512,9.78630638,0.00211774674,-0.00162612647,0.00454708049,2.96093655,-0.000254631042,1
1967,20.259958,0,0,0,0,-0.0406469032,0.195204571,0.000286022841,2.9597373,-0.184634447,-0.0752802566,9.83899689,-0.00214331108,0.00263493136,0.000286022841,2.96093655,-0.000254631042,1
1968,20.269986,0,0,0,0,-0.0650148541,0.221602112,0.00135128724,2.9597373,-0.206189632,-0.104020491,9.82462692,0.00105248217,-0.000560861954,0.00135128724,2.96093655,-0.000254631042,1
1969,20.280008,0,0,0,0,-0.0592681728,0.213230386,0.00241655181,2.95983315,-0.199004561,-0.0968354344,9.7623558,-1.27822468e-05,0.000504402502,0.00241655181,2.96093655,-0.000254631042,1
1970,20.289983,0,0,0,0,-0.0643919334,0.234922558,0.00348181627,2.9597373,-0.215769708,-0.125575662,9.79109669,0.00105248217,-0.000560861954,0.00348181627,2.96093655,-0.000254631042,1
1971,20.300000,0,0,0,0,-0.025783632,0.236304581,0.00135128724,2.9597373,-0.21097967,-0.108810529,9.78151608,0.00105248217,0.0015696669,0.00135128724,2.96093655,-0.000254631042,1
1972,20.309986,0,0,0,0,-0.0551596098,0.222225025,-0.00184450613,2.9597373,-0.182239428,-0.0896503702,9.74559116,-1.27822468e-05,0.00263493136,-0.00184450613,2.96093655,-0.000254631042,1
1973,20.320004,0,0,0,0,-0.0226154029,0.213805407,0.00348181627,2.9597373,-0.196609542,-0.0920453891,9.75038147,0.00105248217,0.000504402502,0.00241655181,2.96093655,-0.000254631042,1
1974,20.329978,0,0,0,0,0.0227625053,0.195720285,0.00454708049,2.9597373,-0.208584651,-0.108810529,9.79109669,-0.00107804674,0.000504402502,0.00348181627,2.96093655,-0.000254631042,1
1975,20.340001,0,0,0,0,-0.0860248134,0.213289663,0.00241655181,2.9597373,-0.227744803,-0.0513300598,9.67374039,0.00105248217,0.000504402502,0.00241655181,2.96093655,-0.000254631042,1
1976,20.349987,0,0,0,0,-0.00612672046,0.210773349,0.00241655181,2.9597373,-0.206189632,-0.0609101392,9.78870106,-0.00214331108,0.0015696669,0.00135128724,2.96093655,-0.000254631042,1
1977,20.359985,0,0,0,0,-0.0170380492,0.217650145,0.00135128724,2.9597373,-0.21097967,-0.0896503702,9.76475143,0.00105248217,0.000504402502,0.000286022841,2.96093655,-0.000254631042,1
1978,20.369999,0,0,0,0,-0.0123477764,0.216782674,0.00135128724,2.95983315,-0.21097967,-0.0513300598,9.80307102,-0.00107804674,0.0015696669,0.000286022841,2.96093655,-0.000254631042,1
1979,20.379986,0,0,0,0,-0.0260143857,0.236279294,0.00241655181,2.96071386,-0.227744803,-0.0680951998,9.78630638,-0.00214331108,0.0015696669,0.00241655181,2.96093655,-0.000254631042,1
1980,20.390004,0,0,0,0,-0.0663143098,0.214535519,0.000286022841,2.9597373,-0.199004561,-0.104020491,9.79349136,-1.27822468e-05,-0.000560861954,0.000286022841,2.96093655,-0.000254631042,1
1981,20.399978,0,0,0,0,-0.075515151,0.230827197,0.00241655181,2.95983315,-0.213374689,-0.115995586,9.76954079,-1.27822468e-05,0.000504402502,0.00241655181,2.96093655,-0.000254631042,1
1982,20.409979,0,0,0,0,-0.0920041353,0.233857661,0.00241655181,2.95983315,-0.213374689,-0.132760733,9.77433109,-0.00107804674,-0.000560861954,0.00241655181,2.96093655,-0.000254631042,1
1983,20.419966,0,0,0,0,-0.081283085,0.239192665,0.00241655181,2.95983315,-0.220559746,-0.12318065,9.76475143,-0.00214331108,-0.00162612647,0.00241655181,2.96093655,-0.000254631042,1
1984,20.429987,0,0,0,0,-0.106844991,0.192766473,0.00241655181,2.9597373,-0.170264333,-0.13994579,9.77433109,-1.27822468e-05,0.000504402502,0.00241655181,2.96093655,-0.000254631042,1
1985,20.439985,0,0,0,0,-0.0656913817,0.204680264,0.00241655181,2.9597373,-0.189424485,-0.101625472,9.79109669,0.00211774674,0.0015696669,0.00241655181,2.96093655,-0.000254631042,1
1986,20.449960,0,0,0,0,-0.0183066521,0.237358898,0.000286022841,2.95983315,-0.230139822,-0.0609101392,9.84139156,-1.27822468e-05,-0.00269139092,0.000286022841,2.96093655,-0.000254631042,1
1987,20.459957,0,0,0,0,-0.0425372235,0.224766254,0.00135128724,2.95983315,-0.213374689,-0.0824653134,9.80067635,0.00105248217,-0.000560861954,0.00135128724,2.96093655,-0.000254631042,1
1988,20.469966,0,0,0,0,-0.019656457,0.203515112,0.00241655181,2.95983315,-0.196609542,-0.0561200976,9.69769096,0.00105248217,0.0015696669,0.00241655181,2.96093655,-0.000254631042,1
1989,20.479962,0,0,0,0,-0.049412977,0.213854253,0.000286022841,2.95983315,-0.20139958,-0.0872553512,9.78391171,-0.00214331108,-0.000560861954,0.000286022841,2.96093655,-0.000254631042,1
1990,20.489960,0,0,0,0,-0.109146923,0.219976693,-0.000779241615,2.9597373,-0.196609542,-0.147130847,9.7791214,-1.27822468e-05,-0.000560861954,-0.000779241615,2.96093655,-0.000254631042,1
1991,20.499957,0,0,0,0,-0.0686698407,0.214968666,0.00241655181,2.9597373,-0.199004561,-0.10641551,9.79588604,-1.27822468e-05,-0.000560861954,0.00241655181,2.96093655,-0.000254631042,1
1992,20.509964,0,0,0,0,-0.0770048797,0.235971257,0.00454708049,2.95983315,-0.218164727,-0.118390612,9.76954079,0.00105248217,0.000504402502,0.00454708049,2.96093655,-0.000254631042,1
1993,20.519962,0,0,0,0,-0.035088636,0.199045956,0.00348181627,2.95983315,-0.189424485,-0.0704902187,9.8270216,-1.27822468e-05,0.0015696669,0.00348181627,2.96093655,-0.000254631042,1
1994,20.529960,0,0,0,0,-0.061241854,0.189241797,0.00454708049,2.95983315,-0.175054371,-0.0944404155,9.77672672,-0.00320857554,0.00370019581,0.00454708049,2.96093655,-0.000254631042,1
1995,20.539985,0,0,0,0,-0.0491490997,0.228425309,0.00241655181,2.9597373,-0.215769708,-0.0896503702,9.80786133,0.00105248217,-0.00162612647,0.00241655181,2.96093655,-0.000254631042,1
1996,20.549959,0,0,0,0,-0.0313073769,0.259236902,0.000286022841,2.9597373,-0.249299973,-0.0776752755,9.76714611,-1.27822468e-05,-0.00269139092,0.000286022841,2.96093655,-0.000254631042,1
1997,20.559986,0,0,0,0,-0.0515775979,0.20207642,0.00241655181,2.95983315,-0.189424485,-0.0872553512,9.80307102,-0.00427384023,0.000504402502,0.00241655181,2.96093655,-0.000254631042,1
1998,20.569962,0,0,0,0,-0.0362853371,0.245533422,-0.000779241615,2.95983315,-0.23492986,-0.0800702944,9.74798584,0.00211774674,-0.000560861954,-0.000779241615,2.96093655,-0.000254631042,1
1999,20.580005,0,0,0,0,-0.0935448706,0.212224633,0.000286022841,2.95983315,-0.191819504,-0.1303657,9.75038147,0.00105248217,0.0015696669,0.000286022841,2.96093655,-0.000254631042,1
2000,20.589980,0,0,0,0,-0.0705922097,0.217757344,0.000286022841,2.9597373,-0.20139958,-0.108810529,9.80067635,-1.27822468e-05,-0.000560861954,0.000286022841,2.96093655,-0.000254631042,1
2001,20.599980,0,0,0,0,-0.0803938657,0.243911505,0.000286022841,2.9597373,-0.225349784,-0.12318065,9.80786133,0.00105248217,-0.000560861954,0.000286022841,2.96093655,-0.000254631042,1
2002,20.610002,0,0,0,0,-0.0368203297,0.189623699,0.00241655181,2.95983315,-0.179844409,-0.0704902187,9.80786133,0.00105248217,0.0015696669,0.00241655181,2.96093655,-0.000254631042,1
2003,20.619959,0,0,0,0,-0.0735925213,0.228038698,-0.00184450613,2.95983315,-0.21097967,-0.113600567,9.75996113,0.00211774674,-0.00162612647,-0.00184450613,2.96093655,-0.000254631042,1
2004,20.629968,0,0,0,0,-0.0706458092,0.190980271,0.00241655181,2.9597373,-0.175054371,-0.104020491,9.81744194,-1.27822468e-05,0.0015696669,0.00241655181,2.96093655,-0.000254631042,1
2005,20.639984,0,0,0,0,-0.101214044,0.223388284,0.00135128724,2.9597373,-0.20139958,-0.13994579,9.7791214,-1.27822468e-05,0.0015696669,0.00135128724,2.96093655,-0.000254631042,1
2006,20.649959,0,0,0,0,-0.00905157626,0.247838825,0.00135128724,2.9597373,-0.242114916,-0.0537250787,9.81265163,-1.27822468e-05,-0.00162612647,0.00135128724,2.96093655,-0.000254631042,1
2007,20.659983,0,0,0,0,-0.0834987462,0.200637743,0.000286022841,2.95983315,-0.182239428,-0.118390612,9.78151608,-1.27822468e-05,-0.000560861954,0.000286022841,2.96093655,-0.000254631042,1
2008,20.669957,0,0,0,0,-0.0311412849,0.24702315,0.00348181627,2.95983315,-0.237324879,-0.0752802566,9.75038147,0.00105248217,0.0015696669,0.00348181627,2.96093655,-0.000254631042,1
2009,20.680002,0,0,0,0,-0.0691029876,0.212613136,0.00135128724,2.9597373,-0.196609542,-0.10641551,9.80307102,-1.27822468e-05,-0.000560861954,0.00135128724,2.96093655,-0.000254631042,1
2010,20.689977,0,0,0,0,-0.0684800595,0.202757895,-0.000779241615,2.9597373,-0.187029466,-0.104020491,9.77193642,0.00211774674,-0.00162612647,-0.000779241615,2.96093655,-0.000254631042,1
2011,20.699982,0,0,0,0,-0.0163840074,0.234570414,0.00241655181,2.95983315,-0.227744803,-0.0585151166,9.79588604,0.00105248217,-0.00269139092,0.00241655181,2.96093655,-0.000254631042,1
2012,20.709968,0,0,0,0,-0.0181667414,0.198371053,0.00241655181,2.95983315,-0.191819504,-0.0537250787,9.81265163,-1.27822468e-05,-0.000560861954,0.00241655181,2.96093655,-0.000254631042,1
2013,20.719987,0,0,0,0,-0.0452653542,0.264147282,0.00241655181,2.96071386,-0.251695007,-0.0920453891,9.82941628,-0.00107804674,-0.00375665538,0.00241655181,2.96093655,-0.000254631042,1
2014,20.729989,0,0,0,0,-0.0407830775,0.234192431,0.00135128724,2.9597373,-0.222954765,-0.0824653134,9.82941628,-0.00107804674,0.00263493136,0.00135128724,2.96093655,-0.000254631042,1
2015,20.739964,0,0,0,0,-0.0052810763,0.215483904,-0.000779241615,2.95983315,-0.21097967,-0.0441449992,9.76475143,0.00105248217,-0.000560861954,-0.000779241615,2.96093655,-0.000254631042,1
2016,20.749983,0,0,0,0,-0.0262392014,0.233946547,0.00135128724,2.95983315,-0.225349784,-0.0680951998,9.76475143,-0.00107804674,0.000504402502,0.00135128724,2.96093655,-0.000254631042,1
2017,20.759957,0,0,0,0,-0.0611397848,0.242795974,0.00135128724,2.95983315,-0.237324879,-0.0417499803,9.80786133,0.00105248217,-0.00269139092,0.00135128724,2.96093655,-0.000254631042,1
2018,20.769998,0,0,0,0,-0.0484189875,0.272124201,0.00241655181,2.9597373,-0.17744939,-0.0776752755,9.81983662,0.00105248217,0.0015696669,0.00241655181,2.96093655,-0.000254631042,1
2019,20.779984,0,0,0,0,-0.0692927614,0.224823922,0.00135128724,2.9597373,-0.244509935,-0.113600567,9.79588604,-0.00107804674,-0.00162612647,-0.000779241615,2.96093655,-0.000254631042,1
2020,20.790007,0,0,0,0,-0.052392412,0.224142388,0.00241655181,2.95983315,-0.191819504,-0.115995586,9.78151608,-0.00107804674,-0.00269139092,0.00348181627,2.96093655,-0.000254631042,1
2021,20.799980,0,0,0,0,-0.0522014685,0.211931616,-0.00184450613,2.95983315,-0.153499186,-0.0680951998,9.82223129,-1.27822468e-05,-0.00482191984,-0.00184450613,2.96093655,-0.000254631042,1
2022,20.810000,0,0,0,0,-0.0232255347,0.264979303,0.00135128724,2.96080971,-0.17744939,-0.0944404155,9.76475143,0.00105248217,0.000504402502,0.00241655181,2.96093655,-0.000254631042,1
2023,20.819986,0,0,0,0,-0.0274626296,0.253659546,0.00348181627,2.9597373,-0.258880049,-0.0944404155,9.80067635,-0.00214331108,-0.000560861954,0.00454708049,2.96093655,-0.000254631042,1
2024,20.830000,0,0,0,0,-0.0412698276,0.205059811,-0.00184450613,2.9597373,-0.194214523,-0.111205548,9.74559116,-0.00107804674,-0.00269139092,-0.00290977047,2.96093655,-0.000254631042,1
2025,20.839982,0,0,0,0,-0.066092886,0.229095504,0.00241655181,2.95983315,-0.213374689,-0.10641551,9.78870106,0.00105248217,-0.000560861954,0.00241655181,2.96093655,-0.000254631042,1
2026,20.849968,0,0,0,0,-0.0748912916,0.220971987,0.00135128724,2.95983315,-0.203794599,-0.113600567,9.77672672,-0.00214331108,-0.000560861954,0.00135128724,2.96093655,-0.000254631042,1
2027,20.859977,0,0,0,0,-0.0125387236,0.228993431,0.00241655181,2.95983315,-0.222954765,-0.0537250787,9.78630638,-0.00107804674,0.0015696669,0.00241655181,2.96093655,-0.000254631042,1
2028,20.869963,0,0,0,0,-0.00782680232,0.215910017,0.00135128724,2.96071386,-0.21097967,-0.0465400182,9.79109669,-0.00107804674,0.000504402502,0.00135128724,2.96093655,-0.000254631042,1
2029,20.880006,0,0,0,0,-0.0743833631,0.250111789,0.00135128724,2.9597373,-0.232534841,-0.118390612,9.79828167,-0.00107804674,-0.000560861954,0.00135128724,2.96093655,-0.000254631042,1
2030,20.889980,0,0,0,0,-0.0209041964,0.223225504,0.000286022841,2.95983315,-0.215769708,-0.0609101392,9.78630638,0.00105248217,-0.000560861954,0.000286022841,2.96093655,-0.000254631042,1
2031,20.900001,0,0,0,0,-0.0324910879,0.21317935,0.00135128724,2.95983315,-0.203794599,-0.0704902187,9.7791214,-1.27822468e-05,0.00370019581,0.00135128724,2.96093655,-0.000254631042,1
2032,20.909986,0,0,0,0,-0.0368203297,0.189623699,0.00348181627,2.95983315,-0.179844409,-0.0704902187,9.79109669,0.00105248217,-0.000560861954,0.00348181627,2.96093655,-0.000254631042,1
2033,20.919987,0,0,0,0,-0.0482827984,0.233136356,0.00135128724,2.9597373,-0.220559746,-0.0896503702,9.77193642,-0.00107804674,0.000504402502,0.00135128724,2.96093655,-0.000254631042,1
2034,20.930008,0,0,0,0,-0.0623087585,0.289289385,0.00241655181,2.9597373,-0.273250163,-0.113600567,9.76475143,-1.27822468e-05,0.0015696669,0.00241655181,2.96093655,-0.000254631042,1
2035,20.939983,0,0,0,0,-0.0829927623,0.229778349,0.00241655181,2.9597373,-0.21097967,-0.12318065,9.80067635,-0.00107804674,0.00370019581,0.00241655181,2.96093655,-0.000254631042,1
2036,20.949983,0,0,0,0,-0.00533211185,0.188706815,0.000286022841,2.95983315,-0.184634447,-0.0393549614,9.77193642,0.00105248217,-0.000560861954,0.000286022841,2.96093655,-0.000254631042,1
2037,20.959957,0,0,0,0,-0.0854213908,0.203426242,0.00348181627,2.95983315,-0.184634447,-0.120785631,9.75517082,-0.00214331108,0.0015696669,0.00348181627,2.96093655,-0.000254631042,1
2038,20.969981,0,0,0,0,-0.0312784053,0.166694894,-0.00184450613,2.9597373,-0.158289239,-0.0609101392,9.84378719,-1.27822468e-05,0.000504402502,-0.00184450613,2.96093655,-0.000254631042,1
2039,20.979966,0,0,0,0,-0.0397270061,0.226692706,0.00241655181,2.9597373,-0.215769708,-0.0800702944,9.86534214,-0.00320857554,-0.000560861954,0.00241655181,2.96093655,-0.000254631042,1
2040,20.989964,0,0,0,0,-0.0810628757,0.241476938,0.000286022841,2.96071386,-0.222954765,-0.12318065,9.74080086,-0.00214331108,-0.00162612647,0.000286022841,2.96093655,-0.000254631042,1
2041,20.999960,0,0,0,0,-0.0783036575,0.22890456,0.00241655181,2.95983315,-0.21097967,-0.118390612,9.83899689,-0.00107804674,-0.00482191984,0.00241655181,2.96093655,-0.000254631042,1
2042,21.009957,0,0,0,0,-0.0228268374,0.226013988,0.00348181627,2.95983315,-0.218164727,-0.0633051544,9.80546665,0.0031830112,0.000504402502,0.00348181627,2.96093655,-0.000254631042,1
2043,21.019966,0,0,0,0,-0.0838054568,0.251844376,0.00135128724,2.9597373,-0.232534841,-0.127970681,9.76714611,-0.00214331108,0.0015696669,0.00135128724,2.96093655,-0.000254631042,1
2044,21.029963,0,0,0,0,-0.0761695579,0.213912591,0.00454708049,2.9597373,-0.196609542,-0.113600567,9.76714611,0.00105248217,-0.000560861954,0.00454708049,2.96093655,-0.000254631042,1
2045,21.039959,0,0,0,0,-0.0738140345,0.213479444,0.000286022841,2.9597373,-0.196609542,-0.111205548,9.77433109,-0.00107804674,0.0015696669,0.000286022841,2.96093655,-0.000254631042,1
2046,21.049958,0,0,0,0,-0.0602901913,0.23524335,0.000286022841,2.96071386,-0.220559746,-0.101625472,9.81744194,-0.00107804674,0.00263493136,0.000286022841,2.96093655,-0.000254631042,1
2047,21.059966,0,0,0,0,-0.0332170203,0.169480383,-0.000779241615,2.95983315,-0.160684258,-0.0633051544,9.77433109,-0.00107804674,0.00263493136,-0.000779241615,2.96093655,-0.000254631042,1
2048,21.069984,0,0,0,0,-0.0836896971,0.212848499,0.000286022841,2.95983315,-0.194214523,-0.120785631,9.83899689,-0.00214331108,-0.00162612647,0.000286022841,2.96093655,-0.000254631042,1
2049,21.079959,0,0,0,0,-0.0483087599,0.220878512,0.00135128724,2.96071386,-0.208584651,-0.0872553512,9.81504631,0.00105248217,-0.000560861954,0.00135128724,2.96093655,-0.000254631042,1
2050,21.090000,0,0,0,0,-0.0702952296,0.259100735,0.00241655181,2.9597373,-0.242114916,-0.115995586,9.81025696,-1.27822468e-05,-0.000560861954,0.00241655181,2.96093655,-0.000254631042,1
2051,21.099986,0,0,0,0,-0.0359034501,0.221111923,0.00135128724,2.95983315,-0.21097967,-0.0752802566,9.78391171,-0.00107804674,0.000504402502,0.00135128724,2.96093655,-0.000254631042,1
2052,21.109978,0,0,0,0,-0.0272071138,0.175681233,0.00348181627,2.95983315,-0.167869315,-0.0585151166,9.83660221,-0.00214331108,0.0015696669,0.00348181627,2.96093655,-0.000254631042,1
2053,21.119978,0,0,0,0,-0.0382724851,0.209296793,0.00348181627,2.96080971,-0.199004561,-0.0752802566,9.81265163,-0.00107804674,0.0015696669,0.00348181627,2.96093655,-0.000254631042,1
2054,21.129963,0,0,0,0,-0.086701341,0.196367845,0.000286022841,2.9597373,-0.17744939,-0.120785631,9.78151608,-0.00107804674,-0.000560861954,0.000286022841,2.96093655,-0.000254631042,1
2055,21.140007,0,0,0,0,-0.074923709,0.194202095,0.000286022841,2.9597373,-0.17744939,-0.108810529,9.78151608,0.00105248217,0.0015696669,0.000286022841,2.96093655,-0.000254631042,1
2056,21.149982,0,0,0,0,-0.0918642059,0.194869816,0.00241655181,2.95983315,-0.175054371,-0.125575662,9.74798584,0.00211774674,0.0015696669,0.00241655181,2.96093655,-0.000254631042,1
2057,21.159979,0,0,0,0,-0.0481141992,0.220920965,0.00135128724,2.95983315,-0.208584651,-0.0872553512,9.76475143,-1.27822468e-05,0.0015696669,0.00135128724,2.96093655,-0.000254631042,1
2058,21.169967,0,0,0,0,-0.0759991184,0.201694533,0.00135128724,2.95983315,-0.184634447,-0.111205548,9.82941628,0.0031830112,-0.00162612647,0.00135128724,2.96093655,-0.000254631042,1
2059,21.179987,0,0,0,0,-0.0380170345,0.236111164,0.00454708049,2.95983315,-0.225349784,-0.0800702944,9.71206093,-1.27822468e-05,-0.000560861954,0.00454708049,2.96093655,-0.000254631042,1
2060,21.189962,0,0,0,0,-0.046191562,0.218132481,0.00241655181,2.95983315,-0.206189632,-0.0848603323,9.84618187,0.00105248217,0.000504402502,0.00241655181,2.96093655,-0.000254631042,1
2061,21.200003,0,0,0,0,-0.0567024313,0.200592145,0.000286022841,2.9597373,-0.187029466,-0.0920453891,9.83660221,-0.00107804674,-0.000560861954,0.000286022841,2.96093655,-0.000254631042,1
2062,21.209977,0,0,0,0,-0.0385520272,0.180201426,0.00241655181,2.95983315,-0.170264333,-0.0704902187,9.82223129,-0.00107804674,0.0015696669,0.00241655181,2.96093655,-0.000254631042,1
2063,21.219979,0,0,0,0,-0.0535002388,0.204864919,-0.000779241615,2.95983315,-0.191819504,-0.0896503702,9.75756645,-0.00107804674,-0.000560861954,-0.000779241615,2.96093655,-0.000254631042,1
2064,21.229980,0,0,0,0,-0.0652270392,0.233806625,0.00241655181,2.95983315,-0.225349784,-0.0728852376,9.83420658,-1.27822468e-05,0.000504402502,0.00135128724,2.96093655,-0.000254631042,1
2065,21.239966,0,0,0,0,-0.0594911128,0.198669761,0.000286022841,2.9597373,-0.199004561,-0.0944404155,9.81265163,0.00105248217,0.000504402502,0.000286022841,2.96093655,-0.000254631042,1
2066,21.249984,0,0,0,0,-0.056861572,0.239574552,0.00135128724,2.95983315,-0.244509935,-0.0824653134,9.80786133,-1.27822468e-05,0.000504402502,0.00135128724,2.96093655,-0.000254631042,1
2067,21.259959,0,0,0,0,-0.0104251364,0.21399419,0.00135128724,2.95983315,-0.225349784,-0.108810529,9.80546665,-0.00107804674,0.000504402502,0.00241655181,2.96093655,-0.000254631042,1
2068,21.270005,0,0,0,0,-0.0558558069,0.205297843,0.00348181627,2.95983315,-0.213374689,-0.0752802566,9.79828167,-1.27822468e-05,0.000504402502,0.00241655181,2.96093655,-0.000254631042,1
2069,21.279978,0,0,0,0,-0.0969361514,0.220166475,0.00241655181,2.9597373,-0.232534841,-0.0920453891,9.84139156,-1.27822468e-05,0.000504402502,0.00135128724,2.96093655,-0.000254631042,1
2070,21.289988,0,0,0,0,-0.0528141521,0.23630169,0.00135128724,2.96080971,-0.222954765,-0.12318065,9.79349136,-0.00214331108,0.0015696669,0.00135128724,2.96093655,-0.000254631042,1
2071,21.299964,0,0,0,0,-0.0800353512,0.219482273,0.000286022841,2.95983315,-0.20139958,-0.118390612,9.77672672,-0.00320857554,0.0015696669,0.00241655181,2.96093655,-0.000254631042,1
2072,21.309982,0,0,0,0,-0.0601340197,0.20851925,0.00241655181,2.95983315,-0.194214523,-0.0968354344,9.81744194,-0.00214331108,0.0015696669,0.00241655181,2.96093655,-0.000254631042,1
2073,21.319991,0,0,0,0,-0.0639854819,0.2018231,0.00241655181,2.96080971,-0.187029466,-0.0992304534,9.7623558,0.00105248217,0.000504402502,0.00241655181,2.96093655,-0.000254631042,1
2074,21.329980,0,0,0,0,-0.0577274188,0.23486343,0.000286022841,2.95983315,-0.220559746,-0.0992304534,9.76954079,-1.27822468e-05,-0.000560861954,0.000286022841,2.96093655,-0.000254631042,1
2075,21.339986,0,0,0,0,-0.0603249632,0.220730022,0.00135128724,2.95983315,-0.206189632,-0.0992304534,9.73840618,-0.00107804674,0.000504402502,0.00135128724,2.96093655,-0.000254631042,1
2076,21.349961,0,0,0,0,-0.0541571267,0.187948212,0.00241655181,2.9597373,-0.175054371,-0.0872553512,9.83899689,-0.00214331108,-0.00375665538,0.00241655181,2.96093655,-0.000254631042,1
2077,21.360000,0,0,0,0,-0.0406656191,0.195200667,0.000286022841,2.95983315,-0.184634447,-0.0752802566,9.74080086,-1.27822468e-05,0.0015696669,0.000286022841,2.96093655,-0.000254631042,1
2078,21.369985,0,0,0,0,-0.0320071317,0.242312014,0.00348181627,2.95983315,-0.232534841,-0.0752802566,9.81025696,0.00211774674,0.0015696669,0.00348181627,2.96093655,-0.000254631042,1
2079,21.379999,0,0,0,0,-0.0295116492,0.202891245,0.00135128724,2.95983315,-0.194214523,-0.0657001734,9.84378719,0.00211774674,0.0015696669,0.00135128724,2.96093655,-0.000254631042,1
2080,21.389984,0,0,0,0,-0.0687234327,0.188191593,0.00241655181,2.9597373,-0.172659352,-0.101625472,9.80307102,-1.27822468e-05,-0.00162612647,0.00241655181,2.96093655,-0.000254631042,1
2081,21.400001,0,0,0,0,-0.0157601368,0.224715218,0.00241655181,2.95983315,-0.218164727,-0.0561200976,9.76954079,0.00105248217,0.000504402502,0.00241655181,2.96093655,-0.000254631042,1
2082,21.409986,0,0,0,0,-0.0641702563,0.226307005,0.00241655181,2.95983315,-0.21097967,-0.104020491,9.78391171,-0.00107804674,-0.000560861954,0.00241655181,2.96093655,-0.000254631042,1
2083,21.419984,0,0,0,0,-0.0920551568,0.207080573,0.000286022841,2.95983315,-0.187029466,-0.127970681,9.78630638,-0.00214331108,0.00263493136,0.000286022841,2.96093655,-0.000254631042,1
2084,21.429957,0,0,0,0,-0.0839126632,0.198290214,0.00135128724,2.9597373,-0.179844409,-0.118390612,9.79349136,-1.27822468e-05,-0.00482191984,0.00135128724,2.96093655,-0.000254631042,1
2085,21.440007,0,0,0,0,-0.0466038063,0.215781361,0.00348181627,2.9597373,-0.203794599,-0.0848603323,9.77193642,-1.27822468e-05,0.000504402502,0.00348181627,2.96093655,-0.000254631042,1
2086,21.450065,0,0,0,0,-0.0691233575,0.212606519,0.00135128724,2.95983315,-0.196609542,-0.10641551,9.82462692,-1.27822468e-05,0.000504402502,0.00135128724,2.96093655,-0.000254631042,1
2087,21.459965,0,0,0,0,-0.0466755182,0.188999817,0.000286022841,2.95983315,-0.17744939,-0.0800702944,9.79109669,-0.00107804674,-0.000560861954,0.000286022841,2.96093655,-0.000254631042,1
2088,21.469985,0,0,0,0,-0.0556999557,0.166315332,0.00454708049,2.9597373,-0.153499186,-0.0848603323,9.84378719,-1.27822468e-05,-0.000560861954,0.00454708049,2.96093655,-0.000254631042,1
2089,21.479958,0,0,0,0,-0.0525833666,0.236353144,0.00135128724,2.95983315,-0.222954765,-0.0944404155,9.85097218,-1.27822468e-05,-0.000560861954,0.00135128724,2.96093655,-0.000254631042,1
2090,21.489987,0,0,0,0,-0.0817160085,0.236837104,0.000286022841,2.95983315,-0.218164727,-0.12318065,9.74559116,-1.27822468e-05,0.0015696669,0.000286022841,2.96093655,-0.000254631042,1
2091,21.499962,0,0,0,0,-0.0451145805,0.210637167,0.00241655181,2.9597373,-0.199004561,-0.0824653134,9.87252712,-0.00107804674,-0.000560861954,0.00241655181,2.96093655,-0.000254631042,1
2092,21.509959,0,0,0,0,-0.0761159584,0.24068968,0.00135128724,2.9597373,-0.222954765,-0.118390612,9.74080086,-0.00214331108,0.000504402502,0.00135128724,2.96093655,-0.000254631042,1
2093,21.519967,0,0,0,0,-0.0388607047,0.231403753,0.00241655181,2.9597373,-0.220559746,-0.0800702944,9.82941628,-0.00107804674,0.00370019581,0.00241655181,2.96093655,-0.000254631042,1
2094,21.529964,0,0,0,0,-0.0289518517,0.258803755,0.00135128724,2.9597373,-0.249299973,-0.0752802566,9.80786133,-0.00107804674,-0.00269139092,0.00135128724,2.96093655,-0.000254631042,1
2095,21.539961,0,0,0,0,-0.0559433326,0.15174903,0.000286022841,2.9597373,-0.139129072,-0.0824653134,9.77672672,-0.00107804674,0.0015696669,0.000286022841,2.96093655,-0.000254631042,1
2096,21.549958,0,0,0,0,-0.0593013316,0.18645899,0.00241655181,2.9597373,-0.172659352,-0.0920453891,9.72164059,-0.00214331108,0.000504402502,0.00241655181,2.96093655,-0.000254631042,1
2097,21.559966,0,0,0,0,-0.103833005,0.20924519,0.00135128724,2.95983315,-0.187029466,-0.13994579,9.80546665,-0.00214331108,0.00263493136,0.00135128724,2.96093655,-0.000254631042,1
2098,21.569964,0,0,0,0,-0.070348829,0.232323647,-0.000779241615,2.9597373,-0.215769708,-0.111205548,9.80067635,-1.27822468e-05,0.00263493136,-0.000779241615,2.96093655,-0.000254631042,1
2099,21.579960,0,0,0,0,-0.0941625983,0.209786221,0.000286022841,2.96071386,-0.189424485,-0.1303657,9.75756645,-0.00214331108,-0.00269139092,0.000286022841,2.96093655,-0.000254631042,1
2100,21.599980,0,0,0,0,-0.0344647616,0.189190775,0.00135128724,2.95983315,-0.179844409,-0.0680951998,9.81504631,-1.27822468e-05,0.000504402502,0.00135128724,2.96093655,-0.000254631042,1
2101,21.609965,0,0,0,0,-0.0691565797,0.185836062,0.00348181627,2.9597373,-0.170264333,-0.101625472,9.75996113,-0.00107804674,0.0015696669,0.00348181627,2.96093655,-0.000254631042,1
2102,21.619980,0,0,0,0,-0.0287620779,0.246592969,0.00241655181,2.9597373,-0.237324879,-0.0728852376,9.81025696,-1.27822468e-05,-0.00162612647,0.00241655181,2.96093655,-0.000254631042,1
2103,21.630006,0,0,0,0,-0.0614134856,0.201458439,0.00135128724,2.9597373,-0.187029466,-0.0968354344,9.80067635,0.00105248217,0.000504402502,0.00135128724,2.96093655,-0.000254631042,1
2104,21.639981,0,0,0,0,-0.082126461,0.234489396,0.00348181627,2.9597373,-0.215769708,-0.12318065,9.78391171,-0.00107804674,0.00263493136,0.00348181627,2.96093655,-0.000254631042,1
2105,21.650008,0,0,0,0,-0.0273264498,0.214671701,0.00135128724,2.9597373,-0.206189632,-0.0657001734,9.78870106,-0.00107804674,0.000504402502,0.00135128724,2.96093655,-0.000254631042,1
2106,21.659982,0,0,0,0,-0.0379408002,0.262891889,0.000286022841,2.9597373,-0.251695007,-0.0848603323,9.8318119,-0.00107804674,0.0015696669,0.000286022841,2.96093655,-0.000254631042,1
2107,21.670006,0,0,0,0,-0.00991787668,0.243127778,-0.000779241615,2.9597373,-0.237324879,-0.0537250787,9.78870106,-0.00107804674,-0.00162612647,-0.000779241615,2.96093655,-0.000254631042,1
2108,21.679958,0,0,0,0,-0.0638226122,0.216160923,0.000286022841,2.9597373,-0.208584651,-0.0609101392,9.76954079,-1.27822468e-05,-0.00375665538,0.000286022841,2.96093655,-0.000254631042,1
2109,21.690005,0,0,0,0,-0.0918455347,0.2232811,0.00135128724,2.9597373,-0.21097967,-0.0872553512,9.73840618,-1.27822468e-05,-0.000560861954,0.00135128724,2.96093655,-0.000254631042,1
2110,21.699980,0,0,0,0,-0.0434355773,0.193282187,-0.00184450613,2.9597373,-0.256485045,-0.101625472,9.75756645,0.00105248217,-0.000560861954,0.00135128724,2.96093655,-0.000254631042,1
2111,21.710008,0,0,0,0,0.0159393065,0.211586058,-0.000779241615,2.9597373,-0.196609542,-0.0537250787,9.80546665,-1.27822468e-05,-0.00162612647,0.000286022841,2.96093655,-0.000254631042,1
2112,21.719984,0,0,0,0,-0.0485797822,0.191792965,0.00135128724,2.9597373,-0.170264333,-0.0776752755,9.77433109,0.00105248217,-0.000560861954,0.000286022841,2.96093655,-0.000254631042,1
2113,21.729982,0,0,0,0,-0.0793377906,0.23641178,0.00135128724,2.9597373,-0.230139822,-0.125575662,9.79349136,0.00105248217,-0.00162612647,0.00135128724,2.96093655,-0.000254631042,1
2114,21.739986,0,0,0,0,-0.0728941262,0.24496758,0.00135128724,2.9597373,-0.191819504,-0.0824653134,9.77672672,-0.00107804674,0.000504402502,0.00241655181,2.96093655,-0.000254631042,1
2115,21.749961,0,0,0,0,-0.0780919343,0.216701269,0.00135128724,2.9597373,-0.199004561,-0.0848603323,9.76954079,-1.27822468e-05,-0.000560861954,0.00135128724,2.96093655,-0.000254631042,1
2116,21.759983,0,0,0,0,-0.0221286509,0.242937997,0.00241655181,2.9597373,-0.23492986,-0.0657001734,9.75996113,0.00211774674,0.000504402502,-0.00184450613,2.96093655,-0.000254631042,1
2117,21.769958,0,0,0,0,-0.0577325523,0.22260192,0.000286022841,2.96071386,-0.208584651,-0.0968354344,9.81265163,0.00105248217,0.00263493136,0.00135128724,2.96093655,-0.000254631042,1
2118,21.780006,0,0,0,0,-0.0590579621,0.201025292,0.000286022841,2.9597373,-0.187029466,-0.0944404155,9.78391171,0.00105248217,0.00370019581,0.00135128724,2.96093655,-0.000254631042,1
2119,21.789980,0,0,0,0,-0.049412977,0.213854253,0.00454708049,2.95983315,-0.20139958,-0.0872553512,9.74798584,-1.27822468e-05,0.000504402502,0.00454708049,2.96093655,-0.000254631042,1
2120,21.800004,0,0,0,0,-0.057135582,0.198236614,0.00348181627,2.9597373,-0.184634447,-0.0920453891,9.79349136,-1.27822468e-05,0.0015696669,0.00348181627,2.96093655,-0.000254631042,1
2121,21.809978,0,0,0,0,-0.108334228,0.197910666,-0.000779241615,2.9597373,-0.175054371,-0.142340809,9.73361588,-0.00107804674,-0.000560861954,-0.000779241615,2.96093655,-0.000254631042,1
2122,21.819999,0,0,0,0,-0.000495771703,0.241395175,0.00135128724,2.9597373,-0.237324879,-0.0441449992,9.75756645,-1.27822468e-05,0.0015696669,0.00135128724,2.96093655,-0.000254631042,1
2123,21.829985,0,0,0,0,-0.0759261772,0.228478909,0.00241655181,2.9597373,-0.21097967,-0.115995586,9.76954079,-1.27822468e-05,0.000504402502,0.00241655181,2.96093655,-0.000254631042,1
2124,21.840007,0,0,0,0,-0.0551060066,0.249002099,0.000286022841,2.9597373,-0.23492986,-0.0992304534,9.7096653,-1.27822468e-05,0.000504402502,0.000286022841,2.96093655,-0.000254631042,1
2125,21.849981,0,0,0,0,-0.0402137525,0.197560087,0.00241655181,2.9597373,-0.187029466,-0.0752802566,9.78870106,0.00105248217,0.0015696669,0.00241655181,2.96093655,-0.000254631042,1
2126,21.859981,0,0,0,0,-0.105302177,0.214399338,0.00348181627,2.9597373,-0.191819504,-0.142340809,9.77672672,-1.27822468e-05,-0.000560861954,0.00348181627,2.96093655,-0.000254631042,1
2127,21.870047,0,0,0,0,-0.0621725842,0.25030154,0.00241655181,2.9597373,-0.23492986,-0.10641551,9.74559116,-0.00107804674,0.000504402502,0.00241655181,2.96093655,-0.000254631042,1
2128,21.879976,0,0,0,0,-0.0498256274,0.211503461,0.00454708049,2.9597373,-0.199004561,-0.0872553512,9.80307102,0.00105248217,-0.000560861954,0.00454708049,2.96093655,-0.000254631042,1
2129,21.889986,0,0,0,0,-0.0759261772,0.228478909,-0.000779241615,2.9597373,-0.21097967,-0.115995586,9.81744194,0.00105248217,0.0015696669,-0.000779241615,2.96093655,-0.000254631042,1
2130,21.899981,0,0,0,0,-0.0484725796,0.245347127,0.00348181627,2.9597373,-0.232534841,-0.0920453891,9.79588604,-1.27822468e-05,-0.000560861954,0.00348181627,2.96093655,-0.000254631042,1
2131,21.909968,0,0,0,0,-0.0852121115,0.191223651,0.00241655181,2.9597373,-0.172659352,-0.118390612,9.76714611,-1.27822468e-05,-0.00162612647,0.00241655181,2.96093655,-0.000254631042,1
2132,21.920002,0,0,0,0,-0.0603038073,0.220735803,0.000286022841,2.9597373,-0.206189632,-0.0992304534,9.78870106,-1.27822468e-05,0.00263493136,0.000286022841,2.96093655,-0.000254631042,1
2133,21.930021,0,0,0,0,-0.0371817052,0.214048758,0.000286022841,2.9597373,-0.203794599,-0.0752802566,9.79109669,0.00105248217,-0.00162612647,0.000286022841,2.96093655,-0.000254631042,1
2134,21.939988,0,0,0,0,-0.0545366816,0.21236977,0.00135128724,2.9597373,-0.199004561,-0.0920453891,9.79828167,-1.27822468e-05,0.000504402502,0.00135128724,2.96093655,-0.000254631042,1
2135,21.949963,0,0,0,0,-0.0750598758,0.233189955,0.00135128724,2.9597373,-0.215769708,-0.115995586,9.7623558,0.0031830112,0.000504402502,0.00135128724,2.96093655,-0.000254631042,1
2136,21.959988,0,0,0,0,-0.0192038007,0.205872521,0.000286022841,2.9597373,-0.199004561,-0.0561200976,9.7623558,-0.00107804674,-0.00162612647,0.000286022841,2.96093655,-0.000254631042,1
2137,21.969962,0,0,0,0,-0.0355027057,0.196693793,-0.000779241615,2.9597373,-0.187029466,-0.0704902187,9.79588604,-1.27822468e-05,0.000504402502,-0.000779241615,2.96093655,-0.000254631042,1
2138,21.979979,0,0,0,0,-0.0374442041,0.19947888,0.000286022841,2.95983315,-0.189424485,-0.0728852376,9.76954079,-0.00214331108,-0.00269139092,0.000286022841,2.96093655,-0.000254631042,1
2139,21.990000,0,0,0,0,-0.0746267289,0.235545471,0.00135128724,2.9597373,-0.218164727,-0.115995586,9.77433109,0.00105248217,-0.000560861954,0.00135128724,2.96093655,-0.000254631042,1
2140,21.999986,0,0,0,0,-0.0547264591,0.224580556,0.00135128724,2.9597373,-0.21097967,-0.0944404155,9.79109669,-1.27822468e-05,-0.000560861954,0.00135128724,2.96093655,-0.000254631042,1
2141,22.010002,0,0,0,0,-0.0733808875,0.21583496,0.00241655181,2.9597373,-0.199004561,-0.111205548,9.83899689,0.00105248217,0.000504402502,0.00241655181,2.96093655,-0.000254631042,1
2142,22.019987,0,0,0,0,-0.0545366816,0.21236977,0.000286022841,2.9597373,-0.199004561,-0.0920453891,9.81504631,-1.27822468e-05,0.000504402502,0.000286022841,2.96093655,-0.000254631042,1
2143,22.029983,0,0,0,0,-0.0416493788,0.229481384,0.00135128724,2.9597373,-0.218164727,-0.0824653134,9.78151608,-0.00214331108,0.0015696669,0.00135128724,2.96093655,-0.000254631042,1
2144,22.039980,0,0,0,0,-0.0795811638,0.221845463,-0.00184450613,2.9597373,-0.203794599,-0.118390612,9.85576153,-1.27822468e-05,-0.00375665538,-0.00184450613,2.96093655,-0.000254631042,1
2145,22.049988,0,0,0,0,-0.0409728512,0.246403202,0.00241655181,2.9597373,-0.23492986,-0.0848603323,9.80307102,-0.00107804674,0.00263493136,0.00241655181,2.96093655,-0.000254631042,1
2146,22.059986,0,0,0,0,-0.00612672046,0.210773349,0.000286022841,2.9597373,-0.206189632,-0.0441449992,9.76954079,-1.27822468e-05,0.0015696669,0.000286022841,2.96093655,-0.000254631042,1
2147,22.069983,0,0,0,0,-0.0492027029,0.20164822,0.00241655181,2.9597373,-0.189424485,-0.0848603323,9.79588604,0.00105248217,0.000504402502,0.00241655181,2.96093655,-0.000254631042,1
2148,22.079979,0,0,0,0,-0.0471731313,0.25241369,0.00348181627,2.9597373,-0.239719898,-0.0920453891,9.79109669,0.00105248217,0.00370019581,0.00348181627,2.96093655,-0.000254631042,1
2149,22.089977,0,0,0,0,-0.0577049069,0.234868959,0.00135128724,2.9597373,-0.220559746,-0.0992304534,9.78630638,-1.27822468e-05,-0.00162612647,0.00135128724,2.96093655,-0.000254631042,1
2150,22.099985,0,0,0,0,-0.0363154002,0.218759835,-0.000779241615,2.9597373,-0.208584651,-0.0752802566,9.78391171,-0.00107804674,0.0015696669,-0.000779241615,2.96093655,-0.000254631042,1
2151,22.119979,0,0,0,0,-0.0671563372,0.224325314,0.00135128724,2.96071386,-0.208584651,-0.10641551,9.78391171,0.00211774674,0.000504402502,0.00135128724,2.96093655,-0.000254631042,1
2152,22.129965,0,0,0,0,-0.0956710652,0.200465143,0.00135128724,2.9596417,-0.179844409,-0.1303657,9.82462692,-0.00107804674,-0.00162612647,0.00135128724,2.96093655,-0.000254631042,1
2153,22.140008,0,0,0,0,-0.0503949597,0.248135805,0.00241655181,2.9597373,-0.23492986,-0.0944404155,9.74319553,-1.27822468e-05,0.00370019581,0.00241655181,2.96093655,-0.000254631042,1
2154,22.149982,0,0,0,0,-0.0780383423,0.243478358,-0.000779241615,2.9597373,-0.230139822,-0.156710923,9.8749218,-0.00107804674,0.0015696669,-0.000779241615,2.96093655,-0.000254631042,1
2155,22.159978,0,0,0,0,-0.0684800595,0.202757895,0.00241655181,2.9597373,-0.215769708,-0.120785631,9.79349136,-0.00107804674,0.000504402502,0.00135128724,2.96093655,-0.000254631042,1
2156,22.170006,0,0,0,0,-0.0333169773,0.208474621,0.000286022841,2.9596417,-0.160684258,-0.127970681,9.7623558,-0.00107804674,-0.00162612647,0.00241655181,2.96093655,-0.000254631042,1
2157,22.179978,0,0,0,0,-0.0615266152,0.240452215,0.000286022841,2.9596417,-0.215769708,-0.0800702944,9.81025696,0.00105248217,0.000504402502,-0.000779241615,2.96093655,-0.000254631042,1
2158,22.189987,0,0,0,0,0.00502798008,0.218462855,-0.000779241615,2.9597373,-0.191819504,-0.0968354344,9.8318119,-0.00107804674,-0.00162612647,-0.000779241615,2.96093655,-0.000254631042,1
2159,22.199961,0,0,0,0,-0.0384811535,0.206982195,0.000286022841,2.9597373,-0.196609542,-0.0752802566,9.78870106,0.00105248217,-0.000560861954,0.000286022841,2.96093655,-0.000254631042,1
2160,22.209987,0,0,0,0,-0.089200139,0.223499596,0.00241655181,2.96061826,-0.203794599,-0.127970681,9.79349136,-0.00214331108,0.0015696669,0.00241655181,2.96093655,-0.000254631042,1
2161,22.219964,0,0,0,0,-0.0473937057,0.237851962,0.00348181627,2.9596417,-0.225349784,-0.0896503702,9.74080086,0.00105248217,0.0015696669,0.000286022841,2.96093655,-0.000254631042,1
2162,22.230001,0,0,0,0,-0.0622797869,0.196747392,0.00135128724,2.9597373,-0.182239428,-0.0968354344,9.80786133,-0.00214331108,-0.00162612647,0.00454708049,2.96093655,-0.000254631042,1
2163,22.239987,0,0,0,0,-0.0633358583,0.204247117,0.00241655181,2.9597373,-0.189424485,-0.0992304534,9.79588604,0.00105248217,-0.00269139092,0.000286022841,2.96093655,-0.000254631042,1
2164,22.250001,0,0,0,0,-0.0448712036,0.225203484,0.00135128724,2.9597373,-0.213374689,-0.0848603323,9.7623558,0.00105248217,0.000504402502,0.00135128724,2.96093655,-0.000254631042,1
2165,22.259986,0,0,0,0,-0.0599242635,0.196314245,0.00135128724,2.9597373,-0.182239428,-0.0944404155,9.78870106,0.00211774674,0.00370019581,0.00135128724,2.96093655,-0.000254631042,1
2166,22.269979,0,0,0,0,-0.113214828,0.21099861,0.00348181627,2.9596417,-0.187029466,-0.149525866,9.78870106,-0.00107804674,0.00370019581,0.00348181627,2.96093655,-0.000254631042,1
2167,22.279966,0,0,0,0,-0.0717554837,0.171702921,-0.000779241615,2.9597373,-0.15589422,-0.101625472,9.76475143,-1.27822468e-05,-0.00269139092,-0.000779241615,2.96093655,-0.000254631042,1
2168,22.289998,0,0,0,0,-0.0740574077,0.198913142,0.000286022841,2.9597373,-0.182239428,-0.108810529,9.81025696,-1.27822468e-05,-0.00375665538,0.000286022841,2.96093655,-0.000254631042,1
2169,22.299985,0,0,0,0,-0.065827556,0.243668124,0.00135128724,2.9597373,-0.227744803,-0.108810529,9.81504631,-1.27822468e-05,-0.00162612647,0.00135128724,2.96093655,-0.000254631042,1
2170,22.309978,0,0,0,0,-0.0460935794,0.244918406,0.00241655181,2.9596417,-0.232534841,-0.0896503702,9.80786133,-0.00107804674,-0.00482191984,0.00241655181,2.96093655,-0.000254631042,1
2171,22.319965,0,0,0,0,-0.0666938573,0.238957077,0.00241655181,2.9597373,-0.222954765,-0.108810529,9.84139156,-0.00107804674,-0.000560861954,0.00241655181,2.96093655,-0.000254631042,1
2172,22.329962,0,0,0,0,-0.0384275541,0.233759269,0.000286022841,2.9597373,-0.222954765,-0.0800702944,9.74559116,-1.27822468e-05,0.0015696669,0.000286022841,2.96093655,-0.000254631042,1
2173,22.340001,0,0,0,0,-0.0418927595,0.214915067,0.00135128724,2.9597373,-0.203794599,-0.0800702944,9.84378719,-1.27822468e-05,-0.000560861954,0.00135128724,2.96093655,-0.000254631042,1
2174,22.350010,0,0,0,0,-0.0246494599,0.2555843,0.00241655181,2.9596417,-0.246904954,-0.0704902187,9.75038147,-1.27822468e-05,0.00370019581,0.00241655181,2.96093655,-0.000254631042,1
2175,22.359987,0,0,0,0,0.00082749041,0.248461679,0.00241655181,2.9596417,-0.244509935,-0.0441449992,9.81744194,-0.00107804674,0.000504402502,0.00241655181,2.96093655,-0.000254631042,1
2176,22.369997,0,0,0,0,-0.0465501994,0.24255845,0.00241655181,2.9597373,-0.230139822,-0.0896503702,9.79349136,0.00105248217,-0.000560861954,0.00241655181,2.96093655,-0.000254631042,1
2177,22.379984,0,0,0,0,-0.0577049069,0.234868959,0.00241655181,2.9597373,-0.220559746,-0.0992304534,9.81504631,-1.27822468e-05,-0.000560861954,0.00241655181,2.96093655,-0.000254631042,1
2178,22.390005,0,0,0,0,-0.0498256274,0.211503461,0.000286022841,2.9597373,-0.199004561,-0.0872553512,9.8270216,-0.00107804674,0.000504402502,0.000286022841,2.96093655,-0.000254631042,1
2179,22.399979,0,0,0,0,-0.0585942529,0.217890009,0.000286022841,2.96071386,-0.203794599,-0.0968354344,9.79588604,-0.00107804674,-0.00162612647,0.000286022841,2.96093655,-0.000254631042,1
2180,22.409980,0,0,0,0,-0.0821800604,0.207712322,-0.00184450613,2.9597373,-0.189424485,-0.118390612,9.79109669,-1.27822468e-05,0.00263493136,-0.00184450613,2.96093655,-0.000254631042,1
2181,22.419966,0,0,0,0,-0.0483900048,0.179582193,0.00348181627,2.9597373,-0.167869315,-0.0800702944,9.79588604,-1.27822468e-05,0.00263493136,0.00348181627,2.96093655,-0.000254631042,1
2182,22.429979,0,0,0,0,-0.0401500687,0.238864392,0.00241655181,2.96071386,-0.227744803,-0.0824653134,9.75517082,-1.27822468e-05,-0.00162612647,0.00241655181,2.96093655,-0.000254631042,1
2183,22.439966,0,0,0,0,-0.0643383339,0.23852393,0.00348181627,2.9597373,-0.222954765,-0.10641551,9.82462692,-1.27822468e-05,-0.000560861954,0.00348181627,2.96093655,-0.000254631042,1
2184,22.450007,0,0,0,0,-0.0192574002,0.179095447,0.00348181627,2.9597373,-0.172659352,-0.0513300598,9.66895008,-0.00107804674,-0.000560861954,0.00348181627,2.96093655,-0.000254631042,1
2185,22.459982,0,0,0,0,-0.0914123803,0.197234139,0.00135128724,2.9597373,-0.17744939,-0.125575662,9.81744194,-0.00107804674,-0.00162612647,0.00135128724,2.96093655,-0.000254631042,1
2186,22.469967,0,0,0,0,-0.0588145852,0.215591595,0.00135128724,2.9597373,-0.20139958,-0.0968354344,9.85576153,-1.27822468e-05,-0.00162612647,0.00135128724,2.96093655,-0.000254631042,1
2187,22.479987,0,0,0,0,-0.0596272796,0.237657622,0.00241655181,2.9597373,-0.222954765,-0.101625472,9.76954079,0.00211774674,-0.000560861954,0.00241655181,2.96093655,-0.000254631042,1
2188,22.489962,0,0,0,0,-0.0697259083,0.222468406,0.00241655181,2.9597373,-0.206189632,-0.108810529,9.78151608,-0.00214331108,0.000504402502,0.00241655181,2.96093655,-0.000254631042,1
2189,22.499986,0,0,0,0,-0.048769556,0.204003736,0.00241655181,2.9597373,-0.191819504,-0.0848603323,9.80786133,0.00105248217,-0.00162612647,0.00241655181,2.96093655,-0.000254631042,1
2190,22.509961,0,0,0,0,-0.0380279496,0.209341377,0.00348181627,2.9596417,-0.199004561,-0.0752802566,9.78870106,0.00105248217,0.00370019581,0.00348181627,2.96093655,-0.000254631042,1
2191,22.519997,0,0,0,0,-0.0201832578,0.240151271,0.00241655181,2.9596417,-0.232534841,-0.0633051544,9.78151608,-0.00107804674,-0.00162612647,0.00241655181,2.96093655,-0.000254631042,1
2192,22.530008,0,0,0,0,-0.0416493788,0.229481384,0.00135128724,2.9597373,-0.218164727,-0.0824653134,9.80067635,-1.27822468e-05,-0.00162612647,0.00135128724,2.96093655,-0.000254631042,1
2193,22.539984,0,0,0,0,-0.0421361253,0.200348765,0.00241655181,2.9597373,-0.189424485,-0.0776752755,9.82941628,-1.27822468e-05,0.0015696669,0.00241655181,2.96093655,-0.000254631042,1
2194,22.550005,0,0,0,0,-0.102904491,0.228441969,0.00241655181,2.96061826,-0.206189632,-0.142340809,9.81504631,-1.27822468e-05,-0.000560861954,0.00241655181,2.96093655,-0.000254631042,1
2195,22.559979,0,0,0,0,-0.0242160838,0.257939786,0.00348181627,2.9596417,-0.249299973,-0.0704902187,9.78870106,0.00105248217,-0.000560861954,0.00348181627,2.96093655,-0.000254631042,1
2196,22.569977,0,0,0,0,-0.086701341,0.196367845,0.00454708049,2.9597373,-0.17744939,-0.120785631,9.83660221,-0.00107804674,-0.000560861954,0.00454708049,2.96093655,-0.000254631042,1
2197,22.579984,0,0,0,0,-0.0671270117,0.236601546,0.00348181627,2.9597373,-0.220559746,-0.108810529,9.79109669,-1.27822468e-05,0.000504402502,0.00348181627,2.96093655,-0.000254631042,1
2198,22.589982,0,0,0,0,-0.0773930326,0.233630538,0.000286022841,2.9596417,-0.232534841,-0.0968354344,9.77433109,0.00105248217,0.0015696669,0.000286022841,2.96093655,-0.000254631042,1
2199,22.599978,0,0,0,0,-0.0634487271,0.243241072,0.00241655181,2.9596417,-0.203794599,-0.0657001734,9.76475143,-1.27822468e-05,0.00263493136,0.00135128724,2.96093655,-0.000254631042,1
2200,22.609986,0,0,0,0,-0.0414596051,0.217270598,0.00135128724,2.9597373,-0.17744939,-0.0776752755,9.79588604,0.00105248217,-0.000560861954,0.00241655181,2.96093655,-0.000254631042,1
2201,22.619983,0,0,0,0,-0.0382165462,0.221552178,0.00135128724,2.9596417,-0.215769708,-0.108810529,9.77672672,-1.27822468e-05,0.0015696669,0.00135128724,2.96093655,-0.000254631042,1
2202,22.629980,0,0,0,0,-0.062016163,0.21131964,0.000286022841,2.9596417,-0.167869315,-0.108810529,9.80307102,-0.00320857554,-0.000560861954,0.000286022841,2.96093655,-0.000254631042,1
2203,22.639976,0,0,0,0,-0.0523494482,0.224152431,0.00135128724,2.9596417,-0.20139958,-0.0776752755,9.74319553,-0.00107804674,-0.000560861954,0.000286022841,2.96093655,-0.000254631042,1
2204,22.660005,0,0,0,0,-0.0581157804,0.232519016,0.00135128724,2.9596417,-0.199004561,-0.0297748819,9.80786133,-1.27822468e-05,-0.000560861954,0.00135128724,2.96093655,-0.000254631042,1
2205,22.669979,0,0,0,0,-0.0330160372,0.249817982,0.00241655181,2.9596417,-0.239719898,-0.0776752755,9.81265163,0.00211774674,-0.00162612647,0.00241655181,2.96093655,-0.000254631042,1
2206,22.679978,0,0,0,0,-0.0613380075,0.228241414,0.000286022841,2.9596417,-0.213374689,-0.101625472,9.82462692,-1.27822468e-05,0.000504402502,-0.000779241615,2.96093655,-0.000254631042,1
2207,22.689964,0,0,0,0,-0.0682158619,0.217330739,0.00241655181,2.9596417,-0.20139958,-0.10641551,9.71206093,-0.00320857554,0.000504402502,0.00241655181,2.96093655,-0.000254631042,1
2208,22.699985,0,0,0,0,-0.0623933673,0.235741243,0.000286022841,2.9596417,-0.220559746,-0.104020491,9.84378719,-1.27822468e-05,-0.00162612647,0.000286022841,2.96093655,-0.000254631042,1
2209,22.709980,0,0,0,0,-0.0847042501,0.220364377,0.00241655181,2.9596417,-0.20139958,-0.12318065,9.75756645,0.00105248217,-0.000560861954,0.00241655181,2.96093655,-0.000254631042,1
2210,22.719977,0,0,0,0,-0.0414387845,0.217274591,0.000286022841,2.9596417,-0.206189632,-0.0800702944,9.80786133,-1.27822468e-05,0.000504402502,0.000286022841,2.96093655,-0.000254631042,1
2211,22.729986,0,0,0,0,-0.0581380576,0.232513428,0.00348181627,2.9597373,-0.218164727,-0.0992304534,9.79349136,-1.27822468e-05,0.00263493136,0.00348181627,2.96093655,-0.000254631042,1
2212,22.739985,0,0,0,0,-0.023461666,0.209096596,0.00135128724,2.9596417,-0.20139958,-0.0609101392,9.73361588,-1.27822468e-05,-0.00375665538,0.00135128724,2.96093655,-0.000254631042,1
2213,22.749959,0,0,0,0,-0.0730592757,0.25718537,0.000286022841,2.9596417,-0.239719898,-0.118390612,9.78391171,-1.27822468e-05,-0.000560861954,0.000286022841,2.96093655,-0.000254631042,1
2214,22.759998,0,0,0,0,-0.0480718575,0.220930204,0.00241655181,2.9596417,-0.208584651,-0.0872553512,9.7791214,-1.27822468e-05,-0.00162612647,0.00241655181,2.96093655,-0.000254631042,1
2215,22.769984,0,0,0,0,-0.030283343,0.224963024,0.000286022841,2.9596417,-0.215769708,-0.0704902187,9.79349136,-1.27822468e-05,0.0015696669,0.000286022841,2.96093655,-0.000254631042,1
2216,22.780003,0,0,0,0,-0.0307728816,0.195830449,0.00135128724,2.9596417,-0.187029466,-0.0657001734,9.76954079,-1.27822468e-05,-0.000560861954,0.00135128724,2.96093655,-0.000254631042,1
2217,22.789977,0,0,0,0,-0.0356724635,0.208907992,0.00241655181,2.9596417,-0.199004561,-0.0728852376,9.75996113,-0.00214331108,0.0015696669,0.00241655181,2.96093655,-0.000254631042,1
2218,22.800003,0,0,0,0,-0.0622609295,0.196753368,0.00135128724,2.9596417,-0.182239428,-0.0968354344,9.7623558,-0.00214331108,-0.000560861954,0.00135128724,2.96093655,-0.000254631042,1
2219,22.809977,0,0,0,0,-0.0527828224,0.221796945,0.00241655181,2.9596417,-0.208584651,-0.0920453891,9.76714611,-1.27822468e-05,0.000504402502,0.00241655181,2.96093655,-0.000254631042,1
2220,22.819977,0,0,0,0,-0.0284173992,0.195397079,0.00348181627,2.9596417,-0.187029466,-0.0633051544,9.82462692,0.00211774674,-0.00162612647,0.00348181627,2.96093655,-0.000254631042,1
2221,22.829964,0,0,0,0,-0.088604629,0.199165016,0.000286022841,2.9596417,-0.179844409,-0.12318065,9.75996113,-1.27822468e-05,-0.000560861954,0.000286022841,2.96093655,-0.000254631042,1
2222,22.839987,0,0,0,0,-0.0663499162,0.187764809,0.000286022841,2.9596417,-0.172659352,-0.0992304534,9.78391171,-1.27822468e-05,-0.00162612647,0.000286022841,2.96093655,-0.000254631042,1
2223,22.849961,0,0,0,0,-0.0427389145,0.210208118,0.00348181627,2.9596417,-0.199004561,-0.0800702944,9.79349136,0.00105248217,-0.000560861954,0.00348181627,2.96093655,-0.000254631042,1
2224,22.859988,0,0,0,0,-0.0446384512,0.22751978,0.00348181627,2.96061826,-0.215769708,-0.0848603323,9.83899689,0.00211774674,0.000504402502,0.00348181627,2.96093655,-0.000254631042,1
2225,22.869983,0,0,0,0,-0.0900933594,0.204309359,0.00135128724,2.9596417,-0.184634447,-0.125575662,9.74559116,-0.00214331108,0.0015696669,0.00135128724,2.96093655,-0.000254631042,1
2226,22.879959,0,0,0,0,-0.022105366,0.242940128,0.000286022841,2.9596417,-0.23492986,-0.0657001734,9.75277615,0.00105248217,-0.000560861954,0.000286022841,2.96093655,-0.000254631042,1
2227,22.890006,0,0,0,0,-0.0604712591,0.232952386,0.000286022841,2.9596417,-0.218164727,-0.101625472,9.81025696,-0.00214331108,0.000504402502,0.000286022841,2.96093655,-0.000254631042,1
2228,22.899982,0,0,0,0,-0.0776377916,0.219064236,-0.000779241615,2.9596417,-0.20139958,-0.115995586,9.74798584,-0.00107804674,0.000504402502,-0.000779241615,2.96093655,-0.000254631042,1
2229,22.909982,0,0,0,0,-0.0410054065,0.219630077,0.00241655181,2.9596417,-0.208584651,-0.0800702944,9.72882557,0.00105248217,-0.000560861954,0.00241655181,2.96093655,-0.000254631042,1
2230,22.919968,0,0,0,0,-0.0529714376,0.234007746,0.00241655181,2.9596417,-0.220559746,-0.0944404155,9.80307102,-1.27822468e-05,0.000504402502,0.00241655181,2.96093655,-0.000254631042,1
2231,22.929977,0,0,0,0,-0.0442838073,0.188575402,0.00348181627,2.9596417,-0.17744939,-0.0776752755,9.78391171,-1.27822468e-05,0.000504402502,0.00348181627,2.96093655,-0.000254631042,1
2232,22.939984,0,0,0,0,-0.0648050159,0.209397539,0.00348181627,2.9596417,-0.194214523,-0.101625472,9.79828167,-1.27822468e-05,0.00263493136,0.00348181627,2.96093655,-0.000254631042,1
2233,22.949959,0,0,0,0,-0.045415435,0.261840165,0.000286022841,2.9596417,-0.249299973,-0.0920453891,9.80546665,-1.27822468e-05,-0.00375665538,0.000286022841,2.96093655,-0.000254631042,1
2234,22.959983,0,0,0,0,-0.0432284549,0.181075573,-0.00184450613,2.9596417,-0.170264333,-0.0752802566,9.79349136,-1.27822468e-05,-0.000560861954,-0.00184450613,2.96093655,-0.000254631042,1
2235,22.969960,0,0,0,0,-0.015151252,0.188085854,0.00454708049,2.9596417,-0.182239428,-0.0489350408,9.81744194,0.00211774674,-0.00162612647,0.00454708049,2.96093655,-0.000254631042,1
2236,22.979978,0,0,0,0,-0.0235941075,0.248084471,0.00454708049,2.9596417,-0.239719898,-0.0680951998,9.81025696,-0.00107804674,0.000504402502,0.00454708049,2.96093655,-0.000254631042,1
2237,22.989963,0,0,0,0,-0.0570604205,0.225019187,0.00348181627,2.9596417,-0.21097967,-0.0968354344,9.79828167,-1.27822468e-05,0.00370019581,0.00348181627,2.96093655,-0.000254631042,1
2238,22.999983,0,0,0,0,-0.0493158177,0.240640819,0.000286022841,2.9596417,-0.227744803,-0.0920453891,9.77433109,0.00105248217,-0.000560861954,0.000286022841,2.96093655,-0.000254631042,1
2239,23.009999,0,0,0,0,-0.0414387845,0.217274591,0.00241655181,2.9596417,-0.206189632,-0.0800702944,9.80307102,0.00105248217,-0.000560861954,0.00241655181,2.96093655,-0.000254631042,1
2240,23.019985,0,0,0,0,-0.0836488903,0.212864548,0.000286022841,2.9596417,-0.194214523,-0.120785631,9.76954079,-0.00214331108,0.0015696669,0.000286022841,2.96093655,-0.000254631042,1
2241,23.030000,0,0,0,0,-0.0596606769,0.21088627,0.00241655181,2.9596417,-0.196609542,-0.0968354344,9.7623558,-0.00214331108,0.000504402502,0.00241655181,2.96093655,-0.000254631042,1
2242,23.039986,0,0,0,0,-0.0703265741,0.232330412,0.00241655181,2.9596417,-0.215769708,-0.111205548,9.79349136,0.00211774674,0.0015696669,0.00241655181,2.96093655,-0.000254631042,1
2243,23.050003,0,0,0,0,-0.115514137,0.238209069,0.00348181627,2.9596417,-0.199004561,-0.0728852376,9.74559116,-0.00107804674,0.0015696669,0.00348181627,2.96093655,-0.000254631042,1
2244,23.059978,0,0,0,0,-0.0118728485,0.21914053,0.00348181627,2.9596417,-0.194214523,-0.0824653134,9.77433109,-0.00107804674,-0.00375665538,0.00348181627,2.96093655,-0.000254631042,1
2245,23.069984,0,0,0,0,-0.0131168114,0.238851145,0.00135128724,2.9596417,-0.220559746,-0.12318065,9.73361588,0.00105248217,-0.00162612647,0.00241655181,2.96093655,-0.000254631042,1
2246,23.079959,0,0,0,0,-0.017471198,0.215294629,0.00241655181,2.9597373,-0.232534841,-0.0896503702,9.81265163,-0.00107804674,0.00263493136,0.00241655181,2.96093655,-0.000254631042,1
2247,23.089966,0,0,0,0,-0.0189392995,0.220440656,0.00348181627,2.9596417,-0.199004561,-0.0465400182,9.81504631,0.00105248217,-0.00162612647,0.00241655181,2.96093655,-0.000254631042,1
2248,23.099962,0,0,0,0,-0.0801818818,0.231708422,0.00135128724,2.9596417,-0.225349784,-0.0800702944,9.75756645,-1.27822468e-05,-0.00375665538,0.00135128724,2.96093655,-0.000254631042,1
2249,23.109960,0,0,0,0,-0.0351829156,0.238040566,0.000286022841,2.9596417,-0.218164727,-0.0465400182,9.79109669,-0.00107804674,0.0015696669,0.000286022841,2.96093655,-0.000254631042,1
2250,23.119957,0,0,0,0,-0.0417029783,0.202704296,0.00135128724,2.9597373,-0.191819504,-0.0776752755,9.75038147,-0.00107804674,0.0015696669,0.00135128724,2.96093655,-0.000254631042,1
2251,23.129966,0,0,0,0,0.00738350349,0.218029708,0.00135128724,2.9597373,-0.215769708,-0.0321699008,9.79828167,-1.27822468e-05,0.000504402502,0.00135128724,2.96093655,-0.000254631042,1
2252,23.139962,0,0,0,0,-0.045415435,0.261840165,0.00135128724,2.9596417,-0.249299973,-0.0920453891,9.75038147,-0.00107804674,-0.000560861954,0.00241655181,2.96093655,-0.000254631042,1
2253,23.149960,0,0,0,0,-0.0713819191,0.239830226,0.000286022841,2.9596417,-0.222954765,-0.113600567,9.79349136,-0.00214331108,0.0015696669,0.000286022841,2.96093655,-0.000254631042,1
2254,23.159957,0,0,0,0,-0.0804266632,0.217142135,0.00241655181,2.9596417,-0.199004561,-0.118390612,9.81025696,-1.27822468e-05,0.0015696669,0.00241655181,2.96093655,-0.000254631042,1
2255,23.180006,0,0,0,0,-0.0443844497,0.254336089,0.000286022841,2.9597373,-0.242114916,-0.0896503702,9.75038147,0.00105248217,0.0015696669,0.000286022841,2.96093655,-0.000254631042,1
2256,23.189981,0,0,0,0,-0.0651510358,0.260589957,0.00348181627,2.9597373,-0.244509935,-0.111205548,9.81744194,-1.27822468e-05,0.000504402502,0.00348181627,2.96093655,-0.000254631042,1
2257,23.200002,0,0,0,0,-0.0619599931,0.238096729,0.00348181627,2.9596417,-0.222954765,-0.104020491,9.81744194,-0.00427384023,0.000504402502,0.00348181627,2.96093655,-0.000254631042,1
2258,23.210092,0,0,0,0,-0.0279493816,0.224526957,0.000286022841,2.9597373,-0.215769708,-0.0680951998,9.78630638,0.00211774674,0.0015696669,0.000286022841,2.96093655,-0.000254631042,1
2259,23.219986,0,0,0,0,-0.0513684526,0.189870596,0.00241655181,2.9597373,-0.17744939,-0.0848603323,9.80786133,0.00211774674,0.000504402502,0.00241655181,2.96093655,-0.000254631042,1
2260,23.229988,0,0,0,0,-0.0804474652,0.217134416,0.00348181627,2.9597373,-0.199004561,-0.118390612,9.81265163,-1.27822468e-05,-0.00162612647,0.00348181627,2.96093655,-0.000254631042,1
2261,23.239962,0,0,0,0,-0.0877574161,0.20386757,0.00135128724,2.9597373,-0.184634447,-0.12318065,9.73361588,-0.00107804674,0.0015696669,0.00135128724,2.96093655,-0.000254631042,1
2262,23.249985,0,0,0,0,-0.068533659,0.175980821,0.00348181627,2.9597373,-0.160684258,-0.0992304534,9.82223129,-1.27822468e-05,-0.000560861954,0.00348181627,2.96093655,-0.000254631042,1
2263,23.259960,0,0,0,0,-0.00929494947,0.233272523,0.00241655181,2.9597373,-0.227744803,-0.0513300598,9.79828167,0.00105248217,0.000504402502,0.00241655181,2.96093655,-0.000254631042,1
2264,23.269981,0,0,0,0,-0.0532372296,0.219436347,0.00241655181,2.9597373,-0.206189632,-0.0920453891,9.76714611,-0.00107804674,0.000504402502,0.00241655181,2.96093655,-0.000254631042,1
2265,23.279966,0,0,0,0,-0.0627129376,0.194391862,0.00454708049,2.9597373,-0.179844409,-0.0968354344,9.81744194,-0.00107804674,0.00263493136,0.00454708049,2.96093655,-0.000254631042,1
2266,23.289978,0,0,0,0,-0.0674239844,0.19525817,0.00135128724,2.9597373,-0.179844409,-0.101625472,9.82223129,-0.00214331108,0.0015696669,0.00135128724,2.96093655,-0.000254631042,1
2267,23.299963,0,0,0,0,-0.0258372258,0.209527493,0.000286022841,2.9597373,-0.20139958,-0.0633051544,9.80307102,0.00105248217,0.0015696669,0.000286022841,2.96093655,-0.000254631042,1
2268,23.309980,0,0,0,0,-0.0319839008,0.242315069,0.00135128724,2.9597373,-0.232534841,-0.0752802566,9.80067635,-1.27822468e-05,-0.000560861954,0.00135128724,2.96093655,-0.000254631042,1
2269,23.320003,0,0,0,0,-0.0478496477,0.235491872,0.00454708049,2.9597373,-0.222954765,-0.0896503702,9.76714611,-0.00214331108,0.000504402502,0.00454708049,2.96093655,-0.000254631042,1
2270,23.329977,0,0,0,0,-0.0173350256,0.176306769,0.000286022841,2.9597373,-0.170264333,-0.0489350408,9.79349136,-0.00107804674,0.000504402502,0.000286022841,2.96093655,-0.000254631042,1
2271,23.339985,0,0,0,0,-0.052099403,0.265485793,-0.000779241615,2.95983315,-0.251695007,-0.0992304534,9.77433109,-1.27822468e-05,0.000504402502,-0.000779241615,2.96093655,-0.000254631042,1
2272,23.349985,0,0,0,0,-0.0476062819,0.250058174,0.00241655181,2.9597373,-0.237324879,-0.0920453891,9.83660221,-1.27822468e-05,-0.000560861954,0.00241655181,2.96093655,-0.000254631042,1
2273,23.359987,0,0,0,0,-0.066937238,0.224390775,0.00241655181,2.9597373,-0.208584651,-0.10641551,9.8270216,-0.00107804674,0.0015696669,0.00241655181,2.96093655,-0.000254631042,1
2274,23.369962,0,0,0,0,-0.0486938357,0.230785504,0.00241655181,2.9596417,-0.218164727,-0.0896503702,9.73840618,-1.27822468e-05,0.0015696669,0.00241655181,2.96093655,-0.000254631042,1
2275,23.380002,0,0,0,0,-0.0551596098,0.222225025,0.00241655181,2.9597373,-0.208584651,-0.0944404155,9.79349136,0.00105248217,0.000504402502,0.00241655181,2.96093655,-0.000254631042,1
2276,23.389987,0,0,0,0,-0.0231847316,0.250437737,0.000286022841,2.9597373,-0.242114916,-0.0680951998,9.82462692,-1.27822468e-05,-0.000560861954,0.000286022841,2.96093655,-0.000254631042,1
2277,23.400003,0,0,0,0,-0.0512612611,0.243424743,0.00454708049,2.9597373,-0.230139822,-0.0944404155,9.79828167,-0.00214331108,-0.000560861954,0.00454708049,2.96093655,-0.000254631042,1
2278,23.409978,0,0,0,0,-0.0369383246,0.228615075,-0.000779241615,2.9597373,-0.218164727,-0.0776752755,9.74319553,-0.00107804674,-0.00162612647,-0.000779241615,2.96093655,-0.000254631042,1
2279,23.420000,0,0,0,0,-0.0852121115,0.191223651,0.00135128724,2.9597373,-0.172659352,-0.118390612,9.74798584,-0.00107804674,-0.000560861954,0.00135128724,2.96093655,-0.000254631042,1
2280,23.429986,0,0,0,0,-0.0593013316,0.18645899,-0.000779241615,2.9597373,-0.172659352,-0.0920453891,9.74559116,-0.00107804674,-0.00162612647,-0.000779241615,2.96093655,-0.000254631042,1
2281,23.440005,0,0,0,0,-0.0398342051,0.173138544,0.000286022841,2.9597373,-0.163079277,-0.0704902187,9.76954079,0.00105248217,-0.000560861954,0.000286022841,2.96093655,-0.000254631042,1
2282,23.449980,0,0,0,0,-0.0573253632,0.210447386,0.000286022841,2.9597373,-0.196609542,-0.0944404155,9.81744194,0.00105248217,-0.00162612647,0.000286022841,2.96093655,-0.000254631042,1
2283,23.459980,0,0,0,0,-0.0768460855,0.196990773,0.000286022841,2.9597373,-0.179844409,-0.111205548,9.81025696,-1.27822468e-05,-0.000560861954,0.000286022841,2.96093655,-0.000254631042,1
2284,23.469981,0,0,0,0,-0.0754930303,0.230834424,0.00241655181,2.9597373,-0.213374689,-0.115995586,9.78391171,-0.00320857554,0.00263493136,0.00241655181,2.96093655,-0.000254631042,1
2285,23.479967,0,0,0,0,-0.0482827984,0.233136356,0.00135128724,2.9597373,-0.220559746,-0.0896503702,9.75038147,-0.00107804674,0.000504402502,0.00135128724,2.96093655,-0.000254631042,1
2286,23.489987,0,0,0,0,-0.0872483328,0.233008549,0.00241655181,2.9596417,-0.213374689,-0.127970681,9.8270216,-1.27822468e-05,0.00263493136,0.00241655181,2.96093655,-0.000254631042,1
2287,23.499961,0,0,0,0,-0.0539505146,0.175742626,0.000286022841,2.9596417,-0.242114916,-0.1303657,9.78151608,-0.00214331108,-0.000560861954,0.000286022841,2.96093655,-0.000254631042,1
2288,23.510004,0,0,0,0,-0.0217281617,0.218518555,-0.000779241615,2.9596417,-0.230139822,-0.104020491,9.84378719,-0.00320857554,0.0015696669,0.00135128724,2.96093655,-0.000254631042,1
2289,23.519978,0,0,0,0,-0.0575499572,0.195886612,0.00348181627,2.9596417,-0.182239428,-0.108810529,9.8318119,-0.00107804674,0.000504402502,0.00241655181,2.96093655,-0.000254631042,1
2290,23.530008,0,0,0,0,-0.0322616249,0.200974792,0.00348181627,2.9596417,-0.17744939,-0.113600567,9.8318119,0.00105248217,-0.000560861954,0.00241655181,2.96093655,-0.000254631042,1
2291,23.540016,0,0,0,0,-0.0344285034,0.189197376,0.00241655181,2.9596417,-0.222954765,-0.0776752755,9.81265163,0.00105248217,0.0015696669,0.00241655181,2.96093655,-0.000254631042,1
2292,23.549981,0,0,0,0,-0.0438504331,0.190930888,0.00241655181,2.9596417,-0.208584651,-0.113600567,9.82941628,0.00105248217,0.0015696669,0.00348181627,2.96093655,-0.000254631042,1
2293,23.559968,0,0,0,0,-0.0356162898,0.23568508,0.000286022841,2.9596417,-0.225349784,-0.0752802566,9.7623558,-0.00107804674,0.00263493136,0.00135128724,2.96093655,-0.000254631042,1
2294,23.569998,0,0,0,0,-0.0365392119,0.204197034,0.00348181627,2.9596417,-0.222954765,-0.10641551,9.77193642,-0.00107804674,-0.00162612647,0.000286022841,2.96093655,-0.000254631042,1
2295,23.579984,0,0,0,0,-0.039271906,0.229052007,-0.000779241615,2.9596417,-0.218164727,-0.0800702944,9.76475143,-1.27822468e-05,-0.00162612647,0.00241655181,2.96093655,-0.000254631042,1
2296,23.590001,0,0,0,0,-0.042983681,0.195641845,0.00348181627,2.9596417,-0.184634447,-0.0776752755,9.81983662,-1.27822468e-05,0.0015696669,0.00348181627,2.96093655,-0.000254631042,1
2297,23.599978,0,0,0,0,-0.0600378811,0.235307872,0.000286022841,2.9596417,-0.220559746,-0.101625472,9.8318119,-0.00107804674,-0.000560861954,0.000286022841,2.96093655,-0.000254631042,1
2298,23.609965,0,0,0,0,-9.54285933e-05,0.216973647,0.00135128724,2.9596417,-0.213374689,-0.0393549614,9.78151608,0.00105248217,0.000504402502,0.00135128724,2.96093655,-0.000254631042,1
2299,23.619962,0,0,0,0,-0.0384275541,0.233759269,0.00348181627,2.9597373,-0.222954765,-0.0800702944,9.77193642,0.00105248217,0.00263493136,0.00348181627,2.96093655,-0.000254631042,1
2300,23.629960,0,0,0,0,-0.0398938879,0.238907307,0.00241655181,2.9596417,-0.227744803,-0.0824653134,9.81983662,0.00105248217,-0.000560861954,0.00241655181,2.96093655,-0.000254631042,1
2301,23.639957,0,0,0,0,-0.0273058731,0.214674339,0.00241655181,2.9596417,-0.206189632,-0.0657001734,9.84378719,-1.27822468e-05,-0.00162612647,0.00241655181,2.96093655,-0.000254631042,1
2302,23.649964,0,0,0,0,-0.0338827893,0.24510701,0.000286022841,2.9596417,-0.23492986,-0.0776752755,9.7144556,-0.00107804674,0.000504402502,0.000286022841,2.96093655,-0.000254631042,1
2303,23.659961,0,0,0,0,-0.0382377729,0.221548498,0.00135128724,2.9597373,-0.21097967,-0.0776752755,9.7312212,-0.00320857554,0.0015696669,0.00135128724,2.96093655,-0.000254631042,1
2304,23.669958,0,0,0,0,-0.0602826588,0.2207416,0.000286022841,2.9596417,-0.206189632,-0.0992304534,9.84857655,-1.27822468e-05,0.00263493136,0.000286022841,2.96093655,-0.000254631042,1
2305,23.679966,0,0,0,0,-0.0251389947,0.226451755,0.000286022841,2.9596417,-0.218164727,-0.0657001734,9.74080086,-0.00107804674,-0.000560861954,0.000286022841,2.96093655,-0.000254631042,1
2306,23.699986,0,0,0,0,-0.0240836404,0.218951926,0.00135128724,2.9596417,-0.21097967,-0.0633051544,9.78151608,-0.00107804674,0.000504402502,0.00135128724,2.96093655,-0.000254631042,1
2307,23.709960,0,0,0,0,-0.0199384876,0.254717559,0.000286022841,2.9596417,-0.246904954,-0.0657001734,9.80786133,-0.00107804674,-0.000560861954,0.000286022841,2.96093655,-0.000254631042,1
2308,23.719987,0,0,0,0,-0.0515582263,0.202081367,0.00135128724,2.9597373,-0.189424485,-0.0872553512,9.79588604,-0.00214331108,0.0015696669,0.00135128724,2.96093655,-0.000254631042,1
2309,23.729961,0,0,0,0,-0.0593839064,0.252223939,0.00241655181,2.9597373,-0.237324879,-0.104020491,9.78391171,-0.00320857554,-0.00162612647,0.00241655181,2.96093655,-0.000254631042,1
2310,23.739980,0,0,0,0,-0.0152836898,0.227073729,0.00348181627,2.9596417,-0.220559746,-0.0561200976,9.78391171,-0.00214331108,0.000504402502,0.00348181627,2.96093655,-0.000254631042,1
2311,23.749967,0,0,0,0,-0.0357811376,0.247899294,0.00135128724,2.95954561,-0.237324879,-0.0800702944,9.79109669,-0.00320857554,-0.000560861954,0.00135128724,2.96093655,-0.000254631042,1
2312,23.760004,0,0,0,0,-0.0457163714,0.220496818,-0.00184450613,2.9596417,-0.208584651,-0.0848603323,9.76475143,-1.27822468e-05,0.000504402502,-0.00184450613,2.96093655,-0.000254631042,1
2313,23.769979,0,0,0,0,-0.0250424948,0.187459067,0.00241655181,2.95983315,-0.179844409,-0.0585151166,9.76954079,-0.00214331108,0.000504402502,0.00241655181,2.96093655,-0.000254631042,1
2314,23.779984,0,0,0,0,-0.0341496505,0.230537459,0.00241655181,2.9597373,-0.220559746,-0.0752802566,9.80307102,0.00105248217,0.00370019581,0.00241655181,2.96093655,-0.000254631042,1
2315,23.789959,0,0,0,0,-0.0908822492,0.226384193,0.00348181627,2.95954561,-0.206189632,-0.1303657,9.74080086,0.00105248217,-0.00162612647,0.00348181627,2.96093655,-0.000254631042,1
2316,23.800007,0,0,0,0,-0.0550821498,0.249007389,0.000286022841,2.9596417,-0.23492986,-0.0992304534,9.73840618,-1.27822468e-05,-0.000560861954,0.000286022841,2.96093655,-0.000254631042,1
2317,23.809982,0,0,0,0,-0.0764701068,0.265118569,0.00241655181,2.9596417,-0.246904954,-0.12318065,9.79109669,0.00211774674,0.00583072472,0.00241655181,2.96093655,-0.000254631042,1
2318,23.819999,0,0,0,0,-0.0759604573,0.201709107,0.00135128724,2.9596417,-0.184634447,-0.111205548,9.8318119,-0.00214331108,-0.00162612647,0.00135128724,2.96093655,-0.000254631042,1
2319,23.829985,0,0,0,0,-0.0490710586,0.255207092,0.000286022841,2.9596417,-0.242114916,-0.0944404155,9.75756645,-0.00107804674,0.000504402502,0.000286022841,2.96093655,-0.000254631042,1
2320,23.840007,0,0,0,0,-0.0675377101,0.234252512,0.00454708049,2.9596417,-0.218164727,-0.108810529,9.81504631,-1.27822468e-05,0.0015696669,0.00454708049,2.96093655,-0.000254631042,1
2321,23.849981,0,0,0,0,-0.0698707029,0.234692588,0.00348181627,2.95954561,-0.218164727,-0.111205548,9.8270216,-0.00107804674,-0.000560861954,0.00348181627,2.96093655,-0.000254631042,1
2322,23.859986,0,0,0,0,-0.0809723586,0.161232501,0.00135128724,2.9596417,-0.14391911,-0.108810529,9.81983662,-0.00107804674,-0.00269139092,0.00135128724,2.96093655,-0.000254631042,1
2323,23.869960,0,0,0,0,-0.0906822681,0.240933061,0.000286022841,2.9597373,-0.220559746,-0.132760733,9.79109669,0.00105248217,-0.00375665538,0.000286022841,2.96093655,-0.000254631042,1
2324,23.880006,0,0,0,0,-0.0641485527,0.226313159,0.00241655181,2.9597373,-0.21097967,-0.104020491,9.79828167,-1.27822468e-05,0.000504402502,0.00241655181,2.96093655,-0.000254631042,1
2325,23.889980,0,0,0,0,-0.0360273048,0.233333051,0.000286022841,2.95954561,-0.222954765,-0.0776752755,9.78630638,-1.27822468e-05,-0.00269139092,0.000286022841,2.96093655,-0.000254631042,1
2326,23.899982,0,0,0,0,-0.0706791729,0.256758749,-0.00184450613,2.95954561,-0.239719898,-0.115995586,9.76954079,0.00105248217,-0.00375665538,-0.00184450613,2.96093655,-0.000254631042,1
2327,23.909988,0,0,0,0,-0.0518016033,0.187515065,0.000286022841,2.9597373,-0.175054371,-0.0848603323,9.78391171,-1.27822468e-05,-0.000560861954,0.000286022841,2.96093655,-0.000254631042,1
2328,23.919962,0,0,0,0,-0.0740764737,0.198906049,0.00348181627,2.95983315,-0.182239428,-0.108810529,9.77193642,-0.00107804674,0.000504402502,0.00348181627,2.96093655,-0.000254631042,1
2329,23.929982,0,0,0,0,-0.0630153492,0.245596558,0.00454708049,2.9596417,-0.230139822,-0.10641551,9.87731743,-1.27822468e-05,0.000504402502,0.00454708049,2.96093655,-0.000254631042,1
2330,23.939957,0,0,0,0,-0.0993081257,0.193841591,0.000286022841,2.95954561,-0.206189632,-0.0848603323,9.74319553,-0.00107804674,0.00263493136,0.000286022841,2.96093655,-0.000254631042,1
2331,23.949986,0,0,0,0,-0.0338065103,0.238907307,0.00135128724,2.9596417,-0.227744803,-0.0824653134,9.80307102,-0.00107804674,0.000504402502,0.00135128724,2.96093655,-0.000254631042,1
2332,23.959960,0,0,0,0,-0.0462242588,0.191359818,0.00135128724,2.9597373,-0.189424485,-0.0992304534,9.79109669,0.00105248217,0.0015696669,0.00135128724,2.96093655,-0.000254631042,1
2333,23.969984,0,0,0,0,-0.0443018749,0.18857114,0.00135128724,2.9597373,-0.21097967,-0.0633051544,9.80307102,0.00211774674,0.0015696669,0.00135128724,2.96093655,-0.000254631042,1
2334,23.979959,0,0,0,0,0.0227625053,0.195720285,0.00135128724,2.9597373,-0.237324879,-0.0824653134,9.7312212,-0.00107804674,0.00370019581,0.000286022841,2.96093655,-0.000254631042,1
2335,23.989985,0,0,0,0,-0.0635811538,0.282228947,0.00241655181,2.9596417,-0.21097967,-0.132760733,9.81744194,-1.27822468e-05,0.00263493136,0.00135128724,2.96093655,-0.000254631042,1
2336,24.000086,0,0,0,0,-0.056871824,0.212808385,0.000286022841,2.9596417,-0.172659352,-0.0752802566,9.76954079,0.00105248217,-0.000560861954,-0.000779241615,2.96093655,-0.000254631042,1
2337,24.009960,0,0,0,0,-0.0465269573,0.24256292,0.000286022841,2.9596417,-0.230139822,-0.0896503702,9.81983662,0.00105248217,-0.00162612647,0.00241655181,2.96093655,-0.000254631042,1
2338,24.019987,0,0,0,0,-0.0339808054,0.218323424,0.00348181627,2.95983315,-0.249299973,-0.0896503702,9.71924591,-0.00107804674,0.000504402502,0.00348181627,2.96093655,-0.000254631042,1
2339,24.029961,0,0,0,0,-0.0399167798,0.238903478,0.00454708049,2.9597373,-0.227744803,-0.0824653134,9.76475143,-1.27822468e-05,-0.000560861954,0.00241655181,2.96093655,-0.000254631042,1
2340,24.039985,0,0,0,0,-0.0572850294,0.210458383,0.00135128724,2.95954561,-0.196609542,-0.0944404155,9.80067635,-0.00107804674,-0.00269139092,0.00135128724,2.96093655,-0.000254631042,1
2341,24.049960,0,0,0,0,-0.0962930694,0.210320458,0.00135128724,2.9596417,-0.189424485,-0.132760733,9.79109669,0.00211774674,-0.000560861954,0.00135128724,2.96093655,-0.000254631042,1
2342,24.060005,0,0,0,0,-0.0427054539,0.236981109,0.00135128724,2.9597373,-0.225349784,-0.0848603323,9.79588604,0.00105248217,-0.000560861954,0.00135128724,2.96093655,-0.000254631042,1
2343,24.069979,0,0,0,0,-0.0427590571,0.21020402,0.000286022841,2.9597373,-0.199004561,-0.0800702944,9.79588604,-0.00107804674,-0.00162612647,0.000286022841,2.96093655,-0.000254631042,1
2344,24.079982,0,0,0,0,-0.0798046738,0.20728682,0.000286022841,2.9596417,-0.189424485,-0.115995586,9.86055183,0.00105248217,-0.00269139092,0.000286022841,2.96093655,-0.000254631042,1
2345,24.090007,0,0,0,0,-0.0273058731,0.214674339,0.00135128724,2.9596417,-0.206189632,-0.0657001734,9.75756645,0.0031830112,-0.00269139092,0.00135128724,2.96093655,-0.000254631042,1
2346,24.099982,0,0,0,0,-0.0652582347,0.207035795,0.00135128724,2.9597373,-0.191819504,-0.101625472,9.76714611,-0.00107804674,0.000504402502,0.00135128724,2.96093655,-0.000254631042,1
2347,24.110004,0,0,0,0,-0.070402436,0.205546573,0.00135128724,2.9597373,-0.189424485,-0.10641551,9.81504631,-1.27822468e-05,0.000504402502,0.00135128724,2.96093655,-0.000254631042,1
2348,24.119978,0,0,0,0,-0.0508607142,0.219008088,0.00241655181,2.9596417,-0.206189632,-0.0896503702,9.8270216,0.0031830112,0.000504402502,0.00241655181,2.96093655,-0.000254631042,1
2349,24.130007,0,0,0,0,-0.0530474521,0.207225561,0.000286022841,2.9597373,-0.194214523,-0.0896503702,9.79588604,-0.00427384023,0.000504402502,0.000286022841,2.96093655,-0.000254631042,1
2350,24.139982,0,0,0,0,-0.0755270794,0.204064593,0.00241655181,2.9596417,-0.187029466,-0.111205548,9.75277615,-1.27822468e-05,0.0015696669,0.00241655181,2.96093655,-0.000254631042,1
2351,24.149978,0,0,0,0,-0.074923709,0.194202095,-0.00184450613,2.9597373,-0.17744939,-0.108810529,9.79109669,-1.27822468e-05,-0.000560861954,-0.00184450613,2.96093655,-0.000254631042,1
2352,24.159987,0,0,0,0,-0.0860248134,0.213289663,0.00348181627,2.9597373,-0.194214523,-0.12318065,9.80546665,-1.27822468e-05,-0.00162612647,0.00348181627,2.96093655,-0.000254631042,1
2353,24.169984,0,0,0,0,-0.0413826145,0.24405165,0.00135128724,2.9596417,-0.232534841,-0.0848603323,9.74080086,-1.27822468e-05,-0.00162612647,0.00135128724,2.96093655,-0.000254631042,1
2354,24.179981,0,0,0,0,-0.0355937034,0.235688493,0.000286022841,2.95954561,-0.225349784,-0.0776752755,9.77193642,-0.00320857554,-0.000560861954,0.000286022841,2.96093655,-0.000254631042,1
2355,24.189978,0,0,0,0,-0.0857814327,0.22785598,0.00241655181,2.9597373,-0.208584651,-0.125575662,9.78391171,0.00105248217,-0.000560861954,0.00241655181,2.96093655,-0.000254631042,1
2356,24.199986,0,0,0,0,-0.0372022241,0.214045197,0.00135128724,2.95983315,-0.203794599,-0.0752802566,9.86055183,-0.00107804674,-0.00269139092,0.00135128724,2.96093655,-0.000254631042,1
2357,24.209984,0,0,0,0,-0.0531600378,0.246218532,0.000286022841,2.9596417,-0.232534841,-0.0968354344,9.78630638,-0.00107804674,-0.000560861954,0.000286022841,2.96093655,-0.000254631042,1
2358,24.219981,0,0,0,0,-0.0525942184,0.209586143,0.00348181627,2.9596417,-0.196609542,-0.0896503702,9.74798584,0.00211774674,-0.00162612647,0.00348181627,2.96093655,-0.000254631042,1
2359,24.230005,0,0,0,0,-0.0472803302,0.198859543,-0.000779241615,2.9597373,-0.187029466,-0.0824653134,9.79828167,0.00105248217,0.000504402502,-0.000779241615,2.96093655,-0.000254631042,1
2360,24.239980,0,0,0,0,-0.0645817071,0.223957628,0.00135128724,2.9597373,-0.208584651,-0.104020491,9.8797121,-1.27822468e-05,0.00370019581,0.00135128724,2.96093655,-0.000254631042,1
2361,24.249984,0,0,0,0,-0.0566488355,0.227369234,0.00241655181,2.9597373,-0.213374689,-0.0968354344,9.89887238,-0.00214331108,0.0015696669,0.00241655181,2.96093655,-0.000254631042,1
2362,24.259978,0,0,0,0,-0.0627955124,0.26015681,0.000286022841,2.9597373,-0.244509935,-0.108810529,9.79349136,-0.00107804674,0.000504402502,0.000286022841,2.96093655,-0.000254631042,1
2363,24.269965,0,0,0,0,-0.0603038073,0.220735803,0.00241655181,2.9597373,-0.206189632,-0.0992304534,9.8318119,-1.27822468e-05,0.00263493136,0.00241655181,2.96093655,-0.000254631042,1
2364,24.279982,0,0,0,0,-0.0590043589,0.227802381,0.000286022841,2.9597373,-0.213374689,-0.0992304534,9.81983662,-1.27822468e-05,0.0015696669,0.000286022841,2.96093655,-0.000254631042,1
2365,24.289958,0,0,0,0,-0.058868181,0.188814521,0.00135128724,2.9597373,-0.175054371,-0.0920453891,9.79828167,0.00105248217,-0.00375665538,0.00135128724,2.96093655,-0.000254631042,1
2366,24.299997,0,0,0,0,-0.0691029876,0.212613136,0.00241655181,2.9597373,-0.196609542,-0.10641551,9.78151608,-1.27822468e-05,0.000504402502,0.00241655181,2.96093655,-0.000254631042,1
2367,24.309983,0,0,0,0,-0.0793377906,0.23641178,0.00241655181,2.9597373,-0.218164727,-0.120785631,9.81983662,-1.27822468e-05,0.0015696669,0.00241655181,2.96093655,-0.000254631042,1
2368,24.319998,0,0,0,0,-0.0470165014,0.21343036,0.00241655181,2.9596417,-0.20139958,-0.0848603323,9.78151608,-0.00214331108,0.000504402502,0.00241655181,2.96093655,-0.000254631042,1
2369,24.330018,0,0,0,0,-0.0645602494,0.223963827,-0.000779241615,2.9596417,-0.208584651,-0.104020491,9.73601055,-0.00107804674,-0.00588718429,-0.000779241615,2.96093655,-0.000254631042,1
2370,24.339978,0,0,0,0,-0.0375612564,0.238470331,0.00241655181,2.9597373,-0.227744803,-0.0800702944,9.83660221,-0.00107804674,0.00263493136,0.00241655181,2.96093655,-0.000254631042,1
2371,24.349982,0,0,0,0,-0.0483364053,0.206359267,0.00135128724,2.9597373,-0.194214523,-0.0848603323,9.75277615,-0.00214331108,0.0015696669,0.00135128724,2.96093655,-0.000254631042,1
2372,24.359957,0,0,0,0,-0.0748701096,0.220979169,0.000286022841,2.9597373,-0.203794599,-0.113600567,9.78870106,-0.00107804674,0.0015696669,0.000286022841,2.96093655,-0.000254631042,1
2373,24.369987,0,0,0,0,-0.0785808191,0.280118227,0.000286022841,2.9596417,-0.261275083,-0.127970681,9.86773682,-1.27822468e-05,-0.000560861954,0.000286022841,2.96093655,-0.000254631042,1
2374,24.379962,0,0,0,0,-0.0243480057,0.204383284,-0.000779241615,2.9597373,-0.196609542,-0.0609101392,9.74559116,-0.00107804674,-0.00269139092,-0.000779241615,2.96093655,-0.000254631042,1
2375,24.389960,0,0,0,0,-0.0434891768,0.166505128,0.000286022841,2.9597373,-0.15589422,-0.0728852376,9.75756645,0.00211774674,-0.000560861954,0.000286022841,2.96093655,-0.000254631042,1
2376,24.399978,0,0,0,0,-0.0744717196,0.196564764,0.00135128724,2.9596417,-0.179844409,-0.108810529,9.75756645,0.00105248217,0.0015696669,0.00135128724,2.96093655,-0.000254631042,1
2377,24.409964,0,0,0,0,-0.0381841809,0.205872521,0.000286022841,2.9597373,-0.199004561,-0.0561200976,9.79828167,0.00211774674,-0.00375665538,0.000286022841,2.96093655,-0.000254631042,1
2378,24.419983,0,0,0,0,-0.0138162253,0.221928045,0.00348181627,2.9597373,-0.222954765,-0.0872553512,9.81504631,-0.00107804674,-0.00162612647,0.00348181627,2.96093655,-0.000254631042,1
2379,24.429985,0,0,0,0,-0.0492395498,0.17487587,0.000286022841,2.9596417,-0.215769708,-0.0920453891,9.80307102,-0.00107804674,-0.000560861954,0.00241655181,2.96093655,-0.000254631042,1
2380,24.439960,0,0,0,0,-0.053670384,0.217080817,0.00135128724,2.9597373,-0.203794599,-0.0968354344,9.78151608,0.00105248217,0.00263493136,0.00135128724,2.96093655,-0.000254631042,1
2381,24.449979,0,0,0,0,-0.0740038082,0.225690231,0.00135128724,2.9597373,-0.194214523,-0.0728852376,9.75756645,0.00105248217,-0.00162612647,0.00348181627,2.96093655,-0.000254631042,1
2382,24.459965,0,0,0,0,-0.0720600709,0.222908467,0.00241655181,2.9596417,-0.196609542,-0.0728852376,9.82223129,-0.00107804674,0.0015696669,0.00241655181,2.96093655,-0.000254631042,1
2383,24.469999,0,0,0,0,-0.0592273027,0.213241756,0.000286022841,2.9596417,-0.230139822,-0.111205548,9.74080086,-1.27822468e-05,0.0015696669,-0.000779241615,2.96093655,-0.000254631042,1
2384,24.479985,0,0,0,0,-0.0437381007,0.244485036,0.00135128724,2.9596417,-0.232534841,-0.0872553512,9.79828167,-1.27822468e-05,0.00263493136,0.000286022841,2.96093655,-0.000254631042,1
2385,24.489987,0,0,0,0,-0.0643919334,0.211746842,0.00135128724,2.9597373,-0.196609542,-0.101625472,9.75996113,-1.27822468e-05,0.0015696669,0.00348181627,2.96093655,-0.000254631042,1
2386,24.499979,0,0,0,0,-0.0691387728,0.185842708,0.00241655181,2.9596417,-0.170264333,-0.101625472,9.83899689,-1.27822468e-05,0.0015696669,0.00241655181,2.96093655,-0.000254631042,1
2387,24.509966,0,0,0,0,-0.0548708513,0.236801863,0.000286022841,2.95954561,-0.222954765,-0.0968354344,9.77433109,-0.00214331108,-0.000560861954,0.000286022841,2.96093655,-0.000254631042,1
