Index,Time,(odometrySubsystem).z[0],(odometrySubsystem).z[1],(odometrySubsystem).z[2],(odometrySubsystem).z[3],(odometrySubsystem).z[4],(odometrySubsystem).z[5],(odometrySubsystem).z[6],(odometrySubsystem).z[7],((((((aruwsrc::standard::DriversSingleton::drivers).mpu6500).imuData).accG).coordinates_).data)._M_elems[0],((((((aruwsrc::standard::DriversSingleton::drivers).mpu6500).imuData).accG).coordinates_).data)._M_elems[1],((((((aruwsrc::standard::DriversSingleton::drivers).mpu6500).imuData).accG).coordinates_).data)._M_elems[2],((((((aruwsrc::standard::DriversSingleton::drivers).mpu6500).imuData).gyroRadPerSec).coordinates_).data)._M_elems[0],((((((aruwsrc::standard::DriversSingleton::drivers).mpu6500).imuData).gyroRadPerSec).coordinates_).data)._M_elems[1],((((((aruwsrc::standard::DriversSingleton::drivers).mpu6500).imuData).gyroRadPerSec).coordinates_).data)._M_elems[2],(odometrySubsystem).chassisYaw,(odometrySubsystem).yawOffset,(odometrySubsystem).yawOffsetInitialized
0,0.000000,0,0,0,0,-0.0547985435,0.150642976,-0.000779241615,3.00161624,-0.148709148,-0.0537250787,9.8318119,-1.27822468e-05,0.0015696669,0.00135128724,3.00268459,-0.000254631042,1
1,0.009974,0,0,0,0,-0.0089406576,0.132108539,0.000286022841,3.00088382,-0.129548997,-0.027379863,9.78630638,-1.27822468e-05,-0.00162612647,0.000286022841,3.00268459,-0.000254631042,1
2,0.019983,0,0,0,0,0.000153057903,0.162264317,0.00135128724,3.00097966,-0.160684258,-0.0225898232,9.81504631,-0.00107804674,0.0015696669,0.00241655181,3.00268459,-0.000254631042,1
3,0.029979,0,0,0,0,-0.0538286082,0.174693078,0.000286022841,3.00161624,-0.165474296,-0.0776752755,9.84139156,-1.27822468e-05,0.0015696669,0.000286022841,3.00268459,-0.000254631042,1
4,0.039976,0,0,0,0,-0.031718377,0.125622943,0.00135128724,3.00161624,-0.119968921,-0.0489350408,9.77193642,-0.00107804674,0.000504402502,0.00135128724,3.00268459,-0.000254631042,1
5,0.049975,0,0,0,0,0.0157402605,0.169734359,0.00241655181,3.00088382,-0.170264333,-0.00821970589,9.75996113,0.00105248217,-0.000560861954,0.00241655181,3.00268459,-0.000254631042,1
6,0.059983,0,0,0,0,-0.0336741209,0.128350154,0.00454708049,3.00097966,-0.12236394,-0.0513300598,9.74080086,0.00105248217,-0.000560861954,0.00454708049,3.00268459,-0.000254631042,1
7,0.069981,0,0,0,0,-0.00103586528,0.189020112,0.00348181627,3.00171208,-0.187029466,-0.027379863,9.8749218,-0.00214331108,0.000504402502,0.00348181627,3.00268459,-0.000254631042,1
8,0.079978,0,0,0,0,-0.0636816621,0.190593407,0.00135128724,3.00161624,-0.179844409,-0.0896503702,9.82462692,0.00105248217,-0.000560861954,0.00135128724,3.00268459,-0.000254631042,1
9,0.089974,0,0,0,0,-0.0370810814,0.155445889,0.000286022841,3.00088382,-0.148709148,-0.0585151166,9.84139156,0.00105248217,-0.000560861954,0.000286022841,3.00268459,-0.000254631042,1
10,0.110004,0,0,0,0,0.00410961313,0.156853274,0.00135128724,3.00171208,-0.15589422,-0.0177997835,9.8270216,-0.00214331108,-0.000560861954,0.00135128724,3.00268459,-0.000254631042,1
11,0.119978,0,0,0,0,-0.0270402413,0.158825263,0.000286022841,3.00161624,-0.153499186,-0.0489350408,9.82941628,-1.27822468e-05,-0.00269139092,0.000286022841,3.00268459,-0.000254631042,1
12,0.129996,0,0,0,0,0.0241323858,0.144359127,-0.000779241615,3.00161624,-0.146314129,0.00375539274,9.73601055,-1.27822468e-05,-0.000560861954,-0.000779241615,3.00268459,-0.000254631042,1
13,0.139983,0,0,0,0,-0.0208102241,0.133785978,0.000286022841,3.00097966,-0.129548997,-0.0393549614,9.78870106,-1.27822468e-05,0.000504402502,0.000286022841,3.00268459,-0.000254631042,1
14,0.149999,0,0,0,0,-0.0268521477,0.0911011174,0.00241655181,3.00097966,-0.086438641,-0.0393549614,9.78870106,-1.27822468e-05,-0.000560861954,0.00241655181,3.00268459,-0.000254631042,1
15,0.159973,0,0,0,0,-0.0158310272,0.135474488,0.00348181627,3.00171208,-0.131944016,-0.0345649198,9.80067635,-1.27822468e-05,0.000504402502,0.00348181627,3.00268459,-0.000254631042,1
16,0.169995,0,0,0,0,-0.0250027962,0.156119511,0.00454708049,3.00161624,-0.151104167,-0.0465400182,9.78630638,-0.00107804674,0.00370019581,0.00454708049,3.00268459,-0.000254631042,1
17,0.179981,0,0,0,0,-0.0232685879,0.201862976,0.00135128724,3.00097966,-0.196609542,-0.0513300598,9.74559116,-0.00107804674,-0.00162612647,0.00135128724,3.00268459,-0.000254631042,1
18,0.190000,0,0,0,0,0.0188101884,0.14027229,0.00135128724,3.00097966,-0.141524091,-0.00103464653,9.78870106,0.00211774674,-0.000560861954,0.00135128724,3.00268459,-0.000254631042,1
19,0.199976,0,0,0,0,-0.0453606211,0.166237339,0.000286022841,3.00171208,-0.158289239,-0.0680951998,9.77672672,0.00105248217,0.000504402502,0.000286022841,3.00268459,-0.000254631042,1
20,0.209998,0,0,0,0,-0.0245726779,0.175444484,0.00241655181,3.00088382,-0.170264333,-0.0489350408,9.77433109,-1.27822468e-05,0.000504402502,0.00241655181,3.00268459,-0.000254631042,1
21,0.219973,0,0,0,0,-0.0496894456,0.203183874,0.000286022841,3.00097966,-0.194214523,-0.0776752755,9.71206093,-1.27822468e-05,0.0015696669,0.000286022841,3.00268459,-0.000254631042,1
22,0.229994,0,0,0,0,-0.0221528728,0.124300465,0.000286022841,3.00097966,-0.119968921,-0.0393549614,9.8318119,-1.27822468e-05,0.0015696669,0.000286022841,3.00268459,-0.000254631042,1
23,0.239999,0,0,0,0,-0.0269391295,0.158842444,0.00135128724,3.00097966,-0.153499186,-0.0489350408,9.78391171,0.00211774674,-0.000560861954,0.00135128724,3.00268459,-0.000254631042,1
24,0.249973,0,0,0,0,-0.0494195707,0.171653181,0.00135128724,3.00161624,-0.163079277,-0.0728852376,9.74080086,0.00211774674,0.000504402502,0.00135128724,3.00268459,-0.000254631042,1
25,0.259998,0,0,0,0,-0.0164107196,0.147680178,0.00241655181,3.00088382,-0.14391911,-0.0369599424,9.74798584,-1.27822468e-05,0.0015696669,0.00241655181,3.00268459,-0.000254631042,1
26,0.269973,0,0,0,0,-0.0452388562,0.166270509,0.000286022841,3.00097966,-0.158289239,-0.0680951998,9.74559116,-0.00107804674,-0.00162612647,0.000286022841,3.00268459,-0.000254631042,1
27,0.279996,0,0,0,0,-0.0272747912,0.156471059,0.00348181627,3.00097966,-0.151104167,-0.0489350408,9.76714611,-0.00107804674,-0.00269139092,0.00348181627,3.00268459,-0.000254631042,1
28,0.289983,0,0,0,0,-0.00876830798,0.168344185,0.00135128724,3.00161624,-0.165474296,-0.0321699008,9.81265163,-0.00107804674,-0.00162612647,0.00135128724,3.00268459,-0.000254631042,1
29,0.300000,0,0,0,0,-0.0761754215,0.170585677,0.000286022841,3.00161624,-0.158289239,-0.0992304534,9.80067635,-0.00107804674,-0.00162612647,0.000286022841,3.00268459,-0.000254631042,1
30,0.309974,0,0,0,0,-0.0387202874,0.109718479,0.00241655181,3.00088382,-0.103203781,-0.0537250787,9.8318119,-0.00214331108,0.0015696669,0.00241655181,3.00268459,-0.000254631042,1
31,0.319982,0,0,0,0,-0.0346694887,0.121239327,0.00348181627,3.00088382,-0.115178876,-0.0513300598,9.79828167,-0.00214331108,-0.00162612647,0.00348181627,3.00268459,-0.000254631042,1
32,0.330005,0,0,0,0,-0.00147059874,0.116536878,0.00135128724,3.00088382,-0.115178876,-0.0177997835,9.89168739,-0.00214331108,-0.00162612647,0.00135128724,3.00268459,-0.000254631042,1
33,0.339979,0,0,0,0,-0.0421395488,0.136810988,0.00241655181,3.00088382,-0.129548997,-0.0609101392,9.79109669,-0.00107804674,0.000504402502,0.00241655181,3.00268459,-0.000254631042,1
34,0.349976,0,0,0,0,-0.017790433,0.104311123,0.00241655181,3.00161624,-0.100808762,-0.0321699008,9.77672672,0.00105248217,0.00476546027,0.00241655181,3.00268459,-0.000254631042,1
35,0.359973,0,0,0,0,0.0140809333,0.140942276,0.00241655181,3.00088382,-0.141524091,-0.00582468603,9.80786133,0.00105248217,0.000504402502,0.00241655181,3.00268459,-0.000254631042,1
36,0.369981,0,0,0,0,-0.0184662975,0.16732277,0.00241655181,3.00088382,-0.163079277,-0.0417499803,9.76714611,-1.27822468e-05,0.0015696669,0.00241655181,3.00268459,-0.000254631042,1
37,0.379977,0,0,0,0,-0.0299066678,0.103632219,0.000286022841,3.00088382,-0.136734053,-0.027379863,9.79588604,-0.00107804674,-0.00162612647,0.00135128724,3.00268459,-0.000254631042,1
38,0.389975,0,0,0,0,-0.0506373979,0.162203923,0.00241655181,3.00088382,-0.12236394,-0.00821970589,9.80546665,0.00211774674,0.0015696669,-0.000779241615,3.00268459,-0.000254631042,1
39,0.399982,0,0,0,0,-0.0111073786,0.15174301,0.00454708049,3.00161624,-0.165474296,-0.0369599424,9.80307102,-0.00107804674,-0.00269139092,0.00348181627,3.00268459,-0.000254631042,1
40,0.410003,0,0,0,0,-0.0188021883,0.164951414,0.00135128724,3.00088382,-0.141524091,-0.0345649198,9.76954079,-1.27822468e-05,0.0015696669,0.00135128724,3.00268459,-0.000254631042,1
41,0.419978,0,0,0,0,-0.0407758653,0.129361048,0.00135128724,3.00088382,-0.141524091,-0.00103464653,9.80546665,-0.00107804674,0.00263493136,0.00241655181,3.00268459,-0.000254631042,1
42,0.429998,0,0,0,0,-0.00455397042,0.146000728,0.000286022841,3.00088382,-0.14391911,-0.0201948043,9.75756645,-1.27822468e-05,-0.00162612647,0.000286022841,3.00268459,-0.000254631042,1
43,0.439984,0,0,0,0,-0.00593777141,0.170386016,0.00241655181,3.00088382,-0.151104167,-0.0417499803,9.7623558,-0.00107804674,-0.000560861954,0.00241655181,3.00268459,-0.000254631042,1
44,0.450116,0,0,0,0,-0.0273093395,0.122583047,0.000286022841,3.00161624,-0.170264333,-0.0441449992,9.82462692,-0.00107804674,0.000504402502,0.000286022841,3.00268459,-0.000254631042,1
45,0.459977,0,0,0,0,-0.0262722485,0.180523068,0.000286022841,3.00088382,-0.175054371,-0.0513300598,9.79349136,0.00105248217,0.0015696669,0.000286022841,3.00268459,-0.000254631042,1
46,0.469999,0,0,0,0,-0.0337423086,0.196094722,0.00454708049,3.00088382,-0.189424485,-0.0609101392,9.84139156,0.00105248217,0.0015696669,0.00348181627,3.00268459,-0.000254631042,1
47,0.479984,0,0,0,0,-0.0157855172,0.118540682,0.00135128724,3.00161624,-0.115178876,-0.0321699008,9.81983662,-0.00214331108,0.00263493136,0.00241655181,3.00268459,-0.000254631042,1
48,0.489996,0,0,0,0,0.0157402605,0.169734359,0.000286022841,3.00088382,-0.170264333,-0.00821970589,9.78391171,0.00105248217,0.000504402502,0.000286022841,3.00268459,-0.000254631042,1
49,0.499997,0,0,0,0,-0.0557159856,0.160504356,0.00135128724,3.00088382,-0.151104167,-0.0776752755,9.80546665,0.00211774674,0.000504402502,0.00135128724,3.00268459,-0.000254631042,1
50,0.509984,0,0,0,0,-0.0363690592,0.126317918,0.00241655181,3.00088382,-0.119968921,-0.0537250787,9.72403622,0.00105248217,-0.00162612647,0.00241655181,3.00268459,-0.000254631042,1
51,0.520000,0,0,0,0,-0.0834802762,0.152342394,0.00135128724,3.00088382,-0.139129072,-0.104020491,9.76714611,-1.27822468e-05,0.000504402502,0.00135128724,3.00268459,-0.000254631042,1
52,0.529974,0,0,0,0,-0.0269239079,0.158845022,0.00135128724,3.00088382,-0.153499186,-0.0489350408,9.79588604,0.00211774674,0.0015696669,0.00135128724,3.00268459,-0.000254631042,1
53,0.539984,0,0,0,0,-0.0408705994,0.129331157,0.00135128724,3.00161624,-0.12236394,-0.0585151166,9.73601055,-0.00214331108,0.00370019581,0.00135128724,3.00268459,-0.000254631042,1
54,0.549981,0,0,0,0,-0.0275956877,0.154102325,0.00135128724,3.00088382,-0.148709148,-0.0489350408,9.81504631,-0.00107804674,-0.000560861954,0.00135128724,3.00268459,-0.000254631042,1
55,0.559977,0,0,0,0,-0.0699239522,0.14558436,0.00135128724,3.00088382,-0.134339035,-0.0896503702,9.79828167,-0.00107804674,0.000504402502,0.00135128724,3.00268459,-0.000254631042,1
56,0.569974,0,0,0,0,-0.00335681601,0.172419056,0.00241655181,3.00161624,-0.170264333,-0.027379863,9.81744194,-0.00107804674,0.0015696669,0.00241655181,3.00268459,-0.000254631042,1
57,0.579983,0,0,0,0,0.0164522827,0.140606374,0.000286022841,3.00088382,-0.141524091,-0.00342966616,9.78630638,-0.00107804674,-0.000560861954,0.000286022841,3.00268459,-0.000254631042,1
58,0.589980,0,0,0,0,-0.0526728556,0.164911181,0.00135128724,3.00088382,-0.15589422,-0.0752802566,9.78151608,0.00211774674,-0.000560861954,0.00135128724,3.00268459,-0.000254631042,1
59,0.599976,0,0,0,0,0.00275550899,0.164301828,0.00241655181,3.00161624,-0.163079277,-0.0201948043,9.82941628,-1.27822468e-05,0.000504402502,0.00241655181,3.00268459,-0.000254631042,1
60,0.609984,0,0,0,0,-0.011312006,0.132444426,0.00241655181,3.00088382,-0.129548997,-0.0297748819,9.79109669,-0.00214331108,0.000504402502,0.00241655181,3.00268459,-0.000254631042,1
61,0.629994,0,0,0,0,-0.0499577783,0.0991687328,0.00241655181,3.00161624,-0.0912286863,-0.0633051544,9.7791214,-0.00107804674,0.000504402502,0.00241655181,3.00268459,-0.000254631042,1
62,0.639980,0,0,0,0,-0.0381088741,0.165267184,0.00348181627,3.00088382,-0.158289239,-0.0609101392,9.78391171,0.00105248217,-0.00162612647,0.00348181627,3.00268459,-0.000254631042,1
63,0.650000,0,0,0,0,-0.0506911315,0.128296167,0.00135128724,3.00161624,-0.119968921,-0.0680951998,9.78870106,-1.27822468e-05,0.0015696669,0.00135128724,3.00268459,-0.000254631042,1
64,0.660001,0,0,0,0,-0.0241965447,0.143945158,0.00135128724,3.00088382,-0.139129072,-0.0441449992,9.7623558,0.00105248217,0.0015696669,0.00135128724,3.00268459,-0.000254631042,1
65,0.669975,0,0,0,0,-0.00828900002,0.153786555,0.00135128724,3.00088382,-0.151104167,-0.0297748819,9.7791214,-0.00214331108,0.000504402502,0.00135128724,3.00268459,-0.000254631042,1
66,0.679994,0,0,0,0,-0.079449594,0.18079859,0.00135128724,3.00088382,-0.167869315,-0.104020491,9.81983662,-1.27822468e-05,-0.000560861954,0.00135128724,3.00268459,-0.000254631042,1
67,0.689980,0,0,0,0,-0.0408582054,0.129335061,0.000286022841,3.00152016,-0.12236394,-0.0585151166,9.79828167,0.00105248217,0.0015696669,0.000286022841,3.00268459,-0.000254631042,1
68,0.699995,0,0,0,0,-0.0381692387,0.216073185,-0.00184450613,3.00088382,-0.208584651,-0.0680951998,9.75517082,-1.27822468e-05,-0.00269139092,-0.00184450613,3.00268459,-0.000254631042,1
69,0.709980,0,0,0,0,0.000128362037,0.196134955,-0.000779241615,3.00088382,-0.194214523,-0.027379863,9.81983662,-1.27822468e-05,-0.00269139092,-0.000779241615,3.00268459,-0.000254631042,1
70,0.720000,0,0,0,0,0.00224430976,0.125686392,0.00135128724,3.00088382,-0.124758959,-0.0154047646,9.78870106,0.00105248217,0.000504402502,0.00135128724,3.00268459,-0.000254631042,1
71,0.729975,0,0,0,0,-0.0383843966,0.112089828,0.00135128724,3.00088382,-0.1055988,-0.0537250787,9.81025696,-1.27822468e-05,-0.00269139092,0.00135128724,3.00268459,-0.000254631042,1
72,0.739984,0,0,0,0,-0.0329900421,0.133096084,0.00135128724,3.00088382,-0.127153978,-0.0513300598,9.85576153,0.00211774674,-0.000560861954,0.00135128724,3.00268459,-0.000254631042,1
73,0.749980,0,0,0,0,-0.0450105369,0.168613285,0.00348181627,3.00161624,-0.160684258,-0.0680951998,9.80307102,-1.27822468e-05,0.000504402502,0.00348181627,3.00268459,-0.000254631042,1
74,0.760005,0,0,0,0,-0.0229133517,0.204236552,0.00454708049,3.00088382,-0.199004561,-0.0513300598,9.73361588,-1.27822468e-05,0.000504402502,0.00454708049,3.00268459,-0.000254631042,1
75,0.769980,0,0,0,0,-0.0171026178,0.15987283,-0.00184450613,3.00088382,-0.15589422,-0.0393549614,9.80786133,-1.27822468e-05,-0.000560861954,-0.00184450613,3.00268459,-0.000254631042,1
76,0.779977,0,0,0,0,-0.0442152545,0.173388898,0.000286022841,3.00088382,-0.165474296,-0.0680951998,9.83660221,0.00211774674,-0.00375665538,0.000286022841,3.00268459,-0.000254631042,1
77,0.789975,0,0,0,0,-0.0279315766,0.151730984,0.00241655181,3.00088382,-0.146314129,-0.0489350408,9.79828167,-0.00107804674,0.000504402502,0.00241655181,3.00268459,-0.000254631042,1
78,0.799983,0,0,0,0,-0.0357174017,0.147995949,0.00454708049,3.00088382,-0.141524091,-0.0561200976,9.77433109,-1.27822468e-05,0.00263493136,0.00454708049,3.00268459,-0.000254631042,1
79,0.809996,0,0,0,0,-0.0282674655,0.149359629,0.00241655181,3.00088382,-0.14391911,-0.0489350408,9.82223129,0.00105248217,-0.000560861954,0.00241655181,3.00268459,-0.000254631042,1
80,0.820016,0,0,0,0,-0.0160547048,0.159827724,0.00241655181,3.00161624,-0.153499186,-0.0561200976,9.80786133,0.00211774674,-0.000560861954,0.00241655181,3.00268459,-0.000254631042,1
81,0.829996,0,0,0,0,-0.0181102902,0.152758762,0.00241655181,3.00088382,-0.15589422,-0.0896503702,9.79349136,-1.27822468e-05,-0.00269139092,0.00135128724,3.00268459,-0.000254631042,1
82,0.839981,0,0,0,0,0.000153057903,0.162264317,0.00348181627,3.00097966,-0.119968921,-0.0513300598,9.75038147,-1.27822468e-05,-0.000560861954,0.00241655181,3.00268459,-0.000254631042,1
83,0.850000,0,0,0,0,0.00459553674,0.142285824,0.00135128724,3.00088382,-0.119968921,-0.0609101392,9.79828167,-1.27822468e-05,-0.00162612647,0.00135128724,3.00268459,-0.000254631042,1
84,0.859975,0,0,0,0,-0.0202270821,0.138515905,0.00241655181,3.00161624,-0.119968921,-0.0704902187,9.84139156,0.00105248217,-0.00269139092,0.00348181627,3.00268459,-0.000254631042,1
85,0.869983,0,0,0,0,-0.0407758653,0.129361048,-0.000779241615,3.00088382,-0.0816486031,-0.0345649198,9.80786133,-1.27822468e-05,-0.00588718429,-0.000779241615,3.00268459,-0.000254631042,1
86,0.879979,0,0,0,0,-0.042802237,0.115128852,0.00135128724,3.00097966,-0.148709148,-0.027379863,9.80307102,-0.00107804674,-0.000560861954,0.00241655181,3.00268459,-0.000254631042,1
87,0.889977,0,0,0,0,-0.0242320783,0.160878167,0.00241655181,3.00097966,-0.15589422,-0.0537250787,9.85576153,-0.00107804674,0.000504402502,0.00135128724,3.00268459,-0.000254631042,1
88,0.899974,0,0,0,0,-0.0365266129,0.160161868,-0.00184450613,3.00161624,-0.153499186,-0.0585151166,9.76475143,-0.00107804674,0.0015696669,-0.000779241615,3.00268459,-0.000254631042,1
89,0.909984,0,0,0,0,-0.0323383845,0.154774114,0.000286022841,3.00088382,-0.148709148,-0.0537250787,9.78870106,-0.00107804674,-0.000560861954,0.00241655181,3.00268459,-0.000254631042,1
90,0.919981,0,0,0,0,-0.0164107196,0.147680178,0.00348181627,3.00088382,-0.14391911,-0.0369599424,9.79828167,0.00105248217,0.000504402502,0.00348181627,3.00268459,-0.000254631042,1
91,0.929978,0,0,0,0,0.0140674263,0.140943617,0.00135128724,3.00097966,-0.141524091,-0.00582468603,9.79349136,-1.27822468e-05,-0.000560861954,0.00135128724,3.00268459,-0.000254631042,1
92,0.940005,0,0,0,0,-0.0484001078,0.161827996,0.00348181627,3.00171208,-0.153499186,-0.0704902187,9.77672672,0.00211774674,0.00263493136,0.00348181627,3.00268459,-0.000254631042,1
93,0.949979,0,0,0,0,-0.0703647211,0.14316152,0.000286022841,3.00161624,-0.131944016,-0.0896503702,9.76475143,-1.27822468e-05,0.000504402502,0.000286022841,3.00268459,-0.000254631042,1
94,0.960001,0,0,0,0,-0.0465262309,0.122918777,0.00135128724,3.00088382,-0.115178876,-0.0633051544,9.71206093,0.00105248217,-0.00162612647,0.00135128724,3.00268459,-0.000254631042,1
95,0.969975,0,0,0,0,-0.0658664703,0.140163571,0.00241655181,3.00097966,-0.129548997,-0.0848603323,9.76954079,-0.00214331108,0.00263493136,0.00241655181,3.00268459,-0.000254631042,1
96,0.979994,0,0,0,0,-0.030295752,0.135128632,0.000286022841,3.00097966,-0.129548997,-0.0489350408,9.73601055,-0.00107804674,-0.00162612647,0.000286022841,3.00268459,-0.000254631042,1
97,0.989981,0,0,0,0,-0.0177945197,0.172065467,0.00241655181,3.00088382,-0.167869315,-0.0417499803,9.77193642,-1.27822468e-05,-0.000560861954,0.00241655181,3.00268459,-0.000254631042,1
98,1.000002,0,0,0,0,-0.0336819403,0.145288706,-0.000779241615,3.00088382,-0.139129072,-0.0537250787,9.78630638,0.00105248217,-0.000560861954,-0.000779241615,3.00268459,-0.000254631042,1
99,1.010009,0,0,0,0,-0.015382926,0.137858897,0.00241655181,3.00088382,-0.134339035,-0.0345649198,9.83660221,-0.00214331108,0.0015696669,0.00241655181,3.00268459,-0.000254631042,1
100,1.020002,0,0,0,0,-0.0350657403,0.169673994,0.000286022841,3.00088382,-0.163079277,-0.0585151166,9.87731743,-0.00107804674,0.0015696669,0.000286022841,3.00268459,-0.000254631042,1
101,1.029977,0,0,0,0,-0.0109559959,0.117880434,0.000286022841,3.00088382,-0.115178876,-0.027379863,9.79588604,-0.00107804674,0.0015696669,0.000286022841,3.00268459,-0.000254631042,1
102,1.039997,0,0,0,0,-0.00190709683,0.198842198,-0.000779241615,3.00088382,-0.196609542,-0.0297748819,9.77193642,-0.00107804674,0.000504402502,-0.000779241615,3.00268459,-0.000254631042,1
103,1.049974,0,0,0,0,-0.0127130933,0.106014408,0.00135128724,3.00161624,-0.103203781,-0.027379863,9.78870106,-0.00214331108,0.0015696669,0.00135128724,3.00268459,-0.000254631042,1
104,1.059982,0,0,0,0,-0.0442152545,0.173388898,0.00241655181,3.00088382,-0.165474296,-0.0680951998,9.79109669,-0.00107804674,0.000504402502,0.00241655181,3.00268459,-0.000254631042,1
105,1.069978,0,0,0,0,-0.0272396728,0.139538348,0.00135128724,3.00088382,-0.134339035,-0.0465400182,9.76475143,-0.00107804674,-0.00162612647,0.00135128724,3.00268459,-0.000254631042,1
106,1.079976,0,0,0,0,-0.034689609,0.138174668,-0.000779241615,3.00088382,-0.131944016,-0.0537250787,9.78151608,-0.00107804674,-0.00269139092,-0.000779241615,3.00268459,-0.000254631042,1
107,1.089974,0,0,0,0,-0.00690519717,0.129401296,0.000286022841,3.00088382,-0.127153978,-0.0249848422,9.79588604,-0.00107804674,-0.00162612647,0.000286022841,3.00268459,-0.000254631042,1
108,1.099982,0,0,0,0,-0.0435233451,0.161196247,0.000286022841,3.00088382,-0.153499186,-0.0657001734,9.79588604,-1.27822468e-05,-0.00162612647,0.000286022841,3.00268459,-0.000254631042,1
109,1.109979,0,0,0,0,-0.00593777141,0.170386016,0.00135128724,3.00088382,-0.167869315,-0.0297748819,9.76954079,-0.00107804674,-0.000560861954,0.00135128724,3.00268459,-0.000254631042,1
110,1.119975,0,0,0,0,-0.0333862938,0.181530729,0.000286022841,3.00088382,-0.175054371,-0.0585151166,9.80786133,0.00105248217,0.00263493136,0.000286022841,3.00268459,-0.000254631042,1
111,1.129973,0,0,0,0,-0.00158847764,0.133471087,0.00135128724,3.00161624,-0.131944016,-0.0201948043,9.77433109,-0.00107804674,-0.00162612647,0.00135128724,3.00268459,-0.000254631042,1
112,1.139997,0,0,0,0,-0.0475338995,0.115804732,0.00241655181,3.00088382,-0.107993819,-0.0633051544,9.7623558,0.00211774674,-0.000560861954,0.00241655181,3.00268459,-0.000254631042,1
113,1.149983,0,0,0,0,-0.0275755618,0.137166992,-0.00184450613,3.00088382,-0.131944016,-0.0465400182,9.6617651,0.00211774674,-0.00588718429,-0.00184450613,3.00268459,-0.000254631042,1
114,1.160003,0,0,0,0,-0.0425559282,0.202180967,0.00135128724,3.00088382,-0.194214523,-0.0704902187,9.74319553,-0.00214331108,-0.000560861954,0.00135128724,3.00268459,-0.000254631042,1
115,1.169976,0,0,0,0,-0.0502813868,0.147639945,0.00241655181,3.00088382,-0.139129072,-0.0704902187,9.8270216,0.0031830112,-0.00269139092,0.00241655181,3.00268459,-0.000254631042,1
116,1.179997,0,0,0,0,-0.00625354145,0.151079327,-0.000779241615,3.00088382,-0.148709148,-0.027379863,9.77193642,-1.27822468e-05,0.00263493136,-0.000779241615,3.00268459,-0.000254631042,1
117,1.189984,0,0,0,0,0.0317081697,0.128769755,0.00135128724,3.00088382,-0.131944016,0.013335471,9.77193642,0.00211774674,0.00370019581,0.00135128724,3.00268459,-0.000254631042,1
118,1.200002,0,0,0,0,-0.0348233245,0.155084535,0.00348181627,3.00161624,-0.148709148,-0.0561200976,9.81265163,-0.00107804674,0.0015696669,0.00348181627,3.00268459,-0.000254631042,1
119,1.209976,0,0,0,0,-0.0204615165,0.136159331,0.00241655181,3.00088382,-0.131944016,-0.0393549614,9.7791214,0.00105248217,0.00263493136,0.00241655181,3.00268459,-0.000254631042,1
120,1.220001,0,0,0,0,-0.0502612665,0.130704612,0.00135128724,3.00088382,-0.12236394,-0.0680951998,9.81983662,-0.00107804674,0.000504402502,0.00135128724,3.00268459,-0.000254631042,1
121,1.230008,0,0,0,0,-0.00151084282,0.150407538,0.00241655181,3.00088382,-0.148709148,-0.0225898232,9.74080086,-0.00214331108,0.000504402502,0.00241655181,3.00268459,-0.000254631042,1
122,1.239994,0,0,0,0,-0.055100169,0.131336078,0.000286022841,3.00161624,-0.12236394,-0.0728852376,9.73361588,0.00105248217,-0.00162612647,0.000286022841,3.00268459,-0.000254631042,1
123,1.249979,0,0,0,0,-0.0577313229,0.146276265,0.00135128724,3.00088382,-0.136734053,-0.0776752755,9.7623558,0.00105248217,0.000504402502,0.00135128724,3.00268459,-0.000254631042,1
124,1.260005,0,0,0,0,-0.0178554878,0.138181746,0.00135128724,3.00161624,-0.134339035,-0.0369599424,9.84857655,0.00105248217,-0.000560861954,0.00135128724,3.00268459,-0.000254631042,1
125,1.269998,0,0,0,0,-0.00253863097,0.160228834,0.00348181627,3.00161624,-0.134339035,0.00136037311,9.6665554,-0.00214331108,-0.000560861954,0.00241655181,3.00268459,-0.000254631042,1
126,1.279973,0,0,0,0,0.0120857181,0.109778844,0.00348181627,3.00088382,-0.124758959,-0.0465400182,9.77433109,-0.00214331108,0.0015696669,0.00348181627,3.00268459,-0.000254631042,1
127,1.289994,0,0,0,0,-0.00931679085,0.163607851,0.00135128724,3.00088382,-0.0984137431,-0.0465400182,9.77672672,-0.00214331108,-0.00269139092,0.00241655181,3.00268459,-0.000254631042,1
128,1.299980,0,0,0,0,-0.0483520627,0.144897327,0.00241655181,3.00161624,-0.158289239,-0.0249848422,9.81504631,-1.27822468e-05,-0.000560861954,0.00348181627,3.00268459,-0.000254631042,1
129,1.310003,0,0,0,0,0.00967412535,0.143985391,0.00135128724,3.00088382,-0.196609542,-0.0249848422,9.78870106,-0.00107804674,0.000504402502,-0.00184450613,3.00268459,-0.000254631042,1
130,1.319978,0,0,0,0,0.0167881735,0.142977729,0.00135128724,3.00088382,-0.124758959,-0.0393549614,9.78391171,-1.27822468e-05,0.000504402502,0.000286022841,3.00268459,-0.000254631042,1
131,1.330002,0,0,0,0,-0.0275353193,0.103296332,0.000286022841,3.00088382,-0.117573902,-0.027379863,9.79588604,0.00105248217,-0.000560861954,0.00348181627,3.00268459,-0.000254631042,1
132,1.339976,0,0,0,0,-0.0614864714,0.170997426,0.00135128724,3.00088382,-0.160684258,-0.0848603323,9.77193642,0.00211774674,-0.000560861954,0.000286022841,3.00268459,-0.000254631042,1
133,1.350131,0,0,0,0,-0.00329176476,0.138548434,0.00135128724,3.00161624,-0.124758959,-0.0441449992,9.74798584,-1.27822468e-05,-0.00162612647,0.00135128724,3.00268459,-0.000254631042,1
134,1.359980,0,0,0,0,0.0130531425,0.150763556,0.000286022841,3.00088382,-0.151104167,-0.00821970589,9.76954079,0.00105248217,-0.00269139092,0.000286022841,3.00268459,-0.000254631042,1
135,1.370000,0,0,0,0,0.000188726568,0.145328954,0.00348181627,3.00088382,-0.14391911,-0.0201948043,9.78391171,-0.00107804674,0.000504402502,0.00348181627,3.00268459,-0.000254631042,1
136,1.379974,0,0,0,0,-0.053680528,0.157797113,0.00135128724,3.00088382,-0.148709148,-0.0752802566,9.77193642,-0.00107804674,-0.000560861954,0.00135128724,3.00268459,-0.000254631042,1
137,1.389982,0,0,0,0,0.00526731601,0.147028521,0.00135128724,3.00088382,-0.146314129,-0.0154047646,9.77433109,-1.27822468e-05,-0.000560861954,0.00135128724,3.00268459,-0.000254631042,1
138,1.399979,0,0,0,0,-0.0621180087,0.132384062,-0.000779241615,3.00088382,-0.12236394,-0.0800702944,9.79109669,-0.00107804674,-0.00162612647,-0.000779241615,3.00268459,-0.000254631042,1
139,1.409976,0,0,0,0,-0.0302828029,0.135131538,0.00135128724,3.00088382,-0.129548997,-0.0489350408,9.83420658,-0.00107804674,0.0015696669,0.00135128724,3.00268459,-0.000254631042,1
140,1.419973,0,0,0,0,0.00427976949,0.122979149,-0.00184450613,3.00088382,-0.12236394,-0.0130097447,9.78630638,-0.00107804674,-0.00162612647,-0.00184450613,3.00268459,-0.000254631042,1
141,1.429982,0,0,0,0,-0.0363754481,0.143256739,0.00241655181,3.00078773,-0.136734053,-0.0561200976,9.79588604,-1.27822468e-05,0.0015696669,0.00241655181,3.00268459,-0.000254631042,1
142,1.439978,0,0,0,0,-0.0184132624,0.133453861,0.00348181627,3.00078773,-0.129548997,-0.0369599424,9.81025696,0.00105248217,0.00263493136,0.00348181627,3.00268459,-0.000254631042,1
143,1.449974,0,0,0,0,-0.0153697105,0.137860373,0.00135128724,3.00078773,-0.134339035,-0.0345649198,9.75517082,-0.00107804674,-0.000560861954,0.00135128724,3.00268459,-0.000254631042,1
144,1.459983,0,0,0,0,-0.0170687959,0.142939121,0.00135128724,3.00078773,-0.139129072,-0.0369599424,9.73601055,-1.27822468e-05,-0.00162612647,0.00135128724,3.00268459,-0.000254631042,1
145,1.470004,0,0,0,0,-0.0566904508,0.136460409,0.00135128724,3.00078773,-0.127153978,-0.0752802566,9.74559116,0.00211774674,0.000504402502,0.00135128724,3.00268459,-0.000254631042,1
146,1.479978,0,0,0,0,-0.00758352689,0.141594648,0.00348181627,3.00078773,-0.139129072,-0.027379863,9.76954079,0.00105248217,0.00476546027,0.00348181627,3.00268459,-0.000254631042,1
147,1.489995,0,0,0,0,-0.0497066043,0.152351022,0.000286022841,3.00152016,-0.14391911,-0.0704902187,9.76475143,-0.00214331108,-0.000560861954,0.000286022841,3.00268459,-0.000254631042,1
148,1.499979,0,0,0,0,-0.0133530097,0.15208827,0.00135128724,3.00078773,-0.148709148,-0.0345649198,9.73361588,0.00105248217,-0.00269139092,0.00135128724,3.00268459,-0.000254631042,1
149,1.509994,0,0,0,0,-0.0465699509,0.173729256,0.000286022841,3.00078773,-0.165474296,-0.0704902187,9.83420658,-0.00214331108,-0.00375665538,0.000286022841,3.00268459,-0.000254631042,1
150,1.519982,0,0,0,0,-0.0332763977,0.0968572497,0.00241655181,3.00078773,-0.0912286863,-0.0465400182,9.77433109,0.00105248217,0.0015696669,0.00241655181,3.00268459,-0.000254631042,1
151,1.529994,0,0,0,0,-0.0742425248,0.0808932707,-0.000779241615,3.00078773,-0.0696735084,-0.0848603323,9.85097218,-0.00107804674,0.0015696669,-0.000779241615,3.00268459,-0.000254631042,1
152,1.539980,0,0,0,0,-0.0387097672,0.10972219,0.00348181627,3.00078773,-0.103203781,-0.0537250787,9.8318119,0.00105248217,0.00263493136,0.00348181627,3.00268459,-0.000254631042,1
153,1.549996,0,0,0,0,-0.0319823734,0.140210122,0.00241655181,3.00088382,-0.134339035,-0.0513300598,9.7623558,-1.27822468e-05,0.00263493136,0.00241655181,3.00268459,-0.000254631042,1
154,1.559982,0,0,0,0,-0.0180956442,0.152760506,0.00241655181,3.00078773,-0.148709148,-0.0393549614,9.76475143,-0.00107804674,0.00263493136,0.00241655181,3.00268459,-0.000254631042,1
155,1.569997,0,0,0,0,-0.0428356566,0.165943071,0.00135128724,3.00078773,-0.158289239,-0.0657001734,9.75517082,-1.27822468e-05,0.00370019581,0.00135128724,3.00268459,-0.000254631042,1
156,1.579983,0,0,0,0,-0.0451884754,0.149343833,0.00241655181,3.00078773,-0.141524091,-0.0657001734,9.83660221,-1.27822468e-05,0.0015696669,0.00241655181,3.00268459,-0.000254631042,1
157,1.589980,0,0,0,0,-0.00495022628,0.194435388,0.000286022841,3.00088382,-0.191819504,-0.0321699008,9.76475143,-1.27822468e-05,-0.00375665538,0.000286022841,3.00268459,-0.000254631042,1
158,1.599977,0,0,0,0,0.0134222098,0.136198282,0.00241655181,3.00078773,-0.136734053,-0.00582468603,9.80067635,0.00105248217,-0.00269139092,0.00241655181,3.00268459,-0.000254631042,1
159,1.609974,0,0,0,0,-0.0022444434,0.128728107,0.00454708049,3.00152016,-0.127153978,-0.0201948043,9.78870106,-0.00214331108,0.00476546027,0.00454708049,3.00268459,-0.000254631042,1
160,1.619983,0,0,0,0,-0.0451699831,0.132408515,-0.000779241615,3.00078773,-0.124758959,-0.0633051544,9.77433109,-0.00107804674,-0.00162612647,-0.000779241615,3.00268459,-0.000254631042,1
161,1.629980,0,0,0,0,-0.00453384873,0.129065409,0.00241655181,3.00088382,-0.127153978,-0.0225898232,9.79588604,-1.27822468e-05,0.0015696669,0.00241655181,3.00268459,-0.000254631042,1
162,1.639976,0,0,0,0,-0.005601882,0.172757357,0.00241655181,3.00088382,-0.170264333,-0.0297748819,9.76475143,0.00211774674,-0.00162612647,0.00241655181,3.00268459,-0.000254631042,1
163,1.649974,0,0,0,0,-0.00928260945,0.146673396,0.00135128724,3.00078773,-0.14391911,-0.0297748819,9.79109669,-0.00214331108,-0.00269139092,0.00135128724,3.00268459,-0.000254631042,1
164,1.660006,0,0,0,0,-0.0130168926,0.154459581,0.000286022841,3.00078773,-0.151104167,-0.0345649198,9.75517082,-0.00214331108,-0.00482191984,0.000286022841,3.00268459,-0.000254631042,1
165,1.669981,0,0,0,0,0.00190842024,0.123315036,0.00241655181,3.00088382,-0.12236394,-0.0154047646,9.77433109,-0.00214331108,-0.000560861954,0.00241655181,3.00268459,-0.000254631042,1
166,1.679997,0,0,0,0,0.00694676582,0.158885285,0.00454708049,3.00088382,-0.158289239,-0.0154047646,9.80067635,0.00105248217,-0.00162612647,0.00454708049,3.00268459,-0.000254631042,1
167,1.689984,0,0,0,0,-0.0140067432,0.139559448,-0.000779241615,3.00078773,-0.136734053,-0.0297748819,9.79349136,0.00105248217,0.0015696669,-0.000779241615,3.00268459,-0.000254631042,1
168,1.700004,0,0,0,0,-0.0252465904,0.187639534,0.00135128724,3.00078773,-0.170264333,-0.0417499803,9.72403622,0.00211774674,0.000504402502,0.00135128724,3.00268459,-0.000254631042,1
169,1.709979,0,0,0,0,-0.0590987615,0.170667201,-0.000779241615,3.00078773,-0.139129072,-0.027379863,9.78870106,-1.27822468e-05,0.00263493136,0.000286022841,3.00268459,-0.000254631042,1
170,1.719998,0,0,0,0,-0.00285440101,0.140922144,0.00135128724,3.00088382,-0.167869315,-0.0657001734,9.79109669,0.00105248217,-0.00162612647,-0.000779241615,3.00268459,-0.000254631042,1
171,1.729983,0,0,0,0,-0.0363891795,0.143253252,0.00241655181,3.00088382,-0.136734053,-0.0465400182,9.75038147,-0.00214331108,0.000504402502,0.00135128724,3.00268459,-0.000254631042,1
172,1.739999,0,0,0,0,-0.0347775593,0.138152555,0.00135128724,3.00152016,-0.167869315,-0.0657001734,9.80067635,-1.27822468e-05,-0.00375665538,0.000286022841,3.00268459,-0.000254631042,1
173,1.749973,0,0,0,0,-0.0466971807,0.173695102,0.00241655181,3.00152016,-0.134339035,-0.0465400182,9.82462692,-1.27822468e-05,0.000504402502,0.000286022841,3.00268459,-0.000254631042,1
174,1.759999,0,0,0,0,0.00496379146,0.127721369,-0.000779241615,3.00078773,-0.117573902,-0.0393549614,9.78870106,-0.00107804674,-0.00269139092,0.000286022841,3.00268459,-0.000254631042,1
175,1.769999,0,0,0,0,-0.02857076,0.130055696,0.00348181627,3.00078773,-0.124758959,-0.0465400182,9.75277615,-0.00107804674,-0.00269139092,0.00135128724,3.00268459,-0.000254631042,1
176,1.779984,0,0,0,0,-0.0109446961,0.117881484,0.00135128724,3.00078773,-0.115178876,-0.027379863,9.82223129,-1.27822468e-05,0.0015696669,0.00241655181,3.00268459,-0.000254631042,1
177,1.790004,0,0,0,0,-0.0153512098,0.120925039,0.00241655181,3.00078773,-0.117573902,-0.0321699008,9.83899689,0.00211774674,0.00476546027,0.00348181627,3.00268459,-0.000254631042,1
178,1.799978,0,0,0,0,-0.013334509,0.135152936,0.000286022841,3.00078773,-0.131944016,-0.0321699008,9.86773682,0.00105248217,-0.000560861954,0.000286022841,3.00268459,-0.000254631042,1
179,1.809994,0,0,0,0,0.0154389106,0.150426179,-0.000779241615,3.00078773,-0.151104167,-0.00582468603,9.76954079,-1.27822468e-05,0.000504402502,-0.000779241615,3.00268459,-0.000254631042,1
180,1.819980,0,0,0,0,-0.0387837626,0.177463531,0.00135128724,3.00078773,-0.170264333,-0.0633051544,9.79349136,0.00105248217,0.000504402502,0.00135128724,3.00268459,-0.000254631042,1
181,1.829998,0,0,0,0,-0.0546552502,0.133752972,0.000286022841,3.00078773,-0.124758959,-0.0728852376,9.78630638,0.00211774674,-0.000560861954,0.000286022841,3.00268459,-0.000254631042,1
182,1.839984,0,0,0,0,-0.0705822334,0.140848428,0.00454708049,3.00078773,-0.129548997,-0.0896503702,9.82462692,-1.27822468e-05,0.00583072472,0.00454708049,3.00268459,-0.000254631042,1
183,1.849996,0,0,0,0,-0.0160419438,0.133117735,0.00135128724,3.00078773,-0.129548997,-0.0345649198,9.80067635,0.00105248217,0.000504402502,0.00135128724,3.00268459,-0.000254631042,1
184,1.859995,0,0,0,0,-0.0672025606,0.147626251,0.00241655181,3.00078773,-0.136734053,-0.0872553512,9.76475143,-1.27822468e-05,-0.00269139092,0.00241655181,3.00268459,-0.000254631042,1
185,1.869982,0,0,0,0,-0.0222030431,0.192046046,0.00135128724,3.00078773,-0.187029466,-0.0489350408,9.78630638,0.00211774674,-0.00375665538,0.00135128724,3.00268459,-0.000254631042,1
186,1.880003,0,0,0,0,-0.0211391952,0.148353979,0.00241655181,3.00078773,-0.14391911,-0.0417499803,9.75277615,-1.27822468e-05,-0.000560861954,0.00241655181,3.00268459,-0.000254631042,1
187,1.889978,0,0,0,0,-0.0276158061,0.171037674,0.000286022841,3.00088382,-0.165474296,-0.0513300598,9.77433109,-0.00107804674,0.000504402502,0.000286022841,3.00268459,-0.000254631042,1
188,1.899997,0,0,0,0,-0.0509394705,0.142902121,0.00348181627,3.00078773,-0.134339035,-0.0704902187,9.79109669,-1.27822468e-05,0.000504402502,0.00348181627,3.00268459,-0.000254631042,1
189,1.909983,0,0,0,0,-0.0106825735,0.187994137,0.00241655181,3.00078773,-0.184634447,-0.0369599424,9.76954079,-1.27822468e-05,0.000504402502,0.00241655181,3.00268459,-0.000254631042,1
190,1.919980,0,0,0,0,-0.0180956442,0.152760506,0.00241655181,3.00078773,-0.148709148,-0.0393549614,9.78630638,0.00211774674,-0.000560861954,0.00241655181,3.00268459,-0.000254631042,1
191,1.929977,0,0,0,0,-0.00216250028,0.128729522,0.00241655181,3.00088382,-0.127153978,-0.0201948043,9.79109669,0.00105248217,0.0015696669,0.00241655181,3.00268459,-0.000254631042,1
192,1.939976,0,0,0,0,-0.0834471658,0.135415062,0.00348181627,3.00078773,-0.12236394,-0.101625472,9.84378719,-0.00214331108,-0.000560861954,0.00348181627,3.00268459,-0.000254631042,1
193,1.949984,0,0,0,0,-0.0336865112,0.162227288,0.00241655181,3.00078773,-0.15589422,-0.0561200976,9.74798584,-1.27822468e-05,0.00263493136,0.00241655181,3.00268459,-0.000254631042,1
194,1.959980,0,0,0,0,-0.0672210604,0.164561585,0.00454708049,3.00078773,-0.153499186,-0.0896503702,9.80786133,-0.00320857554,0.00263493136,0.00454708049,3.00268459,-0.000254631042,1
195,1.969978,0,0,0,0,-0.00252327137,0.160229087,0.00241655181,3.00078773,-0.158289239,-0.0249848422,9.78391171,0.0031830112,0.000504402502,0.00241655181,3.00268459,-0.000254631042,1
196,1.979975,0,0,0,0,-0.0360331684,0.128689274,0.00241655181,3.00088382,-0.12236394,-0.0537250787,9.84857655,-1.27822468e-05,-0.000560861954,0.00241655181,3.00268459,-0.000254631042,1
197,1.989996,0,0,0,0,-0.0163905956,0.13074486,0.00348181627,3.00088382,-0.127153978,-0.0345649198,9.80786133,-0.00107804674,0.0015696669,0.00348181627,3.00268459,-0.000254631042,1
198,1.999982,0,0,0,0,-0.00287788874,0.174793094,0.00241655181,3.00078773,-0.172659352,-0.027379863,9.80307102,-0.00320857554,-0.000560861954,0.00241655181,3.00268459,-0.000254631042,1
199,2.009979,0,0,0,0,-0.0323235467,0.154777199,0.00135128724,3.00078773,-0.148709148,-0.0537250787,9.83420658,-1.27822468e-05,0.0015696669,0.00135128724,3.00268459,-0.000254631042,1
200,2.020000,0,0,0,0,-0.0503042303,0.18151544,0.000286022841,3.00078773,-0.172659352,-0.0752802566,9.79828167,0.00105248217,-0.00375665538,0.000286022841,3.00268459,-0.000254631042,1
201,2.029975,0,0,0,0,-0.0116724232,0.16394487,0.000286022841,3.00078773,-0.160684258,-0.0345649198,9.78870106,-1.27822468e-05,0.000504402502,0.000286022841,3.00268459,-0.000254631042,1
202,2.039999,0,0,0,0,-0.0523209311,0.167287543,0.00135128724,3.00078773,-0.158289239,-0.0752802566,9.77433109,-0.00107804674,0.000504402502,0.00135128724,3.00268459,-0.000254631042,1
203,2.050003,0,0,0,0,-0.0502813868,0.147639945,0.00135128724,3.00088382,-0.139129072,-0.0704902187,9.80307102,-1.27822468e-05,-0.000560861954,0.00135128724,3.00268459,-0.000254631042,1
204,2.059978,0,0,0,0,0.015088602,0.148056313,0.00135128724,3.00088382,-0.148709148,-0.00582468603,9.75996113,-1.27822468e-05,0.000504402502,0.00135128724,3.00268459,-0.000254631042,1
205,2.069977,0,0,0,0,-0.077378571,0.161163419,0.00135128724,3.00078773,-0.148709148,-0.0992304534,9.80786133,-1.27822468e-05,-0.00269139092,0.00135128724,3.00268459,-0.000254631042,1
206,2.079998,0,0,0,0,-0.0232113935,0.184932098,0.000286022841,3.00078773,-0.179844409,-0.0489350408,9.82223129,-1.27822468e-05,0.000504402502,0.000286022841,3.00268459,-0.000254631042,1
207,2.089974,0,0,0,0,-0.0418237783,0.156117663,0.000286022841,3.00088382,-0.148709148,-0.0633051544,9.81265163,0.00105248217,-0.000560861954,0.000286022841,3.00268459,-0.000254631042,1
208,2.099998,0,0,0,0,-0.0265880153,0.161216393,0.000286022841,3.00088382,-0.15589422,-0.0489350408,9.78630638,0.00105248217,0.00370019581,0.000286022841,3.00268459,-0.000254631042,1
209,2.109984,0,0,0,0,-0.0539645255,0.121560268,0.00348181627,3.00078773,-0.112783857,-0.0704902187,9.87252712,-0.00214331108,0.0015696669,0.00348181627,3.00268459,-0.000254631042,1
210,2.119981,0,0,0,0,-0.00829275418,0.158175364,0.000286022841,3.00078773,-0.153499186,-0.0441449992,9.74798584,-0.00107804674,0.000504402502,0.000286022841,3.00268459,-0.000254631042,1
211,2.129978,0,0,0,0,-0.0353485979,0.16224578,0.000286022841,3.00078773,-0.158289239,-0.0393549614,9.83660221,-1.27822468e-05,0.000504402502,0.000286022841,3.00268459,-0.000254631042,1
212,2.139974,0,0,0,0,0.0110579282,0.119600132,0.00135128724,3.00088382,-0.139129072,-0.00582468603,9.75756645,-0.00214331108,-0.000560861954,-0.000779241615,3.00268459,-0.000254631042,1
213,2.149983,0,0,0,0,-0.00352618005,0.136179447,0.00135128724,3.00088382,-0.141524091,-0.00342966616,9.87731743,-1.27822468e-05,-0.000560861954,0.00135128724,3.00268459,-0.000254631042,1
214,2.159980,0,0,0,0,-0.0814674646,0.183513641,0.00348181627,3.00078773,-0.153499186,-0.0513300598,9.79588604,-1.27822468e-05,0.000504402502,0.00135128724,3.00268459,-0.000254631042,1
215,2.169977,0,0,0,0,-0.0492535979,0.137818664,-0.00184450613,3.00088382,-0.139129072,-0.0417499803,9.74559116,0.0031830112,-0.000560861954,0.00135128724,3.00268459,-0.000254631042,1
216,2.179984,0,0,0,0,-0.0207571592,0.0999173149,0.00135128724,3.00088382,-0.115178876,-0.0609101392,9.75756645,-0.00107804674,0.0015696669,0.00135128724,3.00268459,-0.000254631042,1
217,2.190002,0,0,0,0,-0.0441548862,0.12258289,0.00135128724,3.00088382,-0.115178876,-0.0321699008,9.77193642,-0.00107804674,0.00370019581,0.00348181627,3.00268459,-0.000254631042,1
218,2.199975,0,0,0,0,-0.00996844843,0.14192982,0.000286022841,3.00088382,-0.139129072,-0.0297748819,9.77672672,0.00105248217,-0.000560861954,0.00348181627,3.00268459,-0.000254631042,1
219,2.210004,0,0,0,0,-0.0303431656,0.185937539,0.00241655181,3.00088382,-0.179844409,-0.0561200976,9.80307102,-1.27822468e-05,-0.00269139092,0.00135128724,3.00268459,-0.000254631042,1
220,2.219982,0,0,0,0,-0.0241965447,0.143945158,0.00454708049,3.00088382,-0.139129072,-0.0441449992,9.79588604,-1.27822468e-05,0.00263493136,0.00348181627,3.00268459,-0.000254631042,1
221,2.229979,0,0,0,0,-0.0330302827,0.166966751,0.00241655181,3.00088382,-0.160684258,-0.0561200976,9.81744194,0.00211774674,0.0015696669,0.00241655181,3.00268459,-0.000254631042,1
222,2.239996,0,0,0,0,-0.0428515673,0.165938959,0.00135128724,3.00088382,-0.158289239,-0.0657001734,9.75996113,-0.00107804674,-0.00269139092,0.00135128724,3.00268459,-0.000254631042,1
223,2.249994,0,0,0,0,-0.00220274134,0.162600189,-0.000779241615,3.00088382,-0.160684258,-0.0249848422,9.79828167,-0.00107804674,-0.000560861954,-0.000779241615,3.00268459,-0.000254631042,1
224,2.259981,0,0,0,0,-0.0560317524,0.141197681,0.00135128724,3.00088382,-0.131944016,-0.0752802566,9.80307102,0.00105248217,-0.00162612647,0.00135128724,3.00268459,-0.000254631042,1
225,2.270002,0,0,0,0,-0.0173982624,0.123630807,0.00348181627,3.00088382,-0.119968921,-0.0345649198,9.82223129,-1.27822468e-05,0.000504402502,0.00348181627,3.00268459,-0.000254631042,1
226,2.279977,0,0,0,0,-0.0143752573,0.14497295,0.00135128724,3.00088382,-0.141524091,-0.0345649198,9.78870106,-0.00107804674,-0.000560861954,0.00135128724,3.00268459,-0.000254631042,1
227,2.289997,0,0,0,0,-0.0330302827,0.166966751,0.000286022841,3.00088382,-0.160684258,-0.0561200976,9.79349136,0.00105248217,-0.000560861954,0.000286022841,3.00268459,-0.000254631042,1
228,2.299982,0,0,0,0,-0.0631256774,0.125270009,0.00135128724,3.00088382,-0.115178876,-0.0800702944,9.82941628,-1.27822468e-05,0.000504402502,0.00135128724,3.00268459,-0.000254631042,1
229,2.310004,0,0,0,0,-0.0686608851,0.222811103,0.00241655181,3.00088382,-0.21097967,-0.0992304534,9.8318119,-0.00214331108,0.0015696669,0.00241655181,3.00268459,-0.000254631042,1
230,2.319978,0,0,0,0,-0.0150470361,0.140230253,0.00135128724,3.00088382,-0.136734053,-0.0345649198,9.79349136,-1.27822468e-05,0.00370019581,0.00135128724,3.00268459,-0.000254631042,1
231,2.329999,0,0,0,0,-0.0624538995,0.130012706,0.00348181627,3.00088382,-0.119968921,-0.0800702944,9.76475143,-1.27822468e-05,0.000504402502,0.00348181627,3.00268459,-0.000254631042,1
232,2.339973,0,0,0,0,-0.0505971573,0.128333256,0.000286022841,3.00088382,-0.119968921,-0.0680951998,9.82462692,-1.27822468e-05,-0.00269139092,0.000286022841,3.00268459,-0.000254631042,1
233,2.349999,0,0,0,0,-0.0123261586,0.142266884,0.00241655181,3.00078773,-0.139129072,-0.0321699008,9.8318119,0.0031830112,0.0015696669,0.00241655181,3.00268459,-0.000254631042,1
234,2.359974,0,0,0,0,-0.000483052543,0.140586257,0.00454708049,3.00088382,-0.139129072,-0.0201948043,9.79109669,0.00211774674,0.0015696669,0.00454708049,3.00268459,-0.000254631042,1
235,2.370002,0,0,0,0,0.0069266432,0.175820619,0.00135128724,3.00088382,-0.175054371,-0.0177997835,9.83899689,-1.27822468e-05,-0.000560861954,0.00135128724,3.00268459,-0.000254631042,1
236,2.379976,0,0,0,0,-0.0316666029,0.159516811,0.000286022841,3.00088382,-0.153499186,-0.0537250787,9.85097218,0.00105248217,-0.00162612647,0.000286022841,3.00268459,-0.000254631042,1
237,2.390002,0,0,0,0,-0.0130168926,0.154459581,0.00241655181,3.00078773,-0.151104167,-0.0345649198,9.77433109,0.00105248217,0.0015696669,0.00241655181,3.00268459,-0.000254631042,1
238,2.399976,0,0,0,0,-0.00658943085,0.148707971,0.00241655181,3.00088382,-0.146314129,-0.027379863,9.77672672,-1.27822468e-05,0.00370019581,0.00241655181,3.00268459,-0.000254631042,1
239,2.409994,0,0,0,0,-0.056703534,0.136454985,0.000286022841,3.00088382,-0.127153978,-0.0752802566,9.83899689,0.00105248217,0.000504402502,0.000286022841,3.00268459,-0.000254631042,1
240,2.420000,0,0,0,0,-0.01742341,0.157503128,0.000286022841,3.00078773,-0.153499186,-0.0393549614,9.78391171,-1.27822468e-05,0.0015696669,0.000286022841,3.00268459,-0.000254631042,1
241,2.429975,0,0,0,0,-0.00186685182,0.16497153,-0.000779241615,3.00088382,-0.163079277,-0.0249848422,9.79349136,-1.27822468e-05,-0.00375665538,-0.000779241615,3.00268459,-0.000254631042,1
242,2.439984,0,0,0,0,0.00485094124,0.212398529,0.00135128724,3.00088382,-0.21097967,-0.0249848422,9.79828167,-0.00107804674,-0.000560861954,0.00135128724,3.00268459,-0.000254631042,1
243,2.449980,0,0,0,0,-0.00860476866,0.13447988,0.00135128724,3.00088382,-0.131944016,-0.027379863,9.77193642,-1.27822468e-05,-0.000560861954,0.00135128724,3.00268459,-0.000254631042,1
244,2.459978,0,0,0,0,-0.00420385739,0.148372486,0.00241655181,3.00078773,-0.146314129,-0.0249848422,9.77672672,-0.00107804674,0.000504402502,0.00241655181,3.00268459,-0.000254631042,1
245,2.469975,0,0,0,0,-0.0363690592,0.126317918,-0.000779241615,3.00088382,-0.119968921,-0.0537250787,9.73601055,-1.27822468e-05,-0.000560861954,-0.000779241615,3.00268459,-0.000254631042,1
246,2.479983,0,0,0,0,-0.0550039634,0.131376386,0.00241655181,3.00088382,-0.12236394,-0.0728852376,9.86294651,-0.00214331108,-0.00162612647,0.00241655181,3.00268459,-0.000254631042,1
247,2.489980,0,0,0,0,-0.017478751,0.191372141,0.000286022841,3.00088382,-0.187029466,-0.0441449992,9.81265163,-0.00107804674,-0.000560861954,0.000286022841,3.00268459,-0.000254631042,1
248,2.499977,0,0,0,0,-0.0421395488,0.136810988,0.00348181627,3.00088382,-0.129548997,-0.0609101392,9.85097218,-1.27822468e-05,0.000504402502,0.00348181627,3.00268459,-0.000254631042,1
249,2.509974,0,0,0,0,-0.00488985982,0.143629387,-0.000779241615,3.00088382,-0.141524091,-0.0249848422,9.74798584,0.00105248217,0.000504402502,-0.000779241615,3.00268459,-0.000254631042,1
250,2.529997,0,0,0,0,-0.00728132948,0.160900623,0.00135128724,3.00088382,-0.158289239,-0.0297748819,9.78630638,0.00211774674,0.0015696669,0.00135128724,3.00268459,-0.000254631042,1
251,2.540016,0,0,0,0,0.016055651,0.205974832,0.00454708049,3.00078773,-0.206189632,-0.0130097447,9.81744194,-1.27822468e-05,-0.000560861954,0.00454708049,3.00268459,-0.000254631042,1
252,2.550004,0,0,0,0,-0.00692532072,0.14633663,0.00241655181,3.00088382,-0.14391911,-0.027379863,9.74319553,0.0031830112,-0.000560861954,0.00241655181,3.00268459,-0.000254631042,1
253,2.560004,0,0,0,0,-0.0082688788,0.136851236,-0.000779241615,3.00088382,-0.134339035,-0.027379863,9.85576153,-1.27822468e-05,0.000504402502,-0.000779241615,3.00268459,-0.000254631042,1
254,2.569979,0,0,0,0,-0.0374572128,0.186945215,0.00135128724,3.00088382,-0.115178876,-0.0249848422,9.78391171,-0.00214331108,-0.00162612647,0.00241655181,3.00268459,-0.000254631042,1
255,2.579994,0,0,0,0,-0.0567437746,0.170325652,0.00135128724,3.00088382,-0.134339035,-0.0752802566,9.73361588,-0.00107804674,0.000504402502,0.000286022841,3.00268459,-0.000254631042,1
256,2.589980,0,0,0,0,0.0374585353,0.135212019,0.00241655181,3.00088382,-0.160684258,-0.0106147248,9.84618187,-1.27822468e-05,0.00476546027,0.00241655181,3.00268459,-0.000254631042,1
257,2.600004,0,0,0,0,-0.0557159856,0.160504356,0.00135128724,3.00088382,-0.15589422,-0.0585151166,9.81504631,0.00105248217,-0.000560861954,-0.000779241615,3.00268459,-0.000254631042,1
258,2.609979,0,0,0,0,-0.0238807742,0.163251847,-0.000779241615,3.00088382,-0.17744939,-0.0201948043,9.81744194,-1.27822468e-05,-0.00162612647,0.000286022841,3.00268459,-0.000254631042,1
259,2.619999,0,0,0,0,-0.042831447,0.149003625,0.00348181627,3.00088382,-0.158289239,-0.0201948043,9.78151608,-1.27822468e-05,-0.00162612647,0.00454708049,3.00268459,-0.000254631042,1
260,2.629973,0,0,0,0,-0.0472382605,0.152046755,0.00348181627,3.00088382,-0.14391911,-0.0680951998,9.81744194,-0.00107804674,0.000504402502,0.00241655181,3.00268459,-0.000254631042,1
261,2.639980,0,0,0,0,-0.0380745269,0.148335487,0.00241655181,3.00078773,-0.141524091,-0.0585151166,9.88689709,-0.00214331108,0.000504402502,0.00241655181,3.00268459,-0.000254631042,1
262,2.649978,0,0,0,0,0.00902246777,0.122307368,0.00135128724,3.00088382,-0.12236394,-0.00821970589,9.79349136,0.00105248217,0.0015696669,0.00241655181,3.00268459,-0.000254631042,1
263,2.659976,0,0,0,0,-0.0259162374,0.16595909,-0.00184450613,3.00088382,-0.160684258,-0.0489350408,9.81983662,-1.27822468e-05,-0.00162612647,-0.00184450613,3.00268459,-0.000254631042,1
264,2.669984,0,0,0,0,-0.0184662975,0.16732277,0.00348181627,3.00088382,-0.163079277,-0.0417499803,9.77672672,-0.00107804674,0.00263493136,0.00348181627,3.00268459,-0.000254631042,1
265,2.679980,0,0,0,0,-0.0350657403,0.169673994,0.00135128724,3.00088382,-0.163079277,-0.0585151166,9.78630638,-1.27822468e-05,-0.00162612647,0.00135128724,3.00268459,-0.000254631042,1
266,2.689976,0,0,0,0,-0.0438189954,0.124954246,-0.000779241615,3.00088382,-0.117573902,-0.0609101392,9.87013245,0.00105248217,0.000504402502,-0.000779241615,3.00268459,-0.000254631042,1
267,2.699984,0,0,0,0,-0.00184673234,0.148036197,0.00241655181,3.00088382,-0.146314129,-0.0225898232,9.75517082,-1.27822468e-05,-0.000560861954,0.00241655181,3.00268459,-0.000254631042,1
268,2.709980,0,0,0,0,-0.0515746959,0.104288824,0.00241655181,3.00078773,-0.0960187241,-0.0657001734,9.81025696,-0.00107804674,-0.000560861954,0.00241655181,3.00268459,-0.000254631042,1
269,2.720003,0,0,0,0,-0.023492014,0.131754771,0.00348181627,3.00078773,-0.127153978,-0.0417499803,9.76475143,0.00105248217,0.00476546027,0.00348181627,3.00268459,-0.000254631042,1
270,2.729994,0,0,0,0,0.0144305602,0.143312231,0.00348181627,3.00078773,-0.14391911,-0.00582468603,9.79349136,-0.00214331108,-0.000560861954,0.00348181627,3.00268459,-0.000254631042,1
271,2.740000,0,0,0,0,-0.0492033847,0.103952706,0.00135128724,3.00078773,-0.0960187241,-0.0633051544,9.81025696,-0.00107804674,-0.000560861954,0.00135128724,3.00268459,-0.000254631042,1
272,2.750083,0,0,0,0,0.00595921744,0.134835899,0.00241655181,3.00088382,-0.134339035,-0.0130097447,9.78391171,0.00105248217,0.000504402502,0.00241655181,3.00268459,-0.000254631042,1
273,2.759977,0,0,0,0,0.00495154876,0.127721846,-0.000779241615,3.00088382,-0.127153978,-0.0130097447,9.77672672,-1.27822468e-05,-0.000560861954,-0.000779241615,3.00268459,-0.000254631042,1
274,2.769975,0,0,0,0,-0.0313151963,0.161891162,0.00348181627,3.00078773,-0.15589422,-0.0537250787,9.74319553,-0.00107804674,-0.00162612647,0.00348181627,3.00268459,-0.000254631042,1
275,2.779994,0,0,0,0,-0.00997333881,0.158866107,0.00135128724,3.00078773,-0.15589422,-0.0321699008,9.71924591,-1.27822468e-05,0.0015696669,0.00135128724,3.00268459,-0.000254631042,1
276,2.789980,0,0,0,0,-0.000106918065,0.109086938,0.000286022841,3.00088382,-0.107993819,-0.0154047646,9.73840618,-1.27822468e-05,0.000504402502,0.000286022841,3.00268459,-0.000254631042,1
277,2.799997,0,0,0,0,-0.00151084282,0.150407538,0.00135128724,3.00088382,-0.148709148,-0.0225898232,9.74798584,-0.00107804674,0.000504402502,0.00135128724,3.00268459,-0.000254631042,1
278,2.809974,0,0,0,0,-0.0373968482,0.136139214,0.00135128724,3.00088382,-0.129548997,-0.0561200976,9.81265163,-0.00107804674,0.00263493136,0.00135128724,3.00268459,-0.000254631042,1
279,2.819995,0,0,0,0,-0.0184872523,0.201195195,0.00135128724,3.00078773,-0.196609542,-0.0465400182,9.79828167,-1.27822468e-05,-0.00162612647,0.00135128724,3.00268459,-0.000254631042,1
280,2.829982,0,0,0,0,0.00184624782,0.191056192,0.00241655181,3.00078773,-0.189424485,-0.0249848422,9.81504631,-1.27822468e-05,0.0015696669,0.00241655181,3.00268459,-0.000254631042,1
281,2.840001,0,-0.00221497891,0,0,-0.0289191194,0.127681598,0.00348181627,3.00088382,-0.12236394,-0.0465400182,9.80786133,0.00105248217,0.0015696669,0.00348181627,3.00268459,-0.000254631042,1
282,2.849976,0,0,0,0,-0.0628501475,0.178447366,0.000286022841,3.00088382,-0.167869315,-0.0872553512,9.81504631,0.00105248217,-0.00162612647,0.000286022841,3.00268459,-0.000254631042,1
283,2.859998,0,0,0,0,-0.0577542968,0.180152461,0.00454708049,3.00078773,-0.170264333,-0.0824653134,9.81504631,-0.00320857554,0.0015696669,0.00454708049,3.00268459,-0.000254631042,1
284,2.869996,0,0,0,0,-0.0239021238,0.197124794,0.00241655181,3.00078773,-0.191819504,-0.0513300598,9.75756645,0.00211774674,-0.000560861954,0.00241655181,3.00268459,-0.000254631042,1
285,2.879983,0,0,0,0,-0.0278913304,0.11786031,-0.000779241615,3.00088382,-0.112783857,-0.0441449992,9.78391171,0.00211774674,-0.00162612647,-0.000779241615,3.00268459,-0.000254631042,1
286,2.889997,0,0,0,0,0.0369141512,0.130433336,0.00241655181,2.99990726,-0.134339035,0.0181255098,9.77193642,-0.00214331108,0.000504402502,0.00241655181,3.00268459,-0.000254631042,1
287,2.899973,0,0,0,0,-0.0624740198,0.14694804,0.00135128724,3.00088382,-0.136734053,-0.0824653134,9.7623558,0.00105248217,-0.00269139092,0.00135128724,3.00268459,-0.000254631042,1
288,2.910004,0,0,0,0,0.00257397583,0.144992813,0.00135128724,3.00078773,-0.14391911,-0.0177997835,9.73840618,-1.27822468e-05,0.0015696669,0.00135128724,3.00268459,-0.000254631042,1
289,2.919996,0,0,0,0,-0.00758352689,0.141594648,0.00135128724,3.00078773,-0.139129072,-0.027379863,9.80307102,-1.27822468e-05,-0.00162612647,0.00135128724,3.00268459,-0.000254631042,1
290,2.929980,0,0,0,0,0.00356774544,0.152107105,0.00241655181,3.00088382,-0.151104167,-0.0177997835,9.84378719,-0.00320857554,0.000504402502,0.00241655181,3.00268459,-0.000254631042,1
291,2.940004,0,0,-0.00221497891,0,0.0126971332,0.165327549,0.000286022841,3.00088382,-0.165474296,-0.0106147248,9.81025696,0.00105248217,-0.000560861954,0.000286022841,3.00268459,-0.000254631042,1
292,2.949978,0,0,0,0,-0.00350605859,0.119244121,0.000286022841,3.00088382,-0.117573902,-0.0201948043,9.70727062,-0.00214331108,-0.00162612647,0.000286022841,3.00268459,-0.000254631042,1
293,2.959977,0,0,0,0,-0.0515932068,0.12122415,0.00348181627,3.00078773,-0.112783857,-0.0680951998,9.75756645,0.00105248217,0.00263493136,0.00348181627,3.00268459,-0.000254631042,1
294,2.969976,0,0,0,0,-0.00487609114,0.143629849,0.00135128724,3.00078773,-0.141524091,-0.0249848422,9.81265163,-1.27822468e-05,0.0015696669,0.00135128724,3.00268459,-0.000254631042,1
295,2.979983,0,0,0,0,-0.000842687034,0.172085658,0.00135128724,3.00078773,-0.170264333,-0.0249848422,9.74798584,-1.27822468e-05,0.000504402502,0.00135128724,3.00268459,-0.000254631042,1
296,2.989979,0,0,0,0,6.14760665e-06,0.142957687,0.00454708049,2.99981117,-0.141524091,-0.0201948043,9.82941628,-0.00107804674,-0.000560861954,0.00454708049,3.00268459,-0.000254631042,1
297,2.999977,0,0,0,0,-0.0347133577,0.0999008045,0.00241655181,3.00078773,-0.0936237052,-0.0513300598,9.79588604,0.00105248217,0.0015696669,0.00241655181,3.00268459,-0.000254631042,1
298,3.009974,0,0,0,0,-0.0336495154,0.128356606,0.00135128724,3.00078773,-0.160684258,-0.0417499803,9.78870106,-1.27822468e-05,-0.000560861954,-0.00184450613,3.00268459,-0.000254631042,1
299,3.019982,0,0,0,0,-0.00983342156,0.15887484,-0.000779241615,2.99990726,-0.112783857,-0.0704902187,9.79588604,-0.00107804674,-0.000560861954,0.00348181627,3.00268459,-0.000254631042,1
300,3.029982,0,0,0,0,-0.0604184382,0.127305478,0.00348181627,3.00088382,-0.131944016,-0.0561200976,9.80786133,-0.00107804674,-0.00162612647,0.00241655181,3.00268459,-0.000254631042,1
301,3.050000,0,0,0,0,-0.0410440862,0.076187633,0.00241655181,3.00078773,-0.153499186,0.013335471,9.79588604,0.00105248217,0.0015696669,0.00348181627,3.00268459,-0.000254631042,1
302,3.059974,0,0,0,0,-0.0489042699,0.140194684,0.00135128724,3.00078773,-0.148709148,-0.0154047646,9.79828167,-0.00107804674,-0.000560861954,0.00241655181,3.00268459,-0.000254631042,1
303,3.069995,0,0,0,0,0.0403033718,0.120272852,0.00348181627,2.99990726,-0.134339035,0.0109404512,9.76475143,-0.00107804674,0.0015696669,0.00135128724,3.00268459,-0.000254631042,1
304,3.079980,0,0,0,0,-0.0340580717,0.176788032,0.00135128724,3.00088382,-0.170264333,-0.0585151166,9.75517082,-1.27822468e-05,0.0015696669,0.00241655181,3.00268459,-0.000254631042,1
305,3.090004,0,0,0,0,-0.0194586087,0.16021058,-0.000779241615,3.00078773,-0.15589422,-0.0417499803,9.76714611,-0.00107804674,-0.00162612647,0.00135128724,3.00268459,-0.000254631042,1
306,3.099977,0,0,0,0,-0.00586594315,0.119580574,0.00135128724,3.00078773,-0.117573902,-0.0225898232,9.7623558,-1.27822468e-05,-0.00375665538,0.000286022841,3.00268459,-0.000254631042,1
307,3.109997,0,0,0,0,-0.0247359537,0.156162009,-0.000779241615,2.99990726,-0.151104167,-0.0465400182,9.76954079,0.0031830112,-0.00162612647,-0.000779241615,3.00268459,-0.000254631042,1
308,3.119983,0,0,0,0,-0.00113470817,0.118908234,-0.00184450613,3.00088382,-0.117573902,-0.0177997835,9.79109669,-1.27822468e-05,-0.000560861954,-0.00184450613,3.00268459,-0.000254631042,1
309,3.129999,0,0,0,0,-0.0388208926,0.19439514,0.000286022841,3.00088382,-0.187029466,-0.0657001734,9.76714611,-0.00214331108,-0.00269139092,0.000286022841,3.00268459,-0.000254631042,1
310,3.140000,0,0,0,0,0.00905268919,0.105371162,-0.00184450613,3.00078773,-0.1055988,-0.00582468603,9.8318119,-0.00320857554,-0.00162612647,-0.00184450613,3.00268459,-0.000254631042,1
311,3.149976,0,0,0,0,-0.0380887501,0.148331836,0.000286022841,3.00088382,-0.141524091,-0.0585151166,9.75756645,-0.00107804674,-0.00162612647,0.000286022841,3.00268459,-0.000254631042,1
312,3.159984,0,0,0,0,0.00270167203,0.144990489,0.00241655181,2.99990726,-0.14391911,-0.0177997835,9.77433109,-1.27822468e-05,-0.000560861954,0.00241655181,3.00268459,-0.000254631042,1
313,3.169980,0,0,0,0,-0.034709733,0.155110002,0.00348181627,3.00088382,-0.148709148,-0.0561200976,9.78870106,-0.00320857554,0.000504402502,0.00348181627,3.00268459,-0.000254631042,1
314,3.179977,0,0,0,0,-0.0357174017,0.147995949,0.000286022841,3.00088382,-0.141524091,-0.0561200976,9.81265163,-0.00107804674,0.0015696669,0.000286022841,3.00268459,-0.000254631042,1
315,3.189974,0,0,0,0,-0.0560518764,0.158133,0.00241655181,3.00088382,-0.148709148,-0.0776752755,9.78870106,0.00211774674,-0.00162612647,0.00241655181,3.00265408,-0.000254631042,1
316,3.199982,0,0,0,0,0.0293368194,0.129105642,0.00241655181,3.00088382,-0.131944016,0.0109404512,9.81983662,-0.00214331108,-0.000560861954,0.00241655181,3.00265408,-0.000254631042,1
317,3.209978,0,0,0,0,-0.0248683244,0.139202461,0.00241655181,3.00088382,-0.134339035,-0.0441449992,9.74319553,-1.27822468e-05,-0.00375665538,0.00241655181,3.00265408,-0.000254631042,1
318,3.219974,0,0,0,0,-0.027244797,0.156476289,0.00241655181,3.00078773,-0.151104167,-0.0489350408,9.78151608,0.00105248217,-0.000560861954,0.00241655181,3.00265408,-0.000254631042,1
319,3.229983,0,0,0,0,-0.0293153748,0.176116258,0.000286022841,3.00088382,-0.170264333,-0.0537250787,9.82223129,0.00105248217,-0.000560861954,0.000286022841,3.00265408,-0.000254631042,1
320,3.249998,0,0,0,0,-0.04692249,0.171353444,0.00348181627,3.00088382,-0.163079277,-0.0704902187,9.7623558,-0.00107804674,0.0015696669,0.00348181627,3.00265408,-0.000254631042,1
321,3.259997,0,0,0,0,0.020309845,0.16667147,0.00561234495,2.99990726,-0.167869315,-0.00342966616,9.80067635,-1.27822468e-05,0.0015696669,0.00561234495,3.00265408,-0.000254631042,1
322,3.269983,0,0,0,0,-0.0252042133,0.136831105,0.00348181627,3.00088382,-0.131944016,-0.0441449992,9.72164059,0.00105248217,-0.000560861954,0.00348181627,3.00265408,-0.000254631042,1
323,3.279980,0,0,0,0,-0.0459148213,0.178467482,0.00135128724,3.00088382,-0.170264333,-0.0704902187,9.72164059,0.00105248217,0.0015696669,0.00135128724,3.00265408,-0.000254631042,1
324,3.290000,0,0,0,0,-0.0367451906,0.15781723,0.00348181627,3.00088382,-0.151104167,-0.0585151166,9.77193642,0.00105248217,-0.000560861954,0.00348181627,3.00265408,-0.000254631042,1
325,3.299974,0,0,0,0,0.00627498422,0.154142573,0.00241655181,3.00088382,-0.153499186,-0.0154047646,9.81983662,-1.27822468e-05,-0.00162612647,0.00241655181,3.00265408,-0.000254631042,1
326,3.309997,0,0,0,0,-0.0248683244,0.139202461,0.00135128724,3.00088382,-0.134339035,-0.0441449992,9.7312212,-0.00107804674,0.000504402502,0.00135128724,3.00265408,-0.000254631042,1
327,3.319984,0,0,0,0,-0.0187678766,0.148017868,0.00454708049,3.00078773,-0.14391911,-0.0393549614,9.83660221,0.00211774674,-0.00269139092,0.00454708049,3.00265408,-0.000254631042,1
328,3.329996,0,0,0,0,-0.0363754481,0.143256739,-0.000779241615,3.00078773,-0.136734053,-0.0561200976,9.8318119,-1.27822468e-05,-0.00162612647,-0.000779241615,3.00265408,-0.000254631042,1
329,3.339998,0,0,0,0,-0.0218855627,0.194415271,0.00135128724,3.00088382,-0.189424485,-0.0489350408,9.78391171,-0.00107804674,0.0015696669,0.00135128724,3.00265408,-0.000254631042,1
330,3.349983,0,0,0,0,0.00593909482,0.151771218,0.00135128724,3.00088382,-0.151104167,-0.0154047646,9.8270216,-0.00214331108,-0.00269139092,0.00135128724,3.00265408,-0.000254631042,1
331,3.359998,0,0,0,0,-0.0039023126,0.167678773,-0.000779241615,3.00088382,-0.165474296,-0.027379863,9.7623558,-0.00107804674,0.000504402502,-0.000779241615,3.00265408,-0.000254631042,1
332,3.369984,0,0,0,0,-0.0703000948,0.177083686,0.000286022841,3.00088382,-0.165474296,-0.0944404155,9.86055183,-0.00107804674,0.000504402502,0.000286022841,3.00265408,-0.000254631042,1
333,3.379997,0,0,0,0,-0.0139588797,0.0796029568,0.000286022841,3.00088382,-0.0768585652,-0.0249848422,9.78870106,-0.00107804674,-0.00162612647,0.000286022841,3.00265408,-0.000254631042,1
334,3.389982,0,0,0,0,-0.0353670977,0.150370687,0.00241655181,3.00078773,-0.14391911,-0.0561200976,9.77433109,0.0031830112,0.000504402502,0.00241655181,3.00265408,-0.000254631042,1
335,3.399994,0,0,0,0,-0.0166586842,0.0775690973,-0.000779241615,3.00078773,-0.0744635463,-0.027379863,9.7791214,-0.00107804674,0.00263493136,-0.000779241615,3.00265408,-0.000254631042,1
336,3.409996,0,0,0,0,-0.00712061347,0.143972293,0.00135128724,2.99990726,-0.141524091,-0.027379863,9.81265163,0.00211774674,0.0015696669,0.00135128724,3.00265408,-0.000254631042,1
337,3.419983,0,0,0,0,-0.0299670361,0.154438213,0.00135128724,3.00088382,-0.148709148,-0.0513300598,9.81504631,0.00105248217,-0.000560861954,0.00135128724,3.00265408,-0.000254631042,1
338,3.429997,0,0,0,0,0.00388351362,0.171413809,0.00135128724,3.00088382,-0.170264333,-0.0201948043,9.77193642,-1.27822468e-05,0.000504402502,0.00135128724,3.00265408,-0.000254631042,1
339,3.439983,0,0,0,0,0.0096324319,0.194790468,0.00241655181,3.00078773,-0.194214523,-0.0177997835,9.79588604,-1.27822468e-05,0.000504402502,0.00241655181,3.00265408,-0.000254631042,1
340,3.450004,0,0,0,0,0.0262735691,0.141634166,0.000286022841,3.00088382,-0.14391911,0.00615041237,9.81265163,-1.27822468e-05,0.000504402502,0.000286022841,3.00265408,-0.000254631042,1
341,3.459978,0,0,0,0,-0.0122044384,0.159213036,0.00135128724,3.00088382,-0.12236394,0.00136037311,9.80307102,0.00105248217,0.0015696669,0.00135128724,3.00265408,-0.000254631042,1
342,3.470003,0,0,0,0,-0.0288051665,0.178515822,0.00348181627,2.99990726,-0.124758959,-0.0249848422,9.75517082,0.00105248217,-0.000560861954,0.00241655181,3.00265408,-0.000254631042,1
343,3.479977,0,0,0,0,-0.0529886261,0.145604476,0.00241655181,3.00088382,-0.141524091,-0.0249848422,9.74798584,-1.27822468e-05,0.00370019581,0.00135128724,3.00265408,-0.000254631042,1
344,3.490003,0,0,0,0,-0.0208400711,0.184595972,0.000286022841,3.00078773,-0.172659352,-0.0489350408,9.75277615,-0.00107804674,-0.000560861954,0.000286022841,3.00265408,-0.000254631042,1
345,3.499978,0,0,0,0,-0.0326541513,0.135467425,0.000286022841,3.00088382,-0.131944016,-0.027379863,9.80546665,-1.27822468e-05,-0.00162612647,-0.000779241615,3.00265408,-0.000254631042,1
346,3.509976,0,0,0,0,-0.0425358042,0.185245648,0.00135128724,3.00088382,-0.134339035,-0.0800702944,9.81504631,0.00211774674,-0.00162612647,-0.00290977047,3.00265408,-0.000254631042,1
347,3.519984,0,0,0,0,-0.034709733,0.155110002,0.00241655181,3.00088382,-0.131944016,-0.0369599424,9.76954079,-1.27822468e-05,-0.000560861954,0.00135128724,3.00265408,-0.000254631042,1
348,3.529980,0,0,0,0,-0.00218715449,0.162600398,0.00241655181,3.00078773,-0.160684258,-0.0249848422,9.80067635,-1.27822468e-05,0.000504402502,0.00241655181,3.00265408,-0.000254631042,1
349,3.539977,0,0,0,0,-0.00562200556,0.189692691,0.000286022841,3.00088382,-0.187029466,-0.0321699008,9.7623558,-0.00214331108,-0.000560861954,0.000286022841,3.00265408,-0.000254631042,1
350,3.549973,0,0,0,0,-0.00927654747,0.129737183,0.00454708049,3.00088382,-0.127153978,-0.027379863,9.79828167,-0.00107804674,-0.00162612647,0.00135128724,3.00265408,-0.000254631042,1
351,3.559982,0,0,0,0,-0.017404912,0.140567809,-0.000779241615,3.00078773,-0.136734053,-0.0369599424,9.79109669,0.00105248217,-0.000560861954,-0.000779241615,3.00265408,-0.000254631042,1
352,3.569980,0,0,0,0,-0.0215094257,0.16291596,0.00135128724,3.00088382,-0.158289239,-0.0441449992,9.8270216,0.00211774674,-0.000560861954,0.00135128724,3.00265408,-0.000254631042,1
353,3.579976,0,0,0,0,-0.00927654747,0.129737183,0.00454708049,3.00088382,-0.127153978,-0.027379863,9.85097218,-1.27822468e-05,-0.00162612647,0.00454708049,3.00265408,-0.000254631042,1
354,3.600002,0,0,0,0,0.000837897242,0.183942243,0.000286022841,3.00078773,-0.182239428,-0.0249848422,9.78151608,-0.00214331108,0.000504402502,0.000286022841,3.00265408,-0.000254631042,1
355,3.609976,0,0,0,0,-0.0289593637,0.16155228,-0.00184450613,3.00088382,-0.15589422,-0.0513300598,9.8270216,-0.00107804674,-0.000560861954,-0.00184450613,3.00265408,-0.000254631042,1
356,3.619998,0,0,0,0,0.0117095839,0.141278163,0.00348181627,3.00088382,-0.141524091,-0.00821970589,9.71924591,-1.27822468e-05,0.0015696669,0.00348181627,3.00265408,-0.000254631042,1
357,3.630060,0,0,0,0,-0.0190854967,0.128711224,0.000286022841,3.00078773,-0.124758959,-0.0369599424,9.7791214,0.00211774674,-0.000560861954,0.000286022841,3.00265408,-0.000254631042,1
358,3.639974,0,0,0,0,-0.039792113,0.170349583,0.00241655181,3.00078773,-0.163079277,-0.0633051544,9.78391171,0.00105248217,-0.00162612647,0.00241655181,3.00265408,-0.000254631042,1
359,3.650000,0,0,0,0,-0.0424553156,0.117504299,0.00241655181,3.00088382,-0.110388838,-0.0585151166,9.83899689,0.00105248217,0.00263493136,0.00241655181,3.00265408,-0.000254631042,1
360,3.659974,0,0,0,0,-0.0272396728,0.139538348,0.00135128724,3.00088382,-0.134339035,-0.0465400182,9.72882557,-0.00107804674,-0.000560861954,0.00135128724,3.00265408,-0.000254631042,1
361,3.670004,0,0,0,0,-0.0231743939,0.151061416,0.00135128724,3.00078773,-0.146314129,-0.0441449992,9.84378719,0.00105248217,0.000504402502,0.00135128724,3.00265408,-0.000254631042,1
362,3.679979,0,0,0,0,-0.023155896,0.134126082,0.00241655181,3.00078773,-0.129548997,-0.0417499803,9.84857655,-1.27822468e-05,0.0015696669,0.00241655181,3.00265408,-0.000254631042,1
363,3.689976,0,0,0,0,-0.00997333881,0.158866107,0.00241655181,3.00078773,-0.15589422,-0.0321699008,9.80786133,-0.00107804674,0.000504402502,0.00241655181,3.00265408,-0.000254631042,1
364,3.699984,0,0,0,0,-0.0376644209,0.0829654634,-0.000779241615,3.00078773,-0.0768585652,-0.0489350408,9.79109669,-1.27822468e-05,-0.00375665538,-0.000779241615,3.00265408,-0.000254631042,1
365,3.709980,0,0,0,0,0.00373478723,0.118232511,0.00241655181,2.99981117,-0.117573902,-0.0130097447,9.80546665,-0.00107804674,-0.00269139092,0.00241655181,3.00265408,-0.000254631042,1
366,3.719976,0,0,0,0,-0.0404088497,0.114800937,0.00348181627,3.00078773,-0.107993819,-0.0561200976,9.81983662,-1.27822468e-05,0.000504402502,0.00348181627,3.00265408,-0.000254631042,1
367,3.729974,0,0,0,0,0.00157884043,0.137878716,0.00241655181,3.00069189,-0.136734053,-0.0177997835,9.82941628,0.00105248217,-0.00269139092,0.00241655181,3.00265408,-0.000254631042,1
368,3.739983,0,0,0,0,-0.0373837985,0.13614279,0.00135128724,3.00078773,-0.129548997,-0.0561200976,9.80546665,0.00211774674,0.00263493136,0.00135128724,3.00265408,-0.000254631042,1
369,3.749979,0,0,0,0,0.000202657233,0.145328939,-0.000779241615,3.00078773,-0.14391911,-0.0201948043,9.86294651,-0.00107804674,0.00263493136,-0.000779241615,3.00265408,-0.000254631042,1
370,3.759975,0,0,0,0,-0.035703212,0.147999376,0.00454708049,3.00078773,-0.141524091,-0.0561200976,9.77433109,0.00105248217,0.0015696669,0.00454708049,3.00265408,-0.000254631042,1
371,3.769999,0,0,0,0,-0.0533292852,0.160173565,0.00135128724,3.00078773,-0.151104167,-0.0752802566,9.74559116,0.00211774674,-0.00162612647,0.00135128724,3.00265408,-0.000254631042,1
372,3.779974,0,0,0,0,0.00457217824,0.176156059,0.00135128724,3.00078773,-0.175054371,-0.0201948043,9.79588604,-0.00320857554,-0.00269139092,0.00135128724,3.00265408,-0.000254631042,1
373,3.789999,0,0,0,0,-0.0217929278,0.126676023,0.00135128724,3.00078773,-0.12236394,-0.0393549614,9.73840618,-1.27822468e-05,-0.000560861954,0.00135128724,3.00265408,-0.000254631042,1
374,3.799974,0,0,0,0,-0.0191224925,0.162581906,0.00241655181,3.00078773,-0.158289239,-0.0417499803,9.77193642,0.00105248217,-0.00375665538,0.00241655181,3.00265408,-0.000254631042,1
375,3.810005,0,0,0,0,-0.0247209854,0.156164393,0.00135128724,2.99981117,-0.151104167,-0.0465400182,9.76954079,0.00105248217,-0.00162612647,0.00135128724,3.00265408,-0.000254631042,1
376,3.820001,0,0,0,0,-0.00382182561,0.099937439,0.000286022841,3.00088382,-0.0984137431,-0.0177997835,9.80067635,-1.27822468e-05,-0.00269139092,0.000286022841,3.00265408,-0.000254631042,1
377,3.829975,0,0,0,0,-0.0255803466,0.168330431,0.00241655181,3.00088382,-0.163079277,-0.0489350408,9.76714611,-1.27822468e-05,0.000504402502,0.00241655181,3.00265408,-0.000254631042,1
378,3.840004,0,0,0,0,-0.0929324329,0.136759534,0.00348181627,3.00078773,-0.12236394,-0.111205548,9.71924591,0.00105248217,0.00263493136,0.00348181627,3.00265408,-0.000254631042,1
379,3.849978,0,0,0,0,-0.0184317604,0.15038918,0.00241655181,3.00078773,-0.146314129,-0.0393549614,9.76954079,-0.00107804674,0.000504402502,0.00241655181,3.00265408,-0.000254631042,1
380,3.859997,0,0,0,0,-0.0259188246,0.182896897,0.00348181627,3.00078773,-0.17744939,-0.0513300598,9.78630638,0.00105248217,-0.000560861954,0.00348181627,3.00265408,-0.000254631042,1
381,3.869982,0,0,0,0,-0.0223613493,0.138888463,0.00241655181,2.99990726,-0.134339035,-0.0417499803,9.75996113,-1.27822468e-05,0.00263493136,0.00241655181,3.00265408,-0.000254631042,1
382,3.879995,0,0,0,0,0.0117231263,0.14127703,0.00135128724,3.00078773,-0.141524091,-0.00821970589,9.78151608,-0.00107804674,-0.00162612647,0.00135128724,3.00265408,-0.000254631042,1
383,3.889980,0,0,0,0,0.0135512911,0.170055807,0.000286022841,2.99981117,-0.170264333,-0.0106147248,9.76714611,-1.27822468e-05,0.000504402502,0.000286022841,3.00265408,-0.000254631042,1
384,3.899977,0,0,0,0,-0.0418237783,0.155130118,0.00348181627,3.00088382,-0.151104167,-0.0393549614,9.76714611,0.00105248217,0.000504402502,0.00348181627,3.00265408,-0.000254631042,1
385,3.909974,0,0,0,0,-0.0421819314,0.187621027,0.00135128724,3.00078773,-0.170264333,-0.0537250787,9.79109669,-0.00107804674,0.000504402502,0.00135128724,3.00265408,-0.000254631042,1
386,3.919983,0,0,0,0,-0.0343957432,0.191355318,0.000286022841,3.00078773,-0.151104167,0.00375539274,9.80067635,0.00105248217,-0.00269139092,0.000286022841,3.00265408,-0.000254631042,1
387,3.929979,0,0,0,0,-0.00238215481,0.160231248,0.00348181627,2.99990726,-0.148709148,-0.0201948043,9.75517082,-1.27822468e-05,0.000504402502,0.000286022841,3.00262356,-0.000254631042,1
388,3.939975,0,0,0,0,-0.0278913304,0.11786031,0.00135128724,3.00088382,-0.151104167,-0.0537250787,9.7623558,0.00105248217,0.0015696669,0.000286022841,3.00262356,-0.000254631042,1
389,3.949983,0,0,0,0,-0.0309605803,0.14732714,0.00135128724,3.00078773,-0.12236394,-0.0417499803,9.8270216,-1.27822468e-05,-0.00375665538,0.000286022841,3.00262356,-0.000254631042,1
390,3.959980,0,0,0,0,-0.0316513143,0.159519836,0.000286022841,3.00078773,-0.136734053,-0.0225898232,9.75756645,-1.27822468e-05,-0.00269139092,-0.000779241615,3.00262356,-0.000254631042,1
391,3.969977,0,0,0,0,-0.00644061901,0.131779,0.000286022841,2.99990726,-0.165474296,-0.0489350408,9.81744194,0.00105248217,-0.00162612647,0.000286022841,3.00262356,-0.000254631042,1
392,4.119997,0,0,0,0,-0.0391383693,0.192027554,0.00135128724,3.00078773,-0.184634447,-0.0657001734,9.76475143,-1.27822468e-05,-0.00162612647,0.00135128724,3.00262356,-0.000254631042,1
393,4.129982,0,-0.00221497891,0,0,-0.0340379514,0.159852698,0.00241655181,3.00088382,-0.153499186,-0.0561200976,9.7623558,-1.27822468e-05,0.0015696669,0.00241655181,3.00262356,-0.000254631042,1
394,4.140003,0,0,0,-0.00221497891,-0.0494831614,0.135486186,0.00135128724,3.00009894,-0.127153978,-0.0680951998,9.83660221,0.00211774674,0.000504402502,0.00135128724,3.00262356,-0.000254631042,1
395,4.149978,0,0,0,0,-0.0523312539,0.150342166,0.000286022841,3.00097966,-0.141524091,-0.0728852376,9.8749218,0.00105248217,-0.00482191984,0.000286022841,3.00262356,-0.000254631042,1
396,4.160002,0,0,0,0,-0.0729872137,0.158112884,0.00241655181,3.00088382,-0.146314129,-0.0944404155,9.75277615,-0.00107804674,-0.000560861954,0.00241655181,3.00262356,-0.000254631042,1
397,4.170004,0,0,0,0,-0.0126958098,0.156829685,0.00348181627,3.00088382,-0.153499186,-0.0345649198,9.78391171,0.00105248217,0.000504402502,0.00348181627,3.00262356,-0.000254631042,1
398,4.179978,0,0,0,0,-0.0216778759,0.0758870542,0.00348181627,3.0000031,-0.0720685273,-0.0321699008,9.78630638,-1.27822468e-05,-0.000560861954,0.00348181627,3.00262356,-0.000254631042,1
399,4.190001,0,0,0,0,-0.0309670772,0.130385876,0.00348181627,3.00097966,-0.124758959,-0.0489350408,9.82462692,0.00105248217,0.000504402502,0.00348181627,3.00262356,-0.000254631042,1
400,4.199976,0,0,0,0,-0.0105999829,0.103316456,0.00241655181,3.00088382,-0.100808762,-0.0249848422,9.70248032,-0.00107804674,0.000504402502,0.00241655181,3.00262356,-0.000254631042,1
401,4.209994,0,0,0,0,-0.0264512207,0.178175077,0.00241655181,3.0000031,-0.172659352,-0.0513300598,9.76954079,-1.27822468e-05,0.000504402502,0.00241655181,3.00262356,-0.000254631042,1
402,4.219980,0,0,0,0,-0.00815875456,0.17072916,0.00348181627,3.0000031,-0.167869315,-0.0321699008,9.8318119,0.00211774674,0.00263493136,0.00348181627,3.00262356,-0.000254631042,1
403,4.229977,0,0,0,0,-0.0260851905,0.129742593,0.00454708049,2.99990726,-0.124758959,-0.0441449992,9.77433109,-0.00320857554,-0.000560861954,0.00454708049,3.00262356,-0.000254631042,1
404,4.239974,0,0,0,0,-0.00421808055,0.148372084,0.00348181627,3.00088382,-0.146314129,-0.0249848422,9.80786133,0.0031830112,-0.00269139092,0.00348181627,3.00262356,-0.000254631042,1
405,4.249982,0,0,0,0,0.00403968897,0.154474959,0.000286022841,3.0000031,-0.153499186,-0.0177997835,9.82223129,0.00105248217,0.000504402502,0.000286022841,3.00262356,-0.000254631042,1
406,4.259980,0,0,0,0,0.00303616677,0.113491118,0.00135128724,3.0000031,-0.112783857,-0.0130097447,9.80786133,0.00105248217,0.00370019581,0.00135128724,3.00262356,-0.000254631042,1
407,4.269977,0,0,0,0,-0.0194940884,0.177144051,0.00135128724,3.00088382,-0.172659352,-0.0441449992,9.7623558,-1.27822468e-05,-0.00269139092,0.00135128724,3.00262356,-0.000254631042,1
408,4.279973,0,0,0,0,-0.0245558601,0.175446838,0.00135128724,3.00078773,-0.170264333,-0.0489350408,9.77193642,-0.00107804674,-0.000560861954,0.00135128724,3.00262356,-0.000254631042,1
409,4.289982,0,0,0,0,0.00337808253,0.14973253,0.000286022841,2.99990726,-0.148709148,-0.0177997835,9.76954079,0.00105248217,0.000504402502,0.000286022841,3.00262356,-0.000254631042,1
410,4.299979,0,0,0,0,-0.0305281393,0.16665487,0.00241655181,3.00009894,-0.160684258,-0.0537250787,9.82223129,-0.00214331108,0.00263493136,0.00241655181,3.00262356,-0.000254631042,1
411,4.309994,0,0,0,0,0.0300175156,0.116915889,0.00135128724,3.00097966,-0.119968921,0.013335471,9.74798584,-0.00107804674,-0.00162612647,0.00135128724,3.00262356,-0.000254631042,1
412,4.319981,0,0,0,0,-0.0228382777,0.153432742,0.00241655181,3.00078773,-0.148709148,-0.0441449992,9.79588604,0.00211774674,-0.00269139092,0.00241655181,3.00262356,-0.000254631042,1
413,4.329979,0,0,0,0,0.00913115498,0.17310454,0.00241655181,2.99990726,-0.172659352,-0.0154047646,9.75277615,0.00105248217,-0.000560861954,0.00241655181,3.00262356,-0.000254631042,1
414,4.339999,0,0,0,0,-0.00780516071,0.122294165,0.000286022841,3.0000031,-0.119968921,-0.0249848422,9.70727062,-0.00107804674,0.000504402502,0.000286022841,3.00262356,-0.000254631042,1
415,4.349973,0,0,0,0,0.0003271366,0.115181006,0.00348181627,3.0000031,-0.112783857,-0.0249848422,9.73601055,-0.00107804674,-0.00269139092,0.00348181627,3.00262356,-0.000254631042,1
416,4.359983,0,0,0,0,-0.00963255856,0.144301161,0.00348181627,3.00088382,-0.167869315,-0.027379863,9.76954079,0.0031830112,0.0015696669,0.00348181627,3.00262356,-0.000254631042,1
417,4.369999,0,0,0,0,-0.0157590602,0.169358224,0.00241655181,3.00088382,-0.148709148,-0.0896503702,9.81504631,-1.27822468e-05,-0.000560861954,0.00135128724,3.00262356,-0.000254631042,1
418,4.379974,0,0,0,0,-0.0061256825,0.168020129,0.000286022841,3.0000031,-0.127153978,-0.0249848422,9.77672672,-0.00214331108,0.0015696669,0.000286022841,3.00262356,-0.000254631042,1
419,4.390000,0,0,0,0,-0.0328728035,0.133125082,0.00348181627,3.0000031,-0.139129072,-0.0561200976,9.81983662,0.00105248217,-0.00269139092,0.00454708049,3.00262356,-0.000254631042,1
420,4.399975,0,0,0,0,-0.0682243854,0.140505776,-0.00184450613,3.00088382,-0.141524091,-0.0417499803,9.83420658,-1.27822468e-05,0.000504402502,0.00135128724,3.00262356,-0.000254631042,1
421,4.409994,0,0,0,0,-0.0362421013,0.109418035,0.000286022841,2.99990726,-0.17744939,-0.0513300598,9.83899689,-1.27822468e-05,0.0015696669,0.000286022841,3.00262356,-0.000254631042,1
422,4.419980,0,0,0,0,0.00371212373,0.118233226,-0.000779241615,3.0000031,-0.117573902,-0.0297748819,9.79109669,-1.27822468e-05,-0.000560861954,0.00241655181,3.00262356,-0.000254631042,1
423,4.429994,0,0,0,0,-0.0498133637,0.150055215,0.00135128724,3.0000031,-0.141524091,-0.0704902187,9.79588604,-0.00107804674,0.000504402502,0.00348181627,3.00262356,-0.000254631042,1
424,4.439980,0,0,0,0,-0.0543925464,0.186925098,0.00348181627,3.00088382,-0.17744939,-0.0800702944,9.83899689,-1.27822468e-05,0.000504402502,0.00241655181,3.00262356,-0.000254631042,1
425,4.450004,0,0,0,0,-0.0486421809,0.193367362,0.00348181627,3.00088382,-0.184634447,-0.0752802566,9.7312212,-0.00107804674,0.00263493136,0.00241655181,3.00262356,-0.000254631042,1
426,4.459978,0,0,0,0,-0.0111901481,0.115518987,-0.000779241615,3.0000031,-0.112783857,-0.027379863,9.78630638,-0.00214331108,0.00263493136,-0.000779241615,3.00262356,-0.000254631042,1
427,4.469999,0,0,0,0,-0.0197814945,0.123964801,0.00135128724,3.00097966,-0.119968921,-0.0369599424,9.81025696,-0.00107804674,-0.00269139092,0.00135128724,3.00262356,-0.000254631042,1
428,4.479973,0,0,0,0,-0.0284633785,0.163951501,0.00135128724,2.99990726,-0.158289239,-0.0513300598,9.79588604,-1.27822468e-05,-0.000560861954,0.00135128724,3.00262356,-0.000254631042,1
429,4.490001,0,0,0,0,0.0100100143,0.146356747,0.00241655181,3.00088382,-0.146314129,-0.0106147248,9.81744194,-0.00214331108,0.00263493136,0.00241655181,3.00262356,-0.000254631042,1
430,4.500000,0,0,0,0,-0.0172841623,0.106710732,0.00241655181,3.0000031,-0.103203781,-0.0321699008,9.77433109,-0.00107804674,0.000504402502,0.00241655181,3.00262356,-0.000254631042,1
431,4.509974,0,0,0,0,-0.0208537132,0.16765666,0.00241655181,3.00097966,-0.163079277,-0.0441449992,9.80067635,-1.27822468e-05,-0.000560861954,0.00241655181,3.00262356,-0.000254631042,1
432,4.519994,0,0,-0.00221497891,0,0.00184805482,0.174121037,0.00241655181,3.00088382,-0.172659352,-0.0225898232,9.75038147,-1.27822468e-05,-0.000560861954,0.00241655181,3.00262356,-0.000254631042,1
433,4.529980,0,0,0,0,-0.022824198,0.119557694,0.00241655181,3.00097966,-0.115178876,-0.0393549614,9.73601055,-1.27822468e-05,-0.00162612647,0.00241655181,3.00262356,-0.000254631042,1
434,4.539977,0,0,0,0,-0.0254320819,0.168352902,0.00135128724,3.0000031,-0.163079277,-0.0489350408,9.78870106,0.00105248217,-0.00162612647,0.00135128724,3.00262356,-0.000254631042,1
435,4.549973,0,0,0,0,-0.0245123114,0.124638475,-0.000779241615,3.00088382,-0.119968921,-0.0417499803,9.82462692,0.00105248217,-0.000560861954,-0.000779241615,3.00262356,-0.000254631042,1
436,4.559982,0,0,0,0,-0.0567236543,0.153390303,-0.00184450613,3.00088382,-0.14391911,-0.0776752755,9.74798584,0.00211774674,-0.00375665538,-0.00184450613,3.00262356,-0.000254631042,1
437,4.569978,0.0302713774,-0.0959824175,0.0694026724,-0.0730943009,0.237359509,0.314755112,0.000286022841,3.0000031,-0.34510079,0.190566927,9.75277615,-0.00320857554,-0.000560861954,0.000286022841,3.00262356,-0.000254631042,1
438,4.579975,0.0797392428,-0.155048519,0.123300485,-0.0361779891,-0.197591603,0.115268812,0.0418313369,3.00097966,-0.086438641,-0.211796373,10.013833,-0.0202528071,0.013287575,0.0418313369,3.00280666,-0.000254631042,1
439,4.589982,0.123300485,-0.104104005,0.20968467,-0.124038823,0.353106797,0.0932025537,0.0876377076,3.00171208,-0.141524091,0.336663097,11.0293217,-0.031970717,0.0175486337,0.0876377076,3.00329494,-0.000254631042,1
440,4.599980,0.0723559782,-0.245862663,0.076785937,-0.101150699,-1.95317912,0.186327621,0.131313547,3.00263619,0.0860027671,-1.96016073,11.8244677,-0.076711826,0.0015696669,0.131313547,3.00411892,-0.000254631042,1
441,4.609976,0.123300485,-0.203039736,0.171291694,-0.110010616,-2.55479717,0.15417926,0.113204055,3.00365615,0.198568687,-2.55173063,10.4233818,-0.0596675947,-0.0676725209,0.113204055,3.00518703,-0.000254631042,1
442,4.629998,0.0937674418,-0.284993947,0.274657369,-0.111487262,-2.34540391,0.846436143,0.0311786924,3.00432754,-0.517542183,-2.43916464,9.02947998,-0.08416868,-0.0644767284,0.0311786924,3.00646877,-0.000254631042,1
443,4.639984,0.336676776,-0.239956036,0.124777146,-0.186058223,-0.747304678,1.41318476,0.0130691966,3.00505996,-1.29831862,-0.932697296,9.38633823,-0.0628633872,-0.0218661521,0.0130691966,3.00671291,-0.000254631042,1
444,4.649982,0.232572764,-0.315265328,0.274657369,-0.203039736,-3.61543345,1.02156353,0.00987340324,3.00569654,-0.522332251,-3.72050023,10.9981861,-0.0681897104,0.013287575,0.00987340324,3.0068655,-0.000254631042,1
445,4.660000,0.370639801,-0.230357811,0.0922907889,-0.298283815,-0.668359876,0.984185219,-0.0284761172,3.00496411,-0.883980215,-0.796181202,9.15641594,-0.0202528071,-0.010148243,-0.0284761172,3.0066824,-0.000254631042,1
446,4.669975,0.370639801,-0.344798356,0.308620423,-0.335938454,-3.70264101,1.12058628,-0.0199540015,3.00442314,-0.603762925,-3.82109094,9.8964777,-0.0117306914,-0.00908297859,-0.0199540015,3.00656033,-0.000254631042,1
447,4.680004,0.452594042,-0.394266218,0.147665262,-0.405341148,0.928240538,0.111444436,-0.0604340509,3.00442314,-0.237324879,0.904282749,8.95044422,0.0127703911,-0.0197356232,-0.0604340509,3.00613308,-0.000254631042,1
448,4.689980,0.540454865,-0.420845985,0.350704998,-0.440780818,-4.01337528,1.75864804,-0.0135624148,3.00432754,-1.19293773,-4.21626902,8.1002121,0.00211774674,-0.00375665538,-0.0135624148,3.00591946,-0.000254631042,1
449,4.699997,0.476958781,-0.395742863,0.242171019,-0.482127041,-0.173591435,-0.11115028,-0.0625645816,3.00403976,0.133903161,-0.156710923,9.6138649,0.0489893816,0.0271360129,-0.0625645816,3.00549221,-0.000254631042,1
450,4.710108,0.572941244,-0.343321711,0.301237136,-0.504276812,-3.64543867,0.848881483,-0.0199540015,3.00321174,-0.337915719,-3.72768521,9.96832752,-0.010665427,0.0015696669,-0.0199540015,3.00515652,-0.000254631042,1
451,4.719980,0.488033652,-0.45480898,0.355134934,-0.519781709,-0.417044818,0.0341614075,-0.0551077276,3.00311565,0.0237322599,-0.417768091,10.2653103,0.0319451503,-0.010148243,-0.0551077276,3.00472927,-0.000254631042,1
452,4.730001,0.684428513,-0.502800226,0.418631017,-0.578109562,-2.96407962,1.11899352,-0.0220845304,3.00247931,-0.697168648,-3.09061003,10.4449368,-0.0372970402,-0.0527588204,-0.0220845304,3.00445461,-0.000254631042,1
453,4.739975,0.49837023,-0.643082201,0.43856582,-0.522735,-0.759458423,0.16225554,-0.0508466698,3.00238323,-0.0553033873,-0.774626017,10.3539257,-0.022383336,-0.0399756469,-0.0508466698,3.00399685,-0.000254631042,1
454,4.749983,0.696241736,-0.695503354,0.580324471,-0.460715622,-2.02114224,1.08169878,-0.0220845304,3.00228739,-0.790574431,-2.15176225,8.579216,-0.00640436914,-0.0655419976,-0.0220845304,3.00363064,-0.000254631042,1
455,4.759979,0.46293056,-0.814373851,0.659325361,-0.488772005,-0.426636219,0.256725311,-0.0891961902,3.0005784,-0.194214523,-0.458483428,7.61881351,0.0351409428,-0.0261272099,-0.0891961902,3.00314236,-0.000254631042,1
456,4.769976,0.673353553,-0.688120067,0.68885839,-0.570726216,-1.72304177,1.60431206,-0.036998231,3.0005784,-1.34621894,-1.93142045,7.90142584,-0.0351665132,0.048441302,-0.036998231,3.00250149,-0.000254631042,1
457,4.779983,0.557436407,-0.71912986,0.673353553,-0.589184403,-3.18746233,1.83462799,-0.0423245542,3.00038671,-1.36777413,-3.41393757,10.5215778,-0.0745812953,0.141119301,-0.0423245542,3.00204372,-0.000254631042,1
458,4.789981,0.549314737,-0.74349463,0.597306013,-0.576632857,-2.94155645,0.806596458,-0.0689561665,3.0000031,-0.383421093,-3.02594447,11.4125242,-0.0884297341,0.0793339759,-0.0689561665,3.00146389,-0.000254631042,1
459,4.799980,0.676306903,-0.75161618,0.547838032,-0.584754407,-2.43762112,2.13657069,-0.146720484,2.99809361,-1.99766433,-3.12653518,9.26658726,-0.039427571,-0.00375665538,-0.146720484,3.00054836,-0.000254631042,1
460,4.809976,0.631268978,-0.829878747,0.614287496,-0.572202861,-0.972254813,-0.0535587594,-0.205310017,2.99627972,-0.242114916,0.0660259053,8.93846893,0.125688419,-0.0474324971,-0.206375286,2.99893093,-0.000254631042,1
461,4.819983,0.663755357,-0.798869073,0.619455755,-0.623147368,-1.31757462,1.27583885,-0.205310017,2.99412584,-1.77013743,-2.68106174,10.3012352,0.186408505,-0.0932388678,-0.21383214,2.99706936,-0.000254631042,1
462,4.829994,0.549314737,-0.75161618,0.643820524,-0.586231053,-0.901147366,1.2261529,-0.228745848,2.99183273,-0.0672784895,-1.66317832,12.1813259,0.151254773,-0.0666072592,-0.215962663,2.99490261,-0.000254631042,1
463,4.839997,0.603950918,-0.578109562,0.605427504,-0.485818714,-0.689320624,0.364373028,-0.149916276,2.99052525,0.167433441,-1.42367637,11.9897242,-0.0447538905,-0.0314535312,-0.13287203,2.99316311,-0.000254631042,1
464,4.849981,0.512398481,-0.609119177,0.642343938,-0.615025818,-2.18200111,0.664357126,-0.0945225134,2.99049044,-0.182239428,-0.781811059,9.62104988,-0.166194037,0.013287575,-0.0955877751,2.99203396,-0.000254631042,1
465,4.860004,0.68073684,-0.742017984,0.646773815,-0.589184403,-0.304020226,1.07644057,-0.0614993125,2.98981953,-0.747464061,-0.45369339,7.28830099,-0.16832456,0.0857255608,-0.0519119352,2.99117947,-0.000254631042,1
466,4.869978,0.625362396,-0.900758088,0.639390528,-0.624624014,-1.95439219,0.941563427,-0.0540424623,2.98849392,-0.632503152,-2.07512164,8.39958954,-0.0703202412,0.113422439,-0.0721519589,2.99059963,-0.000254631042,1
467,4.879998,0.65637207,-0.870486677,0.592876017,-0.657110393,-0.975116253,0.0331562199,-0.10197936,2.98725533,0.117138028,-0.968622625,9.60907459,0.0500546433,0.0527023599,-0.10197936,2.98965359,-0.000254631042,1
468,4.889983,0.690335035,-0.904449761,0.602474272,-0.668185294,-2.57929707,1.14687192,-0.114762537,2.98504043,-0.730698943,-2.72656703,9.10851574,0.113970511,-0.0314535312,-0.114762537,2.98855495,-0.000254631042,1
469,4.899995,0.612810791,-0.849813581,0.665232003,-0.698456705,-0.312847584,-0.823280096,-0.157373115,2.98504043,0.861989141,-0.180661112,10.5551081,0.165103212,-0.0868472829,-0.157373115,2.98712063,-0.000254631042,1
470,4.910000,0.701409996,-0.775980949,0.659325361,-0.715438187,-2.36163974,1.67462897,-0.107305683,2.98427343,-1.28394842,-2.594841,9.91084766,0.102252603,-0.151828423,-0.107305683,2.98583889,-0.000254631042,1
471,4.919974,0.584016085,-0.689596713,0.685905159,-0.648988843,-1.68377614,-0.180030972,-0.0785435438,2.98350644,0.442860663,-1.63443804,11.3622293,-0.00533910468,-0.0655419976,-0.0785435438,2.98480129,-0.000254631042,1
472,4.929997,0.713223159,-0.671138644,0.731681347,-0.652680397,-0.101979189,0.6277408,0.0247871056,2.98302698,-0.603762925,-0.199821278,8.89296436,-0.172585621,0.0122223105,0.0247871056,2.9844656,-0.000254631042,1
473,4.939983,0.714699864,-1.03070354,0.739802957,-0.794439077,0.353219658,0.85591799,0.061006099,2.98400354,-0.900745332,0.214517117,7.88466072,-0.180042475,0.0942476764,0.061006099,2.98480129,-0.000254631042,1
474,4.949997,0.776719272,-0.916262865,0.65637207,-0.766382694,-1.86411726,0.255614579,0.0737892687,2.98379397,0.0404973961,-1.88112509,9.52045918,-0.0894949958,0.0953129455,0.0737892687,2.98528957,-0.000254631042,1
475,4.959982,0.702886701,-1.04177845,0.643820524,-0.787055731,-0.938238263,0.586464942,0.00561234495,2.98338366,-0.431321502,-1.01891804,9.13007069,0.0649683475,-0.00588718429,0.00561234495,2.98544216,-0.000254631042,1
476,4.970004,0.7951774,-0.955394268,0.697718382,-0.744971275,-0.12328966,0.951226234,-0.0444550812,2.98332238,-0.919905484,-0.271671861,10.1599293,0.203452736,-0.0570198782,-0.0444550812,2.98507595,-0.000254631042,1
477,4.980005,0.697718382,-1.00190878,0.75973779,-0.806990683,-0.801291287,0.626841486,-0.0231497958,2.984308,-0.493591994,-0.889586926,11.0125561,0.108644187,-0.059150409,-0.0231497958,2.98467922,-0.000254631042,1
478,4.989980,0.748662829,-0.69993329,0.798130691,-0.746447921,-1.58278775,-0.35841918,0.0397008099,2.98496222,0.600932002,-1.50750196,11.6616068,0.0330104157,-0.0314535312,0.0397008099,2.9846487,-0.000254631042,1
479,4.999977,0.812158942,-0.795915782,0.728728056,-0.798869073,-0.770879924,0.730336905,0.0759197995,2.98521543,-0.601367891,-0.875216842,10.0473633,-0.0586023293,0.0228749551,0.0759197995,2.98510647,-0.000254631042,1
480,5.009995,0.676306903,-0.911832988,0.799607396,-0.835047007,-1.60274577,-0.486880094,0.0950945616,2.98540688,0.730263054,-1.50750196,9.72882557,-0.121452935,0.0260707494,0.0950945616,2.98577785,-0.000254631042,1
481,5.020005,0.902234733,-0.998217165,0.731681347,-0.848336875,-0.461991042,0.691205144,0.102551416,2.98544168,-0.610947967,-0.563864291,9.82941628,-0.0341012478,0.0143528394,0.102551416,2.98660183,-0.000254631042,1
482,5.029980,0.744232893,-0.995263934,0.719868183,-0.829878747,-1.24433696,0.18786931,0.0386355445,2.98620868,0.0069671222,-1.25841999,8.71812725,0.0276840944,-0.0431714393,0.0386355445,2.98709011,-0.000254631042,1
483,5.040005,0.782625914,-0.921431243,0.727251351,-0.831355333,0.671654522,-0.380748123,0.0620713644,2.98703694,0.272814304,0.72226125,8.98157978,0.0788167864,-0.0282577388,0.0620713644,2.98739529,-0.000254631042,1
484,5.049979,0.786317527,-0.900758088,0.769335985,-0.814373851,-2.29709673,0.447880238,0.0535492487,2.98802233,-0.0912286863,-2.33857393,10.7730541,0.0809473172,-0.0580851436,0.0535492487,2.98791409,-0.000254631042,1
485,5.059994,0.748662829,-0.832832038,0.762691081,-0.792962432,-0.502138376,0.855156362,0.0705934763,2.98919964,-0.769019246,-0.626134813,11.5586205,0.0734904632,-0.0484977625,0.0705934763,2.98837185,-0.000254631042,1
486,5.069980,0.793700755,-0.883776605,0.796654105,-0.853505194,-1.45808017,0.0425654612,0.0801808611,2.98910379,0.179408535,-1.44762647,9.6665554,0.0511199087,-0.0559546128,0.0801808611,2.98904324,-0.000254631042,1
487,5.079976,0.781149209,-0.860888481,0.886729896,-0.840953648,-0.274748832,0.221697345,0.130248293,2.98929572,-0.17744939,-0.305202127,9.89887238,-0.0213180706,-0.00482191984,0.130248293,2.98983669,-0.000254631042,1
488,5.089984,0.841691971,-0.763429463,0.816588879,-0.911832988,-0.949871063,-0.910003006,0.182446241,2.99173713,1.04161561,-0.803366244,9.022295,-0.135301366,0.0740076527,0.182446241,2.99117947,-0.000254631042,1
489,5.099980,0.813635588,-0.883776605,0.758261144,-0.92586112,0.426991969,-0.609960437,0.195229411,2.99501562,0.541056454,0.511499524,8.0044117,-0.121452935,0.0590939485,0.195229411,2.99291897,-0.000254631042,1
490,5.109977,0.880084932,-0.904449761,0.694765031,-0.893374801,-1.4176122,-0.714416504,0.154749364,2.99618387,0.912284553,-1.29913533,8.15529823,0.0127703911,0.0239402205,0.154749364,2.99459743,-0.000254631042,1
491,5.119974,0.753831089,-1.0403018,0.809205592,-0.749401152,-1.11148953,-0.524333119,0.10681247,2.99607015,0.679967642,-1.02370811,11.2376881,0.16190742,-0.071933575,0.10681247,2.99581814,-0.000254631042,1
492,5.129981,0.606904149,-1.03734851,0.864580154,-0.758999407,0.0681947768,-1.29510641,0.0439618677,2.99610472,1.27153742,0.255232453,11.7454329,0.191734821,-0.141175777,0.0439618677,2.99664211,-0.000254631042,1
493,5.139977,0.653418779,-0.976805627,1.08607781,-0.702148318,-0.949485719,-0.495411783,0.107877731,2.99674129,0.627277195,-0.8680318,11.3742046,0.0489893816,-0.130523115,0.107877731,2.99722195,-0.000254631042,1
494,5.149974,0.598782599,-0.938412786,1.16950881,-0.711008191,-0.125125557,-0.395641148,0.14729251,3.00013351,0.409330398,-0.0680951998,9.63063049,-0.0170570128,-0.0495630279,0.14729251,2.9983511,-0.000254631042,1
495,5.170001,0.600997686,-1.14662087,1.1813221,-0.713961542,-2.92288399,-1.76529026,0.22718735,3.00362158,2.1505096,-2.65232134,9.81983662,0.00105248217,0.0324623361,0.22718735,3.00179958,-0.000254631042,1
496,5.179974,0.612810791,-1.36295044,1.23595822,-0.688120067,1.60322571,-3.60670996,0.149423048,3.00403976,3.35280967,2.0826323,9.51087952,0.0915999562,-0.0080177132,0.149423048,3.00360012,-0.000254631042,1
497,5.189998,0.510921776,-1.11413443,1.33784723,-0.570726216,-0.13214016,-2.55169797,0.167532533,3.00391722,2.54568815,0.219307154,10.5287628,0.0500546433,-0.0698030517,0.167532533,3.00506496,-0.000254631042,1
498,5.199983,0.481388688,-1.2691828,1.3223424,-0.691073418,0.283095628,-2.33333325,0.168597803,3.00836396,2.27505064,0.590535164,8.50497055,0.131014749,-0.106022038,0.168597803,3.00671291,-0.000254631042,1
499,5.209994,0.537501574,-1.25958455,1.44121301,-0.595091045,-0.38185215,-2.24680877,0.186707303,3.01049209,2.27744579,-0.0848603323,10.5335522,0.01490092,-0.0580851436,0.186707303,3.00817776,-0.000254631042,1
500,5.219980,0.495416969,-1.28764105,1.33637059,-0.603212535,1.87499058,-1.26565051,0.187772557,3.01207089,1.01287532,2.02275681,9.16360092,0.0489893816,-0.108152568,0.187772557,3.01006985,-0.000254631042,1
501,5.229996,0.526426613,-1.14809728,1.48920417,-0.615025818,0.602207422,-4.09373236,0.253818959,3.01309085,2.16248488,-0.379447758,10.485652,-0.0458191559,-0.059150409,0.287907422,3.01199245,-0.000254631042,1
502,5.239982,0.50649184,-1.0897696,1.3223424,-0.547099769,-1.37384355,-1.73964858,0.30282113,3.01513076,1.36973333,-0.0776752755,8.32294941,-0.0554065369,-0.0740641057,0.281515837,3.01486111,-0.000254631042,1
503,5.249996,0.584016085,-1.19018209,1.32972562,-0.62905395,2.88196635,-2.36871314,0.272993714,3.0185926,2.29421091,1.4431622,9.24263668,-0.0905602649,0.0154181039,0.295364261,3.01736355,-0.000254631042,1
504,5.259982,0.510921776,-1.13259256,1.27582788,-0.539716542,-3.6033988,-2.16284966,0.293233752,3.0214262,1.89424253,-2.30025363,9.03666496,-0.0202528071,0.0175486337,0.266602129,3.02026272,-0.000254631042,1
505,5.269996,0.540454865,-1.20568681,1.17393875,-0.555221379,3.25199819,-3.54005075,0.198425204,3.02421665,2.32774115,1.03840387,11.4101295,0.06816414,0.0495065674,0.213338912,3.02239895,-0.000254631042,1
506,5.279982,0.540454865,-0.93693608,1.17689204,-0.584754407,-1.55917752,-2.46679235,0.23997052,3.02650976,2.16008973,-1.30632031,9.20671177,0.0724252015,-0.0815209597,0.226122081,3.02471828,-0.000254631042,1
507,5.289978,0.489510328,-1.11265779,1.17098534,-0.505753458,0.110125475,-0.945310593,0.17818518,3.0276258,1.45834899,0.758186579,11.0053711,0.0702946708,-0.0708683133,0.17818518,3.02667141,-0.000254631042,1
508,5.299975,0.526426613,-0.981235683,1.27878106,-0.510183454,-1.35570085,-1.51180196,0.220795766,3.0288372,1.65474057,-1.17698932,10.9550762,-0.0309054516,-0.0197356232,0.219730496,3.02868557,-0.000254631042,1
509,5.309983,0.538978219,-1.10675108,1.20199537,-0.533071578,2.20919347,-0.867556989,0.215469435,3.0317235,0.620092154,2.29099917,7.59007311,-0.0713855028,0.0761381835,0.231448397,3.0308218,-0.000254631042,1
510,5.319980,0.524949968,-0.99674046,1.23595822,-0.555221379,-5.25445652,-2.21614814,0.331583261,3.03623176,2.7564497,-4.99225521,11.3622293,-0.145954013,0.127270877,0.323061138,3.03356838,-0.000254631042,1
511,5.329977,0.568511188,-1.0122453,0.931029379,-0.575156152,0.18223694,-0.745656312,0.215469435,3.03902197,0.723077953,0.257627487,11.3694143,-0.0916255265,0.0452455096,0.215469435,3.03613186,-0.000254631042,1
512,5.339975,0.557436407,-1.04916167,1.12890089,-0.539716542,-0.739500523,-0.0878751129,0.197359934,3.03969336,0.162643403,-0.726725638,11.3957596,-0.0799076185,0.0313970707,0.197359934,3.03820705,-0.000254631042,1
513,5.349983,0.554483056,-0.92586112,0.996002197,-0.501323521,-0.600742221,-0.191297978,0.12172617,3.03996301,0.251259118,-0.578234375,7.39128685,0.0234230366,0.00263493136,0.12172617,3.03988552,-0.000254631042,1
514,5.360096,0.557436407,-1.00929201,1.16434062,-0.470313877,0.0437945463,-0.00897703879,0.105747208,3.04186392,0.00457210233,0.0444707274,5.85368395,0.0394020006,0.0867908299,0.107877731,3.04101467,-0.000254631042,1
515,5.369982,0.54193145,-0.965730786,1.00707698,-0.449640721,-2.11219835,-0.695469737,0.0791155919,3.04402661,0.89791441,-2.03440642,9.00792503,0.146993712,0.072942391,0.0791155919,3.04214382,-0.000254631042,1
516,5.379979,0.520520031,-0.910356343,1.02701199,-0.409771085,-0.297622025,-0.836853862,-0.0167582091,3.04345107,0.861989141,-0.214191392,13.9368753,0.16723375,0.0239402205,-0.0167582091,3.04257107,-0.000254631042,1
517,5.389998,0.530856609,-0.955394268,1.02258193,-0.425275952,-1.15171146,-0.357645184,-0.0977183059,3.040905,0.47160092,-1.10992873,13.9249001,0.151254773,-0.0421061777,-0.0977183059,3.04226589,-0.000254631042,1
518,5.399974,0.492463619,-0.92881453,1.08460128,-0.51461339,0.397601157,0.0605962612,-0.165895239,3.03948379,-0.100808762,0.389353544,9.63302517,0.0564462319,-0.051693555,-0.165895239,3.04122829,-0.000254631042,1
519,5.410001,0.584016085,-0.948749363,1.10453606,-0.434874177,-1.35966241,1.21846199,-0.181874201,3.03763556,-1.07079172,-1.47876179,9.19713116,-0.100147642,0.0942476764,-0.181874201,3.03976345,-0.000254631042,1
520,5.419975,0.544884801,-0.944319308,1.05949819,-0.437827468,1.54559553,-0.575553119,-0.196787909,3.03892636,0.414120436,1.59644341,7.50864267,-0.123583458,0.131531939,-0.196787909,3.03814602,-0.000254631042,1
521,5.430003,0.62093246,-0.93693608,1.06909645,-0.465145528,-0.244265318,0.907658398,-0.189331055,3.03581357,-0.876795113,-0.338732421,10.1838799,-0.0862992033,0.146445632,-0.189331055,3.03665066,-0.000254631042,1
522,5.439977,0.575894475,-0.907403111,0.979020655,-0.440780818,-0.410134315,0.794580221,-0.223419517,3.03222966,-0.745069087,-0.494408697,10.9502859,0.0180967133,0.0782687142,-0.223419517,3.03478909,-0.000254631042,1
523,5.450000,0.629792273,-0.894851446,1.00412381,-0.508706808,1.1763736,-0.310285181,-0.196787909,3.02971816,0.177013516,1.20366025,10.7275486,0.0330104157,0.0143528394,-0.196787909,3.03295803,-0.000254631042,1
524,5.459995,0.790747523,-0.82249552,0.932506025,-0.578109562,-1.22051764,1.70286202,-0.157373115,3.0287416,-1.5545857,-1.40451622,8.09302711,0.0095745977,-0.000560861954,-0.157373115,3.03143215,-0.000254631042,1
525,5.469982,0.667446911,-0.787055731,0.888206601,-0.635698915,0.578355551,2.15458059,-0.146720484,3.0286634,-2.20603108,0.331873059,8.7612381,0.058576759,0.0590939485,-0.146720484,3.03002834,-0.000254631042,1
526,5.479997,0.758261144,-0.797392428,0.880084932,-0.609119177,-0.102303393,2.02477026,-0.140328884,3.02780056,-2.00005937,-0.331547379,10.0258083,0.0990568101,0.108096115,-0.140328884,3.02868557,-0.000254631042,1
527,5.489983,0.64825052,-0.800345719,0.851290226,-0.620194077,-0.223308206,2.76123452,-0.174417347,3.02437353,-2.71617007,-0.544704139,11.2424784,0.127818957,0.0857255608,-0.174417347,3.0275259,-0.000254631042,1
528,5.500000,0.761214435,-0.815850556,0.902234733,-0.660063744,-0.652298629,2.93769646,-0.172286823,3.0214262,-2.83831596,-0.999757826,11.8963184,0.042597793,0.110226646,-0.172286823,3.02590847,-0.000254631042,1
529,5.509975,0.793700755,-0.874916673,0.936197698,-0.783364236,-1.17866611,1.74540365,-0.199983701,3.02069378,-1.59051096,-1.380566,10.82335,-0.0617981218,0.146445632,-0.199983701,3.02413845,-0.000254631042,1
530,5.520000,0.80329901,-1.03365684,0.998955548,-0.802560687,-0.0470430255,1.65636504,-0.219158456,3.01992679,-1.6384114,-0.247721672,9.74559116,-0.0756465644,0.0718771219,-0.219158456,3.02218533,-0.000254631042,1
531,5.529974,0.843168676,-0.933244407,1.02848852,-0.808467269,0.209899411,1.39804101,-0.234072164,3.01725006,-1.41327953,0.034890648,10.2437553,-0.0479496866,0.013287575,-0.234072164,3.02011013,-0.000254631042,1
532,5.539983,0.843168676,-1.01889026,1.02996516,-0.953917563,-2.47123694,1.71288013,-0.256442726,3.01401496,-1.38453925,-2.66908646,7.82957506,-0.00533910468,-0.0964346603,-0.256442726,3.01779079,-0.000254631042,1
533,5.549999,0.94505769,-0.982712388,1.03661013,-0.845383644,1.82308733,0.608263433,-0.245790079,3.0107801,-0.840869844,1.72816956,8.86901379,0.0095745977,-0.127327323,-0.245790079,3.01522732,-0.000254631042,1
534,5.559973,0.911094666,-0.975328982,1.01150692,-0.798869073,-0.951260805,2.21178722,-0.177613154,3.00941086,-2.06711984,-1.23446977,11.2927732,-0.0213180706,-0.159285277,-0.177613154,3.01318264,-0.000254631042,1
535,5.569997,0.923646212,-0.975328982,1.00560045,-0.863841772,-0.330760926,0.675388813,-0.187200531,3.00800729,-0.62531805,-0.417768091,11.9729595,-0.0607328601,-0.0453019701,-0.187200531,3.0113821,-0.000254631042,1
536,5.579983,0.949487627,-0.967207372,0.990095556,-0.887468219,-0.760074019,1.30410552,-0.12008886,3.0072403,-1.1905427,-0.927907288,9.31209278,-0.0404928327,-0.0740641057,-0.12008886,3.00973415,-0.000254631042,1
537,5.589995,1.04104006,-1.09272289,0.996002197,-0.964254081,-0.834768951,-0.155720919,-0.129676238,3.00489473,0.268024266,-0.805761278,10.2245951,0.0234230366,-0.0453019701,-0.129676238,3.0084219,-0.000254631042,1
538,5.599980,1.12890089,-1.09715283,1.05949819,-0.995263934,0.700115144,-0.174482688,-0.0987835675,3.0034647,0.0764226913,0.717471242,7.48469257,0.11183998,-0.110283099,-0.0987835675,3.00714016,-0.000254631042,1
539,5.609978,0.94505769,-1.08164811,1.0351336,-0.897804797,-0.742471874,-0.130012169,-0.0668256357,3.00193834,0.232098967,-0.717145562,10.2174101,0.0649683475,-0.0559546128,-0.0668256357,3.00610256,-0.000254631042,1
540,5.619975,1.08755457,-0.973852336,1.08460128,-0.956870914,-2.95527172,1.60183132,-0.00504029961,3.00311565,-1.17856765,-3.14809036,6.35424328,-0.0735160336,0.0367233939,-0.00504029961,3.00555325,-0.000254631042,1
541,5.629983,0.966469049,-1.10675108,1.05359161,-1.02479696,-0.813080668,-1.1687721,-0.0199540015,3.00416231,1.26914251,-0.645294964,7.87268543,-0.0926907957,0.107030854,-0.0199540015,3.00521755,-0.000254631042,1
542,5.639979,1.16950881,-1.17763042,1.08238649,-1.05580652,-1.55390429,1.20358026,0.0269176345,3.00441527,-0.979780972,-1.70389366,7.62120867,-0.0298401862,0.0899866223,0.0269176345,3.00509548,-0.000254631042,1
543,5.649975,1.15548062,-1.32751071,1.10158288,-1.15769565,-0.0317536257,-0.167035863,-0.0338024385,3.0020957,0.16982846,-0.00821970589,9.39831352,0.18001692,0.00689598918,-0.0338024385,3.00500393,-0.000254631042,1
544,5.659983,1.16803217,-1.28247273,1.17984545,-1.21011674,-4.66208124,1.07627845,-0.0614993125,3.00045562,-0.409766316,-4.7671237,13.1776543,0.148058981,-0.0761946365,-0.0614993125,3.00439358,-0.000254631042,1
545,5.669979,1.08238649,-1.22119176,1.22931325,-1.06466651,-0.0257061403,1.83238351,-0.0252803247,3.00153685,-1.81085277,-0.281251937,10.5886383,-0.0852339417,-0.0112135075,-0.0252803247,3.00381374,-0.000254631042,1
546,5.679975,1.23226666,-1.17615378,1.13849902,-1.28394949,-0.30539161,0.918228745,-0.0124971503,3.004354,-0.699563682,-1.64641321,9.08217049,-0.0713855028,-0.0378451198,-0.0124971503,3.0035696,-0.000254631042,1
547,5.689997,1.25441647,-1.34596884,1.21233177,-1.09862947,-0.996680319,-1.22813737,-0.0103666214,3.00358701,1.37212825,-0.951857448,6.93383789,0.0276840944,-0.00482191984,-0.0103666214,3.00332546,-0.000254631042,1
548,5.699973,1.27582788,-1.30757594,1.14735913,-1.33563221,-0.670098066,-0.586484313,-0.0231497958,3.0000031,0.394960284,-1.88112509,9.35520267,0.0873389021,-0.0974999219,-0.0210192669,3.00308132,-0.000254631042,1
549,5.710002,1.2529397,-1.25367808,1.25884628,-1.08533955,-1.30707467,-0.403287858,0.051418718,2.99962759,0.505131185,-1.0093379,8.35408497,-0.0202528071,0.0015696669,0.0599408336,3.0030508,-0.000254631042,1
550,5.719976,1.20642507,-1.23669648,1.23448169,-1.22857499,0.913222313,0.961718619,0.0812461227,3.00388265,-0.469641805,-1.84040976,8.69896698,-0.138497159,0.0867908299,0.111073531,3.00353909,-0.000254631042,1
551,5.730000,1.27582788,-1.31495905,1.14588249,-1.16507888,-1.03068721,-0.000280363107,0.102551416,3.00689125,-0.998941123,-2.89421844,9.6138649,-0.0713855028,0.0803992376,0.102551416,3.00445461,-0.000254631042,1
552,5.739974,1.27730465,-1.35039878,1.22783661,-1.27213621,0.343215495,-0.505927026,0.0737892687,3.0058713,0.327899724,-2.94211888,9.32167244,0.0777515173,-0.033584062,0.0791155919,3.00524807,-0.000254631042,1
553,5.749998,1.19978034,-1.24555659,1.14883578,-1.13628423,-2.76018,-0.663697839,0.0695282146,3.00369072,-0.524727225,-0.882401884,11.9897242,0.0223577712,-0.0261272099,0.0791155919,3.00585842,-0.000254631042,1
554,5.760001,1.13702238,-1.2691828,1.22783661,-1.15326571,-1.68777001,0.603995144,0.100420885,3.00528622,-0.36905098,-1.30871534,9.55398941,-0.039427571,-0.0729988441,0.0918987691,3.00662136,-0.000254631042,1
555,5.769976,1.27287447,-1.29502428,1.18279874,-1.16655552,0.922919691,-0.644814134,0.0855071843,3.00896621,0.517106295,1.00008357,6.11234617,0.0745557249,-0.0176050942,0.0865724459,3.00741482,-0.000254631042,1
556,5.780004,1.2699213,-1.29207087,1.33120227,-1.21159351,-2.1766274,1.58006167,0.0918987691,3.00829482,-1.27676344,-2.3673141,9.78391171,0.0841431096,-0.0208008867,0.098290354,3.00820827,-0.000254631042,1
557,5.789978,1.31274414,-1.30757594,1.17393875,-1.41241813,-1.33980608,-0.902927876,0.0705934763,3.00848675,1.07275081,-1.20812452,12.2699413,0.0394020006,0.0367233939,0.0705934763,3.00903225,-0.000254631042,1
558,5.799975,1.26179957,-1.31865072,1.43309128,-1.08017147,-2.64205956,0.837270856,0.15261884,3.01023912,-0.484011918,-2.72896194,9.54440975,-0.119322404,0.0686813295,0.15261884,3.01006985,-0.000254631042,1
559,5.809984,1.34966052,-1.36442709,1.15991068,-1.32455742,0.300947696,-0.312277883,0.0578103065,3.01097155,0.27041927,0.339058131,6.84043217,-0.00746963359,0.0697465986,0.0578103065,3.01089382,-0.000254631042,1
560,5.819981,1.40429664,-1.44933462,1.43161464,-1.23521984,0.352625519,-0.714769661,0.0801808611,3.0119915,0.663202465,0.44204396,8.8091383,0.0575114973,0.0175486337,0.0801808611,3.01162624,-0.000254631042,1
561,5.829977,1.27878106,-1.37550199,1.13997579,-1.38657677,-5.33496141,1.12200963,0.0418313369,3.01173854,-0.421741396,-5.43533373,12.7585258,0.0212925076,0.00689598918,0.0418313369,3.01214504,-0.000254631042,1
562,5.839975,1.2913326,-1.3060993,1.37919343,-1.17024708,-3.58382487,-0.124459028,0.0588755682,3.01335168,0.581771791,-3.53847861,8.02596664,-0.0181222782,-0.0602156706,0.0588755682,3.01245022,-0.000254631042,1
563,5.849984,1.26844454,-1.45745611,1.2529397,-1.35852051,-0.594542623,2.07116795,-0.0391287617,3.01379657,-1.97850418,-0.853661656,5.53275156,0.026618829,-0.051693555,-0.0391287617,3.01251125,-0.000254631042,1
564,5.859981,1.47665262,-1.32603407,1.4102031,-1.21307003,-1.31537747,0.256189525,0.0375702791,3.0119915,-0.084043622,-1.33745563,9.17557621,0.0905346945,0.0228749551,0.0375702791,3.01257229,-0.000254631042,1
565,5.869977,1.22193003,-1.32898736,1.22193003,-1.40208173,-2.58555412,0.740292907,-0.0103666214,3.01208758,-0.400186241,-2.65950656,11.1490726,-0.00533910468,0.0324623361,-0.0103666214,3.01284695,-0.000254631042,1
566,5.879996,1.38583851,-1.27065957,1.43678296,-1.21454668,-1.19422638,-0.267002195,0.0386355445,3.01424146,0.41651547,-1.15064406,10.7155743,-0.100147642,0.0527023599,0.0386355445,3.01290798,-0.000254631042,1
567,5.889981,1.35778201,-1.41389477,1.22340667,-1.39691341,-2.91858983,1.06461227,-0.0124971503,3.01341295,-0.682798564,-3.03073454,9.18036652,0.0670988783,-0.0293230023,-0.0124971503,3.01306057,-0.000254631042,1
568,5.899998,1.36368871,-1.32308078,1.38731503,-1.20568681,0.886685789,0.674019873,0.0173302535,3.01145101,-0.78338939,0.791716814,10.6676731,0.102252603,0.0260707494,0.0173302535,3.0129385,-0.000254631042,1
569,5.910004,1.30019259,-1.25367808,1.23079002,-1.35999703,-1.81506932,0.760161459,0.0173302535,3.01237512,-0.519937217,-1.89789021,8.62232685,0.026618829,-0.0080177132,0.0173302535,3.01336575,-0.000254631042,1
570,5.919980,1.28025782,-1.36959517,1.41980135,-1.20273352,-1.0760237,-0.475303262,0.0556797758,3.01424146,0.608117044,-1.00694287,7.17094469,-0.0543412715,0.116618231,0.0556797758,3.0136404,-0.000254631042,1
571,5.930072,1.39765167,-1.31865072,1.23079002,-1.39248347,0.412593395,-0.0886146128,0.0226565767,3.01474738,0.0357073583,0.420488805,5.46090078,0.0511199087,0.0548328906,0.0226565767,3.01409817,-0.000254631042,1
572,5.939980,1.25146306,-1.33563221,1.37476349,-1.21750009,-2.69105768,0.244882613,0.030113427,3.01280332,0.102767907,-2.70022178,10.9167557,0.0308798868,0.0899866223,0.030113427,3.01425076,-0.000254631042,1
573,5.949998,1.38731503,-1.31865072,1.22340667,-1.42792308,-2.15573645,-0.213279843,0.0120039321,3.01394558,0.485971034,-2.11104703,12.7537355,-0.00107804674,-0.0154745653,0.0120039321,3.01455593,-0.000254631042,1
574,5.959984,1.26179957,-1.32012749,1.44711947,-1.20421016,0.18201749,1.87712944,0.0471576601,3.01516747,-1.88509846,-0.0561200976,10.0473633,-0.133170843,-0.059150409,0.0471576601,3.01473904,-0.000254631042,1
575,5.969984,1.40429664,-1.37845516,1.27582788,-1.29945421,-0.415425926,0.482639492,-0.00823609252,3.01543045,-0.426531464,-0.472853541,9.10851574,-1.27822468e-05,-0.0921735987,-0.00823609252,3.01510525,-0.000254631042,1
576,5.980004,1.37181032,-1.34596884,1.42866147,-1.23005164,-2.16661239,2.38882971,0.00774287386,3.01487398,-2.09586024,-2.45113969,9.70727062,0.0330104157,-0.0176050942,0.00774287386,3.01510525,-0.000254631042,1
577,5.989995,1.38583851,-1.27065957,1.20199537,-1.38953006,-1.39191294,-0.0204306133,-0.00930135697,3.01487613,0.196173668,-1.37817097,12.7681055,-0.0351665132,0.0154181039,-0.00930135697,3.0151968,-0.000254631042,1
578,5.999980,1.42570806,-1.30093086,1.44121301,-1.22709823,0.611303568,1.26567602,0.0120039321,3.01696277,-1.33184886,0.449229032,12.4399881,-0.0905602649,0.00370019581,0.0120039321,3.01498318,-0.000254631042,1
579,6.009995,1.43161464,-1.2861644,1.26622963,-1.33563221,-0.55169934,0.228635862,-0.0433898196,3.01697516,-0.158289239,-0.5758394,10.7874241,0.0511199087,-0.0367798544,-0.0433898196,3.01504421,-0.000254631042,1
580,6.019983,1.45524108,-1.26401472,1.44859624,-1.25367808,-2.78174448,2.22391891,-0.0657603741,3.01626325,-1.8587532,-3.03791952,8.73728752,0.140602127,-0.0261272099,-0.0657603741,3.01461697,-0.000254631042,1
581,6.029995,1.42570806,-1.22119176,1.30683756,-1.3060993,-3.43550181,-0.544027686,-0.107305683,3.015378,0.972160041,-3.33969212,10.3156061,0.0191619787,0.0175486337,-0.107305683,3.01385403,-0.000254631042,1
582,6.039981,1.51504552,-1.16877055,1.40872669,-1.22857499,1.62626755,1.79846871,-0.122219391,3.01594925,-1.9880842,1.38807678,9.09414577,-0.057537064,0.00902651716,-0.122219391,3.01281643,-0.000254631042,1
583,6.050004,1.61250472,-1.19904196,1.32381904,-1.31348252,-0.767512262,0.0672919452,-0.185069993,3.01400161,0.0309173185,-0.769835949,7.37212658,0.0852083713,0.0367233939,-0.185069993,3.0117178,-0.000254631042,1
584,6.059998,1.52759719,-1.15621912,1.38731503,-1.23152828,-2.29563165,1.99290657,-0.273486942,3.00995183,-1.67433667,-2.53736043,10.8137693,0.0969262794,0.00476546027,-0.273486942,3.00973415,-0.000254631042,1
585,6.069984,1.60364473,-1.11118114,1.41832483,-1.30093086,-2.73793077,0.971948981,-0.338468075,3.00644374,-0.594182849,-2.84392285,12.6196146,-0.0138612203,0.0409844518,-0.338468075,3.00707912,-0.000254631042,1
586,6.079996,1.67157066,-1.06983483,1.45007288,-1.25515473,-0.128878132,2.79383993,-0.394927084,3.00388575,-2.74970031,-0.511173844,7.18291998,-0.057537064,0.0708118603,-0.394927084,3.00375271,-0.000254631042,1
587,6.089982,1.60216808,-1.02479696,1.4161098,-1.2086401,-3.23924541,1.47367632,-0.449255586,2.99845982,-0.996546149,-3.41633272,12.7633162,-0.00533910468,0.133662462,-0.449255586,3.00006008,-0.000254631042,1
588,6.100005,1.72103858,-0.986403883,1.32972562,-1.26106131,2.18455338,1.06594706,-0.571761012,2.9919343,-1.3797493,2.00120187,12.1573753,0.12994948,0.0580286831,-0.571761012,2.99539089,-0.000254631042,1
589,6.109979,1.7483567,-0.953917563,1.51209223,-1.16655552,0.280927509,1.7962023,-0.558977842,2.98587942,-1.81803787,-0.00103464653,8.20319843,0.0340756811,0.0324623361,-0.558977842,2.99026394,-0.000254631042,1
590,6.120002,1.60955131,-0.887468219,1.37919343,-1.17615378,-2.06594491,-0.443540961,-0.647394776,2.97958064,0.770978391,-1.96734583,9.63302517,0.0564462319,0.0857255608,-0.647394776,2.98474026,-0.000254631042,1
591,6.129976,1.72399199,-0.887468219,1.40724993,-1.11561096,0.590986133,0.370440483,-0.713441193,2.97054386,-0.548677444,1.00008357,9.37436295,0.0234230366,0.091051884,-0.713441193,2.97836208,-0.000254631042,1
592,6.139984,1.67157066,-0.829878747,1.43161464,-1.11708772,-0.866540551,0.856913745,-0.79227072,2.96161938,-1.5857209,-1.17698932,7.36973143,0.120362096,0.0942476764,-0.79227072,2.97146511,-0.000254631042,1
593,6.149981,1.67895401,-0.804037392,1.43161464,-1.12225604,2.2797966,1.47729778,-0.831685543,2.95452476,-3.4538362,-1.98171592,9.35999298,0.225823283,0.112357177,-0.844468713,2.96377468,-0.000254631042,1
594,6.159978,1.6619724,-0.828402102,1.43013799,-1.04916167,-0.388358474,0.470767707,-0.939277232,2.94494486,-0.953435779,-1.32308555,12.0591803,0.145928457,0.175207764,-0.956321478,2.95532131,-0.000254631042,1
595,6.169974,1.64646769,-0.808467269,1.43825972,-1.07721806,0.845680892,1.14708674,-0.996801496,2.93540859,-1.07558179,0.97852838,11.7550125,0.06816414,0.0793339759,-1.00851941,2.94607449,-0.000254631042,1
596,6.179983,1.68043077,-0.828402102,1.38583851,-0.981235683,-0.309652805,1.73181498,-1.03621626,2.92386723,-2.62994933,-0.602184594,10.8544855,-0.0383623056,0.0921171457,-1.05432582,2.9363699,-0.000254631042,1
597,6.189980,1.60659802,-0.823972225,1.41463315,-1.00929201,1.47681129,1.42423785,-1.1267637,2.91264749,-2.40002751,2.66462207,13.5656471,-0.0170570128,0.0207444262,-1.12889421,2.92590237,-0.000254631042,1
598,6.199976,1.72989857,-0.85498184,1.48625088,-0.964254081,-0.176800534,-0.235208675,-1.11824155,2.90222955,-0.804944575,0.37498343,10.4329615,0.00850933325,0.0239402205,-1.11824155,2.91509914,-0.000254631042,1
599,6.209984,1.59404635,-0.823972225,1.49511075,-1.02922678,2.17316461,1.01886976,-1.12782896,2.89105272,-1.52584541,1.85271049,7.33380604,0.0383367352,-0.061280936,-1.12463319,2.90423489,-0.000254631042,1
600,6.229997,1.63391614,-0.905926406,1.4825592,-0.964254081,0.549537241,3.05706024,-1.04899943,2.86918664,-3.09218812,-0.293227047,9.72164059,-0.0777770877,-0.0250619445,-1.04793417,2.88268948,-0.000254631042,1
601,6.239982,1.58813989,-0.918477952,1.39322174,-0.982712388,3.45277977,2.33156919,-1.03941214,2.85792279,-3.20475411,2.66222715,8.30618382,-0.0532760061,0.134727731,-1.03941214,2.87228298,-0.000254631042,1
602,6.250002,1.46410096,-0.918477952,1.36516535,-1.03070354,1.07935846,0.418879896,-1.01278043,2.84732103,-0.713933825,0.911467791,9.98030281,0.0170314498,0.259363651,-1.01278043,2.86199856,-0.000254631042,1
603,6.260000,1.47517586,-0.862365067,1.38583851,-0.964254081,0.0198286772,-1.43836069,-0.911580384,2.83952641,1.3673383,0.446833998,10.8592749,0.107578926,0.14218457,-0.911580384,2.85232449,-0.000254631042,1
604,6.269976,1.46926928,-0.908879638,1.34080052,-1.02036691,2.40564179,0.326577395,-0.845533967,2.83069372,-1.0468415,2.19040823,9.94198227,0.0734904632,-0.0676725209,-0.845533967,2.8433218,-0.000254631042,1
605,6.279995,1.39322174,-0.953917563,1.36885703,-1.00486207,2.81213951,1.65193117,-0.831685543,2.8215735,-2.45271802,2.14969301,9.95395756,0.0777515173,-0.185916886,-0.831685543,2.83468533,-0.000254631042,1
606,6.289980,1.28542614,-1.0233202,1.35778201,-0.95022589,1.55503654,1.02283955,-0.783748627,2.81438088,-1.46836495,1.14378476,10.4257765,0.0340756811,-0.0879125446,-0.783748627,2.82638454,-0.000254631042,1
607,6.299997,1.3887918,-0.975328982,1.30536079,-1.04325497,0.954756558,0.855424166,-0.696396947,2.80768561,-1.12108719,0.621670425,9.72164059,0.0095745977,0.0367233939,-0.696396947,2.81869411,-0.000254631042,1
608,6.309982,1.42423141,-0.981235683,1.30979097,-1.01667535,1.11849463,-0.0098620709,-0.616502106,2.80106783,-0.364260942,1.05756402,7.791255,-0.0554065369,0.111291908,-0.616502106,2.81176662,-0.000254631042,1
609,6.319979,1.29871595,-1.0403018,1.33637059,-1.10010624,0.0315988399,-0.100203082,-0.589870512,2.79652524,0.0836077482,0.0636308864,8.45946503,-0.0458191559,0.0878560916,-0.589870512,2.80526638,-0.000254631042,1
610,6.329976,1.4057734,-1.07721806,1.29576254,-1.07574141,2.38300943,-1.14325881,-0.528085172,2.78947973,0.251259118,2.63109183,9.31927776,-0.0404928327,-0.0676725209,-0.528085172,2.7992239,-0.000254631042,1
611,6.339984,1.32677245,-1.10675108,1.35335219,-1.00929201,1.55549884,1.56688201,-0.475887209,2.78420448,-2.01203442,0.909072816,8.35647964,0.00744406879,-0.0953693986,-0.475887209,2.79370022,-0.000254631042,1
612,6.349980,1.29871595,-1.1591723,1.31274414,-1.08829296,0.383933991,1.92366064,-0.454581916,2.78095269,-1.93539381,-0.31957227,8.17206287,0.0031830112,0.0761381835,-0.454581916,2.78854275,-0.000254631042,1
613,6.359976,1.34818375,-1.15769565,1.33120227,-1.11118114,1.22057974,0.476096869,-0.435407132,2.77785778,-0.879190147,0.971343279,10.0808935,-0.00640436914,0.163489863,-0.435407132,2.78356838,-0.000254631042,1
614,6.369984,1.34523058,-1.11118114,1.3024075,-1.13923752,0.0631490052,-0.265541911,-0.400253415,2.77273989,0.22491391,0.154641628,9.95635319,-0.0234485995,0.165620387,-0.400253415,2.77896023,-0.000254631042,1
615,6.379980,1.29428601,-1.16507888,1.3223424,-1.14809728,0.612694919,1.14665151,-0.348055452,2.76823163,-1.29113352,0.152246609,9.53243446,-0.00107804674,0.0303318072,-0.348055452,2.77557278,-0.000254631042,1
616,6.389976,1.27878106,-1.12668586,1.35335219,-1.10379791,0.138353646,0.762027621,-0.299053282,2.76455164,-0.75943917,-0.151920885,9.15881157,0.0202272423,0.00370019581,-0.299053282,2.7717886,-0.000254631042,1
617,6.410003,1.27287447,-1.14366746,1.17541552,-1.14219081,1.16476142,-0.83995676,-0.215962663,2.76263404,0.34945491,1.39286673,11.6687918,-0.0404928327,-0.00588718429,-0.215962663,2.76534939,-0.000254631042,1
618,6.419976,1.21897674,-1.23152828,1.28837931,-1.16212571,-0.88936758,-0.212833449,-0.162699446,2.75952172,0.529081404,-0.745885789,11.6975317,-0.00427384023,-0.158220008,-0.162699446,2.76287746,-0.000254631042,1
619,6.430000,1.28025782,-1.16360223,1.21897674,-1.03734851,1.20424592,-0.430852771,-0.146720484,2.75662661,-0.0529083684,1.27790582,9.26419163,0.143797919,-0.202961117,-0.146720484,2.76077175,-0.000254631042,1
620,6.439974,1.23448169,-1.17320037,1.24481821,-1.1591723,2.54515171,1.98050213,-0.119023591,2.75421977,-2.79520583,1.60841858,8.60556126,0.166168481,-0.0367798544,-0.119023591,2.75887966,-0.000254631042,1
621,6.450003,1.21233177,-1.14219081,1.16434062,-1.15178895,-0.423219174,0.170020327,-0.0870656595,2.75482154,0.00217708293,-0.456088394,9.58033466,0.118231572,0.123009816,-0.0870656595,2.75732327,-0.000254631042,1
622,6.459977,1.3083142,-1.1451441,1.20790184,-1.20273352,-0.858072579,0.372267634,-0.056172993,2.75553703,-0.0217731129,-0.93509233,11.6616068,-0.0117306914,0.207165703,-0.056172993,2.75610256,-0.000254631042,1
623,6.469999,1.1983037,-1.23300493,1.18649042,-1.16360223,0.402828753,-0.195456177,-0.0902614519,2.75359297,0.0285222996,0.446833998,9.30730247,0.00637880433,0.0633550063,-0.0902614519,2.75500393,-0.000254631042,1
624,6.479984,1.23226666,-1.17320037,1.2138083,-1.14071405,0.427881539,0.989585757,-0.0870656595,2.75029659,-1.07797682,0.0181255098,10.591033,0.107578926,-0.0154745653,-0.0870656595,2.75378323,-0.000254631042,1
625,6.489982,1.16138721,-1.15474236,1.1983037,-1.19608867,-0.433771461,0.719572723,-0.0849351287,2.74827337,-0.498382032,-0.676430225,11.6161013,0.11183998,-0.0154745653,-0.0849351287,2.75256252,-0.000254631042,1
626,6.499996,1.23891151,-1.20273352,1.21528506,-1.13923752,1.35853148,-0.189625517,-0.0636298433,2.75039268,-0.342705756,1.32820117,9.66416073,0.0223577712,-0.0176050942,-0.0636298433,2.75149441,-0.000254631042,1
627,6.509981,1.21233177,-1.23005164,1.19682693,-1.23152828,-1.22223127,-0.331171721,-0.0529771969,2.75159621,0.770978391,-1.00454783,6.25125742,-0.0436886288,-0.0421061777,-0.0529771969,2.75067043,-0.000254631042,1
628,6.520001,1.22635996,-1.21602333,1.25589299,-1.09272289,0.918111145,0.0786720961,-0.0295413826,2.74876261,-0.42413643,0.818062067,8.24630833,0.0457935855,-0.123066269,-0.0295413826,2.74981594,-0.000254631042,1
629,6.529975,1.18501377,-1.20568681,1.17836881,-1.1805836,0.041029267,0.642263353,-0.0433898196,2.74639034,-0.608552933,-0.209401354,10.8305349,0.00850933325,-0.0314535312,-0.0433898196,2.74917507,-0.000254631042,1
630,6.539999,1.15695739,-1.11265779,1.2034719,-1.1281625,1.26037574,-0.260308623,-0.0433898196,2.74677396,-0.244509935,1.26353574,11.2688236,-0.0202528071,0.0345928632,-0.0433898196,2.74847317,-0.000254631042,1
631,6.550104,1.22931325,-1.20716333,1.17393875,-1.18575203,1.36188817,0.914294362,-0.00823609252,2.74943352,-1.3653791,0.909072816,10.4161968,-0.0202528071,0.013287575,-0.00823609252,2.74804592,-0.000254631042,1
632,6.559976,1.19535029,-1.23817325,1.1983037,-1.18206036,-0.359166324,-1.72546709,-0.0316719115,2.74831772,1.7313813,0.329478055,7.75772476,0.0489893816,-0.0655419976,-0.0316719115,2.74771023,-0.000254631042,1
633,6.570000,1.22488332,-1.15178895,1.23079002,-1.12225604,-0.73454833,1.60336971,-0.0103666214,2.74511743,-1.19533277,-1.29674029,8.72531223,0.0852083713,-0.0271924734,-0.0103666214,2.74734402,-0.000254631042,1
634,6.579974,1.07795644,-1.18722868,1.09936774,-1.18722868,-0.241421998,-0.147751093,-0.0284761172,2.74578834,-0.440901577,1.43837214,12.0495996,0.0298146233,0.0473760366,-0.0284761172,2.74694729,-0.000254631042,1
635,6.589999,1.22193003,-1.16877055,1.21897674,-1.17910719,0.788821578,-0.339701951,-0.00290977047,2.74864006,0.0117571615,0.858777404,11.7071123,-0.0969518498,0.0420497172,-0.00290977047,2.7466116,-0.000254631042,1
636,6.599974,1.15400398,-1.17763042,1.12151766,-1.17467701,-0.552171767,0.234262481,0.00561234495,2.7487011,0.299159527,-1.05723834,6.1578517,-0.0500802137,-0.0389103815,0.00135128724,2.74655056,-0.000254631042,1
637,6.610001,1.18649042,-1.15474236,1.20642507,-1.14219081,2.34588242,-0.358369082,-0.00504029961,2.74629474,0.16982846,0.188171908,6.90509748,0.0436630584,-0.0367798544,-0.00610556407,2.74642849,-0.000254631042,1
638,6.619976,1.11044276,-1.14957404,1.14883578,-1.1281625,1.39076805,0.941694736,-0.0156929437,2.74470711,-0.457666695,0.928232968,12.4519634,0.00424827542,0.0590939485,-0.0124971503,2.74618435,-0.000254631042,1
639,6.630005,1.13702238,-1.14219081,1.1119194,-1.17910719,0.47681278,-0.341194063,0.0173302535,2.74671268,-0.311570495,0.705496132,12.6890697,-0.0341012478,0.0495065674,0.0226565767,2.74612331,-0.000254631042,1
640,6.639979,1.15991068,-1.12963915,1.17246211,-1.14809728,0.235912994,-0.748196125,0.0365050174,2.74883175,0.0788177103,0.853987336,10.2892609,-0.0287749227,-0.0112135075,0.0375702791,2.7462759,-0.000254631042,1
641,6.649975,1.13849902,-1.17763042,1.10601282,-1.1281625,-0.44811365,-0.176450834,0.0290481634,2.74721885,-1.02049637,0.597720265,8.46904564,0.00105248217,-0.106022038,0.0290481634,2.74655056,-0.000254631042,1
642,6.659983,1.15105069,-1.14219081,1.18944371,-1.11118114,0.557654917,0.281138688,0.0151997255,2.7457273,-0.474431843,-0.0776752755,9.51327419,-0.0127959559,-0.0303882677,0.0109386677,2.74664211,-0.000254631042,1
643,6.669978,1.08238649,-1.11708772,1.1119194,-1.15474236,0.683983803,1.17080545,0.00454708049,2.74674726,-1.34382403,0.180986851,10.710784,-0.0607328601,0.0558981523,-0.000779241615,2.74664211,-0.000254631042,1
644,6.679975,1.19092035,-1.10970449,1.16138721,-1.14809728,0.860657871,-1.22597909,0.0215913113,2.74985194,0.804508626,1.26353574,9.19473648,-0.138497159,0.0974434689,0.0279828981,2.74667263,-0.000254631042,1
645,6.689973,1.15252745,-1.12668586,1.12004101,-1.13776076,-0.505405664,0.691607714,0.0269176345,2.74908471,-0.445691615,-0.731515646,7.74814463,-0.110800289,0.0654855371,0.0269176345,2.74688625,-0.000254631042,1
646,6.699982,1.12742412,-1.14071405,1.09936774,-1.11118114,2.2712059,0.167768791,0.0120039321,2.74715734,-1.02768135,2.03233695,9.71206093,0.0394020006,-0.010148243,0.0120039321,2.74706936,-0.000254631042,1
647,6.709978,1.10896611,-1.1281625,1.13702238,-1.07574141,0.997386158,0.655118227,0.00348181627,2.74526453,-0.989361048,0.667175829,10.26052,0.0457935855,-0.023996681,0.00348181627,2.74700832,-0.000254631042,1
648,6.719975,1.09936774,-1.06983483,1.07057321,-1.1340692,1.0786407,-0.39123106,0.0151997255,2.74751425,-0.0529083684,1.1461798,12.0591803,-0.022383336,-0.0218661521,0.0151997255,2.74697781,-0.000254631042,1
649,6.740003,1.05802166,-1.0897696,1.03661013,-1.04325497,-0.0347920991,0.608103395,0.0471576601,2.74956417,-0.548677444,-0.26448682,10.6796484,-0.0117306914,-0.0559546128,0.0471576601,2.74761868,-0.000254631042,1
650,6.749978,1.07057321,-1.08681631,1.08607781,-1.05875993,1.70458353,0.378573239,0.0290481634,2.74773264,-1.00373113,1.428792,10.0449686,0.0564462319,-0.0698030517,0.0290481634,2.74789333,-0.000254631042,1
651,6.760001,1.05211484,-1.01889026,1.07647979,-1.07426476,1.8883512,1.02535915,0.0183955189,2.7474184,-1.67194164,1.34975636,10.4736767,-0.022383336,0.0345928632,0.0183955189,2.74804592,-0.000254631042,1
652,6.769975,1.08903122,-1.06466651,1.02553523,-1.06614316,0.509542227,-0.634341121,0.01626499,2.75100231,0.39256525,0.712681174,10.2820749,-0.103343435,0.109161377,0.01626499,2.74816799,-0.000254631042,1
653,6.779996,1.05506825,-1.03734851,1.05506825,-1.04620838,0.338203818,-1.31684268,0.051418718,2.75176144,1.08951592,0.813271999,8.52892113,-0.0607328601,0.0441802442,0.051418718,2.7485342,-0.000254631042,1
654,6.789981,1.05211484,-1.0506382,1.07647979,-1.05875993,0.129228085,-0.0608471967,0.0450271331,2.75033116,0.0069671222,0.142666534,4.98189688,0.0170314498,-0.0421061777,0.0450271331,2.74902248,-0.000254631042,1
655,6.799998,1.04104006,-1.05580652,1.04547,-0.975328982,0.720149219,-0.730894566,0.0407660753,2.74897909,0.399750322,0.944998085,10.1982498,0.165103212,-0.0442367047,0.0407660753,2.74938869,-0.000254631042,1
656,6.809973,0.770812571,-1.17910719,1.17098534,-0.891898096,0.232033148,-0.0127860866,0.0141344611,2.74945855,-0.0768585652,0.219307154,14.8613529,0.0884041637,0.00370019581,0.0141344611,2.74960232,-0.000254631042,1
657,6.819998,0.776719272,-1.17320037,1.15400398,-0.77893424,1.17725217,-0.901522696,0.000286022841,2.75265884,0.387775213,1.43118703,13.3979959,0.0159661844,-0.0676725209,0.000286022841,2.74963284,-0.000254631042,1
658,6.829983,0.841691971,-1.25958455,1.34080052,-0.908879638,-0.425225765,-0.850443304,0.035439752,2.75214505,0.948209822,-0.0704902187,10.0904741,-0.121452935,-0.103891514,0.035439752,2.74981594,-0.000254631042,1
659,6.840002,0.80329901,-1.26401472,1.29428601,-0.787055731,1.37740135,-2.18412209,0.0333092213,2.7517004,1.49666929,2.10418749,8.70615292,-0.0820381492,-0.199765325,0.0333092213,2.7500906,-0.000254631042,1
660,6.849977,0.80625236,-1.19608867,1.39174509,-0.879346609,-0.370460093,-1.79464006,0.0450271331,2.75192642,1.8008368,0.339058131,5.96146011,-0.0777770877,-0.144371569,0.0450271331,2.75039577,-0.000254631042,1
661,6.859974,0.657848716,-1.36738026,1.45819438,-0.60468924,1.61304152,-0.475707412,0.0269176345,2.75339127,-0.170264333,1.67308402,6.19617176,-0.0127959559,-0.033584062,0.0269176345,2.75076199,-0.000254631042,1
662,6.869982,0.529379964,-1.44785798,1.59699976,-0.633484006,-0.246247038,-4.66328526,0.0578103065,2.75463009,4.41140842,1.53177786,12.3729277,-0.0181222782,-0.0314535312,0.0578103065,2.75109768,-0.000254631042,1
663,6.879979,0.603950918,-1.41537154,1.49215734,-0.507230163,0.769895136,-4.67986107,0.0546145104,2.75434232,4.04257536,2.48020577,12.7106256,0.0212925076,-0.152893677,0.0546145104,2.75167751,-0.000254631042,1
664,6.889975,0.387621284,-1.43752134,1.72251534,-0.538239896,-0.50600934,-3.35339022,0.0801808611,2.75329566,3.29532909,0.80129689,9.20910645,0.0362062082,-0.290312797,0.0801808611,2.75225735,-0.000254631042,1
665,6.899983,0.36768651,-1.53276539,1.63613105,-0.286470622,2.81281471,-1.54856861,0.0940292999,2.75489068,0.373405099,3.1891315,5.08009291,0.0809473172,-0.24876748,0.0940292999,2.7530508,-0.000254631042,1
666,6.909980,0.260629147,-1.54236364,1.83843243,-0.290900558,1.70180011,-4.31784105,0.161140949,2.75876236,3.36957479,3.19152641,9.29772186,0.0670988783,-0.0932388678,0.161140949,2.7540884,-0.000254631042,1
667,6.919977,0.189749852,-1.35852051,1.76090813,-0.169076726,2.23592377,-3.44113135,0.267667383,2.76294851,2.37085152,3.34959769,12.0040941,-0.00320857554,-0.0964346603,0.267667383,2.75598049,-0.000254631042,1
668,6.929994,0.146188602,-1.4545027,1.77198315,-0.142496973,1.50615847,-3.40322924,0.324126422,2.76481438,2.61035371,2.65264702,9.17318153,-0.0905602649,-0.0325187966,0.324126422,2.75857449,-0.000254631042,1
669,6.939995,0.0228881147,-1.46779263,1.76238489,-0.00516828429,2.18418789,-2.53735924,0.381650686,2.76669765,1.56133485,2.9616046,10.9526806,-0.0788423568,0.00796125364,0.381650686,2.76177883,-0.000254631042,1
670,6.949997,0.0457762294,-1.45081115,1.62948608,0,2.25507116,-3.42891407,0.446631819,2.77058601,2.3780365,3.34480786,12.588479,-0.0543412715,0.0452455096,0.446631819,2.76534939,-0.000254631042,1
671,6.959984,-0.0361779891,-1.22119176,1.51652229,0.0442995802,0.563544571,-2.53530931,0.48285082,2.77668953,2.16727471,1.43118703,9.69529533,-0.0351665132,0.00476546027,0.48285082,2.76965237,-0.000254631042,1
672,6.969998,-0.053159494,-1.37107182,1.51061559,0.0723559782,2.08543587,-2.56694913,0.50096029,2.78290677,1.67150581,2.85382867,9.19473648,0.0276840944,0.0899866223,0.50096029,2.77419949,-0.000254631042,1
673,6.980090,-0.0036916316,-1.21750009,1.42275465,0.075309284,0.346915036,-2.28118563,0.474328697,2.78697014,2.01878357,1.11743951,10.710784,-0.0234485995,0.0495065674,0.474328697,2.77880764,-0.000254631042,1
674,6.989984,-0.0081215892,-1.219715,1.35482872,0.137328684,1.69486189,-2.5004077,0.474328697,2.79047513,1.76491153,2.45146537,10.3060255,0.0287493579,0.0803992376,0.474328697,2.78335476,-0.000254631042,1
675,6.999982,0.0184581578,-1.19313526,1.4161098,0.0878608376,1.26745737,-1.50703573,0.461545527,2.79479957,0.986530125,1.70421934,9.1707859,0.0820125788,0.0899866223,0.461545527,2.78777981,-0.000254631042,1
676,7.010001,0.0184581578,-1.10527444,1.3112675,0.13068375,2.08851767,-2.07074952,0.450892895,2.79943824,1.24998224,2.66222715,10.0258083,0.0692294016,0.136858255,0.450892895,2.79220486,-0.000254631042,1
677,7.019975,0.0642343909,-1.08164811,1.25146306,0.104842335,0.674296379,-1.07669914,0.449827611,2.8039465,0.792533517,0.992898464,9.42226315,0.0362062082,0.153902486,0.449827611,2.79659939,-0.000254631042,1
678,7.030004,0.180151626,-1.07869482,1.1813221,-0.011074895,1.59038985,-1.94477737,0.411478102,2.80776572,1.17334163,2.55205631,9.28574753,0.0479241163,0.148576155,0.411478102,2.80087185,-0.000254631042,1
679,7.039979,0.195656478,-0.805513978,1.09346116,0.0442995802,1.80435312,-0.722629666,0.401890725,2.80985808,0.188988611,1.49106252,10.3203955,-0.0372970402,0.226340458,0.398694932,2.8049612,-0.000254631042,1
680,7.050000,0.254722565,-0.913309634,1.04104006,-0.00516828429,1.35923529,0.70393151,0.365671724,2.81355476,-1.60248613,1.82636535,9.18515682,-0.00427384023,0.169881448,0.340105385,2.80880642,-0.000254631042,1
681,7.059974,0.299022168,-0.768597662,0.869748354,-0.00664493674,1.54271126,-0.825951517,0.267667383,2.81628394,-0.733093977,1.49345756,10.3323708,-0.00214331108,0.215687811,0.255949497,2.81191921,-0.000254631042,1
682,7.070004,0.338153452,-0.781887531,0.877131641,0,0.323933929,1.10413706,0.162206218,2.81784439,-0.742674053,0.985713422,9.6186552,0.0287493579,0.186925679,0.137705132,2.81420803,-0.000254631042,1
683,7.079978,0.386144638,-0.595091045,0.80329901,-0.131422073,1.91645169,-0.367606014,0.0631366298,2.8190217,-0.285225272,1.89103079,9.70248032,0.0180967133,0.140054047,0.0482229255,2.8155508,-0.000254631042,1
684,7.090002,0.362518221,-0.55817467,0.739802957,0.0132898735,0.0873723626,0.33972621,0.00880813878,2.81857681,-0.306780457,-0.0896503702,10.0329933,-0.0127959559,-0.0229314156,-0.0103666214,2.81628323,-0.000254631042,1
685,7.099979,0.390574604,-0.358826578,0.728728056,-0.0945057645,2.54171276,1.25822806,-0.0966530442,2.81733847,-2.00245428,2.00838685,10.8329296,0.0095745977,-0.0740641057,-0.111566745,2.81619167,-0.000254631042,1
686,7.109997,0.455547333,-0.374331415,0.523473322,-0.235526085,3.4251411,2.23347211,-0.18293947,2.81591702,-3.2119391,2.53050113,9.52045918,0.0244883001,0.0718771219,-0.191461578,2.81521511,-0.000254631042,1
687,7.119984,0.451117367,-0.230357811,0.586969376,-0.193441495,1.76972985,1.34187543,-0.203179494,2.81428719,-1.83959305,1.24437559,11.6089163,0.01490092,0.176273033,-0.215962663,2.81375027,-0.000254631042,1
688,7.130002,0.430444241,-0.256937563,0.546361446,-0.233311102,2.49150562,1.64223254,-0.272421688,2.81119227,-2.36170721,1.82397032,10.1958551,-0.0181222782,0.20503518,-0.272421688,2.81185818,-0.000254631042,1
689,7.139976,0.50649184,-0.275395721,0.585492671,-0.167600065,3.78914666,-0.74466747,-0.283074319,2.80747795,-0.539097369,3.82381177,11.6903467,-0.0138612203,0.179468825,-0.283074319,2.80947781,-0.000254631042,1
690,7.149998,0.355134934,-0.298283815,0.674830258,-0.207469687,2.93132949,0.859073877,-0.27029115,2.80471325,-1.77971756,2.48260069,11.0676422,-0.0586023293,0.0803992376,-0.27029115,2.80718899,-0.000254631042,1
691,7.159983,0.505015194,-0.392789602,0.654895484,-0.248815984,3.17084432,0.178188443,-0.289465904,2.80205345,-1.22407293,2.93046927,12.018465,-0.0735160336,0.0143528394,-0.289465904,2.80465603,-0.000254631042,1
692,7.169997,0.380976379,-0.34036842,0.68073684,-0.361779869,2.21583223,1.63264596,-0.280943811,2.80020523,-2.28027654,1.54135799,9.92042732,-0.0937560573,-0.0857820138,-0.280943811,2.80224514,-0.000254631042,1
693,7.179983,0.464407265,-0.442257464,0.625362396,-0.208946332,1.76684046,1.47944951,-0.310771197,2.79807806,-1.9880842,1.16533995,9.34083271,-0.0916255265,-0.0996304527,-0.310771197,2.79955959,-0.000254631042,1
694,7.189980,0.39205125,-0.389836311,0.699195027,-0.258414209,1.97279835,2.61292648,-0.308640689,2.79457307,-3.12811351,0.966553271,8.72770786,-0.128909782,-0.119870476,-0.308640689,2.79678249,-0.000254631042,1
695,7.199977,0.430444241,-0.504276812,0.696241736,-0.284993947,1.35885441,2.47173595,-0.317162782,2.79114628,-2.78802061,0.427673846,8.87619877,-0.126779258,-0.0367798544,-0.317162782,2.79394436,-0.000254631042,1
696,7.209974,0.413462758,-0.431182534,0.71617651,-0.218544587,1.14441681,2.38350058,-0.293726981,2.78791118,-2.63234448,0.248047397,8.72770786,-0.0788423568,0.0122223105,-0.293726981,2.79110622,-0.000254631042,1
697,7.219983,0.370639801,-0.480650425,0.660802066,-0.262844145,1.86605012,1.77242053,-0.308640689,2.78580976,-2.31141186,1.13180959,8.54568577,-0.0330359787,0.0431149788,-0.308640689,2.78820705,-0.000254631042,1
698,7.229980,0.426014245,-0.499108583,0.702886701,-0.225927845,0.270397395,1.78379273,-0.289465904,2.78332496,-1.76534748,-0.372262716,10.238965,0.0415325277,0.00902651716,-0.289465904,2.78542995,-0.000254631042,1
699,7.239977,0.426014245,-0.470313877,0.677783549,-0.247339323,0.864875197,2.08008814,-0.299053282,2.78005505,-2.25153637,0.0732109621,10.2940502,0.0894694328,-0.051693555,-0.299053282,2.78253078,-0.000254631042,1
700,7.249974,0.390574604,-0.449640721,0.690335035,-0.235526085,0.938479304,2.99539304,-0.304379612,2.77579999,-3.13290358,-0.195031241,9.32646275,0.0841431096,-0.061280936,-0.304379612,2.77950954,-0.000254631042,1
701,7.259981,0.423060954,-0.4466874,0.597306013,-0.258414209,0.349709183,1.6883359,-0.312901735,2.77208543,-1.70068192,-0.283646971,10.8041897,0.058576759,0.0015696669,-0.312901735,2.77654934,-0.000254631042,1
702,7.269994,0.414939374,-0.451855689,0.597306013,-0.289423913,0.771939218,1.50901866,-0.299053282,2.77004528,-1.68631172,0.171406761,10.8736448,0.00637880433,0.038853921,-0.299053282,2.77413845,-0.000254631042,1
703,7.279999,0.411986113,-0.428229272,0.584016085,-0.354396641,0.855032086,0.706743836,-0.280943811,2.7677176,-0.970200896,0.537844777,10.2437553,-0.0149264848,0.0399191864,-0.280943811,2.77123928,-0.000254631042,1
704,7.289973,0.472528845,-0.443734109,0.57737118,-0.334461808,0.676774681,1.49676526,-0.259638518,2.76444793,-1.64080644,0.078001,10.1982498,-0.0372970402,-0.00269139092,-0.259638518,2.76858425,-0.000254631042,1
705,7.299983,0.414939374,-0.504276812,0.569987893,-0.320433617,0.687129498,0.974007249,-0.254312187,2.76155281,-1.1594075,0.276787639,10.0641289,-0.0383623056,-0.0580851436,-0.254312187,2.7658987,-0.000254631042,1
706,7.309980,0.431920886,-0.448164046,0.574417889,-0.30492875,0.884946465,0.994091272,-0.236202687,2.7585094,-1.25281322,0.449229032,9.29053688,-0.031970717,-0.102826245,-0.236202687,2.76330471,-0.000254631042,1
707,7.320001,0.414939374,-0.440780818,0.513875127,-0.289423913,0.537617981,1.21662843,-0.221288994,2.7571404,-1.32945383,0.0420757085,8.71094227,-0.0277096573,-0.0879125446,-0.221288994,2.76089382,-0.000254631042,1
708,7.329975,0.444472402,-0.41936934,0.455547333,-0.338891774,0.788030386,1.28024971,-0.197853178,2.75558853,-1.48273516,0.248047397,8.64148712,-0.0159917492,-0.0634114668,-0.197853178,2.75863552,-0.000254631042,1
709,7.340004,0.417154372,-0.436350852,0.495416969,-0.33224684,0.454423815,1.25816894,-0.172286823,2.75482154,-1.33663893,-0.0537250787,9.24742699,-0.00746963359,-0.0218661521,-0.172286823,2.75671291,-0.000254631042,1
710,7.349979,0.437089175,-0.397219539,0.50649184,-0.354396641,1.12664115,0.622842073,-0.149916276,2.75243282,-1.00373113,0.806086957,10.1958551,0.00637880433,-0.0176050942,-0.149916276,2.75491238,-0.000254631042,1
711,7.360004,0.430444241,-0.471790493,0.537501574,-0.371378124,0.92328757,0.816587448,-0.107305683,2.75081062,-1.10671699,0.542634785,10.8472996,0.0223577712,-0.0389103815,-0.107305683,2.75347805,-0.000254631042,1
712,7.369979,0.399434537,-0.437827468,0.485080361,-0.369901478,0.886031926,0.408447444,-0.0668256357,2.74904037,-0.7163288,0.662385762,11.244873,0.0191619787,-0.0825862214,-0.0668256357,2.75237942,-0.000254631042,1
713,7.379975,0.40312618,-0.443734109,0.482865393,-0.420845985,1.26498997,0.228437662,-0.0156929437,2.74923205,-0.694773674,1.08151424,11.3454638,0.0106398622,-0.0943041295,-0.0156929437,2.75161648,-0.000254631042,1
714,7.389983,0.410509437,-0.41124776,0.441519141,-0.415677667,0.64339298,0.514981449,0.0215913113,2.75109839,-0.721118867,0.398933619,11.1706276,-0.0170570128,-0.0687377825,0.0215913113,2.75137234,-0.000254631042,1
715,7.399980,0.431920886,-0.468837202,0.448902398,-0.381714731,-0.0439091809,0.538713276,0.0279828981,2.75179601,-0.481616914,-0.245326653,10.0689182,-0.0628633872,-0.0314535312,0.0279828981,2.75137234,-0.000254631042,1
716,7.409977,0.481388688,-0.402387828,0.461453944,-0.443734109,0.273626,0.340931118,0.0141344611,2.7517004,-0.419346392,0.123506375,8.51934052,-0.0820381492,0.0100917816,0.0141344611,2.75134182,-0.000254631042,1
717,7.419975,0.458500624,-0.440780818,0.431920886,-0.462192297,-0.14652659,0.301325619,-0.00930135697,2.7514472,-0.222954765,-0.250116676,8.37084961,-0.0809728801,0.0260707494,-0.00930135697,2.75125027,-0.000254631042,1
718,7.429983,0.468098849,-0.415677667,0.401649505,-0.412724406,-0.148710251,0.157333449,-0.018888738,2.75084519,-0.0888336599,-0.19742626,9.20671177,-0.0426233634,0.0260707494,-0.018888738,2.75091457,-0.000254631042,1
719,7.439980,0.459977269,-0.463668913,0.441519141,-0.429705888,-0.563699663,0.344418108,-0.0167582091,2.74999905,-0.103203781,-0.652480006,9.68332005,-1.27822468e-05,-0.0176050942,-0.0167582091,2.7506094,-0.000254631042,1
720,7.449977,0.447425723,-0.443734109,0.414939374,-0.437827468,-0.527201831,0.45835647,-0.0380634964,2.75076604,-0.222954765,-0.662060082,9.94916725,-0.00640436914,-0.0421061777,-0.0380634964,2.7502737,-0.000254631042,1
721,7.460005,0.386144638,-0.423799306,0.431920886,-0.440780818,-0.299874157,0.650279701,-0.036998231,2.74962354,-0.486406952,-0.525543988,9.25461197,-0.00853489805,-0.059150409,-0.036998231,2.74981594,-0.000254631042,1
722,7.469979,0.46293056,-0.453332365,0.411986113,-0.443734109,-0.157344475,0.487585455,-0.0252803247,2.74950075,-0.400186241,-0.671640158,9.45818901,0.00637880433,-0.061280936,-0.0252803247,2.74935818,-0.000254631042,1
723,7.479997,0.421584338,-0.440780818,0.42749092,-0.457762271,-0.86544019,0.560757339,-0.0274108537,2.74903822,0.0764226913,-0.805761278,9.31209278,-1.27822468e-05,-0.0346493237,-0.0295413826,2.74902248,-0.000254631042,1
724,7.489981,0.445949048,-0.462192297,0.442995787,-0.432659209,-0.416643918,0.185938537,-0.0156929437,2.74856663,-0.107993819,-0.111205548,9.64978981,0.0212925076,-0.0421061777,-0.0114318859,2.74874783,-0.000254631042,1
725,7.499999,0.440042466,-0.491725326,0.445949048,-0.463668913,0.481408626,-0.455921263,0.000286022841,2.74873161,0.157853365,0.358218282,10.8544855,0.0202272423,-0.059150409,-0.000779241615,2.74859524,-0.000254631042,1
726,7.509984,0.568511188,-0.494678646,0.472528845,-0.491725326,-0.34940812,-0.414939463,0.030113427,2.74865246,0.363825023,-1.2296797,11.9178734,-0.0532760061,-0.0687377825,0.0375702791,2.74862576,-0.000254631042,1
727,7.519997,0.46293056,-0.510183454,0.515351772,-0.522735,-1.04123628,-0.0768462643,0.0492881909,2.74916649,0.232098967,-1.016523,9.99467278,-0.120387666,-0.0506282933,0.0492881909,2.74890041,-0.000254631042,1
728,7.529983,0.544884801,-0.531594932,0.49837023,-0.538239896,-0.15220654,0.394373775,0.0642018914,2.75120664,-0.306780457,-1.27758014,7.35775661,-0.143823475,0.00476546027,0.0673976839,2.74935818,-0.000254631042,1
729,7.539979,0.521996677,-0.570726216,0.50649184,-0.533071578,-1.20551825,0.314126492,0.0556797758,2.75187778,0.167433441,-1.23446977,7.86071062,-0.0596675947,0.0399191864,0.051418718,2.74984646,-0.000254631042,1
730,7.549976,0.502061903,-0.63717562,0.488033652,-0.539716542,-0.317725986,0.886851549,0.0311786924,2.751755,-0.699563682,-0.630924821,8.67262173,0.0117051266,0.0527023599,0.0258523691,2.75015163,-0.000254631042,1
731,7.559997,0.536024868,-0.621670783,0.485080361,-0.521258295,-0.887964129,1.20513451,0.00135128724,2.75093484,-0.776204288,-1.27997518,10.4401464,0.0543157011,0.0409844518,-0.00397503516,2.75030422,-0.000254631042,1
732,7.569983,0.54193145,-0.648988843,0.532333255,-0.545623124,-1.32726002,0.80460608,-0.0178234726,2.75012326,-0.237324879,-1.53384721,11.2041578,0.042597793,0.00902651716,-0.0178234726,2.7502737,-0.000254631042,1
733,7.579997,0.493940294,-0.725036442,0.625362396,-0.504276812,-1.83395195,0.436104506,-0.0231497958,2.75133514,0.294369489,-1.86196494,9.36957264,0.0127703911,-0.0453019701,-0.0231497958,2.75012112,-0.000254631042,1
734,7.589999,0.437089175,-0.804037392,0.671876907,-0.56112802,-0.399339765,-0.332865477,-0.0529771969,2.75187588,0.45962581,-0.242931634,8.37803459,0.0543157011,-0.107087307,-0.0529771969,2.74972439,-0.000254631042,1
735,7.599984,0.527903259,-0.66449368,0.677783549,-0.466622204,-1.42498899,0.0899736732,-0.0252803247,2.75079441,0.45962581,-1.35182571,10.7371292,0.0106398622,-0.0655419976,-0.0252803247,2.74935818,-0.000254631042,1
736,7.610000,0.452594042,-0.644558847,0.707316577,-0.516090095,-1.47307897,-0.591878057,0.000286022841,2.75054145,1.10867608,-1.13627398,11.9873295,-0.0703202412,-0.0495630279,0.000286022841,2.74926662,-0.000254631042,1
737,7.619973,0.625362396,-0.826925516,0.796654105,-0.610595882,0.33106029,-0.816962481,0.0279828981,2.75146556,0.629672229,0.616880417,10.6533031,-0.154476121,-0.010148243,0.0279828981,2.74938869,-0.000254631042,1
738,7.629995,0.622409105,-0.887468219,0.840215385,-0.616502464,-1.58471882,-0.52260977,0.0780503303,2.75248575,1.08472598,-1.26800001,7.94932604,-0.134236112,-0.010148243,0.0780503303,2.74990749,-0.000254631042,1
739,7.639981,0.65637207,-1.06318986,0.898543119,-0.643082201,-0.135433346,0.443688214,0.105747208,2.75360155,-0.359470904,-0.293227047,6.45483398,-0.0277096573,0.0154181039,0.105747208,2.75070095,-0.000254631042,1
740,7.650000,0.690335035,-1.0897696,0.91773957,-0.678521872,-1.51009357,1.68871462,0.0759197995,2.75354028,-0.991756082,-2.03680134,7.73616934,0.0202272423,0.0750729144,0.0759197995,2.75155544,-0.000254631042,1
741,7.659977,0.708793283,-1.00338542,0.87417835,-0.706578195,-2.05273056,0.100537322,0.0833766535,2.75421119,0.682362616,-1.93860555,14.3368435,0.0617725551,0.0750729144,0.0833766535,2.75219631,-0.000254631042,1
742,7.669998,0.787794113,-1.05432999,0.895589769,-0.804037392,-3.27510142,1.3586452,0.0418313369,2.75449896,-0.0217731129,-3.54566383,13.1177788,-0.0777770877,0.00476546027,0.0418313369,2.75283718,-0.000254631042,1
743,7.680003,0.731681347,-1.02922678,0.931029379,-0.852028489,-1.30499065,1.3398807,-0.00823609252,2.75551891,-0.749859095,-1.71347368,8.94325924,-0.0980171114,-0.0857820138,-0.00823609252,2.7530508,-0.000254631042,1
744,7.689977,0.939151108,-1.18575203,1.03808689,-0.740541279,-1.09896445,2.54994774,-0.0103666214,2.75497818,-1.94736886,-1.97932088,7.14699459,0.0415325277,-0.0655419976,-0.0103666214,2.75298977,-0.000254631042,1
745,7.699974,0.809205592,-1.26253796,0.987142205,-0.733896315,0.801452339,0.395015091,-0.0689561665,2.75434184,-0.668428421,0.592930198,8.79716301,0.110774718,0.00476546027,-0.0689561665,2.75256252,-0.000254631042,1
746,7.709982,0.755307794,-1.07721806,1.11339617,-0.730943024,-1.89371288,1.39076245,0.00348181627,2.75434184,-0.572627664,-2.27869844,12.6339846,0.0138356555,0.0527023599,0.00348181627,2.75237942,-0.000254631042,1
747,7.719979,0.659325361,-1.16655552,1.0676198,-0.737587929,-0.793296158,-0.604985774,0.00561234495,2.75469065,0.859594107,-0.506383836,11.484375,-0.0799076185,0.0399191864,0.00561234495,2.75253201,-0.000254631042,1
748,7.729976,0.722821474,-1.1975652,1.11339617,-0.754569471,-1.76457834,0.330418885,-0.00823609252,2.75513554,0.359034985,-1.75897908,9.48692894,-0.112930819,-0.0484977625,-0.00823609252,2.75271511,-0.000254631042,1
749,7.739973,0.745709598,-1.43087637,1.13185418,-0.716914833,-0.500606537,2.13054514,-0.0423245542,2.75306869,-1.7821126,-1.27039504,6.47399426,0.0649683475,-0.0378451198,-0.0423245542,2.75247097,-0.000254631042,1
750,7.749980,0.765644372,-1.34744549,1.16950881,-0.761952758,0.569608748,1.07135701,-0.0614993125,2.75291157,-1.20730782,0.121111356,7.81760025,0.193865359,0.0324623361,-0.0614993125,2.75201321,-0.000254631042,1
751,7.759977,0.671876907,-1.16655552,1.19092035,-0.69993329,-0.735303462,1.6740793,0.0450271331,2.7539928,-1.27197337,-1.31350541,12.1190557,0.026618829,0.118748762,0.0450271331,2.75189114,-0.000254631042,1
752,7.769973,0.728728056,-1.11413443,1.01150692,-0.763429463,-1.42817092,-1.96800947,0.0397008099,2.75494361,2.36127138,-0.580629408,12.3370018,-0.041558098,0.0186138973,0.0397008099,2.75237942,-0.000254631042,1
753,7.790003,0.742756248,-1.14219081,0.900019765,-0.805513978,0.866789341,-1.41557968,-0.0263455883,2.75129843,0.979345083,1.34017634,9.19952679,0.0702946708,-0.201895848,-0.0263455883,2.75289822,-0.000254631042,1
754,7.799978,0.677783549,-1.02479696,1.07352638,-0.654157102,-0.211364791,0.712990046,0.0737892687,2.75313783,-0.579812706,-0.46566847,7.77448988,0.00105248217,-0.0570198782,0.0737892687,2.75283718,-0.000254631042,1
755,7.809976,0.687381744,-0.91478622,0.981974006,-0.832832038,0.0403027982,-0.558089972,0.116399847,2.7591722,0.502736151,0.245652378,5.77704334,-0.0266443938,0.072942391,0.116399847,2.75372219,-0.000254631042,1
756,7.819999,0.769335985,-0.910356343,0.90961796,-0.771550953,-1.05702627,0.455697417,0.161140949,2.76179767,-0.0313531905,-1.15064406,7.58049345,-0.0724507645,0.200774118,0.161140949,2.75500393,-0.000254631042,1
757,7.829974,0.738326311,-1.01372206,0.741279602,-0.781887531,-2.27909875,-0.489178449,0.0769850686,2.75878882,1.30506778,-1.93142045,14.291338,0.0830778405,0.119814023,0.0769850686,2.7563467,-0.000254631042,1
758,7.840002,0.682213545,-1.00190878,0.80329901,-0.66449368,0.628973126,-2.66878057,0.0397008099,2.75478458,2.23433542,1.58925831,15.2062359,0.198126405,-0.0751293674,0.0397008099,2.75677395,-0.000254631042,1
759,7.849976,0.667446911,-0.840953648,0.807728887,-0.737587929,-0.180157796,-0.0711199641,0.0716587454,2.7542417,0.133903161,-0.13994579,13.9344807,0.0852083713,-0.207222164,0.0716587454,2.75726223,-0.000254631042,1
760,7.859994,0.643820524,-0.922907889,0.932506025,-0.665970266,1.58017385,-0.116088688,0.116399847,2.76098967,-0.47922188,1.51022267,6.67996597,-0.0383623056,-0.11241363,0.116399847,2.75805569,-0.000254631042,1
761,7.869980,0.727251351,-0.849813581,0.929552794,-0.84686029,-0.799111485,-0.74399811,0.161140949,2.76840091,0.984135091,-0.472853541,6.16503668,-0.156606644,0.0420497172,0.161140949,2.75939846,-0.000254631042,1
762,7.879995,0.765644372,-0.953917563,0.861626863,-0.770074308,-0.272635192,0.0552841313,0.208012581,2.76927161,0.0476824567,-0.274066895,5.72195816,-0.0639286488,0.100639261,0.208012581,2.76116848,-0.000254631042,1
763,7.889981,0.640867233,-1.03734851,0.80329901,-0.840953648,-1.59768176,0.0946934819,0.163271472,2.7628684,0.502736151,-1.51947713,9.82223129,0.0575114973,0.113422439,0.163271472,2.76303005,-0.000254631042,1
764,7.899994,0.736849725,-0.978282332,0.739802957,-0.742017984,0.502325296,-0.685362458,0.10681247,2.7581296,0.447650731,0.72226125,12.9980278,0.201322213,-0.00162612647,0.10681247,2.76418972,-0.000254631042,1
765,7.909981,0.591399372,-1.01076865,0.786317527,-0.747924507,-0.807824314,-0.339216411,0.153684095,2.76055884,0.615302086,-0.623739779,13.83389,0.125688419,-0.0474324971,0.153684095,2.76531887,-0.000254631042,1
766,7.919977,0.612810791,-0.92586112,0.80625236,-0.783364236,-0.375575989,0.028973937,0.177119911,2.77126455,-0.0912286863,-0.0417499803,11.5921507,-0.0127959559,-0.0559546128,0.177119911,2.76684475,-0.000254631042,1
767,7.929973,0.631268978,-0.942842603,0.820280552,-0.785579205,0.816245973,-0.343715727,0.22186102,2.77795124,0.8859393,0.664780796,9.04384995,-0.100147642,0.0228749551,0.22718735,2.76876736,-0.000254631042,1
768,7.939982,0.640867233,-1.03218019,0.818803847,-0.840953648,-1.01179683,-0.0624395013,0.275124252,2.77721667,0.850014031,0.09476614,8.03075695,-0.0607328601,0.0452455096,0.279385298,2.7712698,-0.000254631042,1
769,7.949980,0.629792273,-1.09124625,0.786317527,-0.775980949,-0.120099559,-0.993754387,0.29003796,2.77090955,0.548241556,0.830037177,7.73616934,0.0852083713,0.0260707494,0.29003796,2.77392483,-0.000254631042,1
770,7.959977,0.585492671,-1.12520921,0.775242567,-0.842430294,-1.14462018,0.0266710911,0.298560053,2.77054834,1.27632749,-0.865636766,11.3047485,0.0969262794,-0.0261272099,0.306016922,2.77657986,-0.000254631042,1
771,7.969973,0.574417889,-1.05728328,0.799607396,-0.802560687,0.34784472,-1.10881674,0.352888554,2.77753043,0.495551109,-0.0992304534,10.028203,0.0351409428,-0.0112135075,0.370998055,2.77950954,-0.000254631042,1
772,7.979982,0.581801116,-1.07426476,0.76785934,-0.823972225,-0.59592098,-0.258070916,0.381650686,2.789711,0.447650731,-0.367472678,8.32534409,0.0106398622,-0.00269139092,0.380585432,2.7830801,-0.000254631042,1
773,7.989980,0.554483056,-1.08533955,0.829140425,-0.756046116,-0.569727778,-0.313991725,0.402955979,2.79613662,0.488366038,-0.429743171,8.74686813,0.11503578,0.0772034451,0.40828231,2.78692532,-0.000254631042,1
774,7.999994,0.555959702,-1.03882527,0.813635588,-0.828402102,0.225169495,-2.37772822,0.41360864,2.7928915,2.15769482,1.02403378,11.9585896,0.154450566,0.0015696669,0.415739149,2.7908926,-0.000254631042,1
775,8.009981,0.566296279,-1.05728328,0.847598612,-0.781887531,-0.156775072,-0.426963985,0.455153942,2.79196525,0.454835773,-0.00103464653,12.4783087,0.0415325277,-0.0495630279,0.460480273,2.79492092,-0.000254631042,1
776,8.020001,0.515351772,-1.1340692,0.885253191,-0.787055731,-0.445287943,-1.70472455,0.49563399,2.79957604,1.7553314,0.152246609,10.0761042,-0.0905602649,-0.0974999219,0.508417189,2.79937649,-0.000254631042,1
777,8.029976,0.492463619,-1.14809728,0.902234733,-0.826925516,-0.263720006,-0.99304086,0.529722452,2.81070161,1.02485049,0.0732109621,8.11218739,-0.162998244,-0.051693555,0.529722452,2.80435085,-0.000254631042,1
778,8.039996,0.532333255,-1.16064894,0.928076148,-0.805513978,-0.679840744,-0.894252419,0.543570876,2.820328,1.06317079,-0.362682641,6.65362072,-0.031970717,-0.012278772,0.543570876,2.80959988,-0.000254631042,1
779,8.049981,0.603950918,-1.15326571,0.926599503,-0.790009141,1.42395282,-1.29925036,0.515874028,2.82294321,0.787743509,1.75930476,8.8570385,0.0788167864,0.0409844518,0.515874028,2.81475735,-0.000254631042,1
780,8.059996,0.546361446,-1.10675108,0.91773957,-0.760476053,-2.17291069,-0.796031177,0.507351875,2.82289004,1.4367938,-1.8140645,10.5934277,0.0788167864,0.0505718328,0.507351875,2.81979275,-0.000254631042,1
781,8.069981,0.558912992,-1.12520921,0.837262034,-0.781887531,0.116574191,-1.43537152,0.47006765,2.82729244,1.329018,0.554609895,10.9933958,0.105448395,0.000504402502,0.47006765,2.82455349,-0.000254631042,1
782,8.079994,0.529379964,-1.11118114,0.888206601,-0.773027658,-1.11994183,-1.19712663,0.466871858,2.83416295,1.47990417,-0.705170453,10.26052,0.0564462319,-0.0431714393,0.466871858,2.82913113,-0.000254631042,1
783,8.089980,0.584016085,-1.10379791,0.898543119,-0.716914833,-0.538262308,-0.705496788,0.453023404,2.8409555,0.833248854,-0.305202127,8.77321339,0.113970511,-0.0580851436,0.453023404,2.83364773,-0.000254631042,1
784,8.100003,0.532333255,-1.09862947,0.954655945,-0.754569471,-0.81067872,-0.208522424,0.43917498,2.84594297,0.435675621,-0.714750528,8.63909149,0.0372714698,-0.0112135075,0.43917498,2.83822536,-0.000254631042,1
785,8.109980,0.640867233,-1.12668586,0.990095556,-0.711008191,0.179709345,0.633954585,0.402955979,2.84925628,-0.658848345,-0.0106147248,10.4329615,-0.0213180706,0.0654855371,0.402955979,2.84243679,-0.000254631042,1
786,8.120003,0.540454865,-1.09419954,1.03808689,-0.737587929,-1.22678256,-0.363495648,0.390172809,2.85158396,0.699127793,-1.07160842,11.4029446,-0.105473965,0.109161377,0.390172809,2.84649563,-0.000254631042,1
787,8.130001,0.574417889,-1.10232115,0.898543119,-0.727989674,-0.404643744,0.189485788,0.328387469,2.85479236,-0.0672784895,-0.44171828,12.6172199,-0.0990823805,0.0921171457,0.328387469,2.85018826,-0.000254631042,1
788,8.139975,0.588446021,-1.11708772,1.01593697,-0.740541279,-0.337886393,-1.89445031,0.30814743,2.85839319,1.91340268,0.204937041,7.99962187,-0.00214331108,-0.0218661521,0.30814743,2.85354519,-0.000254631042,1
789,8.150003,0.651942134,-1.11265779,1.02110529,-0.692550123,-0.948320448,0.0343747437,0.279385298,2.86086917,0.229703948,-0.920722187,7.31943607,0.042597793,-0.0729988441,0.279385298,2.8566885,-0.000254631042,1
790,8.159977,0.65637207,-1.09715283,1.02996516,-0.63200736,-0.398238212,0.791087151,0.271928459,2.86399055,-0.651663303,-0.59978956,7.99722672,-0.00746963359,-0.000560861954,0.271928459,2.8596487,-0.000254631042,1
791,8.169999,0.612810791,-1.07278812,0.990095556,-0.75161618,-1.22278202,0.326854408,0.235709459,2.86732149,0.0165472012,-1.26560497,9.90845203,0.0138356555,0.0431149788,0.235709459,2.86190701,-0.000254631042,1
792,8.179973,0.603950918,-1.07869482,0.979020655,-0.688120067,-0.240931705,-0.253246784,0.186707303,2.86913538,0.308739573,-0.16389598,11.7358522,0.0244883001,0.0473760366,0.186707303,2.86428738,-0.000254631042,1
793,8.189996,0.560389698,-1.07131159,1.00855362,-0.618717492,-0.670303166,-0.571012557,0.16540201,2.86926579,0.730263054,-0.492013693,14.4422245,0.0660336092,-0.0293230023,0.16540201,2.86636257,-0.000254631042,1
794,8.200005,0.591399372,-1.11561096,1.08238649,-0.644558847,0.327697754,0.43110925,0.114269324,2.87022448,-0.5031721,0.200147003,12.2795219,0.075620994,-0.0687377825,0.114269324,2.86807156,-0.000254631042,1
795,8.209979,0.574417889,-1.06983483,1.06540489,-0.60468924,-1.3008219,0.304962963,0.0993556157,2.87202954,0.0524724945,-1.3350606,8.2702589,-0.0447538905,-0.0325187966,0.0993556157,2.86938381,-0.000254631042,1
796,8.220001,0.515351772,-1.05285323,1.07500315,-0.545623124,0.482297748,0.168251649,0.0855071843,2.87345982,-0.29001531,0.420488805,6.62488031,-0.0820381492,0.0622897409,0.0855071843,2.87060452,-0.000254631042,1
797,8.229974,0.580324471,-1.07426476,0.98861891,-0.598044336,0.739264905,-1.3027668,0.0876377076,2.87611938,1.06317079,1.05516899,6.49075937,-0.0191875417,0.0963782072,0.0876377076,2.87176418,-0.000254631042,1
798,8.239983,0.406817794,-0.99674046,1.00707698,-0.590661049,-0.642919242,-0.395062298,0.0673976839,2.8746984,0.55063659,-0.515963912,9.32646275,0.0276840944,0.0495065674,0.0673976839,2.87289333,-0.000254631042,1
799,8.249980,0.597306013,-1.02184355,0.973114073,-0.505753458,-0.349227697,-0.596684873,0.0269176345,2.87285781,0.667992532,-0.178266093,12.8902521,0.0447283238,-0.0271924734,0.0269176345,2.87359524,-0.000254631042,1
800,8.259977,0.444472402,-1.01889026,1.00412381,-0.494678646,1.51737785,0.0320504084,0.0109386677,2.87454891,-0.431321502,1.45513725,11.6089163,0.0394020006,-0.0602156706,0.0109386677,2.87399197,-0.000254631042,1
801,8.269975,0.39500457,-0.965730786,1.03144181,-0.398696214,0.299942821,0.586294949,0.00987340324,2.87591767,-0.644478261,0.135481477,9.85097218,0.0127703911,-0.0165398289,0.00987340324,2.87429714,-0.000254631042,1
802,8.279984,0.475482106,-0.944319308,0.98861891,-0.380238026,2.45928741,-1.42337441,0.0120039321,2.87684202,0.730263054,2.74605274,10.6724634,0.106513664,0.0143528394,0.0120039321,2.87460232,-0.000254631042,1
803,8.289980,0.465883881,-0.911832988,0.926599503,-0.518305063,0.106664248,-0.187696964,0.0343744867,2.87563801,0.153063327,0.152246609,10.6628838,0.0255535655,0.0441802442,0.0343744867,2.87499905,-0.000254631042,1
804,8.299976,0.464407265,-0.948749363,0.902234733,-0.457762271,0.220116049,0.717190802,0.0120039321,2.87435484,-0.749859095,0.0229155496,10.0521536,-0.0149264848,0.0601592101,0.0120039321,2.87536526,-0.000254631042,1
805,8.309978,0.434135884,-0.916262865,0.911094666,-0.494678646,1.07829642,-0.754966557,-0.0114318859,2.87390018,0.442860663,1.23958552,9.6617651,-0.117191873,0.091051884,-0.0114318859,2.87551785,-0.000254631042,1
806,8.319994,0.458500624,-0.933244407,0.871225059,-0.488772005,1.55388165,-0.97836715,0.00454708049,2.87467527,0.533871412,1.75690973,9.22587204,-0.15554139,0.0612244755,0.00454708049,2.8756094,-0.000254631042,1
807,8.329979,0.423060954,-0.91478622,0.877131641,-0.462192297,1.34220767,-1.09404516,0.0556797758,2.87633944,0.703917801,1.58207333,9.16360092,-0.0351665132,-0.0218661521,0.0556797758,2.87594509,-0.000254631042,1
808,8.340000,0.441519141,-0.910356343,0.891159832,-0.483603686,2.02154613,-0.876164794,0.0844419152,2.87540531,0.313529611,2.18082833,8.39958954,0.0564462319,-0.0783251673,0.0844419152,2.87667751,-0.000254631042,1
809,8.349974,0.414939374,-0.96130085,0.90961796,-0.480650425,1.67988765,0.595846713,0.0961598232,2.87612796,-1.0157063,1.46471739,9.86773682,0.0670988783,-0.0602156706,0.0961598232,2.87747097,-0.000254631042,1
810,8.360002,0.434135884,-0.948749363,0.897066414,-0.493201941,2.04895902,0.00293555297,0.129183024,2.879179,-0.42413643,1.56770325,11.7550125,0.0553809665,0.000504402502,0.129183024,2.87853909,-0.000254631042,1
811,8.370000,0.457023948,-0.930291057,0.820280552,-0.48729533,1.42671919,0.390696168,0.145161986,2.8811233,-0.931880593,0.84440726,10.816165,0.0095745977,0.0761381835,0.14729251,2.87988186,-0.000254631042,1
812,8.379974,0.440042466,-0.8822999,0.852766812,-0.567034602,1.28002059,-0.196276143,0.159010425,2.88179445,-0.397791207,1.33778131,10.7658691,0.00424827542,0.0750729144,0.164336741,2.88125515,-0.000254631042,1
813,8.389995,0.431920886,-0.91478622,0.820280552,-0.477697134,1.2532891,-0.408898413,0.172858864,2.88240433,-0.270855159,1.60123348,11.0748272,-0.0447538905,0.0793339759,0.170728326,2.8829031,-0.000254631042,1
814,8.399979,0.434135884,-0.908879638,0.840215385,-0.483603686,1.55148184,-0.264488369,0.174989387,2.88422585,-0.531912327,1.40244687,9.74559116,-0.101212911,0.0527023599,0.181380972,2.88442898,-0.000254631042,1
815,8.409994,0.426014245,-0.825448811,0.801822364,-0.471790493,0.585709274,0.359330833,0.172858864,2.88547206,-0.49119699,0.861172378,8.3828249,-0.173650876,0.0548328906,0.166467279,2.88610744,-0.000254631042,1
816,8.419980,0.39205125,-0.879346609,0.773765981,-0.437827468,1.37811756,0.225517154,0.156879887,2.8887856,-0.843264878,1.70182431,7.80323029,-0.138497159,0.0697465986,0.159010425,2.88763332,-0.000254631042,1
817,8.429976,0.407556087,-0.808467269,0.765644372,-0.470313877,1.63435972,-0.0734258443,0.176054657,2.89014578,-0.335520715,1.60123348,8.72291756,-0.00320857554,0.0665507987,0.181380972,2.88925076,-0.000254631042,1
818,8.439973,0.384667993,-0.723559737,0.738326311,-0.41936934,0.435327262,0.111336924,0.184576765,2.8911047,-0.215769708,0.394143581,9.8749218,0.0308798868,-0.000560861954,0.179250449,2.89108181,-0.000254631042,1
819,8.449982,0.445949048,-0.737587929,0.615764141,-0.504276812,1.3139596,0.234436184,0.161140949,2.8925426,-0.551072478,1.2156353,10.1096344,0.0734904632,-0.0900430754,0.154749364,2.89266872,-0.000254631042,1
820,8.459978,0.488033652,-0.709531605,0.642343938,-0.439304113,2.28064346,1.27304327,0.177119911,2.89350128,-1.79408765,1.89821589,8.70854759,0.0532504395,-0.0676725209,0.180315703,2.8941946,-0.000254631042,1
821,8.469974,0.423060954,-0.63717562,0.628315687,-0.567034602,0.932519972,2.08264828,0.169663072,2.89633489,-2.2467463,0.398933619,9.40789318,0.0234230366,0.0409844518,0.169663072,2.89590359,-0.000254631042,1
822,8.479983,0.472528845,-0.678521872,0.603950918,-0.453332365,1.69342196,1.37511396,0.136639863,2.89918661,-1.74139726,1.31383109,9.7623558,-0.010665427,0.146445632,0.136639863,2.89742947,-0.000254631042,1
823,8.489981,0.43561253,-0.63200736,0.614287496,-0.513136804,1.27135384,2.12613201,0.100420885,2.89953566,-2.36889243,0.724656284,11.1873932,-0.0799076185,0.195447788,0.100420885,2.89877224,-0.000254631042,1
824,8.499978,0.485080361,-0.711008191,0.65637207,-0.507230163,1.79882562,0.633319557,0.0535492487,2.89902973,-1.0468415,1.59404838,12.0495996,-0.0724507645,0.137923509,0.0535492487,2.89950466,-0.000254631042,1
825,8.540005,0.430444241,-0.67261529,0.69181174,-0.49024865,0.341540307,1.75833356,0.156879887,2.90368509,-1.78929758,-0.0824653134,9.76714611,0.0639030859,-0.134784177,0.156879887,2.90338039,-0.000254631042,1
826,8.549982,0.420107692,-0.682951808,0.617979109,-0.477697134,-0.513530314,2.03336,0.132378817,2.90501046,-1.85635817,-0.975807667,10.492837,0.0031830112,-0.0506282933,0.132378817,2.9047842,-0.000254631042,1
827,8.559999,0.543408155,-0.627577364,0.591399372,-0.508706808,0.457038134,1.20817363,0.104681939,2.9055512,-1.28155351,0.161826685,9.6138649,-0.127844512,0.0218096916,0.104681939,2.90591335,-0.000254631042,1
828,8.569973,0.526426613,-0.655633748,0.728728056,-0.542669773,-0.577148736,1.27826762,0.104681939,2.90701604,-1.10911202,-0.858451664,8.94804955,-0.175781414,0.0441802442,0.104681939,2.90698147,-0.000254631042,1
829,8.579994,0.538978219,-0.69993329,0.684428513,-0.60468924,-0.0174110215,0.779852152,0.0780503303,2.90803623,-0.754649162,-0.19742626,8.6438818,-0.14275822,0.0015696669,0.0780503303,2.90795803,-0.000254631042,1
830,8.589980,0.561866343,-0.694026709,0.543408155,-0.516090095,0.439229518,0.516162336,0.0748545378,2.90816665,-0.603762925,0.30792287,9.17557621,-0.0468844213,-0.0644767284,0.0748545378,2.90878201,-0.000254631042,1
831,8.599995,0.544884801,-0.689596713,0.625362396,-0.547099769,0.548540294,0.551771522,0.0620713644,2.90829682,-0.663638413,0.406118661,8.61035156,0.0820125788,-0.107087307,0.0620713644,2.90939236,-0.000254631042,1
832,8.610015,0.532333255,-0.677045226,0.6098575,-0.542669773,-0.96534431,1.23202562,0.0247871056,2.90985775,-0.977385938,-1.22249472,7.99483156,0.11503578,-0.091108337,0.0247871056,2.90994167,-0.000254631042,1
833,8.620003,0.520520031,-0.621670783,0.603950918,-0.497631967,-1.56419826,1.17636335,-0.0242150594,2.90991902,-0.785784423,-1.79250932,9.90605736,0.121427365,-0.0346493237,-0.0242150594,2.91000271,-0.000254631042,1
834,8.629994,0.524949968,-0.646035433,0.605427504,-0.586231053,-1.2273792,0.881320477,-0.0348677039,2.90924811,-0.575022638,-1.39733112,12.2555714,0.042597793,0.0100917816,-0.0348677039,2.90988064,-0.000254631042,1
835,8.639979,0.598782599,-0.587707758,0.608380854,-0.545623124,-0.399423301,0.749567449,-0.0391287617,2.9089601,-0.63729316,-0.561469257,10.591033,-0.0564718023,-0.0080177132,-0.0391287617,2.9096365,-0.000254631042,1
836,8.649994,0.614287496,-0.609119177,0.557436407,-0.533071578,-0.584591448,0.434588701,-0.0433898196,2.90822768,-0.287620306,-0.669245124,9.7096653,-0.13104032,0.0239402205,-0.0433898196,2.9093008,-0.000254631042,1
837,8.659980,0.631268978,-0.59361434,0.603950918,-0.616502464,-0.164256051,0.25590083,-0.0401940234,2.90822768,-0.21097967,-0.21898143,8.58640194,-0.148084536,0.0377886593,-0.0401940234,2.90899563,-0.000254631042,1
838,8.670001,0.6098575,-0.657110393,0.580324471,-0.633484006,-0.308673471,-0.568905413,-0.0306066461,2.90813208,0.624882162,-0.168686017,8.11458302,-0.103343435,0.0122223105,-0.0306066461,2.90872097,-0.000254631042,1
839,8.679976,0.622409105,-0.668185294,0.626839042,-0.567034602,-0.288383573,0.879272699,-0.0103666214,2.90705085,-0.788179398,-0.484828621,9.73840618,0.0127703911,-0.0463672355,-0.0103666214,2.90856838,-0.000254631042,1
840,8.690003,0.566296279,-0.586231053,0.568511188,-0.518305063,0.0526717231,-0.0739333183,-0.0156929437,2.90689349,0.0596575551,0.0684209242,10.7898197,0.102252603,-0.0527588204,-0.0156929437,2.90853786,-0.000254631042,1
841,8.699976,0.566296279,-0.692550123,0.612810791,-0.627577364,0.26457274,0.729898393,-0.0263455883,2.90689349,-0.77141428,0.0875810832,10.492837,0.0862736329,-0.012278772,-0.0263455883,2.90835476,-0.000254631042,1
842,8.709995,0.589922726,-0.613549113,0.651942134,-0.56112802,-1.14192224,0.687014401,0.00348181627,2.90685892,-0.402581245,-1.27039504,11.4197102,0.0724252015,0.013287575,0.00348181627,2.90823269,-0.000254631042,1
843,8.719984,0.564819574,-0.598044336,0.634960651,-0.623147368,0.142976373,0.633383453,-0.00397503516,2.90692019,-0.64926827,-0.00821970589,11.4556351,-0.0181222782,0.046310775,-0.00397503516,2.90823269,-0.000254631042,1
844,8.730002,0.631268978,-0.615025818,0.68885839,-0.581062853,-0.524764955,0.209409118,0.00987340324,2.90692019,-0.0816486031,-0.559074223,9.88210678,-0.11186555,0.0580286831,0.00987340324,2.90823269,-0.000254631042,1
845,8.739977,0.625362396,-0.66449368,0.662278712,-0.678521872,-0.476218343,0.175590411,-0.00610556407,2.90701604,-0.0600934289,-0.503988802,8.71094227,-0.141692951,0.0580286831,-0.00610556407,2.90829372,-0.000254631042,1
846,8.750001,0.679260254,-0.658587098,0.68073684,-0.682951808,-0.0198516138,-0.0270378888,-0.00397503516,2.90657139,0.0309173185,-0.0130097447,10.0976591,-0.134236112,0.0196791627,-0.00397503516,2.90829372,-0.000254631042,1
847,8.759975,0.64825052,-0.668185294,0.606904149,-0.627577364,-0.0587178171,-0.0867059305,-0.00397503516,2.90705085,0.0979778692,-0.0369599424,9.5970993,-0.0436886288,-0.0559546128,-0.00397503516,2.90823269,-0.000254631042,1
848,8.769983,0.668923616,-0.665970266,0.677783549,-0.635698915,-0.0168140866,0.28492713,0.0151997255,2.90743423,-0.273250163,-0.0824653134,8.30378914,0.0372714698,-0.0783251673,0.0151997255,2.90817165,-0.000254631042,1
849,8.779981,0.663755357,-0.661540389,0.566296279,-0.615025818,-0.526468098,0.955642939,-0.00184450613,2.90733838,-0.807339549,-0.73391068,7.86310577,0.100122072,-0.0463672355,-0.00184450613,2.90817165,-0.000254631042,1
850,8.789977,0.591399372,-0.66449368,0.628315687,-0.609119177,-1.40212679,0.22703968,0.00774287386,2.90695477,0.105162926,-1.41649127,10.8185596,0.126753688,0.0260707494,0.00774287386,2.90804958,-0.000254631042,1
851,8.799973,0.619455755,-0.573679566,0.64825052,-0.657110393,-0.750522494,0.428668559,-0.0124971503,2.90657139,-0.242114916,-0.829711437,12.9908428,0.0436630584,0.0505718328,-0.0124971503,2.90795803,-0.000254631042,1
852,8.809982,0.64529717,-0.671138644,0.707316577,-0.677045226,0.120838724,0.621456265,-0.0263455883,2.90628362,0.27041927,0.451624036,11.7645922,-0.108669758,0.0548328906,-0.0263455883,2.90777493,-0.000254631042,1
853,8.819980,0.713223159,-0.661540389,0.687381744,-0.713961542,-0.314783126,-0.291230291,-0.00610556407,2.90609169,-0.0145880543,-0.333942384,8.52652645,-0.187499315,0.0324623361,-0.00504029961,2.90759182,-0.000254631042,1
854,8.829976,0.699195027,-0.733896315,0.670400262,-0.668185294,-0.153351545,0.52692771,0.00987340324,2.90692019,-0.213374689,-0.626134813,6.61769533,-0.123583458,0.013287575,0.0066776094,2.90753078,-0.000254631042,1
855,8.839984,0.748662829,-0.74349463,0.713223159,-0.753092885,0.192467302,-0.292158842,-0.00397503516,2.90647531,0.100372888,-0.887191951,8.55766106,-0.0245138649,-0.0218661521,0.00135128724,2.90746975,-0.000254631042,1
856,8.849995,0.730204701,-0.812897265,0.682213545,-0.635698915,-0.719186902,0.610848188,-0.0114318859,2.90650988,-0.821709692,-0.80097121,9.62823486,0.0894694328,-0.0666072592,-0.0178234726,2.90743923,-0.000254631042,1
857,8.859981,0.677783549,-0.763429463,0.710269868,-0.677045226,-0.301293731,-0.420113385,-0.0359329656,2.90625691,-0.313965529,-1.17219925,10.1671143,0.14912425,-0.0900430754,-0.0380634964,2.90716457,-0.000254631042,1
858,8.870000,0.753831089,-0.75161618,0.721344769,-0.698456705,-1.0497576,1.01296735,-0.0359329656,2.904356,-1.95934403,-2.52059531,12.1549807,0.0820125788,-0.0506282933,-0.0412592888,2.90682888,-0.000254631042,1
859,8.879974,0.646773815,-0.754569471,0.755307794,-0.722083151,-0.368292004,0.0913698077,-0.056172993,2.90529799,-0.00261295633,-0.379447758,11.9633789,-0.0404928327,-0.00482191984,-0.0497814044,2.90627956,-0.000254631042,1
860,8.889983,0.818803847,-0.692550123,0.721344769,-0.747924507,-0.349505216,-0.45517081,-0.0306066461,2.90551662,0.524291337,-0.233351558,10.6772537,-0.178977206,0.0324623361,-0.0220845304,2.90591335,-0.000254631042,1
861,8.899979,0.684428513,-0.733896315,0.718391478,-0.681475222,-0.832736492,0.801899612,-0.0295413826,2.90522909,-0.584602773,-0.997362852,8.03315163,-0.189629853,0.0175486337,-0.0274108537,2.90566921,-0.000254631042,1
862,8.910005,0.744232893,-0.747924507,0.738326311,-0.723559737,0.786091089,0.22916922,-0.0210192669,2.904531,-0.407371283,0.71028614,6.58895493,-0.0660591796,0.0367233939,-0.018888738,2.90539455,-0.000254631042,1
863,8.919979,0.770812571,-0.754569471,0.657848716,-0.663017035,-0.388076544,0.900801182,-0.0263455883,2.90269971,-0.78338939,-0.590209484,6.77816153,0.0511199087,0.0420497172,-0.0263455883,2.90518093,-0.000254631042,1
864,8.929996,0.57737118,-0.739064634,0.679260254,-0.663017035,1.71162915,0.0699522644,-0.046585612,2.90327477,-0.472036809,1.64673889,8.81871796,0.213040113,0.0580286831,-0.046585612,2.90475368,-0.000254631042,1
865,8.939982,0.660802066,-0.698456705,0.634960651,-0.60468924,0.758458197,-0.718809783,-0.0412592888,2.90333605,0.519501328,0.906677783,12.4351978,0.194930613,0.0196791627,-0.0412592888,2.90435696,-0.000254631042,1
866,8.949994,0.572941244,-0.581062853,0.632745624,-0.652680397,-0.596702516,1.4002775,-0.0242150594,2.90266514,-1.21928298,-0.911142111,12.0663652,0.16190742,0.00370019581,-0.0242150594,2.90402126,-0.000254631042,1
867,8.959981,0.68885839,-0.652680397,0.640867233,-0.63200736,0.680152416,0.145064205,-0.0156929437,2.90253448,-0.30199042,0.626460493,11.8603935,0.0990568101,0.0473760366,-0.0156929437,2.90362453,-0.000254631042,1
868,8.969977,0.684428513,-0.722083151,0.696241736,-0.646035433,-0.410633892,0.170032725,-0.0135624148,2.90097356,-0.0672784895,-0.439323246,11.9466143,-0.010665427,0.0676160604,-0.0135624148,2.90331936,-0.000254631042,1
869,8.979973,0.69181174,-0.702148318,0.713223159,-0.729466379,0.511178792,-0.445555419,0.00241655181,2.90135717,0.311134607,0.602510273,10.2701006,-0.151280329,0.0548328906,0.00241655181,2.90328884,-0.000254631042,1
870,8.989981,0.745709598,-0.753092885,0.728728056,-0.715438187,-0.482270241,-0.0423058458,0.0428966023,2.90218544,0.155458346,-0.458483428,9.16599655,-0.235436216,-0.0176050942,0.0428966023,2.90353298,-0.000254631042,1
871,8.999977,0.773765981,-0.832832038,0.778195918,-0.787055731,0.668729544,0.70781219,0.0375702791,2.90330148,-0.845659912,0.482759297,6.0931859,-0.177911937,-0.0729988441,0.0375702791,2.90377712,-0.000254631042,1
872,9.009973,0.793700755,-0.835047007,0.776719272,-0.739064634,-1.2515775,0.351278812,0.0460923947,2.9031446,-0.0457233116,-1.29913533,6.10995102,-0.0596675947,-0.0687377825,0.0460923947,2.90417385,-0.000254631042,1
873,9.019981,0.71617651,-0.805513978,0.699195027,-0.7080549,-0.0597709417,-0.690078676,-0.0135624148,2.90397263,0.68475765,0.104346216,10.9526806,0.0351409428,-0.0644767284,-0.0135624148,2.90429592,-0.000254631042,1
874,9.029977,0.750877798,-0.787055731,0.764167726,-0.713961542,-0.603411078,0.799397409,0.0269176345,2.90397263,-0.634898186,-0.774626017,13.7117434,-0.00960016251,-0.113478892,0.0269176345,2.90438747,-0.000254631042,1
875,9.039973,0.738326311,-0.768597662,0.753831089,-0.753092885,-1.80020165,0.38586238,0.0066776094,2.9032402,0.0500774756,-1.84040976,13.4099712,-0.0468844213,-0.133718923,0.0066776094,2.90444851,-0.000254631042,1
876,9.049997,0.782625914,-0.812897265,0.809205592,-0.756046116,-0.451382458,1.08838344,0.0066776094,2.9032402,-0.951040745,-0.695590377,9.63302517,-0.14275822,-0.115609422,0.0066776094,2.90441799,-0.000254631042,1
877,9.059997,0.772289276,-0.832832038,0.762691081,-0.804037392,-1.44426632,1.10348701,0.00135128724,2.90432143,-0.733093977,-1.66317832,6.04768085,-0.151280329,-0.0698030517,0.00135128724,2.90450954,-0.000254631042,1
878,9.070003,0.846121907,-0.874916673,0.818803847,-0.790009141,0.855016172,0.681368053,0.0279828981,2.9055512,-0.862425029,0.671965837,4.77832079,-0.0490149483,0.0164833684,0.0279828981,2.90454006,-0.000254631042,1
879,9.079976,0.821757138,-0.859411776,0.76785934,-0.747924507,-0.289370358,0.286528885,0.0237218402,2.90574288,-0.21097967,-0.348312497,6.9386282,0.0841431096,0.0846602991,0.0237218402,2.9047842,-0.000254631042,1
880,9.090002,0.739802957,-0.768597662,0.71617651,-0.749401152,-1.44974828,0.326850623,0.00774287386,2.90387702,0.0237322599,-1.48594689,14.0686016,0.0894694328,0.128336146,0.00774287386,2.90490627,-0.000254631042,1
881,9.099976,0.80329901,-0.775980949,0.769335985,-0.792962432,-0.488492727,0.439096808,-0.00184450613,2.90362358,-0.311570495,-0.578234375,15.395442,0.0500546433,0.0399191864,-0.00184450613,2.90490627,-0.000254631042,1
882,9.109994,0.765644372,-0.806990683,0.792224109,-0.758999407,-0.570849359,0.678482115,-0.0274108537,2.90352798,-0.524727225,-0.714750528,11.4388695,-0.0372970402,-0.0570198782,-0.0274108537,2.90472317,-0.000254631042,1
883,9.120099,0.815112174,-0.85793519,0.816588879,-0.777457535,-0.538805187,0.872535527,0.00561234495,2.90387702,-0.721118867,-0.729120612,7.58528328,-0.0479496866,-0.033584062,0.00561234495,2.90454006,-0.000254631042,1
884,9.129983,0.80625236,-0.825448811,0.793700755,-0.815850556,-0.137148976,-0.392974496,0.0205260478,2.90628362,0.414120436,-0.0417499803,5.93032455,0.00424827542,-0.0325187966,0.0205260478,2.90457058,-0.000254631042,1
885,9.140001,0.844645321,-0.899281442,0.820280552,-0.773027658,-0.208465338,0.377797008,0.0215913113,2.90618777,-0.318755567,-0.290832013,6.3949585,0.0362062082,0.0260707494,0.0215913113,2.90472317,-0.000254631042,1
886,9.149976,0.83061707,-0.838000298,0.792224109,-0.753092885,-1.66427517,1.79088533,-0.00397503516,2.90387702,-1.34861398,-2.03919649,10.6533031,0.0500546433,0.0409844518,-0.00397503516,2.90481472,-0.000254631042,1
887,9.160000,0.685905159,-0.805513978,0.7951774,-0.802560687,0.252731204,-0.243619025,-0.0242150594,2.90308309,0.177013516,0.303132832,14.4230642,0.00105248217,0.0580286831,-0.0242150594,2.90457058,-0.000254631042,1
888,9.169975,0.888206601,-0.835047007,0.76785934,-0.77893424,-0.207095638,-0.240429714,0.00454708049,2.90416455,0.282394379,-0.144735828,12.5501595,-0.0362317748,-0.0080177132,0.00454708049,2.90441799,-0.000254631042,1
889,9.179996,0.770812571,-0.840953648,0.83873868,-0.828402102,-1.865242,0.432493806,-0.00823609252,2.90510654,0.0165472012,-1.91465533,9.98748779,-0.022383336,-0.0687377825,-0.00823609252,2.90438747,-0.000254631042,1
890,9.189982,0.847598612,-0.879346609,0.818803847,-0.794439077,-0.78931284,0.919861317,0.00454708049,2.90491462,-0.709143758,-0.982992709,6.07642078,-0.0287749227,-0.0889778063,0.00454708049,2.90429592,-0.000254631042,1
891,9.199998,0.793700755,-0.873439968,0.857196808,-0.840953648,0.248857334,0.666948617,0.00561234495,2.90441751,-0.706748724,0.0851860568,5.80578375,0.0415325277,-0.0303882677,0.00561234495,2.90429592,-0.000254631042,1
892,9.209984,0.860150158,-0.874916673,0.813635588,-0.792962432,-0.275558233,0.0570784174,0.000286022841,2.90406847,0.0093621416,-0.281251937,7.87508059,0.0894694328,0.0377886593,0.000286022841,2.90429592,-0.000254631042,1
893,9.220000,0.773765981,-0.823972225,0.832093716,-0.791485727,-1.08712339,0.756129742,-0.00823609252,2.90416455,-0.47922188,-1.23446977,12.6890697,0.0415325277,0.0558981523,-0.00823609252,2.90423489,-0.000254631042,1
894,9.230002,0.815112174,-0.823972225,0.790747523,-0.832832038,0.093945846,0.270730913,0.0066776094,2.90441751,-0.285225272,0.0277055893,13.5393019,0.0244883001,-0.0144093009,0.0066776094,2.90411282,-0.000254631042,1
895,9.239976,0.883038282,-0.828402102,0.857196808,-0.82249552,-1.38676393,0.912631691,0.00135128724,2.9040339,-0.560652554,-1.5625875,11.6520262,-0.0298401862,-0.0208008867,0.00135128724,2.90411282,-0.000254631042,1
896,9.249997,0.772289276,-0.838000298,0.855720162,-0.832832038,-0.803164542,-0.0765205324,-0.0114318859,2.90422583,0.263234228,-0.762650907,9.1180954,-0.0372970402,-0.0729988441,-0.0114318859,2.90411282,-0.000254631042,1
897,9.259984,0.900019765,-0.931767762,0.829140425,-0.849813581,0.849126518,0.194137126,0.0215913113,2.90441751,-0.371445984,1.0719341,7.99004173,0.0031830112,-0.0666072592,0.0269176345,2.90414333,-0.000254631042,1
898,9.270003,0.843168676,-0.933244407,0.885253191,-0.832832038,0.280323297,0.481997579,0.0279828981,2.90489697,0.227308929,-0.412978053,7.23321533,0.0276840944,-0.0367798544,0.0279828981,2.90429592,-0.000254631042,1
899,9.279976,0.816588879,-0.879346609,0.80329901,-0.800345719,0.0928783193,0.103469662,0.0333092213,2.90489697,-0.773809314,0.154641628,10.7850294,0.0095745977,0.0548328906,0.035439752,2.90450954,-0.000254631042,1
900,9.289974,0.835785329,-0.812897265,0.841691971,-0.877870023,-0.970073879,-0.405035675,0.051418718,2.90622234,-0.575022638,-1.44762647,13.2207642,0.0127703911,0.0356581286,0.0546145104,2.90490627,-0.000254631042,1
901,9.299983,0.849075198,-0.81954217,0.769335985,-0.806990683,0.204145908,-0.47969535,0.0215913113,2.90637946,-0.160684258,1.16773486,13.0076075,0.0479241163,-0.0165398289,0.0183955189,2.90527248,-0.000254631042,1
902,9.309979,0.829140425,-0.865318418,0.886729896,-0.865318418,-1.20269787,0.513873875,0.0407660753,2.90539408,-0.70435375,-1.94579065,9.34801769,0.01490092,-0.0868472829,0.0407660753,2.90554714,-0.000254631042,1
903,9.319976,0.855720162,-0.927337825,0.823233843,-0.835047007,-0.498106301,0.351172686,0.0290481634,2.90625691,-0.139129072,0.765371621,6.65841055,0.0724252015,-0.110283099,0.0365050174,2.90585232,-0.000254631042,1
904,9.329974,0.863103449,-0.874916673,0.885253191,-0.862365067,1.92321217,0.0365607962,0.0524839833,2.90752983,-0.481616914,1.86229062,7.31943607,0.0340756811,-0.0314535312,0.0588755682,2.90621853,-0.000254631042,1
905,9.339983,0.894113183,-0.885991573,0.827663779,-0.853505194,-1.72500277,1.08318818,0.061006099,2.90778327,-0.654058337,-1.92902541,8.18164349,0.0244883001,0.102769792,0.0556797758,2.90679836,-0.000254631042,1
906,9.349978,0.804775655,-0.770074308,0.83061707,-0.843906999,-0.194754407,-0.510024607,0.068462953,2.91073036,0.541056454,-0.0728852376,12.9764729,0.0340756811,0.135792986,0.0620713644,2.90743923,-0.000254631042,1
907,9.359976,0.906664729,-0.84686029,0.790747523,-0.865318418,-0.115940236,-1.03798664,0.0173302535,2.90951848,1.03682554,0.125901401,15.4002323,0.0117051266,0.0793339759,0.0173302535,2.90783596,-0.000254631042,1
908,9.370004,0.827663779,-0.832832038,0.849075198,-0.843906999,-0.47325322,0.229138747,0.0141344611,2.90685892,-0.112783857,-0.513568878,11.3047485,0.0543157011,-0.0900430754,0.0141344611,2.90798855,-0.000254631042,1
909,9.379977,0.891159832,-0.879346609,0.922169626,-0.870486677,-0.927048862,0.329563349,0.0120039321,2.9075644,-0.1055988,-0.978202701,5.31959486,0.075620994,-0.140110508,0.0120039321,2.90814114,-0.000254631042,1
910,9.390003,0.844645321,-0.958347499,0.835785329,-0.85793519,0.903031588,0.264285147,0.035439752,2.90957022,-0.464851767,0.818062067,4.72802496,0.0798820481,-0.0506282933,0.035439752,2.90838528,-0.000254631042,1
911,9.399976,0.875654936,-0.814373851,0.908141434,-0.848336875,-0.370250255,1.20841634,0.0737892687,2.9118464,-1.09234691,-0.635714889,6.16743183,0.0734904632,0.116618231,0.0737892687,2.90896511,-0.000254631042,1
912,9.410000,0.820280552,-0.823972225,0.815112174,-0.869009972,-1.11033094,-0.168001488,0.0183955189,2.91177726,0.41651547,-1.04286826,11.9657745,0.0372714698,0.197578326,0.0183955189,2.90945339,-0.000254631042,1
913,9.419975,0.881561637,-0.812897265,0.798130691,-0.840953648,1.16628921,-0.590209901,-0.0199540015,2.90967584,0.306344569,1.27072072,14.2889433,0.0170314498,0.18586041,-0.0199540015,2.90942287,-0.000254631042,1
914,9.429983,0.883038282,-0.849813581,0.875654936,-0.845383644,-1.0988462,-0.852531552,-0.00610556407,2.90685892,1.08472598,-0.870426774,13.2207642,0.0330104157,0.0111570461,-0.00610556407,2.90942287,-0.000254631042,1
915,9.439980,0.829140425,-0.905926406,0.852766812,-0.832832038,0.564863443,0.389742881,-0.0252803247,2.90702391,-0.510357141,0.458809108,10.1719046,0.0713599324,-0.10921783,-0.0252803247,2.9091177,-0.000254631042,1
916,9.449999,0.880084932,-0.89042151,0.915524542,-0.862365067,1.1778059,-0.519943655,0.0120039321,2.90902925,0.234493986,1.26593077,5.95906496,0.0628378168,-0.142241046,0.0120039321,2.90914822,-0.000254631042,1
917,9.459974,0.832093716,-0.85498184,0.840215385,-0.845383644,0.362315267,0.481230378,0.0215913113,2.91194248,-0.551072478,0.243257359,5.58065176,0.0223577712,-0.00482191984,0.0215913113,2.90939236,-0.000254631042,1
918,9.469999,0.902234733,-0.805513978,0.854243517,-0.852028489,-1.72768283,-0.220188037,0.0322439559,2.91168165,0.608117044,-1.632043,9.10372543,0.0031830112,0.147510886,0.0322439559,2.90969753,-0.000254631042,1
919,9.479974,0.826187134,-0.823972225,0.756784499,-0.849813581,0.168648675,1.13668168,-0.0348677039,2.9099288,-1.14503729,-0.0968354344,13.1848392,0.040467266,0.184795156,-0.0348677039,2.90960598,-0.000254631042,1
920,9.489983,0.858673453,-0.808467269,0.841691971,-0.812897265,0.261053294,-1.36935306,-0.0338024385,2.90765262,1.27153742,0.571375012,13.5273266,0.0159661844,0.0644202679,-0.0338024385,2.9093008,-0.000254631042,1
921,9.499980,0.790747523,-0.831355333,0.816588879,-0.804037392,-0.74597019,0.795284152,-0.0252803247,2.90575981,-0.598972857,-0.911142111,8.92409897,0.0798820481,-0.0857820138,-0.0252803247,2.9091177,-0.000254631042,1
922,9.509978,0.847598612,-0.865318418,0.83873868,-0.805513978,1.48218191,-0.305351853,-0.00290977047,2.90820122,-0.0457233116,1.51261771,5.95187998,0.124623157,-0.0996304527,-0.00290977047,2.90887356,-0.000254631042,1
923,9.519974,0.840215385,-0.791485727,0.821757138,-0.81142056,-1.11913264,1.19841015,0.0183955189,2.91057348,-0.910325408,-1.36380088,7.76251459,0.108644187,-0.0165398289,0.0183955189,2.90890408,-0.000254631042,1
924,9.529983,0.804775655,-0.773027658,0.816588879,-0.797392428,1.22963202,-0.468580514,-0.0124971503,2.91060019,0.174618497,1.30425107,9.84139156,0.0500546433,0.0761381835,-0.0124971503,2.90893459,-0.000254631042,1
925,9.539980,0.80625236,-0.794439077,0.772289276,-0.791485727,1.07934952,-0.968469501,-0.0135624148,2.90957999,0.694337726,1.27311575,12.4783087,0.0031830112,0.0846602991,-0.0135624148,2.90878201,-0.000254631042,1
926,9.549977,0.810682297,-0.780410945,0.812158942,-0.814373851,-0.134485319,-0.962419271,-0.00397503516,2.90755653,0.967369974,0.092371121,13.1081982,0.0351409428,0.0377886593,-0.00397503516,2.90862942,-0.000254631042,1
927,9.559974,0.812158942,-0.812897265,0.813635588,-0.785579205,0.607601464,-0.844055891,0.00348181627,2.90733838,0.679967642,0.786926806,11.5418558,0.0287493579,-0.0367798544,0.00348181627,2.90862942,-0.000254631042,1
928,9.569998,0.807728887,-0.829878747,0.827663779,-0.785579205,0.68502748,0.817454398,0.0226565767,2.90880322,-0.953435779,0.477969259,6.64643574,0.0457935855,-0.0868472829,0.0226565767,2.90872097,-0.000254631042,1
929,9.579973,0.840215385,-0.806990683,0.786317527,-0.800345719,1.07447028,-0.773554325,0.0311786924,2.91101813,0.507526219,1.2228204,3.95203876,0.0745557249,-0.0900430754,0.0311786924,2.90893459,-0.000254631042,1
930,9.589996,0.799607396,-0.749401152,0.823233843,-0.756046116,-0.116740413,0.529976845,0.0290481634,2.90902138,-0.488801956,-0.235746577,5.72435284,0.0521851741,0.0100917816,0.0290481634,2.90914822,-0.000254631042,1
931,9.599980,0.697718382,-0.788532436,0.719868183,-0.761952758,0.507761955,-0.336118877,-0.0103666214,2.9099021,0.210543796,0.571375012,12.2196465,0.0724252015,0.0846602991,-0.0103666214,2.90936184,-0.000254631042,1
932,9.609998,0.80625236,-0.757522762,0.725774765,-0.757522762,1.91620696,-0.717200577,-0.0156929437,2.90892553,0.256049156,2.02994204,15.388257,0.0745557249,0.0420497172,-0.0156929437,2.90917873,-0.000254631042,1
933,9.619984,0.718391478,-0.754569471,0.770812571,-0.768597662,0.880703151,-0.391470939,0.00880813878,2.90803623,0.177013516,0.947393119,13.721324,0.0862736329,-0.0484977625,0.00880813878,2.90908718,-0.000254631042,1
934,9.630001,0.792224109,-0.760476053,0.80625236,-0.712484896,0.312252074,-0.00746940961,0.0215913113,2.90841961,-0.0648834705,0.305527866,11.0125561,0.0543157011,-0.0974999219,0.0215913113,2.9091177,-0.000254631042,1
935,9.639975,0.772289276,-0.746447921,0.773765981,-0.754569471,0.623460591,0.194636017,0.0226565767,2.9089601,-0.333125681,0.561794937,6.48836422,-0.0617981218,-0.0410409123,0.0226565767,2.90927029,-0.000254631042,1
936,9.649997,0.738326311,-0.727989674,0.725774765,-0.757522762,0.498422086,0.136641204,0.0066776094,2.91107941,-0.246904954,0.45401907,3.73169708,-0.101212911,0.048441302,0.0066776094,2.90942287,-0.000254631042,1
937,9.659999,0.782625914,-0.756046116,0.778195918,-0.75161618,0.792139351,-0.393089652,-0.0146276793,2.91021681,0.200963706,0.861172378,6.88354254,-0.0916255265,0.140054047,-0.0146276793,2.90948391,-0.000254631042,1
938,9.669973,0.792224109,-0.747924507,0.730204701,-0.756046116,0.419154525,-0.41886431,-0.0242150594,2.90932703,0.311134607,0.504314482,12.2507811,-0.00746963359,0.136858255,-0.0242150594,2.9093008,-0.000254631042,1
939,9.680002,0.764167726,-0.747924507,0.728728056,-0.733896315,2.21697474,-1.07642233,-0.0316719115,2.90794015,0.533871412,2.40596008,15.3475418,0.0330104157,0.048441302,-0.0316719115,2.90899563,-0.000254631042,1
940,9.689978,0.758261144,-0.754569471,0.745709598,-0.70510155,0.0486011766,-0.245347515,-0.0103666214,2.90679741,0.227308929,0.104346216,14.037466,0.01490092,-0.0548893511,-0.0103666214,2.90875149,-0.000254631042,1
941,9.700000,0.770812571,-0.770074308,0.7951774,-0.69698,1.72870517,0.122034192,0.0130691966,2.90880322,-0.517542183,1.65392387,7.4367919,0.0532504395,-0.118805215,0.0130691966,2.90872097,-0.000254631042,1
942,9.709975,0.728728056,-0.774504304,0.772289276,-0.695503354,0.833497524,-0.269814014,0.0375702791,2.91092229,-0.335520715,0.585745156,5.18068361,0.042597793,-0.0932388678,0.0375702791,2.90896511,-0.000254631042,1
943,9.720002,0.748662829,-0.729466379,0.741279602,-0.71912986,-0.475695223,0.596892178,0.0439618677,2.91044283,-0.9055354,0.147456571,6.3949585,0.0649683475,-0.0186703578,0.0439618677,2.90927029,-0.000254631042,1
944,9.729977,0.730204701,-0.744971275,0.748662829,-0.736111343,-0.791331708,-0.775570512,0.0290481634,2.91044283,-0.256485045,0.50910449,9.4965086,-0.0351665132,0.0313970707,0.0194607824,2.90957546,-0.000254631042,1
945,9.740002,0.738326311,-0.753092885,0.733157992,-0.749401152,0.50906533,0.579289675,-0.00930135697,2.91073036,0.351849943,0.887517631,13.7404833,-0.0820381492,0.0345928632,-0.018888738,2.90969753,-0.000254631042,1
946,9.749977,0.73537302,-0.727989674,0.722821474,-0.654157102,0.442803979,0.232687414,0.00561234495,2.90940499,0.73984313,1.31862116,15.1176205,-0.0617981218,-0.0144093009,0.000286022841,2.90957546,-0.000254631042,1
947,9.760000,0.718391478,-0.723559737,0.730204701,-0.733896315,-0.216245323,0.962103128,-0.000779241615,2.90905619,-0.948645711,0.437253922,10.576663,-0.0255791284,-0.0634114668,-0.00504029961,2.90948391,-0.000254631042,1
948,9.769974,0.744232893,-0.754569471,0.778195918,-0.682951808,-0.117083378,0.884264231,0.0215913113,2.90969253,-0.572627664,-0.187846184,6.10755634,-0.069254972,0.0473760366,0.0215913113,2.90948391,-0.000254631042,1
949,9.779998,0.741279602,-0.74349463,0.745709598,-0.760476053,0.357088715,0.184660748,0.0109386677,2.91136694,-0.261275083,0.944998085,5.72195816,-0.041558098,0.160294071,0.0151997255,2.90960598,-0.000254631042,1
950,9.789984,0.753831089,-0.698456705,0.707316577,-0.709531605,0.437090248,0.0751453191,0.0375702791,2.91196918,-0.172659352,0.408513695,6.45722914,-0.00533910468,0.224209934,0.035439752,2.90991116,-0.000254631042,1
951,9.799981,0.731681347,-0.694026709,0.702886701,-0.716914833,-1.70686507,-1.16276896,0.00774287386,2.91034698,1.52301455,-1.39493608,10.365901,-0.010665427,0.135792986,-0.0103666214,2.91018581,-0.000254631042,1
952,9.810003,0.730204701,-0.711008191,0.697718382,-0.733896315,-0.0777925327,-0.921735764,-0.0455203466,2.90778327,0.914679527,0.137876496,12.8471413,-0.0713855028,-0.0208008867,-0.0444550812,2.90994167,-0.000254631042,1
953,9.819977,0.710269868,-0.740541279,0.739802957,-0.624624014,1.11339581,0.919878364,-0.0252803247,2.90845418,-1.15222239,0.870752454,13.1872339,-0.0554065369,-0.10921783,-0.0252803247,2.90951443,-0.000254631042,1
954,9.829974,0.745709598,-0.730943024,0.710269868,-0.63717562,0.232025534,0.526096523,-0.0306066461,2.90870714,-0.565442562,0.104346216,11.6975317,-0.0298401862,-0.116674684,-0.0306066461,2.90923977,-0.000254631042,1
955,9.839983,0.65637207,-0.742017984,0.792224109,-0.655633748,-0.0571517721,1.05928195,-0.00290977047,2.91073036,-1.01810133,-0.298017085,7.64036894,-0.0266443938,-0.0186703578,-0.00290977047,2.90917873,-0.000254631042,1
956,9.849982,0.76785934,-0.73241967,0.705839932,-0.730943024,0.61562264,-0.0559913516,0.00241655181,2.91060019,-0.086438641,0.612090349,7.90621614,-0.041558098,0.109161377,0.00241655181,2.90923977,-0.000254631042,1
957,9.859979,0.731681347,-0.746447921,0.741279602,-0.716914833,-0.270943522,1.32889199,0.0279828981,2.91005945,-1.23125803,-0.568654299,7.00329351,-0.00107804674,0.15496774,0.0279828981,2.90936184,-0.000254631042,1
958,9.869976,0.773765981,-0.678521872,0.649727106,-0.737587929,-0.724243522,-0.969735682,-0.0146276793,2.90794015,1.11107111,-0.480038583,9.72164059,0.0383367352,0.109161377,-0.0146276793,2.90939236,-0.000254631042,1
959,9.879984,0.710269868,-0.749401152,0.750877798,-0.73241967,-0.260231555,0.286359608,-0.0316719115,2.90743423,-0.218164727,-0.31957227,12.3920879,-0.0639286488,0.00370019581,-0.0316719115,2.90908718,-0.000254631042,1
960,9.889981,0.764167726,-0.771550953,0.761214435,-0.677045226,-0.0646230578,1.14293647,-0.0156929437,2.9086113,-1.09713697,-0.326757342,13.0028181,-0.0703202412,-0.0932388678,-0.0156929437,2.90890408,-0.000254631042,1
961,9.899978,0.73537302,-0.795915782,0.801822364,-0.723559737,0.125501841,0.804867268,-0.0103666214,2.90911746,-0.812129617,-0.0633051544,11.4340801,-0.13104032,-0.0836514831,-0.0103666214,2.90878201,-0.000254631042,1
962,9.909999,0.787794113,-0.805513978,0.790747523,-0.716914833,-0.13943775,0.633577287,0.0109386677,2.90980649,-0.584602773,-0.281251937,8.58879662,-0.101212911,-0.00588718429,0.0109386677,2.90890408,-0.000254631042,1
963,9.919974,0.807728887,-0.808467269,0.804775655,-0.761952758,0.877599359,0.60198015,0.00774287386,2.90882993,-0.788179398,0.715076208,6.65122557,0.00211774674,0.0335276015,0.00774287386,2.90905666,-0.000254631042,1
964,9.929999,0.756784499,-0.809943914,0.758261144,-0.74349463,-1.43137252,-0.134394765,0.00774287386,2.90803623,0.462020844,-1.36140585,7.15657473,0.0436630584,0.072942391,0.00774287386,2.9091177,-0.000254631042,1
965,9.939973,0.875654936,-0.809943914,0.769335985,-0.777457535,-0.311266005,-0.0414442755,0.0205260478,2.9080708,0.112347983,-0.293227047,9.09414577,0.0990568101,0.0431149788,0.0205260478,2.90927029,-0.000254631042,1
966,9.950003,0.718391478,-0.768597662,0.773765981,-0.805513978,-2.48427963,0.282028675,-0.00504029961,2.9086113,0.299159527,-2.48227501,13.2662697,-0.0500802137,0.0271360129,-0.00504029961,2.90933132,-0.000254631042,1
967,9.959978,0.80625236,-0.781887531,0.765644372,-0.725036442,-0.820166051,1.85315073,-0.0135624148,2.9092133,-1.61446118,-1.22488976,12.4807034,-0.0724507645,-0.00908297859,-0.0135624148,2.90920925,-0.000254631042,1
968,9.969999,0.758261144,-0.783364236,0.789270818,-0.712484896,-0.0279512163,0.747769833,-0.0252803247,2.908638,-0.721118867,-0.199821278,10.7730541,-0.0788423568,0.000504402502,-0.0252803247,2.90902615,-0.000254631042,1
969,9.979973,0.773765981,-0.775980949,0.761214435,-0.763429463,-0.125075594,-0.654432714,-0.0316719115,2.90755653,0.665597498,0.0301006082,8.29660416,-0.0681897104,0.00476546027,-0.0316719115,2.90875149,-0.000254631042,1
970,9.989996,0.781149209,-0.812897265,0.821757138,-0.747924507,0.904186845,0.400585145,-0.0124971503,2.90803623,-0.598972857,0.786926806,5.76746321,-0.0309054516,0.00902651716,-0.0124971503,2.90850735,-0.000254631042,1
971,9.999981,0.742756248,-0.758999407,0.702886701,-0.689596713,-0.34909758,0.265372396,-0.0156929437,2.90822768,-0.17744939,-0.401002944,8.26067924,0.00744406879,0.0441802442,-0.0156929437,2.90832424,-0.000254631042,1
972,10.009978,0.786317527,-0.756046116,0.765644372,-0.766382694,-0.546774149,0.71460551,0.00987340324,2.90685892,-0.567837596,-0.697985351,9.53722382,0.0628378168,0.0814645067,0.00987340324,2.90814114,-0.000254631042,1
973,10.019977,0.677783549,-0.742017984,0.701409996,-0.761952758,-0.69193691,-0.388969183,-0.0124971503,2.90784431,0.53866148,-0.583024442,13.3884163,0.00850933325,0.0697465986,-0.0124971503,2.9080801,-0.000254631042,1
974,10.029974,0.781149209,-0.74349463,0.773765981,-0.715438187,0.757694244,-0.700102866,-0.00504029961,2.90736508,0.505131185,0.899492741,13.0147924,-0.0202528071,-0.033584062,-0.00504029961,2.90792751,-0.000254631042,1
975,10.039984,0.727251351,-0.757522762,0.784840882,-0.682951808,-0.350422949,0.968248427,0.00241655181,2.90657139,-0.860029995,-0.566259325,10.1886692,-0.0191875417,-0.0772598982,0.00241655181,2.90780544,-0.000254631042,1
976,10.049981,0.581801116,-0.770074308,0.776719272,-0.763429463,1.07054293,-0.0292329639,0.00135128724,2.90685892,-0.220559746,1.04798388,8.04752254,-0.0372970402,0.0122223105,0.00135128724,2.90780544,-0.000254631042,1
977,10.059978,0.861626863,-0.74349463,0.738326311,-0.722083151,0.951610625,-0.591798544,0.0439618677,2.90911746,0.356639981,1.06235409,7.27153587,0.0159661844,0.048441302,0.0439618677,2.90798855,-0.000254631042,1
978,10.069975,0.72429812,-0.768597662,0.776719272,-0.740541279,0.257828593,0.313217968,0.0258523691,2.90873384,-0.364260942,0.178591833,7.78885984,0.0500546433,0.0516370945,0.0258523691,2.90838528,-0.000254631042,1
979,10.079983,0.730204701,-0.711008191,0.725774765,-0.730943024,-1.06971776,-0.0101868045,0.00880813878,2.90711188,0.25844419,-1.03807819,9.14444065,0.0362062082,0.0740076527,0.00880813878,2.90853786,-0.000254631042,1
980,10.089995,0.721344769,-0.774504304,0.727251351,-0.730943024,-0.432172686,0.411342859,-0.0135624148,2.90695477,-0.299595386,-0.515963912,11.8603935,-0.0341012478,0.0015696669,-0.0135624148,2.90844631,-0.000254631042,1
981,10.099982,0.72429812,-0.805513978,0.761214435,-0.737587929,0.666882098,-0.141638666,-0.0242150594,2.90739965,-0.0169830751,0.681545913,12.9165974,-0.0937560573,-0.0410409123,-0.0242150594,2.90817165,-0.000254631042,1
982,10.109999,0.73537302,-0.780410945,0.789270818,-0.681475222,0.742170334,0.45377785,0.0141344611,2.90784431,-0.613343,0.616880417,10.3203955,-0.0447538905,-0.0655419976,0.0141344611,2.9080801,-0.000254631042,1
983,10.119974,0.725774765,-0.77893424,0.756784499,-0.7080549,0.722218215,0.205244794,0.0151997255,2.90828896,-0.366655946,0.65520072,8.36845493,-0.0138612203,0.0175486337,0.0151997255,2.90823269,-0.000254631042,1
984,10.129997,0.775242567,-0.777457535,0.76785934,-0.726513088,1.67173874,0.378407001,0.0258523691,2.90828896,-0.754649162,1.53896296,7.90382099,0.0457935855,0.0473760366,0.0258523691,2.90838528,-0.000254631042,1
985,10.139995,0.710269868,-0.737587929,0.71617651,-0.665970266,-0.0140690878,0.234992638,0.0226565767,2.90794015,-0.225349784,-0.0680951998,8.93367958,0.0436630584,0.0601592101,0.0226565767,2.90865993,-0.000254631042,1
986,10.149981,0.725774765,-0.698456705,0.72429812,-0.74349463,-0.518752396,0.131561771,0.000286022841,2.90705085,-0.0074029956,-0.535124063,10.6413288,-0.00107804674,0.048441302,0.000286022841,2.90865993,-0.000254631042,1
987,10.160003,0.731681347,-0.75161618,0.704363346,-0.69993329,0.463231236,-0.200919524,-0.00290977047,2.90832376,0.088397786,0.497129411,11.3526487,-0.0735160336,0.0239402205,-0.00290977047,2.90856838,-0.000254631042,1
988,10.169979,0.68885839,-0.761952758,0.747186184,-0.753092885,0.500897169,0.548355103,-0.00290977047,2.90819311,-0.404976279,0.681545913,12.3968773,-0.102278173,-0.012278772,-0.00610556407,2.90841579,-0.000254631042,1
989,10.179995,0.764167726,-0.744971275,0.750877798,-0.677045226,0.506792963,0.283752918,0.0194607824,2.90882993,-0.112783857,0.695916057,9.69050598,-0.0447538905,-0.0484977625,0.0237218402,2.90838528,-0.000254631042,1
990,10.189980,0.704363346,-0.733896315,0.776719272,-0.689596713,0.474056512,0.931275904,0.00987340324,2.90803623,-0.733093977,1.08151424,7.24998045,0.0223577712,-0.0495630279,-0.00184450613,2.90847683,-0.000254631042,1
991,10.200003,0.696241736,-0.69993329,0.713223159,-0.646035433,0.935174763,0.353229433,0.00987340324,2.90733838,-0.47922188,0.137876496,7.65713406,0.0937304869,-0.00375665538,0.0109386677,2.90838528,-0.000254631042,1
992,10.209978,0.697718382,-0.723559737,0.679260254,-0.650465429,0.526209533,0.407131165,0.0194607824,2.90880322,-0.864820063,0.180986851,9.44621372,0.120362096,-0.00908297859,0.0215913113,2.90847683,-0.000254631042,1
993,10.220003,0.643820524,-0.691073418,0.72429812,-0.71912986,-1.16454613,1.17697394,0.01626499,2.9089601,-0.963015854,-1.34703565,10.0234137,0.0362062082,0.0473760366,0.0130691966,2.90865993,-0.000254631042,1
994,10.229978,0.690335035,-0.709531605,0.671876907,-0.681475222,0.192819893,0.712613761,-0.00610556407,2.90838504,-0.737883985,0.0229155496,10.7610798,-0.0309054516,0.0527023599,-0.0103666214,2.90875149,-0.000254631042,1
995,10.239996,0.710269868,-0.713961542,0.73537302,-0.726513088,1.20551848,-0.184877872,-0.0146276793,2.908638,-0.0984137431,1.2156353,11.1299124,-0.109735027,0.046310775,-0.0114318859,2.90862942,-0.000254631042,1
996,10.249999,0.684428513,-0.691073418,0.730204701,-0.66449368,0.271554142,-0.0544587485,-0.00290977047,2.90828896,-0.00979801547,0.276787639,9.50369358,-0.031970717,-0.0410409123,-0.0103666214,2.90853786,-0.000254631042,1
997,10.259984,0.752354503,-0.723559737,0.713223159,-0.686643422,0.780023694,0.343781352,-0.00397503516,2.90778327,-0.51514715,0.679150939,10.1359797,0.00424827542,-0.0666072592,-0.00930135697,2.90838528,-0.000254631042,1
998,10.270000,0.62093246,-0.711008191,0.713223159,-0.671138644,0.0686773211,0.912082493,-0.00290977047,2.90752983,-0.903140366,-0.144735828,9.49171925,0.0436630584,-0.0932388678,-0.00290977047,2.90832424,-0.000254631042,1
999,10.279974,0.660802066,-0.7080549,0.674830258,-0.678521872,1.1996299,0.0609315075,-0.00184450613,2.90924811,-0.335520715,1.15336478,7.71700954,0.0894694328,-0.0687377825,-0.00184450613,2.90820217,-0.000254631042,1
1000,10.290000,0.719868183,-0.652680397,0.704363346,-0.660063744,-0.907367945,1.31576037,0.0333092213,2.90867257,-1.07079172,-1.18656933,9.65218544,0.0713599324,-0.00482191984,0.0333092213,2.90835476,-0.000254631042,1
1001,10.299975,0.602474272,-0.657110393,0.653418779,-0.652680397,-0.0405863225,0.807463408,-0.00930135697,2.90828896,-0.776204288,-0.226166487,10.3395557,-0.0117306914,0.0569634177,-0.00930135697,2.90838528,-0.000254631042,1
1002,10.309996,0.71617651,-0.686643422,0.679260254,-0.668185294,0.896816671,-0.407015681,-0.0103666214,2.908638,0.188988611,0.966553271,10.4545164,-0.151280329,0.104900323,-0.0103666214,2.90823269,-0.000254631042,1
1003,10.319999,0.634960651,-0.654157102,0.640867233,-0.660063744,0.443321168,-0.294822216,-0.00504029961,2.90800142,0.184198573,0.499524444,9.97790813,-0.0958865881,0.0633550063,-0.00504029961,2.90823269,-0.000254631042,1
1004,10.329984,0.730204701,-0.657110393,0.674830258,-0.618717492,1.16257417,-0.303549141,-0.0135624148,2.90794015,0.0261272788,1.20126522,9.8318119,-0.0277096573,0.00689598918,-0.0135624148,2.9080801,-0.000254631042,1
1005,10.339981,0.639390528,-0.685166776,0.628315687,-0.595091045,0.570962191,0.188991889,-0.0199540015,2.90733838,-0.316360533,0.511499524,10.5670824,0.0532504395,-0.0484977625,-0.0199540015,2.90792751,-0.000254631042,1
1006,10.349978,0.6098575,-0.660063744,0.626839042,-0.596567631,1.4956305,0.0397391208,-0.018888738,2.90733838,-0.385816127,1.44555724,9.26179695,0.105448395,-0.0761946365,-0.018888738,2.90777493,-0.000254631042,1
1007,10.359974,0.654895484,-0.665970266,0.617979109,-0.610595882,0.787451446,0.541727722,0.00454708049,2.90822768,-0.709143758,0.640830576,9.16120625,0.102252603,-0.0453019701,0.00454708049,2.90774441,-0.000254631042,1
1008,10.369983,0.578847826,-0.60468924,0.606904149,-0.587707758,0.136262581,0.679297388,-0.00504029961,2.90755653,-0.69237864,-0.0249848422,9.27137756,0.0639030859,0.0367233939,-0.00504029961,2.90777493,-0.000254631042,1
1009,10.379981,0.673353553,-0.63200736,0.632745624,-0.626100659,-0.144037396,0.174893871,-0.0199540015,2.90761805,-0.136734053,-0.180661112,9.68571568,-0.0671244487,0.1144877,-0.0199540015,2.90768337,-0.000254631042,1
1010,10.389978,0.694765031,-0.567034602,0.597306013,-0.644558847,0.443449944,-0.376401484,-0.0199540015,2.90742636,0.263234228,0.518684566,10.0952635,-0.124648727,0.132597193,-0.0199540015,2.90753078,-0.000254631042,1
1011,10.399974,0.524949968,-0.579586148,0.578847826,-0.505753458,1.26341307,-0.633910894,-0.00290977047,2.90717316,0.323109686,1.37610161,10.2581253,-0.11186555,0.0580286831,-0.00290977047,2.90750027,-0.000254631042,1
1012,10.409975,0.560389698,-0.616502464,0.592876017,-0.596567631,1.05551815,-0.164450109,0.0066776094,2.90603042,-0.086438641,1.06474912,10.0545483,-0.0458191559,-0.0229314156,0.0066776094,2.90750027,-0.000254631042,1
1013,10.430001,0.585492671,-0.599520981,0.646773815,-0.620194077,1.45774162,0.489398509,0.0173302535,2.9072423,-0.814524651,1.30425107,8.56484604,0.0820125788,-0.0974999219,0.0173302535,2.90777493,-0.000254631042,1
1014,10.439977,0.642343938,-0.624624014,0.575894475,-0.547099769,0.381442815,0.396900356,0.0183955189,2.90794015,-0.474431843,0.279182643,8.39958954,0.0926652253,-0.0399756469,0.0183955189,2.90792751,-0.000254631042,1
1015,10.449995,0.628315687,-0.524211705,0.546361446,-0.60173595,0.41750285,0.600033522,0.0194607824,2.90790558,-0.680403531,0.267207563,9.94198227,0.040467266,0.0473760366,0.0194607824,2.9080801,-0.000254631042,1
1016,10.459998,0.670400262,-0.587707758,0.608380854,-0.66449368,0.102954261,-0.20404774,0.00135128724,2.90761805,0.174618497,0.147456571,11.3981543,-0.0468844213,0.0931824148,0.00135128724,2.90814114,-0.000254631042,1
1017,10.469983,0.659325361,-0.599520981,0.636437237,-0.646035433,-0.639808655,-0.0140191792,-0.0199540015,2.90653658,0.162643403,-0.618949711,10.8353252,-0.140627682,0.08359503,-0.0199540015,2.90801907,-0.000254631042,1
1018,10.479998,0.636437237,-0.610595882,0.566296279,-0.595091045,0.353594154,-0.576768339,-0.018888738,2.90701604,0.478785962,0.477969259,10.6676731,-0.187499315,0.0282012783,-0.018888738,2.90777493,-0.000254631042,1
1019,10.489984,0.631268978,-0.624624014,0.588446021,-0.63717562,1.20595694,-0.472402543,-0.000779241615,2.90720773,0.179408535,1.28269589,9.26419163,-0.156606644,-0.0761946365,-0.000779241615,2.90765285,-0.000254631042,1
1020,10.499995,0.653418779,-0.63717562,0.606904149,-0.586231053,-0.272418857,0.0701120272,0.0258523691,2.90749526,-0.0050079762,-0.281251937,8.23433399,-0.039427571,-0.114544153,0.0258523691,2.90777493,-0.000254631042,1
1021,10.509981,0.62093246,-0.573679566,0.571464598,-0.570726216,0.868547797,0.167591453,0.0407660753,2.90778327,-0.364260942,0.806086957,8.39958954,0.0319451503,-0.0953693986,0.0407660753,2.90795803,-0.000254631042,1
1022,10.519996,0.589922726,-0.606165886,0.623885691,-0.55817467,-0.133032799,0.804534853,0.0460923947,2.90915203,-0.752254128,-0.314782232,9.67374039,0.026618829,-0.0506282933,0.0460923947,2.90826321,-0.000254631042,1
1023,10.529982,0.595829308,-0.623147368,0.537501574,-0.552268028,0.196987271,0.34734273,0.035439752,2.90876865,-0.383421093,0.111531273,10.4449368,0.026618829,-0.0282577388,0.035439752,2.90862942,-0.000254631042,1
1024,10.539979,0.585492671,-0.556698084,0.572941244,-0.613549113,0.167159617,1.04116285,0.0311786924,2.90867257,-1.05163157,-0.0776752755,10.7179689,0.0212925076,-0.00588718429,0.0311786924,2.90899563,-0.000254631042,1
1025,10.549977,0.626839042,-0.607642531,0.575894475,-0.533071578,-0.865688622,0.308700144,0.0066776094,2.9089601,-0.100808762,-0.913537145,10.3994312,-0.0181222782,0.0260707494,0.0066776094,2.90920925,-0.000254631042,1
1026,10.559974,0.572941244,-0.576632857,0.591399372,-0.590661049,0.135556728,0.430829525,-0.0167582091,2.90876865,-0.450481653,0.032495629,9.38633823,-0.0852339417,0.0420497172,-0.0167582091,2.9091177,-0.000254631042,1
1027,10.569982,0.584016085,-0.582539439,0.594352722,-0.610595882,0.502846241,-0.137943402,-0.018888738,2.91018987,0.0189422201,0.5210796,8.89535904,-0.0916255265,0.0431149788,-0.018888738,2.90899563,-0.000254631042,1
1028,10.579979,0.608380854,-0.627577364,0.594352722,-0.626100659,0.0493866429,-0.420113146,-0.00717082852,2.90857673,0.397355318,0.145061553,9.09654045,-0.041558098,0.0186138973,-0.00717082852,2.90890408,-0.000254631042,1
1029,10.589976,0.584016085,-0.576632857,0.603950918,-0.555221379,-0.0915669426,-0.0494246185,0.0109386677,2.90851569,0.0692376345,-0.0776752755,10.162324,0.0170314498,-0.0229314156,0.0109386677,2.90881252,-0.000254631042,1
1030,10.599974,0.574417889,-0.635698915,0.555959702,-0.599520981,-0.17562905,0.351102531,-0.00717082852,2.90880322,-0.43611154,0.317502946,10.456912,0.0319451503,-0.0634114668,-0.00717082852,2.90878201,-0.000254631042,1
1031,10.609983,0.5175668,-0.643082201,0.580324471,-0.528641641,0.410234004,-0.0819954723,0.00454708049,2.9086113,-0.476826876,0.204937041,10.5191822,0.0553809665,-0.0570198782,0.00561234495,2.90872097,-0.000254631042,1
1032,10.619995,0.592876017,-0.595091045,0.569987893,-0.553744733,0.506962836,0.825290442,0.00987340324,2.90905619,-0.563047588,-0.16389598,9.75277615,0.0788167864,-0.0623462014,0.0141344611,2.90872097,-0.000254631042,1
1033,10.629980,0.540454865,-0.569249511,0.629792273,-0.567034602,-0.639931798,0.139595479,0.00987340324,2.9088645,-0.507962108,-0.451298356,10.1814842,0.01490092,-0.012278772,0.00774287386,2.90872097,-0.000254631042,1
1034,10.639997,0.584016085,-0.553744733,0.557436407,-0.575156152,-0.573362947,0.980530977,-0.00504029961,2.90867257,-0.77141428,-0.0872553512,9.3360424,-0.0617981218,0.0345928632,-0.00823609252,2.90869045,-0.000254631042,1
1035,10.649984,0.564819574,-0.570726216,0.564819574,-0.573679566,0.13546896,0.192131341,-0.00504029961,2.9092133,-0.606157899,-0.104020491,9.27377224,-0.107604496,0.102769792,-0.00504029961,2.90853786,-0.000254631042,1
1036,10.659981,0.588446021,-0.573679566,0.551529765,-0.618717492,0.485688537,-0.688294113,-0.0146276793,2.90902138,0.315924644,-0.458483428,10.2365704,-0.0607328601,0.0580286831,-0.0135624148,2.90841579,-0.000254631042,1
1037,10.669996,0.64825052,-0.569249511,0.588446021,-0.570726216,0.260663062,0.127922609,0.00454708049,2.90867257,0.0668426156,0.56418997,11.2281084,-0.0287749227,-0.0431714393,0.00880813878,2.90832424,-0.000254631042,1
1038,10.679982,0.512398481,-0.606165886,0.575894475,-0.547099769,-0.100513645,0.171842754,0.0269176345,2.9080708,-0.14391911,-0.137550771,9.95156288,-0.0127959559,-0.122001007,0.0279828981,2.90844631,-0.000254631042,1
1039,10.691303,0.608380854,-0.552268028,0.575894475,-0.569249511,-0.226584613,1.16106868,0.061006099,2.90982318,-1.07797682,-0.487223655,8.55766106,0.0127703911,-0.108152568,0.061006099,2.90881252,-0.000254631042,1
1040,10.699973,0.566296279,-0.657110393,0.588446021,-0.573679566,0.0332483314,0.890358806,0.0450271331,2.9110527,-0.874400139,-0.171081036,8.92409897,0.042597793,-0.0431714393,0.0418313369,2.90920925,-0.000254631042,1
1041,10.709981,0.571464598,-0.581062853,0.591399372,-0.541193247,-0.37425667,0.548124075,0.0471576601,2.91101813,-0.448086619,-0.489618659,9.44142342,0.0607072897,-0.0144093009,0.0471576601,2.90966702,-0.000254631042,1
1042,10.719998,0.572941244,-0.564081252,0.551529765,-0.606165886,-0.657155871,0.6318326,0.030113427,2.91092229,-0.464851767,-0.784206092,10.021018,0.0202272423,0.00583072472,0.030113427,2.91000271,-0.000254631042,1
1043,10.729974,0.543408155,-0.630530655,0.569987893,-0.569249511,-0.872916043,0.456508964,0.00774287386,2.91057348,-0.244509935,-0.954252481,9.95635319,-0.0596675947,0.0345928632,0.00774287386,2.91012478,-0.000254631042,1
1044,10.740003,0.631268978,-0.548576415,0.597306013,-0.545623124,-0.945484042,0.325857818,0.00348181627,2.91066909,-0.100808762,-0.994967818,10.3060255,-0.0990823805,0.0569634177,0.00348181627,2.91012478,-0.000254631042,1
1045,10.749979,0.57737118,-0.63200736,0.591399372,-0.599520981,0.453241676,0.00699138967,-0.018888738,2.91101813,-0.110388838,0.439648956,9.89168739,-0.119322404,0.0420497172,-0.018888738,2.91006374,-0.000254631042,1
1046,10.759996,0.603950918,-0.592137635,0.574417889,-0.570726216,0.0497440547,-0.203281373,0.00348181627,2.91165471,0.186593592,0.09476614,10.3898516,-0.0681897104,-0.0165398289,0.00348181627,2.91006374,-0.000254631042,1
1047,10.769983,0.57737118,-0.615025818,0.619455755,-0.624624014,-0.140872836,0.190670609,0.00880813878,2.91140151,-0.153499186,-0.180661112,9.03906059,-0.022383336,-0.0783251673,0.00880813878,2.91021633,-0.000254631042,1
1048,10.779996,0.606904149,-0.63717562,0.584016085,-0.528641641,-0.704329908,0.0750126019,0.0194607824,2.91036391,0.088397786,-0.702775419,8.94804955,-0.0234485995,-0.0953693986,0.0194607824,2.91036892,-0.000254631042,1
1049,10.790001,0.561866343,-0.623147368,0.614287496,-0.59361434,-0.517896533,0.145924553,0.0183955189,2.91188097,-0.0241681337,-0.537519038,7.99004173,0.0127703911,-0.0634114668,0.0183955189,2.91058254,-0.000254631042,1
1050,10.799975,0.653418779,-0.615025818,0.603950918,-0.562604606,0.254820168,0.663793027,0.0258523691,2.91213393,-0.70435375,0.0971611589,9.46058369,0.0553809665,-0.033584062,0.0258523691,2.91082668,-0.000254631042,1
1051,10.809994,0.591399372,-0.581062853,0.57737118,-0.553744733,-0.782372236,0.761126757,0.00561234495,2.91194248,-0.563047588,-0.93509233,11.9226637,0.0394020006,-0.012278772,0.00561234495,2.91100979,-0.000254631042,1
1052,10.819981,0.588446021,-0.544146478,0.62093246,-0.627577364,-0.765554488,0.915232837,-0.018888738,2.9113059,-0.7163288,-0.954252481,10.5024176,-0.0468844213,0.0154181039,-0.018888738,2.91097927,-0.000254631042,1
1053,10.830004,0.62093246,-0.618717492,0.581801116,-0.633484006,-0.269561827,-0.263733327,-0.036998231,2.91121006,0.318319649,-0.202216297,9.30730247,-0.107604496,0.0633550063,-0.036998231,2.91079617,-0.000254631042,1
1054,10.839978,0.615764141,-0.569249511,0.575894475,-0.569249511,0.127519563,-0.238722801,-0.0252803247,2.91155887,0.203358725,0.178591833,9.15402126,-0.08416868,0.0516370945,-0.0252803247,2.91049099,-0.000254631042,1
1055,10.849999,0.597306013,-0.618717492,0.574417889,-0.570726216,-0.813232064,0.00915852375,-0.0263455883,2.91092229,0.177013516,-0.793786168,9.71924591,-0.0383623056,-0.0165398289,-0.0263455883,2.9103384,-0.000254631042,1
1056,10.859974,0.6098575,-0.610595882,0.625362396,-0.633484006,0.171933815,-0.268966138,-0.0220845304,2.91086102,0.222518891,0.228887245,9.80546665,-0.00853489805,-0.071933575,-0.0220845304,2.91012478,-0.000254631042,1
1057,10.869981,0.558912992,-0.635698915,0.637913942,-0.569249511,-0.267196566,0.604443669,0.0066776094,2.91036391,-0.527122259,-0.39860791,9.76475143,0.0138356555,-0.0996304527,0.0066776094,2.91009426,-0.000254631042,1
1058,10.879978,0.614287496,-0.618717492,0.598782599,-0.548576415,0.54402107,1.07555509,-0.000779241615,2.91114855,-1.17138255,0.283972681,9.76714611,0.042597793,-0.0879125446,-0.000779241615,2.9101553,-0.000254631042,1
1059,10.889976,0.594352722,-0.584754407,0.592876017,-0.531594932,0.048552759,1.01956415,0.00348181627,2.9113059,-1.00373113,-0.185451165,9.44621372,0.0713599324,-0.0623462014,0.00348181627,2.91021633,-0.000254631042,1
1060,10.899983,0.558912992,-0.55817467,0.561866343,-0.595091045,-1.06212604,1.28540134,-0.0178234726,2.91092229,-1.0085212,-1.32787549,10.3108158,0.0170314498,0.00902651716,-0.0178234726,2.91018581,-0.000254631042,1
1061,10.909980,0.563342929,-0.575156152,0.581801116,-0.552268028,-0.33559823,0.701561213,-0.0295413826,2.91073036,-0.606157899,-0.487223655,8.93607426,-0.0351665132,0.091051884,-0.0295413826,2.90994167,-0.000254631042,1
1062,10.919976,0.602474272,-0.569249511,0.592876017,-0.592137635,0.311566442,-0.250258297,-0.056172993,2.91044283,0.172223479,0.360613286,9.70487595,-0.0468844213,0.120879292,-0.056172993,2.90957546,-0.000254631042,1
1063,10.929984,0.603950918,-0.536763191,0.519043446,-0.556698084,0.620101273,0.13874507,-0.0444550812,2.90882993,-0.2780402,0.571375012,11.7382469,-0.0255791284,0.0793339759,-0.0444550812,2.90902615,-0.000254631042,1
1064,10.939981,0.536024868,-0.544146478,0.569987893,-0.569249511,0.614074469,-0.37443608,-0.0306066461,2.90857673,0.222518891,0.683940947,10.8568802,0.0308798868,-0.0218661521,-0.0306066461,2.90869045,-0.000254631042,1
1065,10.960003,0.581801116,-0.518305063,0.526426613,-0.538239896,0.141694009,-0.124491408,-0.00184450613,2.90851569,0.088397786,0.166616723,8.03794193,0.0415325277,-0.091108337,-0.00184450613,2.90841579,-0.000254631042,1
1066,10.969978,0.523473322,-0.565557897,0.626839042,-0.555221379,0.314242452,0.740545392,0.0130691966,2.90950108,-0.792969465,0.135481477,7.77688503,0.0639030859,-0.0634114668,0.0130691966,2.90841579,-0.000254631042,1
1067,10.979997,0.557436407,-0.51461339,0.502061903,-0.474743813,-0.4324646,0.340948969,-0.00823609252,2.9099021,-0.232534841,-0.499198735,9.19952679,0.0894694328,-0.0176050942,-0.00823609252,2.90844631,-0.000254631042,1
1068,10.989983,0.500585258,-0.412724406,0.426014245,-0.462192297,0.893413782,0.573135197,-0.0423245542,2.90819311,-0.764229238,0.736631393,9.92521763,0.0628378168,0.0335276015,-0.0423245542,2.90820217,-0.000254631042,1
1069,11.000005,0.444472402,-0.394266218,0.492463619,-0.496155292,0.938748538,0.696771443,-0.048716139,2.90692019,-0.895955324,0.751001477,11.026926,0.0255535655,0.104900323,-0.048716139,2.90774441,-0.000254631042,1
1070,11.009980,0.431920886,-0.443734109,0.452594042,-0.409771085,0.824991941,0.118543543,-0.0678908974,2.90736508,-0.306780457,0.774951696,11.0125561,-0.0330359787,0.156033009,-0.0678908974,2.90725613,-0.000254631042,1
1071,11.019995,0.401649505,-0.392789602,0.352181673,-0.35144335,1.7333492,-0.367455423,-0.064695105,2.90688562,-0.0457233116,1.77127981,10.5862427,-0.0330359787,0.134727731,-0.064695105,2.9065237,-0.000254631042,1
1072,11.029980,0.437089175,-0.366209835,0.361041576,-0.463668913,2.13345075,-2.02629089,-0.0338024385,2.9061532,1.47271907,2.54726624,10.3563213,0.0702946708,0.00370019581,-0.0338024385,2.90603542,-0.000254631042,1
1073,11.040004,0.256199241,-0.262844145,0.28056401,-0.239956036,0.23332049,-0.884249985,-0.00823609252,2.9040339,0.804508626,0.434858918,9.41747284,0.101187341,-0.0964346603,-0.00823609252,2.9058218,-0.000254631042,1
1074,11.049979,0.205254719,-0.237002745,0.197133109,-0.326340199,2.29571104,-0.924703121,0.0130691966,2.90416455,0.313529611,2.6358819,9.48692894,0.0873389021,-0.0687377825,0.0130691966,2.90563869,-0.000254631042,1
1075,11.060000,0.220759571,-0.182366595,0.180151626,-0.238479391,2.76655126,-0.557608843,0.0173302535,2.90657139,0.466810882,2.33171439,8.91212463,0.0468588509,-0.0271924734,0.0173302535,2.90579128,-0.000254631042,1
1076,11.069974,0.175721675,-0.213376299,0.0472528823,-0.252507597,2.54339147,-0.687477231,-0.0220845304,2.90752196,-0.335520715,3.11009574,8.56724167,0.0990568101,0.0441802442,-0.0316719115,2.90585232,-0.000254631042,1
1077,11.079982,0.240694344,-0.173506677,0.0812158883,-0.104104005,2.45012689,-0.972620487,-0.048716139,2.9058311,0.0333123393,2.39398503,9.01750469,0.189604297,0.0931824148,-0.0625645816,2.90551662,-0.000254631042,1
1078,11.089978,0.157263488,-0.141020313,0.0258414224,-0.136590362,3.00890875,-0.910633266,-0.112632006,2.90328479,0.117138028,3.25619197,9.04624557,0.201322213,0.136858255,-0.11795833,2.90475368,-0.000254631042,1
1079,11.099975,0.21116133,-0.148403585,0.0708793253,-0.0347013362,2.96086097,-1.09599042,-0.128610969,2.90180206,0.909889519,2.81311345,10.0473633,0.12994948,0.150706694,-0.127545714,2.90365505,-0.000254631042,1
1080,11.109983,0.164646775,-0.187534884,0.0627577379,-0.135113716,3.3929677,-1.14220905,-0.140328884,2.90052915,0.24646908,3.80704665,10.0305986,0.0660336092,0.102769792,-0.140328884,2.90243435,-0.000254631042,1
1081,11.119980,0.202301398,-0.165385097,0.0812158883,-0.0649727136,3.56574249,-1.10093713,-0.119023591,2.899858,0.215333834,3.72561598,10.9933958,0.0170314498,0.0718771219,-0.109436214,2.90121365,-0.000254631042,1
1082,11.129978,0.135852039,-0.190488189,0.10336569,-0.146926939,3.60216761,-0.85314399,-0.0998488367,2.89991903,-0.0337482132,3.70166564,10.583848,0.0457935855,0.00796125364,-0.0955877751,2.90020657,-0.000254631042,1
1083,11.139975,0.195656478,-0.118132211,0.0354396626,-0.0989357159,3.55986905,-1.08299708,-0.076413013,2.89772177,0.19138363,3.71603584,10.344346,0.0436630584,-0.00695244875,-0.0753477514,2.89938259,-0.000254631042,1
1084,11.149983,0.13068375,-0.184581578,0.075309284,-0.0945057645,3.19734859,-0.478262275,-0.0678908974,2.89658833,-0.311570495,3.21787167,10.5958233,0.0340756811,-0.0293230023,-0.0700214282,2.89874172,-0.000254631042,1
1085,11.159994,0.186796546,-0.102627359,0.123300485,-0.0790009201,3.38707781,-0.490229875,-0.0551077276,2.89614344,-0.347495794,3.40468335,10.5886383,-0.010665427,-0.0144093009,-0.0551077276,2.89810085,-0.000254631042,1
1086,11.169981,0.107795633,-0.146926939,0.0413462743,-0.0479912087,2.67803383,-0.0484292731,-0.0497814044,2.89614344,-0.603762925,2.60953665,9.93719292,-0.0543412715,-0.00375665538,-0.0497814044,2.89764309,-0.000254631042,1
1087,11.180005,0.0834308639,-0.0989357159,0.0849075317,-0.110010616,2.50212431,0.23551552,-0.0433898196,2.89630079,-0.836079836,2.37003469,10.358716,-0.057537064,0.0228749551,-0.0433898196,2.89712429,-0.000254631042,1
1088,11.189978,0.0708793253,-0.156525165,0.0457762294,-0.0155048529,2.11719632,0.382947177,-0.018888738,2.89591718,-0.886375248,1.96048641,9.9276123,-0.0969518498,0.0313970707,-0.018888738,2.89675808,-0.000254631042,1
1089,11.199994,0.0509445108,-0.101150699,0.0538978167,-0.0575894527,3.47095394,-0.472021013,-0.0252803247,2.89537644,-0.388211131,3.48132396,10.6293535,-0.124648727,0.0303318072,-0.0252803247,2.89636135,-0.000254631042,1
1090,11.209995,0.0849075317,-0.0701410025,0.106318988,-0.0716176555,2.39942241,-0.187617853,0.0194607824,2.8944869,-0.404976279,2.37242985,9.91324234,-0.13743189,-0.0229314156,0.0194607824,2.89630032,-0.000254631042,1
1091,11.220003,0.0147665264,-0.122562163,-0.00221497891,0.0199348107,2.00516939,-0.31989041,0.0375702791,2.89589047,-0.17744939,2.02275681,9.23305702,-0.103343435,-0.0666072592,0.0375702791,2.89648342,-0.000254631042,1
1092,11.229977,0.0487295389,-0.0206731372,0.0487295389,-0.0221497901,1.85402071,0.674230516,0.0865724459,2.89627385,-1.10432196,1.63476372,9.352808,-0.0330359787,-0.079390429,0.0865724459,2.8969717,-0.000254631042,1
1093,11.240005,-0.00516828429,-0.104104005,0.0538978167,-0.0140281999,0.175909698,1.03990185,0.0876377076,2.89802647,-1.05163157,-0.0800702944,9.43423843,0.0180967133,-0.0634114668,0.0876377076,2.89770412,-0.000254631042,1
1094,11.249978,0.00590661028,-0.0221497901,-0.012551547,0.0184581578,0.58900857,0.39953509,0.0450271331,2.89860153,-0.529517293,0.475574255,10.1168194,-0.0245138649,-0.0293230023,0.0450271331,2.89816189,-0.000254631042,1
1095,11.259994,0,-0.00664493674,0.00147665257,-0.0221497901,-0.692603528,0.9458794,0.0343744867,2.89949894,-0.752254128,-0.899167001,10.2748899,-0.0490149483,-0.0474324971,0.0343744867,2.89858913,-0.000254631042,1
1096,11.269981,0.00147665257,-0.0280563999,-0.011074895,0.0118132206,-0.555196881,0.342678487,0.000286022841,2.89856482,-0.199004561,-0.621344745,10.2317801,-0.0617981218,-0.0484977625,0.000286022841,2.89874172,-0.000254631042,1
1097,11.279995,-0.0036916316,-0.0361779891,-0.0081215892,-0.0140281999,-0.698840618,0.319968015,-0.0338024385,2.8974123,-0.141524091,-0.755465865,9.7312212,-0.0926907957,-0.0772598982,-0.0338024385,2.89855862,-0.000254631042,1
1098,11.289981,-0.00516828429,-0.0347013362,0.00295330514,-0.0251030941,-0.215741411,0.238800257,-0.0529771969,2.8984828,-0.179844409,-0.266881824,9.67853069,-0.08416868,-0.0974999219,-0.0529771969,2.89825344,-0.000254631042,1
1099,11.299999,-0.0155048529,-0.0251030941,-0.00221497891,0,-0.0458417572,0.416289449,-0.0614993125,2.89840126,-0.393001169,-0.144735828,9.44381809,-0.105473965,-0.091108337,-0.0614993125,2.89785671,-0.000254631042,1
1100,11.309984,-0.0140281999,-0.0546361469,-0.0036916316,0.00885991566,0.0243862271,0.480308652,-0.0497814044,2.89828467,-0.472036809,-0.0920453891,9.4054985,-0.104408704,-0.0729988441,-0.0497814044,2.89733791,-0.000254631042,1
1101,11.319997,-0.00959824212,-0.102627359,-0.0324863568,0.00590661028,-0.0248889755,0.497687519,-0.0284761172,2.89685917,-0.476826876,-0.144735828,9.36957264,-0.0745812953,-0.0357145891,-0.0284761172,2.89700222,-0.000254631042,1
1102,11.330002,-0.04356125,-0.0885991603,-0.0324863568,-0.00221497891,0.144320875,0.477578521,-0.000779241615,2.89407253,-0.498382032,0.0229155496,9.36478329,-0.0447538905,-0.010148243,-0.000779241615,2.89681911,-0.000254631042,1
1103,11.339978,-0.0959824175,-0.0745709538,-0.0760476068,-0.0236264411,0.24355036,0.242154375,0.0418313369,2.89202619,-0.294805348,0.176196814,9.53003883,0.0117051266,0.00689598918,0.0418313369,2.89691067,-0.000254631042,1
1104,11.349997,-0.0494678579,-0.152095214,-0.0945057645,-0.053159494,1.00365531,0.158995509,0.102551416,2.89135647,-0.402581245,0.933022976,9.91324234,0.0127703911,0.0239402205,0.102551416,2.89727688,-0.000254631042,1
1105,11.359973,-0.197871432,-0.0989357159,-0.115917228,-0.0760476068,0.0924243852,-0.0405336283,0.19096835,2.89299703,0.0165472012,0.0995561779,10.0090427,-0.00107804674,0.025005484,0.19096835,2.89834499,-0.000254631042,1
1106,11.369998,-0.126992121,-0.15800184,-0.145450279,-0.141020313,1.93230569,-0.886433303,0.294299006,2.89606667,0.390170246,2.08981752,9.53003883,-0.00320857554,0.0186138973,0.294299006,2.90023708,-0.000254631042,1
1107,11.379983,-0.142496973,-0.176459983,-0.131422073,-0.112963922,1.04184091,-0.331941694,0.433848649,2.89870858,0.0716326535,1.09109426,10.3347654,-0.0298401862,0.0228749551,0.433848649,2.90325832,-0.000254631042,1
1108,11.389998,-0.193441495,-0.224451199,-0.244386002,-0.214852944,1.70732629,-0.676450074,0.555288792,2.90161085,0.251259118,1.81918025,10.5503178,-0.0277096573,0.00902651716,0.555288792,2.90740871,-0.000254631042,1
1109,11.399983,-0.251030952,-0.2613675,-0.207469687,-0.22740449,1.72867632,-0.469429255,0.715078473,2.90706778,0.0548675135,1.79043996,10.6317482,-0.0596675947,0.0175486337,0.715078473,2.91277981,-0.000254631042,1
1110,11.409981,-0.307882071,-0.29680717,-0.318956971,-0.349228352,2.11293364,-0.70202136,0.867411256,2.91444135,0.208148777,2.21675348,10.4449368,-0.0522107445,-0.00375665538,0.867411256,2.91949368,-0.000254631042,1
1111,11.419977,-0.347751677,-0.397219539,-0.330770195,-0.372854799,1.8605901,-0.598853946,1.03891885,2.92334938,0.181803554,1.94611633,9.82223129,-0.0522107445,-0.000560861954,1.03891885,2.9277029,-0.000254631042,1
1112,11.429975,-0.378761381,-0.398696214,-0.403864443,-0.406817794,2.18496299,-0.207148835,1.21042645,2.93433237,-0.246904954,2.18082833,9.43184376,-0.0436886288,-0.0165398289,1.21042645,2.93749905,-0.000254631042,1
1113,11.439983,-0.405341148,-0.443734109,-0.428229272,-0.443734109,2.17864728,-0.223764554,1.38086879,2.94715452,-0.20139958,2.18082833,9.62344456,-0.0213180706,-0.0133440364,1.38086879,2.94891262,-0.000254631042,1
1114,11.449981,-0.519781709,-0.499108583,-0.497631967,-0.485818714,2.30893993,-0.307448596,1.54705012,2.96386528,-0.1055988,2.32692432,9.65697575,-0.039427571,-0.0314535312,1.54705012,2.96203518,-0.000254631042,1
1115,11.459977,-0.522735,-0.576632857,-0.556698084,-0.527164996,2.14503288,-0.0394218341,1.71962297,2.97972965,-0.306780457,2.12334776,9.9443779,-0.0532760061,-0.0570198782,1.71962297,2.9768362,-0.000254631042,1
1116,11.469974,-0.60173595,-0.60173595,-0.589184403,-0.565557897,1.7766161,0.469524145,1.88154316,2.99953485,-0.7163288,1.69224417,9.48453426,-0.0479496866,-0.0974999219,1.88154316,2.99322414,-0.000254631042,1
1117,11.479981,-0.606165886,-0.660063744,-0.67261529,-0.606165886,2.19659567,0.0361731835,2.01789689,3.02015996,-0.30199042,2.17603827,9.94677258,-0.0490149483,-0.124131538,2.01789689,3.01110744,-0.000254631042,1
1118,11.489994,-0.674091876,-0.678521872,-0.657110393,-0.67261529,0.846542537,0.657348096,2.17022967,3.04248476,-0.737883985,0.77734673,10.3539257,-0.0799076185,-0.130523115,2.17022967,3.03051662,-0.000254631042,1
1119,11.499979,-0.685166776,-0.69698,-0.678521872,-0.641605556,1.98654926,1.1921649,2.28314781,3.06588197,-1.06360662,1.10306942,10.2126198,-0.122518197,-0.0761946365,2.28314781,3.05136013,-0.000254631042,1
1120,11.509976,-0.69698,-0.733896315,-0.712484896,-0.753092885,2.83710742,0.848923802,2.35771632,3.08482647,-0.943855703,2.47541571,10.4617014,-0.172585621,-0.00269139092,2.3918047,3.07321072,-0.000254631042,1
1121,11.519997,-0.723559737,-0.75161618,-0.773027658,-0.758999407,1.7811321,0.130279794,2.48980904,3.10968852,-0.206189632,0.408513695,9.57793999,-0.184303522,-0.0208008867,2.50898385,3.09637356,-0.000254631042,1
1122,11.529982,-0.736111343,-0.766382694,-0.804037392,-0.812897265,2.78539157,1.11870766,2.58887863,3.13643384,-1.14264238,1.89342582,8.02836227,-0.15554139,-0.0729988441,2.61018395,3.12060452,-0.000254631042,1
1123,11.540003,-0.825448811,-0.894851446,-0.828402102,-0.805513978,1.14623809,0.609901667,2.72310209,-3.11758304,-0.266065121,1.80241513,9.44142342,-0.0905602649,-0.136914715,2.74334216,-3.13706827,-0.000254631042,1
1124,11.549977,-0.852028489,-0.853505194,-0.848336875,-0.840953648,1.92431056,1.45515728,2.81471467,-3.08851051,-1.35100901,2.52571106,9.10851574,-0.031970717,-0.198700055,2.84241176,-3.11030436,-0.000254631042,1
1125,11.560000,-0.876393318,-0.902973056,-0.848336875,-0.885991573,1.93222356,1.45353019,2.90845799,-3.0599606,-2.21082115,1.57009816,8.96002483,-0.0341012478,-0.195504263,2.92869806,-3.08262491,-0.000254631042,1
1126,11.569974,-0.862365067,-0.888944805,-0.904449761,-0.81142056,-0.778728127,2.1960361,2.99154878,-3.03149772,-2.26830149,-0.53272903,10.9095707,-0.0958865881,-0.1251968,2.99900556,-3.05393839,-0.000254631042,1
1127,11.580001,-0.938412786,-0.893374801,-0.944319308,-0.893374801,0.740776777,1.4963119,3.0384202,-3.00313067,-1.3797493,0.940208077,11.9106884,-0.151280329,-0.023996681,3.04907298,-3.02467203,-0.000254631042,1
1128,11.589976,-0.897804797,-0.933244407,-0.967207372,-0.933244407,1.30509722,1.91184366,3.10020566,-2.97238326,-1.66475666,1.60841858,10.7922144,-0.193890914,0.00370019581,3.12470675,-2.99485636,-0.000254631042,1
1129,11.599973,-0.959824145,-0.942842603,-0.970899045,-0.990833938,1.13162136,0.964793384,3.18223095,-2.94004083,-0.718723834,1.30185604,10.4497271,-0.16832456,-0.0602156706,3.18223095,-2.96412516,-0.000254631042,1
1130,11.609981,-0.964254081,-1.02036691,-0.979758978,-0.970899045,1.27844799,1.67919064,3.25679946,-2.9044466,-1.33184886,1.63715875,7.35775661,-0.108669758,-0.173133701,3.25679946,-2.93256998,-0.000254631042,1
1131,11.619977,-0.99674046,-0.993787229,-0.992310584,-0.959824145,0.831443787,1.7760843,3.33775973,-2.8696804,-1.48752511,1.27790582,9.31927776,-0.0564718023,-0.199765325,3.33775973,-2.90019083,-0.000254631042,1
1132,11.629973,-0.99674046,-0.987880588,-0.998217165,-0.908879638,0.0825822651,2.71252489,3.37823963,-2.83698916,-2.56288886,0.892307639,9.60428524,-0.0980171114,-0.173133701,3.37823963,-2.86717081,-0.000254631042,1
1133,11.639981,-1.02479696,-1.01372206,-1.06835818,-0.995263934,-0.0337768979,2.40960217,3.41445875,-2.80437565,-2.2850666,0.765371621,10.5048122,-0.147019267,-0.071933575,3.41445875,-2.83363199,-0.000254631042,1
1134,11.649977,-1.02775025,-1.03070354,-1.08164811,-1.0403018,0.677851617,1.74203932,3.45813441,-2.77216339,-1.3797493,1.2611407,10.1599293,-0.144888744,-0.0559546128,3.45813441,-2.79969645,-0.000254631042,1
1135,11.659973,-1.02922678,-1.06171322,-1.03734851,-1.02775025,0.0603970811,2.16447425,3.49648404,-2.73500824,-1.9641341,0.911467791,10.140769,-0.0969518498,-0.098565191,3.49648404,-2.76545572,-0.000254631042,1
1136,11.669981,-1.06171322,-1.04768503,-1.04620838,-1.04768503,0.121202022,1.12030041,3.5263114,-2.69524717,-0.958225787,0.592930198,11.0365067,-0.0404928327,-0.209352702,3.5263114,-2.73060465,-0.000254631042,1
1137,11.679995,-1.05580652,-1.01519859,-1.0506382,-1.01519859,-0.395391285,3.04714274,3.58596635,-2.65786552,-2.88142633,1.06714404,11.7047167,-0.0745812953,-0.19337374,3.58596635,-2.69520426,-0.000254631042,1
1138,11.689981,-1.05580652,-1.07278812,-1.08312452,-1.06318986,-0.711846054,2.41983199,3.5987494,-2.62405872,-2.45511293,0.578560114,9.34562302,-0.124648727,-0.123066269,3.5987494,-2.65931559,-0.000254631042,1
1139,11.699999,-1.11265779,-1.07721806,-1.12668586,-1.07721806,-0.214579105,2.43129992,3.63070726,-2.59340715,-2.18687081,1.08390927,8.37084961,-0.106539227,-0.0676725209,3.63070726,-2.62333536,-0.000254631042,1
1140,11.709973,-1.10232115,-1.08164811,-1.07426476,-1.10379791,-0.410618752,2.0925827,3.63922954,-2.5565486,-1.97131908,0.813271999,9.37196827,-0.0191875417,-0.0761946365,3.63922954,-2.587111,-0.000254631042,1
1141,11.719996,-1.08681631,-1.04177845,-1.10970449,-1.07574141,-0.803320408,2.72301912,3.64775157,-2.51359653,-2.67545485,0.949788153,12.2004862,-0.00640436914,-0.133718923,3.64775157,-2.55058146,-0.000254631042,1
1142,11.729983,-1.10675108,-1.08533955,-1.09419954,-1.01667535,-2.13671327,2.48774242,3.68823171,-2.47318172,-3.27660465,-0.135155752,10.3778763,-0.0820381492,-0.098565191,3.68823171,-2.51380777,-0.000254631042,1
1143,11.739996,-1.04325497,-1.11118114,-1.12963915,-1.12963915,-0.553514481,2.7144599,3.68823171,-2.4404211,-2.43116283,1.32820117,9.49890423,-0.151280329,-0.033584062,3.68823171,-2.4768815,-0.000254631042,1
1144,11.749981,-1.15326571,-1.08312452,-1.13923752,-1.11118114,-0.32641235,2.22497559,3.72338533,-2.40954351,-1.87312329,1.24437559,7.71461439,-0.106539227,-0.00375665538,3.72338533,-2.44715738,-0.000254631042,1
1145,11.759994,-1.10527444,-1.13111579,-1.14219081,-1.12963915,-1.24871027,2.23499036,3.73510337,-2.37231922,-2.4742732,0.657595754,7.83197021,0.0372714698,-0.0378451198,3.73510337,-2.4098649,-0.000254631042,1
1146,11.770003,-1.13259256,-1.10010624,-1.17615378,-1.09419954,-1.10043216,1.21765316,3.7723875,-2.32700491,-1.63601637,0.130691439,10.914361,0.0138356555,-0.132653654,3.7723875,-2.37229776,-0.000254631042,1
1147,11.779976,-1.14071405,-1.09862947,-1.11265779,-1.06835818,-2.08869052,2.42099595,3.83417296,-2.28500366,-3.16403866,0.461204112,10.9790258,-0.101212911,-0.153958946,3.83417296,-2.33415079,-0.000254631042,1
1148,11.790002,-1.12520921,-1.1281625,-1.17172384,-1.17763042,-1.26271343,2.23738766,3.84482551,-2.25010681,-2.38805246,0.947393119,9.51566887,-0.200282499,-0.0751293674,3.84482551,-2.29539347,-0.000254631042,1
1149,11.799976,-1.20568681,-1.15621912,-1.21159351,-1.1805836,-0.800229609,2.22984171,3.87252235,-2.21645689,-1.98089921,1.29946101,7.33859634,-0.159802452,-0.0303882677,3.87252235,-2.25681925,-0.000254631042,1
1150,11.810004,-1.17467701,-1.19018209,-1.16507888,-1.18353701,-1.47535563,1.02922356,3.89063191,-2.17782927,-1.79887772,0.00375539274,10.2174101,-0.0500802137,-0.0421061777,3.89063191,-2.21797037,-0.000254631042,1
1151,11.819979,-1.12373269,-1.15474236,-1.19018209,-1.11118114,-2.05570006,1.78744256,3.91619825,-2.13330841,-2.69221997,0.415698737,12.933362,-0.11186555,-0.091108337,3.91619825,-2.1787858,-0.000254631042,1
1152,11.830002,-1.18722868,-1.17320037,-1.21011674,-1.20051861,-2.19546175,1.93969858,3.9289813,-2.09145546,-2.86945128,0.590535164,9.62344456,-0.151280329,-0.0815209597,3.9289813,-2.13929605,-0.000254631042,1
1153,11.839976,-1.16360223,-1.19313526,-1.21159351,-1.20421016,-0.614171922,2.64603066,3.9726572,-2.05481529,-1.7749275,2.05628729,8.29181385,-0.178977206,-0.0367798544,3.9726572,-2.09956217,-0.000254631042,1
1154,11.849999,-1.25367808,-1.22414494,-1.16655552,-1.20568681,-0.860084474,2.66985583,4.01207209,-2.01708508,-1.92820871,2.03712702,6.56500483,-0.0330359787,-0.0421061777,4.01207209,-2.05940104,-0.000254631042,1
1155,11.859973,-1.18353701,-1.14366746,-1.219715,-1.18206036,-1.05907249,1.34699857,4.03870344,-1.97598124,-1.50429034,0.820457041,11.6687918,0.00531353988,-0.0751293674,4.03870344,-2.01893473,-0.000254631042,1
1156,11.869999,-1.19461203,-1.20568681,-1.22119176,-1.14366746,-2.95832944,0.397172898,4.05574799,-1.93203592,-2.90777159,-0.674035192,11.3598347,-0.0713855028,-0.102826245,4.05574799,-1.97819376,-0.000254631042,1
1157,11.879975,-1.23817325,-1.19018209,-1.23521984,-1.22562158,-2.12093163,2.1260407,4.07066154,-1.89123726,-2.68263984,1.34975636,10.0377836,-0.141692951,-0.0740641057,4.07066154,-1.93742228,-0.000254631042,1
1158,11.890005,-1.22414494,-1.20273352,-1.22119176,-1.19608867,-2.00440693,1.97983921,4.10155439,-1.85138035,-2.4742732,1.34736145,8.64148712,-0.216261461,-0.0367798544,4.10155439,-1.8963151,-0.000254631042,1
1159,11.899997,-1.24555659,-1.23152828,-1.2086401,-1.25958455,-2.12927508,0.700425982,4.129251,-1.81098175,-2.23477125,0.17380178,9.55398941,-0.161932975,-0.0698030517,4.129251,-1.8549943,-0.000254631042,1
1160,11.909982,-1.16655552,-1.18575203,-1.24703312,-1.18206036,-2.49911976,1.76061928,4.14309978,-1.76959038,-2.79760075,1.23240042,9.94677258,-0.201347753,-0.0484977625,4.14309978,-1.8133378,-0.000254631042,1
1161,11.919980,-1.28247273,-1.27804291,-1.22266841,-1.25367808,-2.62113976,1.01573884,4.11220694,-1.72710133,-2.74730539,0.595325232,10.8329296,-0.232240424,-0.0378451198,4.11220694,-1.77180338,-0.000254631042,1
1162,11.929976,-1.21454668,-1.23669648,-1.24555659,-1.24112666,-0.6661641,2.31091833,4.15694809,-1.68586683,-0.927090526,2.21914864,6.84761715,-0.188564584,-0.0410409123,4.15694809,-1.73026896,-0.000254631042,1
1163,11.939984,-1.25958455,-1.219715,-1.23300493,-1.22857499,-1.87789881,1.61663139,4.19742823,-1.64412642,-2.38805246,1.44555724,9.35520267,-0.109735027,-0.123066269,4.19742823,-1.68818569,-0.000254631042,1
1164,11.949982,-1.21750009,-1.22562158,-1.2581079,-1.22709823,-3.68550348,-0.34136492,4.19636297,-1.6098032,-3.11613846,-0.104020491,12.5118389,-0.0788423568,-0.147567362,4.19636297,-1.64582729,-0.000254631042,1
1165,11.959980,-1.24407983,-1.24850965,-1.25367808,-1.21159351,-2.76435089,0.82834512,4.19742823,-1.56758356,-3.71010327,0.894702673,11.0173464,-0.138497159,-0.142241046,4.19423246,-1.60359097,-0.000254631042,1
1166,11.969976,-1.26696801,-1.26106131,-1.24998629,-1.23669648,-3.02501392,1.05514395,4.20488501,-1.52608728,-2.40721273,1.64434385,9.43663311,-0.182172999,-0.071933575,4.21127653,-1.5612936,-0.000254631042,1
1167,11.979984,-1.23005164,-1.27951944,-1.22266841,-1.21750009,-2.35485244,1.50326633,4.2283206,-1.48396349,-1.89467847,1.41681695,8.09781742,-0.160867706,-0.0761946365,4.23364687,-1.51884365,-0.000254631042,1
1168,11.989982,-1.27951944,-1.25958455,-1.27804291,-1.2581079,-2.45599556,-0.337870806,4.24749565,-1.44126463,-3.24307442,0.612090349,11.0436916,-0.222653046,-0.0836514831,4.24749565,-1.47605801,-0.000254631042,1
1169,12.010002,-1.27361298,-1.26696801,-1.2750895,-1.28764105,-2.4495151,0.80110538,4.23258162,-1.35624981,-2.2227962,0.980923414,8.94325924,-0.162998244,-0.0218661521,4.23471212,-1.3904562,-0.000254631042,1
1170,12.019977,-1.27361298,-1.2691828,-1.29059434,-1.26106131,-2.69615984,1.74932051,4.26347446,-1.31377697,-2.16292071,2.37721992,8.35647964,-0.102278173,-0.0900430754,4.26880074,-1.34764004,-0.000254631042,1
1171,12.030002,-1.25367808,-1.22414494,-1.26106131,-1.27213621,-1.33409166,-1.12442839,4.29010582,-1.27009249,-1.60727608,-0.6788252,11.3502541,-0.161932975,-0.224266395,4.28691006,-1.30439663,-0.000254631042,1
1172,12.039976,-1.23817325,-1.2861644,-1.26106131,-1.23817325,-3.96988082,-0.417827845,4.26240921,-1.22631216,-3.87775469,0.947393119,9.53722382,-0.162998244,-0.239180103,4.26347446,-1.26127529,-0.000254631042,1
1173,12.050004,-1.29354763,-1.28764105,-1.25220132,-1.20568681,-2.84509516,-0.247453898,4.27519226,-1.18387413,-2.72814512,0.84440726,9.74319553,-0.239697278,-0.158220008,4.27306175,-1.21818447,-0.000254631042,1
1174,12.059978,-1.29650104,-1.29945421,-1.26401472,-1.29059434,-3.22988343,-0.690100849,4.28904057,-1.14132214,-3.22391415,0.717471242,9.22108173,-0.205608815,-0.0410409123,4.28904057,-1.17497158,-0.000254631042,1
1175,12.070003,-1.26401472,-1.24407983,-1.26253796,-1.25515473,-1.63108432,0.255006671,4.3039546,-1.09863091,-1.33663893,0.968948305,10.9622612,-0.133170843,-0.128392592,4.3039546,-1.13164043,-0.000254631042,1
1176,12.079977,-1.19904196,-1.22414494,-1.27656615,-1.21011674,-3.23539758,-2.56280851,4.29330206,-1.05434418,-4.0789361,-0.630924821,11.3430691,-0.235436216,-0.155024216,4.29330206,-1.08806133,-0.000254631042,1
1177,12.089995,-1.30314589,-1.2861644,-1.29059434,-1.27065957,-2.50083065,0.0237957295,4.25814819,-1.01023197,-2.10544014,1.34975636,9.9443779,-0.233305693,-0.157154739,4.25814819,-1.04487896,-0.000254631042,1
1178,12.099982,-1.2691828,-1.2809962,-1.22562158,-1.31200576,-3.23779249,0.155619472,4.27732277,-0.968376637,-2.57965398,1.96288145,6.73984146,-0.115061343,-0.103891514,4.27732277,-1.00181866,-0.000254631042,1
1179,12.110005,-1.21602333,-1.22119176,-1.24703312,-1.22266841,-1.27783215,-1.5923655,4.27945328,-0.925675392,-1.97850418,-0.503988802,10.4329615,-0.0596675947,-0.173133701,4.27945328,-0.958392143,-0.000254631042,1
1180,12.119981,-1.22562158,-1.21159351,-1.28764105,-1.22857499,-3.03444743,-2.40020561,4.2464304,-0.881413937,-3.86817455,0.078001,11.364624,-0.118257143,-0.202961117,4.2464304,-0.915270805,-0.000254631042,1
1181,12.129978,-1.25663137,-1.25515473,-1.21602333,-1.18575203,-2.36544538,-2.36280537,4.23045111,-0.837866306,-3.33887529,-0.173476055,11.0077667,-0.22478357,-0.128392592,4.23045111,-0.872332573,-0.000254631042,1
1182,12.139974,-1.19165862,-1.2086401,-1.17320037,-1.22857499,-2.71540022,-0.942052543,4.20381975,-0.795556545,-2.59881401,1.22761035,10.3898516,-0.254610986,-0.0570198782,4.20381975,-0.829730034,-0.000254631042,1
1183,12.149982,-1.18722868,-1.16655552,-1.21011674,-1.21454668,-2.38822937,0.819144964,4.22938585,-0.75274086,-1.03486645,2.30297422,10.0713139,-0.170455083,-0.145436838,4.22938585,-0.78706646,-0.000254631042,1
1184,12.159980,-1.17024708,-1.18870544,-1.19313526,-1.15474236,-1.8858397,-2.92666864,4.24003839,-0.709331989,-3.44904613,-0.475248545,10.0976591,-0.133170843,-0.240245372,4.24003839,-0.744128227,-0.000254631042,1
1185,12.169976,-1.17910719,-1.14662087,-1.15178895,-1.17320037,-1.41601241,-2.45955849,4.16760063,-0.664143562,-2.8095758,-0.401002944,10.1862745,-0.189629853,-0.18698214,4.16760063,-0.701647758,-0.000254631042,1
1186,12.179974,-1.14957404,-1.11118114,-1.16655552,-1.13923752,-2.04586649,-2.07766891,4.13670778,-0.623837471,-2.88142633,0.446833998,9.52764416,-0.175781414,-0.141175777,4.13670778,-0.659502983,-0.000254631042,1
1187,12.189982,-1.13923752,-1.10822773,-1.17910719,-1.15326571,-1.72926319,-1.6751833,4.11220694,-0.586181164,-2.35212731,0.513894558,9.59470463,-0.129975051,-0.141175777,4.11220694,-0.617571831,-0.000254631042,1
1188,12.199980,-1.16877055,-1.11561096,-1.16360223,-1.18353701,0.0473355316,-2.2912302,4.01952887,-0.544478893,-1.93539381,-1.22728467,9.80067635,-0.0586023293,-0.247702226,4.01952887,-0.584277153,-0.000254631042,1
1189,12.209997,-1.1207794,-1.0897696,-1.1340692,-1.00486207,0.25793913,-4.18756342,3.91619825,-0.501800537,-3.54724193,-2.24037814,10.6341429,-0.136366621,-0.199765325,3.91619825,-0.543686867,-0.000254631042,1
1190,12.219983,-1.0897696,-1.03882527,-1.09419954,-1.09862947,0.863138258,-2.16614127,3.77451801,-0.464596748,-1.54979563,-1.74221396,10.3706913,-0.170455083,-0.120935746,3.77451801,-0.504105568,-0.000254631042,1
1191,12.230000,-1.05432999,-1.06983483,-1.0122453,-1.1281625,-0.529318094,-1.92357659,3.6711874,-0.430617809,-1.96892405,-0.321967304,7.33141136,-0.134236112,-0.0740641057,3.6711874,-0.465653419,-0.000254631042,1
1192,12.239974,-1.01889026,-1.0063386,-1.08312452,-0.990833938,0.61769557,-1.77039361,3.55613875,-0.394886971,-1.39651442,-1.25123489,8.0523119,-0.00746963359,-0.0964346603,3.55613875,-0.428269386,-0.000254631042,1
1193,12.250004,-0.958347499,-0.958347499,-0.990833938,-1.07574141,0.0554402471,-3.07912111,3.41871977,-0.355712414,-2.86705637,-1.12429893,9.52045918,0.040467266,-0.1614158,3.41871977,-0.392167091,-0.000254631042,1
1194,12.259995,-1.00781524,-0.970899045,-0.953917563,-0.902973056,2.08153987,-3.72294617,3.30047536,-0.316232204,-2.89100647,-3.13611531,10.2078295,-0.0586023293,-0.0602156706,3.30047536,-0.357102394,-0.000254631042,1
1195,12.269981,-0.900758088,-0.888944805,-1.01372206,-0.945796013,0.949193776,-1.44361782,3.19394898,-0.288495541,-1.11390209,-1.32069051,10.682044,-0.177911937,0.0111570461,3.19394898,-0.32313633,-0.000254631042,1
1196,12.280004,-0.899281442,-0.887468219,-0.894851446,-0.941366017,0.941681743,-1.14742196,3.10020566,-0.263600349,-0.862425029,-1.20812452,9.68811035,-0.16832456,-0.000560861954,3.10020566,-0.290299416,-0.000254631042,1
1197,12.289977,-0.894851446,-0.859411776,-0.899281442,-0.891898096,0.0491079614,-1.05011237,3.0096581,-0.231206894,-1.01091623,-0.288437009,8.94325924,-0.0447538905,-0.0921735987,3.0096581,-0.258316994,-0.000254631042,1
1198,12.300000,-0.825448811,-0.814373851,-0.870486677,-0.933244407,-0.0623091832,-0.51029247,2.93295908,-0.193460464,-0.512752175,-0.0369599424,10.2485447,0.0170314498,-0.175264239,2.93295908,-0.227219582,-0.000254631042,1
1199,12.309975,-0.790009141,-0.853505194,-0.81142056,-0.792962432,1.39722109,-2.54053211,2.88076115,-0.161572456,-2.28267169,-1.78771937,9.87731743,-0.0255791284,-0.184851617,2.88076115,-0.196702003,-0.000254631042,1
1200,12.319996,-0.845383644,-0.760476053,-0.840953648,-0.791485727,2.10876799,-2.1903882,2.77423477,-0.138654232,-1.87791336,-2.3912642,9.57314968,-0.144888744,-0.0623462014,2.77423477,-0.1670084,-0.000254631042,1
1201,12.329982,-0.763429463,-0.758999407,-0.814373851,-0.842430294,0.320409805,-1.28227758,2.65705562,-0.117129326,-1.2360481,-0.468063504,10.5359478,-0.174716145,0.0154181039,2.65705562,-0.138443947,-0.000254631042,1
1202,12.340002,-0.712484896,-0.737587929,-0.730943024,-0.747924507,0.413272977,-0.965111375,2.57076931,-0.0935211182,-0.922300518,-0.501593769,10.0928688,-0.113996081,0.00476546027,2.57076931,-0.110947609,-0.000254631042,1
1203,12.349976,-0.712484896,-0.657110393,-0.695503354,-0.753092885,0.581971765,-0.413860679,2.47169971,-0.0632696152,-0.376236051,-0.606974661,9.21629143,-0.00853489805,-0.0666072592,2.47169971,-0.084397316,-0.000254631042,1
1204,12.360001,-0.674091876,-0.663017035,-0.709531605,-0.703624964,0.564268887,-0.591169834,2.42589331,-0.036418438,-0.57023263,-0.585419476,9.35520267,0.0383367352,-0.0964346603,2.42589331,-0.0586099625,-0.000254631042,1
1205,12.369976,-0.623147368,-0.67261529,-0.652680397,-0.668185294,2.19319081,-1.16382921,2.33747625,-0.0139770508,-1.13306224,-2.20924282,10.5239725,0.0362062082,-0.150763154,2.33747625,-0.0332803726,-0.000254631042,1
1206,12.379994,-0.650465429,-0.592137635,-0.648988843,-0.578109562,2.95654845,-1.99077046,2.18088245,0.00720962882,-2.01203442,-2.94211888,10.3084202,-0.0660591796,-0.0772598982,2.18088245,-0.00938510895,-0.000254631042,1
1207,12.389980,-0.569249511,-0.565557897,-0.592137635,-0.544146478,3.32451963,-0.894536793,2.01896214,0.0271846354,-0.98457104,-3.29897666,10.1216087,-0.118257143,0.0260707494,2.01896214,0.0131368637,-0.000254631042,1
1208,12.399994,-0.507230163,-0.525688291,-0.559651315,-0.669661939,1.81334317,-0.421969742,1.84851992,0.0450315475,-0.5031721,-1.79250932,10.8856201,-0.143823475,0.0857255608,1.84851992,0.0338888168,-0.000254631042,1
1209,12.409979,-0.51461339,-0.474743813,-0.530118287,-0.474743813,0.958375156,-0.0424272008,1.77608192,0.0617792904,-0.0768585652,-0.81294632,10.7778444,-0.118257143,0.0377886593,1.75264609,0.0534200668,-0.000254631042,1
1210,12.420000,-0.465145528,-0.483603686,-0.494678646,-0.553744733,0.229914263,-0.00924099516,1.64825022,0.0784924626,0.0644475967,-0.896772027,9.99706841,-0.0745812953,-0.0548893511,1.63120592,0.0717916489,-0.000254631042,1
1211,12.429998,-0.4466874,-0.422322661,-0.460715622,-0.466622204,1.46355486,-0.4417077,1.56302905,0.0925121903,-0.907930374,-0.968622625,8.78518772,-0.0266443938,-0.124131538,1.54598486,0.0890951157,-0.000254631042,1
1212,12.439984,-0.420845985,-0.389836311,-0.394266218,-0.445210755,1.0517956,-0.571152091,1.48100364,0.109627724,-0.534307361,-0.432138205,8.44030571,0.0180967133,-0.106022038,1.46182895,0.10554409,-0.000254631042,1
1213,12.449982,-0.381714731,-0.394266218,-0.389836311,-0.400172859,1.45489073,-0.428049505,1.40217412,0.125043154,-0.855239987,-1.97932088,9.13486099,0.0436630584,-0.0506282933,1.38512993,0.121138573,-0.000254631042,1
1214,12.459979,-0.335938454,-0.327816874,-0.394266218,-0.408294439,1.96521819,-0.217410803,1.29458237,0.137127608,-0.5031721,-1.94100058,10.5622931,0.0244883001,-0.023996681,1.27221179,0.135725975,-0.000254631042,1
1215,12.469977,-0.329293549,-0.318956971,-0.338891774,-0.347751677,1.98885012,0.0182774924,1.17527282,0.148226589,-0.275645196,-1.96974075,10.4521217,-0.0372970402,-0.000560861954,1.15077174,0.149214745,-0.000254631042,1
1216,12.479973,-0.287947237,-0.307882071,-0.364733189,-0.33224684,2.00832558,-0.204272822,1.04211462,0.159133792,-0.519937217,-1.9505806,10.2629156,-0.0500802137,-0.0197356232,1.01441777,0.161360741,-0.000254631042,1
1217,12.489982,-0.306405395,-0.282778949,-0.26948911,-0.282778949,1.62535942,-0.280233115,0.924935579,0.168393344,-0.548677444,-1.5554024,9.80307102,-0.039427571,-0.0154745653,0.900434494,0.172255516,-0.000254631042,1
1218,12.499978,-0.237002745,-0.207469687,-0.256937563,-0.235526085,1.71853328,-0.257493436,0.798169076,0.176876962,-0.555862486,-1.64641321,9.64021015,-0.0266443938,-0.0176050942,0.774733305,0.181990623,-0.000254631042,1
1219,12.509974,-0.224451199,-0.256937563,-0.216329604,-0.245862663,0.577719986,-0.479674667,0.69377315,0.184288174,-0.577417672,-0.480038583,9.60907459,-0.0191875417,0.00796125364,0.69377315,0.190535545,-0.000254631042,1
1220,12.519983,-0.115917228,-0.177936628,-0.197871432,-0.252507597,1.09129727,0.152205929,0.635183632,0.190966904,-0.0576984063,-1.10034871,9.80786133,-0.0255791284,0.0239402205,0.635183632,0.198317528,-0.000254631042,1
1221,12.530002,-0.169076726,-0.146926939,-0.196394801,-0.184581578,1.50120676,-0.065713793,0.554223537,0.19618085,-0.35707587,-1.45960164,9.50848389,-0.0436886288,0.0313970707,0.554223537,0.205245018,-0.000254631042,1
1222,12.539976,-0.221497893,-0.145450279,-0.20156309,-0.180889934,0.19257547,0.151516378,0.496699244,0.201298863,0.109952964,-0.21898143,9.78391171,-0.031970717,0.0260707494,0.496699244,0.211531639,-0.000254631042,1
1223,12.549994,-0.136590362,-0.155048519,-0.152095214,-0.131422073,0.181814373,0.223762691,0.47006765,0.206172794,0.181803554,-0.223771468,10.2964458,-0.0170570128,0.000504402502,0.47006765,0.217207909,-0.000254631042,1
1224,12.559979,-0.0885991603,-0.146926939,-0.194918156,-0.156525165,0.76937151,-0.250211954,0.430652857,0.209826022,-0.404976279,-0.700380385,10.0880785,-0.00533910468,-0.0144093009,0.430652857,0.22248745,-0.000254631042,1
1225,12.569997,-0.122562163,-0.148403585,-0.152095214,-0.114440568,0.53609246,-0.160292983,0.402955979,0.214752287,-0.270855159,-0.489618659,9.86055183,-0.0213180706,-0.00695244875,0.402955979,0.227339745,-0.000254631042,1
1226,12.579997,-0.112963922,-0.114440568,-0.163908437,-0.124038823,0.319209129,0.102853887,0.372063309,0.219390959,0.0309173185,-0.333942384,9.67374039,-0.0234485995,0.00263493136,0.372063309,0.231856346,-0.000254631042,1
1227,12.589983,-0.0959824175,-0.111487262,-0.101150699,-0.0974590778,0.370868713,0.199365005,0.358214885,0.223148942,0.112347983,-0.405792981,9.75038147,-0.0127959559,-0.0080177132,0.358214885,0.236098289,-0.000254631042,1
1228,12.600003,-0.0634960607,-0.119608864,-0.0989357159,-0.135113716,0.179322362,0.0263579097,0.328387469,0.226514518,-0.0145880543,-0.180661112,9.8318119,-0.00427384023,-0.010148243,0.328387469,0.240004539,-0.000254631042,1
1229,12.609978,-0.148403585,-0.128468782,-0.138067007,-0.145450279,0.132228643,0.281418622,0.306016922,0.228903562,0.244074062,-0.192636222,9.86055183,-0.0202528071,-0.0133440364,0.306016922,0.243575096,-0.000254631042,1
1230,12.620002,-0.0324863568,-0.0930291116,-0.0664493665,-0.108533971,0.0757489204,0.298245966,0.29003796,0.232173264,0.272814304,-0.142340809,9.82462692,-0.0170570128,-0.010148243,0.29003796,0.24693203,-0.000254631042,1
1231,12.629977,-0.0516828448,-0.0760476068,-0.0930291116,-0.0915524587,0.444778502,0.111355521,0.267667383,0.235347092,0.00457210233,-0.458483428,9.55877972,-0.0149264848,-0.0112135075,0.267667383,0.250014305,-0.000254631042,1
1232,12.639974,-0.0745709538,-0.0561127998,-0.132898733,-0.111487262,0.0520848148,0.246568963,0.243166313,0.23827678,0.227308929,-0.108810529,9.7623558,-0.00746963359,-0.00375665538,0.243166313,0.252303123,-0.000254631042,1
1233,12.649984,-0.0420845971,-0.118132211,-0.0634960607,-0.085645847,0.326821536,0.200476125,0.22718735,0.239741623,0.117138028,-0.365077645,9.86294651,-0.00214331108,-0.010148243,0.22718735,0.255446434,-0.000254631042,1
1234,12.659980,-0.0790009201,-0.0885991603,-0.0716176555,-0.0745709538,0.0256432332,0.070256725,0.206947327,0.242278904,0.062052574,-0.0417499803,9.75756645,-0.00427384023,-0.0133440364,0.206947327,0.257338524,-0.000254631042,1
1235,12.669978,-0.0191964842,-0.0605427548,-0.0575894527,-0.0819542184,0.0208626706,0.1382799,0.199490473,0.244572043,0.129113123,-0.0537250787,9.93240261,-0.00853489805,-0.00908297859,0.199490473,0.259535789,-0.000254631042,1
1236,12.679974,-0.0191964842,-0.0479912087,-0.085645847,-0.0790009201,0.120741412,-0.0736926049,0.17818518,0.245304465,-0.100808762,-0.0992304534,9.68811035,-0.00427384023,-0.00375665538,0.17818518,0.261580467,-0.000254631042,1
1237,12.689981,-0.0465145558,-0.0915524587,-0.0819542184,-0.108533971,0.0349436812,0.149415538,0.169663072,0.247554123,0.13629818,-0.0704902187,9.96353817,-0.00427384023,0.00476546027,0.169663072,0.263442039,-0.000254631042,1
1238,12.699979,-0.0420845971,-0.037654642,-0.0295330528,-0.0177198313,-0.156215757,0.394989192,0.157945156,0.249018967,0.421305507,0.0540508032,9.97072315,-0.00427384023,-0.00695244875,0.157945156,0.265181541,-0.000254631042,1
1239,12.709976,-0.00664493674,-0.0310097057,-0.0649727136,-0.0420845971,-0.0360130556,0.455277562,0.155814633,0.249847263,0.450045735,-0.0776752755,9.77193642,-0.00427384023,-0.0154745653,0.155814633,0.266829491,-0.000254631042,1
1240,12.729998,-0.011074895,-0.0347013362,-0.0546361469,-0.0324863568,-0.188062251,0.329637915,0.122791439,0.253021091,0.366220057,0.0995561779,9.86055183,-0.00853489805,0.00476546027,0.122791439,0.269576073,-0.000254631042,1
1241,12.740001,-0.0036916316,-0.0236264411,-0.0790009201,-0.0361779891,0.323672235,-0.146206304,0.115334585,0.254390061,-0.222954765,-0.276461899,9.67374039,-0.00853489805,-0.00162612647,0.115334585,0.270735741,-0.000254631042,1
1242,12.749979,-0.0280563999,-0.053159494,-0.00516828429,-0.0745709538,0.0560901463,0.120898366,0.115334585,0.255854905,0.102767907,-0.0848603323,10.0497589,-0.00107804674,0.000504402502,0.115334585,0.271773338,-0.000254631042,1
1243,12.759976,-0.0206731372,-0.0324863568,-0.0140281999,-0.0221497901,-0.284413695,0.286794096,0.102551416,0.255950779,0.34945491,0.202542022,9.93000793,-0.00427384023,-0.0144093009,0.102551416,0.272780418,-0.000254631042,1
1244,12.770003,-0.011074895,-0.0251030941,-0.0686643422,-0.0206731372,0.424562246,0.0469796658,0.098290354,0.257023215,-0.0624884479,-0.422558129,9.17318153,-0.0117306914,-0.0165398289,0.098290354,0.273726463,-0.000254631042,1
1245,12.780000,-0.0420845971,-0.026579747,-0.0347013362,-0.0701410025,-0.255776763,-0.0404079333,0.101486146,0.257755637,0.0261272788,0.257627487,9.50848389,0.0031830112,0.00476546027,0.101486146,0.274580956,-0.000254631042,1
1246,12.789974,0,-0.0155048529,-0.0140281999,-0.0686643422,0.0532063767,0.187215701,0.104681939,0.258104533,0.167433441,-0.0992304534,9.9922781,0.00211774674,0.00689598918,0.104681939,0.275435448,-0.000254631042,1
1247,12.799999,-0.00664493674,-0.0406079441,-0.0420845971,-0.0450379066,-0.174407527,0.0823509544,0.0876377076,0.259343088,0.124323085,0.147456571,9.91324234,-0.00320857554,-0.00269139092,0.0876377076,0.276228905,-0.000254631042,1
1248,12.809974,-0.011074895,-0.0361779891,-0.0221497901,-0.085645847,-0.0452006049,0.136445478,0.0972250924,0.260407656,0.143483236,0.00854543224,9.93000793,-0.00960016251,-0.00695244875,0.0972250924,0.276991844,-0.000254631042,1
1249,12.819999,-0.0081215892,-0.00221497891,-0.0081215892,-0.00221497891,0.130309969,0.017405523,0.0972250924,0.262327224,-0.0169830751,-0.1303657,9.63302517,-0.00320857554,-0.00588718429,0.0972250924,0.277815819,-0.000254631042,1
1250,12.830006,-0.012551547,-0.0191964842,-0.0140281999,0.00295330514,0.173265219,0.0513663702,0.0897682384,0.262904555,0.00457210233,-0.180661112,9.6665554,-0.00533910468,-0.00375665538,0.0897682384,0.278578758,-0.000254631042,1
1251,12.839994,-0.00664493674,-0.0140281999,-0.0479912087,-0.0177198313,-0.033383891,0.0999128819,0.0780503303,0.264049262,0.105162926,0.00615041237,9.93479729,-0.00107804674,-0.000560861954,0.0780503303,0.279250145,-0.000254631042,1
1252,12.849981,-0.00221497891,-0.012551547,0.0132898735,0.0184581578,0.165368006,0.0894580111,0.0737892687,0.265717983,0.0428924151,-0.183056146,9.88689709,-0.00107804674,-0.00269139092,0.0737892687,0.279829979,-0.000254631042,1
1253,12.859997,0,0.0147665264,0.0413462743,0.0184581578,0.175856858,-0.048673179,0.061006099,0.267029762,-0.117573902,-0.245326653,9.67374039,-0.00320857554,-0.0080177132,0.061006099,0.28031826,-0.000254631042,1
1254,12.869983,0,0.0849075317,0.0273180734,-0.0081215892,0.210045382,0.00788033195,0.0428966023,0.268472195,-0.0289581716,-0.424953133,9.94677258,0.00105248217,-0.00908297859,0.0418313369,0.280745506,-0.000254631042,1
1255,12.880004,0.00295330514,0.121823832,0.075309284,0.0413462743,0.290558547,0.229196683,0.01626499,0.269732475,0.114743009,-0.300412089,9.90126705,0.00424827542,-0.0112135075,0.00774287386,0.280989647,-0.000254631042,1
1256,12.890004,0.0302713774,0.075309284,0.090814136,0.0103365686,0.0118357306,0.293763071,-0.0199540015,0.269598484,-0.110388838,-0.781811059,9.6138649,0.00850933325,-0.00375665538,-0.0220845304,0.280898094,-0.000254631042,1
1257,12.899979,0.0524211675,0.113702245,0.0834308639,0.0442995802,1.04572737,0.743063927,-0.056172993,0.269290447,0.553031564,-1.67515337,9.23784637,0.00637880433,0.000504402502,-0.0721519589,0.280501366,-0.000254631042,1
1258,12.910001,0.0524211675,0.0922907889,0.0708793253,0.0553744733,0.685621798,-0.259115994,-0.140328884,0.267831802,-0.0648834705,-0.662060082,9.0701952,0.0138356555,-0.00375665538,-0.160568923,0.279494286,-0.000254631042,1
1259,12.919975,0.143235311,0.0849075317,0.13216041,0.104842335,2.09828544,0.493088782,-0.230876371,0.265361786,-0.0744635463,-2.1541574,10.5718727,-0.00427384023,-0.010148243,-0.258573234,0.277693748,-0.000254631042,1
1260,12.930004,0.113702245,0.223712862,0.129207104,0.168338388,1.32974815,-0.174497858,-0.373621821,0.261828423,-0.512752175,-1.10034871,9.15402126,-0.00533910468,-0.00375665538,-0.39386183,0.274794579,-0.000254631042,1
1261,12.939978,0.117393889,0.107795633,0.217806265,0.143235311,2.33294988,-0.0994110033,-0.483344048,0.257380009,-0.689983606,-2.23079801,9.43663311,-0.00427384023,0.0260707494,-0.50677985,0.270796776,-0.000254631042,1
1262,12.950003,0.20968467,0.257675886,0.13068375,0.250292629,1.51900566,0.656355679,-0.605849445,0.251039505,0.25844419,-1.63443804,10.2221994,0.00744406879,0.025005484,-0.605849445,0.265669823,-0.000254631042,1
1263,12.959997,0.215591267,0.232572764,0.270227432,0.197133109,1.39473498,-0.955196023,-0.716636956,0.242702484,-1.26239336,-1.12429893,9.60188961,0.0287493579,0.0345928632,-0.716636956,0.259444237,-0.000254631042,1
1264,12.969983,0.205254719,0.234787777,0.202301398,0.294592202,1.84877384,0.644939423,-0.833816051,0.235290051,0.196173668,-1.94818568,9.64739513,0.0362062082,0.0377886593,-0.833816051,0.252150536,-0.000254631042,1
1265,12.979980,0.307143748,0.319695264,0.307143748,0.243647665,1.1309979,-0.321418405,-0.930755138,0.224799156,-0.565442562,-1.03089309,9.35041237,0.0468588509,0.0292665418,-0.930755138,0.243788719,-0.000254631042,1
1266,12.989977,0.304190427,0.321171969,0.307143748,0.282040626,1.75627482,0.471615285,-1.035151,0.215031624,0.0860027671,-1.81645954,9.80546665,0.0724252015,0.0335276015,-1.035151,0.234480858,-0.000254631042,1
1267,12.999974,0.36768651,0.375069767,0.347013354,0.310097039,0.567422509,-0.39936319,-1.13209009,0.203014851,-0.505567074,-0.475248545,8.88577938,0.0766862556,-0.00162612647,-1.13209009,0.224135399,-0.000254631042,1
1268,13.009982,0.321171969,0.355134934,0.355134934,0.378023058,2.14368153,0.158090085,-1.21518064,0.189855576,-0.249299973,-2.13499713,9.78151608,0.0947957486,0.000504402502,-1.21518064,0.212935448,-0.000254631042,1
1269,13.019980,0.358088255,0.373593092,0.373593092,0.382453024,0.455500245,-0.245611757,-1.31211972,0.174960136,-0.321150571,-0.405792981,10.2221994,0.0798820481,-0.0133440364,-1.31211972,0.200697899,-0.000254631042,1
1270,13.029976,0.355134934,0.384667993,0.369163156,0.440042466,0.64579457,-0.131002009,-1.34727347,0.160517693,-0.232534841,-0.616554737,10.5551081,0.0180967133,0.0218096916,-1.34727347,0.187911034,-0.000254631042,1
1271,13.039984,0.361041576,0.299022168,0.365471512,0.373593092,0.101475537,-0.253970295,-1.39307988,0.14653635,-0.266065121,-0.0633051544,9.72403622,-0.00960016251,0.0196791627,-1.39307988,0.174544334,-0.000254631042,1
1272,13.049981,0.378023058,0.390574604,0.397957891,0.382453024,-0.179084748,-0.572423756,-1.38242722,0.131944656,-0.543887436,0.252837449,9.81983662,-0.0351665132,0.0495065674,-1.38242722,0.16099453,-0.000254631042,1
1273,13.080002,0.372116446,0.389097959,0.386144638,0.384667993,-0.185175195,-0.451707542,-1.38881874,0.0878605843,-0.433716506,0.224097192,9.17797089,0.0340756811,0.0495065674,-1.38881874,0.119643211,-0.000254631042,1
1274,13.090005,0.361041576,0.352181673,0.361041576,0.39500457,-0.0659276694,-0.259753615,-1.38242722,0.0749230385,-0.254090011,0.0851860568,9.39352322,0.0511199087,0.046310775,-1.38242722,0.105788231,-0.000254631042,1
1275,13.099979,0.330031872,0.34849,0.331508517,0.378023058,-0.201474041,-0.142044351,-1.35686088,0.0607562065,-0.129548997,0.209727079,9.69529533,0.0670988783,0.0431149788,-1.35686088,0.091963768,-0.000254631042,1
1276,13.109998,0.339630127,0.376546443,0.321171969,0.342583388,-0.209145829,-0.11806047,-1.33768606,0.0475130081,-0.107993819,0.214517117,9.84378719,0.0702946708,0.0345928632,-1.33768606,0.0810079575,-0.000254631042,1
1277,13.119984,0.336676776,0.344060034,0.297545522,0.32412526,-0.283632725,-0.0842837542,-1.32596815,0.034453392,-0.0744635463,0.286367714,10.0090427,0.0724252015,0.0420497172,-1.32596815,0.0674581528,-0.000254631042,1
1278,13.129981,0.331508517,0.291638881,0.265059143,0.28056401,-0.0200016294,-0.0245993044,-1.31211972,0.0212798119,-0.0241681337,0.0205205306,9.96353817,0.0702946708,0.0239402205,-1.31211972,0.0539693832,-0.000254631042,1
1279,13.140001,0.32412526,0.311573684,0.34849,0.384667993,-1.31428289,-0.238703966,-1.2908144,0.0083322525,-0.227744803,1.31622612,9.09654045,0.0809473172,0.013287575,-1.2908144,0.0405416489,-0.000254631042,1
1280,13.149995,0.296068817,0.310097039,0.287208945,0.34849,-1.74477148,0.0371834747,-1.22263753,-0.00496387482,0.0285222996,1.74493468,9.76714611,0.0628378168,0.00583072472,-1.22263753,0.027510643,-0.000254631042,1
1281,13.159981,0.212637976,0.25324592,0.28056401,0.35661158,-1.77454519,-0.198000088,-1.12250268,-0.0154261589,-0.225349784,1.77127981,10.4066162,0.0457935855,0.0324623361,-1.12250268,0.0151510239,-0.000254631042,1
1282,13.169980,0.240694344,0.225189522,0.265059143,0.322648585,-2.0791347,1.08172178,-0.991475165,-0.0260281563,1.02724552,2.10658264,10.591033,-1.27822468e-05,0.0495065674,-0.991475165,0.00376796722,-0.000254631042,1
1283,13.179977,0.189749852,0.223712862,0.223712862,0.277610689,-1.9398129,0.691028237,-0.843403459,-0.0351214409,0.622487128,1.96288145,10.6533031,-0.0234485995,0.0228749551,-0.843403459,-0.00633335114,-0.000254631042,1
1284,13.189974,0.223712862,0.21116133,0.21116133,0.20820801,-2.27665591,1.02906728,-0.702788532,-0.0414514542,0.933839679,2.31734443,10.238965,-0.0159917492,0.000504402502,-0.702788532,-0.0151529312,-0.000254631042,1
1285,13.199981,0.223712862,0.188273221,0.178674966,0.189749852,-1.96956885,0.460367918,-0.584544182,-0.0475549698,0.366220057,1.9892267,9.52285385,-0.0255791284,-0.0186703578,-0.584544182,-0.0227518082,-0.000254631042,1
1286,13.209979,0.151356876,0.110748947,0.171291694,0.215591267,-1.26041985,0.639313698,-0.482278794,-0.0525770187,0.572191715,1.29227591,10.4688873,0.026618829,-0.00908297859,-0.482278794,-0.0292520523,-0.000254631042,1
1287,13.219975,0.166861728,0.13068375,0.178674966,0.161693454,-0.914897799,0.221313313,-0.391731292,-0.0559248924,0.16982846,0.925837934,8.7660284,0.0234230366,-0.0112135075,-0.391731292,-0.0348367691,-0.000254631042,1
1288,13.229983,0.197133109,0.118870527,0.089337483,0.160216808,-0.481226027,-0.0823292658,-0.338468075,-0.0586361885,-0.110388838,0.475574255,9.08217049,0.0202272423,0.00370019581,-0.338468075,-0.0396280289,-0.000254631042,1
1289,13.239980,0.134375393,0.155786842,0.106318988,0.090814136,-0.213074863,-0.123670928,-0.30118382,-0.0624809265,-0.136734053,0.204937041,9.46776867,0.00531353988,0.0111570461,-0.30118382,-0.0439004898,-0.000254631042,1
1290,13.250001,0.0922907889,0.124777146,0.141758651,0.0981974006,-0.806850612,0.124638125,-0.25750798,-0.065410614,0.0716326535,0.813271999,10.1072388,-0.0117306914,0.0164833684,-0.25750798,-0.0477762222,-0.000254631042,1
1291,13.259974,0.0937674418,0.0642343909,0.10336569,0.146188602,-0.2453105,-0.0219567418,-0.220223725,-0.0678520203,-0.0385382511,0.243257359,9.82462692,-0.00853489805,0.0143528394,-0.220223725,-0.051194191,-0.000254631042,1
1292,13.270001,0.107795633,0.171291694,0.0797392428,0.129207104,-0.494487792,0.0554504618,-0.188265786,-0.0687761307,0.0213372391,0.497129411,9.91563702,-0.00533910468,0.00689598918,-0.188265786,-0.0542154312,-0.000254631042,1
1293,13.279975,0.0694026724,0.135852039,0.121823832,0.0782625824,-0.194486395,-0.0824821666,-0.162699446,-0.0707206726,-0.0960187241,0.188171908,9.82941628,0.00105248217,-0.00162612647,-0.162699446,-0.0568399429,-0.000254631042,1
1294,13.289998,0.13216041,0.0273180734,0.0812158883,0.101889022,0.0799666941,-0.104422644,-0.13926363,-0.0718364716,-0.0984137431,-0.0872553512,9.53243446,0.00211774674,-0.00482191984,-0.13926363,-0.0591592789,-0.000254631042,1
1295,13.299983,0.0118132206,0.164646775,0.0657110363,0.0834308639,-0.0145386923,-0.0159651507,-0.116893068,-0.0730047226,-0.0169830751,0.013335471,9.65937042,-1.27822468e-05,0.0015696669,-0.116893068,-0.0612649918,-0.000254631042,1
1296,13.310002,0.101889022,0.0782625824,0.0782625824,0.0228881147,0.48158747,-0.350816816,-0.106240422,-0.0745654106,-0.313965529,-0.506383836,10.1431646,0.00211774674,-0.0112135075,-0.106240422,-0.0630350113,-0.000254631042,1
1297,13.319976,0.0568511225,0.0199348107,0.0472528823,0.0442995802,0.92674017,-0.305420071,-0.128610969,-0.0760302544,-0.385816127,-0.690800309,10.1168194,0.00744406879,-0.00269139092,-0.131806761,-0.0648355484,-0.000254631042,1
1298,13.329999,0.0413462743,0.0598044321,0.0442995802,0.0598044321,-0.445299059,0.598570049,-0.146720484,-0.0776867867,0.454835773,0.401328623,9.77193642,0.00637880433,-0.00695244875,-0.146720484,-0.066819191,-0.000254631042,1
1299,13.339974,0.0524211675,0.0694026724,0.0863841772,0.0132898735,0.672983885,-0.161509186,-0.166960508,-0.0788555145,-0.086438641,-0.769835949,9.29053688,0.00105248217,-0.00695244875,-0.1701563,-0.0688638687,-0.000254631042,1
1300,13.349994,0.0287947264,0.0369163156,0.0184581578,0.0679260194,0.0155375469,0.181141347,-0.191461578,-0.0798754692,0.220123872,0.468389183,9.60188961,-0.00107804674,0.0143528394,-0.197853178,-0.0710611343,-0.000254631042,1
1301,13.359981,0.0627577379,0.0598044321,0.0708793253,0.0184581578,0.0869092718,0.079085432,-0.19572264,-0.0828051567,0.229703948,-0.293227047,9.95395756,0.00637880433,0.0111570461,-0.194657385,-0.0734415054,-0.000254631042,1
1302,13.369979,0.0679260194,0.0834308639,0.0738326311,0.0937674418,0.304968864,0.209287912,-0.21383214,-0.085246563,0.301554531,-0.274066895,9.79828167,0.00211774674,0.0100917816,-0.221288994,-0.0758218765,-0.000254631042,1
1303,13.379995,0.0243647695,0.0073832632,0.0214114618,0.0103365686,-0.875470757,-0.125421837,-0.241529018,-0.0874438286,-0.203794599,0.873147488,9.41268349,0.00211774674,0.0143528394,-0.240463749,-0.0784769058,-0.000254631042,1
1304,13.389980,0.090814136,0.0642343909,0.0849075317,0.0797392428,0.284446359,0.373550355,-0.19572264,-0.0890045166,0.397355318,-0.250116676,10.4473314,0.00850933325,0.0154181039,-0.196787909,-0.0809488297,-0.000254631042,1
1305,13.399998,0.0383929685,0.0627577379,0.0553744733,0.0694026724,-0.0548867285,0.49065733,-0.223419517,-0.0916376114,0.483576,0.0995561779,9.79349136,-0.00320857554,0.0015696669,-0.230876371,-0.0832681656,-0.000254631042,1
1306,13.410076,0.0184581578,0.0273180734,0.0302713774,-0.00221497891,-0.693351388,-0.0167572498,-0.211701617,-0.093834877,-0.0816486031,0.688731015,9.14683628,0.00637880433,0.00583072472,-0.198918432,-0.0856790543,-0.000254631042,1
1307,13.419981,0.0708793253,0.0442995802,0.107795633,0.0642343909,-0.107780136,0.44328472,-0.180808946,-0.096180439,0.430885583,0.14985159,10.2868652,0.0106398622,0.00583072472,-0.180808946,-0.0878458023,-0.000254631042,1
1308,13.430001,0.0553744733,0.0812158883,0.0132898735,0.1122256,-0.00238646357,-0.206942752,-0.186135262,-0.0976452827,-0.206189632,-0.0177997835,10.0329933,-0.0127959559,0.0100917816,-0.186135262,-0.08989048,-0.000254631042,1
1309,13.439976,0.0073832632,0.0118132206,-0.00664493674,0.0073832632,-0.634098828,0.00266238605,-0.161634177,-0.0991101265,-0.0600934289,0.631250501,9.7623558,0.0106398622,0.0122223105,-0.161634177,-0.091843605,-0.000254631042,1
1310,13.450000,0.0428229235,0.00295330514,0.0627577379,0.0243647695,-0.0897935703,0.410874277,-0.137133092,-0.100819111,0.399750322,0.130691439,10.0401783,0.0095745977,0.0100917816,-0.137133092,-0.093583107,-0.000254631042,1
1311,13.459973,0.0642343909,0.0679260194,0.0738326311,0.0598044321,-0.289232135,0.0102074901,-0.129676238,-0.102283955,-0.019378094,0.288762718,9.7312212,0.0031830112,0.00370019581,-0.129676238,-0.0951089859,-0.000254631042,1
1312,13.469997,0.00147665257,0.0243647695,0.0339630097,0.0428229235,-0.116712213,0.00221574074,-0.10517516,-0.103016376,-0.00979801547,0.116321318,9.70008564,-0.00107804674,-0.00162612647,-0.10517516,-0.0965127945,-0.000254631042,1
1313,13.479983,0.00885991566,0.0228881147,0.0169815049,-0.0140281999,-0.353493124,0.202737272,-0.10197936,-0.103748798,0.165038422,0.372588396,9.80786133,-0.00427384023,0.00583072472,-0.10197936,-0.0977640152,-0.000254631042,1
1314,13.489998,0.0199348107,0.0354396626,0.0118132206,0.0413462743,-0.207245335,-0.0794834718,-0.0796088129,-0.105213642,-0.100808762,0.197751984,9.74080086,0.00744406879,0.000504402502,-0.0796088129,-0.0989236832,-0.000254631042,1
1315,13.499973,0.0132898735,0.0184581578,0.0679260194,0.0258414224,-0.370417506,0.0629816279,-0.064695105,-0.105213642,0.0237322599,0.37498343,9.94916725,0.00531353988,0.0015696669,-0.064695105,-0.0999002457,-0.000254631042,1
1316,13.509982,0.0243647695,0.0118132206,0.0273180734,0.0243647695,0.69944483,0.134773284,-0.0497814044,-0.106190205,0.208148777,-0.681220233,9.8964777,-0.00107804674,-0.00162612647,-0.0497814044,-0.100693703,-0.000254631042,1
1317,13.519979,0.0228881147,0.0184581578,-0.026579747,0.00295330514,-0.684911132,0.0949059948,-0.0583035201,-0.106826782,0.0213372391,0.691125989,9.13246632,0.0095745977,0.00370019581,-0.0583035201,-0.101548195,-0.000254631042,1
1318,13.529977,-0.00221497891,0.0383929685,0.0657110363,0.0258414224,-0.074349694,-0.00669174688,-0.0401940234,-0.106922626,-0.0145880543,0.0732109621,9.82462692,-0.00853489805,0.0122223105,-0.0401940234,-0.102219582,-0.000254631042,1
1319,13.539973,0.0103365686,-0.00959824212,0.00442995783,0.0103365686,0.0558306873,0.150329784,-0.0583035201,-0.107655048,0.155458346,-0.0393549614,10.471282,0.00424827542,0.00263493136,-0.0583035201,-0.102952003,-0.000254631042,1
1320,13.549982,0.0132898735,0.0302713774,0.00885991566,0.0273180734,-0.197979257,-0.0583188869,-0.0423245542,-0.107655048,-0.0792535841,0.190566927,9.85336685,-1.27822468e-05,-0.00908297859,-0.0423245542,-0.103653908,-0.000254631042,1
1321,13.559980,0.00590661028,0.0103365686,0.0169815049,-0.00221497891,-0.0421606228,0.134457469,-0.0423245542,-0.108291626,0.129113123,0.0564458258,9.7144556,0.0095745977,0.00263493136,-0.0423245542,-0.104111671,-0.000254631042,1
1322,13.569977,0.0354396626,0.00147665257,0.0073832632,0.0317480303,0.031150626,0.165023789,-0.0348677039,-0.109024048,0.167433441,-0.0130097447,9.69769096,0.00211774674,0.0100917816,-0.0348677039,-0.104722023,-0.000254631042,1
1323,13.580004,0,0.0103365686,0.0169815049,0.00590661028,-0.0384643637,0.211198807,-0.0380634964,-0.109119892,0.205753759,0.0612358637,9.74319553,-0.00640436914,0.000504402502,-0.0380634964,-0.105271339,-0.000254631042,1
1324,13.589978,0.00442995783,-0.00221497891,0,0.00442995783,-0.122522265,0.191509321,-0.0444550812,-0.109215736,0.177013516,0.142666534,9.68092537,0.00105248217,-0.00482191984,-0.0444550812,-0.105851173,-0.000254631042,1
1325,13.599995,0.0169815049,0.0169815049,0.0169815049,0.0199348107,-0.102940723,-0.0899891034,-0.0316719115,-0.11068058,-0.100808762,0.092371121,9.75996113,0.00424827542,0.0015696669,-0.0316719115,-0.106431007,-0.000254631042,1
1326,13.609981,0.0184581578,-0.00221497891,0.0214114618,0.00295330514,-0.0714678243,0.041452691,-0.0359329656,-0.110584736,0.0333123393,0.0756059811,10.1120291,0.00744406879,0.00263493136,-0.0359329656,-0.106888771,-0.000254631042,1
1327,13.620002,0,0.0184581578,0.0169815049,0.0132898735,0.21031405,0.12565887,-0.0359329656,-0.111465454,0.148273274,-0.195031241,9.89887238,-0.00427384023,0.00370019581,-0.0359329656,-0.107377052,-0.000254631042,1
1328,13.629976,0.00295330514,0.0214114618,0.00147665257,-0.00221497891,-0.32646206,-0.0407978222,-0.0391287617,-0.111465454,-0.0768585652,0.319897979,9.43663311,0.00211774674,-0.000560861954,-0.0391287617,-0.107956886,-0.000254631042,1
1329,13.640005,0.0147665264,-0.0036916316,0.0169815049,0.0169815049,-0.123543173,0.0280808043,-0.0295413826,-0.111561298,0.0141521813,0.125901401,9.74798584,-0.00320857554,0.0143528394,-0.0295413826,-0.108445168,-0.000254631042,1
1330,13.650000,0.0243647695,0.00147665257,0.00590661028,0.0073832632,0.00978928898,0.0348297618,-0.0316719115,-0.11229372,0.0357073583,-0.00582468603,10.0976591,0.00105248217,0.00476546027,-0.0316719115,-0.108841896,-0.000254631042,1
1331,13.659974,-0.0036916316,0.0118132206,-0.00221497891,0.00885991566,-0.1489968,-0.132764339,-0.0231497958,-0.112930298,-0.148709148,0.133086458,9.76954079,-0.00107804674,0.00263493136,-0.0231497958,-0.10929966,-0.000254631042,1
1332,13.669998,0,0.00147665257,0.0169815049,0.0118132206,-0.0244862232,0.0724585503,-0.018888738,-0.112930298,0.0692376345,0.032495629,9.8270216,0.00424827542,0.0015696669,-0.018888738,-0.109635353,-0.000254631042,1
1333,13.679975,0.00147665257,0.00590661028,0.0214114618,0,0.159124091,0.0974318832,-0.0178234726,-0.112930298,0.114743009,-0.147130847,9.75277615,0.00637880433,-0.00695244875,-0.0178234726,-0.109910011,-0.000254631042,1
1334,13.690002,0.0243647695,0.00442995783,0.00590661028,0.00147665257,-0.336468041,0.127090633,-0.0210192669,-0.112834454,0.088397786,0.348638207,9.70008564,-1.27822468e-05,0.0015696669,-0.0210192669,-0.110215187,-0.000254631042,1
1335,13.699975,0.076785937,-0.101150699,0.0922907889,-0.0745709538,0.851292729,0.100883789,-0.0156929437,-0.112930298,0.196173668,-0.834501505,9.9276123,-0.00427384023,-0.00375665538,-0.0156929437,-0.110520363,-0.000254631042,1
1336,13.709983,0.135852039,-0.112963922,0.0354396626,-0.12108551,0.12459062,0.364010215,-0.056172993,-0.113758564,0.375800133,-0.0824653134,9.81983662,-0.0202528071,-0.0165398289,-0.056172993,-0.110886574,-0.000254631042,1
1337,13.719979,0.0612810813,-0.119608864,0.0937674418,-0.105580665,0.752219737,-0.0505579636,-0.0732172206,-0.114490986,0.0357073583,-0.753070831,9.7312212,-0.0351665132,-0.0229314156,-0.0732172206,-0.111527443,-0.000254631042,1
1338,13.729977,0.149141908,-0.115917228,0.090814136,-0.037654642,1.01428854,-0.703378737,-0.116893068,-0.115127563,-0.582207739,-1.08837354,9.1396513,-0.0234485995,-0.0112135075,-0.116893068,-0.112412453,-0.000254631042,1
1339,13.739974,0.117393889,-0.0900758132,0.10336569,-0.0324863568,1.04696679,-0.170290306,-0.119023591,-0.115859985,-0.0481183305,-1.05963337,10.1599293,-0.069254972,0.0154181039,-0.119023591,-0.113541603,-0.000254631042,1
1340,13.749983,0.0834308639,-0.142496973,0.0472528823,-0.0649727136,0.334366173,-0.362912327,-0.127545714,-0.117664814,-0.321150571,-0.37465772,9.71685123,-0.0660591796,0.0015696669,-0.127545714,-0.114762306,-0.000254631042,1
1341,13.759979,0.137328684,-0.102627359,0.172768354,-0.0634960607,0.578145802,0.309677094,-0.091326721,-0.118301392,-0.04093327,-1.78532434,10.6796484,-0.0564718023,-0.0186703578,-0.083869867,-0.115860939,-0.000254631042,1
1342,13.769976,0.115178905,-0.0989357159,0.0339630097,-0.04356125,0.507532954,0.180026025,-0.107305683,-0.119574547,-0.117573902,0.092371121,9.71924591,-0.0255791284,-0.0442367047,-0.106240422,-0.116837502,-0.000254631042,1
1343,13.779995,0.189749852,-0.155048519,0.129207104,-0.0915524587,0.881144404,-0.222856194,-0.0785435438,-0.120655537,-0.0457233116,-1.3350606,9.60667992,-0.0330359787,-0.0346493237,-0.0732172206,-0.117814064,-0.000254631042,1
1344,13.789980,0.163170099,-0.149880245,0.13216041,-0.0649727136,0.682240307,-0.251748174,-0.0614993125,-0.120559692,0.232098967,-0.932697296,9.41986847,-0.00107804674,-0.0112135075,-0.0593687855,-0.118577003,-0.000254631042,1
1345,13.799995,0.188273221,-0.165385097,0.0708793253,-0.0915524587,0.710170746,-0.359087795,-0.0551077276,-0.120847702,-0.325940639,-0.688405275,9.10612106,-0.0149264848,-0.00269139092,-0.056172993,-0.119187355,-0.000254631042,1
1346,13.809979,0.118870527,-0.174983323,0.109272294,-0.0620194115,1.20468318,-0.617220819,-0.0423245542,-0.121039391,0.0213372391,-1.19375443,10.0234137,0.0234230366,0.0196791627,-0.0401940234,-0.119797707,-0.000254631042,1
1347,13.820001,0.226666182,-0.176459983,0.137328684,-0.186058223,0.676701784,-0.508493304,-0.046585612,-0.122844219,-0.421741396,-1.39493608,9.95156288,0.026618829,0.00689598918,-0.0519119352,-0.120316505,-0.000254631042,1
1348,13.829975,0.137328684,-0.207469687,0.138805345,-0.142496973,1.30194724,-0.369100779,-0.0540424623,-0.123289108,-0.206189632,-1.33745563,10.0569439,0.00424827542,0.0100917816,-0.0508466698,-0.120896339,-0.000254631042,1
1349,13.840005,0.237741053,-0.145450279,0.0723559782,-0.0974590778,1.02253628,-0.384848773,-0.0348677039,-0.123001099,-0.256485045,-1.06202841,9.40789318,0.00850933325,0.000504402502,-0.0380634964,-0.121323586,-0.000254631042,1
1350,13.849979,0.163170099,-0.199348107,0.147665262,-0.15800184,1.04912102,-0.596497476,-0.0433898196,-0.123733521,-0.462456733,-1.11471879,9.59230995,0.0202272423,0.00476546027,-0.0412592888,-0.121781349,-0.000254631042,1
1351,13.860003,0.237741053,-0.205993056,0.100412376,-0.119608864,1.31254387,-0.68986398,-0.0263455883,-0.123925209,-0.522332251,-1.38775098,10.3850613,0.026618829,-0.0080177132,-0.0263455883,-0.122208595,-0.000254631042,1
1352,13.869978,0.100412376,-0.205993056,0.175721675,-0.167600065,0.748013198,-0.571352363,-0.0167582091,-0.12402153,-0.474431843,-0.81294632,10.0808935,0.0127703911,-0.012278772,-0.0167582091,-0.122513771,-0.000254631042,1
1353,13.880005,0.191226512,-0.187534884,0.157263488,-0.194918156,0.345609218,0.0336800963,0.000286022841,-0.124753952,0.0764226913,-0.338732421,10.689229,0.0223577712,-0.0208008867,0.000286022841,-0.122696877,-0.000254631042,1
1354,13.889979,0.191226512,-0.193441495,0.180151626,-0.228881136,-0.176052272,-0.00715756882,0.0279828981,-0.124465942,-0.0289581716,0.17380178,9.99946308,0.0191619787,-0.0261272099,0.0279828981,-0.122666359,-0.000254631042,1
1355,13.899994,0.202301398,-0.173506677,0.174245,-0.193441495,0.966988862,0.509519696,0.0535492487,-0.123637676,0.624882162,-0.896772027,9.84139156,0.0170314498,-0.033584062,0.0535492487,-0.122361183,-0.000254631042,1
1356,13.909980,0.185319901,-0.253984243,0.197133109,-0.2724424,-0.0774907246,0.0479722396,0.0737892687,-0.123001099,0.0381023772,0.0827910379,9.32167244,0.0138356555,-0.0250619445,0.0737892687,-0.121872902,-0.000254631042,1
1357,13.919994,0.195656478,-0.207469687,0.163170099,-0.184581578,0.866362095,0.44341442,0.0769850686,-0.122364521,0.545846522,-0.805761278,10.0521536,-0.00533910468,-0.0165398289,0.0769850686,-0.12126255,-0.000254631042,1
1358,13.930002,0.21928291,-0.221497893,0.25324592,-0.237002745,0.171382755,-0.344417393,0.0620713644,-0.121292114,-0.321150571,-0.211796373,9.26898193,-0.00640436914,-0.00375665538,0.0620713644,-0.120713234,-0.000254631042,1
1359,13.939976,0.194179818,-0.231834456,0.171291694,-0.255460888,1.0465889,0.0268270504,0.0482229255,-0.121100426,0.153063327,-1.03568316,10.0928688,-0.0191875417,0.00476546027,0.0482229255,-0.120224953,-0.000254631042,1
1360,13.950086,0.250292629,-0.253984243,0.220759571,-0.253984243,0.876423597,0.0959549993,0.0375702791,-0.120908737,0.200963706,-0.858451664,10.0761042,-0.0234485995,0.000504402502,0.0375702791,-0.119858742,-0.000254631042,1
1361,13.959981,0.257675886,-0.265797466,0.265059143,-0.214852944,0.424016625,0.28631568,0.0215913113,-0.120176315,0.335084796,-0.38663283,9.33364773,-0.0138612203,-0.00588718429,0.0215913113,-0.119645119,-0.000254631042,1
1362,13.969998,0.263582498,-0.253984243,0.212637976,-0.287947237,1.17454684,-0.670375466,0.0066776094,-0.120176315,-0.524727225,-1.24644482,9.59470463,-0.0404928327,-0.00162612647,0.0066776094,-0.119492531,-0.000254631042,1
1363,13.979984,0.21928291,-0.306405395,0.28056401,-0.248815984,0.914055407,-0.110599183,-0.00290977047,-0.120176315,-0.0002179367,-0.920722187,9.9755125,-0.0202528071,0.0282012783,-0.00290977047,-0.119492531,-0.000254631042,1
1364,13.989996,0.28868559,-0.310835391,0.265059143,-0.265797466,1.13723862,-0.699644089,-0.0103666214,-0.120176315,-0.55825752,-1.21291459,9.53003883,-0.0213180706,0.0292665418,-0.0103666214,-0.119492531,-0.000254631042,1
1365,13.999981,0.296068817,-0.329293549,0.225189522,-0.287947237,0.608185709,0.350508511,-0.0263455883,-0.120908737,0.421305507,-0.561469257,9.75517082,-0.0117306914,0.0303318072,-0.0263455883,-0.119645119,-0.000254631042,1
1366,14.009994,0.362518221,-0.34036842,0.271704078,-0.287947237,2.03032637,-0.275858521,-0.0316719115,-0.120908737,-0.0289581716,-2.04877639,9.05582523,-0.00214331108,-0.00695244875,-0.0316719115,-0.119919777,-0.000254631042,1
1367,14.019981,0.297545522,-0.395742863,0.282040626,-0.242909357,0.937605262,-0.213906497,-0.0540424623,-0.121789455,-0.0984137431,-0.956647515,8.86901379,0.00211774674,0.00902651716,-0.0540424623,-0.120347023,-0.000254631042,1
1368,14.029977,0.35661158,-0.303452075,0.305667102,-0.289423913,1.90019524,-0.352449387,-0.0519119352,-0.122521877,-0.117573902,-1.92902541,8.96720982,0.00424827542,0.00902651716,-0.0519119352,-0.120804787,-0.000254631042,1
1369,14.039976,0.330031872,-0.385406286,0.328555197,-0.321910262,0.374063939,0.0308672264,-0.0700214282,-0.122713566,0.0764226913,-0.367472678,9.80786133,0.0212925076,0.0367233939,-0.0700214282,-0.121506691,-0.000254631042,1
1370,14.049984,0.393527865,-0.395742863,0.32412526,-0.321910262,0.867902517,0.160438091,-0.0604340509,-0.122905254,0.265629232,-0.841686547,9.48692894,0.0180967133,0.00583072472,-0.0604340509,-0.12202549,-0.000254631042,1
1371,14.059979,0.35956493,-0.403864443,0.358088255,-0.324863553,0.43976143,-0.274839848,-0.0625645816,-0.124370098,-0.218164727,-0.470458508,9.7096653,0.0607072897,0.00263493136,-0.0625645816,-0.122666359,-0.000254631042,1
1372,14.069977,0.376546443,-0.389836311,0.352181673,-0.354396641,0.863407552,0.581721306,-0.0508466698,-0.124910831,0.68475765,-0.784206092,10.1790895,0.058576759,-0.0261272099,-0.0508466698,-0.123276711,-0.000254631042,1
1373,14.079974,0.345536709,-0.380238026,0.353658289,-0.366209835,0.264915138,0.101530179,-0.0295413826,-0.125547409,0.133903161,-0.250116676,10.7514992,0.0180967133,-0.0357145891,-0.0295413826,-0.123673439,-0.000254631042,1
1374,14.089982,0.426014245,-0.414201051,0.393527865,-0.398696214,0.423130602,0.535623729,0.0173302535,-0.124910831,0.584166825,-0.353102565,10.9454956,-0.0266443938,-0.0580851436,0.0173302535,-0.123856544,-0.000254631042,1
1375,14.099978,0.414939374,-0.422322661,0.36768651,-0.392789602,0.609049976,-0.387785733,0.0471576601,-0.124465942,-0.309175491,-0.652480006,9.98269749,-0.0586023293,-0.0623462014,0.0471576601,-0.123703957,-0.000254631042,1
1376,14.110000,0.36768651,-0.451855689,0.380976379,-0.405341148,0.710252106,0.326435834,0.0535492487,-0.123925209,0.411725432,-0.664455116,9.96593285,-0.057537064,-0.0197356232,0.0535492487,-0.123246193,-0.000254631042,1
1377,14.119974,0.489510328,-0.4466874,0.431920886,-0.420845985,1.15649319,-0.589642882,0.0588755682,-0.123001099,-0.443296582,-1.22009969,8.60316658,-0.0532760061,0.0100917816,0.0588755682,-0.122818947,-0.000254631042,1
1378,14.129978,0.376546443,-0.525688291,0.406079471,-0.449640721,1.17827213,0.192192927,0.0322439559,-0.12280941,0.335084796,-1.145854,8.94086456,-0.0596675947,0.0761381835,0.0322439559,-0.122330666,-0.000254631042,1
1379,14.139996,0.527903259,-0.502800226,0.43561253,-0.474743813,1.15845418,-0.0859236717,0.0279828981,-0.123350143,0.0572625361,-1.1602242,9.37436295,-0.0298401862,0.0516370945,0.0279828981,-0.122117043,-0.000254631042,1
1380,14.149981,0.495416969,-0.663017035,0.486557037,-0.524211705,1.93988144,-0.440651447,-0.0103666214,-0.123158455,-0.199004561,-1.97932088,10.0545483,0.0159661844,0.013287575,-0.0103666214,-0.122086525,-0.000254631042,1
1381,14.160002,0.538978219,-0.552268028,0.510921776,-0.4466874,0.97328794,-0.780004621,-0.0167582091,-0.123603344,-0.654058337,-1.06202841,9.29053688,0.00850933325,-0.0208008867,-0.0167582091,-0.122330666,-0.000254631042,1
1382,14.170005,0.496893615,-0.657110393,0.532333255,-0.468837202,1.26277173,-1.36381829,-0.0433898196,-0.123603344,-1.1977278,-1.42128134,8.87859344,0.0223577712,0.013287575,-0.0433898196,-0.122605324,-0.000254631042,1
1383,14.179979,0.509445131,-0.595091045,0.54193145,-0.502800226,1.30832624,-0.531668782,-0.0433898196,-0.123350143,-0.366655946,-1.36380088,10.6125879,0.042597793,0.0186138973,-0.0433898196,-0.123063087,-0.000254631042,1
1384,14.190004,0.574417889,-0.606165886,0.461453944,-0.524211705,2.14055157,-1.05445755,-0.0678908974,-0.124274254,-0.780994356,-2.25474811,11.5274858,0.0532504395,-0.0261272099,-0.0678908974,-0.123490334,-0.000254631042,1
1385,14.199978,0.479912072,-0.595091045,0.510921776,-0.525688291,0.797709405,0.760391772,-0.091326721,-0.126183987,0.778163433,-0.154315904,12.7776861,0.0319451503,-0.0655419976,-0.0817393363,-0.124253273,-0.000254631042,1
1386,14.209995,0.642343938,-0.513136804,0.584016085,-0.572202861,1.57555234,0.286667258,-0.0401940234,-0.126777172,0.0404973961,-1.36140585,11.2640333,-0.0586023293,-0.103891514,-0.0348677039,-0.124802589,-0.000254631042,1
1387,14.219982,0.510921776,-0.584754407,0.538978219,-0.531594932,0.120101795,-0.0130179971,-0.0252803247,-0.125992298,0.0931878313,0.24086234,9.29053688,-0.0980171114,-0.0346493237,-0.0220845304,-0.125229836,-0.000254631042,1
1388,14.229980,0.673353553,-0.671138644,0.636437237,-0.648988843,0.673542321,-0.0459994413,0.0194607824,-0.124657631,0.114743009,-1.10513866,6.46441412,-0.0703202412,0.0186138973,0.0226565767,-0.125321388,-0.000254631042,1
1389,14.239976,0.667446911,-0.725036442,0.611334205,-0.63717562,2.07112551,-0.855601311,0.00348181627,-0.124500751,-0.594182849,-0.460878432,6.75900173,0.00637880433,0.091051884,-0.00397503516,-0.125199318,-0.000254631042,1
1390,14.249975,0.657848716,-0.737587929,0.653418779,-0.633484006,1.2156558,-0.3032417,-0.00823609252,-0.125486374,0.284789413,-1.61767292,9.10851574,0.0468588509,0.0782687142,-0.0135624148,-0.125290871,-0.000254631042,1
1391,14.259983,0.710269868,-0.806990683,0.605427504,-0.621670783,1.50647616,-0.932388008,-0.0551077276,-0.127605438,-0.733093977,-1.61288285,10.1168194,0.105448395,0.0282012783,-0.0572382547,-0.125626564,-0.000254631042,1
1392,14.269979,0.626839042,-0.795915782,0.690335035,-0.652680397,1.61092937,-0.474004537,-0.0742824897,-0.12849474,-0.263670087,-1.65838826,10.3227911,0.058576759,-0.0133440364,-0.0700214282,-0.126236916,-0.000254631042,1
1393,14.279976,0.704363346,-0.694026709,0.64825052,-0.635698915,1.94941711,0.221898198,-0.0657603741,-0.128146172,0.469205886,-1.90507531,11.814888,0.0351409428,-0.0357145891,-0.064695105,-0.126908302,-0.000254631042,1
1394,14.289975,0.6098575,-0.654157102,0.659325361,-0.69993329,0.641730249,0.438989371,-0.0401940234,-0.127639771,0.517106295,-0.580629408,12.9094124,-0.0500802137,-0.0772598982,-0.0401940234,-0.127427101,-0.000254631042,1
1395,14.299983,0.784840882,-0.7080549,0.719868183,-0.723559737,0.797360003,0.464611679,-0.0114318859,-0.128023624,0.562611639,-0.731515646,9.6138649,-0.132105574,-0.0825862214,-0.0114318859,-0.127610207,-0.000254631042,1
1396,14.320003,0.782625914,-0.845383644,0.713223159,-0.760476053,-1.13943505,0.747145057,0.0503534526,-0.127543926,0.596141934,1.22521544,6.97934341,-0.0341012478,0.0420497172,0.0503534526,-0.127366066,-0.000254631042,1
1397,14.329977,0.891159832,-0.935459435,0.667446911,-0.706578195,2.02916622,-0.227353618,0.0492881909,-0.127892971,0.0333123393,-2.04159141,7.65713406,0.104383133,0.0548328906,0.0492881909,-0.12693882,-0.000254631042,1
1398,14.339997,0.755307794,-0.866795123,0.745709598,-0.746447921,0.207917362,0.634742856,0.0109386677,-0.12741375,0.656017423,-0.125575662,8.3660593,0.221562237,0.0228749551,0.0109386677,-0.12681675,-0.000254631042,1
1399,14.349999,0.736849725,-0.760476053,0.747186184,-0.746447921,1.67035127,0.531038225,0.0343744867,-0.127954483,0.73984313,-1.58893263,13.1560993,0.0820125788,0.0548328906,0.0343744867,-0.126603127,-0.000254631042,1
1400,14.359984,0.739802957,-0.726513088,0.657848716,-0.764906049,1.54044795,0.335345775,0.0556797758,-0.126279831,0.52668637,-1.48594689,15.0697193,0.00211774674,-0.0250619445,0.0556797758,-0.12617588,-0.000254631042,1
1401,14.370003,0.677783549,-0.730943024,0.731681347,-0.725036442,1.02575934,0.507862747,0.0855071843,-0.125294209,0.632067204,-0.954252481,12.4160376,-0.126779258,-0.0953693986,0.0855071843,-0.125565529,-0.000254631042,1
1402,14.379977,0.837262034,-0.746447921,0.733157992,-0.775980949,0.702705264,0.719729006,0.0812461227,-0.125643253,0.802113593,-0.606974661,7.54217291,-0.176846683,-0.0815209597,0.0812461227,-0.124833107,-0.000254631042,1
1403,14.390005,0.764167726,-0.82249552,0.83873868,-0.788532436,0.175988585,-0.555366874,0.119595647,-0.123254299,-0.529517293,-0.242931634,2.15098381,-0.160867706,-0.00162612647,0.119595647,-0.123948097,-0.000254631042,1
1404,14.399979,0.894113183,-0.924384594,0.752354503,-0.835047007,-0.0587768853,-0.59381783,0.131313547,-0.120463848,-0.596577823,-0.0130097447,5.71956301,-0.0788423568,0.13046667,0.131313547,-0.122727394,-0.000254631042,1
1405,14.409998,0.847598612,-0.877870023,0.75973779,-0.804037392,1.16419172,-0.235991746,0.0972250924,-0.121100426,-0.0936237052,-1.18417442,9.26419163,0.131014749,0.108096115,0.0972250924,-0.121689796,-0.000254631042,1
1406,14.419984,0.733157992,-0.853505194,0.702886701,-0.771550953,1.5172832,0.575675786,0.0151997255,-0.122391224,0.756608248,-1.43565142,15.5559082,0.183212712,0.0143528394,0.0151997255,-0.12126255,-0.000254631042,1
1407,14.429995,0.775242567,-0.754569471,0.739802957,-0.773027658,1.47114134,0.433436275,0.0524839833,-0.122897625,0.610512078,-1.40691113,15.508008,0.0521851741,-0.128392592,0.0524839833,-0.120987892,-0.000254631042,1
1408,14.439983,0.739802957,-0.794439077,0.756784499,-0.775980949,1.31196105,-1.24718702,0.0503534526,-0.120543003,-1.08037186,-1.45241654,12.2843122,-0.0745812953,-0.181655824,0.0503534526,-0.120591164,-0.000254631042,1
1409,14.450001,0.846121907,-0.823972225,0.837262034,-0.798869073,1.17040467,-0.693897605,0.0578103065,-0.118170738,-0.551072478,-1.24404991,7.78885984,-0.198151961,-0.0559546128,0.0578103065,-0.1201334,-0.000254631042,1
1410,14.460004,0.864580154,-0.8822999,0.801822364,-0.856458545,0.914190829,-0.254058093,0.0578103065,-0.116243362,-0.146314129,-0.937487364,3.9616189,-0.119322404,-0.00162612647,0.0578103065,-0.119462013,-0.000254631042,1
1411,14.469978,0.925122857,-0.930291057,0.875654936,-0.835047007,-0.761651993,-0.83578974,0.0407660753,-0.118397236,-0.919905484,0.657595754,4.74718523,-0.057537064,0.131531939,0.0407660753,-0.118943214,-0.000254631042,1
1412,14.479998,0.895589769,-0.913309634,0.844645321,-0.85793519,1.36233366,0.347333252,0.030113427,-0.119697094,0.507526219,-1.31111038,10.3898516,0.113970511,0.152837217,0.030113427,-0.118638039,-0.000254631042,1
1413,14.489983,0.801822364,-0.843906999,0.758261144,-0.839477003,1.4762404,1.15652382,-0.00504029961,-0.119470596,1.32422793,-1.32787549,15.8840265,0.0820125788,0.0931824148,-0.00504029961,-0.118485451,-0.000254631042,1
1414,14.500002,0.854243517,-0.780410945,0.779672623,-0.826925516,1.63808799,1.32604778,0.0247871056,-0.118929863,1.51103938,-1.46918166,16.4923611,-0.0149264848,-0.0943041295,0.0247871056,-0.118393898,-0.000254631042,1
1415,14.509977,0.835785329,-0.866795123,0.818803847,-0.81142056,1.53785288,-0.0161818806,0.00241655181,-0.118040562,0.165038422,-1.52905715,13.0722733,-0.00960016251,-0.206156909,0.00241655181,-0.118180275,-0.000254631042,1
1416,14.520005,0.864580154,-0.896328092,0.855720162,-0.848336875,1.56219614,-1.13920975,0.00135128724,-0.117246628,-0.948645711,-1.68473351,8.29899883,-0.110800289,-0.185916886,0.00135128724,-0.118180275,-0.000254631042,1
1417,14.529979,0.960562468,-0.91478622,0.940627754,-0.869009972,0.439131051,-1.00939262,0.00561234495,-0.117342472,-0.951040745,-0.554284215,1.06843495,-0.0468844213,-0.0729988441,0.00561234495,-0.118149757,-0.000254631042,1
1418,14.539997,0.990095556,-0.893374801,0.991572261,-0.883776605,-1.42670763,-0.742060781,0.0535492487,-0.116705894,-0.903140366,1.33059621,3.68858671,-0.0117306914,0.146445632,0.0535492487,-0.117875099,-0.000254631042,1
1419,14.549983,0.926599503,-0.893374801,0.863103449,-0.981235683,2.87524319,0.247943908,0.0972250924,-0.116112709,0.579376817,-2.82715774,12.4567528,-0.0202528071,0.265755236,0.0972250924,-0.117203712,-0.000254631042,1
1420,14.559980,0.914047897,-0.823972225,0.765644372,-0.866795123,0.391706914,0.663062394,0.0407660753,-0.115921021,0.703917801,-0.312387228,16.3989563,-0.039427571,0.120879292,0.0407660753,-0.116532326,-0.000254631042,1
1421,14.569977,0.94505769,-0.964254081,0.854243517,-0.885991573,1.49591553,0.220607042,0.0333092213,-0.117848396,0.394960284,-1.45960164,13.1848392,-0.109735027,-0.0708683133,0.0333092213,-0.11610508,-0.000254631042,1
1422,14.579973,0.87417835,-0.945796013,0.834308743,-0.900758088,1.66070557,0.310147762,0.0109386677,-0.117526531,0.502736151,-1.61288285,13.053113,0.0447283238,-0.230657995,0.0109386677,-0.115830421,-0.000254631042,1
1423,14.589983,0.912571311,-0.930291057,0.957609177,-0.84686029,0.54075098,-1.06128538,-0.000779241615,-0.115712643,-0.991756082,-0.659665048,8.09542274,0.0383367352,-0.18698214,-0.000779241615,-0.115891457,-0.000254631042,1
1424,14.599980,0.951702595,-0.836523712,0.956132531,-0.92586112,-0.254777491,-1.83932924,0.0279828981,-0.113689423,-1.85635817,0.0444707274,4.7423954,0.0095745977,0.0324623361,0.0279828981,-0.115769386,-0.000254631042,1
1425,14.609982,0.943580985,-0.845383644,0.981974006,-0.987880588,0.533490658,0.168391719,0.0748545378,-0.112677097,0.227308929,-0.511173844,7.03203392,-0.0586023293,0.234862581,0.0748545378,-0.11522007,-0.000254631042,1
1426,14.619980,0.960562468,-0.871963322,0.841691971,-0.92586112,2.58374596,0.305867881,0.0673976839,-0.113348484,0.596141934,-2.53257036,12.7034407,-0.107604496,0.265755236,0.0673976839,-0.114487648,-0.000254631042,1
1427,14.629977,0.880084932,-0.95022589,0.843168676,-0.930291057,1.07421839,1.05868661,-0.000779241615,-0.115825176,1.17573667,-0.944672406,12.7321806,-0.010665427,0.0537676252,-0.000779241615,-0.114029884,-0.000254631042,1
1428,14.639999,0.979020655,-0.964254081,0.914047897,-0.891898096,1.16363394,-1.0117166,-0.0252803247,-0.117779255,-0.800154507,-1.84759486,11.2544537,0.104383133,-0.0900430754,-0.0252803247,-0.114182472,-0.000254631042,1
1429,14.649976,0.840215385,-1.00190878,0.897066414,-0.92881453,-1.02474046,-0.499427199,-0.0806740746,-0.117108345,-0.0385382511,0.961763203,9.26419163,0.165103212,-0.168872654,-0.0828046054,-0.114640236,-0.000254631042,1
1430,14.659998,0.996002197,-0.887468219,1.01150692,-0.8822999,0.972956955,-0.672740996,-0.0252803247,-0.113306046,-1.0540266,-1.50031698,9.14444065,-0.00640436914,0.0122223105,-0.0146276793,-0.115098,-0.000254631042,1
1431,14.669984,0.897066414,-0.877870023,0.940627754,-0.935459435,0.0636866614,-1.00048816,-0.00184450613,-0.112772942,-0.342705756,-1.4188863,9.1923418,-0.113996081,0.129401401,0.00135128724,-0.115067482,-0.000254631042,1
1432,14.680003,0.979020655,-0.880823314,0.892636478,-0.933244407,-0.316219598,2.11163545,-0.0274108537,-0.114115238,0.917074561,-0.120785631,11.920269,-0.164063498,0.0867908299,-0.0242150594,-0.115036964,-0.000254631042,1
1433,14.689979,0.964992404,-0.96942246,0.956132531,-0.91478622,0.955700338,-0.735774934,-0.0284761172,-0.118013859,-0.316360533,-1.14824903,9.42465878,-0.0735160336,-0.0303882677,-0.0391287617,-0.115311623,-0.000254631042,1
1434,14.699996,0.968684077,-1.02036691,0.886729896,-0.938412786,0.276651651,0.702096641,-0.0604340509,-0.120508671,0.323109686,-0.0752802566,7.95172119,0.0937304869,-0.079390429,-0.0732172206,-0.115799904,-0.000254631042,1
1435,14.710048,0.976067305,-0.981235683,0.934721053,-0.916262865,0.419058442,-0.278876156,-0.0551077276,-0.117683411,-0.484011918,-0.451298356,9.3839426,0.0841431096,-0.0261272099,-0.0476508774,-0.116440773,-0.000254631042,1
1436,14.719980,0.912571311,-0.904449761,0.940627754,-0.92881453,0.535786629,1.2085371,-0.0359329656,-0.114805222,1.26195741,-0.393817872,10.8377199,-0.0479496866,0.0537676252,-0.0306066461,-0.116837502,-0.000254631042,1
1437,14.729995,0.980497301,-0.902973056,0.911094666,-0.958347499,0.607090294,0.718082249,-0.00717082852,-0.114909172,0.782953441,-0.52075392,11.3310938,-0.124648727,0.0175486337,-0.00823609252,-0.116990089,-0.000254631042,1
1438,14.739982,1.01962852,-0.902973056,0.912571311,-0.911832988,0.819997311,0.498026192,-0.0210192669,-0.118335724,0.591351867,-0.755465865,10.9550762,-0.0532760061,-0.023996681,-0.0242150594,-0.117142677,-0.000254631042,1
1439,14.749980,0.963515699,-0.992310584,0.937674403,-0.910356343,0.753468871,-0.456759095,-0.0199540015,-0.121754646,-0.361865908,-0.803366244,8.75405312,0.0628378168,-0.0634114668,-0.0199540015,-0.117447853,-0.000254631042,1
1440,14.759978,0.956132531,-0.993787229,0.90961796,-0.908879638,-0.701024771,0.740372539,-0.0146276793,-0.119872093,0.651227415,0.784531772,7.20208025,0.168299004,-0.0208008867,-0.0146276793,-0.117600441,-0.000254631042,1
1441,14.769975,0.920692921,-0.893374801,0.946534336,-0.930291057,0.630694807,-0.635931015,0.0290481634,-0.116575718,-0.55825752,-0.700380385,9.50369358,0.0521851741,0.0665507987,0.0290481634,-0.117539406,-0.000254631042,1
1442,14.779983,1.00264704,-0.880823314,0.892636478,-0.964254081,1.12423182,0.348833621,0.0407660753,-0.115798473,0.476390958,-1.07639849,12.4351978,-0.0255791284,0.133662462,0.0407660753,-0.117203712,-0.000254631042,1
1443,14.789980,0.906664729,-0.933244407,0.891159832,-0.964254081,0.528083265,1.70313954,0.0237218402,-0.116374016,1.75293636,-0.326757342,12.4280128,-0.08416868,0.0186138973,0.0237218402,-0.116837502,-0.000254631042,1
1444,14.799977,1.02258193,-0.899281442,0.949487627,-0.907403111,0.114833869,0.422555089,0.0109386677,-0.12027216,0.433280587,-0.0633051544,7.90382099,0.01490092,-0.0634114668,0.0109386677,-0.116745949,-0.000254631042,1
1445,14.809975,0.925122857,-1.03070354,0.954655945,-0.96942246,0.0463317782,0.155828655,0.0120039321,-0.119776249,0.160248384,-0.027379863,5.06332779,0.138471603,-0.113478892,0.0120039321,-0.116715431,-0.000254631042,1
1446,14.819983,0.962039173,-0.93693608,0.962039173,-0.947272658,-0.869014859,0.583196044,0.0450271331,-0.115904331,0.478785962,0.930628002,7.39847183,0.136341065,0.0292665418,0.0450271331,-0.116562843,-0.000254631042,1
1447,14.829998,0.991572261,-0.891898096,0.912571311,-0.962777376,2.32000017,-0.190106019,0.0631366298,-0.113566875,0.0740276724,-2.32659864,9.73361588,0.0202272423,0.0569634177,0.0631366298,-0.115983009,-0.000254631042,1
1448,14.839983,0.994525611,-0.953917563,0.908141434,-0.956870914,-0.484558046,0.937612832,0.0109386677,-0.114080906,0.876359224,0.58814019,13.7596436,-0.0372970402,0.0931824148,0.0109386677,-0.115647316,-0.000254631042,1
1449,14.850179,0.97754401,-0.953917563,0.962039173,-0.944319308,0.256741762,-0.283954144,0.0205260478,-0.118205547,-0.251695007,-0.288437009,13.489007,-0.0926907957,-0.0506282933,0.0205260478,-0.115494728,-0.000254631042,1
1450,14.859982,0.97754401,-0.987880588,0.998955548,-0.939889371,-1.69548678,0.965850294,0.00987340324,-0.118293285,0.759003282,1.79762506,7.62120867,0.00424827542,-0.0421061777,0.00987340324,-0.115464211,-0.000254631042,1
1451,14.870001,0.991572261,-1.00781524,0.949487627,-0.948749363,-0.131929368,-0.418911964,0.030113427,-0.115459442,-0.431321502,0.0827910379,5.12320328,0.0511199087,0.0164833684,0.030113427,-0.115189552,-0.000254631042,1
1452,14.879975,0.991572261,-0.92881453,0.966469049,-0.952440858,-0.366158754,-0.390179962,0.0450271331,-0.112834454,-0.428926468,0.319897979,10.5311575,0.0127703911,0.162424594,0.0450271331,-0.114823341,-0.000254631042,1
1453,14.890004,0.998955548,-0.939889371,0.934721053,-0.939889371,0.618647456,-0.143301621,0.0120039321,-0.113888741,-0.0720685273,-0.630924821,12.0639696,-0.0777770877,0.137923509,0.0120039321,-0.114548683,-0.000254631042,1
1454,14.899980,0.960562468,-0.958347499,0.940627754,-0.979758978,0.67038244,0.897930503,-0.0263455883,-0.116496563,0.969765007,-0.561469257,12.6244049,-0.100147642,0.0271360129,-0.0263455883,-0.114609718,-0.000254631042,1
1455,14.909997,1.01962852,-0.95022589,0.990095556,-0.902973056,-1.63493156,1.08906376,-0.00823609252,-0.11838913,0.888334334,1.75211966,9.36478329,0.0319451503,-0.0538240857,-0.00823609252,-0.114762306,-0.000254631042,1
1456,14.919998,0.960562468,-1.0063386,0.968684077,-0.944319308,-0.994608223,-0.286571324,-0.00823609252,-0.116445065,-0.400186241,0.954578161,9.32885742,0.137406334,-0.0399756469,-0.00823609252,-0.114823341,-0.000254631042,1
1457,14.929984,0.985665619,-0.891898096,1.00117052,-0.941366017,0.795074046,-0.286576778,0.0120039321,-0.1140728,-0.194214523,-0.822526395,9.45818901,0.0724252015,0.0814645067,0.0120039321,-0.114731789,-0.000254631042,1
1458,14.940000,1.00855362,-0.904449761,0.979020655,-0.973852336,0.29544881,-0.166448191,-0.00717082852,-0.113409519,-0.131944016,-0.312387228,10.1359797,-0.0277096573,0.107030854,-0.00717082852,-0.114548683,-0.000254631042,1
1459,14.949974,1.01003039,-0.938412786,0.976067305,-0.972375751,0.70047909,1.10229468,-0.0167582091,-0.115606785,1.17573667,-0.568654299,11.6927423,-0.151280329,0.0793339759,-0.0167582091,-0.114548683,-0.000254631042,1
1460,14.959997,0.963515699,-0.933244407,0.973114073,-0.976805627,-0.196399748,0.698181927,-0.0135624148,-0.117342472,0.670387566,0.276787639,10.4018259,-0.115061343,-0.0165398289,-0.0135624148,-0.114731789,-0.000254631042,1
1461,14.969984,1.02553523,-1.00190878,0.985665619,-0.908879638,-1.49095142,-0.280583471,-0.00930135697,-0.117115974,-0.452876657,1.44795227,6.26562738,0.0287493579,-0.0357145891,-0.00930135697,-0.114945412,-0.000254631042,1
1462,14.980003,1.00412381,-0.964254081,0.949487627,-0.941366017,0.0352270827,-0.332127392,0.00135128724,-0.114326,-0.325940639,-0.0728852376,9.68811035,0.145928457,0.0260707494,0.00135128724,-0.114975929,-0.000254631042,1
1463,14.990005,0.915524542,-0.92881453,0.946534336,-0.970899045,1.58937418,-1.46418202,-0.00504029961,-0.115092754,-1.27197337,-1.74700403,12.2004862,0.0489893816,0.0505718328,-0.00504029961,-0.114975929,-0.000254631042,1
1464,14.999979,0.964992404,-0.959824145,0.943580985,-0.981235683,-0.0497226864,1.14118302,-0.0167582091,-0.115572453,1.12783635,0.180986851,12.1669559,-0.0905602649,0.0186138973,-0.0167582091,-0.115098,-0.000254631042,1
1465,15.010004,1.01962852,-0.931767762,1.01593697,-0.96942246,-0.132780164,0.174545527,0.0151997255,-0.116993427,0.157853365,0.152246609,8.53610611,-0.202413023,-0.0655419976,0.0151997255,-0.115128517,-0.000254631042,1
1466,15.019981,0.963515699,-1.0233202,0.94210434,-0.924384594,0.13014549,0.23774153,0.0183955189,-0.116514206,0.251259118,-0.101625472,7.18052483,-0.119322404,-0.0431714393,0.0183955189,-0.114975929,-0.000254631042,1
1467,15.029998,1.01446033,-0.976805627,0.994525611,-0.918477952,-1.39488792,-0.104304582,0.0333092213,-0.11499691,-0.263670087,1.37370658,8.27504921,0.0745557249,0.038853921,0.0333092213,-0.114884377,-0.000254631042,1
1468,15.039983,0.981974006,-0.931767762,0.940627754,-0.939889371,1.66645432,-0.507441223,0.00880813878,-0.114360332,-0.313965529,-1.71347368,11.6927423,0.0820125788,0.0889213532,0.00880813878,-0.114640236,-0.000254631042,1
1469,15.049998,1.02110529,-0.927337825,0.971637428,-0.927337825,0.0381753407,0.091806218,-0.0124971503,-0.115092754,0.0955828503,-0.027379863,11.934639,-0.00853489805,0.0772034451,-0.0124971503,-0.114701271,-0.000254631042,1
1470,15.059983,0.980497301,-0.986403883,1.00855362,-0.976805627,0.92255944,1.32174206,0.00454708049,-0.116514206,1.42002869,-0.762650907,10.8856201,-0.132105574,-0.0378451198,0.00454708049,-0.114762306,-0.000254631042,1
1471,15.070004,0.993048966,-1.00486207,0.962039173,-0.927337825,-0.741235137,-0.694515288,0.00880813878,-0.116863251,-0.776204288,0.65520072,7.72898436,-0.0649939179,-0.0570198782,0.00880813878,-0.114853859,-0.000254631042,1
1472,15.079979,0.998955548,-0.998217165,0.960562468,-0.894851446,-0.180400878,0.514945269,0.0141344611,-0.115345955,0.490761071,0.238467321,6.96976328,0.0511199087,0.00263493136,0.0141344611,-0.114762306,-0.000254631042,1
1473,15.089976,0.925122857,-0.958347499,0.931029379,-0.978282332,-0.45277524,-0.387453496,0.0151997255,-0.113183022,-0.43611154,0.406118661,9.70487595,0.127818957,0.146445632,0.0151997255,-0.114731789,-0.000254631042,1
1474,15.099974,0.973114073,-0.918477952,0.903711379,-0.896328092,1.72816169,1.21253645,0.00561234495,-0.113758564,0.893124342,-1.66317832,11.7669878,-0.010665427,0.127270877,-0.00290977047,-0.114701271,-0.000254631042,1
1475,15.109981,0.951702595,-0.896328092,0.936197698,-0.919954538,-0.314663798,0.1882094,-0.0338024385,-0.115572453,0.94102478,0.032495629,11.7598028,-0.11186555,0.0122223105,-0.0338024385,-0.114945412,-0.000254631042,1
1476,15.119977,0.90961796,-0.947272658,0.948010981,-0.905926406,0.65013057,0.95212692,-0.0359329656,-0.118772984,0.411725432,0.834827185,8.3876152,-0.192825645,-0.091108337,-0.0306066461,-0.115250587,-0.000254631042,1
1477,15.129974,0.959085763,-0.978282332,0.962039173,-0.913309634,-0.586721778,-1.36349475,-0.00504029961,-0.117465019,-0.737883985,-0.0920453891,7.55893803,-0.0617981218,-0.0474324971,-0.00397503516,-0.115433693,-0.000254631042,1
1478,15.139981,0.932506025,-0.956870914,0.914047897,-0.908879638,-1.06532156,-0.0491209887,0.0120039321,-0.114264488,0.256049156,0.549819827,6.0692358,0.113970511,0.131531939,0.0120039321,-0.115372658,-0.000254631042,1
1479,15.149979,0.929552794,-0.852028489,0.880084932,-0.927337825,-0.730602503,-0.625797153,0.00241655181,-0.113252163,0.87396419,-0.530333996,11.4029446,0.112905249,0.189056203,-0.00610556407,-0.115281105,-0.000254631042,1
1480,15.159975,0.905188084,-0.891898096,0.936197698,-0.894851446,0.849942446,0.0839234591,-0.0306066461,-0.116086006,0.181803554,-0.834501505,13.6662378,0.0276840944,0.133662462,-0.0348677039,-0.115433693,-0.000254631042,1
1481,15.170005,0.923646212,-0.876393318,0.883038282,-0.883776605,-1.18809712,0.539447248,-0.0508466698,-0.120621204,0.184198573,0.650410652,10.7299442,-0.138497159,-0.0378451198,-0.0401940234,-0.115830421,-0.000254631042,1
1482,15.179979,0.843168676,-0.896328092,0.956132531,-0.887468219,-0.849539161,0.0882631019,-0.0210192669,-0.120604515,-0.0145880543,0.853987336,7.67629385,-0.138497159,-0.0889778063,-0.0178234726,-0.11622715,-0.000254631042,1
1483,15.190001,0.894113183,-0.913309634,0.897066414,-0.860888481,-1.01409197,-0.0812574327,0.00561234495,-0.116924286,-0.199004561,0.997688532,5.82015371,0.0212925076,-0.0165398289,0.00880813878,-0.116410255,-0.000254631042,1
1484,15.199975,0.818803847,-0.852028489,0.829140425,-0.802560687,-0.635239065,-0.231473669,0.0130691966,-0.113601208,-0.30199042,0.604905307,7.82478523,0.138471603,0.109161377,0.0066776094,-0.116379738,-0.000254631042,1
1485,15.210000,0.83061707,-0.780410945,0.816588879,-0.81954217,-0.54522121,0.238670588,-0.0220845304,-0.11484766,0.174618497,0.568979979,10.9023857,0.124623157,0.141119301,-0.0220845304,-0.116379738,-0.000254631042,1
1486,15.219975,0.812158942,-0.75161618,0.824710429,-0.787055731,-1.38055909,-0.41205734,-0.0348677039,-0.120498657,-0.575022638,1.32101619,14.4853344,0.0702946708,0.120879292,-0.0348677039,-0.116776466,-0.000254631042,1
1487,15.230003,0.741279602,-0.75161618,0.792224109,-0.775980949,-0.3325544,-0.0435111113,-0.0167582091,-0.123185158,-0.084043622,0.324688017,11.3502541,-0.0362317748,-0.00375665538,-0.0167582091,-0.117142677,-0.000254631042,1
1488,15.239977,0.704363346,-0.783364236,0.748662829,-0.749401152,0.40911603,-0.554068744,-0.0103666214,-0.120700359,-0.500777066,-0.472853541,9.11570072,-0.0745812953,-0.0687377825,-0.0103666214,-0.1173563,-0.000254631042,1
1489,15.249998,0.761214435,-0.845383644,0.799607396,-0.744971275,-1.710922,0.124092877,-0.0210192669,-0.115825176,-0.0744635463,1.71379936,6.80690193,-0.0532760061,-0.134784177,-0.0210192669,-0.117600441,-0.000254631042,1
1490,15.259973,0.816588879,-0.62905395,0.676306903,-0.774504304,-2.49431348,-0.669698358,0.0130691966,-0.114813328,-0.951040745,2.40117002,5.29085445,0.104383133,-0.00908297859,0.0130691966,-0.117600441,-0.000254631042,1
1491,15.269994,0.823233843,-0.59361434,0.667446911,-0.791485727,-2.94509864,-1.72522676,-0.00717082852,-0.118876457,-2.06232977,2.71970773,8.82829857,0.182147443,0.145380363,-0.00717082852,-0.117630959,-0.000254631042,1
1492,15.279980,0.779672623,-0.623147368,0.676306903,-0.774504304,-2.20494652,-1.06949997,-0.00823609252,-0.121789455,-1.32945383,2.0586822,11.8340483,0.165103212,0.264689982,-0.00823609252,-0.117875099,-0.000254631042,1
1493,15.289978,0.782625914,-0.59361434,0.611334205,-0.783364236,-0.963629842,0.300528616,0.0066776094,-0.12121439,0.181803554,0.992898464,11.5107203,0.101187341,0.223144665,0.0066776094,-0.117997169,-0.000254631042,1
1494,15.299974,0.772289276,-0.63200736,0.544884801,-0.780410945,-1.15609753,-0.575170875,0.0130691966,-0.119731426,-0.709143758,1.07911921,11.927454,0.0340756811,0.150706694,0.0130691966,-0.117997169,-0.000254631042,1
1495,15.309983,0.792224109,-0.564081252,0.585492671,-0.773027658,-1.67046595,-0.362449646,0.0151997255,-0.119033813,-0.55825752,1.61560357,11.9442186,-0.00427384023,-0.0442367047,0.0151997255,-0.117814064,-0.000254631042,1
1496,15.319980,0.775242567,-0.661540389,0.629792273,-0.744971275,-1.33454978,-1.65600955,-0.0167582091,-0.119827271,-1.80366778,1.12701952,10.9167557,-0.0777770877,-0.115609422,-0.0167582091,-0.117814064,-0.000254631042,1
1497,15.329977,0.773765981,-0.589184403,0.606904149,-0.761952758,-2.74097013,-0.975281298,-0.0348677039,-0.121658802,-1.30071366,2.60235167,9.58272934,-0.0447538905,-0.120935746,-0.0348677039,-0.11811924,-0.000254631042,1
1498,15.339973,0.728728056,-0.610595882,0.586969376,-0.742017984,-3.11608744,-0.854701817,-0.00504029961,-0.120830536,-1.22407293,2.99034476,8.51694584,0.0649683475,-0.0687377825,-0.00504029961,-0.118332863,-0.000254631042,1
1499,15.349982,0.718391478,-0.510183454,0.549314737,-0.742017984,-0.900459468,-0.215302587,0.0247871056,-0.119539738,-0.321150571,0.86835748,8.03315163,0.151254773,-0.0389103815,0.0247871056,-0.118393898,-0.000254631042,1
1500,15.359979,0.719868183,-0.493201941,0.502061903,-0.694026709,-1.49189425,-0.806007862,0.0247871056,-0.118972301,-0.977385938,1.38568175,8.40198517,0.148058981,-0.0495630279,0.0247871056,-0.118088722,-0.000254631042,1
1501,15.369997,0.690335035,-0.545623124,0.554483056,-0.679998517,-0.940040171,-0.524017632,0.00987340324,-0.11967802,-0.632503152,0.870752454,9.5659647,-0.00320857554,-0.0144093009,0.00987340324,-0.117936134,-0.000254631042,1
1502,15.379982,0.71617651,-0.519781709,0.523473322,-0.695503354,-0.35248068,-1.11328757,-0.000779241615,-0.119790554,-1.14743233,0.216912135,10.5000219,-0.151280329,-0.0186703578,-0.000779241615,-0.117936134,-0.000254631042,1
1503,15.389980,0.725774765,-0.533071578,0.534548223,-0.675568581,-1.66995883,-1.1630739,-0.0231497958,-0.119196892,-1.35340405,1.51980281,10.8784351,-0.162998244,0.046310775,-0.0231497958,-0.118058205,-0.000254631042,1
1504,15.399977,0.71617651,-0.511660099,0.503538489,-0.665970266,-1.48747015,0.0782562122,-0.0444550812,-0.118680477,-0.0984137431,1.48627257,11.2879839,-0.0681897104,0.0431149788,-0.0444550812,-0.118332863,-0.000254631042,1
1505,15.409973,0.705839932,-0.482127041,0.561866343,-0.650465429,-1.71854806,0.264433742,-0.0433898196,-0.118356228,0.0596575551,1.73774958,10.7443142,0.0489893816,-0.0080177132,-0.0433898196,-0.118699074,-0.000254631042,1
1506,15.419982,0.747186184,-0.445210755,0.532333255,-0.627577364,-2.07162046,0.115845323,-0.018888738,-0.119496822,-0.131944016,2.07065725,9.12049103,0.105448395,-0.0964346603,-0.018888738,-0.119065285,-0.000254631042,1
1507,15.429980,0.744232893,-0.463668913,0.538978219,-0.678521872,-1.19406295,-0.42787078,-0.0252803247,-0.1200881,-0.567837596,1.13420463,8.79716301,0.12994948,-0.1251968,-0.0252803247,-0.119278908,-0.000254631042,1
1508,15.439977,0.742756248,-0.463668913,0.540454865,-0.669661939,-0.293700963,-0.329565555,-0.0114318859,-0.118062496,-0.361865908,0.252837449,8.11937237,0.0894694328,-0.117739946,-0.0114318859,-0.119492531,-0.000254631042,1
1509,15.449973,0.718391478,-0.412724406,0.468098849,-0.647512138,-0.519072413,-0.527690828,-0.0231497958,-0.116838455,-0.584602773,0.45401907,8.03315163,0.0340756811,-0.0900430754,-0.0231497958,-0.119645119,-0.000254631042,1
1510,15.459981,0.769335985,-0.440780818,0.566296279,-0.612072468,0.0585717782,-1.0634737,-0.0476508774,-0.117707253,-1.04923654,-0.183056146,8.65585709,-0.0372970402,0.000504402502,-0.0476508774,-0.119889259,-0.000254631042,1
1511,15.560004,0.799607396,-0.385406286,0.685905159,-0.521258295,0.248421237,-0.589256525,-0.564304173,-0.156265259,0.19138363,-0.913537145,11.611311,-0.0213180706,0.0569634177,-0.577087343,-0.150589943,-0.000254631042,1
1512,15.569995,0.841691971,-0.329293549,0.628315687,-0.462192297,0.294387788,-0.0165471248,-0.631415784,-0.16119957,0.186593592,0.197751984,11.3670197,-0.00640436914,-0.00162612647,-0.6431337,-0.156266212,-0.000254631042,1
1513,15.580004,0.76785934,-0.380238026,0.71617651,-0.459238976,-0.139772639,0.229921058,-0.644198954,-0.167737961,-0.603762925,-0.171081036,10.9167557,-0.0277096573,-0.023996681,-0.644198954,-0.162369728,-0.000254631042,1
1514,15.589978,0.823233843,-0.358826578,0.631268978,-0.482127041,0.67254138,-0.578292072,-0.649525285,-0.174328804,-0.359470904,-0.470458508,9.5491991,0.01490092,-0.0580851436,-0.647394776,-0.168503761,-0.000254631042,1
1515,15.599977,0.775242567,-0.380238026,0.679260254,-0.443734109,-0.280335277,-0.141475022,-0.63035053,-0.180187225,-0.0984137431,0.24086234,7.12064934,0.06816414,-0.0367798544,-0.63035053,-0.174668312,-0.000254631042,1
1516,15.609973,0.762691081,-0.403864443,0.643820524,-0.460715622,0.103959583,-0.631497085,-0.63035053,-0.18605423,-0.601367891,-0.21898143,8.19840813,0.122492626,0.00263493136,-0.632481098,-0.18074131,-0.000254631042,1
1517,15.619981,0.741279602,-0.429705888,0.660802066,-0.468837202,-0.771413386,-0.281361431,-0.619697869,-0.193055153,-0.42413643,0.703101099,10.2245951,0.116101041,0.0228749551,-0.614371598,-0.186844826,-0.000254631042,1
1518,15.629978,0.789270818,-0.449640721,0.676306903,-0.471790493,-0.765025795,0.708533406,-0.567499936,-0.198844433,0.543451488,0.889912665,12.1717463,0.0607072897,0.00796125364,-0.556847274,-0.192643166,-0.000254631042,1
1519,15.639975,0.730204701,-0.364733189,0.674830258,-0.459238976,0.389617145,0.0926222205,-0.500388265,-0.204537868,0.16982846,-0.362682641,11.0484819,-0.0159917492,-0.0293230023,-0.497192472,-0.197953224,-0.000254631042,1
1520,15.649975,0.762691081,-0.402387828,0.625362396,-0.516090095,-0.266565084,0.0193666779,-0.475887209,-0.208173275,-0.0361432321,0.264812529,9.5491991,-0.0756465644,-0.0293230023,-0.475887209,-0.202927589,-0.000254631042,1
1521,15.659984,0.761214435,-0.395742863,0.640867233,-0.548576415,0.05942709,0.077625066,-0.427950293,-0.212148666,0.088397786,-0.0417499803,9.44381809,-0.126779258,-0.012278772,-0.427950293,-0.207535744,-0.000254631042,1
1522,15.669980,0.736849725,-0.453332365,0.657848716,-0.505753458,-0.94549787,0.133717343,-0.398122877,-0.216037273,-0.0720685273,0.952183127,8.42593479,-0.0617981218,0.00689598918,-0.398122877,-0.211777687,-0.000254631042,1
1523,15.690002,0.741279602,-0.463668913,0.602474272,-0.502800226,-0.676544785,1.11193895,-0.348055452,-0.224041462,0.933839679,0.906677783,12.018465,0.040467266,0.0452455096,-0.348055452,-0.219620705,-0.000254631042,1
1524,15.699976,0.733157992,-0.463668913,0.585492671,-0.505753458,-0.875718296,0.036471229,-0.305444896,-0.228775978,-0.163079277,0.861172378,12.3441877,0.105448395,-0.0293230023,-0.305444896,-0.223130226,-0.000254631042,1
1525,15.709994,0.694765031,-0.496155292,0.623885691,-0.530118287,0.0802171081,0.492679358,-0.272421688,-0.231356621,0.497946143,0.034890648,10.7706594,0.116101041,-0.0676725209,-0.272421688,-0.226304054,-0.000254631042,1
1526,15.719979,0.719868183,-0.519781709,0.592876017,-0.542669773,-0.325765789,0.35517782,-0.235137433,-0.232855797,0.27041927,0.398933619,7.86310577,0.0702946708,-0.0772598982,-0.235137433,-0.229081154,-0.000254631042,1
1527,15.729997,0.634960651,-0.522735,0.663755357,-0.51461339,-0.067491591,0.0946348682,-0.173352093,-0.233814716,0.0764226913,0.0875810832,5.75788307,-0.0234485995,-0.0133440364,-0.173352093,-0.23140049,-0.000254631042,1
1528,15.739983,0.761214435,-0.582539439,0.697718382,-0.535286605,-1.01945353,-0.620363295,-0.144589946,-0.235218525,-0.840869844,0.846802294,6.14108658,-0.0191875417,0.0750729144,-0.144589946,-0.233262062,-0.000254631042,1
1529,15.749995,0.696241736,-0.541193247,0.589922726,-0.621670783,1.40292919,-0.326801926,-0.137133092,-0.237023354,0.0117571615,-1.44044149,11.7621975,-0.0234485995,0.098508738,-0.137133092,-0.234879494,-0.000254631042,1
1530,15.759980,0.654895484,-0.518305063,0.551529765,-0.590661049,-0.763486624,0.947987974,-0.149916276,-0.239473343,0.73984313,0.966553271,15.0122395,-0.0255791284,-0.0080177132,-0.149916276,-0.236649513,-0.000254631042,1
1531,15.769999,0.684428513,-0.547099769,0.600997686,-0.55005312,-1.21645939,0.494512051,-0.128610969,-0.241688728,0.188988611,1.29946101,13.249505,-0.0500802137,-0.118805215,-0.128610969,-0.238236427,-0.000254631042,1
1532,15.780030,0.657848716,-0.528641641,0.622409105,-0.538239896,0.419768572,-0.212491214,-0.11795833,-0.242229462,-0.1055988,-0.458483428,10.8520899,-0.031970717,-0.120935746,-0.11795833,-0.239762306,-0.000254631042,1
1533,15.789979,0.654895484,-0.564081252,0.625362396,-0.63717562,-1.06435025,-0.0096290037,-0.0977183059,-0.241278172,-0.263670087,1.03121877,6.4428587,-0.0543412715,-0.0474324971,-0.0977183059,-0.24110508,-0.000254631042,1
1534,15.799976,0.750877798,-0.615025818,0.646773815,-0.627577364,0.442361325,-0.131146714,-0.0700214282,-0.241007328,-0.0217731129,-0.460878432,5.50880146,-0.0639286488,0.0590939485,-0.0700214282,-0.241959572,-0.000254631042,1
1535,15.809984,0.603950918,-0.606165886,0.622409105,-0.598044336,0.293270916,-0.364094317,-0.0657603741,-0.243004322,-0.282830268,-0.372262716,6.59374523,0.0202272423,0.145380363,-0.0657603741,-0.242814064,-0.000254631042,1
1536,15.819981,0.915524542,-0.771550953,0.75973779,-0.73241967,0.942943633,-0.163053185,-0.0891961902,-0.246152401,0.0716326535,-0.954252481,10.126399,0.0905346945,0.115552969,-0.0891961902,-0.243821144,-0.000254631042,1
1537,15.829980,0.714699864,-0.831355333,0.684428513,-0.620194077,2.56564903,-0.360521048,-0.127545714,-0.247888088,0.279999346,-2.57568073,13.8123341,0.123557895,0.00796125364,-0.127545714,-0.245041847,-0.000254631042,1
1538,15.839976,0.770812571,-0.686643422,0.705839932,-0.703624964,0.479797363,0.970111132,-0.136067823,-0.24877739,1.05838072,-0.226166487,14.5428152,0.0649683475,-0.132653654,-0.136067823,-0.246476173,-0.000254631042,1
1539,15.849984,0.758261144,-0.70510155,0.765644372,-0.686643422,1.5608114,-1.16835618,-0.0987835675,-0.247792244,-0.749859095,-1.79969442,13.3021955,-0.0458191559,-0.180590555,-0.0987835675,-0.247788429,-0.000254631042,1
1540,15.859981,0.792224109,-0.711008191,0.761214435,-0.742017984,0.0388116352,-0.232312754,-0.0540424623,-0.247033119,-0.215769708,-0.0944404155,8.07386684,-0.138497159,-0.135849446,-0.0540424623,-0.248734474,-0.000254631042,1
1541,15.869979,0.83873868,-0.785579205,0.849075198,-0.733896315,0.641202033,-1.77008677,-0.0338024385,-0.247206688,-1.55937576,-1.05484331,4.25860119,-0.135301366,0.0260707494,-0.0338024385,-0.249283791,-0.000254631042,1
1542,15.890004,0.852766812,-0.883776605,0.826187134,-0.75161618,2.16522455,-1.06962633,-0.00823609252,-0.249962807,-0.500777066,-2.36252403,8.47383595,0.0372714698,0.209296227,-0.00823609252,-0.249955177,-0.000254631042,1
1543,15.899981,0.728728056,-0.908879638,0.718391478,-0.777457535,1.47069824,0.261670083,-0.124349914,-0.251986027,0.620092154,-1.35901082,14.2170925,0.124623157,0.0889213532,-0.124349914,-0.250626564,-0.000254631042,1
1544,15.909999,0.752354503,-0.808467269,0.738326311,-0.768597662,0.903581738,0.198799759,-0.10517516,-0.253320217,0.418910474,-0.824921429,14.8900928,0.103317864,-0.0655419976,-0.10517516,-0.251877785,-0.000254631042,1
1545,15.919975,0.860150158,-0.777457535,0.775242567,-0.77893424,2.05083585,0.94414413,-0.0668256357,-0.252875328,1.42721379,-1.74939895,15.2445564,0.0191619787,-0.233853787,-0.0668256357,-0.25282383,-0.000254631042,1
1546,15.930000,0.796654105,-0.773027658,0.837262034,-0.736111343,0.952216089,-1.81649482,-0.076413013,-0.252465248,-1.52105546,-1.37577593,10.1287937,-0.133170843,-0.200830579,-0.076413013,-0.253586769,-0.000254631042,1
1547,15.939977,0.905188084,-0.839477003,0.826187134,-0.806990683,0.947348177,-0.995095968,-0.0380634964,-0.251270294,-0.728303909,-1.16501415,3.985569,-0.174716145,-0.0463672355,-0.0380634964,-0.254258156,-0.000254631042,1
1548,15.950004,0.912571311,-0.919954538,0.954655945,-0.836523712,-0.450513691,-0.67090559,-0.000779241615,-0.251209259,-0.761834204,0.269602567,2.13421869,-0.0649939179,0.109161377,-0.000779241615,-0.254502296,-0.000254631042,1
1549,15.959981,0.993048966,-0.967207372,0.799607396,-0.84686029,0.733141243,-0.632424653,0.00880813878,-0.252830982,-0.428926468,-0.8680318,6.7087059,0.0532504395,0.246580482,0.00880813878,-0.254563332,-0.000254631042,1
1550,15.969996,0.772289276,-0.922907889,0.761214435,-0.848336875,2.19014287,-1.41861999,-0.0476508774,-0.255394936,-0.819314659,-2.47748494,13.8793945,0.16084215,0.123009816,-0.0476508774,-0.254746437,-0.000254631042,1
1551,15.979995,0.898543119,-0.797392428,0.799607396,-0.817327261,0.162126154,2.25036407,-0.0391287617,-0.257226467,2.2175703,0.415698737,16.6863575,0.0447283238,0.013287575,-0.0391287617,-0.255356789,-0.000254631042,1
1552,15.989980,0.852766812,-0.840953648,0.832093716,-0.85498184,2.01707268,0.14635542,-0.0146276793,-0.255613327,-0.316360533,-1.9505806,13.8865795,-0.0532760061,-0.189112678,-0.0146276793,-0.255661964,-0.000254631042,1
1553,15.999997,0.869748354,-0.856458545,0.835785329,-0.804037392,1.37828815,-0.213097543,-0.0252803247,-0.253389359,0.0572625361,-0.911142111,7.91340113,-0.113996081,-0.163546324,-0.0274108537,-0.255906105,-0.000254631042,1
1554,16.009983,0.957609177,-0.913309634,0.895589769,-0.85793519,0.710635781,-1.17646241,-0.00610556407,-0.253520012,-0.766624212,-0.0848603323,2.5509522,-0.0522107445,-0.108152568,-0.00823609252,-0.256089211,-0.000254631042,1
1555,16.020001,0.966469049,-1.01519859,0.966469049,-0.907403111,-0.179939106,-0.564704061,0.0141344611,-0.253615856,-0.196609542,0.839617252,2.95092058,0.06816414,0.0878560916,0.0183955189,-0.256089211,-0.000254631042,1
1556,16.029975,0.948010981,-0.897804797,0.90961796,-0.866795123,1.60054862,-1.26420939,0.0588755682,-0.253869057,0.301554531,-3.54326868,10.8425102,0.0607072897,0.194382533,0.0673976839,-0.25584507,-0.000254631042,1
1557,16.039983,0.815112174,-0.897804797,0.796654105,-0.962777376,0.375145406,1.34247673,0.00880813878,-0.254566669,1.580495,-0.652480006,15.0074492,0.01490092,0.0953129455,0.00241655181,-0.255570412,-0.000254631042,1
1558,16.050004,1.02110529,-0.870486677,0.714699864,-0.911832988,0.0906400681,0.61964184,0.0237218402,-0.254724026,0.979345083,1.08390927,13.2231598,-0.0990823805,-0.110283099,0.0322439559,-0.255509377,-0.000254631042,1
1559,16.059979,0.919216216,-0.947272658,1.00855362,-0.870486677,4.09115362,-0.116416983,0.0322439559,-0.254436493,0.917074561,-3.98874235,10.7227592,-0.0351665132,-0.185916886,0.0151997255,-0.255173683,-0.000254631042,1
1560,16.069998,1.03144181,-0.964254081,0.919216216,-0.921431243,-1.89177334,-1.25162709,0.0066776094,-0.252081871,-1.68391681,1.51980281,5.32198954,0.00637880433,-0.129457861,0.0215913113,-0.255112648,-0.000254631042,1
1561,16.079973,0.998955548,-1.06023657,1.07352638,-0.938412786,-0.472667605,-1.0855993,0.0556797758,-0.251043797,-1.16898751,0.188171908,4.20830584,0.0532504395,0.046310775,0.0567450412,-0.254776955,-0.000254631042,1
1562,16.089997,1.02258193,-0.953917563,0.895589769,-0.995263934,2.29166722,-1.21942568,0.068462953,-0.25142765,-0.610947967,-2.52299023,11.5011406,0.0724252015,0.14218457,0.0716587454,-0.254197121,-0.000254631042,1
1563,16.100002,0.915524542,-0.879346609,0.902234733,-0.96942246,2.59517837,0.087610051,0.0748545378,-0.251331806,0.730263054,-2.49185514,14.6290359,-0.0756465644,0.0974434689,0.0748545378,-0.253586769,-0.000254631042,1
1564,16.109976,0.994525611,-0.887468219,0.892636478,-0.944319308,0.771434963,0.253226846,0.0460923947,-0.252718449,0.438070625,-0.683615267,12.3322124,-0.124648727,-0.0250619445,0.0460923947,-0.25306797,-0.000254631042,1
1565,16.120005,0.979020655,-0.986403883,0.915524542,-0.964254081,1.3800354,-0.157763705,0.00561234495,-0.252047062,0.19138363,-1.37577593,9.00074005,0.00105248217,-0.0921735987,0.00561234495,-0.252762794,-0.000254631042,1
1566,16.129979,0.985665619,-0.975328982,0.903711379,-0.905926406,-0.923650086,0.260424763,0.00454708049,-0.250085354,0.0237322599,0.959368229,6.92904806,0.188539028,-0.0655419976,0.00454708049,-0.252701759,-0.000254631042,1
1567,16.139976,0.968684077,-0.896328092,0.998955548,-0.893374801,2.33867908,-0.0786443427,0.0375702791,-0.249099731,0.500341177,-2.28588343,9.83660221,0.194930613,0.0196791627,0.0375702791,-0.252427101,-0.000254631042,1
1568,16.149973,0.940627754,-0.866795123,0.846121907,-0.956870914,1.13617611,0.555553198,0.00987340324,-0.249483109,0.81887877,-0.963832557,12.0639696,0.0479241163,0.0228749551,0.00987340324,-0.252152443,-0.000254631042,1
1569,16.159981,0.976067305,-0.900758088,0.915524542,-0.91478622,1.42614555,0.245009005,0.0226565767,-0.250852108,0.591351867,-1.32069051,10.816165,-0.105473965,0.0292665418,0.0226565767,-0.25193882,-0.000254631042,1
1570,16.169978,0.939151108,-0.879346609,0.929552794,-1.00190878,-0.127616003,0.917457759,-0.00184450613,-0.250468731,0.857199073,0.351033211,8.80674362,-0.0681897104,0.0441802442,-0.00184450613,-0.251908302,-0.000254631042,1
1571,16.179976,1.02405858,-0.933244407,0.895589769,-0.891898096,0.437938005,1.25003254,0.00561234495,-0.24929142,1.31943786,-0.115995586,6.75181627,0.0809473172,0.0473760366,0.00561234495,-0.251755714,-0.000254631042,1
1572,16.189984,0.939151108,-0.938412786,0.900019765,-0.939889371,-0.164539427,0.632157564,-0.00184450613,-0.248750687,0.572191715,0.315107942,8.579216,0.162972689,0.0750729144,-0.00184450613,-0.251633644,-0.000254631042,1
1573,16.199980,0.957609177,-0.874916673,0.903711379,-0.902973056,1.67383969,0.305769384,0.0173302535,-0.250468731,0.711102903,-1.54582238,13.3285408,0.0447283238,0.0431149788,0.0173302535,-0.251511574,-0.000254631042,1
1574,16.209978,0.926599503,-0.922907889,0.943580985,-0.981235683,0.932543337,0.849079549,-0.00823609252,-0.250277042,1.05359066,-0.693195343,14.4278545,-0.110800289,-0.0229314156,-0.00823609252,-0.251450539,-0.000254631042,1
1575,16.220003,1.01298368,-0.96130085,0.929552794,-0.921431243,0.0579150319,0.22228545,-0.0210192669,-0.250372887,0.229703948,-0.00103464653,10.0114384,-0.172585621,-0.0442367047,-0.0210192669,-0.251511574,-0.000254631042,1
1576,16.229978,0.997478843,-0.956870914,0.960562468,-0.919954538,0.0367908441,-0.372998983,-0.0231497958,-0.250119686,-0.352285832,-0.127970681,5.29564428,-0.0447538905,-0.0367798544,-0.0231497958,-0.251694679,-0.000254631042,1
1577,16.240001,0.990095556,-0.976805627,0.922169626,-0.933244407,-0.556614399,0.702448845,-0.0263455883,-0.249230385,0.543451488,0.712681174,5.85368395,0.128884211,0.0931824148,-0.0263455883,-0.251847267,-0.000254631042,1
1578,16.249976,0.957609177,-0.948749363,0.968684077,-0.944319308,1.10124183,0.368719608,0.000286022841,-0.249962807,0.629672229,-0.975807667,11.5418558,0.0766862556,0.0995739996,0.000286022841,-0.251908302,-0.000254631042,1
1579,16.260000,1.05211484,-0.922907889,0.847598612,-0.942842603,0.45630914,0.767548382,-0.0199540015,-0.252465248,0.857199073,-0.250116676,14.6865168,-0.0372970402,0.0324623361,-0.0199540015,-0.25193882,-0.000254631042,1
1580,16.269999,0.948010981,-0.96130085,0.962039173,-1.00486207,1.55417585,0.132190078,-0.0156929437,-0.253067493,0.517106295,-1.47157669,12.3010769,-0.145954013,-0.101760983,-0.0156929437,-0.252091408,-0.000254631042,1
1581,16.279973,0.991572261,-0.999693871,0.956132531,-0.921431243,0.379542619,0.374326169,-0.018888738,-0.252335072,0.457230806,-0.274066895,8.71812725,-0.0660591796,-0.10921783,-0.018888738,-0.252243996,-0.000254631042,1
1582,16.289998,1.04547,-1.01889026,1.01446033,-0.973852336,-0.356563866,-0.606201351,-0.00184450613,-0.25021553,-0.675613463,0.195356965,3.23592782,0.0596420243,-0.0570198782,-0.00184450613,-0.252335548,-0.000254631042,1
1583,16.299973,0.98861891,-0.973852336,0.998955548,-0.945796013,-0.0752615184,-0.270217419,0.0205260478,-0.249709606,-0.280435234,0.00615041237,8.08823776,0.109709457,0.110226646,0.0205260478,-0.252213478,-0.000254631042,1
1584,16.310001,1.03661013,-0.952440858,0.94505769,-0.975328982,0.699906409,0.79979372,0.035439752,-0.25025034,0.948209822,-0.480038583,14.1141071,0.0095745977,0.119814023,0.035439752,-0.251908302,-0.000254631042,1
1585,16.319976,0.974590659,-0.975328982,0.94505769,-1.00190878,-0.0688699931,-0.586027801,-0.00823609252,-0.253101826,-0.584602773,-0.0800702944,15.3092213,-0.0905602649,0.0399191864,-0.00823609252,-0.251725197,-0.000254631042,1
1586,16.329974,1.03661013,-1.00486207,1.018152,-0.998217165,1.34192157,0.335992217,0.00561234495,-0.25268364,0.66080749,-1.21530962,8.44270039,-0.0213180706,-0.0921735987,0.00561234495,-0.25181675,-0.000254631042,1
1587,16.339981,0.993048966,-0.984188974,1.00412381,-0.96942246,-0.346926272,0.734270751,-0.00823609252,-0.251410484,0.624882162,0.518684566,5.94948483,0.0692294016,-0.0655419976,-0.00823609252,-0.251847267,-0.000254631042,1
1588,16.349977,1.06097484,-0.975328982,0.973114073,-0.99674046,-0.242558375,0.256691545,0.0151997255,-0.249038696,0.188988611,0.298342794,8.7133379,0.103317864,0.0750729144,0.0151997255,-0.251786232,-0.000254631042,1
1589,16.359976,1.12004101,-0.877870023,0.998955548,-1.00486207,1.66761327,-1.83116198,0.030113427,-0.249360561,-1.36298418,-2.06793666,10.1814842,-0.00320857554,0.125140354,0.030113427,-0.251542091,-0.000254631042,1
1590,16.369973,0.906664729,-1.01889026,0.95317924,-0.973852336,0.829812884,0.820340931,-0.0220845304,-0.251270294,1.00090027,-0.59978956,13.9272957,-0.120387666,0.133662462,-0.0220845304,-0.251450539,-0.000254631042,1
1591,16.379981,1.10601282,-0.967207372,0.990095556,-1.04325497,-1.18804491,0.757914841,-0.0242150594,-0.253546715,0.435675621,1.34017634,10.682044,-0.0756465644,-0.0282577388,-0.0242150594,-0.251725197,-0.000254631042,1
1592,16.389978,1.0565449,-1.06466651,1.0565449,-0.993787229,0.361479938,-0.0890656039,-0.0178234726,-0.25386095,0.00457210233,-0.372262716,8.2870245,0.0670988783,-0.0804556906,-0.0178234726,-0.251877785,-0.000254631042,1
1593,16.399975,0.994525611,-1.01889026,0.960562468,-0.978282332,-0.601630092,0.581498563,-0.0263455883,-0.250626087,0.414120436,0.727051318,7.74574947,0.112905249,-0.0144093009,-0.0263455883,-0.252121925,-0.000254631042,1
1594,16.410000,1.08090973,-0.96942246,1.02110529,-0.987880588,0.989462674,-0.863265634,0.01626499,-0.249866962,-0.591787815,-1.17219925,11.2161331,0.0127703911,0.0782687142,0.01626499,-0.252121925,-0.000254631042,1
1595,16.419984,0.987142205,-1.0233202,0.98861891,-1.01889026,0.730102122,0.423407942,-0.0124971503,-0.250791073,0.591351867,-0.602184594,10.8999901,-0.125713989,0.124075085,-0.0124971503,-0.252030373,-0.000254631042,1
1596,16.429997,1.11634934,-0.99674046,1.01446033,-1.08164811,1.23829639,0.558541715,-0.00504029961,-0.252335072,0.850014031,-1.05963337,10.5096025,-0.171520352,0.0324623361,-0.00504029961,-0.252030373,-0.000254631042,1
1597,16.439983,1.0565449,-1.0506382,0.997478843,-0.978282332,0.626496792,-1.11788785,-0.0220845304,-0.254193306,0.0572625361,0.271997601,9.39591789,-0.0671244487,0.00902651716,-0.0231497958,-0.252152443,-0.000254631042,1
1598,16.450005,1.03661013,-1.07574141,1.04842341,-0.871963322,-0.402891248,0.0546517894,-0.0178234726,-0.252973557,1.1326263,0.310317874,8.40437984,0.107578926,-0.0133440364,-0.0242150594,-0.252305031,-0.000254631042,1
1599,16.459980,1.03291845,-1.03882527,1.02553523,-1.09567606,-0.198299259,-0.532789767,-0.036998231,-0.252616882,-0.603762925,0.530659676,11.259243,0.121427365,0.0143528394,-0.0242150594,-0.252640724,-0.000254631042,1
1600,16.469996,0.985665619,-1.02775025,1.03144181,-0.970899045,1.62869895,0.00848688185,0.00348181627,-0.25339365,0.284789413,-1.04047322,13.2207642,-0.0500802137,0.0292665418,-0.00397503516,-0.252732277,-0.000254631042,1
1601,16.479981,1.03956342,-1.04916167,1.03956342,-1.08164811,-0.692203343,0.188963473,-0.0103666214,-0.253447056,-0.757044137,0.078001,10.5622931,-0.170455083,0.0431149788,-0.00397503516,-0.252884865,-0.000254631042,1
1602,16.489998,1.01962852,-1.08164811,1.06097484,-1.01519859,1.00912702,0.165999725,0.0237218402,-0.253867149,1.15657651,-0.949462414,7.05119371,-0.15554139,0.0271360129,0.0226565767,-0.252854347,-0.000254631042,1
1603,16.499984,1.02996516,-1.13259256,0.974590659,-1.03882527,-2.29704809,0.069196932,0.0311786924,-0.254061222,0.32550472,1.64434385,5.52796125,0.042597793,0.0601592101,0.0407660753,-0.252640724,-0.000254631042,1
1604,16.510003,1.00117052,-1.1451441,1.0351336,-1.0063386,1.38042045,1.53649628,0.0642018914,-0.25431633,1.83436704,-1.15782917,11.9537992,0.152320042,0.0473760366,0.0620713644,-0.252213478,-0.000254631042,1
1605,16.519977,0.94505769,-1.0506382,0.915524542,-1.02479696,-0.990451396,0.0883828104,0.0716587454,-0.253743172,-0.163079277,0.980923414,15.2709017,0.0617725551,-0.033584062,0.0908335,-0.251725197,-0.000254631042,1
1606,16.530001,0.934721053,-1.14219081,1.09641457,-1.05432999,0.139984891,0.0971653387,0.131313547,-0.253012657,0.129113123,-0.111205548,10.5455275,-0.0543412715,-0.0506282933,0.137705132,-0.250779152,-0.000254631042,1
1607,16.540002,0.966469049,-1.14809728,0.976067305,-1.10232115,-0.102327473,0.021030955,0.137705132,-0.250660419,-0.0050079762,0.104346216,6.8500123,-0.100147642,-0.0495630279,0.144096717,-0.249588966,-0.000254631042,1
1608,16.549978,0.948010981,-1.19313526,1.02996516,-1.09419954,-0.876625776,0.78762275,0.210143119,-0.248098373,0.548241556,1.04319394,6.31113291,-0.0372970402,0.0558981523,0.210143119,-0.248002052,-0.000254631042,1
1609,16.559996,0.980497301,-1.16507888,0.990095556,-1.08681631,0.0991028249,0.863818944,0.216534704,-0.245632172,0.861989141,0.113926299,10.6940184,0.0884041637,0.0580286831,0.216534704,-0.246079445,-0.000254631042,1
1610,16.569982,0.936197698,-1.1805836,1.01150692,-1.04916167,1.65692198,-0.141756326,0.257014751,-0.245764732,0.265629232,-1.64162314,13.390811,-0.0362317748,0.0590939485,0.257014751,-0.243943214,-0.000254631042,1
1611,16.579979,0.87417835,-1.23300493,0.976067305,-1.15326571,0.0184609443,0.607169271,0.282581091,-0.243203163,0.593746901,0.12829642,13.5488825,-0.147019267,-0.0729988441,0.282581091,-0.241562843,-0.000254631042,1
1612,16.590000,0.968684077,-1.23669648,1.04251659,-1.11118114,-1.43611431,0.677637935,0.32093063,-0.239053726,0.318319649,1.55572808,8.2175684,-0.174716145,-0.114544153,0.32093063,-0.238816261,-0.000254631042,1
1613,16.599974,0.94505769,-1.3060993,1.06909645,-1.07426476,-0.371706963,-0.586569369,0.363541186,-0.232593536,-0.656453311,0.226492211,4.29931641,0.0489893816,-0.0932388678,0.363541186,-0.235581398,-0.000254631042,1
1614,16.609996,0.928076148,-1.17320037,0.968684077,-1.07721806,-1.23827541,-0.0322474316,0.378454894,-0.228225708,-0.311570495,1.19887018,9.37436295,0.146993712,0.0772034451,0.378454894,-0.232132912,-0.000254631042,1
1615,16.619994,0.905188084,-1.18575203,1.03661013,-1.14809728,1.73081577,-0.128526747,0.372063309,-0.224982738,0.260839194,-1.71586871,11.6017313,0.0308798868,0.0761381835,0.372063309,-0.22850132,-0.000254631042,1
1616,16.629980,0.946534336,-1.21602333,1.03291845,-1.17320037,0.402571648,0.873723209,0.344366431,-0.222524643,0.94102478,-0.199821278,16.4181156,-0.0958865881,0.0239402205,0.344366431,-0.225144386,-0.000254631042,1
1617,16.640002,0.973114073,-1.24703312,1.02405858,-1.13259256,0.500171781,-0.0293878838,0.341170639,-0.221496582,0.0812127292,-0.494408697,14.0949469,-0.108669758,-0.132653654,0.341170639,-0.221879005,-0.000254631042,1
1618,16.649978,0.923646212,-1.25663137,1.10305953,-1.09862947,-0.463799655,-1.01365185,0.341170639,-0.217922211,-1.08995187,0.233677283,7.65234375,0.0639030859,-0.129457861,0.341170639,-0.218644142,-0.000254631042,1
1619,16.659975,0.974590659,-1.17763042,1.02553523,-1.09862947,0.931622624,-1.16532004,0.350758016,-0.211435318,-0.943855703,-1.15543413,5.15912819,0.0276840944,0.00796125364,0.350758016,-0.215226173,-0.000254631042,1
1620,16.669984,1.01962852,-1.1591723,1.07647979,-1.12963915,-1.44529283,0.220053658,0.358214885,-0.203691959,-0.0768585652,1.45992732,5.80578375,0.0372714698,0.189056203,0.358214885,-0.211686134,-0.000254631042,1
1621,16.679981,0.993048966,-1.1591723,0.973114073,-1.17763042,1.45207345,0.509926438,0.3518233,-0.201433659,0.790138543,-1.32069051,13.5057716,0.0212925076,0.15496774,0.3518233,-0.208054543,-0.000254631042,1
1622,16.689978,0.939151108,-1.19313526,1.01298368,-1.10010624,0.371160477,0.204066202,0.286842167,-0.204565048,0.275209308,-0.321967304,14.1188965,0.113970511,-0.0197356232,0.286842167,-0.205643654,-0.000254631042,1
1623,16.699974,0.939151108,-1.17320037,1.02848852,-1.09419954,0.317917615,0.124762096,0.268732667,-0.204042912,0.186593592,-0.286041975,12.2603617,0.0734904632,-0.142241046,0.268732667,-0.202927589,-0.000254631042,1
1624,16.709983,0.94210434,-1.18722868,1.08607781,-1.10527444,2.21385002,-1.52892447,0.254884213,-0.197015285,-1.06600165,-2.47029996,8.0523119,0.00424827542,-0.0836514831,0.254884213,-0.200303078,-0.000254631042,1
1625,16.719981,1.04547,-1.15474236,1.03808689,-1.16064894,0.221134394,-0.481408209,0.228252605,-0.188896179,-0.431321502,-0.30759719,4.21549082,-0.0309054516,0.0345928632,0.228252605,-0.197770119,-0.000254631042,1
1626,16.729979,1.05949819,-1.16655552,1.09346116,-1.10970449,1.09243655,0.803864062,0.214404166,-0.187831879,0.993715167,-0.92311722,7.96369648,-0.00214331108,0.0793339759,0.214404166,-0.195328712,-0.000254631042,1
1627,16.750004,1.03661013,-1.14366746,1.00707698,-1.09715283,0.316601783,0.516300023,0.162206218,-0.192821503,0.567401707,-0.211796373,13.4985867,-0.00107804674,-0.0218661521,0.162206218,-0.19145298,-0.000254631042,1
1628,16.759978,1.00707698,-1.17467701,1.11634934,-1.08017147,-0.269724518,-0.487692863,0.160075679,-0.188043594,-0.529517293,0.17380178,9.60667992,-0.0127959559,-0.0644767284,0.160075679,-0.189774513,-0.000254631042,1
1629,16.770001,1.06097484,-1.15621912,1.03956342,-1.07278812,0.776645124,-1.20165837,0.120660909,-0.1836133,-1.03965652,-0.982992709,7.12783432,0.0383367352,-0.0602156706,0.120660909,-0.188096046,-0.000254631042,1
1630,16.779975,1.01298368,-1.13776076,1.07057321,-1.06023657,-1.0464474,1.3879751,0.113204055,-0.181930065,1.17573667,1.28030086,8.42833042,0.155515835,-0.0570198782,0.113204055,-0.186753273,-0.000254631042,1
1631,16.789995,1.08755457,-1.09862947,1.05211484,-1.04473174,1.27862585,-0.0346717723,0.108943,-0.184877396,0.200963706,-1.26321006,9.8964777,-1.27822468e-05,-0.0176050942,0.108943,-0.1854105,-0.000254631042,1
1632,16.799982,0.990095556,-1.07721806,1.04547,-1.13923752,-0.568767786,0.315244794,0.115334585,-0.184171677,0.205753759,0.616880417,10.1862745,-0.0649939179,-0.0133440364,0.115334585,-0.184189796,-0.000254631042,1
1633,16.809994,0.996002197,-1.07426476,1.06909645,-1.06318986,-0.166914165,0.0667831972,0.10681247,-0.180648804,0.0357073583,0.176196814,7.73856449,-0.094821319,0.0324623361,0.10681247,-0.182877541,-0.000254631042,1
1634,16.820001,1.0351336,-1.11708772,1.02553523,-1.07869482,0.926610172,-0.43890354,0.0673976839,-0.179855347,-0.266065121,-0.990177751,9.47495365,0.00637880433,-0.010148243,0.0673976839,-0.181809425,-0.000254631042,1
1635,16.829975,1.02996516,-1.07869482,1.04104006,-1.01667535,-2.63064933,0.976573467,0.0631366298,-0.179663658,0.490761071,2.7628181,12.6507502,0.145928457,-0.0655419976,0.0631366298,-0.181015968,-0.000254631042,1
1636,16.840005,1.00855362,-1.04473174,1.03808689,-1.0122453,0.0864950046,0.349191993,0.0769850686,-0.179977894,0.359034985,-0.0225898232,12.0687599,0.0383367352,-0.0900430754,0.0769850686,-0.180161476,-0.000254631042,1
1637,16.849978,0.994525611,-1.02775025,1.0351336,-1.06318986,-0.396428943,0.27837038,0.0908335,-0.178957939,0.203358725,0.439648956,9.04145527,-1.27822468e-05,-0.0399756469,0.0908335,-0.179245949,-0.000254631042,1
1638,16.859977,1.02405858,-1.04325497,1.05211484,-1.04177845,-0.381798923,0.637005985,0.068462953,-0.176202297,0.560216665,0.487549335,6.16982651,-0.0724507645,0.0218096916,0.068462953,-0.178360939,-0.000254631042,1
1639,16.869975,1.06540489,-1.05580652,1.03808689,-1.05875993,0.0795969814,-0.352451205,0.0365050174,-0.175600052,-0.333125681,-0.13994579,9.53722382,0.06816414,0.0708118603,0.0365050174,-0.177598,-0.000254631042,1
1640,16.879984,1.018152,-1.04916167,0.997478843,-1.01889026,-1.37352014,0.913762569,0.0375702791,-0.17648983,0.658412457,1.51261771,12.6507502,0.173625335,0.0164833684,0.0375702791,-0.177140236,-0.000254631042,1
1641,16.889981,1.04399335,-0.972375751,1.00855362,-1.02184355,-0.41045019,0.390171707,0.0460923947,-0.178225517,0.0596575551,0.413303733,12.0280447,0.0500546433,-0.00695244875,0.0460923947,-0.176621437,-0.000254631042,1
1642,16.899978,1.00560045,-1.03365684,1.01446033,-1.03882527,0.445890993,0.380083382,0.0418313369,-0.176420689,0.821273804,-0.185451165,9.37196827,-0.0362317748,0.000504402502,0.0386355445,-0.176163673,-0.000254631042,1
1643,16.909975,1.04989994,-0.993787229,1.01298368,-1.0063386,-0.21142225,-0.918735743,0.0322439559,-0.173909187,-0.886375248,0.85638237,7.91819096,-0.0564718023,0.00902651716,0.0322439559,-0.175766945,-0.000254631042,1
1644,16.919984,1.08903122,-1.04473174,1.02701199,-1.04768503,-0.157408834,-1.25414002,0.0194607824,-0.174963474,-0.170264333,-0.937487364,7.48229742,0.0191619787,0.0569634177,0.0120039321,-0.175370216,-0.000254631042,1
1645,16.929981,1.04547,-1.04325497,0.997478843,-1.0122453,-1.69882405,1.62348425,0.00561234495,-0.175120831,1.27872252,1.94611633,12.3609524,0.150189519,-0.012278772,0.00880813878,-0.175248146,-0.000254631042,1
1646,16.939995,1.02405858,-0.964254081,0.998955548,-1.02775025,-0.0569856539,0.316428483,0.0375702791,-0.176071644,0.117138028,0.798901916,12.0759449,0.00744406879,-0.00162612647,0.0397008099,-0.174973488,-0.000254631042,1
1647,16.949974,1.02553523,-0.998217165,0.991572261,-1.01076865,1.22370303,-0.594355702,0.0269176345,-0.175592422,0.0117571615,0.0756059811,10.2988405,-0.0852339417,-0.0165398289,0.0194607824,-0.174576759,-0.000254631042,1
1648,16.960004,1.03291845,-1.0122453,1.02553523,-1.04768503,-0.500508785,0.357270181,0.0130691966,-0.17327261,0.265629232,0.24086234,8.13613796,-0.0958865881,0.0292665418,0.00987340324,-0.174424171,-0.000254631042,1
1649,16.969978,1.0565449,-1.01889026,1.00707698,-0.984188974,0.148952186,-0.933209121,-0.00717082852,-0.17325449,-0.89356029,-0.30759719,5.76985836,0.0351409428,0.0207444262,-0.0124971503,-0.174241066,-0.000254631042,1
1650,16.979998,0.994525611,-1.01076865,0.970160723,-1.01519859,-0.500165761,1.12676513,-0.0135624148,-0.175024986,1.02245545,0.688731015,9.91563702,0.120362096,-0.0154745653,-0.00397503516,-0.174363136,-0.000254631042,1
1651,16.989984,1.03144181,-1.00486207,1.00855362,-0.941366017,-0.50789392,0.133825451,0.0269176345,-0.175879955,0.0428924151,0.523474634,11.6783714,0.0106398622,-0.0165398289,0.0322439559,-0.174210548,-0.000254631042,1
1652,16.999996,0.949487627,-0.976805627,0.960562468,-1.0063386,-0.427456647,0.272432387,0.0141344611,-0.175147533,0.193778649,0.468389183,13.4051809,-0.0660591796,-0.0250619445,0.0141344611,-0.17393589,-0.000254631042,1
1653,17.010002,1.02848852,-0.958347499,1.02110529,-0.995263934,-1.01553738,-0.597925067,-0.00610556407,-0.173464298,-0.764229238,0.897097707,9.67613506,-0.128909782,0.013287575,-0.00610556407,-0.173905373,-0.000254631042,1
1654,17.019977,1.01446033,-0.999693871,0.954655945,-0.967207372,-0.0781477988,-0.314801216,-0.00397503516,-0.172617912,-0.323545605,0.0229155496,6.24886227,-0.0181222782,0.0271360129,-0.00397503516,-0.173905373,-0.000254631042,1
1655,17.029994,1.00855362,-0.956870914,0.960562468,-0.970899045,-1.75584269,0.380343527,-0.0284761172,-0.174771786,0.0692376345,1.79523003,7.92298126,0.0788167864,0.025005484,-0.0284761172,-0.174027443,-0.000254631042,1
1656,17.039980,0.95317924,-0.952440858,0.939151108,-0.958347499,0.44117102,0.0671636686,0.0226565767,-0.176263332,0.143483236,-0.422558129,12.159771,0.0564462319,-0.00375665538,0.0226565767,-0.173966408,-0.000254631042,1
1657,17.049994,0.980497301,-0.948749363,0.991572261,-0.979758978,-0.129420504,0.0737169087,0.0226565767,-0.174860001,0.0500774756,0.140271515,12.6651201,-0.0266443938,-0.0389103815,0.0226565767,-0.173874855,-0.000254631042,1
1658,17.059979,0.976067305,-0.956870914,0.937674403,-1.03365684,0.233509675,0.160605684,0.00454708049,-0.173812866,0.198568687,-0.202216297,10.9814215,-0.15021506,0.00689598918,0.00454708049,-0.17381382,-0.000254631042,1
1659,17.069994,0.949487627,-0.973852336,0.983450651,-0.941366017,-0.695783913,-0.399175346,0.00241655181,-0.172617912,-0.512752175,0.616880417,8.72291756,-0.0404928327,-0.051693555,0.00241655181,-0.173844337,-0.000254631042,1
1660,17.079979,0.869748354,-1.0403018,1.01003039,-0.8822999,-1.11495364,0.429484457,-0.018888738,-0.174231052,0.229703948,1.17252493,7.54217291,0.0223577712,-0.0197356232,-0.018888738,-0.17393589,-0.000254631042,1
1661,17.090005,0.846121907,-1.01889026,0.971637428,-0.823972225,-0.205637738,0.94148159,-0.0114318859,-0.176550865,0.890729368,0.367798358,12.1621656,0.0383367352,-0.0953693986,-0.0114318859,-0.174088478,-0.000254631042,1
1662,17.099979,0.818803847,-0.935459435,1.05359161,-0.808467269,0.0946844444,-0.143582702,-0.00610556407,-0.176229,-0.124758959,-0.118390612,12.1693506,-0.0564718023,-0.0655419976,-0.00610556407,-0.174088478,-0.000254631042,1
1663,17.110005,0.824710429,-1.06466651,0.979020655,-0.856458545,-0.711961269,0.190703139,-0.0210192669,-0.174161911,0.0644475967,0.73423636,10.0784988,-0.15554139,-0.0676725209,-0.0210192669,-0.174210548,-0.000254631042,1
1664,17.119997,0.705839932,-1.06835818,1.09641457,-0.773027658,-0.00837706681,0.740322173,-0.0274108537,-0.172713757,0.727868021,0.135481477,7.35536146,-0.103343435,0.00796125364,-0.0274108537,-0.174515724,-0.000254631042,1
1665,17.129983,0.753831089,-1.00929201,1.01593697,-0.817327261,0.20924288,2.59438729,-0.0721519589,-0.174998283,2.59119344,0.245652378,5.81536388,0.0415325277,-0.0293230023,-0.0721519589,-0.174881935,-0.000254631042,1
1666,17.139998,0.861626863,-1.01889026,1.0565449,-0.763429463,-0.980117798,2.36464524,-0.0519119352,-0.176873207,2.15529966,1.38089168,8.97678947,0.109709457,-0.000560861954,-0.0519119352,-0.175461769,-0.000254631042,1
1667,17.149983,0.68073684,-0.96942246,0.97754401,-0.771550953,0.49267751,2.35434866,-0.048716139,-0.177972317,2.40438175,-0.0680951998,12.3681374,0.119296834,-0.071933575,-0.048716139,-0.17595005,-0.000254631042,1
1668,17.159998,0.711746514,-1.02627361,1.08090973,-0.695503354,-1.49083352,2.47319889,-0.0476508774,-0.176995754,2.17206478,1.90300596,13.7021637,0.00531353988,-0.130523115,-0.0476508774,-0.176499367,-0.000254631042,1
1669,17.169984,0.725774765,-1.00929201,0.994525611,-0.692550123,-1.00029695,0.810598016,-0.0263455883,-0.176393986,0.622487128,1.12701952,11.1370974,-0.0213180706,-0.163546324,-0.0263455883,-0.176804543,-0.000254631042,1
1670,17.179996,0.65637207,-1.04177845,1.08607781,-0.715438187,-1.92479479,1.5364536,-0.00717082852,-0.175983429,1.17573667,2.16406298,6.26802254,0.00850933325,-0.0921735987,-0.00717082852,-0.17695713,-0.000254631042,1
1671,17.189982,0.705839932,-1.00338542,1.07943308,-0.674091876,-0.211959615,0.224788219,0.0343744867,-0.176018238,0.184198573,0.248047397,6.28718281,-0.00427384023,0.0676160604,0.0343744867,-0.176804543,-0.000254631042,1
1672,17.199978,0.708793283,-0.993787229,1.01962852,-0.729466379,-1.62450957,1.69044697,0.00987340324,-0.176305771,1.37931335,1.89582086,9.34322739,-0.0404928327,0.168816179,0.00987340324,-0.176682472,-0.000254631042,1
1673,17.209975,0.670400262,-0.952440858,0.963515699,-0.663017035,1.3959316,1.96957207,0.0492881909,-0.176463127,2.18404007,-1.02849805,12.9908428,-0.0905602649,0.173077241,0.0492881909,-0.176529884,-0.000254631042,1
1674,17.219983,0.64529717,-1.00338542,0.963515699,-0.73241967,-1.61175025,1.41308701,0.0258523691,-0.177509785,1.10628116,1.83594537,12.9142017,-0.069254972,0.0505718328,0.0258523691,-0.176285744,-0.000254631042,1
1675,17.229979,0.643820524,-0.992310584,0.980497301,-0.644558847,0.331330657,1.69712639,0.0460923947,-0.178355694,1.72898626,-0.0249848422,10.3251858,-0.0735160336,-0.00375665538,0.0460923947,-0.176041603,-0.000254631042,1
1676,17.239976,0.617979109,-0.986403883,0.974590659,-0.674091876,-1.74682558,1.11358511,0.0237218402,-0.176202297,0.790138543,1.91498101,7.95890617,-0.00746963359,-0.010148243,0.0237218402,-0.175797462,-0.000254631042,1
1677,17.249974,0.626839042,-0.924384594,1.01446033,-0.647512138,-1.20804751,0.845195532,0.068462953,-0.172809601,0.624882162,1.33538628,7.23561049,-0.0511454791,0.0303318072,0.068462953,-0.175431252,-0.000254631042,1
1678,17.259982,0.673353553,-0.945796013,0.966469049,-0.682951808,-0.682545364,0.428192347,0.0482229255,-0.173480988,0.303949565,0.746211469,9.37436295,-0.0117306914,0.116618231,0.0482229255,-0.174790382,-0.000254631042,1
1679,17.269978,0.626839042,-0.982712388,0.94210434,-0.647512138,-0.537591577,1.05092216,0.0333092213,-0.175346851,0.94102478,0.712681174,9.53243446,-0.0522107445,0.150706694,0.0333092213,-0.174454689,-0.000254631042,1
1680,17.289996,0.626839042,-0.965730786,0.928076148,-0.573679566,-0.903883398,1.01396275,0.0183955189,-0.175626755,0.840433955,1.06714404,10.4257765,0.0692294016,0.00583072472,0.0183955189,-0.174210548,-0.000254631042,1
1681,17.299983,0.585492671,-0.955394268,0.915524542,-0.582539439,-0.945578635,0.355732381,0.0386355445,-0.174066067,0.186593592,0.992898464,11.3215141,0.0990568101,-0.129457861,0.0386355445,-0.173996925,-0.000254631042,1
1682,17.309998,0.608380854,-0.919954538,0.911094666,-0.595091045,-1.69644046,0.414367139,0.0407660753,-0.173812866,0.114743009,1.74253964,11.1562576,0.0170314498,-0.0974999219,0.0407660753,-0.17369175,-0.000254631042,1
1683,17.319975,0.594352722,-0.91478622,0.94210434,-0.564081252,-0.496659935,-0.990875304,0.0503534526,-0.171947002,-1.12587714,0.463599145,8.40677547,-0.0468844213,-0.0431714393,0.0492881909,-0.173264503,-0.000254631042,1
1684,17.330030,0.705839932,-0.869009972,0.885253191,-0.660063744,-0.92464757,-0.425035924,0.0237218402,-0.17188549,-0.543887436,0.648015678,10.2174101,-0.0820381492,0.108096115,0.0237218402,-0.172837257,-0.000254631042,1
1685,17.339982,0.705839932,-0.806990683,0.826187134,-0.674091876,-0.678197622,-0.0472294167,0.0247871056,-0.172713757,0.0836077482,1.05037892,9.6617651,-0.101212911,0.146445632,0.0258523691,-0.172532082,-0.000254631042,1
1686,17.350001,0.710269868,-0.817327261,0.815112174,-0.630530655,-0.949805617,0.123864532,0.0322439559,-0.172426224,-0.510357141,1.28988087,8.40437984,-0.0341012478,0.0942476764,0.0397008099,-0.172226906,-0.000254631042,1
1687,17.359975,0.665232003,-0.800345719,0.812158942,-0.555221379,-0.948122203,-0.299551308,0.0631366298,-0.172296047,-0.313965529,0.492339373,9.50608921,0.00744406879,0.0175486337,0.0642018914,-0.171677589,-0.000254631042,1
1688,17.369997,0.761214435,-0.797392428,0.773765981,-0.654157102,-0.52769345,-1.85076773,0.0705934763,-0.17231369,-1.46836495,1.05277395,9.91563702,0.0447283238,-0.0389103815,0.0748545378,-0.171067238,-0.000254631042,1
1689,17.379983,0.685905159,-0.749401152,0.710269868,-0.63717562,0.717791975,-2.65603113,0.0929640308,-0.170413017,-1.70307696,0.624065459,9.94677258,-0.0149264848,0.0260707494,0.0823113844,-0.170304298,-0.000254631042,1
1690,17.389981,0.597306013,-0.825448811,0.742756248,-0.677045226,0.458739996,-1.8940655,0.0460923947,-0.169810772,-1.78929758,-0.772230983,10.5622931,-0.0277096573,0.0665507987,0.0397008099,-0.169693947,-0.000254631042,1
1691,17.399978,0.637913942,-0.797392428,0.804775655,-0.615025818,-0.9246279,-1.04308403,0.0578103065,-0.168476582,-1.1833576,0.736631393,9.7096653,-0.0159917492,0.00689598918,0.0652671531,-0.169205666,-0.000254631042,1
1692,17.409975,0.663755357,-0.771550953,0.823233843,-0.609119177,-0.534782887,-1.31312728,0.0567450412,-0.169558048,-1.38453925,0.305527866,9.31927776,-0.00107804674,-0.0144093009,0.0524839833,-0.168595314,-0.000254631042,1
1693,17.419983,0.65637207,-0.825448811,0.793700755,-0.613549113,-1.84829664,-1.33331406,0.0290481634,-0.16977644,-1.62643623,1.59644341,8.84985352,0.0489893816,-0.0548893511,0.0290481634,-0.168198586,-0.000254631042,1
1694,17.429980,0.694765031,-0.805513978,0.776719272,-0.647512138,-0.229453221,-1.86840796,0.0247871056,-0.169837475,-1.88030839,-0.0896503702,10.1383743,0.0351409428,-0.0378451198,0.0247871056,-0.16789341,-0.000254631042,1
1695,17.439978,0.651942134,-0.783364236,0.769335985,-0.675568581,-0.164625719,-1.36182904,0.00880813878,-0.168215752,-1.37016916,-0.0657001734,11.1873932,-0.0149264848,0.0495065674,0.00880813878,-0.167618752,-0.000254631042,1
1696,17.449975,0.684428513,-0.790009141,0.750877798,-0.658587098,0.0337797999,-1.31516039,-0.0114318859,-0.167456627,-1.29113352,-0.25251171,9.53243446,-0.0287749227,0.0846602991,-0.0114318859,-0.167649269,-0.000254631042,1
1697,17.459983,0.725774765,-0.775980949,0.793700755,-0.70510155,0.398091525,-1.33835864,-0.0210192669,-0.168223381,-1.25281322,-0.616554737,9.41268349,-0.00427384023,0.0633550063,-0.0210192669,-0.167801857,-0.000254631042,1
1698,17.469997,0.684428513,-0.754569471,0.815112174,-0.692550123,0.222934306,-0.349536449,-0.0327371769,-0.170002937,-0.306780457,-0.278856933,9.64500046,-0.00853489805,-0.0346493237,-0.0327371769,-0.167954445,-0.000254631042,1
1699,17.480002,0.611334205,-0.744971275,0.809205592,-0.648988843,-0.927829623,-0.285151124,-0.0220845304,-0.170569897,-0.438506544,0.865962446,9.15881157,-0.0341012478,-0.132653654,-0.0220845304,-0.168290138,-0.000254631042,1
1700,17.489976,0.71617651,-0.747924507,0.776719272,-0.63717562,-0.92946279,-0.922465622,0.00774287386,-0.169454098,-1.06600165,0.760581553,9.2833519,-0.0341012478,-0.168872654,0.00774287386,-0.168351173,-0.000254631042,1
1701,17.500066,0.697718382,-0.77893424,0.776719272,-0.657110393,-1.06956041,-1.43877888,-0.0178234726,-0.16840744,-1.59769607,0.813271999,11.1083574,-0.0245138649,-0.126262069,-0.0178234726,-0.168290138,-0.000254631042,1
1702,17.509981,0.697718382,-0.757522762,0.73537302,-0.711008191,0.330850512,-2.16266561,-0.0284761172,-0.168284893,-2.07669997,-0.688405275,12.152586,-0.0479496866,-0.0112135075,-0.0284761172,-0.168412209,-0.000254631042,1
1703,17.519994,0.71617651,-0.774504304,0.745709598,-0.689596713,-0.0711113289,-1.12030303,-0.0444550812,-0.169051647,-1.11629713,-0.118390612,11.5777807,-0.0586023293,0.0654855371,-0.0444550812,-0.168778419,-0.000254631042,1
1704,17.529982,0.752354503,-0.69993329,0.762691081,-0.709531605,0.034589801,-0.664831042,-0.0796088129,-0.170865536,-0.64926827,-0.147130847,8.75405312,-0.0713855028,0.0889213532,-0.0796088129,-0.169327736,-0.000254631042,1
1705,17.540005,0.745709598,-0.775980949,0.750877798,-0.727989674,-0.625902712,0.281106889,-0.0955877751,-0.172008038,0.16982846,0.664780796,7.8439455,-0.0170570128,0.0569634177,-0.0955877751,-0.170121193,-0.000254631042,1
1706,17.549980,0.793700755,-0.771550953,0.75973779,-0.749401152,0.119845144,0.192787722,-0.083869867,-0.173046112,0.210543796,-0.0848603323,8.77800274,-0.022383336,0.00370019581,-0.083869867,-0.170945168,-0.000254631042,1
1707,17.560003,0.761214435,-0.817327261,0.750877798,-0.720606506,1.04592001,-0.907579064,-0.076413013,-0.173046112,-0.713933825,-1.18656933,9.86294651,0.0127703911,-0.0708683133,-0.076413013,-0.171555519,-0.000254631042,1
1708,17.570001,0.755307794,-0.790009141,0.784840882,-0.720606506,-1.12080419,-0.503841937,-0.0796088129,-0.173717022,-0.689983606,1.01684868,11.6208916,0.0383367352,-0.123066269,-0.0796088129,-0.172318459,-0.000254631042,1
1709,17.579975,0.778195918,-0.763429463,0.76785934,-0.74349463,1.16610944,-0.123393908,-0.0678908974,-0.174737453,0.0812127292,-1.16980422,12.377718,-0.0490149483,-0.145436838,-0.0678908974,-0.172959328,-0.000254631042,1
1710,17.589983,0.786317527,-0.804037392,0.787794113,-0.726513088,0.332073271,-0.49422276,-0.0529771969,-0.174833298,-0.428926468,-0.412978053,9.95395756,-0.119322404,-0.114544153,-0.0529771969,-0.173600197,-0.000254631042,1
1711,17.600004,0.855720162,-0.794439077,0.832093716,-0.792962432,0.713566661,-0.0968231559,-0.046585612,-0.174484253,0.0285222996,-0.719540536,6.8739624,-0.141692951,-0.000560861954,-0.046585612,-0.174118996,-0.000254631042,1
1712,17.610001,0.844645321,-0.852028489,0.76785934,-0.812897265,0.484953284,0.164564669,-0.0391287617,-0.174963474,0.24646908,-0.448903322,7.10627937,-0.0330359787,0.0548328906,-0.0391287617,-0.174607277,-0.000254631042,1
1713,17.619974,0.810682297,-0.870486677,0.764167726,-0.783364236,1.29654634,0.184876144,-0.048716139,-0.176236629,0.409330398,-1.24404991,10.3563213,0.0415325277,0.0558981523,-0.048716139,-0.175065041,-0.000254631042,1
1714,17.630002,0.823233843,-0.880823314,0.796654105,-0.747924507,-0.738948226,0.188282341,-0.0668256357,-0.177474976,0.0548675135,0.760581553,11.6616068,0.0969262794,-0.0293230023,-0.0668256357,-0.175675392,-0.000254631042,1
1715,17.639976,0.776719272,-0.785579205,0.789270818,-0.771550953,1.16642272,0.227489322,-0.0593687855,-0.178417206,0.430885583,-1.10753369,12.2867069,0.0159661844,-0.061280936,-0.0593687855,-0.176316261,-0.000254631042,1
1716,17.650002,0.812158942,-0.783364236,0.804775655,-0.797392428,0.864494503,0.214241818,-0.048716139,-0.177876472,0.363825023,-0.81294632,10.3419504,-0.0490149483,-0.0623462014,-0.048716139,-0.176926613,-0.000254631042,1
1717,17.660064,0.857196808,-0.852028489,0.816588879,-0.792962432,0.218604058,-0.783785999,-0.0242150594,-0.176873207,-0.733093977,-0.353102565,7.14699459,-0.0894949958,0.013287575,-0.0242150594,-0.177323341,-0.000254631042,1
1718,17.669979,0.849075198,-0.809943914,0.823233843,-0.828402102,1.65387976,0.170249343,-0.0135624148,-0.176018238,0.457230806,-1.59851277,6.8021121,-0.0234485995,0.0931824148,-0.0135624148,-0.177506447,-0.000254631042,1
1719,17.680003,0.857196808,-0.862365067,0.809205592,-0.838000298,0.584262848,0.454177886,-0.0135624148,-0.17837286,0.55063659,-0.494408697,10.0784988,-0.0149264848,0.0782687142,-0.0135624148,-0.177750587,-0.000254631042,1
1720,17.689979,0.821757138,-0.919954538,0.773765981,-0.829878747,0.0351792499,-0.106461585,-0.0348677039,-0.180552959,-0.0984137431,-0.0537250787,12.02565,-0.0245138649,-0.0357145891,-0.0348677039,-0.178025246,-0.000254631042,1
1721,17.700004,0.826187134,-0.877870023,0.829140425,-0.775980949,-0.00151442748,-0.572143376,-0.0146276793,-0.18121624,-0.563047588,-0.101625472,13.4099712,0.0255535655,-0.10921783,-0.0146276793,-0.178299904,-0.000254631042,1
1722,17.709977,0.820280552,-0.856458545,0.813635588,-0.826925516,-0.378384531,-0.508478761,-0.0103666214,-0.179402828,-0.567837596,0.281577677,11.0796165,-0.0287749227,-0.101760983,-0.0103666214,-0.178452492,-0.000254631042,1
1723,17.719974,0.86605674,-0.787055731,0.827663779,-0.829878747,1.15163052,0.108006157,0.01626499,-0.176681519,0.308739573,-1.11471879,8.19361782,-0.041558098,-0.0271924734,0.01626499,-0.178483009,-0.000254631042,1
1724,17.729983,0.860150158,-0.826925516,0.818803847,-0.869009972,-0.548867464,-0.0143956086,0.0194607824,-0.176209927,-0.110388838,0.537844777,6.00217533,-0.0447538905,0.0995739996,0.0194607824,-0.178330421,-0.000254631042,1
1725,17.739981,0.868271768,-0.829878747,0.834308743,-0.843906999,1.18251157,0.614085674,0.0205260478,-0.178311348,0.814088702,-1.05484331,8.78997803,-0.0287749227,0.141119301,0.0205260478,-0.178055763,-0.000254631042,1
1726,17.749978,0.87417835,-0.91478622,0.769335985,-0.863841772,0.511326849,0.273887247,0.00135128724,-0.180936813,0.361430019,-0.45369339,11.2688236,0.0468588509,0.072942391,0.00135128724,-0.177994728,-0.000254631042,1
1727,17.759974,0.83873868,-0.843906999,0.80625236,-0.808467269,-0.977012813,0.616985202,0.00135128724,-0.182096958,0.675177574,-0.259696782,13.0914335,0.0660336092,-0.0708683133,0.00135128724,-0.178116798,-0.000254631042,1
1728,17.769983,0.812158942,-0.910356343,0.793700755,-0.817327261,1.17109406,0.249088466,0.0120039321,-0.179559708,0.133903161,-0.0225898232,11.484375,-0.010665427,-0.118805215,0.00880813878,-0.178147316,-0.000254631042,1
1729,17.779979,0.83061707,-0.797392428,0.869748354,-0.843906999,0.743571281,0.0301901437,0.0450271331,-0.176455021,-1.07558179,-1.37577593,8.23433399,-0.0351665132,-0.0453019701,0.0482229255,-0.178025246,-0.000254631042,1
1730,17.789975,0.86605674,-0.835047007,0.824710429,-0.877870023,0.835199833,-0.0555490032,0.0322439559,-0.175094128,0.0165472012,0.353428245,5.07290792,-0.0713855028,0.0793339759,0.0386355445,-0.177598,-0.000254631042,1
1731,17.800001,0.934721053,-0.862365067,0.840215385,-0.842430294,-0.225542501,-0.0842026919,0.0492881909,-0.175860882,1.22603214,-0.85605669,7.13262463,-0.022383336,0.147510886,0.0418313369,-0.177140236,-0.000254631042,1
1732,17.809977,0.799607396,-0.862365067,0.815112174,-0.913309634,1.33197641,0.310128629,0.0194607824,-0.177989006,0.335084796,-1.13866901,11.7621975,0.0383367352,0.0857255608,0.0173302535,-0.176926613,-0.000254631042,1
1733,17.820001,0.868271768,-0.91478622,0.80625236,-0.815850556,-0.0471546762,0.991867244,0.0130691966,-0.18013525,0.636857271,0.899492741,13.3381205,0.0117051266,-0.0431714393,0.0130691966,-0.17695713,-0.000254631042,1
1734,17.829975,0.792224109,-0.812897265,0.872701705,-0.862365067,0.745358109,-0.285543114,0.0279828981,-0.178443909,-0.148709148,-0.784206092,11.5370655,-0.039427571,-0.123066269,0.0247871056,-0.176804543,-0.000254631042,1
1735,17.839997,0.872701705,-0.848336875,0.810682297,-0.795915782,-0.0260562971,-0.523423612,0.0290481634,-0.175435066,-0.519937217,-0.0657001734,7.69545412,-0.0351665132,-0.0197356232,0.0343744867,-0.176499367,-0.000254631042,1
1736,17.849973,0.885253191,-0.853505194,0.871225059,-0.880823314,0.735223949,-0.347823977,0.0460923947,-0.173385143,-0.215769708,-0.784206092,6.78774166,0.00744406879,0.0857255608,0.0492881909,-0.176102638,-0.000254631042,1
1737,17.859999,0.849075198,-0.828402102,0.7951774,-0.829878747,-0.258350849,-0.589454472,0.0269176345,-0.174247742,-0.62531805,0.152246609,9.81504631,0.0298146233,0.162424594,0.0258523691,-0.17570591,-0.000254631042,1
1738,17.870001,0.863103449,-0.84686029,0.816588879,-0.874916673,0.698736668,1.30043173,0.0215913113,-0.177256584,1.40326357,-0.458483428,11.3598347,0.0127703911,0.1144877,0.0215913113,-0.175522804,-0.000254631042,1
1739,17.879977,0.843168676,-0.8822999,0.834308743,-0.874916673,0.439988911,0.299702704,0.0151997255,-0.179402828,0.373405099,-0.379447758,11.3742046,0.0351409428,-0.0186703578,0.0151997255,-0.175492287,-0.000254631042,1
1740,17.889974,0.813635588,-0.891898096,0.820280552,-0.798869073,0.408417672,-0.0757404491,0.0226565767,-0.177074909,-0.00261295633,-0.415373057,10.5527124,0.00105248217,-0.107087307,0.0226565767,-0.175431252,-0.000254631042,1
1741,17.899995,0.832093716,-0.798869073,0.854243517,-0.823972225,0.385090381,-1.18687177,0.0482229255,-0.1746068,-1.10192704,-0.585419476,8.57203102,-0.0117306914,-0.0836514831,0.0482229255,-0.175126076,-0.000254631042,1
1742,17.909980,0.852766812,-0.865318418,0.829140425,-0.843906999,0.163758174,-0.796939969,0.030113427,-0.172365189,-0.757044137,-0.298017085,7.11825466,-0.00214331108,0.0399191864,0.030113427,-0.1748209,-0.000254631042,1
1743,17.919977,0.878608227,-0.791485727,0.834308743,-0.852028489,-0.257586062,0.161559194,0.030113427,-0.173227787,0.114743009,0.281577677,7.51822281,0.0340756811,0.145380363,0.030113427,-0.174515724,-0.000254631042,1
1744,17.929973,0.877131641,-0.848336875,0.786317527,-0.843906999,-0.126408145,0.720361829,0.00561234495,-0.17579174,0.687152684,0.250442415,11.6711864,0.0798820481,0.0857255608,0.00561234495,-0.174424171,-0.000254631042,1
1745,17.939982,0.801822364,-0.877870023,0.846121907,-0.832832038,0.0408500247,0.992576659,0.01626499,-0.177937984,0.984135091,0.135481477,12.6746998,0.0394020006,-0.0868472829,0.01626499,-0.174424171,-0.000254631042,1
1746,17.949979,0.832093716,-0.843906999,0.83061707,-0.817327261,0.59090668,-1.50481129,0.0290481634,-0.176883221,-1.37735426,-0.846476614,10.921546,-0.00320857554,-0.164611593,0.0290481634,-0.174271584,-0.000254631042,1
1747,17.959977,0.812158942,-0.873439968,0.835785329,-0.805513978,0.895046294,-0.547673941,0.030113427,-0.172601223,-0.385816127,-0.975807667,9.80067635,-0.0724507645,-0.098565191,0.030113427,-0.173996925,-0.000254631042,1
1748,17.969973,0.908141434,-0.815850556,0.818803847,-0.821018875,0.478856593,-1.19089949,0.0279828981,-0.1705513,-1.09234691,-0.674035192,7.28590584,-0.0554065369,0.0495065674,0.0279828981,-0.17381382,-0.000254631042,1
1749,17.979982,0.834308743,-0.774504304,0.790747523,-0.840953648,-0.351096928,0.731461048,0.00987340324,-0.171509743,0.66080749,0.470784217,5.81775856,0.00850933325,0.140054047,0.00987340324,-0.173630714,-0.000254631042,1
1750,17.989996,0.778195918,-0.773027658,0.753831089,-0.798869073,-0.469322175,0.33821854,-0.0135624148,-0.175155163,0.251259118,0.5210796,10.5263672,0.0862736329,0.14218457,-0.0135624148,-0.173722267,-0.000254631042,1
1751,17.999974,0.779672623,-0.771550953,0.770812571,-0.773027658,-0.329085439,0.423977524,-0.00504029961,-0.177937984,0.359034985,0.398933619,12.9692879,0.11183998,-0.000560861954,-0.00504029961,-0.173844337,-0.000254631042,1
1752,18.009982,0.725774765,-0.812897265,0.782625914,-0.758999407,-0.54857403,0.260467887,-0.00290977047,-0.176246643,0.160248384,0.585745156,10.5335522,0.0884041637,-0.158220008,-0.00290977047,-0.173905373,-0.000254631042,1
1753,18.020000,0.75973779,-0.756046116,0.76785934,-0.758999407,-0.557162404,-0.175141603,0.0109386677,-0.173046112,-0.268460125,0.518684566,10.0042534,0.0159661844,-0.118805215,0.0109386677,-0.17381382,-0.000254631042,1
1754,18.029974,0.824710429,-0.764906049,0.775242567,-0.74349463,-0.055560492,-0.863155246,0.00454708049,-0.170900345,-0.860029995,-0.0920453891,9.022295,0.026618829,-0.0399756469,0.00454708049,-0.173661232,-0.000254631042,1
1755,18.040004,0.804775655,-0.74349463,0.75973779,-0.773027658,-0.487638861,-0.989746571,-0.0242150594,-0.172687054,-1.05881667,0.310317874,7.80562496,-0.00853489805,0.0974434689,-0.0242150594,-0.173600197,-0.000254631042,1
1756,18.049979,0.758261144,-0.694026709,0.741279602,-0.73241967,-0.507461131,0.410805345,-0.0423245542,-0.175443172,0.315924644,0.571375012,10.0066481,0.0138356555,0.161359325,-0.0423245542,-0.173874855,-0.000254631042,1
1757,18.059999,0.731681347,-0.709531605,0.733157992,-0.709531605,-0.792529106,0.978253841,-0.0114318859,-0.176742554,0.823668778,0.952183127,12.2795219,0.0095745977,0.0867908299,-0.0114318859,-0.174210548,-0.000254631042,1
1758,18.069984,0.713223159,-0.727989674,0.714699864,-0.716914833,-0.965741336,0.514294207,0.00987340324,-0.175784111,0.3374798,1.0407989,10.6916237,-0.00214331108,-0.136914715,0.00987340324,-0.174271584,-0.000254631042,1
1759,18.080005,0.728728056,-0.736111343,0.71617651,-0.754569471,-0.915459037,-0.533917725,0.0247871056,-0.175051689,-0.685193598,0.808481991,8.1696682,0.0362062082,-0.275399089,0.0247871056,-0.174149513,-0.000254631042,1
1760,18.089980,0.668923616,-0.716914833,0.744232893,-0.682951808,-0.212031901,-0.563643992,-0.00504029961,-0.173525333,-0.591787815,0.111531273,8.89296436,0.0362062082,-0.18698214,-0.00504029961,-0.174027443,-0.000254631042,1
1761,18.100013,0.764167726,-0.709531605,0.73537302,-0.694026709,-0.853603959,-0.734108984,-0.0210192669,-0.172330379,-0.869610071,0.715076208,8.74926281,0.0660336092,-0.0506282933,-0.0210192669,-0.174180031,-0.000254631042,1
1762,18.110002,0.721344769,-0.677045226,0.711746514,-0.691073418,-1.17703545,-0.733489573,-0.0210192669,-0.172556877,-0.924695551,1.0336138,8.909729,0.0628378168,0.112357177,-0.0210192669,-0.174332619,-0.000254631042,1
1763,18.120037,0.718391478,-0.703624964,0.752354503,-0.729466379,-0.644181848,-0.209533677,-0.0412592888,-0.175443172,-0.318755567,0.597720265,11.4532404,0.0692294016,0.218883619,-0.0412592888,-0.174576759,-0.000254631042,1
1764,18.129975,0.728728056,-0.695503354,0.649727106,-0.681475222,-0.494413823,0.944495022,-0.018888738,-0.176777363,0.842828929,0.652805686,12.3202372,0.0415325277,0.195447788,-0.018888738,-0.1748209,-0.000254631042,1
1765,18.140003,0.722821474,-0.698456705,0.736849725,-0.725036442,-0.256668538,1.28380835,0.00454708049,-0.176393986,1.21884704,0.477969259,9.42465878,0.00744406879,0.0590939485,0.00454708049,-0.174881935,-0.000254631042,1
1766,18.149977,0.739802957,-0.713961542,0.714699864,-0.716914833,-0.0985278636,0.413630337,0.0173302535,-0.174929142,0.390170246,0.169011742,8.85943413,-0.0330359787,-0.0974999219,0.0173302535,-0.174759865,-0.000254631042,1
1767,18.160005,0.697718382,-0.702148318,0.697718382,-0.722083151,-0.532128692,-0.263436884,-0.000779241615,-0.175469875,-0.352285832,0.477969259,9.25461197,0.0117051266,-0.158220008,-0.000779241615,-0.174637794,-0.000254631042,1
1768,18.169980,0.714699864,-0.69698,0.676306903,-0.689596713,-0.938711703,-0.524130285,-0.0284761172,-0.176010132,-0.680403531,0.832432151,9.53003883,0.00744406879,-0.0655419976,-0.0284761172,-0.174668312,-0.000254631042,1
1769,18.179997,0.753831089,-0.688120067,0.696241736,-0.69698,-0.933446109,0.0792054534,-0.0327371769,-0.174484253,-0.084043622,0.933022976,8.51694584,0.0180967133,0.038853921,-0.0327371769,-0.174881935,-0.000254631042,1
1770,18.190002,0.728728056,-0.646035433,0.685905159,-0.722083151,0.442598134,0.062672697,-0.0327371769,-0.174806595,0.138693199,-0.424953133,9.58751965,0.042597793,0.151771948,-0.0327371769,-0.175187111,-0.000254631042,1
1771,18.199979,0.68073684,-0.67261529,0.662278712,-0.688120067,-0.796350241,0.0035434668,-0.048716139,-0.17700386,-0.136734053,0.784531772,11.8819485,0.0947957486,0.18586041,-0.048716139,-0.175614357,-0.000254631042,1
1772,18.209999,0.736849725,-0.652680397,0.687381744,-0.650465429,-0.511422336,1.00853348,-0.0391287617,-0.177701473,0.814088702,1.17252493,11.9729595,0.0575114973,0.0846602991,-0.0391287617,-0.176072121,-0.000254631042,1
1773,18.219973,0.690335035,-0.675568581,0.687381744,-0.70510155,0.0690145791,0.955949664,-0.0114318859,-0.178643703,0.883544266,-0.26448682,10.0401783,-0.0277096573,-0.0570198782,-0.00610556407,-0.176285744,-0.000254631042,1
1774,18.229996,0.68885839,-0.716914833,0.714699864,-0.661540389,-0.571552098,-0.422944963,0.0151997255,-0.178164005,-0.687588573,0.336663097,7.17333984,-0.0639286488,-0.124131538,0.0226565767,-0.176316261,-0.000254631042,1
1775,18.239981,0.708793283,-0.709531605,0.623885691,-0.60468924,-0.484835714,-0.351820976,0.0311786924,-0.176106453,0.253654152,0.590535164,8.16487789,-0.0756465644,-0.0453019701,0.030113427,-0.176163673,-0.000254631042,1
1776,18.249980,0.623885691,-0.654157102,0.697718382,-0.647512138,-0.394240111,-0.309946805,0.030113427,-0.174963474,-0.723513901,-0.702775419,10.013833,-0.0234485995,0.0580286831,0.0333092213,-0.17595005,-0.000254631042,1
1777,18.259977,0.770812571,-0.694026709,0.619455755,-0.688120067,-1.23472953,0.479169041,-0.00184450613,-0.175634861,0.315924644,0.839617252,10.471282,0.0234230366,0.0995739996,-0.00504029961,-0.175766945,-0.000254631042,1
1778,18.269984,0.708793283,-0.661540389,0.643820524,-0.66449368,-0.415632963,-0.0985195562,0.00135128724,-0.177256584,0.0572625361,0.300737828,11.7047167,0.0553809665,0.117683493,-0.000779241615,-0.175766945,-0.000254631042,1
1779,18.279980,0.679260254,-0.657110393,0.631268978,-0.657110393,0.11388249,0.908898234,-0.00184450613,-0.178451538,0.914679527,0.0492607653,10.6077976,0.0713599324,0.0431149788,-0.00290977047,-0.175797462,-0.000254631042,1
1780,18.289977,0.612810791,-0.650465429,0.640867233,-0.692550123,-0.361000985,0.544104755,0.0237218402,-0.177972317,0.47160092,0.451624036,9.37196827,-0.00107804674,-0.0453019701,0.0290481634,-0.175736427,-0.000254631042,1
1781,18.299975,0.651942134,-0.698456705,0.670400262,-0.677045226,0.358076602,0.502891004,0.0503534526,-0.176010132,0.557821631,-0.26448682,8.28223419,-0.0202528071,-0.118805215,0.0460923947,-0.175370216,-0.000254631042,1
1782,18.309984,0.654895484,-0.685166776,0.718391478,-0.63717562,0.00947781652,-1.16206694,0.0631366298,-0.175120831,-1.14264238,-0.211796373,7.98285675,-0.0447538905,-0.117739946,0.0631366298,-0.174973488,-0.000254631042,1
1783,18.319992,0.696241736,-0.685166776,0.639390528,-0.612072468,0.322782964,-0.699196875,0.0397008099,-0.174580097,-0.632503152,-0.439323246,10.682044,-0.106539227,-0.0133440364,0.0397008099,-0.174485207,-0.000254631042,1
1784,18.330004,0.701409996,-0.641605556,0.657848716,-0.675568581,-0.0829063207,-0.544955671,0.00774287386,-0.174580097,-0.551072478,-0.0130097447,11.2233181,-0.126779258,0.0420497172,0.00774287386,-0.174271584,-0.000254631042,1
1785,18.339997,0.684428513,-0.688120067,0.685905159,-0.69993329,-0.131009653,0.533602834,-0.00397503516,-0.174580097,0.502736151,0.221702173,10.5598974,-0.0468844213,0.0942476764,-0.00397503516,-0.174180031,-0.000254631042,1
1786,18.349984,0.741279602,-0.691073418,0.677783549,-0.681475222,-0.95518744,0.587697506,-0.0242150594,-0.175661564,0.411725432,1.04319394,9.1923418,0.0766862556,0.0867908299,-0.0242150594,-0.174302101,-0.000254631042,1
1787,18.360000,0.62093246,-0.663017035,0.673353553,-0.660063744,0.592839003,0.441726893,-0.00823609252,-0.175914288,0.53866148,-0.506383836,10.3251858,0.121427365,0.0718771219,-0.00823609252,-0.174424171,-0.000254631042,1
1788,18.369975,0.643820524,-0.66449368,0.640867233,-0.644558847,-0.512727559,0.818252623,-0.00397503516,-0.175914288,0.715892911,0.648015678,9.82223129,0.0702946708,0.00689598918,-0.00397503516,-0.174576759,-0.000254631042,1
1789,18.379999,0.659325361,-0.679998517,0.699195027,-0.716914833,1.35860705,-0.313928634,0.0226565767,-0.175374031,-0.0720685273,-1.39254105,9.21868706,-0.00107804674,-0.0708683133,0.0226565767,-0.174515724,-0.000254631042,1
1790,18.389973,0.682213545,-0.733896315,0.697718382,-0.624624014,-0.0844586268,-0.466855615,0.0151997255,-0.176106453,-0.474431843,0.00136037311,8.89535904,-0.057537064,-0.0889778063,0.0151997255,-0.174515724,-0.000254631042,1
1791,18.399997,0.660802066,-0.689596713,0.687381744,-0.658587098,0.14190802,-1.60642099,0.0279828981,-0.175469875,-1.55698073,-0.420163095,10.7634745,-0.11186555,-0.0229314156,0.0279828981,-0.174271584,-0.000254631042,1
1792,18.409983,0.663755357,-0.692550123,0.611334205,-0.638652325,0.141956344,-0.0836115927,0.00241655181,-0.174484253,-0.0576984063,-0.154315904,10.2006445,-0.0554065369,0.0452455096,0.00241655181,-0.174088478,-0.000254631042,1
1793,18.420004,0.733157992,-0.640128911,0.623885691,-0.665970266,-1.31262374,-0.167306438,-0.0114318859,-0.174771786,-0.393001169,1.26353574,10.8449049,-0.0234485995,0.098508738,-0.0114318859,-0.174118996,-0.000254631042,1
1794,18.429978,0.636437237,-0.686643422,0.728728056,-0.692550123,1.43949044,0.30604589,-0.00184450613,-0.175757408,0.553031564,-1.36380088,11.1275177,0.0362062082,0.0750729144,-0.00184450613,-0.174180031,-0.000254631042,1
1795,18.439974,0.677783549,-0.671138644,0.62093246,-0.630530655,-1.32895982,0.0169451442,0.00348181627,-0.175818443,-0.215769708,1.31143606,9.69529533,0.0969262794,0.0345928632,0.00348181627,-0.174302101,-0.000254631042,1
1796,18.449982,0.68885839,-0.663017035,0.697718382,-0.677045226,1.60489595,0.581073403,0.0428966023,-0.17553091,0.852409005,-1.47876179,8.12895298,0.0532504395,-0.0229314156,0.0428966023,-0.174210548,-0.000254631042,1
1797,18.459979,0.682213545,-0.7080549,0.631268978,-0.689596713,-0.133723989,0.0355816893,0.0194607824,-0.174990177,0.0117571615,0.137876496,7.51822281,0.0511199087,-0.0815209597,0.0194607824,-0.173874855,-0.000254631042,1
1798,18.469976,0.665232003,-0.663017035,0.72429812,-0.692550123,0.623091221,-0.62527895,0.0578103065,-0.174005032,-0.507962108,-0.72193557,9.92042732,-0.0617981218,-0.0623462014,0.0578103065,-0.173539162,-0.000254631042,1
1799,18.479983,0.611334205,-0.711008191,0.611334205,-0.630530655,0.305737108,-0.17561613,0.0205260478,-0.17419672,-0.119968921,-0.331547379,12.8399563,-0.105473965,-0.0314535312,0.0205260478,-0.173111916,-0.000254631042,1
1800,18.489980,0.761214435,-0.677045226,0.676306903,-0.678521872,-1.00530851,-0.400154382,0.0109386677,-0.173655987,-0.567837596,0.921047866,10.9957914,-0.100147642,0.0111570461,0.0109386677,-0.173081398,-0.000254631042,1
1801,18.499976,0.701409996,-0.729466379,0.651942134,-0.702148318,0.569052458,0.726456344,-0.00823609252,-0.17419672,0.814088702,-0.434533209,9.77433109,-0.0298401862,0.0431149788,-0.00823609252,-0.172959328,-0.000254631042,1
1802,18.509984,0.73537302,-0.661540389,0.673353553,-0.67261529,-1.62368917,0.399324626,-0.00397503516,-0.173909187,0.112347983,1.66829407,7.23082018,0.0713599324,0.0846602991,-0.00397503516,-0.173081398,-0.000254631042,1
1803,18.519999,0.636437237,-0.657110393,0.657848716,-0.623147368,1.4589355,0.395296574,0.0258523691,-0.173812866,0.641647279,-1.36859083,8.62951183,0.118231572,0.0558981523,0.0258523691,-0.17292881,-0.000254631042,1
1804,18.529975,0.710269868,-0.695503354,0.651942134,-0.612072468,-0.490058839,0.125008911,0.0120039321,-0.1743536,0.0381023772,0.504314482,10.7395239,0.0862736329,-0.010148243,0.0120039321,-0.17280674,-0.000254631042,1
1805,18.539999,0.693288386,-0.709531605,0.705839932,-0.612072468,1.5698663,-0.0258033611,0.0237218402,-0.174066067,0.24646908,-1.55061233,9.67853069,-0.0202528071,-0.130523115,0.0237218402,-0.172562599,-0.000254631042,1
1806,18.549974,0.64825052,-0.692550123,0.642343938,-0.640128911,0.438377887,-0.835534811,0.0130691966,-0.173237801,-0.747464061,-0.5758394,10.3371611,-0.0894949958,-0.132653654,0.0130691966,-0.172410011,-0.000254631042,1
1807,18.559995,0.651942134,-0.661540389,0.73537302,-0.711008191,1.0299747,-1.29129648,0.0269176345,-0.1729846,-1.09474194,-1.23686481,10.7658691,-0.13743189,-0.051693555,0.0269176345,-0.172196388,-0.000254631042,1
1808,18.570131,0.696241736,-0.711008191,0.625362396,-0.603212535,-0.060483966,-0.636300981,-0.0284761172,-0.171406269,-0.63729316,-0.0489350408,8.71573257,-0.119322404,0.0377886593,-0.0284761172,-0.172165871,-0.000254631042,1
1809,18.579978,0.75973779,-0.675568581,0.697718382,-0.706578195,-1.35436726,0.0477201492,-0.0156929437,-0.17188549,-0.184634447,1.34257138,8.35408497,-0.0586023293,0.111291908,-0.0156929437,-0.172318459,-0.000254631042,1
1810,18.590004,0.739802957,-0.669661939,0.676306903,-0.678521872,1.09920287,-0.254564553,-0.036998231,-0.174292564,-0.0600934289,-1.12669384,9.35759735,0.0692294016,0.0878560916,-0.036998231,-0.172471046,-0.000254631042,1
1811,18.599978,0.580324471,-0.685166776,0.597306013,-0.606165886,-0.754522443,0.128509551,-0.036998231,-0.175243378,-0.0050079762,0.765371621,10.9383106,0.141667396,0.0207444262,-0.036998231,-0.172989845,-0.000254631042,1
1812,18.609995,0.725774765,-0.706578195,0.755307794,-0.643082201,1.40991592,0.0442238487,0.00880813878,-0.175400734,0.289579451,-1.380566,10.8712502,0.0894694328,-0.0815209597,0.00880813878,-0.173172951,-0.000254631042,1
1813,18.619982,0.619455755,-0.75161618,0.643820524,-0.678521872,0.7784127,-0.696321785,-0.0242150594,-0.173970222,-0.551072478,-0.887191951,8.79955864,-0.0149264848,-0.116674684,-0.0242150594,-0.173233986,-0.000254631042,1
1814,18.629999,0.671876907,-0.694026709,0.727251351,-0.647512138,1.17461336,-0.850647151,0.0311786924,-0.173655987,-0.634898186,-1.3039254,9.25940228,-0.109735027,-0.0208008867,0.0311786924,-0.173203468,-0.000254631042,1
1815,18.639974,0.731681347,-0.675568581,0.694765031,-0.74349463,-0.342251807,-0.815697014,-0.00823609252,-0.172173023,-0.912720442,0.487549335,8.90014935,-0.0980171114,0.0665507987,-0.00823609252,-0.173081398,-0.000254631042,1
1816,18.649999,0.71617651,-0.69993329,0.69181174,-0.674091876,0.352739096,-0.587315321,-0.0401940234,-0.174518585,0.119533047,-0.446508318,9.74319553,-0.0681897104,0.164555117,-0.0401940234,-0.173233986,-0.000254631042,1
1817,18.659995,0.752354503,-0.633484006,0.639390528,-0.754569471,0.454358935,0.211213857,-0.0689561665,-0.175216675,0.60572201,-0.262091786,9.96593285,0.0372714698,0.127270877,-0.0732172206,-0.17369175,-0.000254631042,1
1818,18.669980,0.637913942,-0.694026709,0.667446911,-0.623147368,-0.0725064799,0.569817424,-0.056172993,-0.176455021,0.770978391,1.07672417,11.2688236,0.0873389021,0.0441802442,-0.0529771969,-0.174393654,-0.000254631042,1
1819,18.679994,0.68885839,-0.669661939,0.643820524,-0.661540389,0.13613449,0.00697796606,-0.0433898196,-0.17758894,-0.596577823,-0.321967304,10.7275486,0.0862736329,-0.0868472829,-0.0391287617,-0.174851418,-0.000254631042,1
1820,18.689980,0.665232003,-0.715438187,0.736849725,-0.650465429,-0.499979973,-0.259090483,-0.00930135697,-0.176167488,0.102767907,-0.132760733,9.75756645,0.0362062082,-0.135849446,-0.00184450613,-0.175065041,-0.000254631042,1
1821,18.700002,0.663755357,-0.682951808,0.654895484,-0.69698,0.646664679,-0.00825887267,0.0237218402,-0.176106453,-0.469641805,-0.195031241,9.01271534,-0.0404928327,-0.104956776,0.0205260478,-0.174973488,-0.000254631042,1
1822,18.709976,0.651942134,-0.675568581,0.684428513,-0.678521872,-0.237395167,-0.782712162,0.0311786924,-0.175408363,-0.333125681,-0.58781445,9.13246632,-0.0969518498,0.00583072472,0.030113427,-0.1748209,-0.000254631042,1
1823,18.719998,0.705839932,-0.69993329,0.679260254,-0.657110393,-0.926179707,-0.415106565,0.0066776094,-0.175251007,-0.57023263,0.839617252,9.42944813,-0.0639286488,0.121944554,0.00880813878,-0.174790382,-0.000254631042,1
1824,18.729984,0.659325361,-0.663017035,0.665232003,-0.702148318,-0.369089693,0.449674577,-0.0306066461,-0.17579174,0.378195137,0.44204396,9.10851574,0.0244883001,0.112357177,-0.0327371769,-0.17494297,-0.000254631042,1
1825,18.739981,0.727251351,-0.691073418,0.64529717,-0.644558847,-0.0100877555,0.24978365,-0.0476508774,-0.177571297,0.244074062,0.0540508032,9.98988342,0.0777515173,0.0654855371,-0.0497814044,-0.175400734,-0.000254631042,1
1826,18.750003,0.654895484,-0.677045226,0.69181174,-0.62905395,-0.113528177,0.214929163,-0.0114318859,-0.178321362,0.19138363,0.14985159,10.5598974,0.100122072,-0.00482191984,-0.00504029961,-0.17570591,-0.000254631042,1
1827,18.759976,0.649727106,-0.709531605,0.682213545,-0.654157102,-0.631053329,0.46537447,0.0130691966,-0.17689991,0.347059906,0.703101099,10.7778444,0.0649683475,-0.0548893511,0.0130691966,-0.175766945,-0.000254631042,1
1828,18.769984,0.684428513,-0.7080549,0.68885839,-0.694026709,0.103310704,-0.463815093,0.0333092213,-0.176298141,-0.438506544,-0.183056146,8.8570385,0.0031830112,-0.0921735987,0.0333092213,-0.175644875,-0.000254631042,1
1829,18.779981,0.662278712,-0.69993329,0.710269868,-0.703624964,1.40502274,-0.476532012,0.0365050174,-0.176140785,-0.222954765,-1.46678662,9.57793999,-0.0532760061,-0.0346493237,0.0365050174,-0.175278664,-0.000254631042,1
1830,18.789978,0.73537302,-0.644558847,0.696241736,-0.663017035,-1.10900652,-0.416523665,0.01626499,-0.175504208,-0.603762925,1.01924372,8.93367958,-0.11186555,0.0537676252,0.01626499,-0.175095558,-0.000254631042,1
1831,18.799974,0.665232003,-0.695503354,0.602474272,-0.729466379,0.476903617,-0.279380739,0.00135128724,-0.175504208,-0.191819504,-0.518358886,10.1695099,-0.0969518498,0.111291908,0.00135128724,-0.175004005,-0.000254631042,1
1832,18.809983,0.752354503,-0.671138644,0.637913942,-0.658587098,-0.846445918,0.322979093,-0.0242150594,-0.175949097,0.16982846,0.889912665,9.94198227,0.026618829,0.110226646,-0.0242150594,-0.175187111,-0.000254631042,1
1833,18.819980,0.663755357,-0.675568581,0.677783549,-0.638652325,0.475079298,-0.0975043848,-0.0295413826,-0.177283287,-0.0121930353,-0.484828621,9.60907459,0.0947957486,0.0313970707,-0.0295413826,-0.175370216,-0.000254631042,1
1834,18.829977,0.704363346,-0.663017035,0.676306903,-0.630530655,-0.651181579,0.433049887,-0.0242150594,-0.177684784,0.311134607,0.717471242,10.464097,0.0969262794,-0.0176050942,-0.0242150594,-0.175644875,-0.000254631042,1
1835,18.839973,0.614287496,-0.729466379,0.679260254,-0.689596713,0.113293923,0.0428400598,0.0109386677,-0.176359177,0.062052574,-0.104020491,10.5622931,0.0223577712,-0.0666072592,0.0109386677,-0.175614357,-0.000254631042,1
1836,18.850002,0.69181174,-0.730943024,0.714699864,-0.647512138,0.172989726,0.063821815,0.0258523691,-0.176393986,0.0931878313,-0.159105942,9.54440975,-0.00214331108,-0.061280936,0.0258523691,-0.175461769,-0.000254631042,1
1837,18.859977,0.718391478,-0.674091876,0.701409996,-0.695503354,1.15054083,-0.129475743,0.0460923947,-0.176044941,0.0740276724,-1.15543413,9.46297836,-0.0820381492,-0.0176050942,0.0460923947,-0.175156593,-0.000254631042,1
1838,18.869974,0.629792273,-0.703624964,0.727251351,-0.720606506,0.180952579,0.0406954326,0.035439752,-0.175312519,0.0716326535,-0.171081036,9.95635319,-0.124648727,0.0367233939,0.035439752,-0.174851418,-0.000254631042,1
1839,18.880002,0.779672623,-0.712484896,0.660802066,-0.655633748,-0.00355581404,0.331195593,0.0173302535,-0.175216675,0.32550472,0.0612358637,8.89775372,-0.069254972,0.0708118603,0.0173302535,-0.174759865,-0.000254631042,1
1840,18.889977,0.654895484,-0.675568581,0.697718382,-0.720606506,0.831301808,-0.296627432,0.0066776094,-0.176202297,-0.146314129,-0.870426774,8.86901379,0.00744406879,0.0718771219,0.0066776094,-0.174607277,-0.000254631042,1
1841,18.899995,0.752354503,-0.689596713,0.702886701,-0.66449368,-0.587159216,-0.285165548,-0.0124971503,-0.175722599,-0.383421093,0.528264701,10.1790895,0.117166303,0.0654855371,-0.0124971503,-0.174607277,-0.000254631042,1
1842,18.909981,0.657848716,-0.720606506,0.654895484,-0.682951808,-0.267409295,-0.361417711,0.00774287386,-0.175626755,-0.402581245,0.200147003,11.371809,0.0820125788,-0.00375665538,0.00774287386,-0.174668312,-0.000254631042,1
1843,18.919998,0.685905159,-0.69698,0.725774765,-0.694026709,0.758886695,0.103418298,0.0258523691,-0.175722599,0.234493986,-0.729120612,11.7142973,0.0788167864,-0.0729988441,0.0258523691,-0.174637794,-0.000254631042,1
1844,18.930001,0.72429812,-0.74349463,0.657848716,-0.675568581,0.398194909,-0.119612157,0.01626499,-0.175818443,-0.0481183305,-0.412978053,10.3682957,-0.0245138649,-0.135849446,0.01626499,-0.174424171,-0.000254631042,1
1845,18.939977,0.640867233,-0.677045226,0.736849725,-0.712484896,0.428469777,-0.635527134,0.0279828981,-0.17527771,-0.551072478,-0.53272903,9.98748779,-0.117191873,-0.0570198782,0.0279828981,-0.174180031,-0.000254631042,1
1846,18.950002,0.781149209,-0.783364236,0.682213545,-0.715438187,-0.0676763207,-0.100161038,0.00880813878,-0.174484253,-0.110388838,0.0492607653,8.91691399,-0.143823475,0.048441302,0.00880813878,-0.173905373,-0.000254631042,1
1847,18.959976,0.764167726,-0.716914833,0.761214435,-0.733896315,0.564898133,0.136235997,0.00454708049,-0.174231052,0.232098967,-0.53272903,7.98285675,-0.110800289,0.119814023,0.00454708049,-0.173844337,-0.000254631042,1
1848,18.969974,0.820280552,-0.758999407,0.69181174,-0.71912986,-0.0975616202,0.406104058,-0.0156929437,-0.174580097,0.382985175,0.166616723,9.02947998,0.0170314498,0.0846602991,-0.0156929437,-0.17381382,-0.000254631042,1
1849,18.979982,0.738326311,-0.81142056,0.764167726,-0.726513088,0.396363497,0.0751811117,-0.0242150594,-0.176167488,0.143483236,-0.377052754,11.1299124,0.0947957486,-0.0186703578,-0.0242150594,-0.173996925,-0.000254631042,1
1850,18.989978,0.790747523,-0.806990683,0.745709598,-0.715438187,1.13336205,0.0601273291,-0.0156929437,-0.176725864,0.25844419,-1.10513866,10.3347654,0.124623157,-0.128392592,-0.0156929437,-0.174302101,-0.000254631042,1
1851,18.999976,0.701409996,-0.763429463,0.804775655,-0.746447921,0.977651834,-0.704540372,-0.00610556407,-0.176133156,-0.522332251,-1.08597851,10.8329296,-0.0341012478,-0.133718923,-0.00610556407,-0.174485207,-0.000254631042,1
1852,19.009974,0.812158942,-0.764906049,0.761214435,-0.770074308,0.570722222,-0.742658377,0.0141344611,-0.17419672,-0.632503152,-0.690800309,9.22347641,-0.118257143,-0.0367798544,0.0141344611,-0.174485207,-0.000254631042,1
1853,19.019982,0.80329901,-0.817327261,0.796654105,-0.770074308,0.85677284,-0.599490583,0.00987340324,-0.172748566,-0.443296582,-0.94706744,9.22587204,-0.13743189,0.0761381835,0.00987340324,-0.174332619,-0.000254631042,1
1854,19.029978,0.858673453,-0.773027658,0.722821474,-0.768597662,-0.274107993,0.741371393,-0.0242150594,-0.174902439,0.682362616,0.398933619,9.71685123,-0.039427571,0.107030854,-0.0242150594,-0.174424171,-0.000254631042,1
1855,19.039999,0.87417835,-0.77893424,0.769335985,-0.785579205,1.15156424,-0.355079412,-0.0167582091,-0.177379131,-0.146314129,-1.19614947,10.2796803,0.0383367352,0.0622897409,-0.0167582091,-0.174607277,-0.000254631042,1
1856,19.049974,0.699195027,-0.866795123,0.779672623,-0.753092885,-0.0121739879,-0.438495517,-0.0433898196,-0.178094864,-0.433716506,-0.0657001734,9.6617651,0.0958610177,-0.0208008867,-0.0433898196,-0.174912453,-0.000254631042,1
1857,19.059983,0.860150158,-0.866795123,0.812158942,-0.766382694,0.226875752,0.613818228,-0.00823609252,-0.175845146,0.644042313,-0.115995586,9.05103493,0.0830778405,-0.111348361,-0.00823609252,-0.175156593,-0.000254631042,1
1858,19.070005,0.702886701,-0.766382694,0.793700755,-0.777457535,2.05006766,-0.227999985,-0.0103666214,-0.175722599,0.133903161,-2.05835652,11.0796165,-0.0181222782,-0.0708683133,-0.0103666214,-0.175187111,-0.000254631042,1
1859,19.080004,0.849075198,-0.774504304,0.80329901,-0.798869073,-0.412735194,0.0120139858,0.000286022841,-0.175155163,-0.0600934289,0.408513695,9.47974396,-0.0820381492,-0.00375665538,0.000286022841,-0.175187111,-0.000254631042,1
1860,19.089978,0.810682297,-0.800345719,0.818803847,-0.828402102,1.13914466,-0.646956623,-0.00823609252,-0.175189972,0.0404973961,-1.73981893,10.162324,-0.0862992033,0.0974434689,-0.00823609252,-0.175095558,-0.000254631042,1
1861,19.099976,0.847598612,-0.794439077,0.772289276,-0.758999407,-0.254694134,0.52944386,-0.0316719115,-0.176811695,0.725472987,1.00008357,9.59949493,0.0170314498,0.111291908,-0.0274108537,-0.175278664,-0.000254631042,1
1862,19.109996,0.844645321,-0.758999407,0.801822364,-0.802560687,-0.284493297,0.090002507,-0.0210192669,-0.178355694,-0.0720685273,0.0732109621,10.344346,0.0639030859,0.072942391,-0.018888738,-0.175583839,-0.000254631042,1
1863,19.119998,0.742756248,-0.798869073,0.787794113,-0.77893424,0.466571718,-0.0771351978,-0.0156929437,-0.178574562,0.0428924151,-0.0201948043,9.85336685,0.100122072,0.00583072472,-0.0178234726,-0.175858498,-0.000254631042,1
1864,19.129973,0.851290226,-0.863841772,0.813635588,-0.800345719,-0.283108056,0.559111416,0.0205260478,-0.177493095,0.232098967,-0.757860839,10.140769,0.0479241163,-0.0570198782,0.0269176345,-0.175980568,-0.000254631042,1
1865,19.139994,0.727251351,-0.806990683,0.815112174,-0.81954217,1.86649573,-0.0842342079,0.0215913113,-0.176106453,-0.939065635,-1.24883986,10.5287628,-0.0532760061,-0.0676725209,0.0215913113,-0.175797462,-0.000254631042,1
1866,19.150083,0.851290226,-0.823972225,0.789270818,-0.757522762,0.0720278025,-0.394905537,0.0311786924,-0.175695896,-0.939065635,-0.0657001734,10.2245951,-0.0862992033,-0.0250619445,0.0333092213,-0.175614357,-0.000254631042,1
1867,19.159978,0.83873868,-0.823972225,0.813635588,-0.81954217,1.25632524,-0.615272045,0.0173302535,-0.175983429,-0.385816127,-1.34464073,8.7444725,-0.0458191559,0.0569634177,0.00561234495,-0.175370216,-0.000254631042,1
1868,19.170004,0.83061707,-0.831355333,0.787794113,-0.773027658,-1.21826804,0.460706115,-0.0242150594,-0.176777363,0.239284024,1.28030086,9.25700665,0.0511199087,0.117683493,-0.0135624148,-0.175583839,-0.000254631042,1
1869,19.179980,0.820280552,-0.802560687,0.804775655,-0.806990683,0.0928920656,0.0780287385,-0.00504029961,-0.177283287,0.0931878313,-0.0776752755,10.9694462,0.0639030859,0.0803992376,-0.0114318859,-0.175644875,-0.000254631042,1
1870,19.189996,0.786317527,-0.836523712,0.782625914,-0.800345719,-1.1301012,-0.201107562,-0.0178234726,-0.177780628,-0.397791207,1.07672417,11.0987768,0.136341065,-0.00908297859,-0.0114318859,-0.175797462,-0.000254631042,1
1871,19.199981,0.793700755,-0.852028489,0.824710429,-0.775980949,1.3810463,0.272377342,0.0194607824,-0.177780628,0.512316227,-1.31111038,10.5622931,0.0852083713,-0.0847167522,0.0194607824,-0.175766945,-0.000254631042,1
1872,19.210005,0.787794113,-0.795915782,0.83061707,-0.831355333,0.845804393,-0.730850339,0.00880813878,-0.177283287,-0.57023263,-0.961437523,8.09781742,-0.0266443938,-0.0708683133,0.00880813878,-0.175736427,-0.000254631042,1
1873,19.219996,0.847598612,-0.849813581,0.818803847,-0.791485727,-0.300052583,-0.547941685,0.0205260478,-0.17486763,-0.591787815,0.200147003,6.77576685,-0.118257143,0.0409844518,0.0205260478,-0.175644875,-0.000254631042,1
1874,19.229983,0.815112174,-0.812897265,0.812158942,-0.828402102,-0.153293759,0.00745436363,-0.00397503516,-0.175189972,-0.019378094,0.152246609,9.24263668,-0.0372970402,0.160294071,-0.00397503516,-0.175553322,-0.000254631042,1
1875,19.239980,0.824710429,-0.826925516,0.776719272,-0.81954217,-0.146075368,1.30074501,-0.018888738,-0.176811695,1.25477231,0.372588396,12.2891016,0.0724252015,0.128336146,-0.018888738,-0.175675392,-0.000254631042,1
1876,19.249975,0.821757138,-0.798869073,0.793700755,-0.77893424,0.0952157825,0.559389353,-0.00930135697,-0.17943716,0.567401707,0.00615041237,14.375164,0.118231572,-0.0154745653,-0.00930135697,-0.175889015,-0.000254631042,1
1877,19.259995,0.690335035,-0.825448811,0.813635588,-0.770074308,-0.278755218,0.603065312,0.00241655181,-0.179908752,0.543451488,0.382168472,10.0090427,0.0937304869,-0.145436838,0.00241655181,-0.176011086,-0.000254631042,1
1878,19.270014,0.812158942,-0.809943914,0.7951774,-0.797392428,0.00212411187,-1.33647001,0.0279828981,-0.177554131,-1.31508374,-0.238141596,7.38410187,-0.0458191559,-0.103891514,0.0279828981,-0.175889015,-0.000254631042,1
1879,19.279999,0.770812571,-0.81142056,0.826187134,-0.842430294,0.879352033,-0.964802861,0.0492881909,-0.174231052,-0.797759473,-1.03328812,7.50624752,-0.0756465644,0.013287575,0.0492881909,-0.175492287,-0.000254631042,1
1880,19.289973,0.846121907,-0.812897265,0.775242567,-0.770074308,-0.135708779,-0.115145691,0.0450271331,-0.172530174,-0.136734053,0.113926299,6.67278099,-0.0777770877,0.146445632,0.0450271331,-0.175126076,-0.000254631042,1
1881,19.299981,0.813635588,-0.77893424,0.741279602,-0.800345719,0.786492527,0.993138075,0.00454708049,-0.176593304,1.11586118,-0.59978956,9.98748779,0.0308798868,0.140054047,0.00454708049,-0.174881935,-0.000254631042,1
1882,19.309978,0.76785934,-0.790009141,0.762691081,-0.773027658,-1.01158571,1.13601029,-0.018888738,-0.180265427,0.936234713,1.19887018,12.3729277,0.06816414,0.0441802442,-0.018888738,-0.175004005,-0.000254631042,1
1883,19.319976,0.753831089,-0.794439077,0.804775655,-0.709531605,-0.286581874,0.317597747,-0.00290977047,-0.18094635,0.260839194,0.339058131,10.7227592,0.0308798868,-0.0943041295,-0.00290977047,-0.175187111,-0.000254631042,1
1884,19.329974,0.68885839,-0.829878747,0.779672623,-0.795915782,-0.200604826,-0.312343836,0.0183955189,-0.176438332,-0.342705756,0.142666534,7.35775661,-0.00853489805,-0.0964346603,0.0183955189,-0.175248146,-0.000254631042,1
1885,19.339983,0.813635588,-0.787055731,0.784840882,-0.744971275,-0.542665482,-0.0368879512,0.0535492487,-0.172617912,-0.129548997,0.528264701,6.8979125,-0.0436886288,-0.0133440364,0.0535492487,-0.175004005,-0.000254631042,1
1886,19.349979,0.753831089,-0.790009141,0.776719272,-0.795915782,0.498794794,-0.505406499,0.0397008099,-0.172721863,-0.41216132,-0.578234375,7.42960691,-0.0447538905,0.038853921,0.0397008099,-0.174424171,-0.000254631042,1
1887,19.359976,0.851290226,-0.742017984,0.786317527,-0.763429463,-0.27723664,-0.415520728,0.0194607824,-0.176114082,-0.457666695,0.200147003,9.81983662,0.0212925076,0.0995739996,0.0194607824,-0.174180031,-0.000254631042,1
1888,19.369984,0.755307794,-0.791485727,0.718391478,-0.754569471,-1.67796016,0.567811728,-0.0284761172,-0.17851305,0.260839194,1.75211966,13.1297541,0.0521851741,0.0857255608,-0.0284761172,-0.174210548,-0.000254631042,1
1889,19.380001,0.730204701,-0.766382694,0.753831089,-0.770074308,-0.950482368,0.998655319,-0.0146276793,-0.178443909,0.814088702,1.11264944,12.2555714,0.104383133,-0.00908297859,-0.0146276793,-0.174454689,-0.000254631042,1
1890,19.389976,0.725774765,-0.777457535,0.787794113,-0.712484896,-0.233797744,-0.338342994,0.0290481634,-0.174764156,-0.373841017,0.171406761,10.2245951,0.100122072,-0.10921783,0.0290481634,-0.174393654,-0.000254631042,1
1891,19.399995,0.722821474,-0.757522762,0.755307794,-0.761952758,0.416505516,-0.569479048,0.0279828981,-0.17394352,-0.488801956,-0.508778811,9.04384995,0.00105248217,-0.0900430754,0.0279828981,-0.174088478,-0.000254631042,1
1892,19.409981,0.747186184,-0.756046116,0.789270818,-0.754569471,-0.806974649,-0.75360328,0.0492881909,-0.173480988,-0.881585181,0.664780796,6.70631123,-0.0671244487,-0.0133440364,0.0492881909,-0.173722267,-0.000254631042,1
1893,19.420004,0.789270818,-0.780410945,0.711746514,-0.761952758,-0.566233814,-0.347722769,0.030113427,-0.174806595,-0.440901577,0.497129411,8.53371143,-0.108669758,0.0995739996,0.030113427,-0.173325539,-0.000254631042,1
1894,19.429978,0.739802957,-0.713961542,0.748662829,-0.73241967,-0.696127176,0.0600911342,0.00348181627,-0.175661564,-0.0624884479,0.695916057,9.78870106,-0.0362317748,0.118748762,0.00348181627,-0.173203468,-0.000254631042,1
1895,19.440003,0.744232893,-0.740541279,0.663755357,-0.723559737,-0.531585932,0.548916698,-0.0252803247,-0.17553091,0.447650731,0.619275391,12.6076393,0.0447283238,0.0580286831,-0.0252803247,-0.173264503,-0.000254631042,1
1896,19.449979,0.643820524,-0.725036442,0.755307794,-0.685166776,-1.45626688,-0.112080716,-0.0284761172,-0.175243378,-0.364260942,1.41442192,11.7741728,0.141667396,-0.0666072592,-0.0284761172,-0.173508644,-0.000254631042,1
1897,19.459995,0.707316577,-0.740541279,0.776719272,-0.70510155,-0.591801703,0.25062108,0.0247871056,-0.175435066,0.143483236,0.626460493,10.1886692,0.150189519,-0.1433063,0.0247871056,-0.173600197,-0.000254631042,1
1898,19.469980,0.671876907,-0.69993329,0.704363346,-0.669661939,0.377771139,-1.14213789,0.0173302535,-0.175181866,-1.05881667,-0.571049333,8.51934052,0.0031830112,-0.0953693986,0.0173302535,-0.173386574,-0.000254631042,1
1899,19.479999,0.68073684,-0.725036442,0.722821474,-0.74349463,-0.324378371,-0.551150382,0.030113427,-0.17394352,-0.598972857,0.224097192,6.99131823,-0.136366621,0.00263493136,0.030113427,-0.173142433,-0.000254631042,1
1900,19.489974,0.719868183,-0.703624964,0.714699864,-0.7080549,-0.265731961,0.0873954296,0.0130691966,-0.172461033,0.0404973961,0.276787639,8.00680637,-0.180042475,0.113422439,0.0130691966,-0.17292881,-0.000254631042,1
1901,19.499983,0.750877798,-0.691073418,0.651942134,-0.665970266,-0.836703718,0.0756463856,-0.0167582091,-0.173193455,-0.0696735084,0.837222219,8.66304207,-0.0532760061,0.118748762,-0.0167582091,-0.172867775,-0.000254631042,1
1902,19.509979,0.728728056,-0.644558847,0.693288386,-0.702148318,-0.939967871,0.152727991,-0.0401940234,-0.176393986,-0.0145880543,0.952183127,12.0208597,0.0809473172,0.0601592101,-0.0401940234,-0.173111916,-0.000254631042,1
1903,19.519976,0.619455755,-0.713961542,0.687381744,-0.640128911,-0.854009151,0.0217928477,-0.036998231,-0.177745819,-0.129548997,0.84440726,12.4807034,0.173625335,-0.071933575,-0.036998231,-0.173569679,-0.000254631042,1
1904,19.529974,0.696241736,-0.730943024,0.718391478,-0.63717562,-1.22265697,0.340471298,-0.0167582091,-0.17663002,-0.531912327,1.46950734,10.4066162,0.172560066,-0.141175777,-0.0167582091,-0.173874855,-0.000254631042,1
1905,19.539982,0.631268978,-0.67261529,0.72429812,-0.640128911,0.16183953,-1.11123765,0.0130691966,-0.175243378,-1.62164629,-0.95904249,8.73728752,0.0628378168,-0.0666072592,0.0183955189,-0.173874855,-0.000254631042,1
1906,19.549978,0.756784499,-0.715438187,0.71617651,-0.730943024,-0.260225385,-0.450671881,0.0237218402,-0.173350334,-1.14024734,0.078001,8.40198517,-0.0894949958,0.0409844518,0.0226565767,-0.173722267,-0.000254631042,1
1907,19.559974,0.685905159,-0.702148318,0.75973779,-0.726513088,0.844660103,0.139328718,0.035439752,-0.172687054,0.0740276724,-1.46678662,9.27856255,-0.213065669,0.118748762,0.0322439559,-0.173447609,-0.000254631042,1
1908,19.570001,0.815112174,-0.739064634,0.64529717,-0.702148318,-0.496768087,0.335361838,-0.000779241615,-0.174405098,0.256049156,0.0277055893,8.57682133,-0.173650876,0.0452455096,0.00454708049,-0.173356056,-0.000254631042,1
1909,19.579976,0.773765981,-0.754569471,0.731681347,-0.739064634,-0.637949824,0.386207491,-0.0146276793,-0.176742554,0.315924644,-0.743490756,10.6413288,-0.0788423568,-0.0250619445,-0.0156929437,-0.173478127,-0.000254631042,1
1910,19.589999,0.704363346,-0.736111343,0.674830258,-0.63717562,-0.883555651,0.250435591,-0.0476508774,-0.177170753,0.0907928124,1.27311575,12.0280447,0.0607072897,-0.116674684,-0.0455203466,-0.173874855,-0.000254631042,1
1911,19.599974,0.662278712,-0.712484896,0.739802957,-0.686643422,-1.03283226,-0.78276515,-0.0252803247,-0.175461769,-0.951040745,0.880332589,11.5298805,0.0788167864,-0.173133701,-0.0178234726,-0.174149513,-0.000254631042,1
1912,19.609999,0.71617651,-0.7080549,0.711746514,-0.69698,-0.45961231,-0.724251628,-0.00717082852,-0.174257755,-0.792969465,0.327083021,10.24615,0.0532504395,-0.0687377825,-0.00823609252,-0.174180031,-0.000254631042,1
1913,19.619974,0.736849725,-0.712484896,0.755307794,-0.665970266,0.798194587,-0.626457691,0.00987340324,-0.173542023,-0.47922188,-0.894376993,7.70982409,-0.041558098,0.0186138973,0.0066776094,-0.174118996,-0.000254631042,1
1914,19.630002,0.68885839,-0.74349463,0.696241736,-0.737587929,0.538744271,-0.924292922,0.00987340324,-0.174213409,-0.816919625,-0.690800309,7.57091331,-0.132105574,0.134727731,0.0109386677,-0.173966408,-0.000254631042,1
1915,19.639977,0.756784499,-0.694026709,0.690335035,-0.727989674,0.920300722,0.218521178,0.01626499,-0.175443172,0.375800133,-0.8680318,8.67741203,-0.122518197,0.165620387,0.01626499,-0.173844337,-0.000254631042,1
1916,19.649995,0.747186184,-0.713961542,0.62093246,-0.720606506,0.369288176,-0.199809194,-0.0220845304,-0.176298141,-0.131944016,-0.39860791,10.3419504,-0.00107804674,0.117683493,-0.0220845304,-0.17393589,-0.000254631042,1
1917,19.659982,0.65637207,-0.675568581,0.694765031,-0.67261529,-0.030797746,-0.0555320755,-0.0316719115,-0.177301407,-0.0600934289,0.0205205306,11.5274858,0.101187341,0.0260707494,-0.0316719115,-0.174241066,-0.000254631042,1
1918,19.670003,0.730204701,-0.746447921,0.642343938,-0.660063744,0.102598667,-0.330003738,-0.0391287617,-0.177013397,-0.306780457,-0.159105942,11.6927423,0.169364274,-0.0687377825,-0.0391287617,-0.174546242,-0.000254631042,1
1919,19.679978,0.653418779,-0.688120067,0.733157992,-0.609119177,-0.0868598744,-0.344810814,-0.00504029961,-0.17553091,-0.354680866,0.0253105685,10.253335,0.131014749,-0.0964346603,-0.00504029961,-0.1748209,-0.000254631042,1
1920,19.689999,0.639390528,-0.685166776,0.670400262,-0.686643422,0.99871099,-1.23085201,0.0141344611,-0.175757408,-1.03726149,-1.1985445,9.58751965,0.0830778405,-0.0783251673,0.0141344611,-0.174881935,-0.000254631042,1
1921,19.700001,0.75973779,-0.660063744,0.761214435,-0.716914833,0.74000138,-0.798002541,0.0226565767,-0.175600052,-0.656453311,-0.8680318,9.25700665,-0.0660591796,0.038853921,0.0226565767,-0.174729347,-0.000254631042,1
1922,19.709976,0.671876907,-0.753092885,0.668923616,-0.723559737,0.293908626,-0.475442648,0.00774287386,-0.175155163,-0.416951358,-0.372262716,8.44270039,-0.193890914,0.103835061,0.00774287386,-0.174637794,-0.000254631042,1
1923,19.720005,0.748662829,-0.685166776,0.753831089,-0.74349463,-0.296500832,0.655404508,0.01626499,-0.175059319,0.593746901,0.406118661,8.65106678,-0.149149805,0.110226646,0.01626499,-0.174546242,-0.000254631042,1
1924,19.729979,0.758261144,-0.757522762,0.626839042,-0.671138644,-0.527003348,0.463437587,-0.0242150594,-0.176298141,0.363825023,0.60011524,10.1647196,0.0127703911,0.0367233939,-0.0242150594,-0.174607277,-0.000254631042,1
1925,19.740030,0.657848716,-0.671138644,0.736849725,-0.712484896,-0.340399235,0.306811512,-0.0412592888,-0.178033829,0.241679043,0.389353544,12.2028809,0.154450566,-0.0484977625,-0.0412592888,-0.175004005,-0.000254631042,1
1926,19.749998,0.713223159,-0.740541279,0.653418779,-0.623147368,-0.599658906,-0.0119040748,-0.0274108537,-0.177458286,-0.117573902,0.58814019,11.0868015,0.194930613,-0.127327323,-0.0274108537,-0.175339699,-0.000254631042,1
1927,19.760004,0.65637207,-0.679998517,0.722821474,-0.688120067,-0.523466408,-0.648820937,0.000286022841,-0.176612377,-0.730698943,0.401328623,10.3922462,0.105448395,-0.0825862214,0.000286022841,-0.175553322,-0.000254631042,1
1928,19.769995,0.636437237,-0.698456705,0.651942134,-0.713961542,0.250145763,-0.514214158,0.0258523691,-0.176044941,-0.462456733,-0.336337417,8.24630833,-0.0191875417,0.0282012783,0.0258523691,-0.175522804,-0.000254631042,1
1929,19.779981,0.770812571,-0.692550123,0.704363346,-0.685166776,0.825286031,-0.690562487,0.035439752,-0.174596786,-0.536702335,-0.932697296,8.39719486,-0.18643406,0.150706694,0.035439752,-0.175217628,-0.000254631042,1
1930,19.789978,0.68073684,-0.73241967,0.713223159,-0.770074308,0.886179686,-0.13872458,0.00774287386,-0.176401615,0.0189422201,-0.896772027,8.67501736,-0.147019267,0.125140354,0.00774287386,-0.174973488,-0.000254631042,1
1931,19.799994,0.786317527,-0.685166776,0.654895484,-0.722083151,-0.335565686,0.00932704099,-0.00930135697,-0.178835392,-0.0505133495,0.331873059,10.7491045,-0.039427571,0.048441302,-0.00930135697,-0.175004005,-0.000254631042,1
1932,19.809981,0.694765031,-0.746447921,0.637913942,-0.694026709,-0.00663283234,0.293075323,-0.018888738,-0.179463863,0.287184417,0.0588408448,12.7752905,0.0362062082,-0.0729988441,-0.018888738,-0.175156593,-0.000254631042,1
1933,19.819977,0.670400262,-0.692550123,0.699195027,-0.640128911,-1.25171709,0.355031729,-0.00717082852,-0.176979065,0.129113123,1.29467094,10.8113747,0.0820125788,-0.169937909,-0.00717082852,-0.175431252,-0.000254631042,1
1934,19.829973,0.653418779,-0.70510155,0.696241736,-0.63717562,-1.16597247,-0.438915402,0.0173302535,-0.174702644,-0.634898186,1.0719341,8.99594975,0.0915999562,-0.191243201,0.0173302535,-0.175339699,-0.000254631042,1
1935,19.839982,0.671876907,-0.682951808,0.699195027,-0.669661939,-0.916647077,-0.886660695,0.0375702791,-0.174675941,-1.03247142,0.748606503,9.43902874,0.0809473172,-0.0932388678,0.0375702791,-0.175156593,-0.000254631042,1
1936,19.849979,0.660802066,-0.635698915,0.68885839,-0.685166776,1.17887866,-0.724604726,0.0588755682,-0.175251007,-0.507962108,-1.28716016,9.13007069,-0.0596675947,0.0505718328,0.0588755682,-0.174729347,-0.000254631042,1
1937,19.859977,0.68885839,-0.703624964,0.679260254,-0.744971275,-0.111428358,-0.291822225,0.0269176345,-0.175251007,-0.306780457,0.0588408448,8.72531223,-0.174716145,0.15496774,0.0269176345,-0.174332619,-0.000254631042,1
1938,19.869984,0.733157992,-0.681475222,0.673353553,-0.715438187,0.239370883,0.178810582,0.0397008099,-0.17486763,0.217728853,-0.204611316,10.4664917,-0.110800289,0.121944554,0.0397008099,-0.174027443,-0.000254631042,1
1939,19.879981,0.631268978,-0.733896315,0.606904149,-0.69993329,0.439040631,0.493390352,-0.0156929437,-0.175914288,0.562611639,-0.345917493,11.0556669,0.0394020006,-0.0261272099,-0.0156929437,-0.173844337,-0.000254631042,1
1940,19.889978,0.662278712,-0.682951808,0.654895484,-0.621670783,-0.932722986,0.996188879,0.00348181627,-0.176917553,0.816483736,1.09348929,11.153863,0.141667396,-0.155024216,0.00348181627,-0.173966408,-0.000254631042,1
1941,19.909998,0.653418779,-0.669661939,0.676306903,-0.63200736,0.0719264373,-1.45238113,0.0471576601,-0.173778534,-1.4180696,-0.321967304,9.17797089,0.0873389021,-0.118805215,0.0471576601,-0.173539162,-0.000254631042,1
1942,19.919983,0.668923616,-0.63200736,0.628315687,-0.703624964,-0.18703486,-0.731003761,0.0397008099,-0.172426224,-0.752254128,0.0588408448,9.68811035,-0.0127959559,0.0292665418,0.0397008099,-0.173111916,-0.000254631042,1
1943,19.930001,0.68073684,-0.624624014,0.639390528,-0.715438187,0.367916971,-0.112944171,0.0183955189,-0.172495365,-0.0481183305,-0.381842792,8.62951183,-0.158737183,0.170946717,0.0183955189,-0.172867775,-0.000254631042,1
1944,19.939976,0.659325361,-0.606165886,0.589922726,-0.66449368,0.693615377,0.648907602,0.00880813878,-0.173672676,0.759003282,-0.571049333,8.84985352,-0.152345598,0.146445632,0.00880813878,-0.172715187,-0.000254631042,1
1945,19.949997,0.697718382,-0.63717562,0.605427504,-0.648988843,-1.55696845,0.528208852,0.0066776094,-0.175120831,0.248864099,1.6251837,9.72403622,-0.0681897104,0.0857255608,0.0066776094,-0.172715187,-0.000254631042,1
1946,19.959982,0.629792273,-0.63717562,0.614287496,-0.633484006,-0.832336605,0.169726551,-0.0167582091,-0.176036835,0.0213372391,0.849197328,11.1634426,0.0820125788,-0.0453019701,-0.0167582091,-0.172745705,-0.000254631042,1
1947,19.969980,0.585492671,-0.623147368,0.57737118,-0.606165886,-1.24898624,0.509803951,0.00348181627,-0.174825191,0.284789413,1.31862116,11.7981224,0.185343236,-0.15608947,0.00348181627,-0.172898293,-0.000254631042,1
1948,19.979976,0.617979109,-0.624624014,0.608380854,-0.576632857,-1.5528692,0.276479512,0.0279828981,-0.172854424,0.196173668,1.32341123,9.32406712,0.203452736,-0.191243201,0.0365050174,-0.172745705,-0.000254631042,1
1949,19.989999,0.597306013,-0.578109562,0.608380854,-0.578109562,0.947192609,-1.65192962,0.0397008099,-0.171563625,-1.21449292,-0.175871074,8.34210968,0.157646358,-0.103891514,0.0343744867,-0.172379494,-0.000254631042,1
1950,19.999973,0.49837023,-0.552268028,0.536024868,-0.528641641,-0.355722964,-0.514551878,0.0205260478,-0.171981335,-0.309175491,-0.0609101392,9.10612106,0.0351409428,0.048441302,0.0173302535,-0.172104836,-0.000254631042,1
1951,20.009981,0.580324471,-0.497631967,0.544884801,-0.564081252,-0.633431375,-0.640987813,0.0151997255,-0.172652721,-0.826499701,0.36300832,9.35999298,-0.107604496,0.175207764,0.0130691966,-0.171952248,-0.000254631042,1
1952,20.019978,0.551529765,-0.556698084,0.536024868,-0.507230163,-0.617937207,0.200340062,-0.000779241615,-0.173289299,-0.086438641,0.60011524,9.06301022,-0.160867706,0.222079411,0.00135128724,-0.17192173,-0.000254631042,1
1953,20.029974,0.521996677,-0.56112802,0.521996677,-0.633484006,-0.831269264,0.650392354,0.00987340324,-0.172617912,0.531476378,2.06107736,11.7981224,-0.104408704,0.131531939,0.00454708049,-0.171830177,-0.000254631042,1
1954,20.039983,0.544884801,-0.516090095,0.482865393,-0.581062853,-1.40385067,0.72156781,0.00241655181,-0.174545288,0.466810882,1.50782776,10.8329296,0.0394020006,-0.033584062,0.00135128724,-0.171830177,-0.000254631042,1
1955,20.049979,0.513875127,-0.519781709,0.481388688,-0.528641641,-1.48395443,0.983958364,0.00987340324,-0.174668312,0.711102903,1.63236868,10.2509403,0.166168481,-0.16248107,0.00880813878,-0.171769142,-0.000254631042,1
1956,20.059976,0.488033652,-0.507230163,0.558912992,-0.527164996,-0.989455223,0.119945452,-0.000779241615,-0.173743725,-0.0529083684,0.995293498,9.58512497,0.121427365,-0.1433063,0.00135128724,-0.171769142,-0.000254631042,1
1957,20.069983,0.469575554,-0.477697134,0.478435457,-0.457762271,-1.50799012,0.564285338,0.0205260478,-0.171179771,0.299159527,1.58207333,9.61147022,0.0852083713,-0.0676725209,0.0247871056,-0.171616554,-0.000254631042,1
1958,20.079981,0.496893615,-0.505753458,0.451117367,-0.531594932,-0.971373737,0.351378739,0.0343744867,-0.170167923,0.181803554,1.01684868,8.94325924,0.0500546433,0.00263493136,0.0343744867,-0.171311378,-0.000254631042,1
1959,20.109999,0.424537599,-0.432659209,0.444472402,-0.443734109,-0.981763601,0.205459014,0.0322439559,-0.173080444,0.0333123393,1.0024786,10.4018259,-0.0522107445,0.0548328906,0.0322439559,-0.170426369,-0.000254631042,1
1960,20.119974,0.452594042,-0.491725326,0.382453024,-0.502800226,-1.41050136,0.480471104,0.00987340324,-0.171912193,0.232098967,1.47190237,10.4617014,-0.0564718023,0.0271360129,0.00987340324,-0.170304298,-0.000254631042,1
1961,20.129983,0.475482106,-0.41936934,0.42749092,-0.476220429,-1.24130535,0.364149094,0.00774287386,-0.170482159,0.148273274,1.28509092,10.24615,-0.0277096573,-0.00162612647,0.00774287386,-0.170304298,-0.000254631042,1
1962,20.139980,0.393527865,-0.371378124,0.42749092,-0.366209835,-0.957605898,0.332258642,-0.00930135697,-0.170420647,0.165038422,1.00008357,9.89408207,0.0117051266,-0.0218661521,-0.00930135697,-0.170304298,-0.000254631042,1
1963,20.149976,0.399434537,-0.378761381,0.345536709,-0.463668913,-1.8309058,0.313236892,-0.0412592888,-0.172138691,-0.0050079762,1.85750055,9.51087952,0.0617725551,-0.0538240857,-0.0412592888,-0.170548439,-0.000254631042,1
1964,20.160001,0.455547333,-0.41936934,0.389097959,-0.381714731,-1.5612098,-0.0204768572,-0.0220845304,-0.173717022,-0.29001531,1.53417289,9.13486099,0.0457935855,-0.0133440364,-0.0220845304,-0.170853615,-0.000254631042,1
1965,20.169975,0.35956493,-0.366209835,0.372116446,-0.406817794,-1.60426295,0.232607991,-0.0455203466,-0.172200203,-0.0457233116,1.62039363,8.75644779,-0.00640436914,0.0335276015,-0.0455203466,-0.171219826,-0.000254631042,1
1966,20.180004,0.428967595,-0.346275061,0.396481216,-0.355873257,-2.5626688,0.537257135,-0.0114318859,-0.171057224,0.0931878313,2.61672187,8.8618288,0.00637880433,0.0761381835,-0.0114318859,-0.171463966,-0.000254631042,1
1967,20.190105,0.423060954,-0.394266218,0.35661158,-0.357349932,-0.884617865,0.289327502,0.00135128724,-0.171728611,0.133903161,0.921047866,9.18515682,0.058576759,0.046310775,0.00135128724,-0.171433449,-0.000254631042,1
1968,20.199976,0.34849,-0.354396641,0.352181673,-0.344798356,-1.67126989,0.210941836,-0.00184450613,-0.172617912,-0.0792535841,1.68266416,10.344346,0.0830778405,0.00902651716,-0.00184450613,-0.171433449,-0.000254631042,1
1969,20.209996,0.365471512,-0.381714731,0.373593092,-0.337415129,-1.65260243,0.290114343,0.01626499,-0.173909187,-0.0002179367,1.67787409,10.8952007,0.0702946708,-0.0112135075,0.01626499,-0.171402931,-0.000254631042,1
1970,20.219983,0.39500457,-0.357349932,0.369163156,-0.352919966,-1.3030082,0.106730565,0.0258523691,-0.173621178,-0.119968921,1.30185604,10.7059937,0.0287493579,-0.000560861954,0.0258523691,-0.171250343,-0.000254631042,1
1971,20.230003,0.330031872,-0.286470622,0.36768651,-0.335938454,-0.718362987,-0.379073828,0.0290481634,-0.171310425,-0.495987028,0.64322561,10.0114384,-0.0138612203,0.0345928632,0.0290481634,-0.171097755,-0.000254631042,1
1972,20.239977,0.299022168,-0.324863553,0.35661158,-0.320433617,-0.891907394,-0.0481024273,0.0120039321,-0.170804501,-0.199004561,0.870752454,9.6186552,-0.0383623056,0.048441302,0.0120039321,-0.170975685,-0.000254631042,1
1973,20.249998,0.310097039,-0.298283815,0.352181673,-0.320433617,-0.849496484,-0.222004518,0.00135128724,-0.172173023,-0.364260942,0.798901916,9.352808,-0.0511454791,0.038853921,0.00135128724,-0.170975685,-0.000254631042,1
1974,20.259974,0.341106772,-0.316742003,0.35956493,-0.30492875,-1.03210616,0.0144750467,-0.00290977047,-0.172679424,-0.163079277,1.01924372,10.0976591,-0.0703202412,0.0164833684,-0.00290977047,-0.171097755,-0.000254631042,1
1975,20.270003,0.345536709,-0.357349932,0.361041576,-0.318956971,-1.24658823,-0.112280384,0.00241655181,-0.173621178,-0.325940639,1.2084502,10.5575027,-0.094821319,-0.0293230023,0.00241655181,-0.171219826,-0.000254631042,1
1976,20.279977,0.32412526,-0.284993947,0.327078551,-0.292377204,-1.00207055,-0.0942569375,0.0130691966,-0.171275616,-0.263670087,0.971343279,10.2844706,-0.0681897104,-0.0644767284,0.0130691966,-0.171219826,-0.000254631042,1
1977,20.289996,0.305667102,-0.281302303,0.314526975,-0.281302303,-1.01157796,-0.274443805,0.0151997255,-0.171755314,-0.443296582,0.949788153,9.7623558,-0.0234485995,-0.0761946365,0.0151997255,-0.171189308,-0.000254631042,1
1978,20.299998,0.31600368,-0.292377204,0.328555197,-0.273919016,-0.753944993,-0.149372652,0.0109386677,-0.171214581,-0.275645196,0.717471242,9.63063049,0.0031830112,-0.0506282933,0.0109386677,-0.171189308,-0.000254631042,1
1979,20.309983,0.308620423,-0.281302303,0.333723456,-0.327816874,-0.889013588,0.109658793,0.01626499,-0.171118736,-0.0433282889,0.894702673,9.41986847,-0.00640436914,-0.0250619445,0.01626499,-0.171158791,-0.000254631042,1
1980,20.320000,0.325601876,-0.293853879,0.314526975,-0.33224684,-1.08875608,0.023241004,0.0183955189,-0.17165947,-0.163079277,1.07672417,9.28095722,-0.0341012478,-0.00375665538,0.0183955189,-0.170975685,-0.000254631042,1
1981,20.329975,0.310097039,-0.286470622,0.223712862,-0.330770195,-0.235979691,-0.175686151,0.0205260478,-0.171467781,-0.213374689,0.202542022,9.42944813,-0.0181222782,-0.010148243,0.0205260478,-0.170701027,-0.000254631042,1
1982,20.340001,0.267274112,-0.290900558,0.256199241,-0.282778949,-0.509959161,0.165474325,0.01626499,-0.170735359,0.0764226913,0.530659676,9.80307102,0.0276840944,-0.0154745653,0.01626499,-0.170548439,-0.000254631042,1
1983,20.349976,0.277610689,-0.287947237,0.276134014,-0.247339323,-0.556553483,0.190895304,-0.00504029961,-0.17137146,0.0931878313,0.580955088,10.1359797,0.0287493579,-0.0325187966,-0.00504029961,-0.170426369,-0.000254631042,1
1984,20.359983,0.285732299,-0.2724424,0.229619488,-0.268012434,-0.729235351,-0.0344343334,-0.0263455883,-0.17137146,-0.158289239,0.712681174,10.0880785,0.0212925076,-0.0378451198,-0.0263455883,-0.170487404,-0.000254631042,1
1985,20.369980,0.304190427,-0.279825658,0.265059143,-0.284993947,-0.233833134,-0.0229260009,-0.0476508774,-0.171467781,-0.0624884479,0.226492211,9.87252712,0.00211774674,-0.023996681,-0.0476508774,-0.17079258,-0.000254631042,1
1986,20.379976,0.279087335,-0.252507597,0.203778043,-0.255460888,-0.689448297,-0.21127592,-0.0625645816,-0.17165947,-0.325940639,0.64322561,9.38633823,0.0117051266,-0.0250619445,-0.0625645816,-0.171250343,-0.000254631042,1
1987,20.389973,0.226666182,-0.20156309,0.268750787,-0.22740449,-0.427202314,0.207620785,-0.0657603741,-0.171851158,0.131508142,0.456414074,9.19952679,0.0180967133,-0.0176050942,-0.0657603741,-0.171769142,-0.000254631042,1
1988,20.399982,0.302713752,-0.233311102,0.25324592,-0.258414209,-0.617801905,-0.297866285,-0.0732172206,-0.173751831,-0.400186241,0.557004929,9.68332005,0.00211774674,-0.0229314156,-0.0732172206,-0.172379494,-0.000254631042,1
1989,20.409980,0.226666182,-0.251030952,0.248077646,-0.222974524,-0.247845635,-0.0880048722,-0.0614993125,-0.173847675,-0.129548997,0.228887245,10.126399,-0.039427571,-0.012278772,-0.0614993125,-0.172959328,-0.000254631042,1
1990,20.419977,0.260629147,-0.213376299,0.20820801,-0.208946332,0.15275678,0.0603876598,-0.0583035201,-0.174580097,-0.0481183305,0.20733206,10.2030401,-0.0554065369,-0.0303882677,-0.0583035201,-0.173539162,-0.000254631042,1
1991,20.429984,0.284255594,-0.211899653,0.285732299,-0.259890854,-0.399931699,0.07061892,-0.0476508774,-0.175312519,-0.141524091,0.504314482,10.0832891,-0.0500802137,-0.0261272099,-0.0433898196,-0.174088478,-0.000254631042,1
1992,20.460003,0.284255594,-0.230357811,0.191226512,-0.228881136,-0.40139702,-0.210967094,-0.0433898196,-0.176140785,-0.215769708,0.432463884,9.54201412,-0.057537064,0.00476546027,-0.0401940234,-0.175309181,-0.000254631042,1
1993,20.469977,0.256199241,-0.207469687,0.276134014,-0.224451199,-0.454013854,-0.123674169,-0.0231497958,-0.176332474,-0.158289239,0.317502946,9.41028786,-0.0511454791,0.0154181039,-0.0210192669,-0.175614357,-0.000254631042,1
1994,20.479995,0.232572764,-0.211899653,0.197133109,-0.211899653,0.458901197,-0.393330127,-0.0306066461,-0.176236629,-0.306780457,-0.144735828,9.8749218,-0.0255791284,0.00263493136,-0.0380634964,-0.17582798,-0.000254631042,1
1995,20.489982,0.267274112,-0.210422993,0.220759571,-0.224451199,-0.564463973,-0.169440225,-0.0274108537,-0.176777363,-0.266065121,0.525869668,9.52285385,-0.0213180706,-0.0186703578,-0.0167582091,-0.176194191,-0.000254631042,1
1996,20.499997,0.229619488,-0.20156309,0.192703143,-0.245862663,0.166017741,0.13305065,-0.00930135697,-0.177318096,0.160248384,-0.13994579,9.78630638,0.00637880433,-0.0325187966,-0.0114318859,-0.176346779,-0.000254631042,1
1997,20.510118,0.259152532,-0.228881136,0.198609769,-0.239956036,-0.646574795,0.188141763,0.00348181627,-0.176585674,0.141088217,0.161826685,9.95395756,-1.27822468e-05,-0.0357145891,0.00880813878,-0.176468849,-0.000254631042,1
1998,20.519978,0.203778043,-0.172030017,0.152833551,-0.248815984,-0.0826334879,-0.0462900922,0.0279828981,-0.176681519,-0.0600934289,0.0732109621,10.0114384,0.0031830112,-0.0229314156,0.0279828981,-0.176438332,-0.000254631042,1
1999,20.530132,0.25324592,-0.214852944,0.191226512,-0.230357811,0.492133796,0.447069108,0.0215913113,-0.176873207,0.52668637,-0.405792981,9.85815716,0.00744406879,-0.0144093009,0.0183955189,-0.176194191,-0.000254631042,1
2000,20.539981,0.246600971,-0.184581578,0.205254719,-0.253984243,-0.519905508,0.0391310304,0.0226565767,-0.176777363,-0.0529083684,0.518684566,9.7623558,0.0159661844,-0.00908297859,0.0226565767,-0.176041603,-0.000254631042,1
2001,20.549979,0.239217728,-0.237002745,0.141758651,-0.179413289,-0.669923663,0.384503543,0.0290481634,-0.176585674,0.260839194,0.727051318,9.78391171,-1.27822468e-05,0.00263493136,0.0290481634,-0.175889015,-0.000254631042,1
2002,20.559975,0.185319901,-0.199348107,0.248077646,-0.276872367,0.385885179,0.386095315,0.035439752,-0.175853252,0.447650731,-0.312387228,9.69050598,-0.00533910468,0.00583072472,0.035439752,-0.175614357,-0.000254631042,1
2003,20.569983,0.246600971,-0.205993056,0.180151626,-0.196394801,-0.514513373,0.288237154,0.0386355445,-0.175853252,0.193778649,0.557004929,9.72403622,-0.00107804674,0.0015696669,0.0386355445,-0.175309181,-0.000254631042,1
2004,20.579981,0.229619488,-0.225927845,0.178674966,-0.205993056,-0.528414488,0.100517049,0.0365050174,-0.175024986,0.0069671222,0.537844777,10.0713139,-0.00960016251,-0.012278772,0.0365050174,-0.175004005,-0.000254631042,1
2005,20.589979,0.191226512,-0.222974524,0.212637976,-0.235526085,0.251292139,-0.317199111,0.0333092213,-0.175469875,-0.268460125,-0.302807122,9.47974396,0.00531353988,-0.0186703578,0.0333092213,-0.174759865,-0.000254631042,1
2006,20.599976,0.231096148,-0.182366595,0.183843255,-0.170553386,-0.221010491,0.257654756,0.0290481634,-0.174641609,0.215333834,0.262417525,9.7791214,-0.00427384023,-0.0112135075,0.0290481634,-0.174454689,-0.000254631042,1
2007,20.609983,0.222236201,-0.239956036,0.212637976,-0.235526085,0.439923286,-0.505487859,0.0226565767,-0.173909187,-0.421741396,-0.52075392,9.7096653,-0.00107804674,-0.000560861954,0.0226565767,-0.174149513,-0.000254631042,1
2008,20.619981,0.214114636,-0.205993056,0.175721675,-0.204516381,-0.547142208,0.132378265,0.00987340324,-0.173909187,0.0357073583,0.561794937,9.77672672,0.00744406879,-0.00482191984,0.00987340324,-0.173996925,-0.000254631042,1
2009,20.630001,0.183843255,-0.207469687,0.231096148,-0.204516381,0.686310768,-0.43197915,0.0120039321,-0.173812866,-0.306780457,-0.750675797,10.2102251,-0.00107804674,-0.0293230023,0.0120039321,-0.173844337,-0.000254631042,1
2010,20.639974,0.234787777,-0.221497893,0.13068375,-0.177936628,0.609345913,0.140928224,-0.0103666214,-0.173621178,0.244074062,-0.5758394,9.75517082,0.00637880433,-0.0325187966,-0.0103666214,-0.173752785,-0.000254631042,1
2011,20.650001,0.202301398,-0.182366595,0.205254719,-0.193441495,-0.661926031,-0.408916503,0.00454708049,-0.1743536,-0.517542183,0.580955088,9.27377224,0.00105248217,-0.0367798544,0.00454708049,-0.173783302,-0.000254631042,1
2012,20.659976,0.200824752,-0.231834456,0.189749852,-0.251030952,1.02047777,-0.0382668041,0.00241655181,-0.173717022,0.138693199,-1.01173294,9.58991432,-1.27822468e-05,-0.0293230023,0.00241655181,-0.173661232,-0.000254631042,1
2013,20.670003,0.226666182,-0.193441495,0.259152532,-0.162431777,0.101649404,0.0743251517,0.00135128724,-0.173909187,0.0907928124,-0.0872553512,9.54201412,-0.00320857554,-0.010148243,0.00135128724,-0.173630714,-0.000254631042,1
2014,20.679977,0.206731379,-0.180889934,0.152833551,-0.207469687,-0.206359744,-0.571902335,-0.00717082852,-0.173812866,-0.598972857,0.104346216,9.96353817,0.0031830112,0.00370019581,-0.00717082852,-0.173539162,-0.000254631042,1
2015,20.689995,0.171291694,-0.203039736,0.205254719,-0.241432697,0.146694794,-0.043000225,-0.0156929437,-0.173812866,-0.0169830751,-0.151920885,9.54201412,-1.27822468e-05,0.0122223105,-0.0156929437,-0.173752785,-0.000254631042,1
2016,20.700001,0.20820801,-0.162431777,0.21116133,-0.163908437,0.54114151,-0.0538991764,-0.0103666214,-0.173812866,0.0404973961,-0.542309105,9.51566887,0.00105248217,0.0313970707,-0.0103666214,-0.173905373,-0.000254631042,1
2017,20.709975,0.197133109,-0.213376299,0.189749852,-0.176459983,-0.835260093,-0.123320229,-0.0316719115,-0.174005032,-0.266065121,0.80129689,9.02947998,-1.27822468e-05,0.0431149788,-0.0316719115,-0.174149513,-0.000254631042,1
2018,20.720002,0.226666182,-0.136590362,0.157263488,-0.189011529,0.306890756,-0.0447312556,-0.0327371769,-0.174929142,0.0093621416,-0.309992194,9.90845203,0.0159661844,0.0601592101,-0.0327371769,-0.174424171,-0.000254631042,1
2019,20.729976,0.0878608376,-0.108533971,0.129207104,-0.176459983,-0.235928655,-0.362133235,-0.0540424623,-0.175661564,-0.397791207,0.169011742,9.53243446,0.0351409428,0.0537676252,-0.0540424623,-0.174790382,-0.000254631042,1
2020,20.739999,0.107795633,-0.0775242597,0.0922907889,-0.0775242597,-0.983762801,0.179996431,-0.0625645816,-0.176393986,0.00457210233,1.00008357,10.3611107,0.0436630584,0.0558981523,-0.0625645816,-0.175400734,-0.000254631042,1
2021,20.749974,0.0184581578,-0.012551547,0.0369163156,-0.0295330528,-0.796138704,0.127090946,-0.0423245542,-0.176393986,-0.0145880543,0.806086957,10.2844706,0.0692294016,0.0271360129,-0.0423245542,-0.175919533,-0.000254631042,1
2022,20.760002,0.175721675,-0.128468782,0.106318988,-0.0945057645,-0.730963409,-0.0932213292,-0.0306066461,-0.177126408,-0.220559746,0.703101099,9.93719292,0.0745557249,0.0154181039,-0.0306066461,-0.176224709,-0.000254631042,1
2023,20.769977,0.171291694,-0.15800184,0.090814136,-0.146926939,-0.907938361,0.2500754,-0.018888738,-0.177318096,0.0860027671,0.937813044,10.2221994,0.0798820481,0.00583072472,-0.018888738,-0.176529884,-0.000254631042,1
2024,20.780004,0.0169815049,-0.0450379066,0.0952440947,-0.135113716,-1.23292708,0.351409793,-0.00610556407,-0.176777363,0.129113123,1.27551079,9.87252712,0.0362062082,0.00689598918,-0.00610556407,-0.176621437,-0.000254631042,1
2025,20.789978,0.127730444,-0.0804775655,0.160216808,-0.169076726,-1.66049516,1.07548499,0.00987340324,-0.177064896,0.766188323,1.82397032,9.89168739,-0.00427384023,0.0196791627,0.00987340324,-0.176621437,-0.000254631042,1
2026,20.799974,-0.00221497891,0,-0.0036916316,-0.0177198313,-0.0157398637,0.640069485,0.0386355445,-0.17716074,0.627277195,0.12829642,9.42465878,-0.00960016251,-0.00269139092,0.0386355445,-0.176407814,-0.000254631042,1
2027,20.809996,0.0243647695,-0.00516828429,0.0538978167,-0.182366595,-3.48833632,1.08590591,0.035439752,-0.176969051,0.454835773,3.62502503,9.38873291,0.00744406879,-0.00588718429,0.035439752,-0.176285744,-0.000254631042,1
2028,20.819983,0.149141908,-0.0745709538,0.0642343909,-0.0310097057,-1.89119351,0.602623761,0.0588755682,-0.176681519,0.260839194,1.96767151,9.13486099,0.0330104157,0.0260707494,0.0588755682,-0.175919533,-0.000254631042,1
2029,20.829995,0.0553744733,-0.0716176555,0.0442995802,-0.159478486,-1.91919351,0.0906173512,0.0375702791,-0.176044941,-0.246904954,1.90540099,9.58512497,0.0223577712,0.0356581286,0.0375702791,-0.175492287,-0.000254631042,1
2030,20.839982,0.0132898735,-0.0310097057,0.0627577379,-0.0191964842,-1.24833822,0.539787054,0.061006099,-0.175504208,0.313529611,1.32341123,10.3611107,0.0202272423,0.0676160604,0.061006099,-0.175187111,-0.000254631042,1
2031,20.850001,0.0243647695,-0.0324863568,0.0147665264,-0.108533971,-1.96068573,0.568450868,0.0322439559,-0.175504208,0.236889005,1.91977108,9.67374039,0.0479241163,0.0324623361,0.0322439559,-0.174790382,-0.000254631042,1
2032,20.860003,0.00885991566,-0.0324863568,0.0317480303,0.0184581578,-1.74992728,0.194301173,0.0407660753,-0.175216675,0.150668293,1.52698791,9.9443779,0.0138356555,0.0409844518,0.0428966023,-0.174485207,-0.000254631042,1
2033,20.869977,0.0118132206,-0.0479912087,0.0258414224,-0.0295330528,-1.01006579,0.25135833,0.0365050174,-0.175024986,0.177013516,1.19647515,10.3467407,-0.00640436914,-0.0144093009,0.0311786924,-0.174149513,-0.000254631042,1
2034,20.879974,0.0073832632,-0.00664493674,0.0199348107,-0.00959824212,-1.0296129,-0.217217624,0.0322439559,-0.174833298,-0.457666695,0.865962446,9.86055183,-0.0383623056,-0.0112135075,0.0365050174,-0.17393589,-0.000254631042,1
2035,20.889981,0,-0.0406079441,-0.0081215892,0.0103365686,-0.913456857,-0.235941574,0.0194607824,-0.174100876,-0.383421093,0.911467791,9.74798584,-0.0287749227,-0.010148243,0.0130691966,-0.17369175,-0.000254631042,1
2036,20.899978,0.00147665257,-0.0251030941,-0.00221497891,0.0132898735,-0.751745045,-0.159747705,0.01626499,-0.17419672,-0.266065121,0.691125989,10.1671143,-0.0287749227,-0.00482191984,0.01626499,-0.173539162,-0.000254631042,1
2037,20.909973,0,-0.0036916316,0,0.0317480303,-0.323587149,-0.145146176,0.0173302535,-0.174100876,-0.199004561,0.252837449,9.81504631,-0.0266443938,-0.0197356232,0.0151997255,-0.173386574,-0.000254631042,1
2038,20.919981,0.00147665257,-0.0140281999,0.00295330514,-0.0036916316,-0.512891054,-0.184942931,0.00987340324,-0.173812866,-0.270855159,0.473179221,9.72643089,-0.0277096573,-0.0250619445,0.0109386677,-0.173325539,-0.000254631042,1
2039,20.929979,0.00147665257,-0.012551547,0.00295330514,-0.0155048529,0.0654587969,0.0344980769,0.0109386677,-0.173621178,0.0452874377,-0.0585151166,9.88929176,-0.0287749227,-0.0282577388,0.00880813878,-0.173203468,-0.000254631042,1
2040,20.939976,0.00442995783,0.00147665257,0,0.0199348107,0.0303208157,-0.0687642023,0.0120039321,-0.173717022,-0.0624884479,-0.0417499803,9.58751965,-0.0234485995,-0.0261272099,0.0120039321,-0.173172951,-0.000254631042,1
2041,20.949984,0.00147665257,-0.00221497891,0,0.0073832632,0.0937509537,0.0295838956,0.0130691966,-0.173080444,0.0452874377,-0.0872553512,9.72403622,-0.0170570128,-0.0144093009,0.0130691966,-0.173020363,-0.000254631042,1
2042,20.959995,0,-0.00221497891,0,0.00295330514,0.237079978,-0.0684386566,0.01626499,-0.173176765,-0.0265631527,-0.245326653,9.67853069,-0.0159917492,-0.00695244875,0.01626499,-0.172867775,-0.000254631042,1
2043,20.969981,0,0.00147665257,0.00442995783,0.0184581578,0.315519124,-0.00918775983,0.0183955189,-0.173080444,0.0452874377,-0.312387228,9.71206093,-0.010665427,0.00796125364,0.0183955189,-0.172715187,-0.000254631042,1
2044,20.980002,0,0.00147665257,0.00442995783,-0.00221497891,0.28833124,-0.0117007215,0.01626499,-0.1729846,0.0381023772,-0.286041975,9.79109669,-0.00533910468,0.00583072472,0.01626499,-0.172562599,-0.000254631042,1
2045,20.989977,0,0.00147665257,0,-0.00959824212,0.505497754,-0.188179255,0.01626499,-0.172888756,-0.0984137431,-0.530333996,9.83420658,0.00637880433,0.00476546027,0.01626499,-0.172410011,-0.000254631042,1
2046,21.000004,-0.00221497891,0.00295330514,-0.00221497891,0.0199348107,0.520272791,-0.21501863,0.0141344611,-0.172792912,-0.12236394,-0.549494147,9.78630638,0.00637880433,-0.00375665538,0.0141344611,-0.172257423,-0.000254631042,1
2047,21.009979,-0.00516828429,-0.00221497891,0,-0.0206731372,0.581306338,-0.242140472,0.00774287386,-0.171912193,-0.139129072,-0.614159703,9.91563702,-0.00427384023,0.000504402502,0.00774287386,-0.172104836,-0.000254631042,1
2048,21.019998,-0.00221497891,-0.00516828429,0,0.0169815049,0.451993972,-0.440896004,0.00135128724,-0.171912193,-0.35707587,-0.52075392,9.70727062,-0.00640436914,0.00476546027,0.00135128724,-0.172074318,-0.000254631042,1
2049,21.029983,0,-0.00221497891,-0.00221497891,-0.00221497891,0.386404455,-0.313257635,-0.00823609252,-0.172888756,-0.242114916,-0.434533209,9.73601055,-0.00427384023,0.00263493136,-0.00823609252,-0.172074318,-0.000254631042,1
2050,21.039997,0,0,-0.0036916316,0.00590661028,0.289139181,-0.619630277,-0.0103666214,-0.172888756,-0.560652554,-0.391422868,9.75996113,0.0031830112,0.0015696669,-0.0103666214,-0.172074318,-0.000254631042,1
2051,21.049983,0,0,-0.00221497891,0.0118132206,0.169642448,-0.440730065,-0.0156929437,-0.172888756,-0.404976279,-0.242931634,9.90126705,0.00211774674,0.00263493136,-0.0156929437,-0.172074318,-0.000254631042,1
2052,21.060003,0,0,-0.00221497891,0.00590661028,0.154990092,-0.440647036,-0.0178234726,-0.173080444,-0.407371283,-0.228561506,9.93240261,0.00424827542,-0.00162612647,-0.0178234726,-0.172226906,-0.000254631042,1
2053,21.069977,0,0,0,0.0073832632,0.110792108,-0.304058552,-0.0199540015,-0.173080444,-0.280435234,-0.161500961,9.76714611,0.00637880433,-0.00588718429,-0.0199540015,-0.172410011,-0.000254631042,1
2054,21.079996,0,0.00147665257,0,0.0103365686,-0.0612668023,-0.203468487,-0.0199540015,-0.173080444,-0.21097967,0.0253105685,9.73361588,0.00531353988,-0.00162612647,-0.0199540015,-0.172593117,-0.000254631042,1
2055,21.089983,0,0.00147665257,0.00147665257,0.00147665257,-0.0449980982,-0.123625383,-0.0210192669,-0.174005032,-0.129548997,0.0229155496,9.7312212,0.00211774674,-0.000560861954,-0.0210192669,-0.172745705,-0.000254631042,1
2056,21.100000,0.00147665257,0.00147665257,0.00147665257,0,-0.199055463,0.0930145383,-0.0146276793,-0.173464298,0.0572625361,0.212122098,9.82941628,-1.27822468e-05,0.000504402502,-0.0146276793,-0.172898293,-0.000254631042,1
2057,21.109975,0.00147665257,0.00442995783,0.00295330514,0.00590661028,-0.206001133,0.108842216,-0.00930135697,-0.173560143,0.0716326535,0.221702173,9.89887238,0.00211774674,-0.00269139092,-0.00930135697,-0.172989845,-0.000254631042,1
2058,21.119994,0.00147665257,0.0073832632,0.0073832632,0.0339630097,-0.195534691,0.126598239,0.00135128724,-0.17419672,0.0907928124,0.214517117,9.73601055,0.0031830112,-0.00269139092,0.00135128724,-0.172989845,-0.000254631042,1
2059,21.130002,-0.00221497891,0.0073832632,0.0214114618,-0.0036916316,-0.174187109,0.137413397,0.00880813878,-0.174100876,0.105162926,0.195356965,9.67374039,0.00211774674,0.00263493136,0.00880813878,-0.172989845,-0.000254631042,1
2060,21.140004,0,-0.00221497891,-0.0081215892,-0.0206731372,-0.181777492,0.0804044232,0.0109386677,-0.17419672,0.0476824567,0.192961946,9.76475143,-0.00107804674,0.00263493136,0.0109386677,-0.172837257,-0.000254631042,1
2061,21.149979,0,0,0.00147665257,0.0273180734,-0.0334237814,0.122353174,0.01626499,-0.173560143,0.114743009,0.0540508032,9.89168739,-0.00214331108,0.00370019581,0.01626499,-0.172684669,-0.000254631042,1
2062,21.160004,0,0,0.0073832632,-0.00221497891,-0.0513769314,0.0476911627,0.0151997255,-0.173560143,0.0381023772,0.0588408448,9.7791214,-0.00320857554,-0.000560861954,0.0151997255,-0.172532082,-0.000254631042,1
2063,21.169978,0,0,-0.00664493674,-0.011074895,0.0187611841,-0.0375659727,0.0130691966,-0.174100876,-0.0337482132,-0.0249848422,9.74319553,-0.00320857554,0.00370019581,0.0130691966,-0.172471046,-0.000254631042,1
2064,21.180004,0,0,0.00295330514,0.0103365686,0.0353319272,-0.123155564,0.00774287386,-0.174005032,-0.115178876,-0.0561200976,9.75756645,-0.00214331108,0.0015696669,0.00774287386,-0.172471046,-0.000254631042,1
2065,21.189979,0,0,-0.0036916316,0.0199348107,0.0911003053,-0.0550691783,0.00454708049,-0.17327261,-0.0385382511,-0.0992304534,9.81265163,-0.00107804674,0.00476546027,0.00454708049,-0.172471046,-0.000254631042,1
2066,21.199995,0,0,-0.00221497891,0.0273180734,0.154246345,-0.18041642,-0.00504029961,-0.173368454,-0.151104167,-0.183056146,9.90366268,0.00211774674,-0.00269139092,-0.00504029961,-0.172532082,-0.000254631042,1
2067,21.209981,0,0,-0.00221497891,-0.0191964842,0.145582259,-0.132701203,-0.0103666214,-0.173368454,-0.1055988,-0.166290998,9.81265163,-1.27822468e-05,0.000504402502,-0.0103666214,-0.172684669,-0.000254631042,1
2068,21.220002,0,0,0,0.0214114618,0.0335167423,-0.105814308,-0.0135624148,-0.174005032,-0.0984137431,-0.0513300598,9.80307102,-0.00320857554,0.000504402502,-0.0135624148,-0.172837257,-0.000254631042,1
2069,21.229981,0,0,0,0.0228881147,0.0060397936,-0.0961208567,-0.0146276793,-0.174005032,-0.0936237052,-0.0225898232,9.66895008,-0.00214331108,-0.00269139092,-0.0146276793,-0.172989845,-0.000254631042,1
2070,21.240003,0,0,0,0.0184581578,-0.0283397343,-0.0706337541,-0.0124971503,-0.173368454,-0.0744635463,0.0157304909,9.86773682,0.00211774674,-0.00269139092,-0.0124971503,-0.173142433,-0.000254631042,1
2071,21.249977,-0.00221497891,0.00147665257,0,0.00442995783,-0.0346505456,-0.0646440983,-0.0103666214,-0.174292564,-0.0696735084,0.0229155496,9.78870106,0.0031830112,-0.00269139092,-0.0103666214,-0.173264503,-0.000254631042,1
2072,21.260002,0,0.00295330514,0.00147665257,0.00442995783,-0.0966593623,-0.0853398666,-0.00610556407,-0.174292564,-0.100808762,0.0803960189,9.72403622,-1.27822468e-05,-0.00269139092,-0.00610556407,-0.173295021,-0.000254631042,1
2073,21.269976,0,0.00295330514,0.00147665257,0.0354396626,-0.137470976,-0.0270846579,-0.00184450613,-0.174292564,-0.0505133495,0.130691439,9.75517082,0.00211774674,-0.000560861954,-0.00184450613,-0.173295021,-0.000254631042,1
2074,21.280001,0,-0.00221497891,-0.00221497891,0.0287947264,-0.0822562426,-0.0173519086,0.00241655181,-0.174292564,-0.0457233116,0.0827910379,9.82462692,-0.00107804674,-0.00162612647,0.00241655181,-0.173295021,-0.000254631042,1
2075,21.289976,0,0,0,-0.0251030941,-0.101126119,-0.0140293175,0.00561234495,-0.174292564,-0.0529083684,0.135481477,9.78151608,-0.00107804674,-0.000560861954,0.00774287386,-0.173264503,-0.000254631042,1
2076,21.300001,0,0,0,0.0103365686,-0.0354811959,-0.0693615675,0.00880813878,-0.174292564,-0.100808762,0.0396806858,9.7623558,-0.00107804674,-0.00162612647,0.00987340324,-0.173233986,-0.000254631042,1
2077,21.309978,0,-0.00221497891,0,0.0243647695,-0.0775230825,-0.059527006,0.0109386677,-0.174292564,-0.0217731129,0.0301006082,9.81265163,-1.27822468e-05,0.0015696669,0.0141344611,-0.173142433,-0.000254631042,1
2078,21.319996,0,-0.00221497891,0,0,-0.0139623005,-0.0853098109,0.00987340324,-0.17419672,-0.04093327,-0.0513300598,9.80307102,-0.00107804674,0.00476546027,0.00774287386,-0.173111916,-0.000254631042,1
2079,21.330002,0,-0.00221497891,0,0,0.0599752143,-0.0521100983,0.0066776094,-0.174100876,-0.086438641,-0.0345649198,9.79109669,-0.00214331108,-0.00269139092,0.00880813878,-0.173111916,-0.000254631042,1
2080,21.339977,0,0,0,0.00295330514,0.0742623433,-0.0400244594,0.00561234495,-0.174005032,-0.0265631527,-0.0800702944,9.74798584,-1.27822468e-05,-0.00269139092,0.00454708049,-0.173111916,-0.000254631042,1
2081,21.349996,0,0,0,-0.00221497891,0.0940485895,-0.0798994973,-0.00184450613,-0.17327261,-0.0624884479,-0.10641551,9.86055183,-0.00107804674,0.000504402502,0.000286022841,-0.173111916,-0.000254631042,1
2082,21.359983,0,0,0,0,0.0262221973,-0.0923422724,-0.00504029961,-0.17327261,-0.086438641,-0.0417499803,9.76475143,0.00105248217,0.0015696669,-0.00504029961,-0.173111916,-0.000254631042,1
2083,21.370002,0,0,0.00147665257,0.00442995783,0.0171242431,-0.0469930135,-0.0124971503,-0.173621178,-0.0433282889,-0.0249848422,9.79109669,-1.27822468e-05,-0.000560861954,-0.00930135697,-0.173233986,-0.000254631042,1
2084,21.379976,0,0,-0.00221497891,0,0.00402203761,-0.107913069,-0.0124971503,-0.173491001,-0.1055988,-0.0225898232,9.87013245,-1.27822468e-05,-0.00269139092,-0.0124971503,-0.173386574,-0.000254631042,1
2085,21.390005,0,0.00147665257,-0.00221497891,0.00147665257,-0.0643408746,-0.0399747603,-0.0114318859,-0.174058437,-0.0505133495,0.0564458258,9.76475143,0.00211774674,-0.00162612647,-0.0114318859,-0.173539162,-0.000254631042,1
2086,21.399981,0,0,-0.0036916316,-0.00516828429,-0.0610276833,-0.0210897066,-0.0103666214,-0.174294472,-0.0313531905,0.0564458258,9.75517082,-1.27822468e-05,0.000504402502,-0.0103666214,-0.173661232,-0.000254631042,1
2087,21.409979,0,-0.00221497891,-0.00221497891,-0.0036916316,-0.0518339351,-0.0519117415,-0.00610556407,-0.173807144,-0.0600934289,0.0420757085,9.82941628,-0.00107804674,-0.000560861954,-0.00610556407,-0.17369175,-0.000254631042,1
2088,21.419977,0,-0.0036916316,-0.00516828429,-0.00221497891,-0.0108747454,-0.0955785662,-0.00397503516,-0.17387867,-0.0960187241,-0.00582468603,9.85336685,-1.27822468e-05,0.0015696669,-0.00397503516,-0.17369175,-0.000254631042,1
2089,21.429974,0,-0.00516828429,-0.00516828429,-0.0155048529,0.00719902758,-0.13039498,-0.00717082852,-0.174866199,-0.127153978,-0.0297748819,9.8270216,-1.27822468e-05,-0.00269139092,-0.00717082852,-0.17369175,-0.000254631042,1
2090,21.439982,-0.0140281999,-0.0177198313,-0.0177198313,-0.0236264411,-0.0299897902,-0.0240793098,-0.00610556407,-0.175993919,-0.0289581716,0.0253105685,9.78151608,-1.27822468e-05,0.0015696669,-0.00610556407,-0.173722267,-0.000254631042,1
2091,21.449979,-0.0155048529,-0.0634960607,-0.053159494,-0.0361779891,-0.109744258,-0.00744909886,-0.00397503516,-0.176128387,-0.0265631527,0.106741235,9.81265163,-0.00320857554,0.000504402502,-0.00397503516,-0.173722267,-0.000254631042,1
2092,21.459975,-0.0465145558,-0.0915524587,-0.0590661056,-0.0347013362,-0.132061511,0.00393940974,0.00241655181,-0.177022457,-0.019378094,0.130691439,9.90845203,-0.00320857554,0.000504402502,0.00241655181,-0.173722267,-0.000254631042,1
2093,21.469983,-0.037654642,-0.0686643422,-0.0575894527,-0.170553386,-0.899408996,0.0126050245,0.00987340324,-0.17740202,-0.146314129,0.887517631,9.65697575,0.00211774674,0.00583072472,0.00987340324,-0.173722267,-0.000254631042,1
2094,21.479979,-0.0885991603,-0.141020313,-0.0516828448,-0.111487262,-0.40994373,-0.807229638,0.0450271331,-0.178593636,-0.867215037,0.260022491,9.56356907,-0.00427384023,0.0271360129,0.0450271331,-0.173539162,-0.000254631042,1
2095,21.490002,-0.0716176555,-0.101150699,-0.107057318,-0.04356125,-0.544662774,0.876181543,0.0961598232,-0.181041241,0.76379329,0.693521023,10.2293854,0.00105248217,0.048441302,0.0961598232,-0.17305088,-0.000254631042,1
2096,21.499978,-0.0730943009,-0.156525165,-0.0790009201,-0.156525165,-1.35923719,0.0968749821,0.188837826,-0.1804986,-0.148709148,1.35454643,9.38154793,-0.0234485995,0.0143528394,0.188837826,-0.171891212,-0.000254631042,1
2097,21.509999,-0.119608864,-0.12108551,-0.160955131,-0.0479912087,-0.837451756,1.04619277,0.283646375,-0.178230762,0.881149292,1.00966358,10.2317801,-0.0298401862,0.0218096916,0.283646375,-0.169877052,-0.000254631042,1
2098,21.519975,-0.111487262,-0.222974524,-0.170553386,-0.180889934,-1.71935785,0.353041232,0.374193847,-0.173984051,0.0500774756,1.75451469,9.54440975,-0.039427571,-0.00482191984,0.374193847,-0.167740822,-0.000254631042,1
2099,21.530003,-0.205993056,-0.163908437,-0.177936628,-0.128468782,-1.32392442,0.237163216,0.516939282,-0.170295715,0.0093621416,1.34496641,9.84139156,-0.0532760061,0.0164833684,0.516939282,-0.164017677,-0.000254631042,1
2100,21.539978,-0.155048519,-0.259890854,-0.2724424,-0.268012434,-2.18994856,0.881155372,0.617074132,-0.165849209,0.507526219,2.30536914,9.60188961,-0.031970717,-0.00695244875,0.617074132,-0.159226418,-0.000254631042,1
2101,21.549997,-0.303452075,-0.258414209,-0.220021233,-0.218544587,-0.835145116,0.680603147,0.79390806,-0.160208702,0.53866148,0.933022976,9.96114254,-0.0404928327,-0.0080177132,0.79390806,-0.153244972,-0.000254631042,1
2102,21.559982,-0.29680717,-0.298283815,-0.307882071,-0.363256544,-2.52771544,0.668949485,0.901499748,-0.152345181,0.277604342,2.59995675,10.24615,-0.0245138649,-0.0431714393,0.901499748,-0.145798683,-0.000254631042,1
2103,21.570001,-0.346275061,-0.329293549,-0.33224684,-0.343321711,-1.54074311,0.653937638,1.07194209,-0.142503262,0.428490549,1.6179986,10.267705,-0.0426233634,-0.0389103815,1.07194209,-0.137223244,-0.000254631042,1
2104,21.579975,-0.385406286,-0.432659209,-0.385406286,-0.409771085,-2.01057267,-0.0116098644,1.20723069,-0.131754398,-0.275645196,1.99162161,9.11570072,-0.00427384023,-0.0634114668,1.20723069,-0.127121925,-0.000254631042,1
2105,21.589995,-0.428229272,-0.4466874,-0.403864443,-0.369901478,-2.56466913,0.288567275,1.36488986,-0.118625641,-0.0169830751,2.58079648,9.48453426,-0.00107804674,-0.0484977625,1.36488986,-0.115647316,-0.000254631042,1
2106,21.600005,-0.431182534,-0.497631967,-0.477697134,-0.48729533,-2.67342234,-0.470314652,1.51189637,-0.104825974,-0.747464061,2.60953665,9.87731743,0.0159661844,-0.0442367047,1.51189637,-0.102707863,-0.000254631042,1
2107,21.609979,-0.471790493,-0.519781709,-0.477697134,-0.501323521,-2.2200675,0.22366707,1.67914283,-0.0876259804,0.0285222996,2.23112369,10.6006126,-0.0372970402,-0.0261272099,1.67914283,-0.0882425308,-0.000254631042,1
2108,21.619995,-0.516090095,-0.55005312,-0.531594932,-0.584754407,-1.61843956,0.153346851,1.8080399,-0.0695543289,0.0404973961,1.6251837,10.2940502,-0.0937560573,-0.033584062,1.8080399,-0.072312355,-0.000254631042,1
2109,21.629981,-0.539716542,-0.63717562,-0.592137635,-0.564081252,-2.05082464,0.15952079,1.93906736,-0.050951004,0.0548675135,2.05628729,10.2629156,-0.138497159,-0.0325187966,1.93906736,-0.0550699234,-0.000254631042,1
2110,21.639997,-0.592137635,-0.575156152,-0.570726216,-0.652680397,-2.27674198,0.573450506,2.0807476,-0.0309438705,0.502736151,2.29339409,10.4257765,-0.166194037,-0.0847167522,2.0807476,-0.0364847183,-0.000254631042,1
2111,21.649982,-0.641605556,-0.688120067,-0.692550123,-0.674091876,-2.09433174,-0.847950697,2.19899201,-0.00806808472,-0.864820063,2.08742237,9.15402126,-0.152345598,-0.104956776,2.19899201,-0.0165567398,-0.000254631042,1
2112,21.659999,-0.643082201,-0.698456705,-0.69698,-0.69698,-1.53240967,-0.440427244,2.29060459,0.0152865946,-0.416951358,1.53896296,8.9264946,-0.11186555,-0.0921735987,2.29060459,0.00453090668,-0.000254631042,1
2113,21.670001,-0.665970266,-0.695503354,-0.671138644,-0.691073418,-2.07606125,-0.622949064,2.38221741,0.0401586294,-0.539097369,2.09939766,9.38154793,-0.0862992033,-0.102826245,2.38221741,0.0265340805,-0.000254631042,1
2114,21.679977,-0.746447921,-0.763429463,-0.75161618,-0.726513088,-1.11722028,-0.633980393,2.46211219,0.0644989312,-0.560652554,1.15575981,8.88817406,-0.0639286488,-0.124131538,2.46211219,0.0494832993,-0.000254631042,1
2115,21.689998,-0.746447921,-0.747924507,-0.726513088,-0.75161618,-0.930557907,-1.69687319,2.56970406,0.0913764834,-1.60488117,1.08151424,9.66416073,-0.0159917492,-0.131588385,2.56970406,0.0733785629,-0.000254631042,1
2116,21.699974,-0.773027658,-0.773027658,-0.780410945,-0.77893424,-0.426498383,-1.23610294,2.64853358,0.119971991,-1.17617261,0.571375012,10.7083893,-0.0756465644,-0.0943041295,2.64853358,0.0984334946,-0.000254631042,1
2117,21.709997,-0.805513978,-0.747924507,-0.792962432,-0.848336875,-0.260644704,-1.54433906,2.70605779,0.146143854,-1.48992014,0.482759297,9.46058369,-0.151280329,-0.0474324971,2.70605779,0.124159813,-0.000254631042,1
2118,21.719983,-0.773027658,-0.826925516,-0.821018875,-0.859411776,-1.31426299,-0.66732049,2.76997375,0.172185242,-1.13545728,1.40723693,9.352808,-0.164063498,0.00476546027,2.78488731,0.150649071,-0.000254631042,1
2119,21.729995,-0.835047007,-0.821018875,-0.85498184,-0.862365067,-0.407607585,-1.19615769,2.80725789,0.194627881,-1.02768135,0.351033211,10.028203,-0.126779258,-0.012278772,2.80512738,0.177779198,-0.000254631042,1
2120,21.739982,-0.785579205,-0.81954217,-0.84686029,-0.774504304,-0.754282475,-0.629502714,2.82749796,0.224610209,-0.0505133495,0.719866216,11.6137066,-0.0330359787,-0.100695714,2.83921576,0.2052145,-0.000254631042,1
2121,21.750001,-0.815850556,-0.806990683,-0.852028489,-0.840953648,-1.05192041,-0.223951474,2.85626006,0.256344914,-0.77141428,2.33889961,9.94677258,0.01490092,-0.230657995,2.86052108,0.233016014,-0.000254631042,1
2122,21.759977,-0.85498184,-0.839477003,-0.832832038,-0.82249552,0.626060009,-2.46245766,2.90845799,0.287216723,-2.11741543,-0.901562035,8.70615292,-0.041558098,-0.190177932,2.91378427,0.261397362,-0.000254631042,1
2123,21.769995,-0.842430294,-0.804037392,-0.84686029,-0.85793519,0.0550674275,-1.62943065,2.91911077,0.314462125,-1.61446118,0.00136037311,7.32662106,-0.0958865881,-0.0623462014,2.92017603,0.290083885,-0.000254631042,1
2124,21.780000,-0.8822999,-0.839477003,-0.871963322,-0.956870914,0.252286226,-1.66874301,2.92869806,0.339301646,-1.65757155,0.317502946,6.88593769,-0.166194037,0.0942476764,2.9255023,0.318984032,-0.000254631042,1
2125,21.789974,-0.814373851,-0.859411776,-0.918477952,-0.905926406,0.973696291,-0.500889242,2.91484952,0.36700958,-0.816919625,-0.729120612,11.5298805,-0.125713989,0.128336146,2.91165376,0.347823143,-0.000254631042,1
2126,21.799982,-0.817327261,-0.838000298,-0.904449761,-0.85793519,-0.569531977,-0.723913312,2.88502216,0.399119914,-0.445691615,0.806086957,13.2447147,-0.101212911,-0.033584062,2.88715267,0.376601219,-0.000254631042,1
2127,21.809999,-0.852028489,-0.85793519,-0.869009972,-0.870486677,-0.280880362,-1.16263533,2.91698027,0.43408972,-0.936670661,0.743816435,11.6687918,-0.0596675947,-0.169937909,2.91698027,0.405531883,-0.000254631042,1
2128,21.819974,-0.836523712,-0.84686029,-0.817327261,-0.823972225,-0.572356462,-1.89888608,2.9542644,0.465720713,-1.43962479,1.36412656,10.267705,-0.0255791284,-0.250898004,2.9542644,0.434950829,-0.000254631042,1
2129,21.830000,-0.856458545,-0.817327261,-0.836523712,-0.874916673,0.863566637,-2.23775673,2.93615484,0.489985049,-2.38086748,0.291157752,6.1339016,-0.0639286488,-0.15608947,2.93615484,0.464491844,-0.000254631042,1
2130,21.839974,-0.891898096,-0.860888481,-0.885991573,-0.89042151,1.55345821,-1.26280487,2.92763281,0.514180243,-1.86354327,-0.731515646,5.34114981,-0.0703202412,0.013287575,2.92763281,0.493727684,-0.000254631042,1
2131,21.849994,-0.876393318,-0.843906999,-0.904449761,-0.870486677,0.646869183,-1.49502373,2.91698027,0.54191488,-1.61446118,0.216912135,10.7467089,-0.119322404,0.152837217,2.91698027,0.522963524,-0.000254631042,1
2132,21.859980,-0.812897265,-0.81142056,-0.876393318,-0.888944805,0.0260946359,-0.223141864,2.8967402,0.575507879,-0.20139958,0.0995561779,13.4363165,-0.167259291,0.108096115,2.8967402,0.552138329,-0.000254631042,1
2133,21.870003,-0.829878747,-0.870486677,-0.852028489,-0.85498184,-0.798232734,-1.51205945,2.91378427,0.609135389,-0.78338939,1.51980281,12.2819166,-0.128909782,-0.0825862214,2.91378427,0.581435204,-0.000254631042,1
2134,21.880003,-0.831355333,-0.843906999,-0.85793519,-0.859411776,0.453881353,-0.895204961,2.92656755,0.638438702,-0.989361048,0.169011742,10.2653103,-0.0671244487,-0.228527457,2.92656755,0.610915184,-0.000254631042,1
2135,21.890003,-0.905926406,-0.843906999,-0.826925516,-0.805513978,2.51426649,-0.474920452,2.91591501,0.665379643,-1.92581379,-1.68473351,8.29899883,-0.0426233634,-0.253028542,2.91591501,0.640273094,-0.000254631042,1
2136,21.899997,-0.852028489,-0.85498184,-0.825448811,-0.870486677,1.03927612,-1.98449159,2.89993596,0.690882444,-2.19166088,0.463599145,6.3997488,-0.0724507645,-0.119870476,2.89993596,0.669569969,-0.000254631042,1
2137,21.909983,-0.8822999,-0.863841772,-0.905926406,-0.907403111,0.871971965,-1.48334026,2.87543488,0.717021704,-1.69110179,0.317502946,7.84634066,-0.132105574,0.0377886593,2.87543488,0.698592186,-0.000254631042,1
2138,21.920000,-0.812897265,-0.791485727,-0.842430294,-0.826925516,0.663903534,-0.302585274,2.8530643,0.747424126,-0.673218489,-0.281251937,12.3298168,-0.156606644,0.1144877,2.8530643,0.727492332,-0.000254631042,1
2139,21.929976,-0.775980949,-0.829878747,-0.826925516,-0.829878747,-0.149219081,-1.27733719,2.84880328,0.780581355,-0.802549541,1.00487363,11.7574072,-0.0990823805,0.0015696669,2.84880328,0.756300926,-0.000254631042,1
2140,21.939994,-0.808467269,-0.828402102,-0.836523712,-0.821018875,-0.0907632485,-0.794554532,2.85839057,0.810765266,-0.481616914,0.638435602,10.3323708,-0.0554065369,-0.145436838,2.85839057,0.779402733,-0.000254631042,1
2141,21.949979,-0.843906999,-0.794439077,-0.825448811,-0.821018875,1.77536416,-0.647812903,2.8413465,0.838534594,-1.75337231,-0.705170453,10.4042215,-0.0309054516,-0.234919041,2.8413465,0.808333397,-0.000254631042,1
2142,21.959977,-0.859411776,-0.815850556,-0.85793519,-0.817327261,1.43307924,-0.977714658,2.81791067,0.863592505,-1.72463214,-0.187846184,6.9386282,-0.101212911,-0.183786348,2.81791067,0.836989403,-0.000254631042,1
2143,21.969994,-0.843906999,-0.859411776,-0.843906999,-0.845383644,1.60874772,-1.27146959,2.79554009,0.888615966,-2.05035472,-0.027379863,6.61051035,-0.177911937,-0.0346493237,2.79554009,0.865462303,-0.000254631042,1
2144,21.979998,-0.774504304,-0.809943914,-0.821018875,-0.805513978,0.683932006,-0.127983838,2.77316952,0.916350722,-0.620528042,-0.314782232,10.6676731,-0.192825645,0.0676160604,2.77316952,0.893660545,-0.000254631042,1
2145,21.989980,-0.808467269,-0.780410945,-0.835047007,-0.848336875,0.547279537,-0.634113431,2.74973369,0.947424173,-0.814524651,0.195356965,12.0519953,-0.135301366,0.0367233939,2.74973369,0.921614647,-0.000254631042,1
2146,22.000000,-0.777457535,-0.829878747,-0.823972225,-0.843906999,-0.139137492,-0.91318959,2.73268938,0.977267981,-0.395396203,0.834827185,11.1490726,-0.0820381492,-0.114544153,2.73268938,0.949538231,-0.000254631042,1
2147,22.009974,-0.832832038,-0.777457535,-0.81142056,-0.760476053,0.805029631,-0.537680745,2.74014616,1.00561249,-0.967805862,0.0229155496,10.5958233,-0.0191875417,-0.257289588,2.74014616,0.977339745,-0.000254631042,1
2148,22.019983,-0.829878747,-0.77893424,-0.81954217,-0.787055731,1.91984713,-0.710378826,2.74121141,1.03114998,-2.01203442,-0.377052754,7.14938974,-0.0362317748,-0.253028542,2.74121141,1.00520229,-0.000254631042,1
2149,22.029979,-0.809943914,-0.838000298,-0.826925516,-0.831355333,2.27560472,-0.370909095,2.72097158,1.05553687,-2.16292071,-0.798576176,5.82494402,-0.0852339417,-0.0783251673,2.72097158,1.03288174,-0.000254631042,1
2150,22.039977,-0.815850556,-0.794439077,-0.81954217,-0.780410945,0.762918472,-0.696974277,2.71244931,1.08011556,-1.00133622,0.255232453,9.5180645,-0.0905602649,0.107030854,2.71244931,1.06037807,-0.000254631042,1
2151,22.049974,-0.817327261,-0.790009141,-0.839477003,-0.842430294,0.822375357,-0.084041208,2.69860101,1.10944557,-0.773809314,-0.290832013,14.0566263,-0.107604496,0.119814023,2.69860101,1.08778286,-0.000254631042,1
2152,22.059983,-0.74349463,-0.787055731,-0.85793519,-0.842430294,0.586536467,0.140143096,2.68901348,1.14002192,-0.474431843,-0.372262716,12.3633471,-0.0990823805,-0.0442367047,2.68901348,1.11500454,-0.000254631042,1
2153,22.069979,-0.817327261,-0.804037392,-0.788532436,-0.764906049,0.455599636,-0.275686622,2.69966626,1.16908991,-0.527122259,0.0756059811,10.2509403,-0.0809728801,-0.197634786,2.69966626,1.14247036,-0.000254631042,1
2154,22.079976,-0.836523712,-0.781887531,-0.797392428,-0.785579205,1.79028237,-0.285459429,2.70499253,1.19505429,-1.77013743,-0.391422868,7.95890617,-0.0479496866,-0.279660136,2.70499253,1.16978359,-0.000254631042,1
2155,22.089973,-0.835047007,-0.800345719,-0.814373851,-0.780410945,2.04547405,-0.412118524,2.70392728,1.21937978,-2.06232977,-0.317177266,5.89918947,-0.0799076185,-0.172068447,2.70392728,1.19724941,-0.000254631042,1
2156,22.150000,-0.82249552,-0.77893424,-0.804037392,-0.761952758,1.16139042,0.511564851,2.72097158,1.37827194,-1.48034012,-0.820131361,8.67741203,-0.0564718023,-0.270072788,2.71990633,1.36097622,-0.000254631042,1
2157,22.159974,-0.81142056,-0.802560687,-0.806990683,-0.798869073,1.85454237,-0.238020897,2.70605779,1.40415823,-2.12699533,0.353428245,6.04289055,-0.105473965,-0.141175777,2.70605779,1.38831997,-0.000254631042,1
2158,22.170002,-0.809943914,-0.795915782,-0.832832038,-0.798869073,1.46733773,-1.22948587,2.70605779,1.42892861,-1.14503729,1.4742974,8.51934052,-0.11186555,0.0527023599,2.70925355,1.41566372,-0.000254631042,1
2159,22.179976,-0.802560687,-0.742017984,-0.806990683,-0.809943914,0.855049789,0.850095749,2.71244931,1.45621848,-0.115178876,-0.602184594,11.9226637,-0.106539227,0.125140354,2.7081883,1.44300747,-0.000254631042,1
2160,22.190003,-0.757522762,-0.775980949,-0.821018875,-0.828402102,0.908673346,0.28515318,2.69860101,1.48690844,-0.323545605,-0.846476614,12.490284,-0.100147642,0.038853921,2.69860101,1.47029018,-0.000254631042,1
2161,22.199977,-0.766382694,-0.81954217,-0.800345719,-0.785579205,0.893397689,-0.71344018,2.6964705,1.51486945,-0.931880593,0.662385762,11.1107521,-0.0905602649,-0.114544153,2.69433999,1.4975729,-0.000254631042,1
2162,22.210005,-0.808467269,-0.77893424,-0.788532436,-0.761952758,0.975506186,0.255913049,2.70499253,1.54225528,-0.967805862,-0.283646971,9.97311783,-0.0596675947,-0.240245372,2.70499253,1.52479458,-0.000254631042,1
2163,22.219979,-0.814373851,-0.798869073,-0.790009141,-0.798869073,1.82109451,0.342417479,2.71244931,1.56887388,-1.8204329,-0.345917493,7.19489527,-0.0916255265,-0.213613763,2.7081883,1.55216885,-0.000254631042,1
2164,22.229976,-0.805513978,-0.81142056,-0.817327261,-0.81954217,1.93120611,0.205608502,2.68049145,1.59360981,-1.93539381,-0.161500961,6.35663843,-0.145954013,-0.0921735987,2.68049145,1.57939053,-0.000254631042,1
2165,22.239997,-0.798869073,-0.81954217,-0.814373851,-0.780410945,1.72162414,-1.08582199,2.68794823,1.61913049,-1.66715157,1.16773486,8.99115944,-0.113996081,0.0686813295,2.68794823,1.60652065,-0.000254631042,1
2166,22.249976,-0.780410945,-0.770074308,-0.790009141,-0.785579205,0.502299547,0.538617313,2.67942619,1.64628983,-0.541492403,-0.499198735,13.0267677,-0.0916255265,0.102769792,2.67942619,1.63363552,-0.000254631042,1
2167,22.259973,-0.746447921,-0.777457535,-0.82249552,-0.825448811,0.512434244,0.843302369,2.66557765,1.67704129,-0.598972857,-0.784206092,11.8100977,-0.0703202412,-0.0314535312,2.66557765,1.66055202,-0.000254631042,1
2168,22.269994,-0.742017984,-0.764906049,-0.777457535,-0.730943024,0.639545619,-0.528897285,2.65812087,1.7049675,-0.563047588,0.609695315,9.94677258,-0.0596675947,-0.173133701,2.65812087,1.68743801,-0.000254631042,1
2169,22.279980,-0.836523712,-0.77893424,-0.761952758,-0.761952758,1.76002812,0.0695462227,2.65812087,1.73101115,-1.74858224,0.212122098,8.51455116,-0.0788423568,-0.247702226,2.65812087,1.71441555,-0.000254631042,1
2170,22.289995,-0.790009141,-0.774504304,-0.771550953,-0.785579205,1.60885346,1.15531421,2.64746833,1.75600004,-1.79408765,-0.839291513,7.04640388,-0.105473965,-0.16248107,2.64746833,1.74130154,-0.000254631042,1
2171,22.299980,-0.75161618,-0.777457535,-0.800345719,-0.785579205,2.04637718,-1.23536921,2.62616301,1.77939343,-1.74618721,1.63236868,7.34817648,-0.140627682,0.0143528394,2.62616301,1.76794338,-0.000254631042,1
2172,22.310003,-0.780410945,-0.777457535,-0.795915782,-0.763429463,0.581213176,-0.670338392,2.64214182,1.8050189,-0.409766316,0.786926806,11.0724316,-0.136366621,0.110226646,2.64214182,1.79446316,-0.000254631042,1
2173,22.319978,-0.783364236,-0.760476053,-0.812897265,-0.794439077,1.16951847,1.4932096,2.62509775,1.83481145,-1.51866043,-1.13627398,12.2340164,-0.0862992033,0.0772034451,2.62509775,1.821105,-0.000254631042,1
2174,22.329975,-0.660063744,-0.766382694,-0.768597662,-0.783364236,0.508098245,-0.273259848,2.58994389,1.86415935,-0.407371283,0.408513695,10.7658691,-0.0799076185,-0.0570198782,2.58994389,1.84738064,-0.000254631042,1
2175,22.339983,-0.836523712,-0.722083151,-0.74349463,-0.74349463,0.902588606,0.375837058,2.58568287,1.89074326,-0.974990964,-0.0728852376,9.56117439,-0.0266443938,-0.212548494,2.58568287,1.87371731,-0.000254631042,1
2176,22.349979,-0.77893424,-0.73241967,-0.742017984,-0.703624964,1.25028503,0.473182291,2.60379243,1.91569781,-1.33663893,-0.0225898232,8.9576292,-0.00640436914,-0.272203296,2.60379243,1.89999294,-0.000254631042,1
2177,22.359975,-0.720606506,-0.771550953,-0.81142056,-0.770074308,2.13592267,1.35383046,2.59313965,1.94184709,-2.48145819,-0.487223655,7.08951426,-0.0873644724,-0.172068447,2.59313965,1.9262991,-0.000254631042,1
2178,22.369983,-0.764906049,-0.770074308,-0.792962432,-0.739064634,1.70637143,-0.020190943,2.56437755,1.96674991,-1.56656075,0.676755905,8.98157978,-0.116126612,0.0196791627,2.56437755,1.94720364,-0.000254631042,1
2179,22.379979,-0.757522762,-0.712484896,-0.756046116,-0.730943024,0.474867135,1.19554985,2.54520297,1.99214101,-0.922300518,-0.896772027,11.5849657,-0.160867706,0.110226646,2.54520297,1.97314358,-0.000254631042,1
2180,22.389975,-0.746447921,-0.723559737,-0.777457535,-0.746447921,-0.0254481006,1.49993813,2.50365758,2.02123809,-0.630108118,-1.36140585,11.2185278,-0.125713989,0.0399191864,2.50365758,1.99880886,-0.000254631042,1
2181,22.399983,-0.69993329,-0.711008191,-0.713961542,-0.733896315,0.451631218,-0.549948037,2.45998168,2.04782414,-0.148709148,0.695916057,10.5407372,-0.0937560573,-0.0804556906,2.45998168,2.02410793,-0.000254631042,1
2182,22.600108,-0.193441495,-0.210422993,-0.208946332,-0.253984243,-0.202151984,0.570357263,0.716143727,2.37992764,-0.280435234,-0.515963912,9.69050598,-0.0447538905,-0.0474324971,0.70655638,2.38156033,-0.000254631042,1
2183,22.609981,-0.248815984,-0.207469687,-0.163908437,-0.180889934,0.121734567,0.37233308,0.67566371,2.38718152,-0.2780402,-0.168686017,9.32406712,-0.0309054516,-0.0580851436,0.671402633,2.38943386,-0.000254631042,1
2184,22.619999,-0.182366595,-0.190488189,-0.169076726,-0.173506677,-0.0456630178,0.463493228,0.642640471,2.39494181,-0.266065121,-0.422558129,9.47974396,-0.0255791284,-0.0527588204,0.637314141,2.39684963,-0.000254631042,1
2185,22.629974,-0.126992121,-0.213376299,-0.152095214,-0.182366595,0.00763239339,0.518321633,0.612813056,2.40246677,-0.388211131,-0.343522459,9.60667992,-0.00320857554,-0.0389103815,0.606421471,2.40396023,-0.000254631042,1
2186,22.639998,-0.142496973,-0.148403585,-0.199348107,-0.143973619,-0.2830531,1.1120348,0.584050953,2.40885782,-0.63729316,-0.954252481,9.66895008,-0.00320857554,-0.0314535312,0.574463546,2.4106741,-0.000254631042,1
2187,22.649984,-0.108533971,-0.191964835,-0.143973619,-0.189011529,-0.167858854,0.34932068,0.530787706,2.4125545,-0.148709148,-0.357892603,10.0665236,0.0127703911,-0.0208008867,0.530787706,2.4169302,-0.000254631042,1
2188,22.660001,-0.129945427,-0.149880245,-0.170553386,-0.124038823,-0.520186186,0.978632033,0.499895036,2.41722775,-0.388211131,-1.03807819,9.76954079,-0.0149264848,-0.0346493237,0.490307659,2.4226675,-0.000254631042,1
2189,22.669977,-0.129945427,-0.141020313,-0.129945427,-0.179413289,-0.148058489,0.450905502,0.453023404,2.42342687,-0.242114916,-0.408188015,9.95395756,-0.0234485995,-0.0293230023,0.453023404,2.42797756,-0.000254631042,1
2190,22.679996,-0.122562163,-0.114440568,-0.0945057645,-0.0804775655,-0.279827297,1.0518496,0.422130734,2.42943478,-0.613343,-0.899167001,9.71685123,-0.0213180706,-0.0293230023,0.422130734,2.43289089,-0.000254631042,1
2191,22.689982,-0.107057318,-0.0945057645,-0.129945427,-0.110010616,-0.0762085766,0.645546138,0.370998055,2.4337244,-0.440901577,-0.477643579,9.72164059,-0.0117306914,-0.012278772,0.370998055,2.43743801,-0.000254631042,1
2192,22.700004,-0.0790009201,-0.0841691941,-0.0885991603,-0.125515476,-0.362555802,1.0235945,0.328387469,2.43579912,-0.543887436,-0.939882338,9.54680443,-0.010665427,-0.0144093009,0.328387469,2.44146633,-0.000254631042,1
2193,22.709978,-0.0871224999,-0.0945057645,-0.0871224999,-0.0634960607,-0.437802345,0.462901235,0.276189506,2.43790817,-0.0696735084,-0.633319855,9.99946308,-0.0127959559,-0.00269139092,0.276189506,2.44494534,-0.000254631042,1
2194,22.719999,-0.0945057645,-0.12108551,-0.110010616,-0.108533971,0.106705874,0.179785296,0.230383143,2.43986034,-0.206189632,-0.0345649198,9.24742699,-0.0170570128,-0.010148243,0.230383143,2.44781399,-0.000254631042,1
2195,22.729974,-0.104104005,-0.0081215892,-0.0391312912,-0.114440568,-0.356180578,0.121277958,0.231448397,2.44273686,0.13629818,-0.350707531,9.97790813,-0.0149264848,-0.00269139092,0.231448397,2.45056057,-0.000254631042,1
2196,22.740002,-0.0561127998,-0.112963922,-0.107057318,-0.0280563999,-0.0705171302,0.474045932,0.193098888,2.44609237,-0.318755567,-0.357892603,9.82462692,-0.0117306914,-0.0080177132,0.193098888,2.45309353,-0.000254631042,1
2197,22.749976,-0.0885991603,-0.124038823,-0.0841691941,-0.107057318,0.184275925,0.0805114508,0.182446241,2.44659638,-0.179844409,0.0899761021,10.0976591,-0.00214331108,-0.00269139092,0.182446241,2.45538235,-0.000254631042,1
2198,22.759998,-0.0930291116,-0.0605427548,-0.107057318,-0.110010616,-0.021294022,0.114579991,0.170728326,2.44766665,-0.0744635463,-0.0896503702,9.91084766,-0.00320857554,-0.010148243,0.170728326,2.45745754,-0.000254631042,1
2199,22.770017,-0.0760476068,-0.0420845971,-0.0959824175,-0.0959824175,0.0193770081,-0.143589303,0.161140949,2.44755101,0.0979778692,0.106741235,9.67613506,-0.0181222782,-0.00375665538,0.161140949,2.45934963,-0.000254631042,1
2200,22.779996,-0.0885991603,-0.165385097,-0.0930291116,-0.107057318,-0.041309163,0.090598464,0.16540201,2.44879532,-0.0433282889,-0.0896503702,9.60428524,-0.00960016251,-0.0112135075,0.16540201,2.4612112,-0.000254631042,1
2201,22.789994,-0.0745709538,-0.110010616,-0.125515476,-0.136590362,0.142508626,-0.164267763,0.149423048,2.45032692,0.0357073583,0.214517117,9.54440975,-0.0117306914,-0.000560861954,0.149423048,2.46298122,-0.000254631042,1
2202,22.799979,-0.136590362,-0.118132211,-0.141020313,-0.0974590778,0.339810431,-0.0195440967,0.156879887,2.4509697,-0.20139958,0.274392605,10.1527443,-0.0127959559,-0.010148243,0.156879887,2.46429348,-0.000254631042,1
2203,22.809998,-0.0546361469,-0.0885991603,-0.124038823,-0.0790009201,0.175162956,-0.640662253,0.201620996,2.45228291,0.382985175,0.542634785,9.18994617,-0.0159917492,0.00476546027,0.201620996,2.46603298,-0.000254631042,1
2204,22.819973,-0.141020313,-0.111487262,-0.0945057645,-0.12108551,0.544103861,-0.569934249,0.237839997,2.45461655,0.0955828503,0.782136738,9.09414577,-0.039427571,0.0207444262,0.237839997,2.46813869,-0.000254631042,1
2205,22.830005,-0.0804775655,-0.129945427,-0.110010616,-0.0701410025,0.701769173,-0.778789997,0.327322215,2.45768237,0.160248384,1.03600883,10.1766949,-0.0362317748,0.0282012783,0.327322215,2.47067165,-0.000254631042,1
2206,22.839979,-0.118132211,-0.131422073,-0.165385097,-0.165385097,0.553344667,-0.312111348,0.391238064,2.46103597,-0.1055988,0.626460493,10.5575027,-0.022383336,-0.00908297859,0.391238064,2.47393703,-0.000254631042,1
2207,22.849996,-0.148403585,-0.124038823,-0.179413289,-0.132898733,1.26378155,-0.865085065,0.461545527,2.46448541,-0.117573902,1.52698791,9.76714611,-0.0191875417,0.000504402502,0.461545527,2.47772121,-0.000254631042,1
2208,22.859983,-0.105580665,-0.179413289,-0.172030017,-0.210422993,0.225379482,-1.06595778,0.530787706,2.47013211,0.694337726,0.839617252,9.66895008,-0.0159917492,-0.0186703578,0.530787706,2.48226833,-0.000254631042,1
2209,22.870000,-0.145450279,-0.12108551,-0.196394801,-0.174983323,0.757807672,-0.460287035,0.587246716,2.47637177,-0.1055988,0.880332589,9.04864025,-0.0213180706,-0.0208008867,0.587246716,2.4872427,-0.000254631042,1
2210,22.879974,-0.187534884,-0.237002745,-0.179413289,-0.174983323,0.096010074,-0.637326658,0.636248887,2.4829607,0.445255697,0.465994149,9.64021015,-0.0213180706,-0.00695244875,0.636248887,2.49288845,-0.000254631042,1
2211,22.889998,-0.207469687,-0.177936628,-0.193441495,-0.170553386,0.771965921,-0.522433162,0.660749972,2.48984575,-0.0529083684,0.930628002,9.8797121,-0.0181222782,-0.0133440364,0.660749972,2.49880886,-0.000254631042,1
2212,22.899983,-0.211899653,-0.204516381,-0.203039736,-0.155048519,0.579095542,-0.411740541,0.70655638,2.49624276,-0.019378094,0.71028614,9.90605736,-0.0234485995,0.0015696669,0.70655638,2.50509548,-0.000254631042,1
2213,22.909996,-0.214852944,-0.196394801,-0.241432697,-0.228881136,0.442578673,-0.032554429,0.718274236,2.50391269,-0.237324879,0.37498343,9.43423843,-0.0149264848,-0.0133440364,0.718274236,2.5117178,-0.000254631042,1
2214,22.919982,-0.176459983,-0.180889934,-0.210422993,-0.208946332,0.398530722,-0.22811985,0.75023222,2.51148701,-0.0505133495,0.456414074,9.62344456,-0.0149264848,0.00689598918,0.75023222,2.51852322,-0.000254631042,1
2215,22.930001,-0.252507597,-0.231834456,-0.239956036,-0.197871432,-0.0514770858,0.48842302,0.757689059,2.51867747,-0.366655946,-0.326757342,9.85815716,-0.00533910468,0.00263493136,0.757689059,2.52563381,-0.000254631042,1
2216,22.939976,-0.20156309,-0.163908437,-0.196394801,-0.193441495,0.28643164,0.299357951,0.757689059,2.52660036,-0.409766316,0.0612358637,9.98988342,-0.022383336,0.0100917816,0.757689059,2.53274441,-0.000254631042,1
2217,22.949996,-0.22740449,-0.276872367,-0.268012434,-0.262844145,-0.0816765726,0.509301603,0.759819567,2.5337913,-0.371445984,-0.357892603,9.91324234,-0.0362317748,-0.00695244875,0.759819567,2.53997707,-0.000254631042,1
2218,22.959983,-0.22740449,-0.197871432,-0.199348107,-0.182366595,-0.147103891,0.597056091,0.759819567,2.54171419,-0.409766316,-0.458483428,9.9276123,-0.0330359787,-0.0133440364,0.759819567,2.54720974,-0.000254631042,1
2219,22.970001,-0.170553386,-0.193441495,-0.228881136,-0.237002745,0.28863579,0.285290629,0.753427982,2.54978561,-0.397791207,0.0803960189,9.57314968,-0.0330359787,-0.0271924734,0.753427982,2.55444241,-0.000254631042,1
2220,22.979976,-0.235526085,-0.218544587,-0.247339323,-0.205993056,-0.150718331,0.50770402,0.752362728,2.55722928,-0.340310752,-0.405792981,9.78630638,-0.0372970402,-0.0303882677,0.752362728,2.56167507,-0.000254631042,1
2221,22.989973,-0.224451199,-0.225927845,-0.191964835,-0.193441495,-0.0207722429,0.0796054304,0.749166906,2.5645771,-0.0145880543,-0.295622051,9.71924591,-0.0255791284,-0.0378451198,0.749166906,2.56896877,-0.000254631042,1
2222,22.999982,-0.190488189,-0.205993056,-0.218544587,-0.230357811,0.0391799733,0.661125541,0.749166906,2.57192492,-0.519937217,-0.144735828,9.60188961,-0.0191875417,-0.0399756469,0.749166906,2.57617092,-0.000254631042,1
2223,23.009979,-0.189011529,-0.208946332,-0.245862663,-0.231834456,0.131083041,0.0165713988,0.745971143,2.57793045,-0.1055988,0.09476614,9.83420658,-0.00640436914,-0.0346493237,0.748101652,2.5834341,-0.000254631042,1
2224,23.019976,-0.225927845,-0.211899653,-0.186058223,-0.210422993,-0.146127895,0.302400798,0.753427982,2.58601046,-0.112783857,-0.120785631,9.74080086,-0.0117306914,-0.0453019701,0.753427982,2.59075832,-0.000254631042,1
2225,23.029983,-0.210422993,-0.182366595,-0.225927845,-0.233311102,0.113487445,0.284523457,0.753427982,2.5936985,-0.196609542,0.12829642,9.51087952,-0.0127959559,-0.051693555,0.753427982,2.59808254,-0.000254631042,1
2226,23.039977,-0.222974524,-0.251030952,-0.224451199,-0.218544587,0.0423646793,0.379833192,0.755558491,2.60114217,-0.316360533,-0.30759719,9.57793999,-0.010665427,-0.0463672355,0.755558491,2.60543728,-0.000254631042,1
2227,23.049975,-0.222974524,-0.199348107,-0.194918156,-0.253984243,0.310367823,0.0284569301,0.755558491,2.60849023,-0.0624884479,0.50910449,10.0832891,-0.0138612203,-0.0431714393,0.753427982,2.61291409,-0.000254631042,1
2228,23.059983,-0.172030017,-0.196394801,-0.2613675,-0.180889934,-0.0341318622,0.67349571,0.756623805,2.61593366,-0.565442562,-0.367472678,9.71685123,-0.0341012478,-0.0282577388,0.754493237,2.62032986,-0.000254631042,1
2229,23.140004,-0.189011529,-0.207469687,-0.251030952,-0.203039736,-0.0922922119,-0.095333308,0.663945794,2.67352796,0.126718104,-0.0393549614,9.3049078,-0.0149264848,-0.0080177132,0.663945794,2.67721462,-0.000254631042,1
2230,23.149978,-0.245862663,-0.176459983,-0.208946332,-0.253984243,-0.107657626,-0.149495527,0.651162624,2.67981148,0.181803554,-0.0297748819,9.48213863,-0.00214331108,0.00476546027,0.651162624,2.68374538,-0.000254631042,1
2231,23.160002,-0.199348107,-0.225927845,-0.224451199,-0.197871432,-0.0806881189,-0.0589030497,0.644771039,2.68598962,0.088397786,-0.0465400182,9.8749218,-0.00640436914,0.0143528394,0.644771039,2.69024563,-0.000254631042,1
2232,23.170106,-0.196394801,-0.148403585,-0.224451199,-0.196394801,-0.0400940031,0.189659715,0.644771039,2.69294405,-0.153499186,-0.118390612,10.021018,-0.010665427,0.0122223105,0.644771039,2.69671535,-0.000254631042,1
2233,23.179978,-0.268012434,-0.225927845,-0.2613675,-0.221497893,-0.181470007,0.229224071,0.653293133,2.69950604,-0.129548997,-0.262091786,9.91803265,-0.0170570128,0.0207444262,0.653293133,2.7032156,-0.000254631042,1
2234,23.190003,-0.197871432,-0.213376299,-0.207469687,-0.194918156,-0.809839189,0.34552291,0.666076303,2.70591998,0.0285222996,-0.88000685,10.0186234,-0.0213180706,0.0111570461,0.666076303,2.7098074,-0.000254631042,1
2235,23.199978,-0.233311102,-0.179413289,-0.216329604,-0.182366595,0.420909524,0.416109234,0.687381566,2.71267366,-0.553467512,0.209727079,9.49411392,-0.0266443938,-0.00162612647,0.687381566,2.71649075,-0.000254631042,1
2236,23.209999,-0.187534884,-0.210422993,-0.233311102,-0.187534884,0.562562346,0.0628762096,0.699099481,2.71991563,-0.287620306,0.487549335,9.5659647,-0.0351665132,-0.00588718429,0.699099481,2.7233572,-0.000254631042,1
2237,23.219974,-0.220021233,-0.239956036,-0.189011529,-0.207469687,0.115022905,0.585432172,0.729992151,2.72730589,-0.582207739,-0.1303657,9.7623558,-0.0266443938,-0.012278772,0.729992151,2.73043728,-0.000254631042,1
2238,23.230004,-0.208946332,-0.199348107,-0.233311102,-0.222974524,0.917390466,-0.016859157,0.761950076,2.73480082,-0.347495794,0.849197328,10.2174101,-0.010665427,-0.0208008867,0.761950076,2.73779202,-0.000254631042,1
2239,23.239979,-0.216329604,-0.245862663,-0.235526085,-0.256937563,0.416930407,0.178043067,0.78112489,2.74288893,-0.325940639,0.315107942,9.93958759,-0.0159917492,-0.0346493237,0.78112489,2.74532986,-0.000254631042,1
2240,23.249995,-0.268012434,-0.224451199,-0.205993056,-0.204516381,0.275255114,0.407554805,0.818409145,2.75142193,-0.481616914,0.0995561779,9.87731743,-0.00853489805,-0.0463672355,0.818409145,2.75158596,-0.000254631042,1
2241,23.259980,-0.210422993,-0.251030952,-0.235526085,-0.289423913,0.847971439,-0.379256994,0.831192315,2.75947547,0.0357073583,0.928232968,9.84857655,-0.0159917492,-0.0453019701,0.831192315,2.75967312,-0.000254631042,1
2242,23.269998,-0.225927845,-0.273919016,-0.289423913,-0.253984243,0.461655527,0.130521268,0.857823908,2.76797366,-0.29001531,0.382168472,9.75517082,-0.0277096573,-0.051693555,0.857823908,2.76791286,-0.000254631042,1
2243,23.279973,-0.256937563,-0.235526085,-0.22740449,-0.262844145,-0.304237336,0.334218204,0.888716578,2.77706528,-0.203794599,-0.403397977,9.80307102,-0.0159917492,-0.0548893511,0.888716578,2.77636623,-0.000254631042,1
2244,23.290000,-0.224451199,-0.242909357,-0.278349042,-0.278349042,0.587930858,-0.0441672653,0.888716578,2.78635716,-0.163079277,0.566585004,9.91563702,-0.0245138649,-0.0580851436,0.888716578,2.78503323,-0.000254631042,1
2245,23.299974,-0.220021233,-0.247339323,-0.295330524,-0.255460888,0.045758415,0.235786572,0.89936924,2.79541373,-0.237324879,-0.0369599424,9.83899689,-0.0362317748,-0.0463672355,0.89936924,2.79391384,-0.000254631042,1
2246,23.310005,-0.26948911,-0.244386002,-0.265797466,-0.231834456,-0.0700158924,0.499219686,0.906826079,2.80502033,-0.448086619,-0.230956525,9.29772186,-0.0458191559,-0.0389103815,0.906826079,2.8027029,-0.000254631042,1
2247,23.319981,-0.22740449,-0.262844145,-0.252507597,-0.2613675,0.211661041,0.492396533,0.902565002,2.81419969,-0.534307361,0.0420757085,9.80067635,-0.0596675947,-0.0154745653,0.902565002,2.81161404,-0.000254631042,1
2248,23.329995,-0.194918156,-0.224451199,-0.216329604,-0.242909357,0.123780578,0.272144079,0.887651324,2.823632,-0.297200382,0.032495629,10.1287937,-0.0479496866,-0.010148243,0.887651324,2.82046413,-0.000254631042,1
2249,23.339982,-0.220021233,-0.247339323,-0.216329604,-0.242909357,-0.161445856,0.174958512,0.8738029,2.8325851,-0.117573902,-0.207006335,9.99467278,-0.041558098,-0.0112135075,0.8738029,2.82922268,-0.000254631042,1
2250,23.349995,-0.224451199,-0.241432697,-0.233311102,-0.241432697,0.0734682828,0.0300639588,0.846105993,2.8402741,-0.0505133495,0.0612358637,9.93000793,-0.0309054516,-0.0133440364,0.846105993,2.8377676,-0.000254631042,1
2251,23.359981,-0.251030952,-0.186058223,-0.214852944,-0.225927845,-0.108908325,0.0655398443,0.822670162,2.84909654,-0.0313531905,-0.12318065,9.64021015,-0.0255791284,-0.0133440364,0.822670162,2.8460989,-0.000254631042,1
2252,23.370003,-0.167600065,-0.172030017,-0.197871432,-0.169076726,-0.180159763,0.28462863,0.79390806,2.85841632,-0.222954765,-0.25251171,9.52045918,-0.0213180706,-0.00482191984,0.79390806,2.85433865,-0.000254631042,1
2253,23.379978,-0.138067007,-0.216329604,-0.230357811,-0.184581578,-0.800457418,0.297954917,0.759819567,2.86691666,-0.0696735084,-0.851266623,9.71206093,-0.0266443938,0.00263493136,0.759819567,2.86221218,-0.000254631042,1
2254,23.390001,-0.160955131,-0.197871432,-0.199348107,-0.174983323,-0.950891435,0.53087008,0.71933955,2.87468481,-0.261275083,-1.05723834,9.67853069,-0.0298401862,0.000504402502,0.71933955,2.86981106,-0.000254631042,1
2255,23.400000,-0.136590362,-0.122562163,-0.180889934,-0.210422993,-0.714807749,0.186412171,0.661815226,2.88029861,0.00457210233,-0.738700688,9.98988342,-0.0362317748,-0.00908297859,0.661815226,2.87704372,-0.000254631042,1
2256,23.409974,-0.104104005,-0.136590362,-0.153571874,-0.182366595,-1.11927819,0.60923326,0.607486784,2.88625336,-0.306780457,-1.23686481,9.56835938,-0.0341012478,-0.0144093009,0.607486784,2.88369656,-0.000254631042,1
2257,23.420004,-0.125515476,-0.170553386,-0.142496973,-0.197871432,-0.777902007,0.655981719,0.543570876,2.89177155,-0.443296582,-0.915932178,9.63541985,-0.0255791284,-0.00908297859,0.543570876,2.88976955,-0.000254631042,1
2258,23.429978,-0.165385097,-0.132898733,-0.12108551,-0.145450279,-0.911425352,0.694297135,0.486046612,2.89695859,-0.452876657,-1.05244827,9.69050598,-0.0181222782,0.00263493136,0.486046612,2.89535427,-0.000254631042,1
2259,23.439994,-0.189011529,-0.159478486,-0.135113716,-0.176459983,-0.829290271,0.789077699,0.42106548,2.90249491,-0.57023263,-0.992572784,9.55638409,-0.00107804674,-0.00375665538,0.42106548,2.90032864,-0.000254631042,1
2260,23.449981,-0.139543667,-0.128468782,-0.128468782,-0.124038823,-0.588614404,0.538117707,0.383781224,2.90695858,-0.51514715,-0.88000685,10.0641289,0.00211774674,-0.000560861954,0.383781224,2.9047842,-0.000254631042,1
2261,23.460004,-0.0989357159,-0.0841691941,-0.111487262,-0.0760476068,-0.815106869,0.783443689,0.3337138,2.90986133,-0.586997747,-0.753070831,9.98748779,-0.00107804674,-0.010148243,0.326256931,2.90881252,-0.000254631042,1
2262,23.469979,-0.0989357159,-0.135113716,-0.104104005,-0.153571874,-0.527540147,0.526540935,0.294299006,2.91252923,-0.337915719,-0.597394526,9.83660221,-0.00640436914,-0.012278772,0.287907422,2.91238308,-0.000254631042,1
2263,23.480004,-0.118132211,-0.135113716,-0.108533971,-0.143973619,-0.456447542,0.380763203,0.255949497,2.91495275,-0.2780402,-0.39860791,9.59470463,-1.27822468e-05,-0.012278772,0.249557897,2.91549587,-0.000254631042,1
2264,23.489979,-0.12108551,-0.101150699,-0.129945427,-0.0841691941,-0.434188277,0.536198437,0.22186102,2.91791701,-0.270855159,-0.508778811,9.70248032,-0.00320857554,-0.00908297859,0.213338912,2.91833401,-0.000254631042,1
2265,23.500003,-0.0760476068,-0.0649727136,-0.108533971,-0.101150699,-0.271267354,0.228247091,0.189903095,2.92010546,0.0404973961,-0.0609101392,9.91803265,-0.00107804674,-0.00482191984,0.186707303,2.92080593,-0.000254631042,1
2266,23.509977,-0.0989357159,-0.0494678579,-0.0775242597,-0.122562163,-0.11263594,0.192322522,0.182446241,2.92141294,-0.163079277,-0.185451165,9.75277615,-0.00533910468,-0.0144093009,0.176054657,2.9230032,-0.000254631042,1
2267,23.519974,-0.0450379066,-0.0819542184,-0.119608864,-0.0649727136,0.086347729,0.238642856,0.160075679,2.92281651,-0.251695007,0.032495629,9.67613506,-0.00320857554,-0.00908297859,0.161140949,2.92504787,-0.000254631042,1
2268,23.529982,-0.110010616,-0.0420845971,-0.0686643422,-0.12108551,-0.139319614,-0.0598137826,0.156879887,2.92466474,0.088397786,-0.12318065,9.95874786,-0.00746963359,-0.0080177132,0.157945156,2.92690945,-0.000254631042,1
2269,23.539978,-0.0206731372,-0.0989357159,-0.0716176555,-0.142496973,0.394860119,-0.117844559,0.168597803,2.92666173,0.0309173185,0.410908699,9.7623558,0.00211774674,0.000504402502,0.170728326,2.92883205,-0.000254631042,1
2270,23.549975,-0.0465145558,-0.0251030941,-0.0361779891,-0.0494678579,0.137224495,0.129869685,0.179250449,2.92905045,-0.15589422,0.106741235,9.75756645,-0.00533910468,-0.00375665538,0.179250449,2.9308157,-0.000254631042,1
2271,23.559983,-0.0900758132,-0.0406079441,-0.0804775655,-0.085645847,0.475962937,-0.128607824,0.182446241,2.93070722,0.0261272788,0.492339373,9.52764416,-0.0149264848,-0.00695244875,0.182446241,2.93286037,-0.000254631042,1
2272,23.569983,-0.0081215892,-0.0945057645,-0.0516828448,-0.0295330528,0.310127914,0.0936172083,0.210143119,2.93270421,-0.15589422,0.283972681,9.97072315,0.00105248217,-0.00162612647,0.210143119,2.93493557,-0.000254631042,1
2273,23.579979,-0.0575894527,-0.0295330528,-0.0324863568,-0.0945057645,-0.345323741,0.131766066,0.213338912,2.93382001,-0.0576984063,-0.365077645,9.9755125,-1.27822468e-05,-0.0229314156,0.213338912,2.93716335,-0.000254631042,1
2274,23.589975,-0.085645847,-0.0701410025,-0.0959824175,-0.0494678579,0.55696243,0.400393724,0.20907785,2.93620896,-0.505567074,0.463599145,9.49411392,-0.0127959559,-0.0133440364,0.20907785,2.93929958,-0.000254631042,1
2275,23.659997,-0.0730943009,-0.0945057645,-0.0841691941,-0.0745709538,-0.272083044,0.0869790167,0.156879887,2.95060444,-0.0337482132,-0.283646971,9.33125305,-0.00533910468,0.0015696669,0.156879887,2.9533987,-0.000254631042,1
2276,23.669982,-0.0295330528,0.00147665257,-0.0140281999,-0.026579747,0.0588824861,0.0962211788,0.162206218,2.95187736,-0.1055988,0.0396806858,9.75756645,-0.00640436914,-0.00269139092,0.162206218,2.95498562,-0.000254631042,1
2277,23.679980,-0.00516828429,-0.0221497901,-0.0177198313,0.0147665264,-0.244338244,0.361253828,0.146227241,2.95343804,-0.309175491,-0.30759719,9.79109669,-1.27822468e-05,-0.0133440364,0.146227241,2.9565115,-0.000254631042,1
2278,23.690000,-0.012551547,-0.0391312912,-0.0760476068,-0.0280563999,-0.240558222,0.279807031,0.131313547,2.95436215,-0.230139822,-0.288437009,9.70248032,-0.010665427,-0.00375665538,0.131313547,2.95788479,-0.000254631042,1
2279,23.699974,-0.011074895,-0.053159494,-0.0251030941,-0.0191964842,-0.230630696,0.33370474,0.119595647,2.95533872,-0.285225272,-0.288437009,9.86294651,-0.00427384023,-0.00482191984,0.119595647,2.95889187,-0.000254631042,1
2280,23.710004,-0.0140281999,-0.0561127998,0.00442995783,-0.0347013362,-0.115343012,0.353145987,0.107877731,2.95680356,-0.325940639,-0.178266093,9.93240261,-0.00427384023,-0.00375665538,0.107877731,2.96008205,-0.000254631042,1
2281,23.719978,-0.0221497901,-0.0206731372,-0.0177198313,-0.0479912087,-0.206539169,0.270132273,0.0940292999,2.95744038,-0.227744803,-0.25251171,9.79349136,0.00105248217,-0.00482191984,0.0940292999,2.96115017,-0.000254631042,1
2282,23.730005,-0.00221497891,-0.0221497901,-0.011074895,-0.0177198313,-0.0902352706,0.267842978,0.0812461227,2.9582684,-0.246904954,-0.137550771,9.68571568,-0.00107804674,-0.0112135075,0.0812461227,2.96215725,-0.000254631042,1
2283,23.739980,-0.00221497891,-0.0295330528,-0.0036916316,-0.0236264411,-0.269961327,0.271670014,0.0727240071,2.95909667,-0.218164727,-0.314782232,9.79349136,-0.00853489805,-0.00375665538,0.0727240071,2.96304226,-0.000254631042,1
2284,23.749998,-0.00664493674,-0.0361779891,-0.0251030941,-0.012551547,-0.173442289,0.214734048,0.0631366298,2.95982909,-0.179844409,-0.209401354,9.74798584,-0.00214331108,-0.00588718429,0.0631366298,2.9638052,-0.000254631042,1
2285,23.759973,-0.00664493674,-0.0036916316,-0.0295330528,-0.00664493674,-0.0954542756,0.202718779,0.0578103065,2.96070981,-0.182239428,-0.1303657,9.81504631,-0.00214331108,-0.00588718429,0.0578103065,2.96447659,-0.000254631042,1
2286,23.769996,-0.012551547,-0.00516828429,-0.0406079441,-0.0310097057,-0.131343275,0.299367696,0.0460923947,2.96070981,-0.270855159,-0.183056146,9.75756645,0.00211774674,-0.00375665538,0.0460923947,2.96508694,-0.000254631042,1
2287,23.779981,-0.0221497901,-0.0324863568,-0.0295330528,-0.0620194115,0.0811167955,0.170463771,0.0428966023,2.96144223,-0.182239428,0.0492607653,9.79349136,-0.00107804674,-0.00375665538,0.0428966023,2.9655447,-0.000254631042,1
2288,23.790004,0,0.00590661028,-0.0221497901,0.00147665257,0.0219678842,0.0862940252,0.0439618677,2.96144223,-0.0888336599,0.00615041237,9.77193642,-0.00320857554,-0.00269139092,0.0439618677,2.96597195,-0.000254631042,1
2289,23.799999,-0.00221497891,-0.00664493674,0.00885991566,0.0103365686,0.1245673,0.074921988,0.0418313369,2.96153808,-0.0960187241,0.109136254,9.54201412,0.00424827542,-0.00588718429,0.0418313369,2.96642971,-0.000254631042,1
2290,23.809974,0,-0.00516828429,-0.00959824212,-0.0406079441,-0.00296552037,0.110291302,0.0365050174,2.9622705,-0.107993819,-0.0225898232,9.76714611,-1.27822468e-05,-0.000560861954,0.0365050174,2.96679592,-0.000254631042,1
2291,23.820005,0,0.0073832632,-0.026579747,-0.0295330528,0.00379483751,0.121222824,0.0386355445,2.96300292,-0.119968921,-0.0177997835,9.77193642,-0.00320857554,-0.00162612647,0.0386355445,2.96719265,-0.000254631042,1
2292,23.829979,0,-0.0140281999,-0.0450379066,0.0103365686,0.0512352064,0.0469444767,0.0407660753,2.96290708,-0.0553033873,0.0420757085,9.80307102,-0.00427384023,-0.00162612647,0.0407660753,2.9676199,-0.000254631042,1
2293,23.840003,0,0.0132898735,-0.0280563999,-0.0177198313,0.28403762,0.0562073551,0.035439752,2.9636395,-0.1055988,0.269602567,9.98509312,-0.00320857554,-0.00375665538,0.035439752,2.96792507,-0.000254631042,1
2294,23.849977,0,-0.0191964842,0.0073832632,-0.026579747,0.0299351439,0.0775746703,0.0450271331,2.9636395,-0.0816486031,0.0157304909,10.0880785,0.00531353988,-0.000560861954,0.0450271331,2.96826077,-0.000254631042,1
2295,23.859997,0,0.0118132206,-0.026579747,-0.0251030941,-0.0939198732,0.0925397724,0.0439618677,2.96373534,-0.0744635463,-0.108810529,9.58991432,-0.00107804674,-0.00269139092,0.0439618677,2.96871853,-0.000254631042,1
2296,23.869983,0,-0.00959824212,-0.0206731372,-0.011074895,0.118439227,0.0422809385,0.0397008099,2.96446776,-0.0624884479,0.109136254,9.58991432,-0.00427384023,-0.00269139092,0.0397008099,2.96911526,-0.000254631042,1
2297,23.879997,0,-0.00959824212,-0.0081215892,-0.0347013362,0.0831351578,0.0218868777,0.0397008099,2.96510434,-0.0361432321,0.078001,9.86773682,0.00211774674,-0.00269139092,0.0397008099,2.96942043,-0.000254631042,1
2298,23.890017,0,0.0132898735,0.00147665257,-0.0236264411,-4.14711303e-06,0.155921966,0.0428966023,2.96510434,-0.153499186,-0.027379863,9.90366268,-0.00427384023,-0.000560861954,0.0428966023,2.96972561,-0.000254631042,1
2299,23.899997,0,-0.0177198313,-0.0036916316,-0.0236264411,-0.0998783261,0.0325176083,0.0407660753,2.96520019,-0.0624884479,0.0516557842,9.79109669,-1.27822468e-05,-0.000560861954,0.0375702791,2.97003078,-0.000254631042,1
2300,23.909996,0,0.0132898735,-0.0036916316,-0.0251030941,0.0562914424,0.226166248,0.0375702791,2.96520019,-0.196609542,-0.104020491,9.65218544,-0.00214331108,0.0015696669,0.0375702791,2.97033596,-0.000254631042,1
2301,23.919981,0,-0.0140281999,0,-0.00221497891,-0.0283824746,0.0928162411,0.0343744867,2.96617675,-0.0960187241,-0.0992304534,9.81025696,-0.00107804674,0.000504402502,0.035439752,2.97067165,-0.000254631042,1
2302,23.929979,0,0.00295330514,-0.00221497891,-0.0155048529,-0.0310858898,0.146765217,0.0269176345,2.96690917,-0.199004561,-0.0680951998,9.82223129,-0.00214331108,-0.0080177132,0.0269176345,2.97085476,-0.000254631042,1
2303,23.940003,0,0.00590661028,0,-0.0324863568,-0.141991928,0.263481438,0.0279828981,2.96764159,-0.160684258,-0.1303657,9.80067635,-0.00214331108,-0.000560861954,0.0258523691,2.97100735,-0.000254631042,1
2304,23.950069,0,-0.011074895,0,-0.0575894527,0.000399464247,0.201983646,0.0247871056,2.96764159,-0.194214523,-0.027379863,9.60188961,-0.00107804674,0.00370019581,0.0237218402,2.97115993,-0.000254631042,1
2305,23.959973,0,0.0103365686,0,0.0317480303,-0.0208195802,0.108472936,0.0205260478,2.96690917,-0.103203781,-0.0393549614,9.80307102,-0.00107804674,0.0015696669,0.0183955189,2.97131252,-0.000254631042,1
2306,23.970004,0,-0.0155048529,0,-0.0310097057,-0.0382401906,0.106641546,0.0205260478,2.96764159,-0.0984137431,-0.0561200976,9.88210678,-1.27822468e-05,-0.00269139092,0.0205260478,2.97149563,-0.000254631042,1
2307,23.979978,0,0.0118132206,0,-0.0251030941,-0.0510514639,0.172117501,0.0194607824,2.96764159,-0.160684258,-0.0800702944,9.64260483,-0.00107804674,-0.00588718429,0.0215913113,2.97164822,-0.000254631042,1
2308,23.990003,0,-0.012551547,0,0.0302713774,-0.0499361493,0.164626345,0.0151997255,2.96764159,-0.153499186,-0.0776752755,9.60667992,-1.27822468e-05,0.000504402502,0.0151997255,2.97170925,-0.000254631042,1
2309,23.999978,0,0.00295330514,0,-0.0324863568,0.00987583492,0.0762985572,0.0120039321,2.96827817,-0.0768585652,-0.00342966616,9.75277615,0.00211774674,-0.00162612647,0.0120039321,2.97177029,-0.000254631042,1
2310,24.010000,0,0.00442995783,0,-0.0251030941,-0.0338838473,0.117999852,0.0141344611,2.96827817,-0.110388838,-0.0537250787,9.98030281,-1.27822468e-05,0.00583072472,0.0141344611,2.97186184,-0.000254631042,1
2311,24.020000,0,-0.0081215892,0,0.00147665257,0.00461718952,0.157454729,0.01626499,2.96837401,-0.15589422,-0.0225898232,9.87013245,-0.00533910468,-0.000560861954,0.01626499,2.97201443,-0.000254631042,1
2312,24.030003,0,0.0073832632,0,-0.00221497891,0.0578846447,0.0727564991,0.0120039321,2.96827817,-0.0816486031,0.0444707274,9.7791214,-0.00107804674,-0.00588718429,0.0120039321,2.97216702,-0.000254631042,1
2313,24.039979,0,-0.011074895,0,-0.0081215892,-0.0164978504,0.175737694,0.0130691966,2.96837401,-0.170264333,-0.0465400182,9.83420658,0.00211774674,-0.000560861954,0.0130691966,2.9723196,-0.000254631042,1
2314,24.049976,0,0.0103365686,0,0,-0.0455734804,0.134628415,0.0109386677,2.96837401,-0.124758959,-0.0680951998,9.84618187,0.0031830112,0.00370019581,0.0109386677,2.97247219,-0.000254631042,1
2315,24.059984,0,-0.011074895,0,-0.00516828429,0.0354761779,0.125308499,0.00561234495,2.96827817,-0.129548997,0.013335471,9.82941628,-0.00214331108,0.00476546027,0.00561234495,2.97250271,-0.000254631042,1
2316,24.069980,0,0.00147665257,0,0,0.038010411,0.0981189162,0.00348181627,2.96827817,-0.103203781,0.0205205306,9.79349136,-1.27822468e-05,0.000504402502,0.00348181627,2.97250271,-0.000254631042,1
2317,24.079978,0,0,0,0,-2.98701652e-05,0.116935894,0.000286022841,2.96827817,-0.115178876,-0.0201948043,9.77433109,-0.00107804674,0.0015696669,0.000286022841,2.97250271,-0.000254631042,1
2318,24.089976,0,-0.00959824212,0,0,-0.0205550492,0.110803477,-0.00184450613,2.96827817,-0.1055988,-0.0393549614,9.81983662,-1.27822468e-05,0.00263493136,-0.00184450613,2.97241116,-0.000254631042,1
2319,24.099983,0,0.0118132206,0,0,0.000567064679,0.0925184265,-0.00290977047,2.96818256,-0.0912286863,-0.0154047646,9.81504631,-0.00320857554,0.000504402502,-0.00290977047,2.9723196,-0.000254631042,1
2320,24.109981,0,-0.0140281999,0,0,-0.0127996514,0.141061723,-0.00184450613,2.96808648,-0.136734053,-0.0369599424,9.82223129,0.00105248217,0.0015696669,-0.00184450613,2.97228909,-0.000254631042,1
2321,24.119978,0,0.0103365686,0,0.00147665257,-0.0111939786,0.191842377,-0.000779241615,2.96808648,-0.187029466,-0.0441449992,9.77672672,-1.27822468e-05,0.000504402502,-0.000779241615,2.97228909,-0.000254631042,1
2322,24.199998,0,-0.00664493674,0,0,0.00971057173,0.103074193,0.00241655181,2.96818256,-0.103203781,-0.00821970589,9.75756645,-1.27822468e-05,0.00370019581,0.00241655181,2.97152615,-0.000254631042,1
2323,24.209983,0,0.00147665257,0,0,0.0231590364,0.110444382,0.00135128724,2.96818256,-0.112783857,0.00375539274,9.76954079,-1.27822468e-05,0.0015696669,0.00135128724,2.97137356,-0.000254631042,1
2324,24.219996,0,0.00590661028,0,0,0.0285447706,0.141109928,-0.000779241615,2.96808648,-0.14391911,0.00375539274,9.75996113,-0.00107804674,0.00263493136,-0.000779241615,2.97122097,-0.000254631042,1
2325,24.229982,0,-0.012551547,0,0,0.0156308189,0.150667906,0.000286022841,2.96808648,-0.151104167,-0.0106147248,9.79828167,-1.27822468e-05,-0.000560861954,0.000286022841,2.97106838,-0.000254631042,1
2326,24.240002,0,0.0118132206,0,0,0.00424899068,0.155094311,-0.00290977047,2.96808648,-0.153499186,-0.0225898232,9.80546665,-0.00107804674,-0.000560861954,-0.00290977047,2.97091579,-0.000254631042,1
2327,24.249976,0,-0.0140281999,0,0,-0.0506791845,0.133104518,-0.00184450613,2.96818256,-0.12236394,-0.0728852376,9.77672672,-0.00107804674,-0.00162612647,-0.00184450613,2.97079372,-0.000254631042,1
2328,24.260002,0,0.0118132206,0,0,0.0515519418,0.161392778,-0.000779241615,2.96808648,-0.167869315,0.0229155496,9.73361588,-0.00107804674,-0.00269139092,-0.000779241615,2.97073269,-0.000254631042,1
2329,24.269975,0,-0.011074895,0,0,0.00300858379,0.148017138,0.00135128724,2.96808648,-0.146314129,-0.0225898232,9.81025696,0.00105248217,0.0015696669,0.00135128724,2.97073269,-0.000254631042,1
2330,24.279999,0,0.00295330514,0,0,0.0359638371,0.19816722,0.00135128724,2.9688189,-0.20139958,0.00136037311,9.81265163,-0.00107804674,0.00263493136,0.00135128724,2.97073269,-0.000254631042,1
2331,24.289984,0,0.00147665257,0,0,0.0578503832,0.114089824,0.00135128724,2.96808648,-0.12236394,0.0372856669,9.82941628,-1.27822468e-05,0.00263493136,0.00135128724,2.97073269,-0.000254631042,1
2332,24.300003,0,-0.00664493674,0,0,-0.0116416756,0.0922255293,0.00241655181,2.96818256,-0.0888336599,-0.027379863,9.76714611,0.00105248217,0.000504402502,0.00241655181,2.97073269,-0.000254631042,1
2333,24.309994,0,0.0073832632,0,0,-0.050506644,0.106327944,0.00348181627,2.96818256,-0.0960187241,-0.0680951998,9.86534214,-0.00107804674,-0.000560861954,0.00348181627,2.97073269,-0.000254631042,1
2334,24.319980,0,-0.011074895,0,0,0.00924514048,0.14094013,0.00561234495,2.96818256,-0.139129072,-0.0225898232,9.73840618,-0.00107804674,-0.000560861954,0.00561234495,2.97073269,-0.000254631042,1
2335,24.329995,0,0.00885991566,0,0,-0.0138049331,0.177677959,0.00135128724,2.9688189,-0.172659352,-0.0441449992,9.7623558,-0.00107804674,0.000504402502,0.00135128724,2.97073269,-0.000254631042,1
2336,24.339980,0,-0.00959824212,0,0,0.0045269425,0.142885983,0.00348181627,2.96818256,-0.119968921,-0.0201948043,9.81744194,-1.27822468e-05,0.0015696669,0.00348181627,2.97073269,-0.000254631042,1
2337,24.349978,0,0,0,0,0.00960619468,0.185763031,0.00454708049,2.96818256,-0.17744939,-0.0465400182,9.74319553,-1.27822468e-05,-0.00162612647,0.00241655181,2.97073269,-0.000254631042,1
2338,24.359999,0,0.00295330514,0,0,-0.0151723381,0.141473725,0.00135128724,2.96818256,-0.124758959,-0.0704902187,9.8318119,-0.00107804674,0.000504402502,0.00241655181,2.97073269,-0.000254631042,1
2339,24.370000,0,-0.00664493674,0,0,-0.0285004489,0.148671374,0.00135128724,2.96818256,-0.17744939,-0.0297748819,9.81265163,0.00211774674,0.0015696669,0.00241655181,2.97073269,-0.000254631042,1
2340,24.379974,0,0.00590661028,0,0,-0.0258353557,0.136051893,0.00241655181,2.96808648,-0.127153978,-0.00342966616,9.79828167,-0.00107804674,0.00263493136,0.00241655181,2.97073269,-0.000254631042,1
2341,24.389999,0,-0.00959824212,0,0,-0.013639722,0.136342287,0.000286022841,2.96818256,-0.131944016,0.00375539274,9.73601055,-0.00107804674,0.000504402502,-0.000779241615,2.97073269,-0.000254631042,1
2342,24.399974,0,0.00885991566,0,0,0.0159091987,0.138460681,0.00135128724,2.96818256,-0.139129072,-0.00821970589,9.80786133,-0.00320857554,-0.00375665538,0.00135128724,2.97073269,-0.000254631042,1
2343,24.410004,0,-0.011074895,0,0,0.00524589,0.133035854,0.00348181627,2.96808648,-0.131944016,-0.0177997835,9.85097218,-0.00214331108,0.000504402502,0.00348181627,2.97073269,-0.000254631042,1
2344,24.419998,0,0.00885991566,0,0,0.0153989615,0.121530786,0.000286022841,2.96799064,-0.12236394,-0.00582468603,9.78151608,0.00105248217,0.0015696669,-0.000779241615,2.97073269,-0.000254631042,1
2345,24.429983,0,-0.011074895,0,0,-0.0320855975,0.142010406,0.00241655181,2.96808648,-0.134339035,-0.0561200976,9.7096653,-0.00107804674,0.0015696669,0.00241655181,2.97073269,-0.000254631042,1
2346,24.440000,0,0.00442995783,0,0,-0.00195304281,0.119708434,0.00135128724,2.96808648,-0.117573902,-0.0225898232,9.68332005,-0.00107804674,0.00583072472,0.00135128724,2.97073269,-0.000254631042,1
2347,24.449974,0,0,0,0,0.0153391073,0.162876695,0.00348181627,2.96808648,-0.163079277,-0.0130097447,9.82223129,-0.00214331108,-0.000560861954,0.00348181627,2.97073269,-0.000254631042,1
2348,24.460001,0,-0.00516828429,0,0,0.00997825712,0.146784082,0.00135128724,2.9688189,-0.146314129,-0.0154047646,9.82462692,-0.00320857554,-0.00162612647,0.00135128724,2.97073269,-0.000254631042,1
2349,24.469996,0,0.0073832632,0,0,0.00980928913,0.158984572,0.00135128724,2.96799064,-0.158289239,-0.0177997835,9.77672672,-1.27822468e-05,-0.00375665538,0.00135128724,2.97073269,-0.000254631042,1
2350,24.479983,0,-0.00959824212,0,0,-0.0209954791,0.149792776,0.00135128724,2.96808648,-0.14391911,-0.0465400182,9.81504631,-0.00107804674,0.0015696669,0.00135128724,2.97073269,-0.000254631042,1
2351,24.489997,0,0.0073832632,0,0,0.00965838227,0.144418612,0.00135128724,2.96818256,-0.14391911,-0.0154047646,9.84139156,-1.27822468e-05,0.000504402502,0.00135128724,2.97073269,-0.000254631042,1
2352,24.499983,0,-0.011074895,0,0,-0.0362684913,0.15976423,0.00241655181,2.96808648,-0.151104167,-0.0633051544,9.75517082,-1.27822468e-05,-0.000560861954,0.00241655181,2.97073269,-0.000254631042,1
2353,24.509995,0,0.00590661028,0,0,-0.0129535226,0.167839557,0.000286022841,2.96799064,-0.163079277,-0.0417499803,9.78391171,0.00105248217,0.000504402502,0.000286022841,2.97073269,-0.000254631042,1
2354,24.519981,0,-0.00516828429,0,0,0.018525105,0.167181343,0.00454708049,2.96808648,-0.167869315,-0.0106147248,9.83660221,0.00211774674,0.0015696669,0.00454708049,2.97073269,-0.000254631042,1
2355,24.530004,0,-0.0036916316,0,0,0.0322659947,0.162341461,0.00241655181,2.96808648,-0.165474296,0.00375539274,9.73601055,-1.27822468e-05,0.0015696669,0.00241655181,2.97073269,-0.000254631042,1
2356,24.539978,0,0.00442995783,0,0,0.00653450284,0.0987686068,0.000286022841,2.96808648,-0.0984137431,-0.0106147248,9.83899689,-0.00107804674,0.000504402502,0.000286022841,2.97073269,-0.000254631042,1
2357,24.550003,0,-0.0081215892,0,0,-0.00670384802,0.161880434,0.00135128724,2.96799064,-0.158289239,-0.0345649198,9.76954079,0.00105248217,-0.000560861954,0.00135128724,2.97073269,-0.000254631042,1
2358,24.559980,0,0.00590661028,0,0,0.0322371684,0.121017583,0.000286022841,2.96872306,-0.124758959,0.0109404512,9.77193642,-1.27822468e-05,-0.00162612647,0.000286022841,2.97073269,-0.000254631042,1
2359,24.569978,0,-0.00959824212,0,0,-0.0202167518,0.195855319,0.00241655181,2.96808648,-0.189424485,-0.0537250787,9.8318119,-1.27822468e-05,-0.000560861954,0.00241655181,2.97073269,-0.000254631042,1
2360,24.579975,0,0.00885991566,0,0,0.0281407572,0.153339356,0.00135128724,2.9688189,-0.15589422,0.00136037311,9.85576153,0.00105248217,-0.000560861954,0.00135128724,2.97073269,-0.000254631042,1
2361,24.589982,0,-0.0081215892,0,0,-0.0490606911,0.18389006,0.00348181627,2.96808648,-0.172659352,-0.0800702944,9.76954079,0.00105248217,0.00370019581,0.00348181627,2.97073269,-0.000254631042,1
2362,24.599979,0,0.00590661028,0,0,-0.00764635159,0.157156825,-0.000779241615,2.96872306,-0.153499186,-0.0345649198,9.83420658,0.00211774674,-0.000560861954,-0.000779241615,2.97073269,-0.000254631042,1
2363,24.609976,0,0.00147665257,0,0,-0.0216411222,0.118300132,0.00135128724,2.96799064,-0.112783857,-0.0417499803,9.74798584,-0.00107804674,0.00263493136,0.00135128724,2.97073269,-0.000254631042,1
2364,24.619973,0,-0.00516828429,0,0,-0.0394544825,0.155459583,-0.000779241615,2.96808648,-0.146314129,-0.0657001734,9.80307102,-1.27822468e-05,-0.00269139092,-0.000779241615,2.97073269,-0.000254631042,1
2365,24.629980,0,0.0073832632,0,0,-0.0142776929,0.202104181,0.00241655181,2.96818256,-0.196609542,-0.0489350408,9.85097218,-0.00214331108,-0.000560861954,0.00241655181,2.97073269,-0.000254631042,1
2366,24.639978,0,-0.011074895,0,0,0.00719147967,0.130263314,0.00135128724,2.96808648,-0.129548997,-0.0154047646,9.7623558,-0.00107804674,-0.000560861954,0.00135128724,2.97073269,-0.000254631042,1
2367,24.710004,0,-0.00959824212,0,0,-0.0120655103,0.145772174,0.000286022841,2.96872306,-0.141524091,-0.0369599424,9.78870106,0.00211774674,-0.000560861954,0.000286022841,2.97073269,-0.000254631042,1
2368,24.719980,0,0.0103365686,0,0,-0.0254121721,0.152960196,-0.000779241615,2.9688189,-0.146314129,-0.0513300598,9.77433109,-0.00320857554,-0.00162612647,-0.000779241615,2.97070217,-0.000254631042,1
2369,24.729999,0,-0.00959824212,0,0,-0.0411083587,0.146023348,0.00135128724,2.96808648,-0.136734053,-0.0657001734,9.7144556,0.00105248217,-0.00375665538,0.00135128724,2.97070217,-0.000254631042,1
2370,24.739975,0,0,0,0,-0.0366861485,0.171946183,-0.00184450613,2.9688189,-0.163079277,-0.0657001734,9.79828167,-1.27822468e-05,-0.000560861954,-0.00184450613,2.97070217,-0.000254631042,1
2371,24.750004,0,-0.00221497891,0,0,-0.0297041871,0.156145886,0.00241655181,2.96872306,-0.148709148,-0.0561200976,9.82223129,0.00105248217,0.0015696669,0.00241655181,2.97070217,-0.000254631042,1
2372,24.759979,0,-0.00516828429,0,0,-0.0583269671,0.158767328,-0.000779241615,2.96808648,-0.146314129,-0.0561200976,9.81504631,0.00105248217,0.000504402502,-0.000779241615,2.97070217,-0.000254631042,1
2373,24.769996,0,0.00442995783,0,0,0.0263827071,0.129333988,0.00241655181,2.9688189,-0.131944016,-0.0130097447,9.82462692,-1.27822468e-05,0.000504402502,0.00241655181,2.97070217,-0.000254631042,1
2374,24.779982,0,-0.00664493674,0,0,-0.0334248245,0.134908795,0.00135128724,2.9688189,-0.14391911,-0.00103464653,9.75038147,-1.27822468e-05,-0.00162612647,0.00135128724,2.97070217,-0.000254631042,1
2375,24.789999,0,0.0073832632,0,0,-0.00335443229,0.153973252,0.00135128724,2.9688189,-0.131944016,-0.00582468603,9.82223129,0.00105248217,0.000504402502,0.000286022841,2.97070217,-0.000254631042,1
2376,24.799973,0,-0.00959824212,0,0,5.05813332e-05,0.187416062,0.00135128724,2.9688189,-0.127153978,-0.0489350408,9.77433109,0.0031830112,-0.00162612647,0.00241655181,2.97070217,-0.000254631042,1
2377,24.810003,0,0.00590661028,0,0,-0.0196803901,0.130078986,0.00241655181,2.9688189,-0.160684258,-0.0225898232,9.79109669,-0.00107804674,-0.000560861954,0.00241655181,2.97070217,-0.000254631042,1
2378,24.819976,0,-0.00516828429,0,0,-0.000916582299,0.112217136,0.00135128724,2.9688189,-0.20139958,-0.0154047646,9.75756645,-0.00214331108,-0.00482191984,0.000286022841,2.97070217,-0.000254631042,1
2379,24.829996,0,-0.0036916316,0,0,-0.0125697106,0.184756041,0.00348181627,2.9688189,-0.179844409,-0.0465400182,9.8270216,0.00211774674,0.000504402502,0.000286022841,2.97070217,-0.000254631042,1
2380,24.839981,0,0.00442995783,0,0,0.0142852403,0.143601239,0.00135128724,2.9688189,-0.14391911,-0.0106147248,9.77672672,-1.27822468e-05,-0.00162612647,0.00135128724,2.97070217,-0.000254631042,1
2381,24.849999,0,-0.0081215892,0,0,0.0450581871,0.138215631,0.00241655181,2.96808648,-0.14391911,0.0205205306,9.76475143,0.00105248217,0.000504402502,0.000286022841,2.97070217,-0.000254631042,1
2382,24.860001,0,0.00885991566,0,0,0.0124448221,0.146363258,0.00454708049,2.96808648,-0.146314129,-0.0130097447,9.84139156,0.00105248217,0.00263493136,0.00454708049,2.97070217,-0.000254631042,1
2383,24.869976,0,-0.012551547,0,0,0.00154169288,0.126373455,0.00135128724,2.96891499,-0.124758959,-0.0201948043,9.78630638,-1.27822468e-05,0.0015696669,0.00135128724,2.97070217,-0.000254631042,1
2384,24.880003,0,0.0103365686,0,0,-0.0288014784,0.1754269,-0.00184450613,2.96891499,-0.167869315,-0.0585151166,9.81983662,-1.27822468e-05,0.00263493136,-0.00184450613,2.97070217,-0.000254631042,1
2385,24.889977,0,-0.00959824212,0,0,-0.0200921316,0.127719626,0.00241655181,2.9688189,-0.12236394,-0.0417499803,9.80067635,-0.00107804674,0.000504402502,0.00241655181,2.97070217,-0.000254631042,1
2386,24.900004,0,0.00147665257,0,0,0.00630518654,0.181462124,0.00241655181,2.9688189,-0.179844409,-0.0249848422,9.76714611,0.0031830112,0.000504402502,0.00241655181,2.97070217,-0.000254631042,1
2387,24.909978,0,0.00295330514,0,0,0.0203502737,0.164423764,0.00135128724,2.9688189,-0.165474296,-0.00821970589,9.74080086,0.00105248217,0.00263493136,0.00135128724,2.97070217,-0.000254631042,1
2388,24.919999,0,-0.0081215892,0,0,-0.00436030794,0.16146633,0.000286022841,2.96808648,-0.158289239,-0.0321699008,9.87731743,-0.00107804674,0.000504402502,0.000286022841,2.97070217,-0.000254631042,1
2389,24.929973,0,0.0073832632,0,0,0.00646216143,0.0987733677,0.00241655181,2.9688189,-0.0984137431,-0.0106147248,9.77193642,0.00105248217,-0.000560861954,0.00241655181,2.97070217,-0.000254631042,1
2390,24.940005,0,-0.011074895,0,0,-0.0261270739,0.148260653,0.00454708049,2.96808648,-0.141524091,-0.0513300598,9.77193642,-0.00107804674,0.00263493136,0.00454708049,2.97070217,-0.000254631042,1
2391,24.949979,0,0.0103365686,0,0,0.0257813949,0.15375109,0.00241655181,2.9688189,-0.15589422,-0.00103464653,9.83420658,-0.00107804674,0.00263493136,0.00241655181,2.97070217,-0.000254631042,1
2392,24.959995,0,-0.011074895,0,0,-0.00346551556,0.13940534,0.000286022841,2.9688189,-0.136734053,-0.027379863,9.73361588,-1.27822468e-05,0.000504402502,0.000286022841,2.97070217,-0.000254631042,1
2393,24.969999,0,0.00885991566,0,0,-0.00477922475,0.173671633,0.00348181627,2.9688189,-0.170264333,-0.0345649198,9.72643089,-0.00107804674,-0.000560861954,0.00348181627,2.97070217,-0.000254631042,1
2394,24.979973,0,-0.00516828429,0,0,0.00983092375,0.117642038,0.00241655181,2.96818256,-0.117573902,-0.0106147248,9.86055183,-1.27822468e-05,0.0015696669,0.00241655181,2.97070217,-0.000254631042,1
2395,24.989994,0,-0.0036916316,0,0,0.0054817046,0.176743388,0.00135128724,2.9688189,-0.175054371,-0.0249848422,9.77672672,-0.00214331108,0.000504402502,0.00135128724,2.97070217,-0.000254631042,1
2396,24.999979,0,0.00442995783,0,0,-0.00734686386,0.144948244,0.00241655181,2.96872306,-0.141524091,-0.0321699008,9.76475143,0.00105248217,0.00370019581,0.00241655181,2.97070217,-0.000254631042,1
2397,25.009994,0,-0.00664493674,0,0,0.0363429785,0.144614294,0.00135128724,2.9688189,-0.148709148,0.0109404512,9.72882557,-1.27822468e-05,-0.00162612647,0.00135128724,2.97070217,-0.000254631042,1
2398,25.019979,0,0.0073832632,0,0,-0.0117092198,0.0922169685,0.00135128724,2.96891499,-0.0888336599,-0.027379863,9.74798584,-0.00214331108,0.000504402502,0.00135128724,2.97070217,-0.000254631042,1
2399,25.030000,0,-0.012551547,0,0,-0.00972011872,0.145359293,0.00348181627,2.9688189,-0.141524091,-0.0345649198,9.80067635,-1.27822468e-05,-0.000560861954,0.00348181627,2.97070217,-0.000254631042,1
2400,25.039974,0,0.00885991566,0,0,0.0132395895,0.109746695,0.00135128724,2.9688189,-0.110388838,-0.00582468603,9.79588604,0.00424827542,0.0015696669,0.00135128724,2.97070217,-0.000254631042,1
2401,25.050002,0,-0.00959824212,0,0,-0.00217120862,0.18782945,0.00135128724,2.96808648,-0.184634447,-0.0345649198,9.83420658,-1.27822468e-05,-0.00269139092,0.00135128724,2.97070217,-0.000254631042,1
2402,25.059977,0,0,0,0,0.000129069536,0.146071687,0.00241655181,2.9688189,-0.14391911,-0.0249848422,9.80067635,-0.00107804674,0.0015696669,0.00241655181,2.97070217,-0.000254631042,1
2403,25.069998,0,0.00295330514,0,0,0.02042876,0.123079382,0.00348181627,2.9688189,-0.124758959,-0.00103464653,9.80067635,0.00211774674,0.00370019581,0.00348181627,2.97070217,-0.000254631042,1
2404,25.080005,0,-0.0081215892,0,0,0.0360423252,0.156822845,0.00135128724,2.9688189,-0.160684258,0.00854543224,9.85815716,-1.27822468e-05,0.0015696669,0.00135128724,2.97070217,-0.000254631042,1
2405,25.089979,0,0.0073832632,0,0,-0.0349607021,0.14003925,0.00135128724,2.9688189,-0.131944016,-0.0585151166,9.76714611,-1.27822468e-05,-0.00162612647,0.00135128724,2.97070217,-0.000254631042,1
2406,25.099976,0,-0.011074895,0,0,-0.0389670283,0.131013542,0.00348181627,2.9688189,-0.12236394,-0.0609101392,9.71685123,-0.00214331108,-0.00162612647,0.00348181627,2.97070217,-0.000254631042,1
2407,25.109984,0,0.00885991566,0,0,0.0430228375,0.141015574,0.00135128724,2.96872306,-0.146314129,0.0181255098,9.74798584,0.00105248217,0.00263493136,0.00135128724,2.97070217,-0.000254631042,1
2408,25.119980,0,-0.00959824212,0,0,0.0107427407,0.178271458,0.00241655181,2.96808648,-0.17744939,-0.0201948043,9.7312212,-0.00320857554,-0.00375665538,0.00241655181,2.97070217,-0.000254631042,1
2409,25.129978,0,-0.00516828429,0,0,-0.0124912243,0.143411666,0.000286022841,2.9688189,-0.139129072,-0.0369599424,9.79349136,-1.27822468e-05,-0.00162612647,0.000286022841,2.97070217,-0.000254631042,1
2410,25.139975,0,0.00590661028,0,0,0.0138734998,0.141241878,0.000286022841,2.9688189,-0.141524091,-0.0106147248,9.83899689,0.00105248217,-0.000560861954,0.000286022841,2.97070217,-0.000254631042,1
2411,25.149982,0,-0.0081215892,0,0,0.0225985497,0.149444103,0.00135128724,2.9688189,-0.151104167,-0.00342966616,9.7791214,-1.27822468e-05,0.0015696669,0.00135128724,2.97070217,-0.000254631042,1
2412,25.159979,0,0.0103365686,0,0,-0.0293074138,0.1585024,0.00454708049,2.9688189,-0.151104167,-0.0561200976,9.77672672,0.00105248217,0.0015696669,0.00454708049,2.97070217,-0.000254631042,1
2413,25.169977,0,-0.012551547,0,0,0.00863195118,0.125138089,0.00135128724,2.9688189,-0.124758959,-0.0130097447,9.80786133,-1.27822468e-05,0.00370019581,0.00135128724,2.97070217,-0.000254631042,1
2414,25.260002,0,0,0,0,-0.023038188,0.152550668,0.000286022841,2.96872306,-0.127153978,-0.0441449992,9.76714611,0.00105248217,-0.000560861954,0.000286022841,2.97070217,-0.000254631042,1
2415,25.269977,0,-0.0081215892,0,0,-0.0262356531,0.148241475,0.000286022841,2.9688189,-0.141524091,-0.0513300598,9.81504631,-0.00107804674,-0.00162612647,0.000286022841,2.97070217,-0.000254631042,1
2416,25.279994,0,0.0103365686,0,0,0.0214675926,0.142350331,-0.000779241615,2.96808648,-0.14391911,-0.00342966616,9.80067635,-0.00107804674,0.0015696669,0.000286022841,2.97070217,-0.000254631042,1
2417,25.289994,0,-0.0140281999,0,0,-0.0360848419,0.147529081,0.00135128724,2.9688189,-0.139129072,-0.0609101392,9.82941628,-0.00107804674,0.00476546027,0.00241655181,2.97070217,-0.000254631042,1
2418,25.299981,0,0.0073832632,0,0,-0.031764023,0.144349277,0.000286022841,2.96872306,-0.136734053,-0.0561200976,9.75756645,0.00211774674,0.0015696669,0.000286022841,2.97070217,-0.000254631042,1
2419,25.309996,0,-0.00221497891,0,0,-0.027869314,0.138806701,0.00135128724,2.96872306,-0.131944016,-0.0513300598,9.7312212,-0.00107804674,-0.000560861954,0.00135128724,2.97070217,-0.000254631042,1
2420,25.319982,0,-0.00516828429,0,0,-0.0073027988,0.186297327,0.00241655181,2.96808648,-0.182239428,-0.0393549614,9.78630638,-0.00107804674,0.00263493136,0.00241655181,2.97070217,-0.000254631042,1
2421,25.330004,0,0.00590661028,0,0,-0.021405844,0.161985919,0.000286022841,2.9688189,-0.15589422,-0.0489350408,9.8270216,-0.00320857554,0.00263493136,0.000286022841,2.97070217,-0.000254631042,1
2422,25.339978,0,-0.00664493674,0,0,0.00332632638,0.150378346,0.00241655181,2.96872306,-0.148709148,-0.0225898232,9.83660221,-0.00107804674,-0.000560861954,0.00241655181,2.97070217,-0.000254631042,1
2423,25.349995,0,0.0073832632,0,0,-0.00376617326,0.151613891,0.00135128724,2.9688189,-0.148709148,-0.0297748819,9.75517082,-0.00214331108,0.0015696669,0.00135128724,2.97070217,-0.000254631042,1
2424,25.359980,0,-0.012551547,0,0,-0.0189185143,0.176143885,0.00135128724,2.96872306,-0.170264333,-0.0489350408,9.81025696,-0.00107804674,-0.00162612647,0.00135128724,2.97070217,-0.000254631042,1
2425,25.369998,0,0.0073832632,0,0,0.0151974633,0.106974132,0.00241655181,2.96872306,-0.107993819,-0.00342966616,9.72403622,0.00105248217,0.00263493136,0.00241655181,2.97070217,-0.000254631042,1
2426,25.380000,0,-0.00959824212,0,0,-0.00930837821,0.147718653,0.00241655181,2.9688189,-0.14391911,-0.0345649198,9.78870106,-1.27822468e-05,0.00370019581,0.00241655181,2.97070217,-0.000254631042,1
2427,25.389978,0,0.00295330514,0,0,0.0368658081,0.161541581,0.000286022841,2.9688189,-0.165474296,0.00854543224,9.80307102,0.00211774674,0.000504402502,0.000286022841,2.97070217,-0.000254631042,1
2428,25.399976,0,0,0,0,-0.0100056753,0.157568783,0.00135128724,2.96872306,-0.153499186,-0.0369599424,9.73601055,-1.27822468e-05,0.0015696669,0.00135128724,2.97070217,-0.000254631042,1
2429,25.410005,0,-0.0036916316,0,0,-0.0447585844,0.195243433,0.00135128724,2.96872306,-0.184634447,-0.0776752755,9.70248032,0.00105248217,-0.00269139092,0.00135128724,2.97070217,-0.000254631042,1
2430,25.419979,0,0.00442995783,0,0,0.0232914295,0.125009984,0.00135128724,2.96808648,-0.127153978,0.00136037311,9.82223129,0.00105248217,0.00263493136,0.00135128724,2.97070217,-0.000254631042,1
2431,25.429996,0,-0.0081215892,0,0,-0.0306537189,0.136856407,0.000286022841,2.9688189,-0.129548997,-0.0537250787,9.81504631,-1.27822468e-05,-0.00162612647,0.000286022841,2.97070217,-0.000254631042,1
2432,25.439982,0,0.00590661028,0,0,0.00227743061,0.116523899,-0.000779241615,2.96872306,-0.115178876,-0.0177997835,9.78870106,-1.27822468e-05,-0.00162612647,-0.000779241615,2.97070217,-0.000254631042,1
2433,25.449997,0,-0.00221497891,0,0,0.0430228375,0.141015574,0.00135128724,2.96872306,-0.146314129,0.0181255098,9.75756645,-1.27822468e-05,-0.00269139092,0.00135128724,2.97070217,-0.000254631042,1
2434,25.460002,0,0,0,0,-0.0124912243,0.143411666,0.00135128724,2.9688189,-0.139129072,-0.0369599424,9.81504631,0.00211774674,-0.00162612647,0.00135128724,2.97070217,-0.000254631042,1
2435,25.469976,0,0,0,0,0.0197655112,0.174258515,0.00348181627,2.96808648,-0.175054371,-0.0106147248,9.78870106,-0.00214331108,0.000504402502,0.00348181627,2.97070217,-0.000254631042,1
2436,25.480003,0,0,0,0,-0.00642618863,0.164234191,0.00348181627,2.9688189,-0.160684258,-0.0345649198,9.80067635,-1.27822468e-05,-0.000560861954,0.00348181627,2.97070217,-0.000254631042,1
2437,25.489977,0,0,0,0,-0.0151512399,0.156031951,0.00241655181,2.9688189,-0.151104167,-0.0417499803,9.73361588,-1.27822468e-05,0.000504402502,0.00241655181,2.97070217,-0.000254631042,1
2438,25.499997,0,0,0,0,-0.00859598164,0.137869462,0.00241655181,2.9688189,-0.134339035,-0.0321699008,9.76475143,0.00105248217,0.0015696669,0.00241655181,2.97070217,-0.000254631042,1
2439,25.509984,0,0,0,0,-0.0182229988,0.166292891,0.000286022841,2.9688189,-0.160684258,-0.0465400182,9.77672672,-0.00214331108,0.0015696669,0.000286022841,2.97070217,-0.000254631042,1
2440,25.519999,0,0,0,0,-0.0158636384,0.165881157,0.00135128724,2.9688189,-0.160684258,-0.0441449992,9.80786133,0.00105248217,-0.00269139092,0.00135128724,2.97070217,-0.000254631042,1
2441,25.529974,0,0,0,0,0.0163439475,0.155398056,0.00241655181,2.9688189,-0.15589422,-0.0106147248,9.73361588,-1.27822468e-05,0.000504402502,0.00241655181,2.97070217,-0.000254631042,1
2442,25.540005,0,0,0,0,-0.0348348022,0.1546105,0.00348181627,2.96872306,-0.146314129,-0.0609101392,9.85576153,-0.00214331108,0.000504402502,0.00348181627,2.97070217,-0.000254631042,1
2443,25.549980,0,0,0,0,-0.0141381882,0.133974224,0.000286022841,2.9688189,-0.129548997,-0.0369599424,9.86294651,0.00105248217,0.0015696669,0.000286022841,2.97070217,-0.000254631042,1
2444,25.560002,0,0,0,0,-0.00766141387,0.157156095,0.00454708049,2.9688189,-0.153499186,-0.0345649198,9.81265163,-0.00107804674,0.0015696669,0.00454708049,2.97070217,-0.000254631042,1
2445,25.569977,0,0,0,0,-0.0149616692,0.129255503,0.00241655181,2.9688189,-0.124758959,-0.0369599424,9.76714611,0.00105248217,-0.000560861954,0.00241655181,2.97070217,-0.000254631042,1
2446,25.579974,0,0,0,0,0.0231373217,0.166369155,0.00135128724,2.96872306,-0.167869315,-0.00582468603,9.76954079,-1.27822468e-05,-0.000560861954,0.00135128724,2.97070217,-0.000254631042,1
2447,25.590004,0,0,0,0,-0.0307322089,0.178200781,0.000286022841,2.9688189,-0.170264333,-0.0609101392,9.79828167,-0.00107804674,-0.000560861954,0.000286022841,2.97070217,-0.000254631042,1
2448,25.600080,0,0,0,0,0.021030074,0.0986622795,0.00348181627,2.9688189,-0.100808762,0.00375539274,9.87252712,0.00105248217,0.000504402502,0.00348181627,2.97070217,-0.000254631042,1
2449,25.609974,0,0,0,0,0.022108322,0.188429117,-0.000779241615,2.9688189,-0.189424485,-0.0106147248,9.76475143,-1.27822468e-05,0.00263493136,-0.000779241615,2.97070217,-0.000254631042,1
2450,25.619982,0,0,0,0,-0.00712190289,0.174084052,0.00135128724,2.96872306,-0.170264333,-0.0369599424,9.82941628,-1.27822468e-05,0.0015696669,0.00135128724,2.97070217,-0.000254631042,1
2451,25.629980,0,0,0,0,-0.0182070602,0.136746868,0.00241655181,2.96872306,-0.131944016,-0.0393549614,9.79349136,-1.27822468e-05,0.000504402502,0.00241655181,2.97070217,-0.000254631042,1
2452,25.639976,0,0,0,0,-0.0206149593,0.110792346,0.00135128724,2.9688189,-0.136734053,-0.0106147248,9.80786133,-1.27822468e-05,0.0015696669,0.000286022841,2.97070217,-0.000254631042,1
2453,25.649974,0,0,0,0,-0.0395683385,0.155430645,0.00135128724,2.9688189,-0.136734053,-0.027379863,9.80307102,-0.00107804674,0.0015696669,0.00241655181,2.97070217,-0.000254631042,1
2454,25.659983,0,0,0,0,-0.00889663678,0.150078014,0.00241655181,2.9688189,-0.148709148,-0.0561200976,9.81504631,0.0031830112,0.000504402502,0.00241655181,2.97070217,-0.000254631042,1
2455,25.669980,0,0,0,0,0.00106318027,0.124014646,-0.000779241615,2.96945548,-0.139129072,-0.0561200976,9.76475143,-1.27822468e-05,-0.000560861954,0.00241655181,2.97070217,-0.000254631042,1
2456,25.679976,0,0,0,0,-0.0229743198,0.111204088,0.00241655181,2.9688189,-0.139129072,-0.00821970589,9.72403622,-0.00214331108,0.00263493136,0.000286022841,2.97070217,-0.000254631042,1
2457,25.689974,0,0,0,0,-0.00788358226,0.128020272,0.00241655181,2.9688189,-0.124758959,-0.0297748819,9.77193642,-0.00107804674,0.00476546027,0.000286022841,2.97070217,-0.000254631042,1
2458,25.769996,0,0,0,0,0.00167845818,0.140941054,0.00135128724,2.96872306,-0.139129072,-0.0225898232,9.86055183,0.00105248217,0.000504402502,0.00135128724,2.97070217,-0.000254631042,1
2459,25.779983,0,0,0,0,-0.0357712097,0.135323957,0.000286022841,2.96872306,-0.127153978,-0.0585151166,9.76954079,0.00105248217,0.0015696669,0.000286022841,2.97070217,-0.000254631042,1
2460,25.789998,0,0,0,0,-0.021105187,0.149777353,-0.000779241615,2.9688189,-0.14391911,-0.0465400182,9.7312212,-1.27822468e-05,-0.00269139092,-0.000779241615,2.97070217,-0.000254631042,1
2461,25.799984,0,0,0,0,-0.0140271029,0.148542136,0.000286022841,2.9688189,-0.14391911,-0.0393549614,9.77672672,0.00105248217,0.0015696669,0.000286022841,2.97070217,-0.000254631042,1
2462,25.810000,0,0,0,0,-0.0135368742,0.109557122,0.000286022841,2.9688189,-0.1055988,-0.0321699008,9.79349136,0.00211774674,-0.00269139092,0.000286022841,2.97070217,-0.000254631042,1
2463,25.819975,0,0,0,0,-0.00352667831,0.180750057,0.000286022841,2.96872306,-0.17744939,-0.0345649198,9.78151608,0.00105248217,0.00263493136,0.000286022841,2.97070217,-0.000254631042,1
2464,25.830005,0,0,0,0,-0.0516495369,0.169702858,-0.000779241615,2.96872306,-0.158289239,-0.0800702944,9.77672672,-0.00107804674,-0.00375665538,-0.000779241615,2.97070217,-0.000254631042,1
2465,25.839979,0,0,0,0,-0.00867446791,0.179213837,-0.000779241615,2.9688189,-0.175054371,-0.0393549614,9.76475143,0.00105248217,-0.00269139092,-0.000779241615,2.97070217,-0.000254631042,1
2466,25.849977,0,0,0,0,0.020128103,0.135287926,0.00135128724,2.9688189,-0.136734053,-0.00342966616,9.88929176,-0.00107804674,0.000504402502,0.00135128724,2.97070217,-0.000254631042,1
2467,25.860004,0,0,0,0,-0.00758292666,0.11581172,0.00135128724,2.9688189,-0.112783857,-0.027379863,9.80067635,-1.27822468e-05,-0.000560861954,0.00135128724,2.97070217,-0.000254631042,1
2468,25.869979,0,0,0,0,-0.0579415336,0.119745113,0.00241655181,2.96872306,-0.107993819,-0.0776752755,9.79349136,-1.27822468e-05,0.0015696669,0.00241655181,2.97070217,-0.000254631042,1
2469,25.879997,0,0,0,0,0.00373829366,0.152737662,-0.000779241615,2.96872306,-0.151104167,-0.0225898232,9.77433109,-0.00107804674,0.00263493136,-0.000779241615,2.97070217,-0.000254631042,1
2470,25.889982,0,0,0,0,-0.00221625413,0.14648363,0.00135128724,2.96872306,-0.14391911,-0.027379863,9.82941628,-1.27822468e-05,-0.000560861954,0.00135128724,2.97070217,-0.000254631042,1
2471,25.899999,0,0,0,0,0.0281407572,0.153339356,0.00241655181,2.9688189,-0.15589422,0.00136037311,9.80546665,0.00105248217,-0.00162612647,0.00241655181,2.97070217,-0.000254631042,1
2472,25.909974,0,0,0,0,-0.0240870826,0.118696213,0.00348181627,2.96872306,-0.112783857,-0.0441449992,9.80786133,0.00211774674,0.00370019581,0.00348181627,2.97070217,-0.000254631042,1
2473,25.919994,0,0,0,0,-0.0409018248,0.133788571,0.00135128724,2.96872306,-0.124758959,-0.0633051544,9.80307102,-0.00214331108,0.0015696669,0.00135128724,2.97070217,-0.000254631042,1
2474,25.929980,0,0,0,0,-0.0282812808,0.13644737,0.00454708049,2.96872306,-0.129548997,-0.0513300598,9.77672672,-0.00107804674,0.000504402502,0.00454708049,2.97070217,-0.000254631042,1
2475,25.940001,0,0,0,0,0.00926586241,0.156633288,0.00135128724,2.9688189,-0.15589422,-0.0177997835,9.77433109,0.00211774674,-0.00162612647,0.00135128724,2.97070217,-0.000254631042,1
2476,25.949975,0,0,0,0,0.0122265359,0.131804436,0.00241655181,2.9688189,-0.131944016,-0.0106147248,9.82941628,-0.00107804674,0.0015696669,0.00241655181,2.97070217,-0.000254631042,1
2477,25.959997,0,0,0,0,-0.0119530289,0.160340086,0.00241655181,2.96872306,-0.15589422,-0.0393549614,9.75517082,-0.00107804674,0.0015696669,0.00241655181,2.97070217,-0.000254631042,1
2478,25.969983,0,0,0,0,0.0289048608,0.199399665,0.00135128724,2.96872306,-0.20139958,-0.00582468603,9.76714611,-0.00214331108,0.00476546027,0.00135128724,2.97070217,-0.000254631042,1
2479,25.979996,0,0,0,0,0.056864839,0.150757819,0.00241655181,2.9688189,-0.158289239,0.0301006082,9.83899689,-1.27822468e-05,0.0015696669,0.00241655181,2.97070217,-0.000254631042,1
2480,25.989982,0,0,0,0,0.0288205575,0.087577872,0.00348181627,2.9688189,-0.0912286863,0.013335471,9.76475143,-1.27822468e-05,0.0015696669,0.00348181627,2.97070217,-0.000254631042,1
2481,25.999999,0,0,0,0,0.0180812348,0.123489387,0.00135128724,2.96872306,-0.124758959,-0.00342966616,9.79828167,-1.27822468e-05,0.0015696669,0.00135128724,2.97070217,-0.000254631042,1
2482,26.009984,0,0,0,0,0.00044255695,0.133863091,0.000286022841,2.96872306,-0.131944016,-0.0225898232,9.80786133,-0.00107804674,0.000504402502,0.000286022841,2.97070217,-0.000254631042,1
2483,26.020004,0,0,0,0,0.00290017086,0.148019299,0.000286022841,2.9688189,-0.146314129,-0.0225898232,9.68811035,-1.27822468e-05,0.00263493136,0.000286022841,2.97070217,-0.000254631042,1
2484,26.029978,0,0,0,0,-0.0374311469,0.125883088,0.00241655181,2.9688189,-0.117573902,-0.0585151166,9.78870106,0.00105248217,0.0015696669,0.00241655181,2.97070217,-0.000254631042,1
2485,26.039997,0,0,0,0,-0.00693489658,0.147307575,0.00135128724,2.96872306,-0.14391911,-0.0321699008,9.79588604,-0.00107804674,-0.00162612647,0.00135128724,2.97070217,-0.000254631042,1
2486,26.049983,0,0,0,0,-0.0498146713,0.152363658,0.00241655181,2.96872306,-0.141524091,-0.0752802566,9.80067635,-0.00107804674,0.000504402502,0.00241655181,2.97070217,-0.000254631042,1
2487,26.059995,0,0,0,0,-0.0212162733,0.135209441,0.000286022841,2.9688189,-0.129548997,-0.0441449992,9.76475143,-1.27822468e-05,0.0015696669,0.000286022841,2.97070217,-0.000254631042,1
2488,26.069980,0,0,0,0,-0.0185562521,0.122589156,0.00135128724,2.9688189,-0.115178876,-0.0177997835,9.82223129,-0.00107804674,-0.000560861954,0.00135128724,2.97070217,-0.000254631042,1
2489,26.079977,0,0,0,0,-0.0348496214,0.154607162,0.00241655181,2.9688189,-0.175054371,-0.0321699008,9.79588604,-0.00107804674,0.0015696669,0.00135128724,2.97070217,-0.000254631042,1
2490,26.089974,0,0,0,0,-0.0478816479,0.14958778,0.00241655181,2.9688189,-0.141524091,-0.0561200976,9.8318119,0.00211774674,0.000504402502,0.00348181627,2.97070217,-0.000254631042,1
2491,26.099982,0,0,0,0,-0.00582686719,0.154380769,0.00241655181,2.96955132,-0.151104167,0.00615041237,9.85097218,-1.27822468e-05,-0.00162612647,0.000286022841,2.97070217,-0.000254631042,1
2492,26.109979,0,0,0,0,-0.0104176421,0.155209467,0.00135128724,2.96872306,-0.119968921,-0.0609101392,9.78151608,-0.00107804674,-0.00162612647,0.00135128724,2.97070217,-0.000254631042,1
2493,26.119975,0,0,0,0,0.0161217768,0.126262233,0.00241655181,2.9688189,-0.134339035,-0.00582468603,9.84139156,-0.00214331108,-0.000560861954,0.00348181627,2.97070217,-0.000254631042,1
2494,26.129973,0,0,0,0,-0.022529982,0.169475734,0.00241655181,2.9688189,-0.163079277,-0.0513300598,9.79109669,-1.27822468e-05,0.000504402502,0.00135128724,2.97070217,-0.000254631042,1
2495,26.139980,0,0,0,0,0.0149976378,0.133752048,0.00135128724,2.9688189,-0.134339035,-0.00821970589,9.77433109,0.00105248217,0.0015696669,0.000286022841,2.97070217,-0.000254631042,1
2496,26.149977,0,0,0,0,-0.0262214448,0.148243979,0.000286022841,2.96872306,-0.141524091,-0.0513300598,9.75038147,-1.27822468e-05,0.0015696669,-0.000779241615,2.97070217,-0.000254631042,1
2497,26.430004,0,0,0,0,0.00536060659,0.120835066,0.00135128724,2.96955132,-0.119968921,-0.0154047646,9.73601055,-0.00214331108,0.000504402502,0.00135128724,2.97070217,-0.000254631042,1
2498,26.439975,0,0,0,0,0.0361096859,0.11548195,-0.000779241615,2.96891499,-0.119968921,0.0157304909,9.80067635,-0.00107804674,0.00263493136,-0.000779241615,2.97067165,-0.000254631042,1
2499,26.449994,0,0,0,0,-0.0375529528,0.111311547,0.00348181627,2.96891499,-0.103203781,-0.0561200976,9.78630638,-0.00107804674,0.000504402502,0.00348181627,2.97067165,-0.000254631042,1
2500,26.460004,0,0,0,0,-0.00428722845,0.149251431,0.00241655181,2.96955132,-0.146314129,-0.0297748819,9.79588604,0.00105248217,0.000504402502,0.00241655181,2.97067165,-0.000254631042,1
2501,26.469978,0,0,0,0,-0.0200716201,0.142274782,0.00135128724,2.96945548,-0.136734053,-0.0441449992,9.76475143,0.00211774674,-0.00269139092,0.00135128724,2.97067165,-0.000254631042,1
2502,26.479994,0,0,0,0,0.0167556889,0.157757416,0.00241655181,2.9688189,-0.158289239,-0.0106147248,9.79588604,-1.27822468e-05,-0.000560861954,0.00241655181,2.97067165,-0.000254631042,1
2503,26.489979,0,0,0,0,-0.00460380362,0.146894723,0.00241655181,2.96891499,-0.14391911,-0.0297748819,9.81265163,-1.27822468e-05,0.00263493136,0.00241655181,2.97067165,-0.000254631042,1
2504,26.500005,0,0,0,0,0.0394167416,0.148950174,0.00241655181,2.96955132,-0.153499186,0.013335471,9.81744194,0.00105248217,-0.00162612647,0.00241655181,2.97067165,-0.000254631042,1
2505,26.510001,0,0,0,0,-0.0292016864,0.131707385,0.000286022841,2.96945548,-0.175054371,-0.0800702944,9.7623558,-1.27822468e-05,-0.000560861954,0.00135128724,2.97067165,-0.000254631042,1
2506,26.519975,0,0,0,0,-0.00223716209,0.161049753,0.00241655181,2.96955132,-0.179844409,-0.0369599424,9.71206093,0.00105248217,0.000504402502,0.00241655181,2.97067165,-0.000254631042,1
2507,26.530005,0,0,0,0,0.0173569992,0.133340314,0.00135128724,2.9688189,-0.1055988,-0.0369599424,9.8270216,-1.27822468e-05,0.00263493136,0.00135128724,2.97067165,-0.000254631042,1
2508,26.539980,0,0,0,0,0.0197163615,0.132928565,-0.00184450613,2.9688189,-0.160684258,-0.0225898232,9.84857655,0.00105248217,-0.000560861954,0.00135128724,2.97067165,-0.000254631042,1
2509,26.549976,0,0,0,0,0.018589789,0.154999971,0.00348181627,2.96955132,-0.17744939,0.0157304909,9.75996113,-0.00107804674,-0.00162612647,-0.000779241615,2.97067165,-0.000254631042,1
2510,26.559974,0,0,0,0,0.00352461403,0.138172388,0.00135128724,2.96945548,-0.136734053,0.0205205306,9.7312212,-1.27822468e-05,-0.000560861954,0.00241655181,2.97067165,-0.000254631042,1
2511,26.569983,0,0,0,0,-0.0570051111,0.153557852,0.00135128724,2.96945548,-0.141524091,-0.0824653134,9.75996113,-0.00107804674,-0.000560861954,0.00135128724,2.97067165,-0.000254631042,1
2512,26.579980,0,0,0,0,0.0106121683,0.178279281,0.00348181627,2.9688189,-0.17744939,-0.0201948043,9.82941628,-0.00107804674,0.0015696669,0.00241655181,2.97067165,-0.000254631042,1
2513,26.589976,0,0,0,0,0.00218777684,0.157868505,0.00348181627,2.9688189,-0.15589422,-0.0249848422,9.76954079,-1.27822468e-05,-0.00269139092,0.00135128724,2.97067165,-0.000254631042,1
2514,26.599973,0,0,0,0,0.00484182639,0.159819707,0.00454708049,2.96955132,-0.158289239,-0.0225898232,9.76954079,0.00105248217,0.0015696669,0.00454708049,2.97067165,-0.000254631042,1
2515,26.609983,0,0,0,0,0.00506076543,0.188955188,0.00348181627,2.96945548,-0.187029466,-0.027379863,9.79828167,0.00211774674,0.00263493136,0.00348181627,2.97067165,-0.000254631042,1
2516,26.619980,0,0,0,0,0.0136817759,0.126682699,0.000286022841,2.96945548,-0.127153978,-0.00821970589,9.85097218,-0.00214331108,-0.000560861954,0.000286022841,2.97067165,-0.000254631042,1
