Index,Time,(odometrySubsystem).z[0],(odometrySubsystem).z[1],(odometrySubsystem).z[2],(odometrySubsystem).z[3],(odometrySubsystem).z[4],(odometrySubsystem).z[5],(odometrySubsystem).z[6],(odometrySubsystem).z[7],((((((aruwsrc::standard::DriversSingleton::drivers).mpu6500).imuData).accG).coordinates_).data)._M_elems[0],((((((aruwsrc::standard::DriversSingleton::drivers).mpu6500).imuData).accG).coordinates_).data)._M_elems[1],((((((aruwsrc::standard::DriversSingleton::drivers).mpu6500).imuData).accG).coordinates_).data)._M_elems[2],((((((aruwsrc::standard::DriversSingleton::drivers).mpu6500).imuData).gyroRadPerSec).coordinates_).data)._M_elems[0],((((((aruwsrc::standard::DriversSingleton::drivers).mpu6500).imuData).gyroRadPerSec).coordinates_).data)._M_elems[1],((((((aruwsrc::standard::DriversSingleton::drivers).mpu6500).imuData).gyroRadPerSec).coordinates_).data)._M_elems[2],(odometrySubsystem).chassisYaw,(odometrySubsystem).yawOffset,(odometrySubsystem).yawOffsetInitialized
0,0.000000,0,0,0,0,-0.0101624932,0.145329028,0.00135128724,2.97186232,-0.141524091,-0.0345649198,9.85336685,-1.27822468e-05,0.000504402502,0.00135128724,2.9726553,-0.000254631042,1
1,0.009974,0,0,0,0,-0.038085185,0.152544335,0.000286022841,2.97186232,-0.14391911,-0.0633051544,9.75517082,-0.00107804674,0.0015696669,0.000286022841,2.9726553,-0.000254631042,1
2,0.020002,0,0,0,0,-0.00786863547,0.130356297,0.00454708049,2.97186232,-0.127153978,-0.0297748819,9.83660221,0.00105248217,0.00263493136,0.00454708049,2.9726553,-0.000254631042,1
3,0.029977,0,0,0,0,-0.0274958424,0.143439725,0.00454708049,2.97186232,-0.136734053,-0.0513300598,9.81983662,-0.00107804674,0.00263493136,0.00454708049,2.9726553,-0.000254631042,1
4,0.040000,0,0,0,0,-0.0324269161,0.100541189,0.000286022841,2.97195816,-0.0936237052,-0.0489350408,9.83660221,0.00105248217,0.00370019581,0.000286022841,2.9726553,-0.000254631042,1
5,0.049984,0,0,0,0,0.0193784274,0.147556141,0.00135128724,2.97186232,-0.148709148,-0.00582468603,9.82223129,-0.00214331108,0.00263493136,0.00135128724,2.9726553,-0.000254631042,1
6,0.059996,0,0,0,0,-0.00733058527,0.161853269,0.00348181627,2.97186232,-0.158289239,-0.0345649198,9.78391171,-0.00320857554,-0.00269139092,0.00348181627,2.9726553,-0.000254631042,1
7,0.069981,0,0,0,0,-0.0340396017,0.176150382,-0.000779241615,2.97186232,-0.167869315,-0.0633051544,9.78630638,-1.27822468e-05,0.000504402502,-0.000779241615,2.9726553,-0.000254631042,1
8,0.080003,0,0,0,0,0.0509421416,0.161586285,0.00135128724,2.97186232,-0.167869315,0.0229155496,9.81983662,-0.00107804674,-0.00162612647,0.00135128724,2.9726553,-0.000254631042,1
9,0.089978,0,0,0,0,0.00230475934,0.118891306,0.00241655181,2.97195816,-0.127153978,-0.0417499803,9.79349136,0.00211774674,0.000504402502,0.000286022841,2.9726553,-0.000254631042,1
10,0.099997,0,0,0,0,-0.0475943536,0.139594376,0.00135128724,2.97186232,-0.117573902,-0.0633051544,9.79588604,-0.00107804674,-0.00162612647,0.00241655181,2.9726553,-0.000254631042,1
11,0.109983,0,0,0,0,0.0019783373,0.131098658,0.00135128724,2.97186232,-0.14391911,-0.0321699008,9.91324234,0.00105248217,0.00263493136,0.00241655181,2.9726553,-0.000254631042,1
12,0.119997,0,0,0,0,-0.0368092209,0.0891423076,0.00241655181,2.97195816,-0.148709148,-0.0417499803,9.80786133,-0.00107804674,0.000504402502,0.00241655181,2.9726553,-0.000254631042,1
13,0.129984,0,0,0,0,-0.0156410225,0.155983612,0.00135128724,2.97195816,-0.12236394,-0.0704902187,9.78630638,-1.27822468e-05,0.00370019581,0.000286022841,2.9726553,-0.000254631042,1
14,0.139981,0,0,0,0,-0.0221225768,0.203261822,0.00135128724,2.97195816,-0.196609542,-0.0633051544,9.90366268,-1.27822468e-05,0.000504402502,0.00241655181,2.9726553,-0.000254631042,1
15,0.149978,0,0,0,0,-0.0427396558,0.167921633,0.00348181627,2.97186232,-0.158289239,-0.0704902187,9.87252712,-0.00107804674,0.000504402502,0.00454708049,2.9726553,-0.000254631042,1
16,0.159975,0,0,0,0,0.0101300012,0.107831404,0.00135128724,2.97195816,-0.107993819,-0.00821970589,9.76954079,-0.00107804674,0.000504402502,0.00241655181,2.9726553,-0.000254631042,1
17,0.169983,0,0,0,0,-0.0257493183,0.0969675556,0.00135128724,2.97195816,-0.0912286863,-0.0417499803,9.73361588,0.00105248217,0.0015696669,-0.000779241615,2.9726553,-0.000254631042,1
18,0.179981,0,0,0,0,0.021659581,0.132585481,0.00348181627,2.97195816,-0.134339035,-0.00103464653,9.77193642,-1.27822468e-05,0.0015696669,0.00348181627,2.9726553,-0.000254631042,1
19,0.189978,0,0,0,0,-0.000586589624,0.172847167,0.00454708049,2.97186232,-0.170264333,-0.0297748819,9.84378719,-1.27822468e-05,-0.00162612647,0.00454708049,2.9726553,-0.000254631042,1
20,0.199974,0,0,0,0,0.0418375395,0.150996938,0.00348181627,2.97186232,-0.15589422,0.0157304909,9.80546665,0.00105248217,-0.000560861954,0.00348181627,2.9726553,-0.000254631042,1
21,0.210000,0,0,0,0,0.00743037695,0.120443285,0.00241655181,2.97195816,-0.119968921,-0.0130097447,9.79109669,-1.27822468e-05,0.000504402502,0.00241655181,2.9726553,-0.000254631042,1
22,0.219976,0,0,0,0,-0.0433561169,0.121852316,0.00348181627,2.97195816,-0.112783857,-0.0633051544,9.80546665,-0.00107804674,0.0015696669,0.00348181627,2.9726553,-0.000254631042,1
23,0.229999,0,0,0,0,0.00237010606,0.133459494,0.00454708049,2.97195816,-0.131944016,-0.0201948043,9.82941628,0.00105248217,-0.000560861954,0.00454708049,2.9726553,-0.000254631042,1
24,0.239978,0,0,0,0,-0.0230457019,0.169406384,0.00135128724,2.97186232,-0.163079277,-0.0513300598,9.81504631,-1.27822468e-05,-0.000560861954,0.00135128724,2.9726553,-0.000254631042,1
25,0.249999,0,0,0,0,0.004261069,0.116126321,0.000286022841,2.97195816,-0.115178876,-0.0154047646,9.7791214,0.0031830112,-0.000560861954,0.000286022841,2.9726553,-0.000254631042,1
26,0.259974,0,0,0,0,-0.0134110749,0.126442909,0.00135128724,2.97195816,-0.12236394,-0.0345649198,9.74080086,-1.27822468e-05,0.0015696669,0.00135128724,2.9726553,-0.000254631042,1
27,0.270002,0,0,0,0,-0.0179363135,0.17095615,0.000286022841,2.97195816,-0.165474296,-0.0465400182,9.81025696,-0.00107804674,0.00263493136,0.000286022841,2.9726553,-0.000254631042,1
28,0.279976,0,0,0,0,0.0108118737,0.168463767,0.00241655181,2.97186232,-0.167869315,-0.0177997835,9.7623558,-1.27822468e-05,0.00263493136,0.00241655181,2.9726553,-0.000254631042,1
29,0.290003,0,0,0,0,-0.0182577502,0.183165446,0.00241655181,2.97186232,-0.17744939,-0.0489350408,9.80307102,-0.00107804674,0.000504402502,0.00241655181,2.9726553,-0.000254631042,1
30,0.299979,0,0,0,0,0.00500438502,0.106279425,0.000286022841,2.97195816,-0.1055988,-0.0130097447,9.86055183,-1.27822468e-05,0.0015696669,0.000286022841,2.9726553,-0.000254631042,1
31,0.310004,0,0,0,0,0.00473074988,0.133055151,0.000286022841,2.97195816,-0.131944016,-0.0177997835,9.81504631,0.00105248217,0.000504402502,0.000286022841,2.9726553,-0.000254631042,1
32,0.319977,0,0,0,0,-0.016723318,0.178038076,0.00241655181,2.97195816,-0.172659352,-0.0465400182,9.81744194,-1.27822468e-05,0.000504402502,0.00241655181,2.9726553,-0.000254631042,1
33,0.329995,0,0,0,0,-0.0523155555,0.140403494,0.00348181627,2.97186232,-0.129548997,-0.0752802566,9.78870106,-1.27822468e-05,-0.00269139092,0.00348181627,2.9726553,-0.000254631042,1
34,0.339995,0,0,0,0,0.00292094587,0.164956242,0.00241655181,2.97186232,-0.163079277,-0.0249848422,9.81025696,-0.00320857554,0.0015696669,0.00241655181,2.9726553,-0.000254631042,1
35,0.349982,0,0,0,0,-0.0268969648,0.10445381,0.000286022841,2.97195816,-0.0984137431,-0.0441449992,9.82462692,-0.00107804674,0.00370019581,0.000286022841,2.9726553,-0.000254631042,1
36,0.359996,0,0,0,0,-0.0472033918,0.141950458,0.000286022841,2.97195816,-0.131944016,-0.0704902187,9.85576153,-1.27822468e-05,0.0015696669,0.000286022841,2.9726553,-0.000254631042,1
37,0.369983,0,0,0,0,-0.0452470817,0.139185488,0.000286022841,2.97195816,-0.129548997,-0.0680951998,9.81265163,-0.00214331108,-0.00162612647,0.000286022841,2.9726553,-0.000254631042,1
38,0.380001,0,0,0,0,-0.0184713453,0.139459118,0.00348181627,2.97195816,-0.134339035,-0.0417499803,9.82462692,-0.00320857554,0.000504402502,0.00348181627,2.9726553,-0.000254631042,1
39,0.389976,0,0,0,0,-0.0149504496,0.131569967,0.00135128724,2.97186232,-0.127153978,-0.0369599424,9.80067635,-0.00214331108,-0.00162612647,0.00135128724,2.9726553,-0.000254631042,1
40,0.399998,0,0,0,0,-0.00228583114,0.148836344,0.00135128724,2.97195816,-0.146314129,-0.027379863,9.83660221,-0.00107804674,0.0015696669,0.00135128724,2.9726553,-0.000254631042,1
41,0.409999,0,0,0,0,0.011134713,0.156257257,0.000286022841,2.97195816,-0.15589422,-0.0154047646,9.78391171,-1.27822468e-05,-0.000560861954,0.000286022841,2.9726553,-0.000254631042,1
42,0.419974,0,0,0,0,-0.0078811273,0.130355537,0.00135128724,2.97195816,-0.127153978,-0.0297748819,9.77193642,-0.00107804674,0.00263493136,0.00135128724,2.9726553,-0.000254631042,1
43,0.429983,0,0,0,0,-0.0801047608,0.176755175,0.00135128724,2.97186232,-0.160684258,-0.108810529,9.87013245,-0.00107804674,0.000504402502,0.00135128724,2.9726553,-0.000254631042,1
44,0.440000,0,0,0,0,-0.0341063552,0.161582187,0.00241655181,2.97186232,-0.153499186,-0.0609101392,9.8318119,-0.00214331108,0.000504402502,0.00241655181,2.9726553,-0.000254631042,1
45,0.449974,0,0,0,0,0.00373006193,0.169677451,0.000286022841,2.97186232,-0.167869315,-0.0249848422,9.79828167,0.00105248217,0.00263493136,0.000286022841,2.9726553,-0.000254631042,1
46,0.459996,0,0,0,0,0.0157252997,0.126312211,0.00241655181,2.97195816,-0.127153978,-0.00582468603,9.85815716,0.00105248217,0.0015696669,0.00241655181,2.9726553,-0.000254631042,1
47,0.469999,0,0,0,0,-0.0349154696,0.156860977,0.00241655181,2.97186232,-0.148709148,-0.0609101392,9.86055183,-0.00107804674,0.000504402502,0.00241655181,2.9726553,-0.000254631042,1
48,0.479984,0,0,0,0,-0.0108899949,0.155177042,0.00135128724,2.97176671,-0.151104167,-0.0369599424,9.7791214,-1.27822468e-05,-0.000560861954,0.00135128724,2.9726553,-0.000254631042,1
49,0.490004,0,0,0,0,0.0201875437,0.15227735,0.00348181627,2.97186232,-0.153499186,-0.00582468603,9.78151608,0.00105248217,-0.00162612647,0.00348181627,2.9726553,-0.000254631042,1
50,0.499979,0,0,0,0,0.0106650311,0.13932842,0.00241655181,2.97195816,-0.139129072,-0.0130097447,9.84378719,-1.27822468e-05,0.0015696669,0.00241655181,2.9726553,-0.000254631042,1
51,0.509998,0,0,0,0,-0.040186815,0.126169279,0.00135128724,2.97195816,-0.117573902,-0.0609101392,9.74798584,-0.00107804674,-0.00162612647,0.00135128724,2.9726553,-0.000254631042,1
52,0.519983,0,0,0,0,-0.0247974228,0.130827591,0.00135128724,2.97186232,-0.163079277,-0.0776752755,9.77672672,-0.00107804674,-0.00162612647,0.00348181627,2.9726553,-0.000254631042,1
53,0.529999,0,0,0,0,-0.0700534582,0.136153594,0.00241655181,2.97186232,-0.179844409,-0.027379863,9.8797121,0.00105248217,-0.000560861954,0.00135128724,2.9726553,-0.000254631042,1
54,0.539984,0,0,0,0,-0.00200049765,0.122060806,0.00135128724,2.97186232,-0.107993819,-0.0441449992,9.81265163,-1.27822468e-05,0.000504402502,0.000286022841,2.9726553,-0.000254631042,1
55,0.549981,0,0,0,0,0.0103260465,0.151535958,-0.000779241615,2.97195816,-0.1055988,-0.0106147248,9.82223129,-1.27822468e-05,0.0015696669,0.000286022841,2.9726553,-0.000254631042,1
56,0.559997,0,0,0,0,-0.00315984152,0.129546866,0.00348181627,2.97195816,-0.141524091,-0.00821970589,9.79109669,-1.27822468e-05,-0.000560861954,0.00241655181,2.9726553,-0.000254631042,1
57,0.569982,0,0,0,0,-0.0282382146,0.153286695,0.00135128724,2.97186232,-0.117573902,-0.0513300598,9.83420658,-1.27822468e-05,0.0015696669,0.00454708049,2.9726553,-0.000254631042,1
58,0.580004,0,0,0,0,0.00481024291,0.147622883,0.00348181627,2.97186232,-0.146314129,-0.0369599424,9.88929176,-0.00320857554,0.00370019581,0.00241655181,2.9726553,-0.000254631042,1
59,0.589979,0,0,0,0,0.0228072293,0.125099212,0.00241655181,2.97195816,-0.127153978,0.00136037311,9.84139156,0.00105248217,0.000504402502,0.00135128724,2.9726553,-0.000254631042,1
60,0.599995,0,0,0,0,0.0062827291,0.127929538,-0.000779241615,2.97195816,-0.127153978,-0.0154047646,9.79349136,-1.27822468e-05,0.000504402502,0.000286022841,2.9726553,-0.000254631042,1
61,0.609997,0,0,0,0,-0.00282085943,0.11733932,0.00454708049,2.97195816,-0.115178876,-0.0225898232,9.88210678,-1.27822468e-05,0.00263493136,0.00241655181,2.9726553,-0.000254631042,1
62,0.619982,0,0,0,0,0.0124301063,0.177906185,0.00454708049,2.97186232,-0.17744939,-0.0177997835,9.77433109,0.00211774674,-0.000560861954,0.00454708049,2.9726553,-0.000254631042,1
63,0.630005,0,0,0,0,-0.0274958424,0.143439725,-0.000779241615,2.97186232,-0.136734053,-0.0513300598,9.84139156,0.00105248217,-0.00269139092,-0.000779241615,2.9726553,-0.000254631042,1
64,0.639978,0,0,0,0,-0.000733850873,0.143710718,0.00135128724,2.97195816,-0.141524091,-0.0249848422,9.84139156,-1.27822468e-05,-0.000560861954,0.00135128724,2.9726553,-0.000254631042,1
65,0.649999,0,0,0,0,0.00230475934,0.118891306,-0.000779241615,2.97195816,-0.117573902,-0.0177997835,9.83660221,-0.00214331108,-0.00269139092,-0.000779241615,2.9726553,-0.000254631042,1
66,0.659974,0,0,0,0,-0.00881533418,0.18154721,0.00241655181,2.97186232,-0.17744939,-0.0393549614,9.8270216,-1.27822468e-05,0.000504402502,0.00241655181,2.9726553,-0.000254631042,1
67,0.669982,0,0,0,0,-0.0286427736,0.150926098,0.00241655181,2.97186232,-0.14391911,-0.0537250787,9.75517082,-1.27822468e-05,0.000504402502,0.00241655181,2.9726553,-0.000254631042,1
68,0.679980,0,0,0,0,-0.0246792659,0.159961581,-0.000779241615,2.97195816,-0.153499186,-0.0513300598,9.82223129,-0.00107804674,0.0015696669,-0.000779241615,2.9726553,-0.000254631042,1
69,0.689976,0,0,0,0,-0.00883272942,0.18154636,0.00348181627,2.97195816,-0.17744939,-0.0393549614,9.87013245,-0.00214331108,0.000504402502,0.00348181627,2.9726553,-0.000254631042,1
70,0.699973,0,0,0,0,0.0161949787,0.143241048,0.00241655181,2.97195816,-0.14391911,-0.00821970589,9.79828167,-0.00107804674,0.000504402502,0.00241655181,2.9726553,-0.000254631042,1
71,0.709981,0,0,0,0,-0.0463806801,0.146676198,0.00241655181,2.97186232,-0.136734053,-0.0704902187,9.90845203,-0.00214331108,0.00263493136,0.00241655181,2.9726553,-0.000254631042,1
72,0.719978,0,0,0,0,-0.0620290376,0.168797493,0.00241655181,2.97186232,-0.15589422,-0.0896503702,9.81265163,-0.00214331108,-0.00162612647,0.00241655181,2.9726553,-0.000254631042,1
73,0.729975,0,0,0,0,0.0161949787,0.143241048,0.00348181627,2.97195816,-0.14391911,-0.00821970589,9.85815716,-0.00214331108,0.000504402502,0.00348181627,2.9726553,-0.000254631042,1
74,0.739997,0,0,0,0,-0.00915947277,0.108705416,0.00348181627,2.97195816,-0.1055988,-0.027379863,9.87013245,-0.00214331108,0.00476546027,0.00348181627,2.9726553,-0.000254631042,1
75,0.760004,0,0,0,0,0.0160043836,0.18458344,0.00135128724,2.97186232,-0.184634447,-0.0154047646,9.74798584,0.00211774674,0.00476546027,0.00135128724,2.9726553,-0.000254631042,1
76,0.769978,0,0,0,0,-0.00436110049,0.122465365,-0.00184450613,2.97186232,-0.119968921,-0.0249848422,9.85336685,0.00105248217,0.00263493136,-0.00184450613,2.9726553,-0.000254631042,1
77,0.779999,0,0,0,0,-0.0076850825,0.174060106,0.00241655181,2.97195816,-0.170264333,-0.0369599424,9.85336685,0.00105248217,-0.00162612647,0.00241655181,2.9726553,-0.000254631042,1
78,0.789976,0,0,0,0,0.0203158893,0.0963671729,0.000286022841,2.97195816,-0.0984137431,0.00375539274,9.84618187,-0.00214331108,-0.000560861954,0.000286022841,2.9726553,-0.000254631042,1
79,0.800004,0,0,0,0,0.0177469589,0.138115421,0.00348181627,2.97195816,-0.139129072,-0.00582468603,9.81025696,0.00211774674,0.000504402502,0.00348181627,2.9726553,-0.000254631042,1
80,0.809981,0,0,0,0,-0.0722138286,0.1802627,0.00241655181,2.97186232,-0.165474296,-0.101625472,9.78870106,-0.00107804674,0.000504402502,0.00241655181,2.9726553,-0.000254631042,1
81,0.819978,0,0,0,0,-0.016854018,0.148901686,0.00135128724,2.97195816,-0.14391911,-0.0417499803,9.83660221,-1.27822468e-05,-0.00162612647,0.00135128724,2.9726553,-0.000254631042,1
82,0.830005,0,0,0,0,0.0164686162,0.116465315,0.00135128724,2.97195816,-0.117573902,-0.00342966616,9.80067635,0.00105248217,0.00263493136,0.00135128724,2.9726553,-0.000254631042,1
83,0.839980,0,0,0,0,0.0670468211,0.156400204,0.00241655181,2.97195816,-0.165474296,0.0396806858,9.8749218,-1.27822468e-05,0.0015696669,0.00241655181,2.9726553,-0.000254631042,1
84,0.850004,0,0,0,0,-0.0113761676,0.138247222,-0.000779241615,2.97186232,-0.134339035,-0.0345649198,9.77193642,0.00105248217,0.000504402502,-0.000779241615,2.9726553,-0.000254631042,1
85,0.859978,0,0,0,0,0.00966494158,0.17595014,0.00348181627,2.97186232,-0.175054371,-0.0201948043,9.77193642,0.00105248217,0.0015696669,0.00348181627,2.9726553,-0.000254631042,1
86,0.870001,0,0,0,0,-0.0385564938,0.135615543,0.00241655181,2.97186232,-0.127153978,-0.0609101392,9.85815716,-0.00107804674,0.0015696669,0.00241655181,2.9726553,-0.000254631042,1
87,0.879976,0,0,0,0,-0.0350611955,0.12772125,0.00241655181,2.97195816,-0.119968921,-0.0561200976,9.78870106,-0.00107804674,-0.00375665538,0.00241655181,2.9726553,-0.000254631042,1
88,0.890005,0,0,0,0,-0.0208185855,0.139865443,0.00135128724,2.97186232,-0.134339035,-0.0441449992,9.83660221,-1.27822468e-05,0.00263493136,0.00135128724,2.9726553,-0.000254631042,1
89,0.900013,0,0,0,0,-0.00368956337,0.183098704,0.00135128724,2.97186232,-0.179844409,-0.0345649198,9.79349136,0.00105248217,0.000504402502,0.00135128724,2.9726553,-0.000254631042,1
90,0.910001,0,0,0,0,-0.00179617363,0.0807168558,0.00241655181,2.97186232,-0.0792535841,-0.0154047646,9.85336685,0.00105248217,-0.000560861954,0.00241655181,2.9726553,-0.000254631042,1
91,0.920002,0,0,0,0,-0.0484034717,0.134873182,0.00241655181,2.97186232,-0.124758959,-0.0704902187,9.79109669,0.00105248217,0.0015696669,0.00241655181,2.9726553,-0.000254631042,1
92,0.929979,0,0,0,0,0.0136478702,0.0999395102,0.00135128724,2.97186232,-0.100808762,-0.00342966616,9.78151608,-1.27822468e-05,0.00263493136,0.00135128724,2.9726553,-0.000254631042,1
93,0.939997,0,0,0,0,-0.0316790044,0.175745815,0.00454708049,2.97186232,-0.167869315,-0.0609101392,9.74319553,-0.00214331108,0.00263493136,0.00454708049,2.9726553,-0.000254631042,1
94,0.949982,0,0,0,0,-0.0356578343,0.166707963,0.00135128724,2.97186232,-0.158289239,-0.0633051544,9.76475143,0.00211774674,0.000504402502,0.00135128724,2.9726553,-0.000254631042,1
95,0.960158,0,0,0,0,0.0158708952,0.155447081,0.00241655181,2.97186232,-0.15589422,-0.0106147248,9.83420658,-0.00214331108,-0.00269139092,0.00241655181,2.9726553,-0.000254631042,1
96,0.969973,0,0,0,0,-0.0295965932,0.117065683,0.00241655181,2.97195816,-0.119968921,-0.0704902187,9.75277615,0.00211774674,0.00263493136,0.00241655181,2.9726553,-0.000254631042,1
97,0.979994,0,0,0,0,-0.0366131738,0.132846877,0.00135128724,2.97195816,-0.15589422,-0.0657001734,9.81744194,0.00105248217,0.0015696669,0.00135128724,2.9726553,-0.000254631042,1
98,0.989980,0,0,0,0,-0.0376806259,0.154904932,0.00241655181,2.97186232,-0.129548997,-0.0728852376,9.84378719,0.00211774674,0.000504402502,0.00135128724,2.9726553,-0.000254631042,1
99,1.000003,0,0,0,0,-0.0159638878,0.1681927,0.00348181627,2.97186232,-0.129548997,-0.0345649198,9.77433109,-0.00214331108,0.0015696669,0.00241655181,2.9726553,-0.000254631042,1
100,1.009978,0,0,0,0,-0.00753082428,0.118148707,0.000286022841,2.97186232,-0.146314129,-0.027379863,9.81265163,-0.00214331108,-0.000560861954,0.000286022841,2.9726553,-0.000254631042,1
101,1.020002,0,0,0,0,-0.0324881226,0.171024621,0.00454708049,2.97186232,-0.14391911,-0.0609101392,9.78151608,-1.27822468e-05,-0.000560861954,0.00241655181,2.9726553,-0.000254631042,1
102,1.029976,0,0,0,0,-0.0210896563,0.16664122,0.00135128724,2.97186232,-0.160684258,-0.0489350408,9.83420658,0.00211774674,0.000504402502,-0.000779241615,2.9726553,-0.000254631042,1
103,1.040003,0,0,0,0,-0.01090487,0.155175999,-0.00397503516,2.97186232,-0.151104167,-0.0369599424,9.82941628,-0.00214331108,0.0015696669,0.000286022841,2.9726553,-0.000254631042,1
104,1.049977,0,0,0,0,0.0452783294,0.128537819,0.00348181627,2.97186232,-0.134339035,0.0229155496,9.81744194,-0.00214331108,0.00263493136,0.00348181627,2.9726553,-0.000254631042,1
105,1.059995,0,0,0,0,0.0192449391,0.118419781,0.00348181627,2.97186232,-0.119968921,-0.00103464653,9.91324234,-0.00214331108,0.0015696669,0.00348181627,2.9726553,-0.000254631042,1
106,1.069994,0,0,0,0,0.00642847735,0.157065317,0.00241655181,2.97186232,-0.15589422,-0.0201948043,9.86773682,0.00105248217,0.000504402502,0.00241655181,2.9726553,-0.000254631042,1
107,1.079980,0,0,0,0,-0.00746407779,0.132716894,0.00348181627,2.97186232,-0.129548997,-0.0297748819,9.84618187,-0.00107804674,0.000504402502,0.00348181627,2.9726553,-0.000254631042,1
108,1.090004,0,0,0,0,-0.00861100852,0.140203267,0.00348181627,2.97186232,-0.136734053,-0.0321699008,9.79828167,0.00105248217,0.0015696669,0.00348181627,2.9726553,-0.000254631042,1
109,1.099980,0,0,0,0,-0.00100748485,0.170486465,0.00241655181,2.97195816,-0.167869315,-0.0297748819,9.84139156,-1.27822468e-05,0.00263493136,0.00241655181,2.9726553,-0.000254631042,1
110,1.110000,0,0,0,0,-0.0170399807,0.105198763,0.000286022841,2.97186232,-0.100808762,-0.0345649198,9.77672672,-1.27822468e-05,0.000504402502,0.000286022841,2.9726553,-0.000254631042,1
111,1.119974,0,0,0,0,-0.000720078533,0.143710792,0.00135128724,2.97186232,-0.141524091,-0.0249848422,9.84618187,-1.27822468e-05,0.000504402502,0.00135128724,2.9726553,-0.000254631042,1
112,1.130004,0,0,0,0,0.0374541432,0.139598474,0.00561234495,2.97186232,-0.14391911,0.013335471,9.82941628,-1.27822468e-05,-0.00162612647,0.00561234495,2.9726553,-0.000254631042,1
113,1.139978,0,0,0,0,-0.0105003119,0.157536596,0.00241655181,2.97186232,-0.153499186,-0.0369599424,9.79109669,0.00105248217,0.00263493136,0.00241655181,2.9726553,-0.000254631042,1
114,1.149995,0,0,0,0,-0.0136700328,0.153219953,0.00135128724,2.97186232,-0.148709148,-0.0393549614,9.78870106,-0.00214331108,0.0015696669,0.00135128724,2.9726553,-0.000254631042,1
115,1.159995,0,0,0,0,0.0259889383,0.129413679,0.00135128724,2.97186232,-0.131944016,0.00375539274,9.84857655,-1.27822468e-05,-0.00162612647,0.00135128724,2.9726553,-0.000254631042,1
116,1.169981,0,0,0,0,-0.00341849797,0.156322926,0.00241655181,2.97186232,-0.153499186,-0.0297748819,9.8270216,-1.27822468e-05,0.00263493136,0.00241655181,2.9726553,-0.000254631042,1
117,1.179979,0,0,0,0,0.00400112709,0.142901674,-0.000779241615,2.97186232,-0.141524091,-0.0201948043,9.85097218,-0.00107804674,0.00370019581,-0.000779241615,2.9726553,-0.000254631042,1
118,1.189975,0,0,0,0,-0.00827319361,0.127995685,0.00348181627,2.97186232,-0.124758959,-0.0297748819,9.87252712,-0.00107804674,-0.00162612647,0.00348181627,2.9726553,-0.000254631042,1
119,1.199983,0,0,0,0,-0.0299899355,0.114707924,-0.000779241615,2.97186232,-0.107993819,-0.0489350408,9.79349136,0.00211774674,0.0015696669,-0.000779241615,2.9726553,-0.000254631042,1
120,1.209979,0,0,0,0,-0.00166268589,0.109853223,0.00135128724,2.97186232,-0.107993819,-0.0201948043,9.90605736,-0.00107804674,-0.000560861954,0.00135128724,2.9726553,-0.000254631042,1
121,1.219976,0,0,0,0,0.0158041492,0.140878886,0.00348181627,2.97186232,-0.141524091,-0.00821970589,9.78870106,-1.27822468e-05,0.00370019581,0.00348181627,2.9726553,-0.000254631042,1
122,1.229974,0,0,0,0,0.0093213385,0.10311012,0.00135128724,2.97195816,-0.103203781,-0.00821970589,9.78630638,0.00105248217,0.0015696669,0.00135128724,2.9726553,-0.000254631042,1
123,1.239982,0,0,0,0,0.00251638796,0.162595645,-0.000779241615,2.97186232,-0.160684258,-0.0249848422,9.77433109,-1.27822468e-05,-0.000560861954,-0.000779241615,2.9726553,-0.000254631042,1
124,1.249979,0,0,0,0,-0.0245971903,0.174532145,0.00241655181,2.97186232,-0.167869315,-0.0537250787,9.80786133,0.00105248217,0.00263493136,0.00241655181,2.9726553,-0.000254631042,1
125,1.270000,0,0,0,0,0.0133768013,0.126715273,0.00348181627,2.97186232,-0.127153978,-0.00821970589,9.86534214,-0.00107804674,0.00263493136,0.00348181627,2.9726553,-0.000254631042,1
126,1.279978,0,0,0,0,0.0234948453,0.100681879,0.00348181627,2.97186232,-0.103203781,0.00615041237,9.85815716,0.00105248217,0.000504402502,0.00348181627,2.9726553,-0.000254631042,1
127,1.290004,0,0,0,0,-0.0473941155,0.183298931,0.00135128724,2.97186232,-0.172659352,-0.0776752755,9.79109669,0.00105248217,0.0015696669,0.00135128724,2.9726553,-0.000254631042,1
128,1.299978,0,0,0,0,-0.0522488132,0.154971674,0.00348181627,2.97186232,-0.14391911,-0.0776752755,9.83420658,-1.27822468e-05,-0.000560861954,0.00348181627,2.9726553,-0.000254631042,1
129,1.310003,0,0,0,0,-0.00463217217,0.14924112,0.00241655181,2.97186232,-0.146314129,-0.0297748819,9.80307102,-0.00107804674,-0.000560861954,0.00241655181,2.9726553,-0.000254631042,1
130,1.320025,0,0,0,0,0.00467675645,0.118486531,0.00348181627,2.97186232,-0.117573902,-0.0154047646,9.78151608,-0.00107804674,0.00263493136,0.00348181627,2.9726553,-0.000254631042,1
131,1.329978,0,0,0,0,-0.0230457019,0.169406384,0.000286022841,2.97186232,-0.163079277,-0.0513300598,9.73840618,0.00105248217,-0.00588718429,0.000286022841,2.9726553,-0.000254631042,1
132,1.339974,0,0,0,0,-0.0692443401,0.140874803,-0.000779241615,2.97186232,-0.127153978,-0.0920453891,9.81265163,-0.00214331108,-0.00269139092,-0.000779241615,2.9726553,-0.000254631042,1
133,1.349998,0,0,0,0,-0.0419139862,0.172646865,0.00241655181,2.97176671,-0.163079277,-0.0704902187,9.76954079,-1.27822468e-05,0.00263493136,0.00241655181,2.9726553,-0.000254631042,1
134,1.359973,0,0,0,0,-0.0121852839,0.133526012,0.00241655181,2.97186232,-0.129548997,-0.0345649198,9.82462692,-1.27822468e-05,0.00263493136,0.00241655181,2.9726553,-0.000254631042,1
135,1.370001,0,0,0,0,-0.0117807258,0.13588661,0.000286022841,2.97186232,-0.131944016,-0.0345649198,9.80067635,-0.00107804674,-0.00162612647,0.000286022841,2.9726553,-0.000254631042,1
136,1.379974,0,0,0,0,-0.0143967709,0.163068324,0.000286022841,2.97176671,-0.158289239,-0.0417499803,9.91084766,-1.27822468e-05,0.0015696669,0.000286022841,2.9726553,-0.000254631042,1
137,1.389994,0,0,0,0,-0.0600570813,0.166038081,0.00241655181,2.97176671,-0.153499186,-0.0872553512,9.84618187,-1.27822468e-05,0.00476546027,0.00241655181,2.9726553,-0.000254631042,1
138,1.399980,0,0,0,0,0.0212677289,0.130894333,0.00135128724,2.97186232,-0.12236394,-0.0609101392,9.87013245,-0.00320857554,0.000504402502,0.00135128724,2.9726553,-0.000254631042,1
139,1.410004,0,0,0,0,-0.0144791491,0.148498744,0.00348181627,2.97186232,-0.100808762,-0.0369599424,9.84618187,0.00211774674,0.000504402502,0.00348181627,2.9726553,-0.000254631042,1
140,1.419978,0,0,0,0,-0.0431964882,0.150996983,0.000286022841,2.97176671,-0.141524091,-0.0345649198,9.88689709,-0.00107804674,-0.00269139092,0.000286022841,2.9726553,-0.000254631042,1
141,1.429998,0,0,0,0,0.0119060902,0.146408066,0.000286022841,2.97176671,-0.136734053,-0.0345649198,9.76954079,-0.00107804674,0.0015696669,0.00241655181,2.9726553,-0.000254631042,1
142,1.439983,0,0,0,0,0.00136945525,0.170082003,0.00135128724,2.97186232,-0.160684258,-0.0201948043,9.84378719,-0.00320857554,0.00476546027,0.00241655181,2.9726553,-0.000254631042,1
143,1.449994,0,0,0,0,0.00669954671,0.13028954,0.000286022841,2.97186232,-0.117573902,-0.00582468603,9.81025696,-1.27822468e-05,0.0015696669,-0.000779241615,2.9726553,-0.000254631042,1
144,1.460003,0,0,0,0,-0.00907049328,0.123275347,0.000286022841,2.97176671,-0.146314129,-0.0321699008,9.80307102,-0.00214331108,0.00263493136,0.00454708049,2.9726553,-0.000254631042,1
145,1.469977,0,0,0,0,-0.0153550077,0.129209369,0.00135128724,2.97186232,-0.124758959,-0.0369599424,9.83420658,-0.00107804674,0.0015696669,0.00135128724,2.9726553,-0.000254631042,1
146,1.479995,0,0,0,0,-0.021546606,0.149714485,0.00135128724,2.97176671,-0.14391911,-0.0465400182,9.7791214,0.00105248217,-0.000560861954,0.00135128724,2.9726553,-0.000254631042,1
147,1.489982,0,0,0,0,-0.0204003956,0.142228007,0.00135128724,2.97176671,-0.136734053,-0.0441449992,9.79588604,-1.27822468e-05,0.00370019581,0.00135128724,2.9726553,-0.000254631042,1
148,1.500001,0,0,0,0,-0.00652146945,0.166574478,0.000286022841,2.97186232,-0.163079277,-0.0345649198,9.83899689,0.00105248217,-0.000560861954,0.00135128724,2.9726553,-0.000254631042,1
149,1.509977,0,0,0,0,0.036307212,0.147084832,0.00348181627,2.97186232,-0.151104167,0.0109404512,9.82223129,-1.27822468e-05,-0.000560861954,0.00348181627,2.9726553,-0.000254631042,1
150,1.519999,0,0,0,0,-0.000501881819,0.187415391,0.000286022841,2.97176671,-0.184634447,-0.0321699008,9.81983662,-1.27822468e-05,-0.00162612647,0.000286022841,2.9726553,-0.000254631042,1
151,1.529999,0,0,0,0,-0.0300470777,0.100142621,0.00135128724,2.97176671,-0.0936237052,-0.0465400182,9.78391171,-0.00107804674,0.0015696669,0.00135128724,2.9726553,-0.000254631042,1
152,1.539983,0,0,0,0,0.00656605791,0.10115318,0.000286022841,2.97186232,-0.100808762,-0.0106147248,9.83899689,-0.00214331108,-0.00162612647,0.000286022841,2.9726553,-0.000254631042,1
153,1.549999,0,0,0,0,-0.0120477043,0.0776138827,0.00241655181,2.97186232,-0.0744635463,-0.0249848422,9.85576153,0.00105248217,0.00263493136,0.00241655181,2.9726553,-0.000254631042,1
154,1.559984,0,0,0,0,-0.0328083672,0.183235332,0.000286022841,2.97176671,-0.175054371,-0.0633051544,9.84618187,-1.27822468e-05,-0.000560861954,0.000286022841,2.9726553,-0.000254631042,1
155,1.569996,0,0,0,0,-0.00584584614,0.142159313,0.000286022841,2.97186232,-0.139129072,-0.0297748819,9.8270216,-1.27822468e-05,0.000504402502,0.000286022841,2.9726553,-0.000254631042,1
156,1.579982,0,0,0,0,0.00791322067,0.137371361,0.00135128724,2.97186232,-0.136734053,-0.0154047646,9.76475143,0.00105248217,0.00263493136,0.00135128724,2.9726553,-0.000254631042,1
157,1.589998,0,0,0,0,-0.00247180182,0.105132014,0.00241655181,2.97186232,-0.103203781,-0.0201948043,9.80307102,0.00105248217,-0.000560861954,0.00241655181,2.9726553,-0.000254631042,1
158,1.600004,0,0,0,0,-0.0184446163,0.139462665,0.00241655181,2.97176671,-0.134339035,-0.0417499803,9.80546665,-1.27822468e-05,-0.000560861954,0.00241655181,2.9726553,-0.000254631042,1
159,1.609978,0,0,0,0,-0.020347286,0.156794235,0.000286022841,2.97186232,-0.151104167,-0.0465400182,9.86773682,0.00105248217,-0.00162612647,0.000286022841,2.9726553,-0.000254631042,1
160,1.619995,0,0,0,0,-0.0456383079,0.136829227,0.00135128724,2.97186232,-0.127153978,-0.0680951998,9.81265163,-1.27822468e-05,0.00370019581,0.00135128724,2.9726553,-0.000254631042,1
161,1.629981,0,0,0,0,-0.0395534262,0.172242075,0.00348181627,2.97176671,-0.163079277,-0.0680951998,9.80546665,-1.27822468e-05,0.0015696669,0.00348181627,2.9726553,-0.000254631042,1
162,1.640004,0,0,0,0,0.0361069813,0.103380293,-0.00184450613,2.97186232,-0.107993819,0.0181255098,9.85576153,-0.00107804674,0.000504402502,-0.00184450613,2.9726553,-0.000254631042,1
163,1.649978,0,0,0,0,-0.00665496197,0.137438104,0.00135128724,2.97186232,-0.134339035,-0.0297748819,9.8318119,-1.27822468e-05,0.00263493136,0.00135128724,2.9726553,-0.000254631042,1
164,1.659994,0,0,0,0,-0.0439379103,0.160844028,0.00135128724,2.97176671,-0.151104167,-0.0704902187,9.83420658,-1.27822468e-05,0.00263493136,0.00135128724,2.9726553,-0.000254631042,1
165,1.669999,0,0,0,0,-0.019538166,0.161515459,-0.000779241615,2.97186232,-0.15589422,-0.0465400182,9.84139156,0.00211774674,0.0015696669,-0.000779241615,2.9726553,-0.000254631042,1
166,1.679974,0,0,0,0,-0.00753082428,0.118148707,0.00561234495,2.97186232,-0.115178876,-0.027379863,9.85336685,0.00105248217,-0.00269139092,0.00561234495,2.9726553,-0.000254631042,1
167,1.690004,0,0,0,0,-0.0106337983,0.128400251,0.00241655181,2.97186232,-0.124758959,-0.0321699008,9.84857655,-0.00107804674,-0.00162612647,0.00241655181,2.9726553,-0.000254631042,1
168,1.699979,0,0,0,0,-0.0130501976,0.114237867,0.00135128724,2.97176671,-0.110388838,-0.0321699008,9.78630638,-0.00107804674,-0.00162612647,0.00135128724,2.9726553,-0.000254631042,1
169,1.709977,0,0,0,0,-0.000586589624,0.172847167,0.00454708049,2.97186232,-0.170264333,-0.0297748819,9.77433109,-1.27822468e-05,0.00370019581,0.00454708049,2.9726553,-0.000254631042,1
170,1.719984,0,0,0,0,0.00852210354,0.0983880162,0.00135128724,2.97186232,-0.0984137431,-0.00821970589,9.81983662,-0.00107804674,-0.00269139092,0.00135128724,2.9726553,-0.000254631042,1
171,1.729982,0,0,0,0,-0.0653192773,0.135350734,0.000286022841,2.97176671,-0.12236394,-0.0872553512,9.79109669,-1.27822468e-05,-0.00162612647,0.000286022841,2.9726553,-0.000254631042,1
172,1.739979,0,0,0,0,-0.0395534262,0.172242075,0.000286022841,2.97176671,-0.163079277,-0.0680951998,9.76714611,-1.27822468e-05,0.0015696669,0.000286022841,2.9726553,-0.000254631042,1
173,1.749976,0,0,0,0,0.00521480106,0.149983495,0.00241655181,2.97186232,-0.148709148,-0.0201948043,9.76954079,-0.00107804674,0.0015696669,0.00241655181,2.9726553,-0.000254631042,1
174,1.759984,0,0,0,0,0.0492022112,0.123002782,0.000286022841,2.97176671,-0.129548997,0.0277055893,9.82462692,-0.00107804674,0.00263493136,0.000286022841,2.9726553,-0.000254631042,1
175,1.769982,0,0,0,0,0.0170845687,0.162528887,0.00135128724,2.97186232,-0.163079277,-0.0106147248,9.80786133,-0.00107804674,0.000504402502,0.00135128724,2.9726553,-0.000254631042,1
176,1.779979,0,0,0,0,-0.0225035623,0.115854852,0.00135128724,2.97186232,-0.110388838,-0.0417499803,9.87252712,0.00105248217,-0.00162612647,0.00135128724,2.9726553,-0.000254631042,1
177,1.799995,0,0,0,0,-0.0122406287,0.118958995,0.00348181627,2.97176671,-0.115178876,-0.0321699008,9.7791214,0.00105248217,0.00370019581,0.00348181627,2.9726553,-0.000254631042,1
178,1.809981,0,0,0,0,0.0185693111,0.142834932,0.00241655181,2.97186232,-0.14391911,-0.00582468603,9.78870106,0.00105248217,0.00263493136,0.00241655181,2.9726553,-0.000254631042,1
179,1.820001,0,0,0,0,0.0249087512,0.151468232,0.000286022841,2.97186232,-0.153499186,-0.00103464653,9.85815716,-1.27822468e-05,0.0015696669,0.000286022841,2.9726553,-0.000254631042,1
180,1.829996,0,0,0,0,0.00170727191,0.157874435,-0.000779241615,2.97186232,-0.15589422,-0.0249848422,9.78391171,-0.00107804674,0.000504402502,-0.000779241615,2.9726553,-0.000254631042,1
181,1.839974,0,0,0,0,-0.0127233332,0.140065685,0.00135128724,2.97186232,-0.127153978,-0.0872553512,9.75756645,-1.27822468e-05,-0.000560861954,0.00135128724,2.9726553,-0.000254631042,1
182,1.849983,0,0,0,0,-0.0239215642,0.15011698,0.00348181627,2.97186232,-0.139129072,-0.0154047646,9.73361588,0.00211774674,0.000504402502,0.000286022841,2.9726553,-0.000254631042,1
183,1.859998,0,0,0,0,0.0433222838,0.131302983,0.00348181627,2.97186232,-0.167869315,-0.0393549614,9.78151608,-1.27822468e-05,0.0015696669,0.00135128724,2.9726553,-0.000254631042,1
184,1.869983,0,0,0,0,-0.0532622561,0.191594422,0.00241655181,2.97186232,-0.141524091,-0.0585151166,9.8270216,-0.00320857554,0.000504402502,0.00241655181,2.9726553,-0.000254631042,1
185,1.880001,0,0,0,0,0.00292094587,0.164956242,0.00241655181,2.97186232,-0.129548997,-0.0728852376,9.86294651,0.00105248217,-0.00162612647,0.00241655181,2.9726553,-0.000254631042,1
186,1.889976,0,0,0,0,-0.0136700328,0.153219953,0.000286022841,2.97186232,-0.0984137431,-0.0657001734,9.82462692,-0.00214331108,-0.000560861954,0.00135128724,2.9726553,-0.000254631042,1
187,1.900002,0,0,0,0,-0.0173110552,0.131974518,0.00561234495,2.97186232,-0.131944016,-0.0369599424,9.78391171,-0.00107804674,0.0015696669,0.00241655181,2.9726553,-0.000254631042,1
188,1.909976,0,0,0,0,0.0068330355,0.159425914,0.00135128724,2.97186232,-0.158289239,-0.0201948043,9.83660221,-0.00107804674,-0.000560861954,-0.000779241615,2.9726553,-0.000254631042,1
189,1.920001,0,0,0,0,-0.0125370659,0.145732388,0.000286022841,2.97195816,-0.141524091,-0.0369599424,9.79828167,-1.27822468e-05,0.00263493136,0.00241655181,2.9726553,-0.000254631042,1
190,1.929976,0,0,0,0,-0.033297237,0.166303411,0.00135128724,2.97186232,-0.158289239,-0.0609101392,9.85336685,-0.00214331108,0.00263493136,0.00135128724,2.9726553,-0.000254631042,1
191,1.939997,0,0,0,0,-0.00549557526,0.129952252,0.00241655181,2.97176671,-0.127153978,-0.027379863,9.84139156,-0.00107804674,-0.00269139092,0.00135128724,2.9726553,-0.000254631042,1
192,1.950000,0,0,0,0,-0.0149504496,0.131569967,0.000286022841,2.97186232,-0.127153978,-0.0369599424,9.78391171,0.00211774674,0.000504402502,0.000286022841,2.9726553,-0.000254631042,1
193,1.959973,0,0,0,0,-0.010111073,0.159896255,0.00135128724,2.97195816,-0.15589422,-0.0369599424,9.78151608,0.00105248217,0.00263493136,0.00135128724,2.9726553,-0.000254631042,1
194,1.969994,0,0,0,0,0.0207296833,0.098725833,0.00135128724,2.97186232,-0.100808762,0.00375539274,9.82462692,-1.27822468e-05,0.00263493136,0.00135128724,2.9726553,-0.000254631042,1
195,1.979979,0,0,0,0,-0.0236386694,0.12334349,0.00135128724,2.97176671,-0.117573902,-0.0441449992,9.8270216,-0.00107804674,0.0015696669,0.00135128724,2.9726553,-0.000254631042,1
196,1.989996,0,0,0,0,-0.000720078533,0.143710792,0.00135128724,2.97186232,-0.141524091,-0.0249848422,9.8749218,-0.00107804674,0.000504402502,0.00135128724,2.9726553,-0.000254631042,1
197,1.999983,0,0,0,0,0.0106783835,0.139327407,0.00241655181,2.97186232,-0.139129072,-0.0130097447,9.82941628,-0.00107804674,-0.000560861954,0.00241655181,2.9726553,-0.000254631042,1
198,2.010005,0,0,0,0,-0.0243261214,0.147756383,0.00135128724,2.97186232,-0.141524091,-0.0489350408,9.79828167,0.00105248217,0.0015696669,0.00135128724,2.9726553,-0.000254631042,1
199,2.019980,0,0,0,0,0.0390723757,0.149040878,0.00561234495,2.97186232,-0.153499186,0.013335471,9.83660221,0.00105248217,0.000504402502,0.00561234495,2.9726553,-0.000254631042,1
200,2.029994,0,0,0,0,0.0205253568,0.140069768,0.00241655181,2.97186232,-0.141524091,-0.00342966616,9.78870106,-1.27822468e-05,-0.00162612647,0.00241655181,2.9726553,-0.000254631042,1
201,2.039979,0,0,0,0,-0.0310033746,0.15133065,0.00135128724,2.97186232,-0.14391911,-0.0561200976,9.82223129,-1.27822468e-05,0.00263493136,0.00135128724,2.9726553,-0.000254631042,1
202,2.050001,0,0,0,0,-0.00529115088,0.173656791,0.00241655181,2.97176671,-0.170264333,-0.0345649198,9.87252712,-0.00214331108,-0.00162612647,0.00241655181,2.9726553,-0.000254631042,1
203,2.059975,0,0,0,0,-0.01265659,0.11659722,-0.000779241615,2.97186232,-0.112783857,-0.0321699008,9.77193642,-1.27822468e-05,-0.00162612647,-0.000779241615,2.9726553,-0.000254631042,1
204,2.069996,0,0,0,0,-0.00638389168,0.110662341,0.00135128724,2.97186232,-0.107993819,-0.0249848422,9.81983662,-0.00107804674,0.0015696669,0.00135128724,2.9726553,-0.000254631042,1
205,2.080016,0,0,0,0,0.00151798036,0.114169724,-0.000779241615,2.97176671,-0.112783857,-0.0177997835,9.88450241,-0.00214331108,0.00263493136,-0.000779241615,2.9726553,-0.000254631042,1
206,2.090005,0,0,0,0,-0.062485788,0.151874691,0.00348181627,2.97176671,-0.139129072,-0.0872553512,9.77672672,-0.00107804674,-0.000560861954,0.00348181627,2.9726553,-0.000254631042,1
207,2.099998,0,0,0,0,-0.00942012481,0.135482058,0.00241655181,2.97186232,-0.131944016,-0.0321699008,9.74798584,-0.00107804674,-0.00162612647,0.00241655181,2.9726553,-0.000254631042,1
208,2.109984,0,0,0,0,-0.0372093245,0.171833724,0.00348181627,2.97186232,-0.163079277,-0.0657001734,9.79588604,-1.27822468e-05,-0.00162612647,0.00348181627,2.9726553,-0.000254631042,1
209,2.119996,0,0,0,0,-0.015951829,0.0831457376,-0.000779241615,2.97176671,-0.0792535841,-0.0297748819,9.81744194,0.00105248217,-0.000560861954,-0.000779241615,2.9726553,-0.000254631042,1
210,2.129982,0,0,0,0,-0.00225730124,0.148836777,0.00348181627,2.97176671,-0.146314129,-0.027379863,9.81744194,-0.00107804674,0.000504402502,0.00348181627,2.9726553,-0.000254631042,1
211,2.140004,0,0,0,0,-0.0318792388,0.132041276,0.00135128724,2.97186232,-0.124758959,-0.0537250787,9.78630638,-0.00107804674,0.00263493136,0.00135128724,2.9726553,-0.000254631042,1
212,2.149978,0,0,0,0,-0.021827938,0.0914396942,0.000286022841,2.97186232,-0.086438641,-0.0369599424,9.78391171,-0.00107804674,0.0015696669,0.000286022841,2.9726553,-0.000254631042,1
213,2.159999,0,0,0,0,-0.0530435257,0.150255561,0.00135128724,2.97176671,-0.139129072,-0.0776752755,9.84139156,-0.00214331108,-0.00375665538,0.00135128724,2.9726553,-0.000254631042,1
214,2.169974,0,0,0,0,-0.0329594202,0.154095814,0.00135128724,2.97186232,-0.146314129,-0.0585151166,9.86534214,-1.27822468e-05,0.000504402502,0.00135128724,2.9726553,-0.000254631042,1
215,2.179994,0,0,0,0,0.0115013067,0.144047499,0.000286022841,2.97176671,-0.14391911,-0.0130097447,9.83660221,-1.27822468e-05,0.00263493136,0.000286022841,2.9726553,-0.000254631042,1
216,2.189979,0,0,0,0,0.000371766946,0.121656209,-0.000779241615,2.97176671,-0.119968921,-0.0201948043,9.86294651,0.00105248217,0.000504402502,-0.000779241615,2.9726553,-0.000254631042,1
217,2.199995,0,0,0,0,0.0145237315,0.119228899,0.00241655181,2.97186232,-0.119968921,-0.00582468603,9.81025696,0.00105248217,-0.000560861954,0.00241655181,2.9726553,-0.000254631042,1
218,2.209995,0,0,0,0,0.00508131459,0.120847136,0.00241655181,2.97186232,-0.119968921,-0.0154047646,9.92521763,-0.00214331108,0.000504402502,0.00241655181,2.9726553,-0.000254631042,1
219,2.219981,0,0,0,0,-0.000706304098,0.143710867,0.00454708049,2.97176671,-0.141524091,-0.0249848422,9.84618187,-0.00320857554,0.00476546027,0.00454708049,2.9726553,-0.000254631042,1
220,2.229979,0,0,0,0,-0.0336860791,0.163946033,0.00348181627,2.97176671,-0.15589422,-0.0609101392,9.79828167,0.00105248217,0.0015696669,0.00348181627,2.9726553,-0.000254631042,1
221,2.239977,0,0,0,0,-0.0621625334,0.139661133,0.000286022841,2.97186232,-0.127153978,-0.0848603323,9.81265163,0.00211774674,-0.00162612647,0.000286022841,2.9726553,-0.000254631042,1
222,2.249974,0,0,0,0,-0.00867775176,0.125635087,0.00135128724,2.97186232,-0.12236394,-0.0297748819,9.82941628,-0.00107804674,0.0015696669,0.00135128724,2.9726553,-0.000254631042,1
223,2.259982,0,0,0,0,0.00118133542,0.126377344,0.00135128724,2.97176671,-0.124758959,-0.0201948043,9.80067635,-0.00107804674,-0.00375665538,0.00135128724,2.9726553,-0.000254631042,1
224,2.269979,0,0,0,0,0.00367818284,0.155108899,-0.000779241615,2.97176671,-0.153499186,-0.0225898232,9.80067635,0.00105248217,0.000504402502,-0.000779241615,2.9726553,-0.000254631042,1
225,2.279977,0,0,0,0,-0.0160973798,0.13905634,0.00135128724,2.97186232,-0.134339035,-0.0393549614,9.79828167,0.00105248217,0.0015696669,0.00135128724,2.9726553,-0.000254631042,1
226,2.289974,0,0,0,0,-0.0184579808,0.139460891,0.00348181627,2.97186232,-0.153499186,-0.0345649198,9.84618187,-0.00107804674,0.00476546027,0.00348181627,2.9726553,-0.000254631042,1
227,2.299982,0,0,0,0,0.00933121983,0.103109226,0.00135128724,2.97186232,-0.15589422,-0.0177997835,9.81983662,-0.00107804674,-0.00482191984,0.00135128724,2.9726553,-0.000254631042,1
228,2.319998,0,0,0,0,0.0135102915,0.155851647,0.00135128724,2.97186232,-0.151104167,-0.00103464653,9.84139156,-0.00107804674,0.0015696669,0.00135128724,2.9726553,-0.000254631042,1
229,2.329973,0,0,0,0,-0.00388980098,0.139394149,0.000286022841,2.97186232,-0.148709148,-0.0249848422,9.75277615,-1.27822468e-05,-0.00269139092,0.000286022841,2.9726553,-0.000254631042,1
230,2.339999,0,0,0,0,0.0106116394,0.12475922,0.000286022841,2.97186232,-0.139129072,-0.0130097447,9.86773682,0.00211774674,0.000504402502,0.000286022841,2.9726553,-0.000254631042,1
231,2.349974,0,0,0,0,-0.00274286838,0.131907776,0.00241655181,2.97186232,-0.129548997,-0.0249848422,9.81265163,0.00105248217,0.000504402502,0.00241655181,2.9726553,-0.000254631042,1
232,2.359994,0,0,0,0,-0.0707290918,0.160568744,0.000286022841,2.97186232,-0.146314129,-0.0968354344,9.80546665,-0.00107804674,-0.000560861954,0.00135128724,2.9726553,-0.000254631042,1
233,2.369981,0,0,0,0,-0.0388275571,0.162391305,-0.000779241615,2.97186232,-0.153499186,-0.0657001734,9.83899689,-1.27822468e-05,0.000504402502,-0.000779241615,2.9726553,-0.000254631042,1
234,2.379996,0,0,0,0,-0.0274291001,0.158007905,0.00135128724,2.97186232,-0.151104167,-0.0537250787,9.86055183,-0.00107804674,-0.00162612647,0.00135128724,2.9726553,-0.000254631042,1
235,2.389983,0,0,0,0,-0.0498882085,0.154567122,0.00241655181,2.97186232,-0.14391911,-0.0752802566,9.83420658,-0.00214331108,-0.000560861954,0.00241655181,2.9726553,-0.000254631042,1
236,2.400000,0,0,0,0,-0.0341063552,0.161582187,0.00348181627,2.97186232,-0.153499186,-0.0609101392,9.81983662,-1.27822468e-05,-0.00162612647,0.00348181627,2.9726553,-0.000254631042,1
237,2.409974,0,0,0,0,-0.0183244925,0.168597266,0.00135128724,2.97186232,-0.163079277,-0.0465400182,9.82462692,0.00105248217,0.000504402502,0.00135128724,2.9726553,-0.000254631042,1
238,2.419998,0,0,0,0,-0.0110383565,0.126039639,0.00241655181,2.97186232,-0.12236394,-0.0321699008,9.84857655,-0.00214331108,0.000504402502,0.00241655181,2.9726553,-0.000254631042,1
239,2.429983,0,0,0,0,0.0145904748,0.133797079,0.00348181627,2.97186232,-0.134339035,-0.00821970589,9.78391171,-0.00107804674,0.0015696669,0.00348181627,2.9726553,-0.000254631042,1
240,2.440004,0,0,0,0,-0.0116472403,0.165022984,-0.000779241615,2.97186232,-0.160684258,-0.0393549614,9.81983662,-0.00427384023,0.0015696669,-0.000779241615,2.9726553,-0.000254631042,1
241,2.450000,0,0,0,0,-0.0472033918,0.141950458,0.00135128724,2.97195816,-0.131944016,-0.0704902187,9.83899689,-0.00214331108,-0.000560861954,0.00135128724,2.9726553,-0.000254631042,1
242,2.459975,0,0,0,0,-0.0199579746,0.159152925,0.00135128724,2.97195816,-0.153499186,-0.0465400182,9.77433109,0.00105248217,-0.000560861954,0.00135128724,2.9726553,-0.000254631042,1
243,2.469983,0,0,0,0,0.00757540762,0.149578929,0.00135128724,2.97186232,-0.148709148,-0.0177997835,9.81983662,-0.00107804674,0.000504402502,0.00135128724,2.9726553,-0.000254631042,1
244,2.480003,0,0,0,0,-0.0295186322,0.131636709,0.000286022841,2.97186232,-0.124758959,-0.0513300598,9.80786133,-0.00107804674,0.000504402502,0.000286022841,2.9726553,-0.000254631042,1
245,2.490005,0,0,0,0,-0.0459903963,0.149032384,-0.000779241615,2.97195816,-0.139129072,-0.0704902187,9.81744194,-0.00107804674,0.0015696669,-0.000779241615,2.9726553,-0.000254631042,1
246,2.499979,0,0,0,0,0.0242938586,0.105405413,0.00348181627,2.97195816,-0.107993819,0.00615041237,9.80067635,-0.00214331108,0.000504402502,0.00348181627,2.9726553,-0.000254631042,1
247,2.509995,0,0,0,0,-0.0243261214,0.147756383,0.00454708049,2.97186232,-0.141524091,-0.0489350408,9.76714611,-1.27822468e-05,0.00263493136,0.00454708049,2.9726553,-0.000254631042,1
248,2.519980,0,0,0,0,0.00130271143,0.155513808,0.00135128724,2.97186232,-0.153499186,-0.0249848422,9.81983662,0.00211774674,0.000504402502,0.00135128724,2.9726553,-0.000254631042,1
249,2.529997,0,0,0,0,-0.00660278322,0.152005643,0.00348181627,2.97195816,-0.148709148,-0.0321699008,9.81025696,-0.00107804674,0.00263493136,0.00348181627,2.9726553,-0.000254631042,1
250,2.540016,0,0,0,0,0.0107303783,0.1538966,0.00135128724,2.97195816,-0.153499186,-0.0154047646,9.8797121,-0.00107804674,0.0015696669,0.00135128724,2.9726553,-0.000254631042,1
251,2.550002,0,0,0,0,0.0101300012,0.107831404,0.000286022841,2.97195816,-0.107993819,-0.00821970589,9.84139156,-1.27822468e-05,-0.00269139092,0.000286022841,2.9726553,-0.000254631042,1
252,2.559977,0,0,0,0,-0.0111759352,0.181951776,0.00135128724,2.97186232,-0.17744939,-0.0417499803,9.85336685,-1.27822468e-05,0.00263493136,0.00135128724,2.9726553,-0.000254631042,1
253,2.570001,0,0,0,0,0.0170689933,0.162530527,0.00135128724,2.97195816,-0.163079277,-0.0106147248,9.79109669,-0.00107804674,0.00263493136,0.00135128724,2.9726553,-0.000254631042,1
254,2.579999,0,0,0,0,-0.00159593963,0.12442141,0.00241655181,2.97186232,-0.12236394,-0.0225898232,9.84618187,-1.27822468e-05,0.000504402502,0.00241655181,2.9726553,-0.000254631042,1
255,2.589973,0,0,0,0,-0.0285918843,0.165491551,0.000286022841,2.97195816,-0.158289239,-0.0561200976,9.88450241,-1.27822468e-05,0.00263493136,0.000286022841,2.9726553,-0.000254631042,1
256,2.600004,0,0,0,0,0.00790005643,0.137372106,0.00135128724,2.97195816,-0.136734053,-0.0154047646,9.78630638,-1.27822468e-05,0.0015696669,0.00135128724,2.9726553,-0.000254631042,1
257,2.609978,0,0,0,0,-0.0342525318,0.132442534,0.00348181627,2.97195816,-0.124758959,-0.0561200976,9.75038147,-0.00107804674,0.0015696669,0.00348181627,2.9726553,-0.000254631042,1
258,2.619998,0,0,0,0,-0.0278336573,0.155647308,0.00348181627,2.97186232,-0.148709148,-0.0537250787,9.79588604,-0.00214331108,0.000504402502,0.00348181627,2.9726553,-0.000254631042,1
259,2.629983,0,0,0,0,-0.0138154067,0.124082267,0.00348181627,2.97195816,-0.119968921,-0.0345649198,9.8797121,0.00105248217,-0.00162612647,0.00348181627,2.9726553,-0.000254631042,1
260,2.640003,0,0,0,0,0.0110040149,0.127120882,0.00135128724,2.97195816,-0.127153978,-0.0106147248,9.78391171,-0.00214331108,0.00263493136,0.00135128724,2.9726553,-0.000254631042,1
261,2.650000,0,0,0,0,-0.0304052569,0.112344399,0.00348181627,2.97195816,-0.1055988,-0.0489350408,9.84378719,-1.27822468e-05,0.000504402502,0.00348181627,2.9726553,-0.000254631042,1
262,2.659974,0,0,0,0,-0.0583171844,0.119562618,0.00135128724,2.97186232,-0.107993819,-0.0776752755,9.81983662,0.00105248217,0.0015696669,0.00135128724,2.9726553,-0.000254631042,1
263,2.670000,0,0,0,0,-0.00430748984,0.13703312,0.00135128724,2.97195816,-0.134339035,-0.027379863,9.75996113,0.00105248217,-0.00162612647,0.00135128724,2.9726553,-0.000254631042,1
264,2.679974,0,0,0,0,-0.0331048854,0.12495628,0.00348181627,2.97195816,-0.117573902,-0.0537250787,9.84139156,-0.00107804674,-0.00162612647,0.00348181627,2.9726553,-0.000254631042,1
265,2.690005,0,0,0,0,-0.013072093,0.114235364,0.00135128724,2.97195816,-0.110388838,-0.0321699008,9.87731743,-0.00107804674,-0.000560861954,0.00135128724,2.9726553,-0.000254631042,1
266,2.700012,0,0,0,0,0.00170727191,0.157874435,-0.000779241615,2.97186232,-0.15589422,-0.0249848422,9.81983662,0.00211774674,-0.00162612647,-0.000779241615,2.9726553,-0.000254631042,1
267,2.710004,0,0,0,0,-0.00815476198,0.157131255,0.00135128724,2.97195816,-0.153499186,-0.0345649198,9.7791214,0.00105248217,-0.000560861954,0.00135128724,2.9726553,-0.000254631042,1
268,2.719996,0,0,0,0,-0.0264272839,0.121382639,0.00348181627,2.97195816,-0.115178876,-0.0465400182,9.81025696,-0.00107804674,0.00476546027,0.00348181627,2.9726553,-0.000254631042,1
269,2.729983,0,0,0,0,-0.0242749322,0.162322238,0.00241655181,2.97195816,-0.15589422,-0.0513300598,9.81025696,-0.00107804674,-0.000560861954,0.00241655181,2.9726553,-0.000254631042,1
270,2.739996,0,0,0,0,-0.0349154696,0.156860977,0.000286022841,2.97195816,-0.17744939,-0.0441449992,9.81025696,-1.27822468e-05,-0.00162612647,0.000286022841,2.9726553,-0.000254631042,1
271,2.749983,0,0,0,0,0.0144469561,0.104662098,0.000286022841,2.97195816,-0.153499186,-0.00342966616,9.75038147,-1.27822468e-05,0.0015696669,0.00135128724,2.9726553,-0.000254631042,1
272,2.759998,0,0,0,0,-0.0321655236,0.158813938,0.00135128724,2.97195816,-0.131944016,-0.0752802566,9.77672672,-1.27822468e-05,0.000504402502,0.000286022841,2.9726553,-0.000254631042,1
273,2.769984,0,0,0,0,-0.00430748984,0.13703312,0.00241655181,2.97195816,-0.158289239,-0.00582468603,9.83420658,-1.27822468e-05,-0.000560861954,0.00241655181,2.9726553,-0.000254631042,1
274,2.779981,0,0,0,0,0.0136260511,0.184989303,0.00135128724,2.97195816,-0.119968921,0.0157304909,9.81983662,-1.27822468e-05,0.000504402502,0.000286022841,2.9726553,-0.000254631042,1
275,2.789978,0,0,0,0,-0.0240012929,0.135546491,0.000286022841,2.97195816,-0.131944016,-0.0249848422,9.78151608,-0.00320857554,-0.000560861954,0.000286022841,2.9726553,-0.000254631042,1
276,2.799976,0,0,0,0,-0.0255397949,0.140674561,-0.000779241615,2.97186232,-0.134339035,-0.0489350408,9.8318119,-0.00107804674,-0.00269139092,0.000286022841,2.9726553,-0.000254631042,1
277,2.809984,0,0,0,0,0.00156144251,0.12873821,0.00135128724,2.97195816,-0.127153978,-0.0201948043,9.85336685,-0.00107804674,0.000504402502,0.000286022841,2.9726553,-0.000254631042,1
278,2.819981,0,0,0,0,0.00479609659,0.147623345,0.00135128724,2.97195816,-0.146314129,-0.0201948043,9.7623558,-0.00107804674,0.0015696669,0.00135128724,2.9726553,-0.000254631042,1
279,2.829977,0,0,0,0,0.0188946072,0.130629167,0.00241655181,2.97195816,-0.131944016,-0.00342966616,9.82941628,-1.27822468e-05,0.00263493136,0.00348181627,2.9726553,-0.000254631042,1
280,2.839973,0,0,0,0,-0.0174486339,0.187886655,0.00241655181,2.97186232,-0.182239428,-0.0489350408,9.78151608,0.00105248217,-0.00269139092,0.00241655181,2.9726553,-0.000254631042,1
281,2.849982,0,0,0,0,0.0123633612,0.163338006,0.00135128724,2.97186232,-0.163079277,-0.0154047646,9.81744194,0.00211774674,0.000504402502,0.00135128724,2.9726553,-0.000254631042,1
282,2.860005,0,0,0,0,-0.0378915183,0.111196756,0.00135128724,2.97195816,-0.103203781,-0.0561200976,9.89168739,-0.00107804674,0.0015696669,0.00135128724,2.9726553,-0.000254631042,1
283,2.870001,0,0,0,0,-0.0182928592,0.183161944,0.00241655181,2.97205424,-0.17744939,-0.0489350408,9.85336685,-1.27822468e-05,0.0015696669,0.00241655181,2.9726553,-0.000254631042,1
284,2.879995,0,0,0,0,-0.00747679546,0.132716179,0.00135128724,2.97195816,-0.129548997,-0.0297748819,9.84618187,-1.27822468e-05,-0.00162612647,0.00135128724,2.9726553,-0.000254631042,1
285,2.889979,0,0,0,0,-0.0594641156,0.127048984,0.00135128724,2.97186232,-0.115178876,-0.0800702944,9.85576153,0.00105248217,0.000504402502,0.00135128724,2.9726553,-0.000254631042,1
286,2.899976,0,0,0,0,-0.0208185855,0.139865443,0.00135128724,2.97186232,-0.134339035,-0.0441449992,9.85336685,-0.00107804674,0.000504402502,0.00135128724,2.9726553,-0.000254631042,1
287,2.910005,0,0,0,0,-0.0225146636,0.115852691,0.00135128724,2.97195816,-0.110388838,-0.0417499803,9.86773682,-0.00107804674,0.0015696669,0.00135128724,2.9726553,-0.000254631042,1
288,2.919979,0,0,0,0,0.0137689887,0.129077181,0.00241655181,2.97195816,-0.129548997,-0.00821970589,9.84378719,0.00105248217,-0.00162612647,0.00241655181,2.9726553,-0.000254631042,1
289,2.929997,0,0,0,0,0.0119433766,0.160978541,0.00241655181,2.97195816,-0.160684258,-0.0154047646,9.81983662,-1.27822468e-05,-0.00375665538,0.00241655181,2.9726553,-0.000254631042,1
290,2.939983,0,0,0,0,-0.00254263636,0.17561233,0.00135128724,2.97186232,-0.172659352,-0.0321699008,9.84378719,0.00105248217,0.0015696669,0.00135128724,2.9726553,-0.000254631042,1
291,2.950004,0,0,0,0,-0.0492125861,0.130151972,0.000286022841,2.97186232,-0.119968921,-0.0704902187,9.81983662,-1.27822468e-05,0.000504402502,0.000286022841,2.9726553,-0.000254631042,1
292,2.959978,0,0,0,0,-0.00175079971,0.180333361,0.00135128724,2.97195816,-0.17744939,-0.0321699008,9.80307102,-0.00214331108,-0.00162612647,0.00135128724,2.9726553,-0.000254631042,1
293,2.970004,0,0,0,0,0.0255068541,0.112487338,0.00454708049,2.97195816,-0.115178876,0.00615041237,9.82223129,0.00105248217,0.000504402502,0.00454708049,2.9726553,-0.000254631042,1
294,2.980002,0,0,0,0,-0.00193375256,0.136628985,0.00241655181,2.97186232,-0.134339035,-0.0249848422,9.81025696,0.00211774674,-0.000560861954,0.00241655181,2.9726553,-0.000254631042,1
295,2.989975,0,0,0,0,-0.0325548612,0.156456426,0.00135128724,2.97186232,-0.148709148,-0.0585151166,9.78391171,-0.00214331108,0.000504402502,0.00135128724,2.9726553,-0.000254631042,1
296,3.000001,0,0,0,0,-0.00626379997,0.139798105,0.00135128724,2.97195816,-0.136734053,-0.0297748819,9.81983662,-1.27822468e-05,0.000504402502,0.00135128724,2.9726553,-0.000254631042,1
297,3.009975,0,0,0,0,0.0174079742,0.150322974,0.00241655181,2.97195816,-0.151104167,-0.00821970589,9.85576153,-1.27822468e-05,-0.000560861954,0.00241655181,2.9726553,-0.000254631042,1
298,3.020001,0,0,0,0,-0.033297237,0.166303411,0.00135128724,2.97186232,-0.158289239,-0.0609101392,9.85576153,-0.00107804674,-0.00162612647,0.00135128724,2.9726553,-0.000254631042,1
299,3.029975,0,0,0,0,-0.0317457467,0.16117762,0.00241655181,2.97186232,-0.153499186,-0.0585151166,9.79588604,0.0031830112,-0.00162612647,0.00241655181,2.9726553,-0.000254631042,1
300,3.039995,0,0,0,0,-0.0115977032,0.179590046,0.00348181627,2.97195816,-0.175054371,-0.0417499803,9.82462692,-1.27822468e-05,0.000504402502,0.00348181627,2.9726553,-0.000254631042,1
301,3.049979,0,0,0,0,-0.0136847133,0.153218642,0.00241655181,2.97195816,-0.148709148,-0.0393549614,9.8270216,0.00211774674,0.00263493136,0.00241655181,2.9726553,-0.000254631042,1
302,3.060004,0,0,0,0,-0.0262154229,0.165089726,0.00135128724,2.97186232,-0.158289239,-0.0537250787,9.75038147,0.00105248217,-0.00162612647,0.00135128724,2.9726553,-0.000254631042,1
303,3.069978,0,0,0,0,-0.0581836961,0.148698986,0.00135128724,2.97186232,-0.136734053,-0.0824653134,9.81025696,0.00211774674,0.0015696669,0.00135128724,2.9726553,-0.000254631042,1
304,3.080003,0,0,0,0,-0.0101764202,0.145328045,0.00241655181,2.97195816,-0.141524091,-0.0345649198,9.8318119,-0.00107804674,0.00370019581,0.00241655181,2.9726553,-0.000254631042,1
305,3.089978,0,0,0,0,0.0214012191,0.159359172,0.00348181627,2.97186232,-0.160684258,-0.00582468603,9.79109669,0.00105248217,0.00263493136,0.00348181627,2.9726553,-0.000254631042,1
306,3.100002,0,0,0,0,-0.0294658989,0.146202058,0.00135128724,2.97195816,-0.139129072,-0.0537250787,9.78151608,-0.00107804674,0.0015696669,0.00135128724,2.9726553,-0.000254631042,1
307,3.109977,0,0,0,0,-0.0476077236,0.139589816,0.00241655181,2.97195816,-0.129548997,-0.0704902187,9.82462692,0.00105248217,-0.000560861954,0.00241655181,2.9726553,-0.000254631042,1
308,3.120002,0,0,0,0,-0.0429398827,0.124217078,0.00241655181,2.97186232,-0.115178876,-0.0633051544,9.84139156,-0.00107804674,-0.00162612647,0.00241655181,2.9726553,-0.000254631042,1
309,3.129976,0,0,0,0,-0.00888207741,0.16697903,0.00135128724,2.97186232,-0.163079277,-0.0369599424,9.79828167,-0.00107804674,0.00263493136,0.00135128724,2.9726553,-0.000254631042,1
310,3.140005,0,0,0,0,-0.0226576049,0.171764806,0.00135128724,2.97195816,-0.165474296,-0.0513300598,9.87252712,0.00105248217,0.0015696669,0.00135128724,2.9726553,-0.000254631042,1
311,3.149981,0,0,0,0,0.0205119345,0.140071735,0.00454708049,2.97195816,-0.141524091,-0.00342966616,9.85097218,0.00105248217,0.000504402502,0.00454708049,2.9726553,-0.000254631042,1
312,3.159998,0,0,0,0,-0.0438865796,0.175408006,0.00241655181,2.97186232,-0.165474296,-0.0728852376,9.76954079,-1.27822468e-05,0.00263493136,0.00241655181,2.9726553,-0.000254631042,1
313,3.169984,0,0,0,0,-0.0157595668,0.126848757,0.00135128724,2.97186232,-0.12236394,-0.0369599424,9.82462692,-0.00214331108,0.000504402502,0.00135128724,2.9726553,-0.000254631042,1
314,3.179999,0,0,0,0,-0.0179866813,0.143633142,0.00135128724,2.97195816,-0.129548997,-0.0944404155,9.86294651,-0.00320857554,0.000504402502,0.00135128724,2.9726553,-0.000254631042,1
315,3.189973,0,0,0,0,0.0387191102,0.161252186,0.00135128724,2.97195816,-0.158289239,0.0205205306,9.81265163,-0.00214331108,0.0015696669,0.00241655181,2.9726553,-0.000254631042,1
316,3.199994,0,0,0,0,0.00703736115,0.118081972,0.00348181627,2.97186232,-0.131944016,-0.0297748819,9.83420658,0.00211774674,0.00263493136,0.00241655181,2.9726553,-0.000254631042,1
317,3.209996,0,0,0,0,-0.023450261,0.167045772,-0.000779241615,2.97186232,-0.139129072,-0.0177997835,9.82462692,0.00105248217,0.000504402502,0.000286022841,2.9726553,-0.000254631042,1
318,3.219982,0,0,0,0,0.0203158893,0.0963671729,0.00135128724,2.97195816,-0.0816486031,-0.00821970589,9.82223129,-1.27822468e-05,-0.00162612647,-0.000779241615,2.9726553,-0.000254631042,1
319,3.230002,0,0,0,0,-0.00120353128,0.126781896,0.00348181627,2.97195816,-0.134339035,-0.00821970589,9.74559116,0.00105248217,-0.000560861954,0.000286022841,2.9726553,-0.000254631042,1
320,3.239976,0,0,0,0,0.00998706557,0.163743526,0.00348181627,2.97195816,-0.100808762,-0.0465400182,9.80307102,-0.00107804674,0.0015696669,0.00454708049,2.9726553,-0.000254631042,1
321,3.249995,0,0,0,0,-0.0113240713,0.152814314,0.000286022841,2.97195816,-0.148709148,-0.0369599424,9.73840618,-1.27822468e-05,0.0015696669,-0.000779241615,2.9726553,-0.000254631042,1
322,3.259982,0,0,0,0,0.0197032709,0.135350451,0.00348181627,2.97195816,-0.136734053,-0.00342966616,9.81265163,-1.27822468e-05,0.0015696669,0.00135128724,2.9726553,-0.000254631042,1
323,3.269998,0,0,0,0,-0.0122520318,0.118957825,0.000286022841,2.97186232,-0.115178876,-0.0321699008,9.86055183,-0.00107804674,-0.000560861954,0.000286022841,2.9726553,-0.000254631042,1
324,3.279983,0,0,0,0,-0.00248187641,0.105131775,0.00135128724,2.97195816,-0.103203781,-0.0201948043,9.80546665,-1.27822468e-05,-0.000560861954,0.00135128724,2.9726553,-0.000254631042,1
325,3.289979,-0.00664493674,-0.0361779891,0.0383929685,0.0214114618,-0.0915859342,0.166561589,0.00241655181,2.97195816,-0.148709148,-0.118390612,9.81504631,-1.27822468e-05,-0.000560861954,0.00241655181,2.9726553,-0.000254631042,1
326,3.299977,-0.053159494,-0.0871224999,0.0878608376,0.0287947264,0.323899448,0.0103507023,-0.00610556407,2.97195816,-0.0648834705,0.317502946,9.87013245,0.00211774674,-0.00375665538,-0.00610556407,2.97262478,-0.000254631042,1
327,3.309975,-0.0236264411,-0.0974590778,0.076785937,0.0132898735,0.169914961,0.175215945,-0.018888738,2.97186232,-0.20139958,0.137876496,9.87731743,0.0117051266,-0.012278772,-0.018888738,2.97247219,-0.000254631042,1
328,3.319983,-0.0191964842,-0.0295330528,0.0103365686,0.00147665257,-0.423051208,0.0897748172,-0.0338024385,2.97176671,-0.0169830751,-0.432138205,9.73840618,0.00531353988,-0.012278772,-0.0338024385,2.97228909,-0.000254631042,1
329,3.329979,0.00147665257,0.0073832632,-0.00959824212,0.00442995783,0.257508844,0.28895101,-0.0327371769,2.97167063,-0.328335643,0.204937041,9.16360092,-0.00746963359,0.0143528394,-0.0327371769,2.97198391,-0.000254631042,1
330,3.339976,0,0,0.00590661028,-0.00221497891,-0.00666276366,0.122873127,-0.0231497958,2.97138286,-0.119968921,-0.027379863,9.74319553,-0.00427384023,0.0228749551,-0.0231497958,2.97170925,-0.000254631042,1
331,3.349974,0.00295330514,0.0118132206,-0.0177198313,0,0.249231145,0.112891786,-0.0103666214,2.97128677,-0.153499186,0.226492211,10.1311893,-0.00640436914,0.0122223105,-0.0103666214,2.97149563,-0.000254631042,1
332,3.359973,0,0.0073832632,-0.011074895,0,-0.0235204604,0.4052867,0.00987340324,2.97084236,-0.395396203,-0.0920453891,10.0880785,-1.27822468e-05,-0.00908297859,0.00987340324,2.97143459,-0.000254631042,1
333,3.380002,0,0.00442995783,-0.0155048529,-0.011074895,-0.12960352,0.382243574,0.0365050174,2.97093821,-0.354680866,-0.192636222,9.67613506,0.00105248217,0.0015696669,0.0365050174,2.97186184,-0.000254631042,1
334,3.390000,0,0.00295330514,-0.00664493674,-0.0206731372,-0.150392398,0.205863938,0.0375702791,2.97157478,-0.17744939,-0.183056146,9.98748779,0.00424827542,0.000504402502,0.0375702791,2.97216702,-0.000254631042,1
335,3.399975,0,-0.0036916316,-0.0036916316,-0.0036916316,-0.215443119,0.110086575,0.035439752,2.97167063,-0.0720685273,-0.230956525,9.98748779,-0.00960016251,-0.000560861954,0.035439752,2.97244167,-0.000254631042,1
336,3.409997,0,0.00442995783,-0.00664493674,-0.0155048529,-0.00153027324,0.0539409481,0.0237218402,2.97195816,-0.0529083684,-0.0106147248,9.69050598,-0.00533910468,-0.0112135075,0.0237218402,2.97268581,-0.000254631042,1
337,3.419983,0,-0.00221497891,-0.00516828429,-0.0280563999,0.0773378164,0.273711294,0.0215913113,2.97224569,-0.282830268,0.0301006082,9.59230995,-1.27822468e-05,-0.00269139092,0.0215913113,2.97289944,-0.000254631042,1
338,3.429995,0,-0.0036916316,-0.0191964842,0,0.0180563405,-0.0587538257,0.0173302535,2.97215009,0.0548675135,0.0277055893,9.93000793,0.00105248217,0.0100917816,0.0173302535,2.9731741,-0.000254631042,1
339,3.439981,0,0,-0.0155048529,-0.012551547,0.202058747,0.150301486,0.0120039321,2.97205424,-0.182239428,0.17380178,9.98269749,0.00531353988,0.00689598918,0.0120039321,2.97332668,-0.000254631042,1
340,3.449997,0,0,0.00590661028,-0.00221497891,-0.107186951,-0.0664846227,0.0151997255,2.97215009,0.0836077482,-0.0944404155,10.1120291,0.00211774674,-0.00269139092,0.0151997255,2.97347927,-0.000254631042,1
341,3.459997,0,0,-0.00959824212,0,0.118520983,0.145189703,0.000286022841,2.97234178,-0.163079277,0.092371121,9.49890423,-0.00533910468,-0.000560861954,0.000286022841,2.97354031,-0.000254631042,1
342,3.469984,0,0,0.00295330514,0,-0.123454854,0.0941965356,0.00561234495,2.97243762,-0.0720685273,-0.137550771,9.65697575,-0.00853489805,0.00370019581,0.00561234495,2.97360134,-0.000254631042,1
343,3.480003,0,0,-0.0036916316,0,-0.0325849876,0.0713923275,-0.00610556407,2.97234178,-0.0648834705,-0.0441449992,9.9276123,-1.27822468e-05,0.0015696669,-0.00610556407,2.97363186,-0.000254631042,1
344,3.489977,0,0,0,0.00295330514,-0.211515173,0.262168527,-0.00397503516,2.97297812,-0.222954765,-0.25251171,9.88929176,-1.27822468e-05,-0.000560861954,-0.00397503516,2.97363186,-0.000254631042,1
345,3.500002,0,0,0.00147665257,0.00295330514,-0.10960979,0.20361191,-0.00397503516,2.97234178,-0.182239428,-0.142340809,9.73601055,0.00105248217,-0.00269139092,-0.00397503516,2.97350979,-0.000254631042,1
346,3.509976,0,0,0,-0.00221497891,-0.0754263476,0.190470889,-0.00184450613,2.97243762,-0.175054371,-0.10641551,9.68092537,-0.00107804674,0.0015696669,-0.00184450613,2.9733572,-0.000254631042,1
347,3.520002,0,0,0,0,0.0127893621,0.194842353,0.000286022841,2.97243762,-0.194214523,-0.0201948043,9.89168739,0.0031830112,0.0015696669,0.000286022841,2.97332668,-0.000254631042,1
348,3.529976,0,0,0,0,0.0550757349,0.12930131,0.00241655181,2.97224569,-0.136734053,0.032495629,9.8964777,-0.00214331108,-0.00375665538,0.00241655181,2.97332668,-0.000254631042,1
349,3.540000,0,0,0,0,0.0584102832,0.177329406,0.00241655181,2.97234178,-0.184634447,0.0277055893,9.67853069,0.00105248217,-0.00375665538,0.00241655181,2.97332668,-0.000254631042,1
350,3.549974,0,0,0,0,0.0679580867,0.105235428,0.00241655181,2.97234178,-0.115178876,0.0492607653,9.69769096,-0.00214331108,0.00263493136,0.00241655181,2.97332668,-0.000254631042,1
351,3.560001,0,-0.0236264411,0.00442995783,0,-0.0486025363,0.00609684177,0.000286022841,2.97234178,0.00217708293,-0.0489350408,9.94916725,-1.27822468e-05,0.000504402502,0.000286022841,2.97332668,-0.000254631042,1
352,3.570002,-0.0155048529,-0.0804775655,0.0258414224,0.0228881147,-0.188009128,0.000762598473,-0.00504029961,2.97234178,0.0309173185,-0.185451165,10.0713139,0.00424827542,-0.00588718429,-0.00504029961,2.97332668,-0.000254631042,1
353,3.579976,-0.0494678579,-0.0295330528,0.0568511225,0.0184581578,-0.76113528,-0.0542996861,-0.0231497958,2.97224569,0.181803554,-0.741095722,10.1790895,0.00211774674,-0.0218661521,-0.0231497958,2.9731741,-0.000254631042,1
354,3.589996,-0.053159494,-0.0561127998,0.0317480303,0.0472528823,0.0698109493,-0.210947081,-0.036998231,2.97234178,0.196173668,0.104346216,10.0162287,-0.00427384023,-0.0410409123,-0.036998231,2.97286892,-0.000254631042,1
355,3.599982,-0.0155048529,-0.0701410025,0.0952440947,0.0214114618,-0.553597867,-0.118552141,-0.0593687855,2.97151327,0.210543796,-0.525543988,9.93719292,-0.0138612203,-0.0463672355,-0.0593687855,2.97247219,-0.000254631042,1
356,3.609998,-0.0347013362,-0.0664493665,0.0184581578,0.1122256,0.336923093,0.467182517,-0.0657603741,2.97122574,-0.517542183,0.252837449,9.29772186,-0.0298401862,-0.0282577388,-0.0657603741,2.97189236,-0.000254631042,1
357,3.620006,-0.169076726,-0.149880245,0.117393889,0.0398696214,-0.347813606,-0.403978169,-0.0732172206,2.97074628,0.457230806,-0.274066895,10.0784988,-0.0255791284,-0.00908297859,-0.0732172206,2.97128201,-0.000254631042,1
358,3.629996,-0.0775242597,-0.0465145558,0.100412376,0.117393889,-0.224436551,-1.2370168,-0.0891961902,2.97055435,0.620092154,-0.111205548,10.5862427,-0.0149264848,-0.0410409123,-0.0891961902,2.97061062,-0.000254631042,1
359,3.640001,-0.126992121,-0.105580665,0.137328684,0.0509445108,0.294566154,-1.32541239,-0.0849351287,2.96830487,1.02006042,0.101951197,10.2988405,-0.0234485995,-0.0729988441,-0.0828046054,2.96975613,-0.000254631042,1
360,3.649976,-0.085645847,-0.053159494,0.090814136,0.117393889,-0.025583351,-0.984959841,-0.0785435438,2.96786046,1.08472598,0.133086458,9.75517082,-0.0287749227,-0.0761946365,-0.0785435438,2.96908474,-0.000254631042,1
361,3.660004,-0.180889934,-0.105580665,0.120347172,0.090814136,-0.445738614,-0.427257657,-0.0636298433,2.96766853,0.52668637,-0.16389598,9.12528133,-0.0777770877,-0.0506282933,-0.0593687855,2.96835232,-0.000254631042,1
362,3.669979,-0.114440568,-0.0701410025,0.120347172,0.0834308639,0.356091887,-1.33160174,-0.0263455883,2.96782541,0.696732759,0.0851860568,9.95635319,-0.0191875417,-0.0293230023,-0.0231497958,2.96786404,-0.000254631042,1
363,3.680000,-0.0790009201,-0.12108551,0.1122256,0.104842335,0.573087335,-1.06352448,-0.0242150594,2.96753788,1.03922057,0.358218282,9.81504631,0.00105248217,-0.0293230023,-0.0178234726,2.96755886,-0.000254631042,1
364,3.690000,-0.126992121,-0.037654642,0.126253799,0.0708793253,0.815029621,-1.06770039,-0.00184450613,2.96699715,0.912284553,0.822852075,9.84618187,-1.27822468e-05,-0.00269139092,0.00348181627,2.96740627,-0.000254631042,1
365,3.699974,-0.0590661056,-0.145450279,0.0442995802,0.0922907889,-0.222430959,-0.811706305,0.00348181627,2.96655226,0.838038921,-0.0776752755,9.34083271,-0.00107804674,0.0164833684,0.00241655181,2.96740627,-0.000254631042,1
366,3.709997,-0.111487262,-0.0361779891,0.157263488,0.143235311,0.0873914883,-0.36778909,0.0333092213,2.96728468,0.347059906,0.14985159,9.94198227,-0.0138612203,0.0196791627,0.035439752,2.96746731,-0.000254631042,1
367,3.719984,-0.0649727136,-0.153571874,0.0487295389,0.0428229235,0.547097027,-0.368158311,0.0141344611,2.96782541,0.268024266,0.602510273,9.99706841,0.0298146233,0.025005484,0.0151997255,2.9676199,-0.000254631042,1
368,3.730000,-0.124038823,-0.112963922,0.107795633,0.180151626,-1.73708415,-0.0960758626,0.030113427,2.96782541,0.394960284,-1.69431353,10.5598974,-0.00853489805,0.0218096916,0.030113427,2.96786404,-0.000254631042,1
369,3.739975,-0.15800184,-0.0945057645,0.171291694,0.124777146,0.10808944,-0.347098947,-0.00184450613,2.96738052,0.323109686,0.166616723,9.922822,0.0095745977,0.0164833684,-0.00184450613,2.96789455,-0.000254631042,1
370,3.750005,-0.141020313,-0.124038823,0.117393889,0.189749852,0.529851615,-0.905567884,-0.000779241615,2.96693611,0.799718618,0.679150939,9.4965086,-0.0372970402,0.00263493136,-0.000779241615,2.96777248,-0.000254631042,1
371,3.759980,-0.179413289,-0.132898733,0.126253799,0.090814136,-0.769836128,0.150147751,-0.00504029961,2.96757245,-0.0145880543,-0.784206092,9.72882557,-0.00640436914,0.0143528394,-0.00504029961,2.96774197,-0.000254631042,1
372,3.770001,-0.155048519,-0.12108551,0.0981974006,0.146188602,-0.0862379372,-0.638744175,0.00774287386,2.96811295,0.644042313,0.0253105685,9.70008564,-0.00107804674,0.0356581286,0.00774287386,2.96768093,-0.000254631042,1
373,3.780004,-0.0745709538,-0.143973619,0.120347172,0.0981974006,0.196635798,-0.744302928,0.0066776094,2.9679215,0.699127793,0.322292984,9.85576153,-0.00640436914,0.0409844518,0.0066776094,2.96765041,-0.000254631042,1
374,3.789978,-0.118132211,-0.0605427548,0.151356876,0.141758651,-0.0274154022,-0.743957102,0.0151997255,2.96738052,0.737448096,0.101951197,9.79588604,-0.00960016251,0.0356581286,0.0151997255,2.96777248,-0.000254631042,1
375,3.799994,-0.12108551,-0.163908437,0.117393889,0.089337483,0.515614867,-0.0903718174,-0.00504029961,2.96766853,-0.0002179367,0.523474634,9.54201412,-0.0213180706,0.0100917816,-0.00504029961,2.96786404,-0.000254631042,1
376,3.809980,-0.182366595,-0.118132211,0.115178905,0.141758651,-0.768106759,0.0353285819,0.0215913113,2.96786046,0.0979778692,-0.762650907,10.162324,0.0180967133,0.0356581286,0.0215913113,2.96792507,-0.000254631042,1
377,3.819976,-0.131422073,-0.115917228,0.104842335,0.146188602,0.0903744549,0.0500583947,0.030113427,2.96840096,-0.0648834705,0.0803960189,9.59470463,0.0287493579,0.025005484,0.030113427,2.96816921,-0.000254631042,1
378,3.829983,-0.107057318,-0.12108551,0.109272294,0.154310212,0.166996464,0.126601428,0.0237218402,2.96830487,-0.153499186,0.142666534,9.5659647,0.0276840944,0.0516370945,0.0237218402,2.96835232,-0.000254631042,1
379,3.839980,-0.101150699,-0.0930291116,0.141758651,0.164646775,-0.2382458,0.2145565,0.030113427,2.96830487,-0.170264333,-0.271671861,9.99706841,0.0170314498,0.0335276015,0.030113427,2.96856594,-0.000254631042,1
380,3.849979,-0.135113716,-0.155048519,0.134375393,0.151356876,0.294905901,0.524908423,0.0151997255,2.96859288,-0.567837596,0.200147003,10.147954,0.00211774674,0.0431149788,0.0151997255,2.96871853,-0.000254631042,1
381,3.859976,-0.159478486,-0.153571874,0.0878608376,0.189749852,-0.195702568,0.734781802,0.0290481634,2.96814799,-0.689983606,-0.31957227,10.1216087,0.00850933325,0.0431149788,0.0290481634,2.96896267,-0.000254631042,1
382,3.869984,-0.162431777,-0.102627359,0.118870527,0.186796546,-0.334927827,0.148638129,0.035439752,2.96878433,-0.0888336599,-0.355497569,10.0521536,0.0308798868,0.0313970707,0.035439752,2.96920681,-0.000254631042,1
383,3.879980,-0.0959824175,-0.119608864,0.120347172,0.126253799,-0.0193572361,0.480121315,0.0151997255,2.96878433,-0.469641805,-0.101625472,9.34801769,0.0170314498,0.025005484,0.0151997255,2.96942043,-0.000254631042,1
384,3.889976,-0.111487262,-0.0930291116,0.121823832,0.251769245,0.469022393,-0.32958129,0.0247871056,2.96888041,0.244074062,0.518684566,9.49890423,-1.27822468e-05,0.0154181039,0.0247871056,2.96963406,-0.000254631042,1
385,3.899994,-0.085645847,-0.138067007,0.113702245,0.0922907889,-0.18004635,0.493505538,-0.00184450613,2.96907187,-0.455271691,-0.262091786,9.5012989,-0.0138612203,0.00583072472,-0.00184450613,2.96975613,-0.000254631042,1
386,3.909979,-0.169076726,-0.139543667,0.0723559782,0.13068375,-0.154625997,0.737049043,-0.00504029961,2.96907187,-0.699563682,-0.278856933,9.8749218,-0.0117306914,0.0143528394,-0.00504029961,2.96975613,-0.000254631042,1
387,3.919996,-0.159478486,-0.0760476068,0.152833551,0.13068375,0.0736562908,0.60975343,-0.00930135697,2.96897626,-0.613343,-0.0321699008,10.3251858,0.00850933325,0.0260707494,-0.00930135697,2.96975613,-0.000254631042,1
388,3.929983,-0.0841691941,-0.114440568,0.161693454,0.100412376,-0.0212116912,0.553370655,-0.0284761172,2.96888041,-0.541492403,-0.115995586,10.035388,-0.00214331108,0.0186138973,-0.0284761172,2.96969509,-0.000254631042,1
389,3.940004,-0.105580665,-0.136590362,0.0834308639,0.109272294,0.325316817,0.505074561,-0.0348677039,2.96888041,-0.553467512,0.233677283,9.55638409,-0.010665427,0.00263493136,-0.0348677039,2.96938992,-0.000254631042,1
390,3.949978,-0.136590362,-0.0634960607,0.104842335,0.100412376,0.00911249593,0.655119956,-0.0242150594,2.96824384,-0.646873236,-0.104020491,9.58751965,-0.00214331108,0.00263493136,-0.0242150594,2.96911526,-0.000254631042,1
391,3.960000,-0.102627359,-0.125515476,0.149141908,0.121823832,-0.0314503759,0.798384607,-0.0348677039,2.96824384,-0.780994356,-0.168686017,9.74080086,0.0117051266,0.00583072472,-0.0348677039,2.9688406,-0.000254631042,1
392,3.969973,-0.0819542184,-0.0804775655,0.0782625824,0.0738326311,0.0177535955,0.731434822,-0.0284761172,2.96805191,-0.723513901,-0.108810529,10.013833,0.00105248217,0.00796125364,-0.0284761172,2.96856594,-0.000254631042,1
393,3.980005,-0.125515476,-0.0664493665,0.0553744733,0.0598044321,-0.0489768088,0.876906633,-0.018888738,2.96786046,-0.855239987,-0.199821278,9.99706841,-1.27822468e-05,0.0122223105,-0.018888738,2.96826077,-0.000254631042,1
394,3.989979,-0.0885991603,-0.0561127998,0.0509445108,0.0863841772,0.326349914,0.849795759,-0.018888738,2.96703196,-0.89356029,0.17380178,9.70727062,0.00105248217,0.0100917816,-0.018888738,2.96795559,-0.000254631042,1
395,3.999994,-0.085645847,-0.0945057645,0.141758651,0.141758651,-0.145328298,0.947540641,-0.0103666214,2.96712804,-0.907930374,-0.30759719,9.74319553,-0.00214331108,0.00902651716,-0.0103666214,2.96774197,-0.000254631042,1
396,4.009980,-0.0745709538,-0.0760476068,0.0553744733,0.0797392428,-0.223512366,0.890758455,-0.00397503516,2.96722364,-0.83847481,-0.37465772,9.58033466,0.0031830112,-0.00695244875,-0.00397503516,2.96758938,-0.000254631042,1
397,4.019995,-0.160955131,-0.0945057645,0.115178905,0.100412376,0.899108052,0.637066543,0.00348181627,2.96722364,-0.78338939,0.774951696,10.2078295,0.0095745977,-0.00588718429,0.00348181627,2.96749783,-0.000254631042,1
398,4.029980,-0.148403585,-0.119608864,0.0642343909,0.171291694,-0.355910629,0.829013228,0.0205260478,2.96712804,-0.754649162,-0.494408697,10.3012352,0.0031830112,-0.0218661521,0.0205260478,2.9676199,-0.000254631042,1
399,4.039996,-0.138067007,-0.0915524587,0.1122256,0.161693454,-0.186541408,0.672670782,0.0311786924,2.96722364,-0.630108118,-0.300412089,10.0401783,0.00424827542,-0.0250619445,0.0311786924,2.967803,-0.000254631042,1
400,4.049983,-0.102627359,-0.0885991603,0.0487295389,0.169815063,0.476705641,0.268953174,0.0375702791,2.96741557,-0.347495794,0.422883809,9.80307102,-0.00107804674,-0.0314535312,0.0375702791,2.96810818,-0.000254631042,1
401,4.059994,-0.118132211,-0.111487262,0.115178905,0.169815063,-0.257682949,0.339549929,0.0599408336,2.96824384,-0.29001531,-0.312387228,9.48932362,-0.00427384023,-0.0208008867,0.0599408336,2.96850491,-0.000254631042,1
402,4.069980,-0.162431777,-0.0730943009,0.0583277754,0.0487295389,-0.377269596,0.108932838,0.0428966023,2.96897626,0.0165472012,-0.729120612,9.67374039,0.0095745977,-0.0389103815,0.0428966023,2.96899319,-0.000254631042,1
403,4.080000,-0.0790009201,-0.131422073,0.090814136,0.134375393,-0.35132733,0.012818831,0.0386355445,2.96907187,0.126718104,-0.137550771,9.87731743,0.00105248217,-0.0410409123,0.0386355445,2.96938992,-0.000254631042,1
404,4.089974,-0.101150699,-0.108533971,0.0472528823,0.0228881147,-0.519635975,0.204978168,0.0173302535,2.96916795,-0.0121930353,0.0540508032,9.76714611,0.0159661844,-0.0506282933,0.0151997255,2.96963406,-0.000254631042,1
405,4.099995,-0.122562163,-0.0701410025,0.101889022,0.147665262,-0.0953560174,0.072732076,0.0269176345,2.96926379,0.138693199,-0.233351558,9.57314968,-0.00533910468,-0.0282577388,0.0226565767,2.96978664,-0.000254631042,1
406,4.109982,-0.0819542184,-0.160955131,0.0428229235,0.0273180734,-0.480771601,0.567732215,-0.0103666214,2.96916795,-0.42413643,-0.470458508,9.78630638,-1.27822468e-05,-0.0133440364,-0.00930135697,2.96981716,-0.000254631042,1
407,4.119994,-0.0885991603,-0.0664493665,0.140282005,0.115178905,0.0687399209,-0.872229099,0.00561234495,2.96970868,0.553031564,0.252837449,10.5527124,-0.0159917492,-0.00908297859,0.00135128724,2.96978664,-0.000254631042,1
408,4.129999,-0.126992121,-0.110010616,0.0317480303,0.0428229235,-0.0741852522,0.110401526,-0.0295413826,2.96897626,0.0716326535,0.621670425,9.42944813,0.00424827542,-0.0208008867,-0.0284761172,2.96969509,-0.000254631042,1
409,4.139974,-0.0406079441,-0.0900758132,0.149141908,0.164646775,-0.464994371,-0.402580708,-0.000779241615,2.96916795,0.476390958,-0.389027834,9.95156288,-0.00427384023,-0.0165398289,-0.00717082852,2.96963406,-0.000254631042,1
410,4.149999,-0.167600065,-0.0790009201,0.180151626,0.0538978167,-1.04092062,-0.219528347,-0.036998231,2.96907187,0.394960284,-0.987782776,9.76714611,-0.00960016251,-0.0176050942,-0.036998231,2.96938992,-0.000254631042,1
411,4.159974,-0.107057318,-0.125515476,0.0273180734,0.101889022,1.04228866,-0.750504911,-0.0412592888,2.96888041,0.560216665,1.15575981,9.49890423,-0.022383336,-0.00908297859,-0.0412592888,2.96905422,-0.000254631042,1
412,4.170000,-0.0406079441,-0.0664493665,0.129207104,0.107795633,-1.03948939,0.179334596,-0.0114318859,2.96868849,0.00217708293,-1.05484331,9.49890423,0.00850933325,-0.0165398289,-0.0103666214,2.9688406,-0.000254631042,1
413,4.179999,-0.153571874,-0.114440568,0.0339630097,0.089337483,0.97548157,-0.255336851,-0.0359329656,2.96859288,0.0836077482,1.00487363,9.96353817,0.0031830112,0.0228749551,-0.0359329656,2.96865749,-0.000254631042,1
414,4.189973,-0.0620194115,-0.0516828448,0.117393889,0.0922907889,-0.412341416,-0.168106273,-0.0156929437,2.96776438,0.236889005,-0.377052754,10.1192141,-0.022383336,0.0196791627,-0.0156929437,2.96838284,-0.000254631042,1
415,4.200003,-0.0930291116,-0.119608864,0.076785937,0.158740163,0.549573064,-0.533983648,-0.0210192669,2.96776438,0.430885583,0.633645535,9.84857655,0.0212925076,0.0100917816,-0.0210192669,2.96813869,-0.000254631042,1
416,4.209977,-0.0546361469,-0.0664493665,0.0694026724,0.0553744733,0.0392064601,0.42133525,-0.00930135697,2.96703196,-0.421741396,-0.0345649198,9.28574753,-0.0127959559,0.0015696669,-0.00930135697,2.96795559,-0.000254631042,1
417,4.219994,-0.138067007,-0.115917228,0.110748947,0.144711956,0.17379719,0.0402207188,-0.0103666214,2.96776438,-0.0696735084,0.164221704,10.0617332,0.0191619787,0.0218096916,-0.0103666214,2.967803,-0.000254631042,1
418,4.229979,-0.085645847,-0.0716176555,0.101889022,0.0878608376,-0.37080881,0.345059812,-0.00717082852,2.96757245,-0.275645196,-0.424953133,10.1168194,-0.010665427,0.0154181039,-0.00717082852,2.96765041,-0.000254631042,1
419,4.240045,-0.0701410025,-0.0989357159,0.0583277754,0.154310212,0.593528986,-0.228139296,-0.0167582091,2.96757245,0.121928066,0.624065459,10.0784988,-0.00746963359,0.025005484,-0.0167582091,2.96749783,-0.000254631042,1
420,4.249975,-0.128468782,-0.105580665,0.152833551,0.0782625824,-0.507787824,0.119057804,-0.00823609252,2.96684003,-0.0289581716,-0.52075392,9.87731743,-0.0127959559,0.00689598918,-0.00823609252,2.96734524,-0.000254631042,1
421,4.259973,-0.0959824175,-0.0664493665,0.0487295389,0.143235311,0.162051573,0.166175395,-0.0231497958,2.96684003,-0.191819504,0.130691439,9.66895008,-0.0202528071,0.013287575,-0.0231497958,2.9671011,-0.000254631042,1
422,4.269998,-0.0871224999,-0.122562163,0.141758651,0.138805345,0.0461380519,-0.297349244,-0.0135624148,2.96674418,0.284789413,0.0971611589,10.0593386,0.00637880433,0.013287575,-0.0135624148,2.96685696,-0.000254631042,1
423,4.280110,-0.148403585,-0.112963922,0.0878608376,0.115178905,0.0456800908,0.498037189,-0.018888738,2.96655226,-0.498382032,-0.0417499803,9.64978981,-0.00640436914,0.00689598918,-0.018888738,2.96670437,-0.000254631042,1
424,4.289980,-0.167600065,-0.0730943009,0.110748947,0.13068375,-0.228724837,-0.572239101,-0.00930135697,2.96655226,0.603326976,-0.125575662,10.1671143,-0.0170570128,0.000504402502,-0.00930135697,2.96655178,-0.000254631042,1
425,4.300062,-0.0819542184,-0.135113716,0.0922907889,0.075309284,-0.0078046592,-0.093252793,-0.0114318859,2.9666481,0.0931878313,0.00854543224,9.27616692,0.00850933325,-0.00908297859,-0.0114318859,2.96639919,-0.000254631042,1
426,4.309980,-0.149880245,-0.119608864,0.107795633,0.192703143,0.50064683,-0.202579379,0.0130691966,2.9666481,0.112347983,0.528264701,9.80546665,-0.00960016251,0.0207444262,0.0130691966,2.96633816,-0.000254631042,1
427,4.319977,-0.0819542184,-0.0730943009,0.140282005,0.0834308639,-0.988918304,-0.676152945,0.00774287386,2.96655226,0.838038921,-0.85605669,10.576663,-0.00640436914,-0.00695244875,0.00774287386,2.96639919,-0.000254631042,1
428,4.329997,-0.184581578,-0.136590362,0.0612810813,0.168338388,0.09965083,0.500653386,0.00454708049,2.96655226,-0.510357141,0.0109404512,9.18276119,-0.00960016251,0.00583072472,0.00454708049,2.96639919,-0.000254631042,1
429,4.339983,-0.156525165,-0.167600065,0.205254719,0.191226512,-0.220475495,-0.5396595,0.0205260478,2.9666481,0.569796741,-0.12318065,10.4018259,-0.00427384023,0.0175486337,0.0205260478,2.96664333,-0.000254631042,1
430,4.349978,-0.180889934,-0.128468782,0.100412376,0.0738326311,-0.418842524,0.48317343,-0.018888738,2.96601176,-0.402581245,-0.496803731,9.79349136,0.00637880433,-0.0165398289,-0.018888738,2.96667385,-0.000254631042,1
431,4.359976,-0.179413289,-0.148403585,0.123300485,0.268750787,0.955606639,-0.91767633,0.0226565767,2.96674418,0.737448096,1.10067439,9.64500046,-0.0127959559,0.0143528394,0.0226565767,2.96664333,-0.000254631042,1
432,4.369974,-0.155048519,-0.102627359,0.166861728,0.0708793253,-1.29274225,-0.345270663,-0.0103666214,2.9666481,0.565006673,-1.21291459,9.81265163,-0.00427384023,-0.010148243,-0.0103666214,2.96679592,-0.000254631042,1
433,4.379982,-0.190488189,-0.131422073,0.0627577379,0.245124325,0.13719961,-0.525050402,-0.0103666214,2.9666481,0.493156075,0.226492211,9.08217049,-0.00320857554,0.0111570461,-0.0103666214,2.96664333,-0.000254631042,1
434,4.389979,-0.182366595,-0.102627359,0.186796546,0.0797392428,-0.150737584,-0.530090988,-0.00184450613,2.96655226,0.548241556,-0.0561200976,9.99467278,-1.27822468e-05,0.00796125364,-0.00184450613,2.9665823,-0.000254631042,1
435,4.399976,-0.122562163,-0.159478486,0.109272294,0.270227432,-1.45031965,-0.548342526,-0.0220845304,2.96655226,0.792533517,-1.33266556,9.84618187,-0.00960016251,-0.000560861954,-0.0220845304,2.9665823,-0.000254631042,1
436,4.409974,-0.156525165,-0.15800184,0.157263488,0.13068375,0.925800443,0.137510493,-0.0497814044,2.96591568,-0.297200382,0.887517631,9.74080086,-0.0117306914,-0.0112135075,-0.0497814044,2.96621609,-0.000254631042,1
437,4.419984,-0.210422993,-0.15800184,0.228142828,0.256199241,-1.520854,-0.668745995,-0.0135624148,2.96591568,0.924259603,-1.380566,10.2030401,-0.0213180706,-0.0133440364,-0.0135624148,2.96591091,-0.000254631042,1
438,4.429998,-0.213376299,-0.177936628,0.194179818,0.101889022,1.79179573,-0.314499736,-0.0678908974,2.96508741,-0.0050079762,1.81918025,9.46776867,-0.00533910468,-0.033584062,-0.0678908974,2.96548367,-0.000254631042,1
439,4.439984,-0.214852944,-0.199348107,0.21928291,0.31305033,-1.75686419,-0.282298952,0.00348181627,2.96499181,0.586561859,-1.67994344,10.1647196,-0.0234485995,-0.00482191984,0.00348181627,2.96517849,-0.000254631042,1
440,4.449980,-0.241432697,-0.235526085,0.172768354,0.169815063,0.734485269,-1.00425124,-0.0412592888,2.96499181,0.859594107,0.899492741,9.40310287,0.0180967133,-0.0325187966,-0.0412592888,2.96493435,-0.000254631042,1
441,4.459997,-0.190488189,-0.275395721,0.299022168,0.294592202,-0.234464407,-0.135534793,0.0343744867,2.96499181,0.174618497,-0.207006335,9.71685123,-0.00853489805,0.00476546027,0.0343744867,2.96481228,-0.000254631042,1
442,4.470002,-0.251030952,-0.225927845,0.212637976,0.115178905,0.27661112,-1.06573617,-0.00184450613,2.96572423,1.00090027,0.458809108,10.3275805,0.00850933325,-0.033584062,-0.00184450613,2.9650259,-0.000254631042,1
443,4.479976,-0.160955131,-0.273919016,0.294592202,0.310097039,0.355668336,-1.17750061,0.0407660753,2.96499181,1.09670103,0.557004929,10.358716,-0.0234485995,-0.00375665538,0.0407660753,2.96508694,-0.000254631042,1
444,4.490000,-0.278349042,-0.292377204,0.254722565,0.152833551,-1.02481997,-0.491657346,0.0279828981,2.96591568,0.663202465,-0.92311722,9.39831352,0.0170314498,-0.0580851436,0.0279828981,2.96551418,-0.000254631042,1
445,4.499974,-0.313788682,-0.2724424,0.260629147,0.290162235,0.271769434,-0.697410285,0.0439618677,2.96610761,0.639252305,0.389353544,8.67501736,0.0212925076,-0.0282577388,0.0439618677,2.96572781,-0.000254631042,1
446,4.510000,-0.258414209,-0.279825658,0.330031872,0.239217728,-0.575318158,-1.29155445,0.0578103065,2.96620369,1.37212825,-0.341127455,10.0617332,0.0553809665,-0.0410409123,0.0578103065,2.96615505,-0.000254631042,1
447,4.519976,-0.265797466,-0.278349042,0.237741053,0.243647665,0.994499743,-0.215850502,0.0450271331,2.96693611,0.497946143,1.38807678,9.08935547,0.0244883001,-0.0176050942,0.0450271331,2.9665823,-0.000254631042,1
448,4.529973,-0.251030952,-0.216329604,0.331508517,0.268750787,-0.566121697,-0.665927052,0.0727240071,2.96684003,0.984135091,-0.211796373,10.5790577,-0.0191875417,0.0100917816,0.061006099,2.96719265,-0.000254631042,1
449,4.539981,-0.270965725,-0.303452075,0.225189522,0.180151626,0.188639209,0.263808936,0.0247871056,2.96811295,-0.218164727,1.10067439,9.27377224,-0.0202528071,0.0196791627,0.0215913113,2.96752834,-0.000254631042,1
450,4.549995,-0.299760491,-0.255460888,0.322648585,0.341106772,0.570175409,-1.24980414,0.0620713644,2.96811295,1.09909606,0.0851860568,10.7323389,-0.0511454791,0.0409844518,0.0578103065,2.96786404,-0.000254631042,1
451,4.559981,-0.204516381,-0.279825658,0.251769245,0.149141908,-0.899230063,-0.394230485,0.00454708049,2.96820903,-0.141524091,-0.379447758,9.26419163,-0.0266443938,0.00796125364,-0.00397503516,2.96823025,-0.000254631042,1
452,4.569997,-0.253984243,-0.187534884,0.169815063,0.361041576,0.982495368,-0.716080487,0.0279828981,2.96859288,0.222518891,1.31143606,9.18515682,-0.0372970402,0.0473760366,0.0322439559,2.96829128,-0.000254631042,1
453,4.579983,-0.142496973,-0.244386002,0.25324592,0.129207104,-0.0257311985,0.109259814,0.0322439559,2.96868849,-0.103203781,-0.0441449992,8.4786253,0.0191619787,0.0633550063,0.0279828981,2.96862698,-0.000254631042,1
454,4.590001,-0.193441495,-0.162431777,0.169815063,0.276134014,0.0458364747,0.213466361,0.0418313369,2.96922922,-0.218164727,0.00854543224,9.44381809,0.0170314498,0.107030854,0.0439618677,2.96899319,-0.000254631042,1
455,4.600004,-0.222974524,-0.189011529,0.223712862,0.220759571,0.640533626,0.0686073825,0.0450271331,2.96922922,-0.17744939,0.619275391,10.7874241,0.0287493579,0.0953129455,0.0482229255,2.96945095,-0.000254631042,1
456,4.609980,-0.199348107,-0.196394801,0.138805345,0.225189522,0.0189666059,0.49283275,0.0418313369,2.96951675,-0.488801956,-0.0657001734,10.8520899,0.0308798868,0.0772034451,0.0439618677,2.96990871,-0.000254631042,1
457,4.619999,-0.0516828448,-0.0775242597,0.0812158883,0.129207104,0.193534836,0.768774629,0.0428966023,2.96926379,-0.790574431,0.0588408448,10.0617332,0.01490092,0.0612244755,0.0428966023,2.97036648,-0.000254631042,1
458,4.629984,-0.110010616,-0.0841691941,0.0694026724,0.107795633,0.833135784,1.26571369,0.035439752,2.97009182,-1.38932931,0.604905307,9.91803265,0.0234230366,0.0708118603,0.035439752,2.97070217,-0.000254631042,1
459,4.640000,-0.139543667,-0.105580665,0.0457762294,0.141758651,-0.663413644,1.5290525,0.0194607824,2.97087693,-1.39411938,-0.913537145,9.32167244,0.00637880433,0.0644202679,0.0194607824,2.97094631,-0.000254631042,1
460,4.649973,-0.011074895,-0.0206731372,0.135852039,0.110748947,-0.492475688,1.31205845,0.035439752,2.97141767,-1.20970285,-0.707565486,9.4486084,-0.031970717,0.0686813295,0.035439752,2.97112942,-0.000254631042,1
461,4.659997,-0.107057318,-0.0177198313,0.0147665264,0.127730444,-0.76490891,2.43594384,0.0492881909,2.97097278,-2.27069664,-1.16740918,9.43184376,-0.0532760061,0.0889213532,0.0492881909,2.97158718,-0.000254631042,1
462,4.670074,-0.0479912087,-0.0634960607,0.0538978167,0.090814136,0.92872262,2.74941683,0.0365050174,2.97126031,-2.86705637,0.449229032,9.47974396,-0.039427571,0.121944554,0.0365050174,2.97192287,-0.000254631042,1
463,4.679978,-0.145450279,-0.0575894527,0.104842335,0.137328684,-0.908522129,3.30558515,0.0567450412,2.97154784,-3.10416317,-1.45481157,9.87013245,-0.00533910468,0.126205608,0.0567450412,2.97235012,-0.000254631042,1
464,4.689997,-0.0420845971,-0.0324863568,0.0457762294,0.117393889,0.551771343,1.72824335,0.0397008099,2.97237635,-1.79648268,0.252837449,10.0593386,0.0212925076,0.08359503,0.0397008099,2.97271633,-0.000254631042,1
465,4.699983,-0.131422073,-0.0561127998,0.0952440947,0.0708793253,-0.728860736,2.88776875,0.0428966023,2.9720273,-2.72335505,-1.20572948,10.5575027,0.0553809665,0.0377886593,0.0428966023,2.97308254,-0.000254631042,1
466,4.710001,-0.156525165,-0.0819542184,0.0524211675,0.1122256,0.687863529,2.04237294,0.0279828981,2.97133827,-2.12939048,0.331873059,10.0904741,0.0915999562,-0.0229314156,0.0279828981,2.97326565,-0.000254631042,1
467,4.719975,-0.0206731372,-0.0310097057,0.137328684,0.0812158883,-0.921306789,3.03652263,0.0407660753,2.97260261,-2.83831596,-1.4188863,9.78630638,0.0905346945,-0.0346493237,0.0407660753,2.97354031,-0.000254631042,1
468,4.730003,-0.131422073,-0.104104005,0.0258414224,0.0487295389,-0.102401488,2.67540503,-0.0124971503,2.97314334,-2.6203692,-0.549494147,9.52285385,0.0734904632,-0.0176050942,-0.0124971503,2.97363186,-0.000254631042,1
469,4.739977,-0.0191964842,-0.0155048529,0.113702245,0.0383929685,0.465650678,1.63851452,-0.00930135697,2.9725678,-1.69349682,0.18338187,10.4233818,0.0319451503,0.00689598918,-0.00930135697,2.97354031,-0.000254631042,1
470,4.749996,-0.0310097057,-0.0494678579,0.0287947264,0.0354396626,-0.282431245,1.74405241,-0.0401940234,2.97301269,-1.67194164,-0.571049333,9.74798584,0.0276840944,-0.0229314156,-0.0401940234,2.97341824,-0.000254631042,1
471,4.759982,-0.0605427548,-0.0347013362,0.0878608376,0.0073832632,1.03624582,1.33559453,-0.0583035201,2.97076321,-1.49231517,0.794111848,9.52045918,-0.00427384023,-0.0261272099,-0.0583035201,2.97296047,-0.000254631042,1
472,4.769995,-0.00664493674,-0.0221497901,0.0354396626,0.0132898735,0.056637466,1.01120579,-0.0412592888,2.97085881,-1.00612617,-0.115995586,9.80546665,-0.00640436914,-0.0474324971,-0.0412592888,2.97256374,-0.000254631042,1
473,4.779981,-0.00959824212,-0.0479912087,0.0383929685,-0.0036916316,1.47226918,0.861664116,-0.0540424623,2.97066736,-1.09953201,1.30425107,9.68092537,-0.00427384023,-0.0527588204,-0.0540424623,2.97204494,-0.000254631042,1
474,4.789997,-0.0361779891,0.0103365686,0.0553744733,0,0.311045974,1.07917726,-0.018888738,2.97116446,-1.11629713,0.123506375,10.5646877,-0.00853489805,-0.0410409123,-0.018888738,2.97173977,-0.000254631042,1
475,4.799982,-0.00221497891,0.00295330514,0.0273180734,-0.0081215892,0.389868736,0.462796509,-0.0306066461,2.97078085,-0.522332251,0.305527866,10.4066162,-0.00746963359,-0.0463672355,-0.0306066461,2.97155666,-0.000254631042,1
476,4.809997,0,0.00147665257,0.00295330514,0.0073832632,0.64985919,-0.00307995826,-0.0156929437,2.96990037,-0.107993819,0.640830576,9.85336685,-0.0266443938,-0.0463672355,-0.0156929437,2.97137356,-0.000254631042,1
477,4.819983,0,0.0073832632,0.0073832632,-0.00959824212,-0.0242049508,0.0627531707,0.00454708049,2.96999621,-0.0576984063,-0.0345649198,9.47016335,-0.0298401862,-0.0527588204,0.00454708049,2.97119045,-0.000254631042,1
478,4.829996,0,-0.011074895,-0.00221497891,0,0.0175427962,-0.117066391,0.0205260478,2.96990037,0.112347983,0.0372856669,9.64021015,-0.041558098,-0.0463672355,0.0205260478,2.97128201,-0.000254631042,1
479,4.839983,0,0.00590661028,0,0.00147665257,0.0172358342,0.0215606,0.0343744867,2.97141767,-0.0241681337,0.013335471,9.72403622,-0.0372970402,-0.0453019701,0.0343744867,2.97146511,-0.000254631042,1
480,4.850002,0,0.00590661028,-0.0081215892,-0.00516828429,-0.0343685299,-0.137249261,0.0397008099,2.97132182,0.141088217,-0.0106147248,9.78870106,-0.0341012478,-0.0453019701,0.0397008099,2.97177029,-0.000254631042,1
481,4.859976,0,-0.00664493674,-0.011074895,0.00442995783,-0.187782928,-0.110888019,0.0482229255,2.97141767,0.141088217,-0.166290998,9.79828167,-0.0341012478,-0.0399756469,0.0482229255,2.97207546,-0.000254631042,1
482,4.869975,0,0.00442995783,-0.00959824212,-0.0081215892,-0.0980298296,-0.140959948,0.0546145104,2.97234178,0.155458346,-0.0728852376,9.62823486,-0.0245138649,-0.0293230023,0.0546145104,2.97250271,-0.000254631042,1
483,4.879983,0,-0.00664493674,0.00295330514,-0.00664493674,-0.321857333,-0.185322076,0.0567450412,2.97234178,0.236889005,-0.286041975,9.64021015,-0.0138612203,-0.0133440364,0.0567450412,2.97296047,-0.000254631042,1
484,4.889979,0,-0.00516828429,0.00147665257,-0.0324863568,-0.116569832,-0.0649768561,0.0471576601,2.9730742,0.0836077482,-0.104020491,9.6186552,0.00744406879,-0.0080177132,0.0471576601,2.97341824,-0.000254631042,1
485,4.899977,0,-0.00221497891,0,-0.012551547,-0.305549473,-0.0620068461,0.0397008099,2.97317004,0.112347983,-0.290832013,9.73840618,0.0106398622,-0.00588718429,0.0397008099,2.97372341,-0.000254631042,1
486,4.909974,0,-0.00221497891,0.00295330514,-0.012551547,-0.192922741,-0.0568632111,0.0183955189,2.97317004,0.088397786,-0.180661112,9.93240261,0.00744406879,0.000504402502,0.0183955189,2.97412014,-0.000254631042,1
487,4.919984,0,-0.00221497891,0.00147665257,-0.00516828429,-0.148271114,-0.00859347917,0.00348181627,2.97326565,0.0333123393,-0.144735828,9.82462692,0.00105248217,0.0015696669,0.00348181627,2.97427273,-0.000254631042,1
488,4.929980,0,-0.00221497891,-0.00221497891,0,-0.0925019905,-0.0667093769,-0.0124971503,2.97390246,0.0812127292,-0.0800702944,9.83420658,0.00211774674,0.00689598918,-0.0124971503,2.97424221,-0.000254631042,1
489,4.939976,0,0,0,0.00295330514,-0.00881992094,0.0114403889,-0.0231497958,2.97297812,-0.00979801547,-0.0106147248,9.85815716,-1.27822468e-05,0.00263493136,-0.0231497958,2.97408962,-0.000254631042,1
490,4.950003,0.00147665257,0,0.00147665257,0.0132898735,0.0458862484,0.00455719372,-0.0284761172,2.97297812,-0.0121930353,0.0444707274,9.82462692,-0.00214331108,0.000504402502,-0.0284761172,2.97393703,-0.000254631042,1
491,4.959979,-0.00221497891,0,-0.0036916316,0.00885991566,0.184044972,0.102496065,-0.0348677039,2.97288251,-0.141524091,0.171406761,9.70727062,-0.00320857554,0.00370019581,-0.0348677039,2.97372341,-0.000254631042,1
492,4.969994,0,0.00147665257,0,0.00590661028,0.104355946,0.232638732,-0.0284761172,2.97215009,-0.261275083,-0.0177997835,9.79109669,0.00105248217,0.00796125364,-0.0274108537,2.97341824,-0.000254631042,1
493,4.979979,0,0.00147665257,0.00295330514,0.00295330514,0.237085283,0.241518617,-0.0199540015,2.97215009,-0.309175491,0.140271515,9.78151608,0.0031830112,0.0111570461,-0.0178234726,2.9731741,-0.000254631042,1
494,4.989997,0,-0.00221497891,-0.00221497891,0,0.130069524,0.254959285,-0.0124971503,2.97205424,-0.256485045,0.145061553,9.84618187,0.00424827542,0.00476546027,-0.0103666214,2.97302151,-0.000254631042,1
495,4.999979,0,0,0,0,0.0857767835,0.294126123,-0.00184450613,2.97195816,-0.266065121,-0.00582468603,9.91324234,-0.00320857554,0.000504402502,0.000286022841,2.97299099,-0.000254631042,1
496,5.010000,0,0,0,0.00295330514,-0.0128351776,0.342605114,0.00348181627,2.97195816,-0.354680866,-0.0561200976,9.75038147,-0.00427384023,-0.00162612647,0.0066776094,2.97299099,-0.000254631042,1
497,5.020000,0,0,0,0,-0.0944714248,0.320125043,0.0141344611,2.97205424,-0.299595386,-0.135155752,9.71924591,-0.00214331108,0.0015696669,0.0120039321,2.97305202,-0.000254631042,1
498,5.029974,0,-0.00221497891,-0.00516828429,0,-0.1863897,0.27997306,0.0151997255,2.97205424,-0.244509935,-0.230956525,9.77672672,-1.27822468e-05,-0.00162612647,0.0151997255,2.9731741,-0.000254631042,1
499,5.040003,0,0,-0.00221497891,0.00147665257,-0.137774274,0.237615883,0.0141344611,2.97215009,-0.21097967,-0.175871074,9.73840618,-1.27822468e-05,0.0015696669,0.0141344611,2.97332668,-0.000254631042,1
500,5.049978,0,-0.00221497891,0,0.00295330514,-0.160841987,0.188087896,0.01626499,2.97224569,-0.158289239,-0.190241203,9.73601055,-1.27822468e-05,0.0015696669,0.01626499,2.97341824,-0.000254631042,1
501,5.060005,0,-0.0036916316,0,0.00295330514,-0.183458775,0.240550563,0.0130691966,2.97224569,-0.206189632,-0.221376449,9.79588604,0.00211774674,-0.00162612647,0.0120039321,2.97344875,-0.000254631042,1
502,5.069979,0,-0.00221497891,0,-0.0140281999,-0.0998047218,0.189800352,0.0109386677,2.97224569,-0.170264333,-0.1303657,9.83420658,0.0031830112,0.000504402502,0.0109386677,2.97344875,-0.000254631042,1
503,5.080001,0,0,0,-0.0081215892,-0.0366140977,0.176510692,0.00561234495,2.9730742,-0.167869315,-0.0657001734,9.80786133,0.00105248217,-0.00162612647,0.00561234495,2.97344875,-0.000254631042,1
504,5.089975,0,0,0,0,0.0643638968,0.113171846,0.000286022841,2.9730742,-0.12236394,0.0444707274,9.85815716,-0.00107804674,0.0015696669,0.000286022841,2.97344875,-0.000254631042,1
505,5.100003,0,0,0,-0.0036916316,0.0538530648,0.122224204,-0.00290977047,2.97234178,-0.129548997,0.032495629,9.80786133,0.00105248217,0.000504402502,-0.00290977047,2.97332668,-0.000254631042,1
506,5.109978,0,0,0,0,0.0999633521,0.0365930051,-0.00397503516,2.97234178,-0.0529083684,0.092371121,9.83899689,0.00211774674,-0.000560861954,-0.00397503516,2.97326565,-0.000254631042,1
507,5.119994,-0.0324863568,-0.0900758132,-0.085645847,-0.0649727136,-0.299698651,0.313880861,-0.00823609252,2.97224569,-0.258880049,-0.348312497,8.82350826,-0.00214331108,0.00370019581,-0.00823609252,2.97311306,-0.000254631042,1
508,5.129980,-0.310835391,-0.334461808,-0.230357811,-0.371378124,0.458013922,0.709123433,-0.00290977047,2.97215009,-0.776204288,0.331873059,8.66304207,-0.0170570128,0.0292665418,-0.00290977047,2.97305202,-0.000254631042,1
509,5.140000,-0.327816874,-0.303452075,-0.378761381,-0.101150699,1.8353442,0.839035392,0.0759197995,2.97278666,-1.13545728,1.66829407,9.17557621,-0.0341012478,0.119814023,0.0759197995,2.97323513,-0.000254631042,1
510,5.149999,-0.459238976,-0.542669773,-0.443734109,-0.395742863,3.89236593,-1.07075572,0.32093063,2.97650099,0.41651547,4.01541328,12.3058672,-0.0660591796,0.128336146,0.32093063,2.97506618,-0.000254631042,1
511,5.159974,-0.501323521,-0.590661049,-0.624624014,-0.462192297,5.75725794,-1.13324225,0.645836294,2.98108745,0.198568687,5.86436892,10.8353252,-0.08416868,0.0814645067,0.645836294,2.97955227,-0.000254631042,1
512,5.169995,-0.570726216,-0.927337825,-0.677045226,-0.715438187,5.47962093,-1.94053531,1.00269985,2.9910357,1.09670103,5.70869255,10.6365385,0.0905346945,-0.00482191984,1.00269985,2.98709011,-0.000254631042,1
513,5.179979,-0.798869073,-1.02479696,-0.998217165,-0.840953648,4.31919861,-0.545371711,1.33825827,3.00273657,-0.0576984063,4.35311127,9.26658726,0.157646358,-0.033584062,1.33825827,2.99774075,-0.000254631042,1
514,5.189997,-1.08164811,-1.14366746,-1.1451441,-1.12520921,3.7394309,-1.83013999,1.69299126,3.01987004,1.36254823,3.93398261,13.1704693,0.0415325277,0.00689598918,1.69299126,3.01150417,-0.000254631042,1
515,5.199983,-1.22119176,-1.19461203,-1.32751071,-1.32603407,4.70849848,-0.846957386,2.08607388,3.04074454,0.368615061,4.76984453,10.6796484,-0.0756465644,-0.0527588204,2.08607388,3.02511501,-0.000254631042,1
516,5.209999,-1.35704374,-1.53128874,-1.43604469,-1.46483934,4.15719032,-1.33581853,2.3651731,3.05970955,0.991320193,4.25252008,7.98525143,-0.201347753,-0.114544153,2.3651731,3.04498196,-0.000254631042,1
517,5.219974,-1.50692391,-1.76607656,-1.7262069,-1.41537154,4.91902781,-0.393262595,2.73268938,3.09040976,0.141088217,4.93270588,6.80690193,-0.110800289,-0.200830579,2.73268938,3.0678091,-0.000254631042,1
518,5.229997,-1.73359025,-1.81923592,-1.86353552,-1.75721645,7.00117302,-0.33048138,3.00220132,3.11934018,0.174618497,7.00679302,11.6927423,-0.19921723,-0.127327323,3.00220132,3.09396267,-0.000254631042,1
519,5.240016,-1.89306867,-1.99348092,-1.96394801,-2.00898576,6.53505611,2.66539907,3.32710695,-3.13069487,-2.59402418,6.5637145,11.4149199,-0.253545731,-0.16248107,3.32710695,3.12289333,-0.000254631042,1
520,5.249998,-2.07838869,-2.23934388,-2.16181946,-1.90709674,8.24487114,1.79322946,3.69675374,-3.09341931,-1.39411938,8.32165909,10.5311575,-0.19921723,-0.172068447,3.69675374,-3.12800455,-0.000254631042,1
521,5.260004,-2.20021248,-2.27478337,-2.25337172,-1.97502291,2.25991178,2.15373087,4.07279205,-3.05776596,-1.956949,2.43230534,9.81983662,-0.262067825,-0.119870476,4.07279205,-3.09190226,-0.000254631042,1
522,5.269978,-2.27330661,-2.53245926,-2.38405561,-2.36707401,11.5743017,-0.126432657,4.3476305,-3.01387286,1.59965515,11.4639244,6.94341803,-0.0735160336,-0.233853787,4.3476305,-3.05287027,-0.000254631042,1
523,5.280000,-2.40620565,-2.56346893,-2.52802944,-2.21424055,2.08505416,3.37514091,4.84084797,-2.96746063,-2.96285701,2.63827705,12.9932375,-0.236501485,-0.122001007,4.84084797,-3.01032877,-0.000254631042,1
524,5.289974,-2.51547766,-2.74288201,-2.68750763,-2.50144958,6.90035486,5.4705677,5.00276804,-2.91819644,-3.80590391,7.94085073,9.72403622,-0.202413023,-0.140110508,5.00276804,-2.96369791,-0.000254631042,1
525,5.299994,-2.4445982,-2.73033071,-2.73180723,-2.49258947,3.89267755,7.71586466,5.53326988,-2.86941171,-6.38534021,5.82365322,17.4431839,-0.0873644724,-0.133718923,5.53326988,-2.91483927,-0.000254631042,1
526,5.309980,-2.6535449,-2.87578082,-2.81080818,-2.37371898,2.90400791,4.8221283,5.79958582,-2.81618023,-3.64064765,4.2932353,12.6962547,-0.269524693,-0.132653654,5.79958582,-2.86094522,-0.000254631042,1
527,5.319995,-2.46453333,-2.83886456,-2.82631278,-2.61145997,8.50767136,7.78419685,6.14366627,-2.75436044,-3.99511051,10.8172684,10.6604881,-0.180042475,-0.132653654,6.14366627,-2.80531168,-0.000254631042,1
528,5.329982,-2.55091739,-2.88980913,-2.81228495,-2.37667227,2.55792356,8.41749573,6.50692129,-2.68596649,-6.43324089,6.00088501,8.13853264,-0.258872032,-0.160350531,6.50692129,-2.74430704,-0.000254631042,1
529,5.340000,-2.3796258,-2.86470604,-2.8373878,-2.44164491,4.14941883,6.45434141,6.69973421,-2.61887121,-3.52089667,6.81758642,10.6030083,-0.21732673,-0.0708683133,6.69973421,-2.68153238,-0.000254631042,1
530,5.349974,-2.35526085,-2.79087353,-2.76429367,-2.27921319,0.0276972763,7.2516017,7.16418934,-2.54783511,-5.9949522,4.0800786,8.66064739,-0.265263617,-0.191243201,7.16418934,-2.61469889,-0.000254631042,1
531,5.359999,-2.2068572,-2.80120993,-2.66240454,-2.22236228,2.94297814,5.75954103,7.27923822,-2.47331095,-2.6970098,5.87873888,10.9502859,-0.281242579,-0.129457861,7.27923822,-2.54521036,-0.000254631042,1
532,5.369973,-2.22236228,-2.71630263,-2.52359915,-2.21571708,-1.54216647,9.89401722,7.63077545,-2.39309335,-8.29896069,5.60331154,7.93016624,-0.153410852,-0.244506434,7.63077545,-2.4734025,-0.000254631042,1
533,5.380002,-2.20981073,-2.72737741,-2.3626442,-2.16994095,-4.65064096,6.47321939,7.72771454,-2.31325936,-7.80319214,1.6251837,6.28957748,-0.176846683,-0.21787481,7.72771454,-2.39884806,-0.000254631042,1
534,5.389977,-2.24672699,-2.44164491,-2.38627052,-2.20390391,-0.116353467,7.11460638,7.88217783,-2.23529196,-4.47890472,5.52906609,10.2054348,-0.25567624,-0.210417971,7.88217783,-2.32343912,-0.000254631042,1
535,5.399974,-2.40472865,-2.31465316,-2.37076569,-2.26223159,-9.17228889,7.74824476,8.01000977,-2.1503396,-11.9178352,1.45992732,6.90030766,-0.344093204,-0.293508589,8.01000977,-2.24558878,-0.000254631042,1
536,5.409983,-2.45567322,-2.38257909,-2.412112,-2.37371898,-7.80322933,9.4826231,7.96846437,-2.0806632,-11.4388313,4.46807194,9.5491991,-0.321722656,-0.206156909,7.96846437,-2.16740274,-0.000254631042,1
537,5.419979,-2.75691032,-2.48446822,-2.56346893,-2.40915895,-9.11669064,9.51082325,8.04729366,-1.98862219,-10.7610407,2.67180729,7.77688503,-0.389899582,-0.264746457,8.07499027,-2.08860636,-0.000254631042,1
538,5.429976,-2.70891929,-2.64099312,-2.60186172,-2.48446822,-5.67235899,7.10260248,8.09523106,-1.91897249,-8.70371914,5.25363874,10.1814842,-0.252480447,-0.225331664,8.1197319,-2.00868082,-0.000254631042,1
539,5.439984,-2.80120993,-2.65132999,-2.63434839,-2.37667227,-9.50868797,8.44719982,8.39137459,-1.8314743,-13.9152813,5.62247181,10.380271,-0.290829986,-0.232788518,8.42013645,-1.92677164,-0.000254631042,1
540,5.449976,-2.66388106,-2.73992896,-2.57306719,-2.48668313,-5.70146656,8.10355282,8.47766018,-1.74299097,-10.6317101,7.74685431,11.1442823,-0.143823475,-0.326531768,8.5085535,-1.84324503,-0.000254631042,1
541,5.459973,-2.74583554,-2.70079756,-2.67347956,-2.49849606,-13.7489185,4.86118364,8.72906303,-1.65247583,-14.360755,4.618958,6.4715991,-0.22478357,-0.297769636,8.77593422,-1.75782633,-0.000254631042,1
542,5.469982,-2.74731207,-2.79382682,-2.73992896,-2.53910422,-8.98165226,0.849649549,8.87606907,-1.55750513,-7.88941288,6.46791363,11.1514673,-0.28656891,-0.262615919,8.8952446,-1.6701498,-0.000254631042,1
543,5.479997,-2.83886456,-2.75543356,-2.80120993,-2.58340383,-16.9396839,4.03783417,9.05077267,-1.47284079,-16.463583,3.38312817,7.02963877,-0.31746158,-0.291378051,9.0837965,-1.58106899,-0.000254631042,1
544,5.489983,-2.76724696,-2.75543356,-2.8063786,-2.68233943,-11.8898153,1.45264828,9.17967033,-1.37987518,-11.3981161,3.68250561,10.7970047,-0.406943798,-0.183786348,9.18393135,-1.4902792,-0.000254631042,1
545,5.500003,-2.90531397,-2.7827518,-2.84477139,-2.66535783,-14.9686966,0.257574469,9.295784,-1.28392792,-14.2841148,4.4824419,11.2496634,-0.37924692,-0.244506434,9.3351984,-1.39854336,-0.000254631042,1
546,5.509978,-2.82778955,-2.79678011,-2.8373878,-2.72147083,-10.8841114,1.42873561,9.41083241,-1.18505096,-9.54676628,5.41889524,8.9743948,-0.380312175,-0.239180103,9.41083241,-1.30537319,-0.000254631042,1
547,5.520000,-2.96807194,-2.84477139,-2.86618257,-2.69193769,-12.6167173,-7.65203381,9.54079437,-1.08528471,-14.7295885,-0.88000685,12.0280447,-0.421857506,-0.277529597,9.54079437,-1.21086025,-0.000254631042,1
548,5.529998,-2.92967868,-2.82778955,-2.82778955,-2.76134014,-14.6669273,-4.18110228,9.55996895,-0.991822243,-14.564332,4.52555227,10.6724634,-0.306808949,-0.297769636,9.55996895,-1.11555767,-0.000254631042,1
549,5.539984,-2.98209977,-2.91269732,-2.85067773,-2.70448923,-10.82796,-6.37116146,9.65051651,-0.890748024,-12.4255791,1.85510552,9.65218544,-0.390964836,-0.271138042,9.65051651,-1.0189085,-0.000254631042,1
550,5.549996,-3.03452134,-2.88464093,-2.85215449,-2.80933142,-15.2258196,-6.3366394,9.69632339,-0.802909851,-15.3546886,6.01765013,9.54201412,-0.249284655,-0.326531768,9.69632339,-0.922625542,-0.000254631042,1
551,5.559981,-3.05002594,-2.96511841,-2.89571595,-2.7487886,-11.6619425,-8.28486347,9.75065136,-0.707110882,-13.8745661,3.48371887,8.67501736,-0.302547872,-0.314813852,9.75065136,-0.825182915,-0.000254631042,1
552,5.570000,-3.07069898,-2.92672539,-2.88833261,-2.85067773,-10.7549467,-8.66372108,9.77728367,-0.608521461,-13.2566509,3.87171197,9.15402126,-0.226914108,-0.34251073,9.77728367,-0.72746563,-0.000254631042,1
553,5.579974,-3.0670073,-2.97471666,-2.95256686,-2.73033071,-9.8687849,-10.7159166,9.82095909,-0.509051323,-14.1667585,3.39510322,11.1370974,-0.265263617,-0.288182259,9.82095909,-0.62916851,-0.000254631042,1
554,5.590004,-3.11795187,-2.93410873,-2.93927693,-2.81523824,-6.56406355,-9.71692657,9.82415485,-0.415354252,-11.539422,2.08502746,10.9670506,-0.292960495,-0.308422267,9.82415485,-0.530686378,-0.000254631042,1
555,5.599978,-3.0891571,-2.95773506,-2.97619343,-2.77979875,-9.52981853,-11.9801416,9.88700581,-0.31965971,-14.3679399,5.28237915,14.6410112,-0.316396326,-0.274333805,9.88700581,-0.431870461,-0.000254631042,1
556,5.610004,-3.07955885,-2.93927693,-2.94370699,-2.85584617,-3.09752321,-11.3142815,9.91683292,-0.222788334,-11.7190485,0.5210796,11.5921507,-0.377116382,-0.304161221,9.91683292,-0.332230568,-0.000254631042,1
557,5.619979,-3.0891571,-2.95921183,-2.96659517,-2.8204062,-9.31395912,-14.08634,9.97009659,-0.129377842,-15.1702719,7.41873646,8.05949688,-0.331310034,-0.291378051,9.97009659,-0.232834816,-0.000254631042,1
558,5.629994,-3.09506392,-3.04116607,-2.96216512,-2.92081881,-2.99413276,-14.5840092,9.98714066,-0.0338144302,-14.676898,2.49936581,9.3049078,-0.395225883,-0.24876748,9.98714066,-0.132920265,-0.000254631042,1
559,5.639982,-3.15560627,-3.07955885,-2.96659517,-2.92524886,-4.3671689,-18.1487579,10.0627737,0.065507412,-17.8239536,5.5458312,10.3419504,-0.357941628,-0.244506434,10.0627737,-0.0323648453,-0.000254631042,1
560,5.650005,-3.15043831,-3.14748502,-3.04264283,-2.92820191,-2.80531716,-15.0384722,10.1501255,0.163303137,-14.3823109,5.21292353,8.99594975,-0.388834298,-0.150763154,10.1501255,0.0687398911,-0.000254631042,1
561,5.659979,-3.17849469,-3.07808208,-3.0441196,-2.97176337,1.79006302,-12.6607676,10.2300205,0.264124155,-12.6890316,1.57728326,8.27504921,-0.396291167,-0.254093796,10.2300205,0.150191307,-0.000254631042,1
562,5.669999,-3.18809271,-3.11647534,-3.16446662,-2.88833261,-3.05900311,-15.5073414,10.3152418,0.369348764,-13.3572416,8.45098972,9.96114254,-0.305743665,-0.206156909,10.3152418,0.252699852,-0.000254631042,1
563,5.679974,-3.18440127,-3.15043831,-3.11795187,-2.95773506,4.62676954,-14.1688652,10.3780928,0.472385168,-14.7224035,2.32692432,12.3082619,-0.33024475,-0.324401259,10.3780928,0.356612206,-0.000254631042,1
564,5.689997,-3.25232744,-3.13198018,-3.10761547,-2.92820191,3.13134623,-16.8431721,10.4430733,0.57669425,-15.8265076,6.5589242,11.1442823,-0.232240424,-0.32972756,10.4430733,0.460036278,-0.000254631042,1
565,5.699983,-3.27300048,-3.17701793,-3.16003656,-2.99169803,8.01899815,-12.4901743,10.5059242,0.683383703,-14.7487488,1.66829407,6.21293688,-0.338766873,-0.406426609,10.5059242,0.564955711,-0.000254631042,1
566,5.710002,-3.29736519,-3.14453173,-3.12312031,-2.93410873,9.04188728,-12.7195168,10.584754,0.789724112,-15.3762436,2.66701722,11.2209234,-0.254610986,-0.388317108,10.584754,0.670088768,-0.000254631042,1
567,5.719977,-3.32394481,-3.18587804,-3.1430552,-2.93558526,9.13326263,-17.9115677,10.6305599,0.897093773,-18.3125381,8.30010414,11.9585896,-0.254610986,-0.390447646,10.6305599,0.776137352,-0.000254631042,1
568,5.729997,-3.34830976,-3.20655131,-3.10466218,-2.97767019,12.3112392,-9.9321928,10.6784973,1.01071525,-15.7067566,1.87426567,8.27744389,-0.307874203,-0.382990777,10.6784973,0.882796288,-0.000254631042,1
569,5.740003,-3.35273957,-3.20802784,-3.12459683,-3.00424957,11.456995,-11.7989454,10.6848888,1.11960196,-15.4552794,5.62247181,4.93878651,-0.29935208,-0.31161806,10.6848888,0.989851952,-0.000254631042,1
570,5.749978,-3.39039445,-3.24642062,-3.21098113,-3.09949398,10.7960472,-9.26571846,10.7488041,1.22692776,-13.2877865,5.08359241,10.2629156,-0.316396326,-0.321205437,10.7488041,1.09715176,-0.000254631042,1
571,5.759999,-3.33280468,-3.24199057,-3.2124579,-3.0515027,16.4244366,-9.29723644,10.7466736,1.33581448,-18.137701,5.21771336,11.0005817,-0.327048957,-0.257289588,10.7466736,1.20484829,-0.000254631042,1
572,5.769973,-3.35643148,-3.2449441,-3.21688771,-3.13345695,16.6469402,-3.19733405,10.8297644,1.44304442,-16.9186363,1.05037892,14.1356621,-0.368594289,-0.256224334,10.8297644,1.31294155,-0.000254631042,1
573,5.780016,-3.31730008,-3.26930904,-3.21393466,-3.07069898,18.1605282,-7.16778088,10.8627882,1.55564594,-18.2670326,6.89183235,6.61051035,-0.341962665,-0.231723249,10.8627882,1.42179775,-0.000254631042,1
574,5.789996,-3.33575821,-3.26340222,-3.20138288,-3.15191483,16.6331215,-1.48764813,10.8798323,1.67009521,-16.4037075,3.12925601,7.49666739,-0.337701619,-0.198700055,10.8798323,1.53062344,-0.000254631042,1
575,5.799983,-3.35273957,-3.2789073,-3.28333712,-3.14600849,17.1041546,-1.06691325,10.9512043,1.77907801,-16.5138779,4.58063793,12.3585577,-0.365398496,-0.230657995,10.9512043,1.64013577,-0.000254631042,1
576,5.810003,-3.34978628,-3.27300048,-3.27447701,-3.08251238,20.1767921,-1.70413423,10.9842281,1.89196682,-18.6071243,7.98635626,11.7190876,-0.325983703,-0.206156909,10.9842281,1.7500906,-0.000254631042,1
577,5.819995,-3.39777756,-3.32246828,-3.34978628,-3.14157844,15.2567253,2.67332029,11.0151205,1.99865627,-14.9906454,3.89805722,10.1431646,-0.372855335,-0.316944391,11.0151205,1.86025906,-0.000254631042,1
578,5.829980,-3.39925432,-3.34978628,-3.32985163,-3.14896154,21.5376587,3.34198904,11.0609274,2.10652304,-20.2261581,8.12047768,9.91084766,-0.327048957,-0.265811712,11.0609274,1.97085476,-0.000254631042,1
579,5.839999,-3.38374949,-3.37341285,-3.24937391,-3.16003656,18.3742332,5.33538866,11.0875587,2.21853113,-17.8718548,6.83195686,8.78997803,-0.363267958,-0.296704382,11.0875587,2.08187771,-0.000254631042,1
580,5.849973,-3.44872236,-3.43026376,-3.30401015,-3.18440127,16.9534302,9.93656826,11.1450825,2.33224845,-15.2445173,0.803691924,11.4244995,-0.383507967,-0.24876748,11.1450825,2.19375515,-0.000254631042,1
581,5.860004,-3.46127367,-3.40220761,-3.28702855,-3.17849469,16.9249287,7.93266726,11.1653233,2.44367218,-18.904108,10.1945639,6.84282732,-0.323853165,-0.283921182,11.1653233,2.30505276,-0.000254631042,1
582,5.869979,-3.45684361,-3.39187098,-3.33944988,-3.21688771,8.88694668,12.4612579,11.2334995,2.53453612,-15.4025888,0.432463884,9.22587204,-0.441032261,-0.294573843,11.2324343,2.41738796,-0.000254631042,1
583,5.880002,-3.48416162,-3.39630079,-3.36529112,-3.22057939,18.206295,12.968996,11.2537394,2.64415526,-17.2970486,8.76473713,9.37436295,-0.370724797,-0.310552806,11.2686539,2.53015041,-0.000254631042,1
584,5.889976,-3.46718049,-3.40589905,-3.32246828,-3.2958889,11.7294922,16.4040947,11.2974157,2.75304198,-17.6802521,7.10738373,12.7968464,-0.34835425,-0.327597052,11.289959,2.64315701,-0.000254631042,1
585,5.900002,-3.48268485,-3.42731047,-3.37931943,-3.25232744,5.89448977,16.0566387,11.3442869,2.86749148,-16.576149,0.73423636,9.65458012,-0.400552213,-0.269007504,11.3464174,2.75662136,-0.000254631042,1
586,5.909976,-3.52772307,-3.45536709,-3.38374949,-3.21836448,11.6808596,19.8068886,11.369854,2.98140049,-16.913847,10.0340977,10.4161968,-0.33557108,-0.332923353,11.382637,2.87045193,-0.000254631042,1
587,5.919983,-3.54027486,-3.43838549,-3.34387994,-3.30401015,4.43168926,18.3131466,11.4167252,3.09374857,-18.5041389,6.29307699,11.3095388,-0.37392059,-0.304161221,11.4050074,2.98480129,-0.000254631042,1
588,5.929981,-3.55430293,-3.48785329,-3.40737581,-3.24051428,2.9998281,19.2485256,11.4657278,-3.07688808,-19.0142784,4.23815012,11.6927423,-0.359006912,-0.296704382,11.4753151,3.09945583,-0.000254631042,1
589,5.939977,-3.55725598,-3.47530198,-3.37488937,-3.2619257,5.31904554,19.3441563,11.4859676,-2.966676,-18.1233311,8.60427094,7.54935789,-0.333440542,-0.322270721,11.4998159,-3.06904459,-0.000254631042,1
590,5.949974,-3.55577922,-3.4952364,-3.36086154,-3.30548716,-3.23725963,16.7505417,11.5647974,-2.8585217,-16.9880924,1.57009816,8.77560806,-0.428249091,-0.303095967,11.5647974,-2.953444,-0.000254631042,1
591,5.959982,-3.57866764,-3.49228334,-3.42140412,-3.26783228,-0.589474082,22.866766,11.5765152,-2.74426389,-21.3134975,8.30489349,11.0748272,-0.34302792,-0.28605172,11.5765152,-2.83811808,-0.000254631042,1
592,5.969979,-3.59564924,-3.49228334,-3.42288065,-3.33575821,-1.46562493,22.2922306,11.6020813,-2.6259079,-20.1159878,9.71795559,11.0532713,-0.351550043,-0.296704382,11.6020813,-2.72199869,-0.000254631042,1
593,5.979975,-3.57719064,-3.51074147,-3.42435741,-3.31139326,-9.93398571,18.3746376,11.6713238,-2.50926113,-20.6931877,2.84664369,8.2702589,-0.377116382,-0.332923353,11.6713238,-2.60557413,-0.000254631042,1
594,5.989983,-3.57866764,-3.512218,-3.48785329,-3.29293537,-11.1202822,18.5398045,11.668128,-2.38747835,-21.1266861,4.58782291,10.4305668,-0.344093204,-0.336119145,11.668128,-2.48890543,-0.000254631042,1
595,6.010004,-3.62961245,-3.52476978,-3.4797318,-3.30548716,-15.7270269,12.1453638,11.7650671,-2.1467557,-19.8046341,1.62039363,11.0580616,-0.34302792,-0.316944391,11.7650671,-2.25416422,-0.000254631042,1
596,6.019979,-3.62813568,-3.56020904,-3.44133902,-3.32394481,-16.9161663,14.1356611,11.7565451,-2.02894068,-21.4236679,5.19615841,7.53498793,-0.360072166,-0.304161221,11.7565451,-2.13654947,-0.000254631042,1
597,6.029998,-3.66209817,-3.58974242,-3.42435741,-3.36381459,-13.3557577,11.5539284,11.7895679,-1.90711451,-16.4204712,6.49904871,9.88210678,-0.274850994,-0.327597052,11.7895679,-2.01841593,-0.000254631042,1
598,6.039984,-3.6886785,-3.57423759,-3.50778818,-3.31582308,-19.4689713,9.17612648,11.8407001,-1.77839994,-20.9422684,4.96623611,12.3322124,-0.303613156,-0.309487551,11.8407001,-1.8997941,-0.000254631042,1
599,6.049994,-3.65914488,-3.60303235,-3.53362989,-3.41328239,-20.7615757,7.84550476,11.8300476,-1.65763712,-21.3637924,6.01525497,9.95395756,-0.34302792,-0.351032853,11.8300476,-1.78101969,-0.000254631042,1
600,6.059980,-3.7041831,-3.59860253,-3.48120832,-3.43174076,-19.9334984,5.20146322,11.9056816,-1.53107643,-19.7112293,5.98890972,4.77592564,-0.355811119,-0.319074929,11.9056816,-1.66142178,-0.000254631042,1
601,6.070001,-3.70196819,-3.56906939,-3.53510642,-3.41180587,-21.8749161,-0.363717765,11.9802504,-1.41551113,-21.6679592,3.02387524,9.58991432,-0.438901722,-0.243441164,11.9802504,-1.54127407,-0.000254631042,1
602,6.079974,-3.67317319,-3.60155559,-3.54175138,-3.45389032,-23.1846199,1.14399576,12.0111427,-1.2935977,-21.9864979,7.44508171,10.0473633,-0.462337554,-0.206156909,12.0111427,-1.42103481,-0.000254631042,1
603,6.089995,-3.66357517,-3.60007906,-3.54027486,-3.47677851,-19.8186512,-0.370244443,12.0718632,-1.16185808,-18.3316975,7.54088259,8.79716301,-0.446358591,-0.196569532,12.0718632,-1.29969692,-0.000254631042,1
604,6.099982,-3.61558414,-3.59121919,-3.67760324,-3.46865702,-18.6478138,-6.79758549,12.1197996,-1.04309225,-19.5339985,3.51724911,5.98780537,-0.418661714,-0.270072788,12.1197996,-1.20252895,-0.000254631042,1
605,6.109999,-3.59860253,-3.56463933,-3.65914488,-3.48268485,-22.2719784,-8.41346741,12.1134081,-0.92013216,-22.8175697,6.79603148,8.5959816,-0.423988044,-0.274333805,12.1134081,-1.08104229,-0.000254631042,1
606,6.119974,-3.60524726,-3.52181625,-3.56906939,-3.43174076,-20.9855328,-6.87896156,12.154954,-0.803580761,-19.8812752,9.61496925,8.61035156,-0.333440542,-0.24876748,12.154954,-0.959033012,-0.000254631042,1
607,6.129998,-3.6111536,-3.42288065,-3.54913449,-3.41623569,-16.0266781,-11.1129045,12.146431,-0.686402798,-18.7532215,5.35422945,10.4736767,-0.329179496,-0.337184429,12.146431,-0.8369627,-0.000254631042,1
608,6.139983,-3.59121919,-3.36086154,-3.61263084,-3.4103291,-15.3007002,-18.5060806,12.1443005,-0.565404415,-23.8234787,3.00471497,7.61162853,-0.322787911,-0.339314938,12.1443005,-0.715136528,-0.000254631042,1
609,6.150005,-3.60672402,-3.42878723,-3.6111536,-3.38744116,-14.3537588,-17.5544147,12.1336479,-0.442157269,-22.0080528,5.46200562,9.46297836,-0.290829986,-0.361685514,12.1336479,-0.593157768,-0.000254631042,1
610,6.159978,-3.67760324,-3.43469381,-3.57571411,-3.40073085,-10.1734419,-17.3049393,12.0846462,-0.325936794,-19.6513538,4.09684372,7.35057116,-0.262067825,-0.313748598,12.0846462,-0.471207619,-0.000254631042,1
611,6.170003,-3.70861316,-3.50926495,-3.53510642,-3.36676788,-10.8769169,-24.3324375,12.0601454,-0.210851192,-26.0700054,5.54343605,12.4471731,-0.323853165,-0.227462202,12.0601454,-0.350083351,-0.000254631042,1
612,6.179977,-3.73962259,-3.49966669,-3.54027486,-3.34092641,-10.424037,-19.1868439,12.0047512,-0.0964627266,-20.1016178,8.52763081,9.90126705,-0.318526834,-0.212548494,12.0047512,-0.228837013,-0.000254631042,1
613,6.189994,-3.78392243,-3.45389032,-3.57128406,-3.30548716,-3.4816215,-16.6262589,12.0058165,0.0209167004,-16.5498028,3.82860184,4.66335964,-0.363267958,-0.212548494,12.0058165,-0.107865334,-0.000254631042,1
614,6.199981,-3.82600689,-3.50114322,-3.56906939,-3.28038383,-1.23136222,-25.0127754,11.9930334,0.137772799,-24.6066494,4.65488338,10.5862427,-0.442097515,-0.15608947,11.9930334,0.0125875473,-0.000254631042,1
615,6.209997,-3.83191347,-3.47382522,-3.54470468,-3.30843997,-1.87036574,-23.9902287,11.9152689,0.254916906,-22.7433243,7.8594203,12.0807352,-0.413335383,-0.127327323,11.9152689,0.132796288,-0.000254631042,1
616,6.219983,-3.83634305,-3.48268485,-3.50926495,-3.28850555,0.334740043,-18.1634769,11.9078121,0.376106501,-17.0168324,6.36013794,9.23066139,-0.396291167,-0.176329508,11.9078121,0.25285244,-0.000254631042,1
617,6.229995,-3.83339,-3.50261974,-3.51517153,-3.20507431,7.82009459,-17.8928642,11.9088774,0.493633986,-19.4621468,1.59165335,7.90142584,-0.444228053,-0.297769636,11.9088774,0.372756004,-0.000254631042,1
618,6.239982,-3.90131593,-3.49228334,-3.48416162,-3.18809271,7.8288579,-20.3753319,11.8705282,0.61342001,-21.1674004,5.3278842,11.3047485,-0.321722656,-0.382990777,11.8705282,0.49226284,-0.000254631042,1
619,6.249998,-3.87842798,-3.48563814,-3.45536709,-3.11204505,8.22349453,-18.3861771,11.8556147,0.733589411,-19.1627693,6.20206642,16.5091267,-0.307874203,-0.389382362,11.8556147,0.611952782,-0.000254631042,1
620,6.260073,-3.90279269,-3.5291996,-3.3933475,-3.0670073,14.8227282,-18.0168304,11.8801155,0.854639769,-23.0091705,3.85973692,7.32662106,-0.352615297,-0.454363495,11.8801155,0.731917381,-0.000254631042,1
621,6.269979,-3.916821,-3.57571411,-3.31877661,-3.13050365,14.3515778,-13.9811716,11.8513527,0.976753473,-19.7184143,3.5531745,5.51598644,-0.311069995,-0.487386703,11.8513527,0.851332664,-0.000254631042,1
622,6.279998,-3.92494273,-3.6716969,-3.28702855,-3.09358716,16.4627132,-10.1737366,11.8886375,1.10096002,-19.2849159,1.6179986,9.7144556,-0.275916278,-0.405361354,11.8886375,0.970992088,-0.000254631042,1
623,6.289984,-3.8555398,-3.73593092,-3.26487875,-3.11352205,15.9399605,-12.6123505,11.8492222,1.22087669,-19.4142475,6.34097767,12.3896923,-0.334505826,-0.322270721,11.8492222,1.09071255,-0.000254631042,1
624,6.299997,-3.82453012,-3.81640887,-3.25232744,-3.15043831,14.8969059,-9.65456963,11.79809,1.33802056,-16.7222443,5.95777464,9.5012989,-0.31746158,-0.345706522,11.79809,1.21028042,-0.000254631042,1
625,6.309983,-3.82896018,-3.75512743,-3.29884171,-3.1260736,21.1472054,-8.47359085,11.810873,1.41947651,-20.5686455,8.21148777,11.3765993,-0.349419504,-0.303095967,11.8087425,1.32920742,-0.000254631042,1
626,6.319996,-3.75955749,-3.7470057,-3.24937391,-3.19842958,18.4405136,-5.05027533,11.8055468,1.55639601,-20.2189732,3.2274518,12.6770954,-0.376051128,-0.249832749,11.8289824,1.44816494,-0.000254631042,1
627,6.329982,-3.72854781,-3.81493187,-3.17997122,-3.1585598,16.9759083,-5.03782272,11.8087425,1.66918898,-16.0228996,4.49920702,8.9576292,-0.367529005,-0.284986466,11.8130035,1.56751919,-0.000254631042,1
628,6.340002,-3.72264099,-3.916821,-3.15412974,-3.22648597,22.1423283,0.149092868,11.8396349,1.79774618,-20.5949917,7.13372898,8.48102093,-0.428249091,-0.275399089,11.8161993,1.68679714,-0.000254631042,1
629,6.349977,-3.66652846,-3.91386795,-3.09801722,-3.23534584,22.7961788,2.8754797,11.8375044,1.9091177,-19.8094254,0.746211469,16.1618481,-0.484708101,-0.34251073,11.8438959,1.80602932,-0.000254631042,1
630,6.359996,-3.63108873,-3.96776533,-3.05002594,-3.23756075,17.833271,3.03302383,11.793829,2.02992392,-17.3305798,5.72306252,9.91803265,-0.446358591,-0.328662306,11.8012857,1.92532253,-0.000254631042,1
631,6.369982,-3.57571411,-3.99286866,-3.0057261,-3.29884171,19.6226368,7.02874994,11.8055468,2.13632584,-20.3339348,4.58063793,5.54951668,-0.469794393,-0.339314938,11.8034163,2.04415798,-0.000254631042,1
632,6.380106,-3.55061102,-4.04971981,-3.02861452,-3.41475916,17.4073772,9.91956902,11.8353739,2.26752496,-21.2153015,7.65105343,7.58528328,-0.413335383,-0.365946561,11.806612,2.16305447,-0.000254631042,1
633,6.389975,-3.48416162,-3.94930696,-3.04707241,-3.54322815,13.0255051,11.6925526,11.7916985,2.37498164,-17.4575157,1.27072072,12.8303766,-0.364333212,-0.281790674,11.7895679,2.28167629,-0.000254631042,1
634,6.400009,-3.44133902,-3.96333575,-3.0441196,-3.48416162,16.3688354,11.0096397,11.7629366,2.50363493,-18.5927544,6.59245491,9.57793999,-0.334505826,-0.29883489,11.7842417,2.40029812,-0.000254631042,1
635,6.409984,-3.37193632,-3.889503,-3.01606297,-3.4952364,18.7355709,13.485714,11.8449612,2.60871124,-21.1338711,9.28685188,8.44749069,-0.350484788,-0.275399089,11.8449612,2.5190115,-0.000254631042,1
636,6.419995,-3.31582308,-3.93232584,-3.05814767,-3.62222886,12.5040531,21.7000313,11.9014206,2.73621392,-24.8724957,2.93286443,7.72419453,-0.370724797,-0.276464343,11.9014206,2.63799953,-0.000254631042,1
637,6.429981,-3.27152395,-3.90131593,-3.07069898,-3.74257588,8.31751156,17.4667721,11.8321781,2.8453536,-19.1340294,2.85622382,10.2150145,-0.290829986,-0.178460032,11.8321781,2.75747585,-0.000254631042,1
638,6.439996,-3.19695282,-3.79204392,-3.16003656,-3.80090356,7.57380152,19.2322674,11.8598757,2.97400689,-20.2261581,4.25970507,10.3227911,-0.362202704,-0.224266395,11.8598757,2.8761282,-0.000254631042,1
639,6.449982,-3.14600849,-3.77210903,-3.21393466,-3.76841736,7.10373688,20.6001015,11.8428307,3.07892609,-21.0045395,5.79970312,12.9453373,-0.338766873,-0.181655824,11.8428307,2.99490261,-0.000254631042,1
640,6.459978,-3.10466218,-3.76989412,-3.26340222,-3.96185899,0.66135627,20.5769043,11.8236561,-3.07379222,-20.4848213,2.05389214,10.5143919,-0.360072166,-0.253028542,11.8236561,3.1134634,-0.000254631042,1
641,6.469975,-3.02713799,-3.70196819,-3.27447701,-4.04528999,4.68542528,21.1102982,11.8044815,-2.96173167,-19.9315701,8.38632393,5.60220718,-0.312135249,-0.337184429,11.8044815,-3.05168009,-0.000254631042,1
642,6.479984,-2.95478177,-3.64659357,-3.30548716,-4.04233646,-7.88232088,22.3523426,11.8577452,-2.84981966,-23.6749859,-1.11950886,9.63781548,-0.312135249,-0.377664477,11.8577452,-2.93318033,-0.000254631042,1
643,6.489980,-2.95109034,-3.62813568,-3.32689834,-3.99139237,-2.97370291,24.7685242,11.7693281,-2.74728942,-24.0102901,6.76968622,14.3440285,-0.280177325,-0.345706522,11.7693281,-2.8155961,-0.000254631042,1
644,6.499977,-2.96068859,-3.60524726,-3.40073085,-4.04676628,-6.60468626,21.8037281,11.7533484,-2.61530542,-22.1709137,5.24166346,9.55877972,-0.402682751,-0.374468684,11.7533484,-2.69795084,-0.000254631042,1
645,6.509984,-2.95478177,-3.54913449,-3.50114322,-4.10730886,-11.2775726,17.4637833,11.79809,-2.50968814,-20.7530632,1.2156353,7.175735,-0.386703759,-0.357424438,11.79809,-2.5800004,-0.000254631042,1
646,6.519980,-2.94961357,-3.46275043,-3.60303235,-4.01280355,-9.26219463,14.3257971,11.7703934,-2.37359691,-16.7390099,3.2897222,5.65250254,-0.386703759,-0.354228646,11.7703934,-2.46226358,-0.000254631042,1
647,6.529976,-2.98874474,-3.33428168,-3.6111536,-3.93897057,-14.0653486,16.3090076,11.7640018,-2.26700354,-21.2512264,3.49329901,10.485652,-0.410139591,-0.318009645,11.7640018,-2.34474039,-0.000254631042,1
648,6.539995,-2.99760461,-3.17701793,-3.76694083,-3.95742917,-17.5767517,17.9318237,11.7490873,-2.13497591,-24.4413929,5.7541976,8.54089642,-0.403748006,-0.277529597,11.7490873,-2.22764444,-0.000254631042,1
649,6.549980,-3.01163292,-3.16741967,-3.82748365,-3.99582219,-14.5490971,11.5652761,11.793829,-2.02717066,-18.1568623,3.969908,9.01750469,-0.401617467,-0.287116975,11.793829,-2.1331315,-0.000254631042,1
650,6.559999,-3.08546543,-3.01901627,-3.88285828,-3.90943789,-18.5446091,15.5207891,11.8257866,-1.89177752,-22.4942417,8.87730312,9.37675762,-0.377116382,-0.260485381,11.8257866,-2.01521158,-0.000254631042,1
651,6.569973,-3.11499858,-2.99908137,-4.06227112,-3.83634305,-23.3406105,8.37439346,11.810873,-1.76437044,-24.5156384,3.72801089,12.4328032,-0.371790081,-0.25515908,11.810873,-1.89652872,-0.000254631042,1
652,6.579997,-3.16003656,-2.87430429,-4.1781888,-3.75291252,-19.2535477,8.33050156,11.7927637,-1.64477587,-19.8166103,6.88464689,10.9335203,-0.296156287,-0.188047409,11.7927637,-1.77809,-0.000254631042,1
653,6.590000,-3.19547629,-2.8204062,-4.15160847,-3.74257588,-21.8312035,6.64095306,11.8002205,-1.53207922,-21.5577888,7.4810071,5.91834974,-0.272720486,-0.294573843,11.8002205,-1.65946865,-0.000254631042,1
654,6.599976,-3.30031872,-2.74288201,-4.27564716,-3.67464995,-20.4312096,0.616484642,11.8012857,-1.40430641,-20.0465317,3.9938581,10.9598656,-0.278046787,-0.258354872,11.8012857,-1.541152,-0.000254631042,1
655,6.610000,-3.31139326,-2.70227432,-4.35464811,-3.55873251,-25.3690128,-1.21595645,11.7608061,-1.29909945,-24.7647209,5.63684177,10.8904104,-0.279112071,-0.148632631,11.7608061,-1.42301846,-0.000254631042,1
656,6.619975,-3.44281554,-2.60703015,-4.41149998,-3.51812482,-16.8516903,-0.585338593,11.7927637,-1.15681791,-15.6636457,6.24278164,14.185957,-0.283373117,-0.169937909,11.7927637,-1.30485439,-0.000254631042,1
657,6.630002,-3.51517153,-2.59595537,-4.29410553,-3.4797318,-22.5746861,-4.24906731,11.7426958,-1.05104399,-21.703886,7.52411747,7.75293446,-0.356876373,-0.173133701,11.7426958,-1.18614101,-0.000254631042,1
658,6.639976,-3.63551855,-2.62401152,-4.29853582,-3.40073085,-23.7806664,-5.59922647,11.7661324,-0.924369335,-22.3553314,9.85447121,13.6973734,-0.339832127,-0.160350531,11.7661324,-1.06819439,-0.000254631042,1
659,6.649997,-3.77653885,-2.65797472,-4.30296564,-3.2789073,-12.1916952,-13.3399019,11.7075424,-0.821045399,-18.0131607,-1.45481157,10.358716,-0.336636335,-0.117739946,11.7075424,-0.949816704,-0.000254631042,1
660,6.659983,-3.86144638,-2.68233943,-4.2261796,-3.16889644,-19.1034622,-5.06500053,11.7395,-0.697284222,-16.1498356,11.3920736,9.44142342,-0.278046787,-0.144371569,11.7395,-0.831896782,-0.000254631042,1
661,6.669999,-3.91386795,-2.66092801,-4.236516,-3.02713799,-18.46385,-13.2623482,11.6894331,-0.581273556,-21.2224865,8.14921761,9.96593285,-0.452750176,-0.126262069,11.6894331,-0.713213921,-0.000254631042,1
662,6.679973,-4.06522465,-2.78422856,-4.15677738,-2.91269732,-11.5615091,-19.3878784,11.7373695,-0.461932659,-22.5086117,1.70900941,16.2863903,-0.412270129,-0.071933575,11.7373695,-0.595690727,-0.000254631042,1
663,6.689997,-4.12872076,-2.79825664,-4.12133789,-2.93263197,-10.8236818,-18.4994926,11.7341738,-0.358067989,-21.1195011,3.6537652,13.2016039,-0.496426016,-0.0367798544,11.7341738,-0.477402687,-0.000254631042,1
664,6.699998,-4.20476818,-2.89276242,-4.0238781,-2.81671476,-11.3373518,-18.3963737,11.7448263,-0.233547688,-20.5207462,6.77208138,7.9157958,-0.49749127,-0.181655824,11.7448263,-0.359330177,-0.000254631042,1
665,6.709983,-4.27269411,-2.88833261,-3.96038222,-2.69193769,-10.5364151,-16.6196136,11.7043467,-0.13496685,-17.8862247,8.20430279,7.17094469,-0.502817571,-0.17419897,11.7043467,-0.241501808,-0.000254631042,1
666,6.719999,-4.18557167,-2.96068859,-3.95078373,-2.66535783,-7.06078386,-18.1999569,11.7512178,-0.0103154182,-18.271822,6.87267208,9.64739513,-0.592299819,-0.247702226,11.7512178,-0.123703957,-0.000254631042,1
667,6.729975,-4.43807936,-3.01753974,-3.88138151,-2.53393602,-3.69554591,-18.0093861,11.6958246,0.091490984,-17.596426,5.32548952,6.98892355,-0.651954651,-0.291378051,11.6958246,-0.0055398941,-0.000254631042,1
668,6.739983,-4.46244383,-3.14453173,-3.79795051,-2.49997258,-1.17468345,-19.6043262,11.7458916,0.220458269,-18.8729725,5.43326521,9.09414577,-0.626388311,-0.309487551,11.7458916,0.112380028,-0.000254631042,1
669,6.750005,-4.46096754,-3.17701793,-3.6716969,-2.41506505,-2.89842987,-19.7555656,11.7139339,0.325587034,-19.0430183,3.63939524,7.28351068,-0.539036572,-0.365946561,11.7043467,0.230391502,-0.000254631042,1
670,6.759979,-4.48533201,-3.32985163,-3.58309746,-2.40620565,0.950620413,-18.8792973,11.7192602,0.430855274,-20.0465317,4.10402918,12.272337,-0.545428216,-0.314813852,11.7277822,0.347914696,-0.000254631042,1
671,6.769999,-4.5037899,-3.41918898,-3.46865702,-2.40103722,3.0257709,-20.6682949,11.6649323,0.549498796,-19.5100479,7.58399296,11.1730223,-0.501752317,-0.402165562,11.6670628,0.465743065,-0.000254631042,1
672,6.780024,-4.46835089,-3.55577922,-3.39482427,-2.40915895,7.13824224,-18.5281429,11.6404305,0.666930437,-18.2023659,8.85574818,9.30011749,-0.446358591,-0.358489722,11.6319084,0.582930565,-0.000254631042,1
673,6.789975,-4.46392107,-3.7470057,-3.30696368,-2.3626442,10.1291065,-14.7871513,11.6745195,0.784083128,-16.4923229,4.67643881,6.39735365,-0.393095374,-0.413883448,11.6532135,0.700545311,-0.000254631042,1
674,6.799996,-4.48237896,-3.77653885,-3.15708327,-2.412112,12.6705418,-15.9525032,11.6084728,0.90224719,-15.3858232,4.51597214,7.80562496,-0.357941628,-0.380860269,11.6201906,0.817549706,-0.000254631042,1
675,6.809982,-4.45801449,-3.95890594,-2.99465132,-2.44164491,14.1572847,-18.7347679,11.6201906,1.02578235,-21.8188457,7.77559423,10.485652,-0.278046787,-0.466081411,11.6255169,0.934889793,-0.000254631042,1
676,6.819994,-4.44103241,-4.0408597,-2.84624791,-2.41358876,18.6785316,-14.9574604,11.67665,1.14378929,-23.195982,5.87873888,17.0384254,-0.315331042,-0.391512901,11.6862373,1.05232143,-0.000254631042,1
677,6.829979,-4.40190125,-4.21067524,-2.77979875,-2.49111319,16.3636532,-13.4328241,11.6713238,1.2634182,-19.6609344,7.85223484,12.02565,-0.315331042,-0.46075511,11.6809111,1.1699667,-0.000254631042,1
678,6.840004,-4.29410553,-4.35612488,-2.66240454,-2.51547766,15.3694944,-8.95351791,11.7043467,1.37700486,-16.8060703,5.82604837,7.05119371,-0.312135249,-0.444776118,11.7054119,1.28800869,-0.000254631042,1
679,6.849978,-4.20107651,-4.41445255,-2.52655244,-2.62696505,16.3759232,-2.92652345,11.7480221,1.49542189,-16.5498028,1.68505919,6.47399426,-0.415465921,-0.368077099,11.7480221,1.40614223,-0.000254631042,1
680,6.859997,-4.13610363,-4.45801449,-2.42466354,-2.70079756,18.7232933,-4.82554007,11.7256517,1.6178844,-18.475399,5.70150757,9.31209278,-0.396291167,-0.353163391,11.7256517,1.52427578,-0.000254631042,1
681,6.870030,-4.02978468,-4.40337801,-2.39956069,-2.83369613,21.2516384,-0.258027554,11.7320433,1.74081779,-20.9015541,3.85015702,9.55159473,-0.399486959,-0.212548494,11.7320433,1.64257717,-0.000254631042,1
682,6.879980,-3.93897057,-4.49050045,-2.38774705,-2.94666028,20.626997,1.33414185,11.6936941,1.85872889,-20.156702,4.57824278,9.85815716,-0.350484788,-0.296704382,11.6936941,1.76080227,-0.000254631042,1
683,6.889978,-3.84151149,-4.52298737,-2.3626442,-3.1260736,15.8619823,3.73048854,11.6851721,1.97215843,-16.0588245,2.7628181,9.64978981,-0.313200533,-0.211483225,11.6851721,1.87860012,-0.000254631042,1
684,6.900001,-3.75291252,-4.51634169,-2.38405561,-3.30401015,16.4728394,5.39093399,11.6787806,2.08676505,-16.9880924,3.43821359,12.6555395,-0.240762547,-0.330792844,11.6787806,1.99624538,-0.000254631042,1
685,6.909977,-3.58605099,-4.52446318,-2.35673761,-3.22353292,21.4101543,8.21592236,11.668128,2.20683885,-22.1038532,6.1086607,10.4377518,-0.192825645,-0.257289588,11.668128,2.11340237,-0.000254631042,1
686,6.920003,-3.42583418,-4.47351933,-2.36412072,-3.48563814,17.7212734,10.810174,11.6201906,2.32392168,-20.3219585,4.23335981,13.3548861,-0.251415193,-0.336119145,11.6201906,2.2306509,-0.000254631042,1
687,6.929977,-3.24199057,-4.5037899,-2.35673761,-3.56463933,17.562767,13.1521187,11.6489525,2.43919945,-21.3853474,4.90875578,9.85576153,-0.185368791,-0.304161221,11.6489525,2.34759426,-0.000254631042,1
688,6.940002,-3.11499858,-4.50600529,-2.35526085,-3.62222886,20.0467644,16.4182129,11.6926289,2.5597527,-24.7335854,7.72529888,9.60907459,-0.221587777,-0.327597052,11.6926289,2.46511745,-0.000254631042,1
689,6.950004,-2.95478177,-4.47204208,-2.42171001,-3.916821,14.0186996,14.5870476,11.6968899,2.66952872,-19.3663464,5.85239363,10.4736767,-0.196021438,-0.256224334,11.6968899,2.58257961,-0.000254631042,1
690,6.959978,-2.82778955,-4.5037899,-2.43204665,-4.03126097,4.91820145,17.1976395,11.7640018,2.78565288,-17.8335342,-1.38296103,3.23353291,-0.301482618,-0.232788518,11.7640018,2.70013332,-0.000254631042,1
691,6.969978,-2.66240454,-4.41297626,-2.51547766,-4.13979578,9.77177429,17.0744114,11.7661324,2.90489817,-18.8897381,5.49553585,13.8482599,-0.27378574,-0.0943041295,11.7661324,2.81777859,-0.000254631042,1
692,6.979974,-2.5701139,-4.28007746,-2.63287163,-4.3945179,6.46231461,17.9613972,11.730978,3.01960063,-18.6143093,4.22856998,8.96241951,-0.447423846,-0.0729988441,11.730978,2.93527126,-0.000254631042,1
693,6.989983,-2.46158004,-4.18409538,-2.6963675,-4.46835089,3.06004691,17.5667629,11.7735891,3.13408494,-17.589241,2.92807436,8.42354012,-0.490034431,-0.124131538,11.7735891,3.02929592,-0.000254631042,1
694,6.999980,-2.37667227,-4.05488825,-2.82631278,-4.49197769,-2.24235725,20.9857178,11.806612,-3.0330379,-21.1051311,0.0444707274,5.04656267,-0.42292276,-0.167807385,11.806612,-3.13615274,-0.000254631042,1
695,7.009978,-2.36855054,-4.01132679,-3.01310945,-4.46982765,0.0832075626,21.3812428,11.7363043,-2.91981792,-20.839283,4.7842145,11.7909374,-0.345158458,-0.303095967,11.7363043,-3.01866007,-0.000254631042,1
696,7.019974,-2.38627052,-3.90500808,-3.11499858,-4.36941481,-3.03607965,24.316906,11.7075424,-2.80781865,-23.969574,5.09796238,15.7067947,-0.362202704,-0.338249683,11.7075424,-2.9018693,-0.000254631042,1
697,7.029983,-2.42171001,-3.80754852,-3.26635551,-4.37163019,-3.12398505,19.722599,11.7011509,-2.68981194,-19.1076851,5.79970312,13.3740454,-0.328114241,-0.422405571,11.7011509,-2.78504801,-0.000254631042,1
698,7.039979,-2.41654158,-3.62665892,-3.38227272,-4.36793852,-10.7019043,18.5128269,11.6606712,-2.57447243,-21.3637924,0.918652892,5.16152334,-0.41759643,-0.421340317,11.6606712,-2.66816568,-0.000254631042,1
699,7.060004,-2.48003817,-3.19547629,-3.69753838,-4.45284557,-10.1851768,15.4512529,11.6414957,-2.33490038,-18.0442963,4.10881901,5.16870832,-0.387769043,-0.474603534,11.6414957,-2.43513346,-0.000254631042,1
700,7.069978,-2.43204665,-3.0515027,-3.84889507,-4.46687412,-11.8440619,11.9972153,11.6702585,-2.21654463,-16.6791344,2.45386052,9.33843803,-0.367529005,-0.44797191,11.6702585,-2.31876993,-0.000254631042,1
701,7.079977,-2.52507591,-2.88980913,-3.94930696,-4.38492012,-12.6332989,15.7054453,11.7011509,-2.09643602,-18.8083076,7.24629498,8.01878166,-0.33557108,-0.336119145,11.7011509,-2.20158243,-0.000254631042,1
702,7.089994,-2.56051564,-2.72590089,-4.12429094,-4.32954597,-19.7923031,13.1166134,11.6990204,-1.97680712,-23.3636341,4.23335981,14.1045265,-0.377116382,-0.240245372,11.6990204,-2.08509684,-0.000254631042,1
703,7.099979,-2.62401152,-2.65502143,-4.35095692,-4.26604939,-19.7784004,12.1391068,11.7022161,-1.85190344,-22.3697014,6.17572117,13.1968145,-0.313200533,-0.211483225,11.7022161,-1.96815348,-0.000254631042,1
704,7.109995,-2.72147083,-2.5701139,-4.45136881,-4.15825367,-18.6113625,5.21661043,11.6745195,-1.72913504,-19.2010899,2.21675348,7.56612301,-0.262067825,-0.240245372,11.6745195,-1.85090494,-0.000254631042,1
705,7.119982,-2.80933142,-2.47708488,-4.45284557,-4.08220625,-20.4653835,7.16348648,11.6915636,-1.60979414,-20.7291126,6.36013794,8.37803459,-0.254610986,-0.260485381,11.6915636,-1.73383951,-0.000254631042,1
706,7.129999,-3.02861452,-2.41801858,-4.47351933,-4.0032053,-21.2540264,1.66002905,11.67665,-1.4905138,-21.0524406,3.35917783,10.7395239,-0.274850994,-0.249832749,11.67665,-1.61689663,-0.000254631042,1
707,7.140004,-3.18144798,-2.37076569,-4.48902416,-3.82748365,-22.1452904,3.83283234,11.6862373,-1.37432098,-20.9710102,8.08215714,15.2038412,-0.285503656,-0.216809556,11.6862373,-1.49973965,-0.000254631042,1
708,7.149998,-3.26783228,-2.31317616,-4.54439831,-3.72264099,-22.7758236,-1.52973747,11.5754499,-1.25259066,-22.1110382,5.67276716,7.28351068,-0.356876373,-0.229592726,11.5754499,-1.38267422,-0.000254631042,1
709,7.159984,-3.4952364,-2.3596909,-4.57245445,-3.56316257,-17.6093178,-7.64471388,11.6691933,-1.1323247,-19.1891155,0.554609895,12.5860844,-0.398421675,-0.274333805,11.6691933,-1.26591396,-0.000254631042,1
710,7.169997,-3.52772307,-2.32572794,-4.56137991,-3.34535646,-18.8616199,-6.40962505,11.6137991,-1.02538252,-19.4501724,4.30521059,8.56245136,-0.437836468,-0.260485381,11.6137991,-1.14888287,-0.000254631042,1
711,7.179982,-3.76989412,-2.39956069,-4.53996849,-3.1755414,-16.8380775,-9.12549114,11.6106033,-0.896127224,-19.4286175,3.85494685,11.3047485,-0.399486959,-0.339314938,11.6106033,-1.0315733,-0.000254631042,1
712,7.190000,-3.89688635,-2.3626442,-4.53996849,-3.08103561,-14.5026169,-6.9440217,11.6500177,-0.787048817,-18.7675915,3.74956608,7.32901621,-0.470859677,-0.314813852,11.6500177,-0.914752007,-0.000254631042,1
713,7.199974,-4.0342145,-2.38110232,-4.46835089,-2.97028685,-17.3158207,-6.14166117,11.6617365,-0.697458267,-20.5255356,7.60315275,10.1886692,-0.372855335,-0.408557147,11.6755848,-0.797442436,-0.000254631042,1
714,7.209997,-4.1021409,-2.45419645,-4.40190125,-2.81671476,-14.9032946,-13.452714,11.7054119,-0.580270767,-18.3053532,7.8594203,8.4834156,-0.434640676,-0.363816023,11.6926289,-0.679766655,-0.000254631042,1
715,7.219983,-4.26604939,-2.44902825,-4.35907841,-2.71039581,-13.5002546,-15.528554,11.6990204,-0.47415638,-15.3019981,6.76489592,8.21517372,-0.393095374,-0.49164775,11.718195,-0.562302589,-0.000254631042,1
716,7.230002,-4.37753725,-2.60186172,-4.28007746,-2.64542317,-9.61815643,-16.7737465,11.7341738,-0.347151279,-21.6655655,4.85127497,9.15402126,-0.462337554,-0.31161806,11.7299128,-0.444565773,-0.000254631042,1
717,7.239977,-4.48385572,-2.68898416,-4.2534976,-2.49701929,-8.30927277,-22.3716335,11.7245865,-0.233433723,-20.3435135,2.15208793,9.240242,-0.394160628,-0.359554976,11.7331085,-0.326493263,-0.000254631042,1
718,7.249997,-4.52298737,-2.83886456,-4.18926287,-2.50957084,-10.3076992,-15.9766998,11.7096729,-0.122899532,-17.1198177,8.27136326,4.87412119,-0.346223712,-0.177394763,11.7128687,-0.208573341,-0.000254631042,1
719,7.259982,-4.46687412,-2.94666028,-4.12576723,-2.37076569,-6.30028009,-20.674696,11.7203255,-0.0119113922,-20.7482719,6.05357504,8.2223587,-0.415465921,-0.292443305,11.7245865,-0.0912942886,-0.000254631042,1
720,7.269994,-4.55990314,-3.00203466,-4.00985003,-2.38627052,-0.91212374,-17.8951054,11.7299128,0.104692221,-17.701807,2.77718806,10.0377836,-0.387769043,-0.17419897,11.7192602,0.0262899399,-0.000254631042,1
721,7.279981,-4.59386635,-3.14896154,-3.81493187,-2.23269868,2.40077901,-22.7321949,11.7416306,0.218470573,-22.7121887,2.58319163,11.2472687,-0.480447054,-0.150763154,11.7448263,0.143843651,-0.000254631042,1
722,7.289978,-4.62635231,-3.31139326,-3.64216375,-2.2592783,2.54060721,-19.7738724,11.7565451,0.33438468,-19.5124416,4.08965874,7.26195574,-0.437836468,-0.209352702,11.7565451,0.261824608,-0.000254631042,1
723,7.300008,-4.66917515,-3.48785329,-3.50114322,-2.24525023,4.53490877,-20.4471397,11.7426958,0.456359386,-20.3530941,4.93989134,10.9574709,-0.406943798,-0.218940079,11.7426958,0.379378319,-0.000254631042,1
724,7.310001,-4.71716738,-3.62518215,-3.35273957,-2.201689,6.86133194,-22.0302143,11.7693281,0.571157694,-22.2427654,6.1374011,12.2435961,-0.445293307,-0.259420127,11.7693281,0.497267723,-0.000254631042,1
725,7.319976,-4.72676516,-3.77949214,-3.20802784,-2.23786712,9.3502264,-21.2891865,11.7703934,0.693576813,-22.3481464,6.42001343,12.9453373,-0.364333212,-0.31161806,11.7703934,0.615523338,-0.000254631042,1
726,7.329997,-4.70535374,-3.96333575,-3.02123117,-2.22383881,7.15511036,-20.5567513,11.7703934,0.812822342,-19.3280258,10.0101471,10.6556988,-0.395225883,-0.381925523,11.7703934,0.733839989,-0.000254631042,1
727,7.339984,-4.6617918,-4.11764574,-2.90974379,-2.22974563,12.1220779,-14.5900908,11.8172646,0.932738781,-18.4274979,4.49920702,11.2424784,-0.410139591,-0.395773977,11.8172646,0.852553368,-0.000254631042,1
728,7.349998,-4.62930632,-4.18557167,-2.78127527,-2.28364325,14.1181688,-12.9617424,11.8012857,1.05617833,-18.6693954,4.333951,6.55303001,-0.431444883,-0.455428779,11.8012857,0.971266747,-0.000254631042,1
729,7.359973,-4.55030489,-4.32216215,-2.6793859,-2.37371898,13.4280329,-8.26123238,11.7895679,1.17692304,-15.57024,2.47541571,8.85464382,-0.471924931,-0.406426609,11.7895679,1.08967495,-0.000254631042,1
730,7.369994,-4.47794867,-4.38344336,-2.56051564,-2.50957084,15.9134569,-9.68545246,11.8470917,1.29616857,-17.9437046,5.00695181,8.55526638,-0.369659543,-0.495908827,11.8470917,1.20863247,-0.000254631042,1
731,7.380002,-4.38344336,-4.56433344,-2.52655244,-2.66240454,18.0962963,-9.50160789,11.8172646,1.41052198,-19.3807163,6.49186373,8.85224915,-0.385638505,-0.423470825,11.8172646,1.32746792,-0.000254631042,1
732,7.389976,-4.23208666,-4.60937119,-2.43500018,-2.67200279,22.7145329,-7.13588095,11.806612,1.52868605,-22.9948006,6.17332602,6.8739624,-0.214130938,-0.34251073,11.806612,1.44608974,-0.000254631042,1
733,7.399998,-4.10066414,-4.54292154,-2.38774705,-2.82188296,20.1187038,-2.83076191,11.815134,1.65709519,-19.7998447,4.55429268,7.12543964,-0.258872032,-0.332923353,11.815134,1.56480312,-0.000254631042,1
734,7.409983,-3.99582219,-4.60937119,-2.39070058,-2.97471666,21.5186138,0.239142433,11.8417654,1.77685475,-21.1123161,4.1686945,6.00696516,-0.0831034109,-0.275399089,11.8417654,1.68389797,-0.000254631042,1
735,7.419997,-3.81640887,-4.6248765,-2.29914808,-3.13050365,19.5868797,5.83830595,11.8758545,1.89688468,-20.4249458,0.743816435,12.483098,-0.166194037,-0.292443305,11.8758545,1.7792654,-0.000254631042,1
736,7.429982,-3.66800499,-4.61232424,-2.29767156,-3.22648597,26.9267082,2.30761504,11.8854418,2.01340103,-25.3203659,9.44731808,13.5848074,-0.124648727,-0.206156909,11.8854418,1.89837551,-0.000254631042,1
737,7.440001,-3.50483465,-4.66917515,-2.26518512,-3.44724536,25.0720177,6.16128826,11.869463,2.13162661,-24.5084534,8.11808205,12.1933012,-0.213065669,-0.232788518,11.869463,2.01782131,-0.000254631042,1
738,7.449976,-3.34240294,-4.72012043,-2.27182984,-3.57866764,16.1880093,11.2980423,11.8960943,2.25208378,-19.6896744,1.41921198,12.5429735,-0.235436216,-0.185916886,11.8960943,2.13705349,-0.000254631042,1
739,7.460005,-3.19104624,-4.71273661,-2.33163452,-3.81197858,16.9678631,10.2874537,11.8683977,2.37228775,-19.1939049,5.03329706,4.98908186,-0.288699448,-0.220005348,11.8683977,2.2563467,-0.000254631042,1
740,7.469980,-2.98874474,-4.62192249,-2.35156894,-4.08663654,15.1557417,9.63349152,11.8747892,2.48991132,-16.8515759,6.20685673,6.59853506,-0.414400637,-0.211483225,11.8747892,2.37530422,-0.000254631042,1
741,7.479997,-2.84624791,-4.57836103,-2.40325212,-4.19516993,12.2603617,15.1053829,11.8854418,2.60451818,-19.2513847,2.80592823,7.69784927,-0.501752317,-0.152893677,11.8854418,2.49429226,-0.000254631042,1
742,7.490005,-2.74731207,-4.52446318,-2.40768218,-4.236516,14.4640598,19.4500542,11.9067469,2.72054601,-23.6630116,5.25124359,9.65458012,-0.509209216,-0.140110508,11.9067469,2.61358547,-0.000254631042,1
743,7.499999,-2.63287163,-4.44693899,-2.50366449,-4.34504986,10.1575584,21.6026211,11.8801155,2.8417356,-23.639061,3.32325268,12.9381523,-0.605083048,-0.108152568,11.8801155,2.73181057,-0.000254631042,1
744,7.509984,-2.56494546,-4.40337801,-2.64099312,-4.46687412,8.22601414,20.7598934,11.8747892,2.95812058,-21.9122524,4.30042076,8.56484604,-0.545428216,-0.222135872,11.8747892,2.85064602,-0.000254631042,1
745,7.519981,-2.49701929,-4.28967571,-2.79530334,-4.51781893,7.3050046,16.3263149,11.8566799,3.07597923,-16.7701454,6.21883154,11.259243,-0.560341895,-0.245571688,11.8566799,2.96948147,-0.000254631042,1
746,7.529979,-2.41358876,-4.12429094,-2.91712713,-4.56580973,4.50818825,18.1404934,11.9344435,-3.08475256,-17.8550892,5.53146076,10.2485447,-0.468729138,-0.449037194,11.9344435,3.08810329,-0.000254631042,1
747,7.539975,-2.39217734,-4.00689697,-3.07955885,-4.52151012,3.06675625,19.708849,11.869463,-2.97395611,-18.9208717,6.31223726,12.0687599,-0.303613156,-0.494843572,11.869463,-3.07591105,-0.000254631042,1
748,7.549984,-2.37371898,-3.83855867,-3.25454235,-4.51929522,-2.50598669,21.0836411,11.9120731,-2.85995126,-20.9494534,3.45258355,6.07163095,-0.295091033,-0.569412053,11.9120731,-2.95735025,-0.000254631042,1
749,7.559980,-2.37371898,-3.67317319,-3.2944119,-4.57023954,-4.61090469,20.7154541,11.882246,-2.74588537,-20.8919735,3.73040581,7.64036894,-0.226914108,-0.542780459,11.882246,-2.83845377,-0.000254631042,1
750,7.569976,-2.40325212,-3.49080682,-3.49375987,-4.5968194,-0.560290694,22.7793388,11.8683977,-2.62556744,-20.0896416,10.7526035,11.5777807,-0.268459409,-0.393643439,11.8683977,-2.71989298,-0.000254631042,1
751,7.579984,-2.37371898,-3.29736519,-3.66357517,-4.55547333,-10.1534128,20.339159,11.9003553,-2.50689721,-22.3984413,3.88368726,6.447649,-0.338766873,-0.348902315,11.9003553,-2.60136271,-0.000254631042,1
752,7.589981,-2.3596909,-3.18292451,-3.83634305,-4.63225937,-9.83039379,18.9446468,11.8438959,-2.38237667,-20.50877,5.90987396,7.06795883,-0.285503656,-0.269007504,11.8438959,-2.48264933,-0.000254631042,1
753,7.610003,-2.47265482,-2.88168764,-4.16859007,-4.50748253,-18.2948036,11.0148706,11.8556147,-2.13970995,-21.3470268,-0.5758394,13.9680109,-0.387769043,-0.0783251673,11.8556147,-2.24583292,-0.000254631042,1
754,7.619976,-2.5376277,-2.72590089,-4.36498499,-4.51634169,-11.2332602,17.965416,11.8407001,-2.032794,-21.2296715,6.18290615,13.4626617,-0.33024475,-0.114544153,11.8598757,-2.12782145,-0.000254631042,1
755,7.629996,-2.60998368,-2.56642222,-4.42035961,-4.42035961,-22.091095,12.9358826,11.8193951,-1.89577818,-21.1817703,6.12542582,12.5860844,-0.314265788,-0.157154739,11.8204603,-2.00956583,-0.000254631042,1
756,7.639982,-2.69193769,-2.5701139,-4.44693899,-4.30813408,-16.743536,13.9777651,11.8225908,-1.79391956,-23.6606159,9.24374104,15.9079762,-0.328114241,-0.20509164,11.8438959,-1.89149332,-0.000254631042,1
757,7.649997,-2.87430429,-2.46453333,-4.50895834,-4.21658182,-19.3355732,5.23935509,11.8130035,-1.67432547,-21.6032944,7.53130245,11.3502541,-0.294025779,-0.260485381,11.8002205,-1.77293253,-0.000254631042,1
758,7.659984,-2.97324014,-2.41506505,-4.62930632,-4.0342145,-13.5035686,6.30481529,11.8460264,-1.54777336,-18.0921955,5.06443214,11.0005817,-0.333440542,-0.326531768,11.8460264,-1.65394497,-0.000254631042,1
759,7.670002,-3.16003656,-2.31022286,-4.62930632,-3.8555398,-20.726862,2.99930835,11.8460264,-1.43176317,-20.1495171,4.836905,8.0044117,-0.329179496,-0.387251854,11.8470917,-1.53581142,-0.000254631042,1
760,7.679976,-3.33132815,-2.35378408,-4.61970758,-3.72264099,-23.8114166,2.69715953,11.877985,-1.3142972,-22.3481464,2.91130924,4.64659452,-0.401617467,-0.332923353,11.9099426,-1.41709805,-0.000254631042,1
761,7.690003,-3.42435741,-2.32277441,-4.68320322,-3.60967731,-20.628624,-3.76209879,11.8098078,-1.18665457,-20.5351162,4.24293995,10.0186234,-0.444228053,-0.235984311,11.8289824,-1.29801846,-0.000254631042,1
762,7.699977,-3.64216375,-2.37076569,-4.7068305,-3.41475916,-17.5136127,-8.87171268,11.8673325,-1.06658125,-19.6202183,0.693521023,6.4428587,-0.459141761,-0.300965428,11.865202,-1.17863369,-0.000254631042,1
763,7.709998,-3.79056692,-2.29914808,-4.68615723,-3.23903751,-24.0985298,-10.0205193,11.8353739,-0.949532986,-25.4281406,5.87873888,8.3349247,-0.548623979,-0.270072788,11.8332434,-1.05955791,-0.000254631042,1
764,7.720005,-3.92937255,-2.30062461,-4.69280148,-3.09506392,-17.6149044,-7.96036005,11.8215256,-0.836295605,-18.4083385,5.89789915,12.0064898,-0.427183837,-0.295639098,11.8215256,-0.940691948,-0.000254631042,1
765,7.729979,-4.01723337,-2.38110232,-4.67877388,-3.02123117,-16.8844814,-10.5848904,11.8524179,-0.718287945,-19.0813389,5.74701262,7.1996851,-0.4665986,-0.294573843,11.8524179,-0.821612358,-0.000254631042,1
766,7.739996,-4.16859007,-2.38110232,-4.57023954,-2.89423895,-14.4030848,-14.3584404,11.8311129,-0.598406315,-19.9770756,3.81183648,7.40805197,-0.400552213,-0.424536109,11.8311129,-0.702624321,-0.000254631042,1
767,7.749981,-4.25571251,-2.46600986,-4.51634169,-2.81080818,-13.7613182,-16.191452,11.8854418,-0.481166363,-20.7219276,4.70517874,8.909729,-0.336636335,-0.3552939,11.8854418,-0.583512306,-0.000254631042,1
768,7.760001,-4.26309633,-2.55756211,-4.50083685,-2.77389193,-13.778348,-17.5124912,11.8715935,-0.364362717,-21.2727814,6.63317013,10.4018259,-0.415465921,-0.3734034,11.8715935,-0.463974953,-0.000254631042,1
769,7.769975,-4.36793852,-2.56199241,-4.42995787,-2.70079756,-7.84972429,-16.3489151,11.8662672,-0.247471333,-17.7736588,3.605865,9.25461197,-0.311069995,-0.367011815,11.8662672,-0.34492588,-0.000254631042,1
770,7.779983,-4.47942591,-2.6963675,-4.35760164,-2.53098249,-13.300971,-21.2315044,11.8556147,-0.137660503,-22.8558903,10.2616243,7.96130133,-0.396291167,-0.321205437,11.8556147,-0.225937843,-0.000254631042,1
771,7.789979,-4.5488286,-2.69932103,-4.24168491,-2.45050502,-4.56663609,-19.3509655,11.8726587,-0.0245800018,-19.4573574,4.08965874,10.9574709,-0.385638505,-0.274333805,11.8726587,-0.107254982,-0.000254631042,1
772,7.799976,-4.55178213,-2.81671476,-4.23503971,-2.40620565,-1.27890432,-25.8294201,11.869463,0.0906019211,-25.6077671,3.61065483,8.73728752,-0.481512308,-0.127327323,11.869463,0.0115499496,-0.000254631042,1
773,7.809974,-4.71864319,-2.86175275,-4.15825367,-2.33975601,-4.82163763,-18.274828,11.8833113,0.208861828,-16.8779202,8.50607491,7.40086699,-0.487903893,-0.140110508,11.8833113,0.130690575,-0.000254631042,1
774,7.819982,-4.74226952,-3.08546543,-3.99877548,-2.25632501,1.42237651,-23.0009499,11.8897028,0.327566385,-22.2355804,6.05357504,9.47974396,-0.426118553,-0.0666072592,11.8897028,0.24995327,-0.000254631042,1
775,7.829979,-4.84415865,-3.14600849,-3.78909063,-2.23122191,0.699681163,-22.6371136,11.8928986,0.446811914,-20.7171383,9.15033531,12.5525541,-0.396291167,-0.0974999219,11.8928986,0.369368553,-0.000254631042,1
776,7.839976,-4.83456039,-3.35938454,-3.59712577,-2.18027735,6.98622894,-20.1488838,11.882246,0.568446398,-20.741087,4.95905113,12.4950733,-0.324918449,-0.167807385,11.882246,0.488417625,-0.000254631042,1
777,7.849973,-4.88255167,-3.43321729,-3.5291996,-2.17584753,13.7666702,-17.5414963,11.9099426,0.687595844,-22.2930603,0.494734406,8.9576292,-0.315331042,-0.24876748,11.9099426,0.608016014,-0.000254631042,1
778,8.000002,-3.30179524,-4.7932148,-2.06952858,-3.66948175,17.2646275,13.0310669,11.8119383,2.49558783,-20.7985687,5.94100952,5.19505358,-0.289764702,-0.232788518,11.8119383,2.38345242,-0.000254631042,1
779,8.009977,-3.11056876,-4.69723225,-2.14779139,-3.87399817,11.6854811,16.0772419,11.8215256,2.60946202,-19.7830791,1.91258597,8.42354012,-0.208804607,-0.176329508,11.8215256,2.50201321,-0.000254631042,1
780,8.020004,-2.91565013,-4.67729712,-2.20981073,-3.91534472,11.2625408,16.0292492,11.7810459,2.72568178,-19.2130642,3.82620668,11.4149199,-0.248219401,-0.110283099,11.7810459,2.62036037,-0.000254631042,1
781,8.029978,-2.83074307,-4.69427872,-2.27921319,-4.21510506,12.0024023,17.2327442,11.8225908,2.8448658,-19.9890518,6.43917322,9.33364773,-0.185368791,-0.202961117,11.8225908,2.73876858,-0.000254631042,1
782,8.039974,-2.59890842,-4.65883923,-2.3626442,-4.35095692,7.35246706,19.6158657,11.8225908,2.96316934,-20.6093616,3.75435615,10.4425421,-0.264198363,-0.235984311,11.8225908,2.85702419,-0.000254631042,1
783,8.049982,-2.53393602,-4.59386635,-2.34566259,-4.50231361,2.14615989,22.2440147,11.8769197,3.0769825,-22.3361702,0.705496132,9.6665554,-0.341962665,-0.180590555,11.8769197,2.97573757,-0.000254631042,1
784,8.059978,-2.35156894,-4.52151012,-2.51104784,-4.60124922,6.1196394,21.8810558,11.8193951,-3.08636451,-21.5098896,7.31814575,12.1142654,-0.427183837,-0.160350531,11.8193951,3.09408474,-0.000254631042,1
785,8.069974,-2.17584753,-4.4055934,-2.62401152,-4.6617918,2.2649684,21.6496506,11.9195299,-2.97741675,-22.0703239,8.18993282,12.6052446,-0.537971318,-0.144371569,11.9269867,-3.07017374,-0.000254631042,1
786,8.079982,-2.11087465,-4.27564716,-2.76429367,-4.73931694,-1.87503362,17.5601768,11.8321781,-2.88636112,-17.8934097,5.36859941,5.93990469,-0.605083048,-0.229592726,11.8140688,-2.95188761,-0.000254631042,1
787,8.089978,-1.98240614,-4.09475756,-2.87282753,-4.68837166,-1.50077295,19.4057293,11.8790503,-2.76621819,-18.1353054,5.67516232,3.49938011,-0.532644987,-0.363816023,11.8960943,-2.8339982,-0.000254631042,1
788,8.099975,-1.9669013,-4.01428032,-3.0227077,-4.72528839,-9.45236588,18.2564278,11.7959595,-2.65119338,-20.4704494,1.09827936,7.23800564,-0.52305764,-0.369142354,11.7767849,-2.71586466,-0.000254631042,1
789,8.109984,-2.00086427,-3.89097953,-3.26044869,-4.695755,-5.96186209,19.0359535,11.7885027,-2.52936721,-16.4396324,4.7123642,6.54105473,-0.352615297,-0.438384533,11.7959595,-2.59834146,-0.000254631042,1
790,8.119998,-1.94105971,-3.69753838,-3.45389032,-4.67582035,-10.3528824,16.5439739,11.8002205,-2.40733147,-19.6537495,3.95314264,8.55766106,-0.298286825,-0.390447646,11.7842417,-2.48087931,-0.000254631042,1
791,8.129984,-2.01489234,-3.42288065,-3.63256574,-4.695755,-14.570859,15.241827,11.6628017,-2.29071927,-21.0045395,1.85271049,12.4567528,-0.33557108,-0.463950902,11.659606,-2.36369181,-0.000254631042,1
792,8.139998,-2.01341558,-3.21836448,-3.8503716,-4.66326904,-13.2340622,15.6554985,11.6809111,-2.16890192,-19.7519436,5.48595572,10.7850294,-0.395225883,-0.406426609,11.6798458,-2.24702311,-0.000254631042,1
793,8.149982,-2.0414722,-3.04116607,-3.91091442,-4.64038086,-19.1080379,12.1849251,11.659606,-2.05089521,-22.5756721,1.9820416,9.26658726,-0.331310034,-0.428797156,11.6276474,-2.13038492,-0.000254631042,1
794,8.160003,-2.15738964,-2.82188296,-4.18926287,-4.68172741,-17.6775188,13.2488012,11.5786457,-1.93062925,-21.2105122,6.17572117,10.8185596,-0.360072166,-0.265811712,11.6169949,-2.01429605,-0.000254631042,1
795,8.169977,-2.22679234,-2.69193769,-4.26900244,-4.67582035,-15.008935,14.0056791,11.646822,-1.80249023,-17.8239536,10.1849833,9.72643089,-0.333440542,-0.303095967,11.646822,-1.89781046,-0.000254631042,1
796,8.179994,-2.28364325,-2.47117805,-4.44250917,-4.6248765,-17.498148,3.10407829,11.6372347,-1.68708992,-17.7401276,1.05277395,6.32789803,-0.303613156,-0.319074929,11.6372347,-1.78098917,-0.000254631042,1
797,8.189980,-2.45419645,-2.35009241,-4.66031551,-4.55325842,-14.4174366,6.49589157,11.672389,-1.5654211,-14.3823109,6.57329464,10.8880157,-0.254610986,-0.244506434,11.672389,-1.66471767,-0.000254631042,1
798,8.200000,-2.56346893,-2.17732406,-4.6182313,-4.39747095,-20.7957993,-2.2661767,11.7192602,-1.44535589,-20.9159241,0.353428245,9.7312212,-0.266328901,-0.287116975,11.7192602,-1.54749966,-0.000254631042,1
799,8.209975,-2.68233943,-2.09979987,-4.72233438,-4.16711378,-17.2240562,2.78558397,11.7395,-1.332232,-16.0779839,6.7768712,9.13007069,-0.14275822,-0.192308471,11.7395,-1.4305563,-0.000254631042,1
800,8.219995,-2.93558526,-2.05697703,-4.68837166,-4.10730886,-23.544836,-5.2891984,11.7118034,-1.20625544,-23.8833542,3.45258355,7.71461439,-0.325983703,-0.310552806,11.7118034,-1.31312466,-0.000254631042,1
801,8.229980,-2.98505306,-1.9609946,-4.76958799,-3.94783068,-21.7057228,-6.06463242,11.6958246,-1.08573675,-22.0296078,4.75547409,8.51215553,-0.185368791,-0.177394763,11.6958246,-1.19596767,-0.000254631042,1
802,8.240004,-3.26340222,-1.95951796,-4.7481761,-3.79942727,-17.2171688,-9.79481602,11.7149992,-0.966204166,-19.7327843,1.72816956,7.94932604,-0.37924692,-0.256224334,11.7149992,-1.07774639,-0.000254631042,1
803,8.249978,-3.44281554,-1.97945297,-4.8035512,-3.61853743,-17.1660557,-8.55297756,11.6276474,-0.855660915,-18.5688038,4.79858446,8.49060059,-0.327048957,-0.197634786,11.6276474,-0.96119976,-0.000254631042,1
804,8.260000,-3.57128406,-1.91964829,-4.85966349,-3.43838549,-16.2821217,-10.0720596,11.6031466,-0.743914604,-18.4370785,5.16023302,12.1070805,-0.43570593,-0.310552806,11.6031466,-0.844683647,-0.000254631042,1
805,8.269974,-3.73593092,-1.9499197,-4.8301301,-3.24789715,-13.3969488,-17.0477982,11.508338,-0.627206326,-21.6655655,0.842012227,9.31688213,-0.476185977,-0.264746457,11.508338,-0.728442192,-0.000254631042,1
806,8.280000,-3.95226049,-2.01046252,-4.76368141,-3.04116607,-14.9496078,-12.6392317,11.504077,-0.50971365,-18.3269081,6.88225222,10.0952635,-0.39203009,-0.362750769,11.504077,-0.612780571,-0.000254631042,1
807,8.289974,-4.11912203,-2.05402398,-4.75408268,-2.871351,-10.0595074,-14.3420849,11.5147295,-0.400573254,-17.1293983,3.67053032,11.4292898,-0.436771214,-0.378729731,11.5147295,-0.496872902,-0.000254631042,1
808,8.299997,-4.31847048,-2.1012764,-4.74226952,-2.63139486,-11.2078257,-12.5892611,11.4614668,-0.288992405,-15.2612829,7.1552844,10.3060255,-0.403748006,-0.443710864,11.4614668,-0.381272316,-0.000254631042,1
809,8.309983,-4.52151012,-2.21940899,-4.70166206,-2.43500018,-12.3765812,-22.0940704,11.5573406,-0.176801205,-23.9264641,8.29770851,5.83691883,-0.419726968,-0.319074929,11.5573406,-0.288132668,-0.000254631042,1
810,8.320001,-4.62635231,-2.31317616,-4.59534311,-2.35009241,-6.0950613,-16.6275597,11.6255169,-0.0688042641,-17.0072517,4.93749619,12.2340164,-0.429314345,-0.325466514,11.6255169,-0.172013283,-0.000254631042,1
811,8.330076,-4.72381163,-2.4445982,-4.52446318,-2.30874634,-5.70913935,-20.4170818,11.6116686,0.0471103191,-20.1255684,6.66430521,6.71110106,-0.302547872,-0.257289588,11.6116686,-0.0557413101,-0.000254631042,1
812,8.339984,-4.64628696,-2.68086267,-4.37753725,-2.14483786,-4.26476908,-19.9203129,11.7022161,0.160443783,-18.9831429,7.3923912,10.2820749,-0.415465921,-0.251963288,11.7022161,0.0614156723,-0.000254631042,1
813,8.349980,-4.68984842,-2.85215449,-4.17523527,-2.13745451,0.10257455,-24.0973434,11.6628017,0.273106098,-23.2319088,6.40085316,8.25828362,-0.387769043,-0.209352702,11.6628017,0.178420067,-0.000254631042,1
814,8.360002,-4.79469061,-3.0057261,-4.01428032,-1.97059286,2.88394976,-17.8972015,11.7022161,0.393022776,-17.6371422,4.19024992,4.49331331,-0.323853165,-0.225331664,11.7022161,0.295607567,-0.000254631042,1
815,8.369977,-4.78656912,-3.18440127,-3.85701632,-2.0045557,3.47679806,-13.9577284,11.6500177,0.509224653,-13.8817511,3.76872635,9.31688213,-0.478316516,-0.185916886,11.6500177,0.412917137,-0.000254631042,1
816,8.379997,-4.81462574,-3.31287003,-3.70049143,-1.90414333,8.24266243,-17.8769817,11.6606712,0.627388716,-19.3112602,3.82141662,8.06189251,-0.443162799,-0.344641268,11.6606712,0.529891014,-0.000254631042,1
817,8.389983,-4.87812185,-3.60672402,-3.43986201,-1.88863862,10.916605,-17.452282,11.6500177,0.744149208,-20.2333431,3.79028153,14.3248682,-0.542232394,-0.296704382,11.6500177,0.646773338,-0.000254631042,1
818,8.400003,-4.8855052,-3.6886785,-3.2124579,-2.01341558,10.2100201,-14.9120655,11.6127338,0.864031076,-17.4479351,4.70996904,9.20431614,-0.399486959,-0.407491863,11.6127338,0.76368618,-0.000254631042,1
819,8.409977,-4.91060829,-3.93897057,-3.09801722,-1.9499197,14.0368748,-15.1615582,11.6798458,0.984741449,-20.0800629,4.86804008,7.37212658,-0.526253402,-0.367011815,11.6798458,0.88099575,-0.000254631042,1
820,8.420001,-4.91503811,-4.08072948,-2.97471666,-1.94844317,17.2047272,-13.7158461,11.6915636,1.10513735,-21.5314445,4.53034258,7.4367919,-0.558211386,-0.426666647,11.6915636,0.998122215,-0.000254631042,1
821,8.429976,-4.91060829,-4.16416025,-2.8049016,-2.02892065,15.1344957,-13.6056223,11.7512178,1.22358918,-18.8609962,7.64386845,7.33141136,-0.501752317,-0.377664477,11.7512178,1.11592007,-0.000254631042,1
822,8.439997,-4.87959862,-4.32216215,-2.65945125,-2.19135213,21.4339142,-7.57052469,11.7671976,1.34102082,-22.5948334,2.48978567,7.07514429,-0.55927664,-0.282855928,11.7671976,1.23432827,-0.000254631042,1
823,8.450000,-4.84563541,-4.42257452,-2.60407686,-2.2068572,21.0704689,-8.06488323,11.7544146,1.45699644,-21.8499813,5.62007666,8.07626247,-0.449554384,-0.349967599,11.7544146,1.35282803,-0.000254631042,1
824,8.459974,-4.68320322,-4.49345398,-2.51252437,-2.29028821,21.452116,-1.13515747,11.8343086,1.58024406,-21.4404335,1.33778131,11.3694143,-0.357941628,-0.222135872,11.8343086,1.47120571,-0.000254631042,1
825,8.470000,-4.5148654,-4.68615723,-2.37076569,-2.42466354,20.168047,-4.37137938,11.8279171,1.70254064,-19.4190369,6.98284292,13.0507183,-0.258872032,-0.295639098,11.8279171,1.59034634,-0.000254631042,1
826,8.479974,-4.41149998,-4.67582035,-2.27773666,-2.59595537,17.5594215,1.69452322,11.8534842,1.82659864,-17.4167995,2.80353332,3.78917742,-0.26100257,-0.336119145,11.8534842,1.70971584,-0.000254631042,1
827,8.490003,-4.24906826,-4.66769886,-2.22679234,-2.7709384,13.351409,2.06003094,11.8747892,1.9427228,-13.1871958,2.93286443,8.8570385,-0.29935208,-0.471407741,11.8747892,1.82855129,-0.000254631042,1
828,8.499977,-4.03790665,-4.76663446,-2.118258,-2.8912859,22.2497139,5.60692406,11.886507,2.05704165,-18.9472179,2.48020577,9.26898193,-0.240762547,-0.41707924,11.886507,1.94769192,-0.000254631042,1
829,8.509999,-3.81936145,-4.81905556,-2.14336133,-3.14157844,26.1189613,7.84418201,11.8620062,2.15168142,-22.0176334,6.10387087,13.4554768,-0.26100257,-0.433058232,11.877985,2.0671072,-0.000254631042,1
830,8.519984,-3.67612648,-4.83603716,-2.04442573,-3.26635551,17.7764931,13.2335987,11.8577452,2.26388121,-24.2330265,3.48850894,13.7476692,-0.29935208,-0.287116975,11.8577452,2.18591213,-0.000254631042,1
831,8.529981,-3.45832062,-4.85523319,-2.03704238,-3.63108873,9.34039211,11.2639704,11.8833113,2.39320564,-20.2596893,1.0336138,8.87859344,-0.223718315,-0.362750769,11.8705282,2.30517483,-0.000254631042,1
832,8.539978,-3.20655131,-4.86261654,-2.09684682,-3.7145195,19.4264565,12.7980843,11.8726587,2.49916267,-22.1828899,6.69783545,10.4425421,-0.345158458,-0.303095967,11.8801155,2.42397976,-0.000254631042,1
833,8.550000,-3.02123117,-4.86557055,-2.08798671,-3.93232584,13.4529371,15.6668081,11.8087425,2.62505221,-24.2162609,3.82860184,10.4138012,-0.393095374,-0.25515908,11.8193951,2.54251003,-0.000254631042,1
834,8.559974,-2.87282753,-4.87959862,-2.15738964,-4.35612488,9.12181377,15.5597401,11.7874374,2.74152517,-21.9002762,4.58542776,9.70248032,-0.364333212,-0.185916886,11.7565451,2.66097927,-0.000254631042,1
835,8.569983,-2.53910422,-4.87664557,-2.26370835,-4.44250917,9.12444115,14.3645353,11.8268518,2.8605175,-16.3318558,9.26290131,5.81057358,-0.403748006,-0.206156909,11.8193951,2.77892971,-0.000254631042,1
836,8.579979,-2.54501104,-4.71864319,-2.32129788,-4.52298737,4.8258729,19.0668163,11.7853069,2.96518373,-19.6178226,1.4048419,9.0917511,-0.432510138,-0.164611593,11.7565451,2.89755154,-0.000254631042,1
837,8.589975,-2.44902825,-4.4978838,-2.52212262,-4.51634169,8.48396492,22.050272,11.793829,3.09584236,-22.4152069,7.46663666,8.05470753,-0.452750176,-0.15608947,11.7906332,3.01470852,-0.000254631042,1
838,8.599983,-2.22679234,-4.32216215,-2.77684522,-4.60789394,0.566087723,20.1425209,11.7746544,-3.08465576,-20.0776672,1.71140432,7.45834732,-0.546493471,-0.220005348,11.7746544,3.13278103,-0.000254631042,1
839,8.609981,-2.28881145,-4.11469221,-2.81819153,-4.61232424,3.55761313,22.6733456,11.718195,-2.96067572,-21.6631699,7.57920265,9.7144556,-0.433575422,-0.265811712,11.718195,-3.03336954,-0.000254631042,1
840,8.619978,-2.24229717,-3.91386795,-3.07512903,-4.6728673,-4.68022633,21.2518463,11.7448263,-2.86033392,-21.7158604,1.40244687,8.11937237,-0.508143902,-0.288182259,11.7448263,-2.91581583,-0.000254631042,1
841,8.629975,-2.118258,-3.7639873,-3.18440127,-4.68320322,1.76642632,20.9003544,11.7416306,-2.73539543,-18.5017433,9.88081646,9.31927776,-0.364333212,-0.309487551,11.7416306,-2.79890299,-0.000254631042,1
842,8.639983,-2.20538068,-3.5291996,-3.42140412,-4.75925159,-5.06634951,19.2890892,11.7608061,-2.6261251,-19.2801247,5.10035753,11.582571,-0.39203009,-0.310552806,11.7608061,-2.6815629,-0.000254631042,1
843,8.659995,-2.21128726,-3.15560627,-3.79942727,-4.74226952,-8.80626965,19.0768318,11.7618713,-2.37371826,-19.8405609,6.91578245,11.6256819,-0.172585621,-0.309487551,11.7618713,-2.44703531,-0.000254631042,1
844,8.669980,-2.28364325,-2.92672539,-4.07334661,-4.73931694,-14.5489407,16.5876045,11.6617365,-2.2577424,-21.7685509,3.59867978,8.03794193,-0.232240424,-0.211483225,11.6617365,-2.33009195,-0.000254631042,1
845,8.680004,-2.26666164,-2.74583554,-4.32806873,-4.67582035,-17.6800079,15.6333494,11.6990204,-2.1473999,-23.3444748,3.46695375,1.85879147,-0.188564584,-0.20509164,11.6990204,-2.2133317,-0.000254631042,1
846,8.689976,-2.37371898,-2.54648733,-4.49345398,-4.60937119,-17.3526154,13.6810255,11.7277822,-2.02973318,-21.6176643,4.57824278,2.98684597,-0.189629853,-0.137979984,11.7277822,-2.09635782,-0.000254631042,1
847,8.700003,-2.40325212,-2.44607496,-4.6558857,-4.51191187,-21.5383034,10.70261,11.7032814,-1.9097209,-23.8713779,2.93286443,4.42864752,-0.290829986,-0.15608947,11.7032814,-1.97941446,-0.000254631042,1
848,8.709977,-2.62401152,-2.33458757,-4.62192249,-4.47794867,-19.2200623,13.8255482,11.6745195,-1.77109194,-21.5865288,9.72514057,13.7524586,-0.311069995,-0.0463672355,11.6745195,-1.86259317,-0.000254631042,1
849,8.720003,-2.83074307,-2.24672699,-4.58574438,-4.3125639,-23.130724,0.304207832,11.6745195,-1.66224003,-23.061861,-1.80927444,10.7682648,-0.399486959,-0.0751293674,11.6745195,-1.74543619,-0.000254631042,1
850,8.729978,-2.87282753,-2.22236228,-4.62782955,-4.09771061,-16.8005028,3.97747135,11.6265821,-1.52738762,-16.6120739,4.70278406,9.50608921,-0.402682751,-0.0698030517,11.6265821,-1.62885952,-0.000254631042,1
851,8.740005,-3.06110096,-2.13228631,-4.68172741,-3.8673532,-19.8866215,-1.62621689,11.601016,-1.42355013,-19.9100151,1.30904102,8.84985352,-0.545428216,-0.123066269,11.601016,-1.51188564,-0.000254631042,1
852,8.749979,-3.29884171,-2.13745451,-4.71421337,-3.78244567,-20.0883827,1.78088486,11.5903635,-1.29969263,-18.8777618,7.09540892,15.0697193,-0.52305764,-0.173133701,11.5903635,-1.41880703,-0.000254631042,1
853,8.760002,-3.39630079,-2.15738964,-4.70535374,-3.53879786,-21.3771477,-2.77321696,11.5775805,-1.18664598,-20.8584442,5.44045019,17.9676933,-0.606148303,-0.271138042,11.5775805,-1.30238247,-0.000254631042,1
854,8.769977,-3.62665892,-2.17584753,-4.7068305,-3.29145861,-14.7579632,-5.70192528,11.5541439,-1.05663157,-15.6540661,2.29339409,12.940547,-0.595495641,-0.449037194,11.5541439,-1.18540859,-0.000254631042,1
855,8.779995,-3.92641902,-2.17584753,-4.71126032,-3.17111135,-19.9753475,-7.25999212,11.5935593,-0.957501888,-20.5135612,5.56020117,9.37675762,-0.568864048,-0.495908827,11.5935593,-1.06871319,-0.000254631042,1
856,8.789981,-4.02978468,-2.20021248,-4.73562527,-2.9016223,-15.7123652,-5.69663525,11.5541439,-0.82840395,-15.4289341,6.42480326,12.7249956,-0.604017735,-0.495908827,11.5541439,-0.952044487,-0.000254631042,1
857,8.799997,-4.32216215,-2.22383881,-4.69427872,-2.71482611,-13.7535524,-8.72847271,11.5711889,-0.728821278,-15.6708307,4.44651699,2.63956809,-0.565668225,-0.608826876,11.5711889,-0.834856987,-0.000254631042,1
858,8.810002,-4.52151012,-2.33458757,-4.68468046,-2.6365633,-15.0342093,-10.7655506,11.6063423,-0.60182476,-17.3856659,6.2978673,9.15641594,-0.517731309,-0.532127798,11.6063423,-0.718127251,-0.000254631042,1
859,8.819975,-4.58131409,-2.49554276,-4.59238911,-2.45714998,-13.5332165,-15.2396746,11.5871677,-0.48328495,-19.7830791,4.90157032,8.05470753,-0.408009052,-0.527866781,11.5871677,-0.601122856,-0.000254631042,1
860,8.829998,-4.61675406,-2.62105846,-4.42035961,-2.39217734,-14.5929537,-13.9574814,11.5743847,-0.371799946,-18.3053532,8.52523518,10.3036308,-0.328114241,-0.405361354,11.5743847,-0.484482765,-0.000254631042,1
861,8.839984,-4.61527777,-2.68381596,-4.24611473,-2.29028821,-8.09097672,-19.5188503,11.5637321,-0.257254124,-20.9350834,2.85861874,7.43918705,-0.333440542,-0.358489722,11.5637321,-0.367508888,-0.000254631042,1
862,8.850004,-4.60124922,-2.81376171,-4.11912203,-2.24229717,-6.00307417,-15.8346891,11.6031466,-0.147504807,-16.5450134,3.61065483,4.54600382,-0.173650876,-0.371272892,11.6031466,-0.25093174,-0.000254631042,1
863,8.859979,-4.67434359,-2.87578082,-3.94487739,-2.12490296,-4.9462676,-16.5157051,11.6617365,-0.0373101234,-16.688715,4.32676601,7.31943607,-0.234370962,-0.364881307,11.6617365,-0.134202003,-0.000254631042,1
864,8.870001,-4.71864319,-3.25454235,-3.80754852,-2.09389329,-1.99231362,-16.1234474,11.6617365,0.0755438805,-15.9270983,3.2035017,10.682044,-0.239697278,-0.356359184,11.6617365,-0.0171060562,-0.000254631042,1
865,8.879995,-4.82274723,-3.31730008,-3.62518215,-2.04442573,-2.05991983,-18.5038166,11.7000856,0.181370497,-17.828743,5.36380959,13.9249001,-0.288699448,-0.367011815,11.7000856,0.0999593735,-0.000254631042,1
866,8.889981,-4.8161025,-3.6111536,-3.38374949,-1.98609793,4.18249369,-21.881218,11.6372347,0.305733919,-22.1254082,2.5975616,8.63430214,-0.398421675,-0.36062023,11.6372347,0.217543602,-0.000254631042,1
867,8.899995,-4.85671043,-3.8503716,-3.2449441,-2.01046252,2.59652591,-19.410387,11.6372347,0.414367676,-18.813097,5.43805504,9.6665554,-0.322787911,-0.381925523,11.6372347,0.334059715,-0.000254631042,1
868,8.909981,-4.87000036,-3.96333575,-3.01310945,-2.02301383,8.99667931,-16.9232941,11.7320433,0.541948318,-19.1388187,1.02163875,7.24279547,-0.432510138,-0.365946561,11.7320433,0.451277733,-0.000254631042,1
869,8.920001,-4.79469061,-4.11173916,-2.86765933,-2.0215373,8.66406727,-17.734026,11.596755,0.658456087,-19.3280258,3.99864817,11.1155424,-0.359006912,-0.28072539,11.596755,0.568587303,-0.000254631042,1
870,8.929975,-4.81019545,-4.28007746,-2.84624791,-2.14779139,7.13109112,-18.6748295,11.6191254,0.777064562,-18.3149319,8.01030636,8.04991722,-0.24289307,-0.288182259,11.6191254,0.685378075,-0.000254631042,1
871,8.940002,-4.7481761,-4.40042496,-2.67643261,-2.31760621,13.8588257,-17.2783585,11.7149992,0.88233304,-21.6799355,4.53752756,11.8196783,-0.231175169,-0.234919041,11.7149992,0.802535057,-0.000254631042,1
872,8.949976,-4.66917515,-4.43586445,-2.60407686,-2.28881145,12.7667608,-10.4966307,11.6159296,1.01772618,-18.6502361,5.9721446,7.49187756,-0.107604496,-0.339314938,11.6276474,0.919692039,-0.000254631042,1
873,8.960004,-4.55990314,-4.52889299,-2.46748662,-2.29619455,15.7172642,-11.5277834,11.6809111,1.11367345,-19.9483356,-0.697985351,7.29069567,-0.126779258,-0.290312797,11.6979551,1.03691006,-0.000254631042,1
874,8.969978,-4.4055934,-4.59534311,-2.41801858,-2.5376277,16.7928314,-6.83839655,11.6787806,1.23159337,-17.8718548,2.54726624,8.91930962,-0.132105574,-0.324401259,11.672389,1.1545248,-0.000254631042,1
875,8.980001,-4.2601428,-4.57836103,-2.31465316,-2.6535449,18.9426975,-10.3102169,11.718195,1.34669733,-20.3123798,6.03680992,6.17940664,-0.120387666,-0.3552939,11.7469568,1.27201748,-0.000254631042,1
876,8.989976,-4.10730886,-4.65367079,-2.20390391,-2.82778955,19.5881939,-9.17984772,11.7906332,1.46555901,-19.8884602,2.98076487,13.4554768,-0.251415193,-0.273268551,11.7821112,1.38996792,-0.000254631042,1
877,8.999995,-3.94487739,-4.7068305,-2.25484824,-2.97471666,21.5391712,-6.90764713,11.7341738,1.58611202,-21.4308529,7.23671484,13.2830353,-0.281242579,-0.175264239,11.7501526,1.50776577,-0.000254631042,1
878,9.009997,-3.73445463,-4.71569014,-2.12933302,-3.22057939,16.1541767,1.09595561,11.8247213,1.71012664,-16.1498356,1.15815485,7.68587399,-0.36113742,-0.102826245,11.8193951,1.62591457,-0.000254631042,1
879,9.019983,-3.52772307,-4.76811123,-2.2068572,-3.41623569,20.5975952,1.7570622,11.7821112,1.83122039,-20.3554897,3.605865,9.22587204,-0.360072166,-0.132653654,11.7863722,1.74429226,-0.000254631042,1
880,9.029994,-3.31877661,-4.82274723,-2.20981073,-3.63256574,24.6482105,0.99643743,11.7831764,1.94890499,-23.2750187,8.17316723,9.29532719,-0.4484891,-0.0740641057,11.7778502,1.86218166,-0.000254631042,1
881,9.039981,-3.16446662,-4.79764414,-2.18692231,-4.00172853,20.2980385,6.49074888,11.793829,2.06093097,-20.9638252,3.82860184,9.56835938,-0.457011223,-0.0463672355,11.7778502,1.98062038,-0.000254631042,1
882,9.050001,-2.98062348,-4.81462574,-2.18692231,-3.9862237,20.4577541,13.0788412,11.7906332,2.18427444,-24.2569771,1.08390927,5.8800292,-0.485773355,-0.0836514831,11.7906332,2.09823513,-0.000254631042,1
883,9.059976,-2.83074307,-4.74374628,-2.2437737,-4.15530109,19.9535484,10.3306122,11.7842417,2.29891586,-21.7685509,5.56738615,12.827981,-0.495360762,-0.152893677,11.7842417,2.2165823,-0.000254631042,1
884,9.069996,-2.73033071,-4.68025017,-2.29324174,-4.39304161,16.6352615,13.0178423,11.7522831,2.41613793,-20.7770138,3.80944157,10.8952007,-0.531579733,-0.23704958,11.7522831,2.33441067,-0.000254631042,1
885,9.079982,-2.67347956,-4.61675406,-2.42171001,-4.3605547,14.1738701,16.4236832,11.7906332,2.53672552,-21.5697651,2.31973934,10.3539257,-0.457011223,-0.403230816,11.7906332,2.45211697,-0.000254631042,1
886,9.089978,-2.5701139,-4.54735184,-2.54944062,-4.43291092,16.8590031,14.2268038,11.7544146,2.64951849,-20.5039806,8.13724232,11.0987768,-0.459141761,-0.450102448,11.7544146,2.56997585,-0.000254631042,1
887,9.099976,-2.52802944,-4.4055934,-2.6963675,-4.44989252,10.4840441,18.0228729,11.810873,2.76387215,-20.6189423,3.09812069,11.1802082,-0.49749127,-0.514018297,11.810873,2.68765163,-0.000254631042,1
888,9.109983,-2.44755173,-4.2431612,-2.73180723,-4.54439831,14.1288328,18.1476326,11.7373695,2.88267279,-21.1602154,9.01142406,7.74814463,-0.455945969,-0.499104619,11.7373695,2.80523586,-0.000254631042,1
889,9.119981,-2.39365387,-4.09328079,-2.87430429,-4.63521242,11.2357407,17.0460815,11.7927637,3.00137758,-18.4490528,8.74318218,7.61641836,-0.530514479,-0.539584637,11.7927637,2.92288113,-0.000254631042,1
890,9.129977,-2.33311105,-3.95742917,-3.08546543,-4.6558857,3.9114995,21.0955105,11.7948942,3.11592293,-21.1889553,3.36875796,10.5431328,-0.463402808,-0.456494033,11.7948942,3.04077053,-0.000254631042,1
891,9.139973,-2.29324174,-3.79942727,-3.18956971,-4.72676516,6.30392647,18.8329029,11.8364391,-3.04983091,-18.1760216,8.00312138,9.23305702,-0.33024475,-0.487386703,11.8364391,-3.12422037,-0.000254631042,1
892,9.149981,-2.28364325,-3.63256574,-3.36529112,-4.69427872,3.24372315,19.8252487,11.8225908,-2.93640137,-18.7484322,7.21515989,9.3839426,-0.334505826,-0.483125657,11.8225908,-3.00633097,-0.000254631042,1
893,9.159978,-2.29324174,-3.48268485,-3.54175138,-4.74374628,-3.10011935,20.7779884,11.8620062,-2.82214355,-20.7003727,3.58191466,9.42465878,-0.282307863,-0.470342487,11.8620062,-2.88795328,-0.000254631042,1
894,9.170001,-2.31022286,-3.29145861,-3.73962259,-4.69132519,-4.8391614,21.2260952,11.8662672,-2.70680451,-21.289547,4.55189753,11.6640015,-0.231175169,-0.401100278,11.8662672,-2.77000284,-0.000254631042,1
895,9.179976,-2.29767156,-3.1260736,-3.91091442,-4.70830679,-2.56328273,21.3816605,11.8407001,-2.58648658,-19.5220222,9.09045982,9.922822,-0.182172999,-0.305226475,11.8407001,-2.67564249,-0.000254631042,1
896,9.190000,-2.32720447,-2.94666028,-4.11173916,-4.69427872,-11.0561943,23.1721935,11.9014206,-2.46778178,-25.0066166,5.81886339,11.0700369,-0.305743665,-0.21787481,11.9014206,-2.55781412,-0.000254631042,1
897,9.199973,-2.41506505,-2.79087353,-4.31699419,-4.5628562,-15.283927,20.9391041,11.8620062,-2.34497023,-25.5670528,4.28605032,7.30985594,-0.284438372,-0.151828423,11.8620062,-2.43943644,-0.000254631042,1
898,9.210004,-2.44312167,-2.6299181,-4.41740561,-4.55178213,-10.1619692,18.2848186,11.8204603,-2.2230916,-19.1747456,8.36237431,4.70407486,-0.27378574,-0.0729988441,11.8204603,-2.32136393,-0.000254631042,1
899,9.219979,-2.57897377,-2.51547766,-4.54439831,-4.46392107,-16.8924713,11.3452625,11.9024858,-2.10244226,-20.3123798,1.2156353,11.3095388,-0.333440542,-0.033584062,11.9024858,-2.20335245,-0.000254631042,1
900,9.229994,-2.64689994,-2.40325212,-4.61527777,-4.37458324,-17.8608894,13.1989708,11.802351,-1.98268366,-21.6511955,4.94468117,14.3583984,-0.298286825,-0.00269139092,11.802351,-2.08506632,-0.000254631042,1
901,9.239979,-2.84329438,-2.3951304,-4.65367079,-4.25571251,-16.5748329,6.60801935,11.8598757,-1.85720396,-17.7664738,1.6563189,13.5824127,-0.364333212,-0.0559546128,11.8598757,-1.96723795,-0.000254631042,1
902,9.250000,-2.96511841,-2.27921319,-4.76072836,-4.03273821,-19.1752529,7.26844883,11.8428307,-1.72995424,-20.0848522,4.13755941,8.82111359,-0.337701619,-0.146502092,11.8428307,-1.84895182,-0.000254631042,1
903,9.260007,-3.16446662,-2.31022286,-4.81462574,-3.96038222,-18.6202259,8.4273653,11.8257866,-1.60831976,-18.9232674,7.72290373,14.6290359,-0.403748006,-0.182721093,11.8257866,-1.73081827,-0.000254631042,1
904,9.269996,-3.34535646,-2.20021248,-4.77770948,-3.76841736,-18.4102707,2.43866634,11.8311129,-1.49088812,-18.1568623,3.90045238,7.33380604,-0.447423846,-0.300965428,11.8311129,-1.61222744,-0.000254631042,1
905,9.279981,-3.40073085,-2.25337172,-4.74965286,-3.57571411,-18.258419,1.0693419,11.7959595,-1.3719573,-17.6874371,4.65488338,9.2833519,-0.520927072,-0.354228646,11.7959595,-1.49397182,-0.000254631042,1
906,9.290000,-3.61558414,-2.20981073,-4.80871964,-3.46422696,-24.2422028,-4.48879671,11.8087425,-1.24828291,-24.4150486,3.42623854,7.37212658,-0.568864048,-0.337184429,11.8087425,-1.37577724,-0.000254631042,1
907,9.299974,-3.7484827,-2.22088552,-4.8035512,-3.31434655,-22.7150478,-3.11491108,11.7831764,-1.12361383,-21.8284264,7.013978,14.0829716,-0.484708101,-0.336119145,11.7831764,-1.25706387,-0.000254631042,1
908,9.310004,-3.87399817,-2.25632501,-4.78656912,-3.14453173,-16.1463413,-6.58559465,11.7608061,-1.00421095,-17.1581383,3.11009574,10.3922462,-0.593365133,-0.304161221,11.7608061,-1.13890362,-0.000254631042,1
909,9.319996,-4.09623432,-2.25337172,-4.75777483,-3.00203466,-20.7378559,-6.11227989,11.7416306,-0.887503147,-19.9411507,8.35279369,6.15545654,-0.495360762,-0.389382362,11.7416306,-1.02095318,-0.000254631042,1
910,9.329982,-4.18114185,-2.33163452,-4.69723225,-2.86027598,-17.9336548,-8.23894691,11.7810459,-0.777064323,-18.4490528,7.00918818,9.92521763,-0.485773355,-0.370207608,11.7810459,-0.902697563,-0.000254631042,1
911,9.340003,-4.3354516,-2.34418583,-4.61970758,-2.72885418,-17.9472446,-13.0805216,11.8034163,-0.660418034,-21.3398418,6.14937592,13.4626617,-0.42292276,-0.278594881,11.8034163,-0.784533501,-0.000254631042,1
912,9.349977,-4.42700434,-2.43352342,-4.6307826,-2.62401152,-14.9397917,-11.847434,11.8119383,-0.540056705,-17.8431129,6.72178555,7.29309082,-0.351550043,-0.303095967,11.8119383,-0.666003227,-0.000254631042,1
913,9.359996,-4.49640703,-2.46748662,-4.62930632,-2.5546093,-9.95038891,-16.9082985,11.8811808,-0.423103809,-19.5028629,2.13053274,3.75564718,-0.351550043,-0.265811712,11.8811808,-0.547165871,-0.000254631042,1
914,9.369983,-4.6617918,-2.49554276,-4.50895834,-2.45198178,-9.01258183,-17.1322918,11.8662672,-0.309866428,-19.0645733,3.35917783,7.96848631,-0.253545731,-0.279660136,11.8662672,-0.428147316,-0.000254631042,1
915,9.380001,-4.66917515,-2.6129365,-4.33397532,-2.35156894,-7.65324926,-23.8585777,11.9248562,-0.194143772,-24.8868656,2.90651917,8.28462887,-0.258872032,-0.199765325,11.9248562,-0.309098244,-0.000254631042,1
916,9.389975,-4.80059767,-2.65132999,-4.25054455,-2.27921319,-7.53147554,-20.4333,11.8385696,-0.0828156471,-18.6167049,6.37690306,6.80929708,-0.184303522,-0.24876748,11.8524179,-0.190018654,-0.000254631042,1
917,9.399996,-4.77475643,-2.72442436,-4.41445255,-2.26518512,-8.20951843,-23.6154003,11.9099426,-0.00113344193,-23.8977242,9.23416138,10.2317801,-0.219457254,-0.190177932,11.9078121,-0.0710611343,-0.000254631042,1
918,9.409983,-4.93644953,-2.8063786,-4.20624495,-2.18839908,-0.687370658,-22.8560467,11.8811808,0.123517752,-19.601059,3.81423163,10.598218,-0.305743665,-0.0996304527,11.8833113,0.0481710434,-0.000254631042,1
919,9.420001,-5.05236721,-2.98874474,-4.08368301,-2.09389329,1.11542654,-24.8072224,11.8620062,0.244707584,-22.5541172,7.24150515,8.56963634,-0.236501485,-0.0389103815,11.8556147,0.167189598,-0.000254631042,1
920,9.429975,-4.83160734,-3.15708327,-3.83191347,-2.01489234,0.151943952,-20.2349243,11.873724,0.349008083,-19.5675278,7.23432016,11.470005,-0.34302792,0.00796125364,11.8833113,0.286147118,-0.000254631042,1
921,9.440000,-4.81167269,-3.23756075,-3.76251101,-1.98388267,5.44998217,-21.3446884,11.9024858,0.481288671,-19.8980408,6.65951538,8.1002121,-0.339832127,-0.115609422,11.8886375,0.40519619,-0.000254631042,1
922,9.449975,-4.94900131,-3.42731047,-3.59121919,-1.96247137,5.43257475,-19.9607525,11.9046164,0.590428591,-19.6058483,6.59963989,10.344346,-0.408009052,-0.0687377825,11.8875723,0.524641991,-0.000254631042,1
923,9.459997,-4.89953327,-3.6111536,-3.39777756,-1.96394801,11.2148857,-18.3373337,11.8492222,0.719142914,-21.184166,3.64179015,10.6485138,-0.381377459,-0.151828423,11.8513527,0.643813133,-0.000254631042,1
924,9.469983,-4.85818672,-3.78909063,-3.1755414,-2.02892065,7.86567688,-18.616396,11.8811808,0.843218803,-18.2550564,8.67133141,10.4832573,-0.353680581,-0.300965428,11.9035511,0.763319969,-0.000254631042,1
925,9.480004,-4.84415865,-3.89540935,-2.93558526,-2.09389329,16.1315804,-18.2776947,11.815134,0.965542078,-23.6654072,5.85239363,12.9980278,-0.462337554,-0.31161806,11.8055468,0.882308006,-0.000254631042,1
926,9.490001,-4.81905556,-4.16563702,-2.85732293,-2.118258,13.9714842,-17.8447266,11.7948942,1.08819675,-20.6572628,9.32277679,10.710784,-0.429314345,-0.345706522,11.7948942,1.00111294,-0.000254631042,1
927,9.499975,-4.851542,-4.29705906,-2.75691032,-2.18692231,18.9142475,-13.3164625,11.7554798,1.19488621,-22.4822674,5.44284534,11.4244995,-0.498556554,-0.272203296,11.7554798,1.12003994,-0.000254631042,1
928,9.510004,-4.80059767,-4.47794867,-2.56346893,-2.24672699,20.6942959,-14.574461,11.7853069,1.32618117,-23.6079254,9.12878036,15.0218191,-0.483642846,-0.335053891,11.7853069,1.23890591,-0.000254631042,1
929,9.519979,-4.58131409,-4.67877388,-2.43721485,-2.33015776,17.8298378,-9.78240871,11.8055468,1.43986392,-18.9544029,7.37083626,8.1744585,-0.457011223,-0.377664477,11.8055468,1.35801601,-0.000254631042,1
930,9.530002,-4.46982765,-4.67877388,-2.32720447,-2.49701929,16.3350754,-5.44848061,11.8161993,1.55611825,-16.4132862,5.20813322,3.60236597,-0.409074336,-0.38618657,11.8161993,1.47712612,-0.000254631042,1
931,9.539977,-4.31994677,-4.80871964,-2.23417544,-2.52802944,17.2858028,-4.57014322,11.8524179,1.68677688,-16.6408138,6.5397644,8.53610611,-0.439967006,-0.405361354,11.8524179,1.59632778,-0.000254631042,1
932,9.550002,-4.09328079,-4.84415865,-2.13228631,-2.83074307,17.4279842,-1.50647151,11.877985,1.80933547,-16.5785427,5.58175659,7.4655323,-0.498556554,-0.398969769,11.877985,1.71594143,-0.000254631042,1
933,9.559976,-4.0342145,-4.79912138,-2.04294896,-2.9902215,20.6728077,0.978922784,11.9003553,1.93048191,-19.6944637,6.36013794,10.2102251,-0.508143902,-0.345706522,11.9003553,1.83584499,-0.000254631042,1
934,9.570003,-3.91829801,-4.83603716,-2.08134198,-3.07955885,22.6375866,5.29719591,11.9706631,2.04279542,-22.5708828,5.57457113,11.1730223,-0.506013393,-0.321205437,11.9706631,1.9566946,-0.000254631042,1
935,9.579978,-3.7470057,-4.87664557,-2.09537005,-3.35643148,20.8938065,5.04229975,11.9376392,2.1611948,-20.163887,7.44268656,8.52173615,-0.455945969,-0.295639098,11.9376392,2.07635403,-0.000254631042,1
936,9.589995,-3.54027486,-4.82053232,-2.04590201,-3.50261974,16.4325981,7.66675091,11.932313,2.28310776,-17.4479351,4.93749619,4.23704624,-0.386703759,-0.325466514,11.932313,2.19650173,-0.000254631042,1
937,9.599982,-3.36676788,-4.79912138,-2.118258,-3.6547153,21.8261642,9.79917526,11.9152689,2.40340781,-21.936203,9.55030346,6.8021121,-0.298286825,-0.261550665,11.9152689,2.31634426,-0.000254631042,1
938,9.609979,-3.17701793,-4.76072836,-2.1677258,-3.74552941,15.6821213,13.5478439,11.8705282,2.52220845,-20.1351471,4.90396547,9.29532719,-0.216261461,-0.140110508,11.8705282,2.43575954,-0.000254631042,1
939,9.619975,-3.12016702,-4.71864319,-2.2592783,-3.97293377,14.9200172,15.6267395,11.8939638,2.63662338,-20.8943691,5.49793053,9.88210678,-0.251415193,-0.171003178,11.8939638,2.5552969,-0.000254631042,1
940,9.629983,-2.94961357,-4.75408268,-2.29914808,-4.00689697,13.0148125,14.4265461,11.9173994,2.74238873,-18.3508587,6.38408804,11.8029127,-0.245023608,-0.244506434,11.9173994,2.65093899,-0.000254631042,1
941,9.639981,-2.74731207,-4.65883923,-2.40325212,-4.25202084,14.7066965,18.609457,11.9355087,2.87323904,-21.8427963,9.24613667,16.0085678,-0.221587777,-0.211483225,11.9355087,2.77056789,-0.000254631042,1
942,9.649978,-2.65797472,-4.57688475,-2.36707401,-4.3945179,15.4697533,20.2620239,11.9632063,2.99183035,-22.3433552,12.2734404,11.0604572,-0.322787911,-0.262615919,11.9632063,2.89022732,-0.000254631042,1
943,9.659974,-2.47117805,-4.51338911,-2.51104784,-4.48680878,3.06815338,15.8580151,12.0026207,3.11214805,-15.9414682,2.59995675,6.62248516,-0.415465921,-0.293508589,12.0026207,3.01037502,-0.000254631042,1
944,9.669983,-2.4445982,-4.35095692,-2.59004855,-4.7481761,1.47304964,20.5101166,12.0399046,-3.05627346,-20.3099842,3.21547675,5.27648449,-0.502817571,-0.194438994,12.0399046,3.13055325,-0.000254631042,1
945,9.679980,-2.30062461,-4.23208666,-2.77241516,-4.69870806,-2.48276401,17.4007702,12.003686,-2.94294,-17.5485268,1.00008357,12.2938919,-0.574190378,-0.197634786,12.003686,-3.03257608,-0.000254631042,1
946,9.699998,-2.20981073,-4.02830791,-3.05814767,-4.68025017,-1.1086539,24.0088348,11.9301825,-2.70767617,-22.2499504,9.08806515,12.9716825,-0.606148303,-0.1614158,11.9301825,-2.7931962,-0.000254631042,1
947,9.709984,-2.19578242,-3.86882949,-3.19842958,-4.7821393,-11.2107897,22.132864,12.0090122,-2.58375764,-24.7120304,2.20477843,6.85719728,-0.499621809,-0.412818193,12.0090122,-2.67362833,-0.000254631042,1
948,9.719998,-2.19282913,-3.71599627,-3.45979714,-4.66031551,-12.4122267,19.6446304,11.9078121,-2.46202731,-23.0810223,2.69096732,7.85113049,-0.378181666,-0.536388874,11.9078121,-2.55479288,-0.000254631042,1
949,9.730002,-2.29176497,-3.52772307,-3.58309746,-4.71126032,-12.3019266,16.8552761,11.8907681,-2.34942603,-20.5949917,3.35917783,9.32167244,-0.268459409,-0.682330132,11.8907681,-2.43565226,-0.000254631042,1
950,9.739976,-2.24968004,-3.46275043,-3.6886785,-4.6662221,-18.5397263,14.6518316,11.8545494,-2.21753788,-23.624691,0.5210796,11.6759768,-0.198151961,-0.737723827,11.8545494,-2.3171525,-0.000254631042,1
951,9.749999,-2.37076569,-3.10097027,-3.8555398,-4.6728673,-13.2949581,16.3852081,11.7885027,-2.0972724,-19.7279949,7.48579693,6.2105422,-0.225848839,-0.655698478,11.7885027,-2.19856119,-0.000254631042,1
952,9.759973,-2.35673761,-3.0057261,-3.99729896,-4.6728673,-15.3138494,12.7081432,11.8715935,-1.97691107,-19.0885239,5.62486696,11.3478594,-0.229044631,-0.594978392,11.8715935,-2.08048868,-0.000254631042,1
953,9.770004,-2.3596909,-2.87282753,-4.15013218,-4.63225937,-18.0884247,11.5208778,11.8353739,-1.84896326,-20.5566711,6.11105585,9.78630638,-0.288699448,-0.414948732,11.8353739,-1.96171427,-0.000254631042,1
954,9.779978,-2.53098249,-2.65797472,-4.34948015,-4.53480005,-20.4343796,4.28911018,11.882246,-1.72552443,-20.8512592,1.08869922,5.02979755,-0.310004741,-0.269007504,11.882246,-1.84327555,-0.000254631042,1
955,9.789998,-2.59004855,-2.54944062,-4.55695009,-4.4284811,-17.9978275,6.91392183,11.8960943,-1.60388994,-18.2167377,6.31463242,9.59470463,-0.290829986,-0.119870476,11.8960943,-1.72434855,-0.000254631042,1
956,9.800071,-2.59300208,-2.38774705,-4.61527777,-4.35612488,-22.4585953,4.1648922,11.873724,-1.48397303,-22.0128422,6.09668541,6.67757082,-0.248219401,-0.1251968,11.873724,-1.60536098,-0.000254631042,1
957,9.809977,-2.75691032,-2.33311105,-4.67877388,-4.2534976,-21.8954411,3.16524267,11.9046164,-1.36342001,-20.7746181,7.6055479,9.83660221,-0.284438372,-0.0932388678,11.9046164,-1.48634243,-0.000254631042,1
958,9.819996,-2.89719248,-2.24525023,-4.80871964,-4.15530109,-20.8425884,-3.52139974,11.8875723,-1.24061728,-20.8584442,3.42623854,7.33141136,-0.253545731,-0.0655419976,11.8875723,-1.36735439,-0.000254631042,1
959,9.829981,-3.10761547,-2.12637973,-4.78509235,-4.00025225,-18.0853386,-5.78610611,11.95788,-1.12865305,-17.5628967,1.91258597,12.6459599,-0.237566754,-0.152893677,11.95788,-1.24760342,-0.000254631042,1
960,9.839998,-3.28038383,-2.16034293,-4.80059767,-3.82157707,-23.0648651,-10.00737,11.9227257,-1.02078629,-23.0307255,2.80353332,9.68092537,-0.308939457,-0.222135872,11.9312477,-1.1282835,-0.000254631042,1
961,9.849973,-3.33428168,-2.10496831,-4.83972883,-3.58457398,-20.4915638,-9.40388107,11.8609409,-0.899692535,-22.6571026,7.88816023,12.8974371,-0.288699448,-0.288182259,11.8886375,-1.00911236,-0.000254631042,1
962,9.860004,-3.62665892,-2.11382794,-4.78361607,-3.47677851,-15.9608698,-11.2870569,11.8950291,-0.785687923,-19.4166412,0.97852838,12.5094433,-0.405878544,-0.389382362,11.877985,-0.889605522,-0.000254631042,1
963,9.869978,-3.8998394,-2.15295959,-4.7932148,-3.2619257,-16.779253,-13.1635494,11.8502874,-0.672162533,-21.04286,3.97230291,10.6628838,-0.315331042,-0.46075511,11.8470917,-0.77067852,-0.000254631042,1
964,9.880004,-3.85701632,-2.19135213,-4.8301301,-3.12312031,-17.8770123,-10.2855463,11.806612,-0.552533627,-22.6834488,8.44141006,7.89424086,-0.427183837,-0.494843572,11.8279171,-0.651782036,-0.000254631042,1
965,9.889979,-4.31551695,-2.25632501,-4.7068305,-2.9038372,-9.62133598,-18.4437294,11.8087425,-0.433767796,-17.1701126,0.85638237,7.08951426,-0.454880685,-0.396839231,11.79809,-0.532761574,-0.000254631042,1
966,9.900004,-4.26604939,-2.28511977,-4.74374628,-2.71999407,-12.5908585,-15.0394344,11.7725239,-0.321227551,-18.2454777,13.957139,3.27664328,-0.429314345,-0.351032853,11.7789154,-0.414353371,-0.000254631042,1
967,9.909978,-4.51338911,-2.38922405,-4.58574438,-2.56346893,-4.90427399,-21.0967007,11.8321781,-0.205565929,-21.6535892,0.494734406,13.5321169,-0.500687063,-0.246636957,11.8279171,-0.295304298,-0.000254631042,1
968,9.919997,-4.57540846,-2.42466354,-4.56728649,-2.51695442,-3.75113511,-18.5930042,11.8481569,-0.0954060555,-18.8657875,1.96288145,7.96848631,-0.352615297,-0.339314938,11.8641367,-0.176590919,-0.000254631042,1
969,9.929983,-4.5628562,-2.61736679,-4.47351933,-2.45419645,-5.56799507,-16.7959614,11.8811808,0.0235862732,-16.6599731,5.96256447,12.5693188,-0.346223712,-0.29883489,11.8811808,-0.0575113297,-0.000254631042,1
970,9.939996,-4.75925159,-2.74140525,-4.3605547,-2.22974563,0.300285101,-20.8480949,11.8801155,0.137225151,-20.6931877,2.55445123,4.44780779,-0.415465921,-0.416013986,11.8801155,0.0615987778,-0.000254631042,1
971,9.949982,-4.83972883,-2.93780017,-4.12429094,-2.23786712,-1.876706,-17.2201557,11.8939638,0.254508734,-16.1929455,6.15177107,10.3419504,-0.321722656,-0.330792844,11.8939638,0.180708885,-0.000254631042,1
972,9.959999,-4.72381163,-3.0891571,-3.98991537,-2.13745451,6.78382635,-21.3029442,11.8843765,0.369882345,-22.3146152,1.37610161,11.9897242,-0.452750176,-0.262615919,11.8843765,0.300093651,-0.000254631042,1
973,9.970000,-4.88255167,-3.20655131,-3.8503716,-2.07100534,3.34808993,-23.3031769,11.8928986,0.492911339,-22.1134338,8.07736683,14.3607941,-0.396291167,-0.249832749,11.8928986,0.419081688,-0.000254631042,1
974,9.979974,-4.89953327,-3.45167542,-3.71008968,-2.16034293,6.96096802,-18.8606987,11.886507,0.612156868,-19.4358025,5.14107275,10.9790258,-0.42292276,-0.272203296,11.886507,0.538863182,-0.000254631042,1
975,9.990003,-4.85523319,-3.59712577,-3.44576883,-2.09537005,10.7578182,-21.8231659,11.8897028,0.731559515,-23.4259052,6.57329464,9.11330605,-0.4484891,-0.382990777,11.8897028,0.65809536,-0.000254631042,1
976,9.999978,-4.87369204,-3.79204392,-3.30991673,-2.05550051,10.6819754,-18.9534893,11.8502874,0.854170322,-20.5039806,7.27503538,13.1560993,-0.458076507,-0.387251854,11.8502874,0.77741909,-0.000254631042,1
977,10.010001,-4.90248632,-3.889503,-3.17258835,-2.07395864,17.0158787,-14.0749111,11.8545494,0.975359917,-21.9817085,2.10897756,12.9525223,-0.467663884,-0.409622401,11.8545494,0.896529198,-0.000254631042,1
978,10.019975,-4.88698149,-4.05267334,-3.00203466,-2.08798671,14.4189186,-15.130518,11.8268518,1.09892988,-19.7208099,6.92296743,13.8123341,-0.450619638,-0.419209778,11.8268518,1.01554775,-0.000254631042,1
979,10.030004,-4.87221575,-4.23060942,-2.83517313,-2.20833373,17.1332455,-14.4557161,11.8098078,1.21690202,-21.0811806,7.62231302,10.4976273,-0.377116382,-0.515083611,11.8098078,1.134902,-0.000254631042,1
980,10.039994,-4.79469061,-4.39304161,-2.66092801,-2.33015776,18.4307613,-6.7291379,11.8343086,1.3337059,-19.4956779,2.21196342,6.20814705,-0.461272299,-0.496974081,11.8343086,1.25370693,-0.000254631042,1
981,10.049981,-4.61970758,-4.48902416,-2.61736679,-2.3796258,15.6012249,-4.7620306,11.8161993,1.45338726,-16.0516396,2.90172911,6.99131823,-0.37924692,-0.444776118,11.8161993,1.37260342,-0.000254631042,1
982,10.059994,-4.52298737,-4.54587507,-2.45862651,-2.49258947,20.1823215,-5.74421072,11.8971596,1.57604194,-20.1519127,5.84999847,7.36254644,-0.402682751,-0.261550665,11.8971596,1.49168301,-0.000254631042,1
983,10.069980,-4.37458324,-4.66474485,-2.42909336,-2.68381596,17.997076,-1.36371779,11.8928986,1.69887924,-17.6754627,3.65137029,5.6429224,-0.402682751,-0.291378051,11.8928986,1.61144924,-0.000254631042,1
984,10.080005,-4.20772171,-4.67065191,-2.35821438,-2.80120993,21.0440426,1.54567552,11.9525537,1.82080102,-20.7722225,3.70885086,6.64404058,-0.291895241,-0.222135872,11.9525537,1.73110867,-0.000254631042,1
985,10.089979,-4.0578413,-4.78361607,-2.31760621,-2.95109034,24.0689697,0.843744516,11.9397697,1.94194746,-22.7361393,7.94324589,12.7896614,-0.280177325,-0.274333805,11.9397697,1.82754421,-0.000254631042,1
986,10.099999,-3.85701632,-4.77623224,-2.24229717,-3.13198018,22.5124702,4.4618783,11.9919682,2.05693769,-21.9888935,6.57329464,7.44637203,-0.198151961,-0.231723249,11.9919682,1.94735622,-0.000254631042,1
987,10.110017,-3.72559428,-4.79026079,-2.25484824,-3.34092641,17.4522209,6.78792381,11.9706631,2.17818832,-18.2047615,4.3866415,7.77448988,-0.271655202,-0.327597052,11.9706631,2.06777859,-0.000254631042,1
988,10.120004,-3.53510642,-4.83308315,-2.20833373,-3.48120832,19.8014717,11.1512327,11.9909029,2.30118299,-22.1900749,4.90396547,9.35041237,-0.289764702,-0.270072788,11.9909029,2.18807888,-0.000254631042,1
989,10.129978,-3.29884171,-4.824224,-2.26666164,-3.72559428,20.4472084,9.94320679,11.9546843,2.41709733,-20.9973545,8.72162724,12.4926786,-0.30467841,-0.337184429,11.9546843,2.30789089,-0.000254631042,1
990,10.139975,-3.13862514,-4.83456039,-2.29176497,-3.98474693,13.4504986,16.0853825,11.9056816,2.53926349,-20.8752079,1.97006655,9.01511002,-0.420792222,-0.228527457,11.9056816,2.42773342,-0.000254631042,1
991,10.149974,-2.99317479,-4.79912138,-2.33680248,-4.17966509,10.1982203,13.3803606,11.9173994,2.65444565,-16.5977039,2.7484479,6.04289055,-0.409074336,-0.287116975,11.9173994,2.54699612,-0.000254631042,1
992,10.159982,-2.81376171,-4.70830679,-2.36412072,-4.10066414,16.7275085,15.4360781,11.8939638,2.76978469,-20.4584751,9.97661686,9.00792503,-0.398421675,-0.26794225,11.8939638,2.66613674,-0.000254631042,1
993,10.169978,-2.6963675,-4.58722115,-2.47560811,-4.40707016,9.22600842,20.078989,11.8918333,2.88975358,-21.7446003,3.93158746,11.6759768,-0.562472463,-0.244506434,11.8918333,2.78536892,-0.000254631042,1
994,10.179975,-2.58340383,-4.42995787,-2.6793859,-4.47942591,9.15270805,19.7024422,11.8641367,3.00912952,-20.7386932,6.47030878,6.99371338,-0.445293307,-0.332923353,11.8641367,2.90438747,-0.000254631042,1
995,10.189983,-2.45198178,-4.24611473,-2.69193769,-4.57393169,6.20651531,20.3534985,11.8875723,3.12377071,-20.4608707,5.84281349,5.90876961,-0.593365133,-0.313748598,11.8875723,3.02337551,-0.000254631042,1
996,10.199980,-2.40103722,-4.10730886,-2.96659517,-4.67065191,2.21117592,16.8555126,11.953619,-3.04139876,-16.5498028,3.88608217,9.9755125,-0.490034431,-0.297769636,11.953619,-3.14088297,-0.000254631042,1
997,10.209976,-2.33163452,-3.93897057,-3.07069898,-4.68172741,3.33669829,23.5681648,11.9184647,-2.92873645,-22.3313808,8.24022865,10.7347345,-0.432510138,-0.225331664,11.9184647,-3.02158976,-0.000254631042,1
998,10.229996,-2.32572794,-3.5291996,-3.4952364,-4.64481068,-8.36111736,20.8969975,11.9482918,-2.69320202,-22.4559212,1.52459288,5.92074442,-0.28656891,-0.179525301,11.9482918,-2.78358316,-0.000254631042,1
999,10.239977,-2.33015776,-3.38891768,-3.70049143,-4.76663446,-5.08355761,22.7597504,11.9173994,-2.57645917,-21.943388,7.89534521,7.74814463,-0.288699448,-0.120935746,11.9173994,-2.66462564,-0.000254631042,1
1000,10.249984,-2.41063547,-3.09211063,-3.96038222,-4.70535374,-5.75225353,21.6663208,11.8960943,-2.45423174,-20.396204,9.30122185,9.21868706,-0.327048957,-0.147567362,11.8960943,-2.54554605,-0.000254631042,1
1001,10.260002,-2.37519574,-2.94075346,-4.16711378,-4.6558857,-12.8481865,19.6208878,11.8449612,-2.33025169,-22.8271503,5.38296986,9.84857655,-0.247154132,-0.071933575,11.8449612,-2.42701578,-0.000254631042,1
1002,10.269976,-2.42023349,-2.82188296,-4.25202084,-4.62635231,-11.0645456,16.8159561,11.8726587,-2.20969915,-21.4691734,4.99976683,11.1442823,-0.259937316,-0.172068447,11.8726587,-2.30869913,-0.000254631042,1
1003,10.279999,-2.49554276,-2.65132999,-4.40337801,-4.55325842,-14.9645462,11.6662607,11.8055468,-2.08939886,-19.0430183,4.31479073,11.0149517,-0.234370962,-0.1614158,11.793829,-2.19035196,-0.000254631042,1
1004,10.290002,-2.64689994,-2.59004855,-4.46392107,-4.43586445,-13.1157293,15.4820633,11.8300476,-1.9710083,-18.0203457,1.68984914,12.1813259,-0.278046787,-0.275399089,11.8257866,-2.07185221,-0.000254631042,1
1005,10.299977,-2.78127527,-2.49997258,-4.53996849,-4.31847048,-18.7788734,13.0353146,11.7608061,-1.87012625,-19.4908867,8.59948158,10.4664917,-0.270589948,-0.281790674,11.7608061,-1.95423746,-0.000254631042,1
1006,10.310002,-2.92229557,-2.48815966,-4.63373613,-4.14274883,-23.3948307,12.8854752,11.7650671,-1.74453259,-21.3230782,4.84648514,16.3438702,-0.428249091,-0.204026371,11.7799807,-1.83622599,-0.000254631042,1
1007,10.319976,-3.03821278,-2.37371898,-4.68468046,-3.94192386,-20.0459518,4.80346107,11.7149992,-1.62235785,-22.7193737,8.32405376,10.4545164,-0.516666055,-0.260485381,11.7107382,-1.71845865,-0.000254631042,1
1008,10.329996,-3.35126305,-2.40325212,-4.62930632,-3.83043671,-16.5343952,1.5085746,11.7075424,-1.50205755,-20.1279621,5.98890972,7.84873533,-0.521992385,-0.246636957,11.6968899,-1.60005093,-0.000254631042,1
1009,10.339983,-3.29736519,-2.33827925,-4.6307826,-3.66357517,-18.2824516,3.98123455,11.6841068,-1.38698053,-17.2467537,5.85239363,5.76746321,-0.589104056,-0.378729731,11.6990204,-1.48271084,-0.000254631042,1
1010,10.350003,-3.55873251,-2.35526085,-4.70166206,-3.52476978,-22.2438221,1.54141021,11.7256517,-1.26652336,-20.7602482,8.13484764,9.06301022,-0.581647217,-0.349967599,11.7075424,-1.36482143,-0.000254631042,1
1011,10.359978,-3.72559428,-2.37076569,-4.65883923,-3.34387994,-18.2172966,0.0844090283,11.7022161,-1.13765192,-16.4995079,7.72290373,11.7789631,-0.573125064,-0.275399089,11.722456,-1.24687099,-0.000254631042,1
1012,10.369997,-3.80238056,-2.39808393,-4.67729712,-3.13493347,-15.8774176,-0.247859061,11.6979551,-1.027143,-13.7164946,8.0007267,6.75660658,-0.575255632,-0.377664477,11.7235212,-1.12868023,-0.000254631042,1
1013,10.379982,-4.20107651,-2.40768218,-4.64333439,-3.02713799,-18.2569294,-8.63796711,11.7149992,-0.905805111,-19.6968594,4.46807194,12.1693506,-0.599756718,-0.32972756,11.7149992,-1.01008892,-0.000254631042,1
1014,10.390004,-4.18557167,-2.44902825,-4.62930632,-2.86322927,-17.479805,-9.8793211,11.7213907,-0.794721127,-19.3950863,5.19376326,12.2843122,-0.461272299,-0.428797156,11.7213907,-0.892260551,-0.000254631042,1
1015,10.399997,-4.18557167,-2.5804503,-4.54735184,-2.74435854,-18.9678955,-9.72830677,11.6713238,-0.683009148,-19.5172329,8.57313633,7.25716543,-0.409074336,-0.390447646,11.6713238,-0.774401665,-0.000254631042,1
1016,10.409983,-4.41149998,-2.54058075,-4.40190125,-2.7709384,-11.0688229,-8.76508713,11.6287127,-0.563798428,-13.3237114,4.6716485,5.47527122,-0.390964836,-0.457559288,11.6287127,-0.656817436,-0.000254631042,1
1017,10.419998,-4.38344336,-2.75174189,-4.28819895,-2.51695442,-14.083292,-14.391242,11.7501526,-0.446942329,-19.0645733,6.47988892,8.27983856,-0.338766873,-0.389382362,11.7501526,-0.538804054,-0.000254631042,1
1018,10.429973,-4.54587507,-2.75026536,-4.21953487,-2.57602048,-11.3531647,-17.979332,11.7384348,-0.332013607,-20.6979771,4.87283039,9.77193642,-0.454880685,-0.263681173,11.7384348,-0.420823097,-0.000254631042,1
1019,10.439995,-4.59238911,-2.91122055,-4.12576723,-2.4445982,-13.2058811,-16.7273045,11.7629366,-0.217912197,-19.1867199,9.27727127,14.5380249,-0.37924692,-0.337184429,11.7629366,-0.30284214,-0.000254631042,1
1020,10.449982,-4.5909133,-3.09801722,-3.97884059,-2.3626442,-5.22017622,-16.7197132,11.8534842,-0.106444836,-17.1796932,3.41426325,9.59470463,-0.462337554,-0.262615919,11.8534842,-0.183976173,-0.000254631042,1
1021,10.460004,-4.70166206,-3.18144798,-3.888026,-2.32868123,-3.19400668,-20.2022839,11.8662672,0.0094871521,-20.171072,3.38552308,11.2352934,-0.315331042,-0.333988637,11.8662672,-0.064499855,-0.000254631042,1
1022,10.469979,-4.73414803,-3.38374949,-3.7056601,-2.29471827,-2.2511096,-20.8642311,11.8577452,0.124634504,-20.4225502,4.82732487,6.76858139,-0.329179496,-0.247702226,11.8577452,0.0538167953,-0.000254631042,1
1023,10.480005,-4.73562527,-3.4952364,-3.52624655,-2.30431652,0.260436833,-20.777729,11.8428307,0.241778374,-20.2357388,4.72194386,8.55047607,-0.266328901,-0.340380222,11.8428307,0.17271328,-0.000254631042,1
1024,10.489979,-4.74522305,-3.67907977,-3.45389032,-2.28733492,4.95824957,-19.8918629,11.8769197,0.358268261,-20.3674641,2.33171439,10.373086,-0.296156287,-0.243441164,11.8769197,0.291762352,-0.000254631042,1
1025,10.499995,-4.75260592,-3.75143623,-3.34830976,-2.26518512,6.44590569,-16.287262,11.8289824,0.478280544,-17.4263802,1.77367485,5.39384031,-0.222653046,-0.369142354,11.8289824,0.410201073,-0.000254631042,1
1026,10.509981,-4.75408268,-3.7470057,-3.19252276,-2.20538068,6.18031597,-17.922554,11.9078121,0.598162413,-18.2909832,4.98539639,6.61769533,-0.215196192,-0.336119145,11.9078121,0.529341698,-0.000254631042,1
1027,10.520002,-4.71126032,-3.96924233,-3.18144798,-2.41063547,9.53765965,-17.2439747,11.869463,0.716387749,-19.2681503,4.13037443,8.92409897,-0.231175169,-0.374468684,11.869463,0.624983788,-0.000254631042,1
1028,10.530000,-4.64628696,-3.95742917,-3.11204505,-2.32425141,11.2384892,-21.849762,11.877985,0.838458061,-22.9660606,8.73360252,10.5407372,-0.127844512,-0.31161806,11.877985,0.743727684,-0.000254631042,1
1029,10.539974,-4.60124922,-4.0201869,-3.01163292,-2.3951304,15.7525635,-16.1661148,11.962141,0.959490538,-22.1780987,4.1974349,11.4340801,-0.258872032,-0.168872654,11.962141,0.863051414,-0.000254631042,1
1030,10.549998,-4.59829617,-4.11321545,-2.99465132,-2.54944062,18.1568451,-18.9791183,11.9173994,1.08497,-24.9180012,8.30489349,11.0939875,-0.167259291,-0.150763154,11.9173994,0.982649803,-0.000254631042,1
1031,10.559984,-4.5488286,-4.1922164,-2.92524886,-2.49997258,14.9565487,-9.69925499,11.9781199,1.20767689,-17.4263802,3.75435615,10.1024485,-0.201347753,-0.153958946,11.9781199,1.10276699,-0.000254631042,1
1032,10.569998,-4.37606001,-4.2431612,-2.73476052,-2.70227432,16.8778114,-8.93734169,11.9525537,1.32717538,-18.5352745,4.60219288,5.08009291,-0.164063498,-0.142241046,11.9525537,1.22294521,-0.000254631042,1
1033,10.579983,-4.37163019,-4.2601428,-2.73033071,-2.68750763,16.3702755,-4.77072048,11.9738588,1.44584537,-16.8372059,2.69336247,8.12895298,-0.19921723,-0.21787481,11.9738588,1.3430624,-0.000254631042,1
1034,10.590003,-4.28819895,-4.40854645,-2.63139486,-2.78127527,23.7609501,-5.49904442,11.9653368,1.57074952,-23.7612076,5.49793053,6.19377708,-0.247154132,-0.101760983,11.9653368,1.463027,-0.000254631042,1
1035,10.600002,-4.15308523,-4.49050045,-2.53098249,-2.97176337,20.5995846,-2.88176465,11.9877071,1.69393563,-20.0896416,5.39015484,14.6290359,-0.227979377,-0.20509164,11.9877071,1.58344936,-0.000254631042,1
1036,10.609976,-4.00542021,-4.54292154,-2.53910422,-2.95921183,24.4212341,-1.3105824,11.9823809,1.81922364,-23.3492641,7.27503538,10.1766949,-0.234370962,-0.168872654,11.9823809,1.70419216,-0.000254631042,1
1037,10.620002,-3.89688635,-4.60789394,-2.42614007,-3.19252276,18.2762756,0.875300467,12.003686,1.94022131,-17.3593197,5.782938,9.70248032,-0.269524693,-0.307357013,12.003686,1.8249197,-0.000254631042,1
1038,10.629976,-3.74405265,-4.64481068,-2.39365387,-3.28186035,17.3102112,4.23026323,12.0068817,2.05269217,-17.2994442,4.27407551,3.84665799,-0.341962665,-0.293508589,12.0068817,1.94555569,-0.000254631042,1
1039,10.639995,-3.64216375,-4.74669933,-2.37667227,-3.37636614,26.7439709,5.4170723,12.0058165,2.1773088,-25.0617027,10.7933187,11.4029446,-0.377116382,-0.264746457,12.0058165,2.06622219,-0.000254631042,1
1040,10.649981,-3.49228334,-4.71421337,-2.34418583,-3.6547153,17.7792473,6.10127878,12.016469,2.30030298,-17.3209991,7.30138063,8.74207783,-0.4484891,-0.21787481,12.016469,2.18688869,-0.000254631042,1
1041,10.659978,-3.34387994,-4.71273661,-2.38922405,-3.64659357,18.3070545,8.68322182,11.9994249,2.41523194,-18.6502361,7.91929579,7.48469257,-0.480447054,-0.198700055,11.9994249,2.30761623,-0.000254631042,1
1042,10.669974,-3.19990611,-4.695755,-2.3951304,-3.81640887,19.878376,15.6008177,12.024991,2.53666568,-24.1372261,7.47861195,11.7047167,-0.537971318,-0.231723249,12.024991,2.42813015,-0.000254631042,1
1043,10.679982,-3.07808208,-4.61675406,-2.46970153,-3.98474693,13.2239971,16.5602245,12.0409698,2.65238833,-20.832098,3.89087224,13.4458961,-0.560341895,-0.167807385,12.0409698,2.54855251,-0.000254631042,1
1044,10.689979,-2.9902215,-4.52298737,-2.56051564,-4.06079435,17.0186405,18.599329,12.0090122,2.7694366,-23.5145206,9.09045982,7.16136503,-0.527318656,-0.28605172,12.0090122,2.66915798,-0.000254631042,1
1045,10.699977,-2.87282753,-4.47647238,-2.65649772,-4.20919847,10.5663071,17.4646988,12.0239258,2.89110565,-19.5387878,5.90747929,13.6398926,-0.59762615,-0.274333805,12.0239258,2.79000759,-0.000254631042,1
1046,10.709974,-2.78792,-4.41888285,-2.6963675,-4.20772171,10.4492531,17.9541664,12.0644064,3.01150155,-19.15798,8.03186131,7.16615486,-0.546493471,-0.393643439,12.0644064,2.91024685,-0.000254631042,1
1047,10.719983,-2.69489098,-4.29705906,-2.733284,-4.44398594,3.64049435,17.8673973,12.0750589,3.13014483,-18.166441,8.75276279,7.19489527,-0.623192489,-0.333988637,12.0750589,3.03097439,-0.000254631042,1
1048,10.729981,-2.57159066,-4.18557167,-2.83517313,-4.42257452,-0.321740657,21.8838501,12.1197996,-3.05728483,-19.0334377,3.95314264,6.90509748,-0.634910405,-0.392578185,12.1315174,-3.13130045,-0.000254631042,1
1049,10.750004,-2.52359915,-3.94783068,-3.16741967,-4.55178213,-3.2425611,18.5254745,12.1517582,-2.82679868,-22.731348,6.47988892,9.43663311,-0.54116714,-0.278594881,12.1347132,-2.88899088,-0.000254631042,1
1050,10.759979,-2.44755173,-3.85996962,-3.26635551,-4.57245445,-0.545320928,22.3988285,12.167737,-2.70415282,-22.9924068,8.23783302,5.31001472,-0.39203009,-0.318009645,12.1773243,-2.76786661,-0.000254631042,1
1051,10.770089,-2.5206461,-3.76694083,-3.42878723,-4.59386635,-9.01545238,16.0901451,12.1144733,-2.58312035,-18.3795986,2.85143375,7.13262463,-0.351550043,-0.467146695,12.1059513,-2.64686441,-0.000254631042,1
1052,10.779982,-2.53910422,-3.50261974,-3.57866764,-4.5798378,-7.79341412,21.1343498,12.0974293,-2.45910573,-21.3158932,6.73855066,7.99962187,-0.268459409,-0.559824705,12.1059513,-2.52604532,-0.000254631042,1
1053,10.790002,-2.45714998,-3.4103291,-3.67907977,-4.58131409,-11.5854788,12.5669031,12.0612106,-2.33292842,-17.0575466,6.4870739,9.63063049,-0.296156287,-0.552367866,12.0228605,-2.40547037,-0.000254631042,1
1054,10.799976,-2.5974319,-3.10097027,-4.04528999,-4.41297626,-15.9043493,16.4750156,12.0910378,-2.2118783,-22.5996227,3.6920855,14.150032,-0.265263617,-0.563020468,12.1102123,-2.2843461,-0.000254631042,1
1055,10.809994,-2.71187258,-2.85732293,-4.24611473,-4.39747095,-16.0982685,14.9481411,12.0313826,-2.08877897,-21.387743,5.01653194,12.2316217,-0.253545731,-0.62800163,12.0175343,-2.16349649,-0.000254631042,1
1056,10.819981,-2.7384522,-2.84772468,-4.16711378,-4.28598404,-12.2118196,20.5515327,11.9770546,-1.96661282,-19.1915092,14.2541218,7.4367919,-0.147019267,-0.524670959,11.9770546,-2.04365396,-0.000254631042,1
1057,10.830004,-2.82926631,-2.7709384,-4.35095692,-4.19664669,-23.1505051,10.7554569,12.0047512,-1.83872652,-25.1718731,4.24293995,6.24167728,-0.162998244,-0.517214119,12.0047512,-1.92362833,-0.000254631042,1
1058,10.839980,-2.96364188,-2.59300208,-4.46539736,-4.15973043,-20.3335609,4.31275272,11.9695978,-1.71239233,-20.7386932,1.40005183,6.11234617,-0.0447538905,-0.254093796,11.9695978,-1.80393839,-0.000254631042,1
1059,10.849997,-3.22943926,-2.6129365,-4.52151012,-3.9367559,-17.4535027,1.63007545,11.9205952,-1.59177828,-17.48386,1.26353574,3.62392116,-0.0681897104,-0.199765325,11.9205952,-1.68391323,-0.000254631042,1
1060,10.859984,-3.35273957,-2.45419645,-4.5968194,-3.70196819,-16.9676666,4.67433214,11.962141,-1.46957731,-16.4084969,6.36492777,9.65458012,-0.0649939179,-0.123066269,11.962141,-1.56397915,-0.000254631042,1
1061,10.870003,-3.47382522,-2.4276166,-4.58943653,-3.62075233,-24.0965824,1.78854048,11.8673325,-1.35026217,-23.1217365,7.01637316,6.10516119,-0.190695107,-0.0900430754,11.8673325,-1.44355679,-0.000254631042,1
1062,10.879995,-3.86144638,-2.51400089,-4.57023954,-3.36233783,-20.4232006,2.90371323,11.8960943,-1.22859335,-18.264637,9.588624,13.3333302,-0.124648727,-0.00269139092,11.8960943,-1.32420254,-0.000254631042,1
1063,10.889982,-3.81345534,-2.45419645,-4.56580973,-3.12459683,-21.1243,-2.18814206,11.9216604,-1.10035849,-19.8213997,7.62470818,8.92409897,-0.207739338,-0.135849446,11.9216604,-1.2045126,-0.000254631042,1
1064,10.899998,-3.97588706,-2.51252437,-4.48385572,-3.07808208,-18.3687363,0.117760107,11.9248562,-0.986039639,-15.2517023,10.2376738,10.4832573,-0.196021438,-0.224266395,11.9248562,-1.08397198,-0.000254631042,1
1065,10.909974,-4.23208666,-2.58709526,-4.4284811,-2.73992896,-15.6417627,-10.292697,11.9152689,-0.864849567,-18.58078,2.31494927,13.2423201,-0.298286825,-0.283921182,11.9152689,-0.963549614,-0.000254631042,1
1066,10.920004,-4.37163019,-2.73476052,-4.33692837,-2.77389193,-20.5361099,-8.98282814,11.9227257,-0.752179623,-20.5902004,8.85814285,12.7705011,-0.314265788,-0.425601363,11.9227257,-0.843096733,-0.000254631042,1
1067,10.929978,-4.49345398,-2.86470604,-4.2534976,-2.64394665,-13.9721193,-11.64114,11.8960943,-0.634172916,-17.6563015,4.3579011,11.1442823,-0.447423846,-0.40429607,11.8960943,-0.723193169,-0.000254631042,1
1068,10.939996,-4.46096754,-2.98209977,-4.15013218,-2.57749701,-15.7014046,-7.27367926,11.882246,-0.512633801,-14.0398226,10.1155281,7.64036894,-0.470859677,-0.533193052,11.882246,-0.602862358,-0.000254631042,1
1069,10.949982,-4.48385572,-3.00424957,-3.96628904,-2.55091739,-11.6782122,-10.5275784,11.8907681,-0.398794174,-14.2362146,6.67388535,11.9537992,-0.58484298,-0.47353828,11.8907681,-0.483048439,-0.000254631042,1
1070,10.960003,-4.57688475,-3.22796273,-3.93897057,-2.50957084,-11.5699301,-18.537199,11.8907681,-0.281841755,-21.0237007,5.95777464,18.0251732,-0.521992385,-0.569412053,11.8907681,-0.363114357,-0.000254631042,1
1071,10.969977,-4.5798378,-3.21098113,-3.76251101,-2.51695442,-6.71993828,-15.9425659,11.8854418,-0.168665409,-16.8443909,3.94835281,6.72547102,-0.621061981,-0.453298241,11.8854418,-0.267655373,-0.000254631042,1
1072,10.979973,-4.62782955,-3.27595377,-3.71008968,-2.43500018,-7.45888901,-20.1109676,11.9387045,-0.0544686317,-20.487215,6.35295248,6.48596907,-0.55395031,-0.545976281,11.9387045,-0.147934914,-0.000254631042,1
1073,10.990004,-4.68837166,-3.5461812,-3.62813568,-2.51695442,0.0617161393,-19.1499348,11.9653368,0.0617330074,-19.1172638,1.11983454,3.71732688,-0.592299819,-0.351032853,11.9653368,-0.0278482437,-0.000254631042,1
1074,10.999979,-4.57540846,-3.47677851,-3.40885258,-2.38774705,-2.50417495,-24.699976,11.9759893,0.180054426,-23.8522186,6.88704205,12.8854618,-0.513470232,-0.283921182,11.9759893,0.0922079086,-0.000254631042,1
1075,11.009976,-4.60641766,-3.7041831,-3.39925432,-2.45567322,1.84115434,-20.7266121,11.9397697,0.299238443,-20.3483047,4.35071611,8.34929466,-0.308939457,-0.0112135075,11.9397697,0.212569237,-0.000254631042,1
1076,11.020001,-4.62635231,-3.84889507,-3.2789073,-2.48815966,3.85977316,-19.2620354,11.9653368,0.420332193,-19.1603737,4.33634567,7.22603035,-0.129975051,-0.061280936,11.9653368,0.332137108,-0.000254631042,1
1077,11.029975,-4.61970758,-3.83855867,-3.11647534,-2.41654158,8.16004848,-17.3197289,12.0068817,0.538975716,-19.052599,1.88624084,10.4808617,-0.175781414,0.00370019581,12.0068817,0.45207119,-0.000254631042,1
1078,11.040003,-4.5968194,-3.9338026,-3.18292451,-2.5376277,9.33219719,-16.7369518,11.9333782,0.659642458,-18.9448223,2.88256907,8.51215553,-0.108669758,-0.10921783,11.9333782,0.572432518,-0.000254631042,1
1079,11.049977,-4.56137991,-4.00025225,-3.05814767,-2.60407686,10.3731022,-14.2333403,12.0004902,0.780701637,-17.4120102,2.64785695,6.3063426,-0.139562413,-0.0602156706,12.0004902,0.691939354,-0.000254631042,1
1080,11.060000,-4.44398594,-4.10878563,-2.97914672,-2.5531323,10.7190313,-19.8216972,11.9909029,0.903312445,-20.6883965,8.93238926,6.19617176,-0.158737183,-0.176329508,11.9909029,0.811995506,-0.000254631042,1
1081,11.069995,-4.37753725,-4.10878563,-2.94370699,-2.7133491,14.5431652,-16.4198895,11.9802504,1.0293324,-20.9255047,6.57568932,8.73249817,-0.233305693,-0.135849446,11.9802504,0.932387352,-0.000254631042,1
1082,11.079981,-4.36350775,-4.20772171,-2.88833261,-2.71777916,17.7145042,-16.1928215,11.9834461,1.15154219,-22.7720642,7.57920265,7.61641836,-0.308939457,-0.098565191,11.9834461,1.0529623,-0.000254631042,1
1083,11.089997,-4.27712393,-4.20624495,-2.89276242,-2.82631278,20.8646126,-16.1364651,12.0132732,1.25990605,-24.8006458,8.98028946,12.3106575,-0.289764702,-0.0825862214,12.0132732,1.17341518,-0.000254631042,1
1084,11.099984,-4.17228174,-4.38861132,-2.75543356,-2.8492012,18.5438671,-6.14988756,12.0047512,1.39097476,-19.3447914,2.73407769,5.33875465,-0.372855335,-0.116674684,12.0047512,1.29389858,-0.000254631042,1
1085,11.110002,-4.12133789,-4.42035961,-2.69193769,-3.00203466,17.500391,-7.88121986,12.0292521,1.51466727,-17.9149647,6.88704205,6.59374523,-0.357941628,-0.234919041,12.0292521,1.41499233,-0.000254631042,1
1086,11.119978,-4.02535439,-4.45801449,-2.60186172,-3.03599763,24.5676651,-7.34873152,11.9930334,1.6413238,-23.9887333,9.06171989,7.15896988,-0.4665986,-0.175264239,11.9930334,1.5348959,-0.000254631042,1
1087,11.130001,-3.9367559,-4.5968194,-2.51695442,-3.20802784,20.0015869,1.0718832,11.9770546,1.76294947,-19.8381653,2.76760793,11.3765993,-0.486838639,-0.275399089,11.9770546,1.65560818,-0.000254631042,1
1088,11.139976,-3.83634305,-4.60272646,-2.49701929,-3.2774303,20.8060894,1.30921626,11.9781199,1.88257837,-20.2046032,5.13628292,10.9095707,-0.491099685,-0.210417971,11.9781199,1.77606106,-0.000254631042,1
1089,11.150051,-3.69901466,-4.60937119,-2.46748662,-3.41180587,17.4636078,4.0404253,11.936574,1.9994781,-17.5628967,3.58430982,12.2004862,-0.491099685,-0.338249683,11.936574,1.8962698,-0.000254631042,1
1090,11.159979,-3.64068675,-4.66031551,-2.42909336,-3.46422696,21.1017818,3.831635,11.9557495,2.11745048,-23.3301029,6.81998158,11.5777807,-0.507078648,-0.405361354,11.9557495,2.01617336,-0.000254631042,1
1091,11.170005,-3.5291996,-4.67065191,-2.40768218,-3.56316257,20.419487,6.36138916,11.9205952,2.22525597,-17.9748402,5.77335787,7.8918457,-0.485773355,-0.476734072,11.9205952,2.136199,-0.000254631042,1
1092,11.179979,-3.42731047,-4.67582035,-2.39808393,-3.62518215,17.2624016,8.04321766,11.9664021,2.33388972,-16.7006893,4.46328211,7.76490974,-0.49749127,-0.489517242,11.9589453,2.25601101,-0.000254631042,1
1093,11.189975,-3.38374949,-4.63890409,-2.41654158,-3.76989412,19.4399509,13.4637899,11.9355087,2.45536685,-16.5186672,8.28812885,5.26929951,-0.495360762,-0.559824705,11.9397697,2.37618923,-0.000254631042,1
1094,11.199983,-3.22353292,-4.5909133,-2.49258947,-3.78909063,14.394268,16.6401463,11.9770546,2.57499576,-19.0669689,2.1712482,7.77927971,-0.51027447,-0.570477307,11.9919682,2.49633694,-0.000254631042,1
1095,11.209981,-3.05519438,-4.53332329,-2.55091739,-4.01428032,11.2852392,16.4549255,11.9589453,2.68832922,-19.9315701,4.09444904,9.04145527,-0.511339724,-0.526801467,11.962141,2.61651516,-0.000254631042,1
1096,11.219978,-2.97767019,-4.54439831,-2.58340383,-4.09032774,10.8371992,14.4648695,11.9727936,2.80893469,-18.5831757,5.79012299,3.92090344,-0.468729138,-0.537454128,11.9781199,2.73617458,-0.000254631042,1
1097,11.229975,-2.77536845,-4.44103241,-2.60703015,-4.2475915,9.23987865,18.1890163,11.9887724,2.93104863,-19.7184143,6.63795996,7.69066429,-0.381377459,-0.407491863,11.9759893,2.85647488,-0.000254631042,1
1098,11.239982,-2.64099312,-4.34948015,-2.8373878,-4.29262924,8.62103271,19.3112335,12.0196648,3.04803562,-20.0321617,6.77926636,10.0952635,-0.279112071,-0.344641268,12.02073,2.97668362,-0.000254631042,1
1099,11.249981,-2.65945125,-4.236516,-2.8691361,-4.42405128,4.81520462,18.0637646,12.016469,-3.11590457,-17.934124,5.27758884,6.94581318,-0.208804607,-0.229592726,12.016469,3.09652615,-0.000254631042,1
1100,11.259977,-2.49111319,-4.06374788,-3.01606297,-4.53332329,-1.71291852,21.125618,12.0175343,-3.00148964,-21.1578217,1.2539556,6.55781984,-0.256741524,-0.250898004,12.0217953,-3.06638956,-0.000254631042,1
1101,11.280004,-2.44755173,-3.888026,-3.21836448,-4.61232424,-5.40975046,22.6344109,12.0633411,-2.77024508,-23.0546761,3.17236638,16.0684433,-0.26100257,-0.147567362,12.0633411,-2.82621622,-0.000254631042,1
1102,11.289977,-2.36707401,-3.72707105,-3.39187098,-4.63373613,-4.35487747,21.2310925,12.0217953,-2.6503284,-20.7746181,6.17572117,13.1680737,-0.300417364,-0.172068447,12.0217953,-2.70695353,-0.000254631042,1
1103,11.300001,-2.42909336,-3.59269571,-3.48785329,-4.65736246,-12.6477661,19.3500519,12.0409698,-2.52748203,-23.1025772,0.813271999,9.55877972,-0.429314345,-0.185916886,12.0409698,-2.58759928,-0.000254631042,1
1104,11.309976,-2.33311105,-3.48416162,-3.53879786,-4.64038086,-11.6259127,19.4572792,11.9887724,-2.40350223,-22.2164192,4.49202204,9.14204597,-0.469794393,-0.158220008,11.9887724,-2.46824503,-0.000254631042,1
1105,11.320004,-2.45567322,-3.38522625,-3.73445463,-4.70018482,-8.18276978,17.4179287,11.9738588,-2.28006315,-17.5533161,7.88816023,8.48581028,-0.515600801,-0.23704958,11.9738588,-2.34855509,-0.000254631042,1
1106,11.329979,-2.3796258,-3.22353292,-3.91091442,-4.61232424,-16.733139,12.5504446,11.9951639,-2.15697241,-20.8823929,1.19887018,6.82845688,-0.55395031,-0.251963288,11.9951639,-2.22920084,-0.000254631042,1
1107,11.339998,-2.41506505,-3.0441196,-4.01280355,-4.67582035,-15.3002949,17.1725464,11.9759893,-2.03686428,-21.3853474,8.46535969,10.7730541,-0.464468092,-0.271138042,11.9759893,-2.10987711,-0.000254631042,1
1108,11.349984,-2.52212262,-2.90531397,-4.26752615,-4.51929522,-18.7008858,9.62971878,12.0058165,-1.91332912,-20.8488636,2.78916311,10.2653103,-0.396291167,-0.304161221,12.0058165,-1.99021769,-0.000254631042,1
1109,11.360003,-2.54944062,-2.7827518,-4.2261796,-4.53184652,-14.9354038,7.52942514,12.0292521,-1.78289652,-16.1857605,4.2165947,9.63063049,-0.229044631,-0.424536109,12.0292521,-1.87040567,-0.000254631042,1
1110,11.369979,-2.69489098,-2.66388106,-4.45949125,-4.25866604,-22.0620346,2.01816583,12.0462961,-1.66174173,-22.15415,0.00615041237,7.20687008,-0.26100257,-0.438384533,12.0462961,-1.74989176,-0.000254631042,1
1111,11.379994,-2.82778955,-2.54648733,-4.50231361,-4.26309633,-26.2024574,7.7010498,12.0292521,-1.53410864,-25.9023552,8.65696144,7.44397736,-0.193890914,-0.387251854,12.0292521,-1.63014126,-0.000254631042,1
1112,11.389979,-2.95921183,-2.50957084,-4.55030489,-4.12281418,-22.6965008,1.02444172,12.0995598,-1.41536951,-22.2643204,4.52555227,6.49075937,-0.239697278,-0.308422267,12.0995598,-1.50977993,-0.000254631042,1
1113,11.400005,-3.03452134,-2.38774705,-4.75925159,-4.02535439,-19.960619,-1.55468452,12.016469,-1.29443264,-19.6274033,3.95074773,4.28973675,-0.241827801,-0.169937909,12.016469,-1.38935757,-0.000254631042,1
1114,11.410000,-3.20359778,-2.31760621,-4.73119497,-3.92494273,-15.8967123,-1.95653796,12.0047512,-1.16406155,-15.3738489,4.49202204,8.18643284,-0.331310034,-0.188047409,12.0047512,-1.29337978,-0.000254631042,1
1115,11.419984,-3.28038383,-2.35378408,-4.72233438,-3.68351007,-23.5501518,-5.46024942,11.9813156,-1.04300261,-23.0953922,7.14330912,13.5680428,-0.30467841,-0.104956776,11.9813156,-1.17338467,-0.000254631042,1
1116,11.429997,-3.51812482,-2.26075506,-4.79469061,-3.63404202,-20.2126312,-8.28331184,11.940835,-0.928343296,-21.1458454,5.47877073,9.08696079,-0.245023608,-0.155024216,11.940835,-1.0534544,-0.000254631042,1
1117,11.439981,-3.60524726,-2.29471827,-4.78361607,-3.49375987,-14.5448713,-15.3034086,11.9163342,-0.808043003,-21.0883656,-1.01412797,7.53498793,-0.331310034,-0.192308471,11.9163342,-0.933642387,-0.000254631042,1
1118,11.450003,-3.78244567,-2.3427093,-4.73710108,-3.29884171,-17.8454647,-11.6954489,11.9269867,-0.695363998,-20.4129696,6.2092514,6.90988779,-0.307874203,-0.260485381,11.9269867,-0.814135551,-0.000254631042,1
1119,11.459995,-3.88138151,-2.33680248,-4.73710108,-3.21688771,-12.9310408,-19.1090031,11.9173994,-0.576275349,-23.069046,0.43006888,9.96593285,-0.393095374,-0.325466514,11.9173994,-0.694994926,-0.000254631042,1
1120,11.469980,-4.09918785,-2.41654158,-4.61970758,-3.03304458,-9.90409756,-17.0084133,11.9046164,-0.454527378,-19.6297989,1.43118703,5.36509991,-0.423988044,-0.316944391,11.9046164,-0.575638771,-0.000254631042,1
1121,11.480000,-4.20624495,-2.49406624,-4.64628696,-2.8912859,-11.7930832,-19.6720848,11.9695978,-0.339188099,-22.4750824,4.57584763,6.29915762,-0.406943798,-0.3552939,11.9695978,-0.455857277,-0.000254631042,1
1122,11.489975,-4.29558277,-2.50366449,-4.55842638,-2.79678011,-7.7102437,-21.1093826,11.8843765,-0.225122452,-22.2978497,2.80353332,8.17685318,-0.477251261,-0.272203296,11.8843765,-0.336350441,-0.000254631042,1
1123,11.500000,-4.48533201,-2.6299181,-4.39304161,-2.59300208,-9.71242619,-21.1547718,11.9205952,-0.111466408,-22.1038532,7.29898548,11.4580297,-0.40481326,-0.353163391,11.9205952,-0.216813087,-0.000254631042,1
1124,11.509974,-4.48090219,-2.69784451,-4.39008808,-2.50366449,-6.61458158,-18.4053879,11.8577452,0.00244235992,-18.3891773,6.65951538,9.91803265,-0.467663884,-0.320140183,11.8577452,-0.0974283218,-0.000254631042,1
1125,11.519995,-4.63373613,-2.85732293,-4.19959974,-2.47708488,-5.23161364,-19.3471527,11.9333782,0.121400118,-18.5711994,7.53609228,5.99499035,-0.39203009,-0.430927694,11.9333782,0.0225362778,-0.000254631042,1
1126,11.529980,-4.64924002,-2.89866924,-4.12281418,-2.44164491,-0.188347444,-22.8503284,11.9163342,0.236791611,-22.16852,5.54343605,8.54568577,-0.465533346,-0.34251073,11.9163342,0.14158535,-0.000254631042,1
1127,11.539998,-4.70018482,-3.11647534,-4.0238781,-2.30579305,2.79526043,-20.9648361,11.9461613,0.3551476,-20.628521,4.66925383,8.70375729,-0.385638505,-0.436254025,11.9461613,0.261214256,-0.000254631042,1
1128,11.549983,-4.7932148,-3.22943926,-3.82748365,-2.36707401,3.59529042,-20.9588013,11.9173994,0.47598815,-20.276453,6.40803814,6.0692358,-0.449554384,-0.326531768,11.9173994,0.380721092,-0.000254631042,1
1129,11.560000,-4.7932148,-3.39630079,-3.71008968,-2.23122191,6.66859961,-22.3902626,11.9600105,0.595904827,-22.273901,7.04750824,7.33141136,-0.451684892,-0.322270721,11.9600105,0.500166893,-0.000254631042,1
1130,11.570001,-4.77770948,-3.53879786,-3.55725598,-2.29914808,8.67583466,-18.8784084,11.9312477,0.715725422,-19.938755,5.84041834,10.4281712,-0.500687063,-0.181655824,11.9312477,0.620009422,-0.000254631042,1
1131,11.579977,-4.7932148,-3.63551855,-3.39925432,-2.33311105,10.4070463,-17.5095463,11.940835,0.838144541,-19.4477768,6.05597019,8.41156483,-0.462337554,-0.246636957,11.940835,0.739790916,-0.000254631042,1
1132,11.589975,-4.73710108,-3.79499745,-3.2944119,-2.30062461,10.0427895,-16.0031681,11.9610758,0.961339712,-17.3952446,7.37323093,9.68571568,-0.441032261,-0.218940079,11.9610758,0.859908104,-0.000254631042,1
1133,11.599998,-4.67582035,-3.95742917,-3.13714838,-2.35378408,13.5341473,-10.1358061,11.9674673,1.0859561,-16.6982937,2.65983224,8.99115944,-0.409074336,-0.381925523,11.9674673,0.979964256,-0.000254631042,1
1134,11.609974,-4.70535374,-4.0342145,-2.97619343,-2.36855054,17.3824425,-9.250494,11.9749241,1.20646596,-17.9437046,3.05740547,9.022295,-0.487903893,-0.402165562,11.9749241,1.10014248,-0.000254631042,1
1135,11.620004,-4.64185715,-4.19074011,-2.95625854,-2.41801858,19.5054951,-13.5357065,11.9078121,1.30368614,-20.1423321,4.02978325,10.7826347,-0.461272299,-0.474603534,11.9120731,1.22025967,-0.000254631042,1
1136,11.629994,-4.56876326,-4.25718927,-2.7827518,-2.58857203,20.4001541,-9.95675659,11.9600105,1.41912127,-21.921833,7.35646582,12.5645294,-0.444228053,-0.500169873,11.9504223,1.34025478,-0.000254631042,1
1137,11.639981,-4.41445255,-4.45506096,-2.68529272,-2.54353404,21.30056,-9.02482224,11.9216604,1.54211545,-21.8667469,8.69528198,11.9921198,-0.4665986,-0.508691967,11.9099426,1.46037197,-0.000254631042,1
1138,11.649995,-4.3125639,-4.51191187,-2.58857203,-2.66240454,23.1289749,-1.97301638,11.9419003,1.6694088,-23.0882072,6.86069679,10.8377199,-0.470859677,-0.402165562,11.9557495,1.58012295,-0.000254631042,1
1139,11.659982,-4.23356295,-4.51929522,-2.53541231,-2.88980913,19.0743027,-0.557522237,11.9845114,1.78942108,-21.2105122,7.1313343,7.58049345,-0.492164969,-0.353163391,12.0015554,1.70068264,-0.000254631042,1
1140,11.670002,-4.05931759,-4.65736246,-2.48815966,-2.84772468,18.5490379,5.97894096,12.0750589,1.91451716,-20.6955814,1.55093801,7.82239008,-0.45381543,-0.251963288,12.07932,1.8216238,-0.000254631042,1
1141,11.679977,-3.8998394,-4.68837166,-2.44607496,-3.21393466,22.2295284,2.43797207,12.0707979,2.02785063,-21.0237007,7.62231302,5.19984388,-0.396291167,-0.225331664,12.0814505,1.9428091,-0.000254631042,1
1142,11.690000,-3.84151149,-4.63668919,-2.39956069,-3.19695282,25.1762085,8.17186451,12.0622759,2.14684296,-25.5646572,6.86069679,6.86917257,-0.324918449,-0.146502092,12.0654716,2.06423855,-0.000254631042,1
1143,11.699974,-3.61410713,-4.74374628,-2.40768218,-3.40737581,19.3978348,7.87174034,12.0399046,2.27076173,-19.9076214,6.47509861,10.0090427,-0.249284655,-0.115609422,12.0569496,2.18450832,-0.000254631042,1
1144,11.710004,-3.50778818,-4.71126032,-2.39217734,-3.57128406,12.0897074,11.6678972,12.0707979,2.39243102,-16.7773304,0.906677783,11.5418558,-0.280177325,-0.200830579,12.0388393,2.30554104,-0.000254631042,1
1145,11.719979,-3.37341285,-4.64628696,-2.48003817,-3.65914488,18.1924419,10.6844826,12.0217953,2.51123142,-19.354372,8.39829922,9.02468967,-0.21732673,-0.271138042,12.0217953,2.42632961,-0.000254631042,1
1146,11.729977,-3.22796273,-4.66769886,-2.50366449,-3.75143623,12.1965294,14.9904423,12.0026207,2.62827969,-19.0478096,3.26337719,9.41747284,-0.339832127,-0.325466514,12.0026207,2.54662991,-0.000254631042,1
1147,11.739974,-3.10761547,-4.63668919,-2.48299122,-4.04381275,9.08949375,13.5172462,11.9610758,2.73468137,-16.0109234,2.99752998,7.1110692,-0.307874203,-0.370207608,11.9610758,2.66714382,-0.000254631042,1
1148,11.749982,-2.95109034,-4.55695009,-2.50809431,-4.05119658,10.8630753,19.9014606,11.9919682,2.86699653,-22.1014595,5.05964231,8.82111359,-0.319592118,-0.357424438,11.9919682,2.78701687,-0.000254631042,1
1149,11.759979,-2.91565013,-4.49493074,-2.61145997,-4.18114185,6.24863625,21.7829189,11.9046164,2.98637247,-22.4870567,2.80592823,10.6509085,-0.377116382,-0.424536109,11.9046164,2.90646267,-0.000254631042,1
1150,11.769977,-2.74140525,-4.46096754,-2.65132999,-4.26457262,8.26464081,23.8581982,11.9312477,3.10307169,-24.1587811,7.3397007,9.03666496,-0.425053298,-0.359554976,11.9312477,3.02596951,-0.000254631042,1
1151,11.779974,-2.67790937,-4.30813408,-2.76872349,-4.46539736,4.19375896,19.2533455,11.8950291,-3.06404209,-18.8705769,5.67276716,7.12783432,-0.495360762,-0.330792844,11.8950291,-3.13792276,-0.000254631042,1
1152,11.789983,-2.66831112,-4.16859007,-2.84181786,-4.42257452,3.57358885,18.0160828,11.886507,-2.95192027,-17.019228,6.90620232,6.83803701,-0.529449224,-0.337184429,11.886507,-3.01896524,-0.000254631042,1
1153,11.799981,-2.41358876,-4.09475756,-2.99760461,-4.62192249,-0.159904659,19.5210247,11.9344435,-2.83766246,-18.6741848,5.68953228,7.40086699,-0.616800904,-0.229592726,11.9344435,-2.90000772,-0.000254631042,1
1154,11.810003,-2.50661755,-3.87842798,-3.17701793,-4.51929522,-4.68195009,21.3276634,11.9770546,-2.71672606,-21.3613968,4.52555227,7.08232927,-0.558211386,-0.312683344,11.9770546,-2.78101969,-0.000254631042,1
1155,11.819976,-2.39070058,-3.79204392,-3.28186035,-4.64333439,-5.25659609,23.1628799,11.9291172,-2.59471679,-22.5181923,7.55525255,10.013833,-0.457011223,-0.332923353,11.9291172,-2.66200113,-0.000254631042,1
1156,11.829994,-2.46453333,-3.66062164,-3.46422696,-4.61084747,-12.1163998,21.6182652,11.9994249,-2.4762218,-24.4868984,3.81423163,9.9443779,-0.384573251,-0.412818193,11.9994249,-2.54228067,-0.000254631042,1
1157,11.839981,-2.48815966,-3.53732133,-3.45832062,-4.63890409,-6.26192093,17.7936535,11.9429655,-2.36000204,-17.0407829,8.08934212,7.77209473,-0.383507967,-0.434123486,11.9429655,-2.42317057,-0.000254631042,1
1158,11.850001,-2.45050502,-3.34535646,-3.80459547,-4.64185715,-14.3891582,12.308362,11.9802504,-2.22810459,-18.911293,0.952183127,3.3317287,-0.398421675,-0.492713034,11.9802504,-2.30345011,-0.000254631042,1
1159,11.859976,-2.50957084,-3.23534584,-3.82305336,-4.49493074,-12.848649,14.2439213,11.9344435,-2.10613012,-18.3173275,5.69671726,14.832613,-0.298286825,-0.472472996,11.9344435,-2.20765543,-0.000254631042,1
1160,11.869997,-2.53541231,-3.0839889,-3.94192386,-4.58574438,-15.438159,12.8514338,11.9259214,-1.98528957,-19.3064709,5.5458312,12.1310301,-0.238632008,-0.437319279,11.9259214,-2.08854532,-0.000254631042,1
1161,11.879982,-2.63139486,-2.93558526,-4.07777596,-4.38639641,-18.4993401,6.33451605,11.9419003,-1.85848475,-19.5363922,0.825247109,10.2413597,-0.200282499,-0.438384533,11.9419003,-1.96931314,-0.000254631042,1
1162,11.889997,-2.84034133,-2.69341421,-4.37606001,-4.23873138,-19.9154396,11.6065912,11.9067469,-1.73278666,-21.5266533,8.24262333,8.48820591,-0.197086707,-0.23704958,11.9067469,-1.84925699,-0.000254631042,1
1163,11.899983,-3.09358716,-2.65945125,-4.46539736,-4.08220625,-21.9151764,4.59238863,11.8833113,-1.61236429,-22.0870876,3.67771554,5.29324961,-0.234370962,-0.177394763,11.8833113,-1.72981119,-0.000254631042,1
1164,11.910002,-3.09801722,-2.55903888,-4.53849125,-3.9219892,-21.6732349,6.40572071,11.8960943,-1.49064302,-21.0907612,8.12047768,1.71269524,-0.206674084,-0.0964346603,11.8960943,-1.61061001,-0.000254631042,1
1165,11.920005,-3.33280468,-2.49997258,-4.58426809,-3.77949214,-17.674614,-2.48267865,11.8407001,-1.37195539,-17.8167686,1.05756402,4.96273661,-0.360072166,-0.091108337,11.8407001,-1.49113369,-0.000254631042,1
1166,11.929980,-3.5291996,-2.62696505,-4.56728649,-3.61558414,-17.2607002,1.52324736,11.8289824,-1.26284266,-15.9869738,6.68346548,9.18515682,-0.285503656,-0.111348361,11.8289824,-1.37174892,-0.000254631042,1
1167,11.940005,-3.45979714,-2.45419645,-4.56137991,-3.57128406,-22.0250969,0.550201058,11.8236561,-1.13314295,-19.7160187,9.83291531,9.76475143,-0.28656891,-0.140110508,11.8236561,-1.2533102,-0.000254631042,1
1168,11.949979,-3.71747303,-2.48299122,-4.55990314,-3.28998208,-17.8063107,-4.08920145,11.8438959,-1.00802946,-17.2419643,6.04160023,10.3946409,-0.280177325,-0.232788518,11.8438959,-1.13359356,-0.000254631042,1
1169,11.959997,-3.93232584,-2.53245926,-4.55990314,-3.2124579,-15.6985521,-10.3203812,11.806612,-0.884302139,-18.6837654,1.96767151,11.6137066,-0.405878544,-0.297769636,11.806612,-1.0143919,-0.000254631042,1
1170,11.969984,-3.95226049,-2.63139486,-4.46687412,-3.0891571,-20.0010109,-9.09946442,11.7948942,-0.775721073,-20.501585,7.9073205,15.3738871,-0.245023608,-0.436254025,11.7948942,-0.895648003,-0.000254631042,1
1171,11.980001,-4.09180403,-2.73033071,-4.30813408,-2.96807194,-15.5962801,-10.6588039,11.8044815,-0.66029501,-17.9844208,5.78054285,14.1404524,-0.403748006,-0.398969769,11.8044815,-0.776751518,-0.000254631042,1
1172,11.989975,-4.19959974,-2.78422856,-4.27269411,-2.84181786,-10.3508396,-16.3695068,11.7799807,-0.539043903,-19.361557,0.480364293,6.53865957,-0.398421675,-0.56621629,11.7799807,-0.657793999,-0.000254631042,1
1173,11.999995,-4.28819895,-2.8322196,-4.1922164,-2.9038372,-13.868906,-12.4808521,11.7799807,-0.423364639,-17.0767078,7.51693249,10.3754816,-0.385638505,-0.458624572,11.7799807,-0.538926125,-0.000254631042,1
1174,12.009980,-4.36941481,-3.0441196,-4.03938341,-2.64542317,-12.9125404,-16.90481,11.8438959,-0.309839249,-20.0369511,7.14330912,14.2530184,-0.413335383,-0.467146695,11.8438959,-0.419968605,-0.000254631042,1
1175,12.020003,-4.41149998,-3.03156781,-3.96185899,-2.72294736,-9.1440649,-16.5501842,11.8353739,-0.195006371,-18.0083694,5.76377773,11.6496315,-0.468729138,-0.357424438,11.8353739,-0.300889015,-0.000254631042,1
1176,12.029978,-4.41888285,-3.23239231,-3.86292315,-2.61736679,-7.32395124,-17.8969345,11.8790503,-0.0954928398,-18.5137196,5.58415127,15.606204,-0.471924931,-0.501235127,11.8790503,-0.181687355,-0.000254631042,1
1177,12.040000,-4.55842638,-3.28998208,-3.6886785,-2.62548828,-5.01148701,-19.3596153,11.8875723,0.0333178043,-19.1819305,5.65360689,7.34578133,-0.411204845,-0.411752939,11.8875723,-0.0627603531,-0.000254631042,1
1178,12.049974,-4.45949125,-3.48933005,-3.60155559,-2.48299122,-3.11696124,-18.5547638,11.8939638,0.150269985,-17.8790398,5.85957861,4.56037378,-0.324918449,-0.372338146,11.8939638,0.0566549301,-0.000254631042,1
1179,12.059995,-4.52446318,-3.55208778,-3.50631166,-2.57602048,1.08804381,-21.3527832,11.9014206,0.266916513,-20.8009624,4.8848052,6.43806887,-0.295091033,-0.304161221,11.9014206,0.175948143,-0.000254631042,1
1180,12.070098,-4.49640703,-3.64511657,-3.39039445,-2.51252437,1.99535716,-21.5764503,11.8673325,0.385847569,-20.741087,6.27152205,12.1238451,-0.182172999,-0.157154739,11.8673325,0.295454979,-0.000254631042,1
1181,12.079981,-4.54292154,-3.78244567,-3.33944988,-2.53910422,2.15782619,-18.789917,11.8385696,0.483102798,-20.4728451,6.03202009,11.6783714,-0.204543546,-0.151828423,11.8385696,0.414259911,-0.000254631042,1
1182,12.090001,-4.54735184,-3.90279269,-3.22057939,-2.58488035,10.1772785,-17.584568,11.8950291,0.600002766,-23.1600571,4.18306446,11.1778126,-0.144888744,-0.264746457,11.8641367,0.533644676,-0.000254631042,1
1183,12.099975,-4.47499514,-3.94044757,-3.0721755,-2.59152508,9.50475979,-12.2079458,11.8438959,0.719553232,-18.6047306,-0.503988802,11.6424465,-0.177911937,-0.302030683,11.8396349,0.652602196,-0.000254631042,1
1184,12.110000,-4.42552805,-3.84298849,-3.19547629,-2.5376277,10.1784954,-17.782011,11.7831764,0.840804338,-21.7350216,4.10881901,5.20223856,-0.174716145,-0.330792844,11.8321781,0.770827293,-0.000254631042,1
1185,12.119984,-4.39747095,-3.94487739,-3.15560627,-2.69784451,13.3533726,-16.113205,11.8875723,0.961645126,-20.171072,3.39989328,8.99834442,-0.250349909,-0.274333805,11.8705282,0.889967918,-0.000254631042,1
1186,12.130001,-4.32511568,-4.12133789,-2.98874474,-2.67347956,16.4953289,-17.1045132,11.8460264,1.08531046,-22.5708828,7.43071175,8.56245136,-0.202413023,-0.176329508,11.886507,1.00858974,-0.000254631042,1
1187,12.139975,-4.18261862,-4.07186985,-2.99317479,-2.87578082,19.3131371,-12.3792248,11.9301825,1.20811319,-22.4487362,4.72194386,11.6687918,-0.315331042,-0.135849446,11.9173994,1.12809658,-0.000254631042,1
1188,12.149973,-4.10583258,-4.0408597,-3.01606297,-2.91122055,20.6464214,-10.1475611,11.9024858,1.32517052,-22.4942417,4.82253504,8.85224915,-0.247154132,-0.0996304527,11.9216604,1.24742031,-0.000254631042,1
1189,12.159998,-4.1021409,-4.1021409,-2.99317479,-2.98505306,16.4505024,-6.32966375,11.9642715,1.44491291,-17.1150284,4.21420002,4.90525627,-0.290829986,-0.133718923,11.9557495,1.36726284,-0.000254631042,1
1190,12.169983,-3.96924233,-4.12281418,-3.00424957,-3.04116607,19.2733383,-4.49652481,11.936574,1.56981707,-19.2777309,4.47765207,7.32662106,-0.269524693,-0.101760983,11.936574,1.48683071,-0.000254631042,1
1191,12.180000,-3.89836264,-4.11469221,-2.89571595,-3.16594291,25.4270821,-6.67386627,11.9163342,1.69119835,-24.4413929,9.67963505,14.5547905,-0.382442713,-0.0974999219,11.9163342,1.60649014,-0.000254631042,1
1192,12.189975,-3.81197858,-4.28155375,-2.85215449,-3.25085068,23.3831348,2.7180903,11.9823809,1.81409693,-23.3492641,2.99513483,8.76842308,-0.377116382,-0.168872654,11.9823809,1.72671413,-0.000254631042,1
1193,12.199996,-3.82453012,-3.8658762,-3.0670073,-3.2774303,19.9634075,2.27612543,11.9685326,1.93407488,-19.4693317,4.96623611,6.80450678,-0.408009052,-0.291378051,11.9685326,1.84741116,-0.000254631042,1
1194,12.210016,-3.57866764,-3.98474693,-3.0057261,-3.45167542,23.7118988,0.361007214,12.0111427,2.04858565,-21.2224865,10.5825567,9.41028786,-0.408009052,-0.274333805,12.0111427,1.96725368,-0.000254631042,1
1195,12.219994,-3.56168604,-4.0578413,-3.12902665,-3.45536709,23.7792606,3.96263385,12.007947,2.16904283,-21.8811169,10.1179228,10.5622931,-0.295091033,-0.227462202,12.007947,2.08785915,-0.000254631042,1
1196,12.230004,-3.61558414,-3.80902529,-3.22353292,-3.60155559,19.5437412,9.97565269,11.9951639,2.29398155,-21.2536221,5.45482016,7.35536146,-0.232240424,-0.227462202,11.9951639,2.20822048,-0.000254631042,1
1197,12.239979,-3.74257588,-4.0201869,-3.55430293,-3.75512743,21.1242657,11.8435707,12.0111427,2.41272116,-22.9037895,7.86899996,7.34817648,-0.175781414,-0.178460032,12.0111427,2.32855129,-0.000254631042,1
1198,12.249977,-3.99729896,-4.11173916,-3.80459547,-3.84003496,21.5519619,16.1712093,12.0324478,2.53279471,-25.5910015,8.43182945,18.5975838,-0.121452935,-0.079390429,12.0324478,2.4497366,-0.000254631042,1
1199,12.259973,-3.93897057,-4.17006636,-4.03273821,-4.0681777,24.7998543,9.25162029,12.0644064,2.65028739,-19.8573246,17.5017681,9.49411392,-0.118257143,0.0452455096,12.0644064,2.57055569,-0.000254631042,1
1200,12.269980,-3.95742917,-4.25054455,-4.13019753,-4.12133789,19.9768658,8.02484035,12.2636108,2.77007365,-14.7295885,15.7007141,4.34721708,-0.233305693,-0.151828423,12.2636108,2.6933279,-0.000254631042,1
1201,12.279978,-4.04971981,-4.41002321,-4.20107651,-4.29853582,7.27342224,19.6026096,12.5544281,2.89643383,-20.7818031,2.29818416,7.57330799,-0.278046787,-0.241310626,12.5544281,2.81753445,-0.000254631042,1
1202,12.289975,-4.30148935,-4.33102226,-4.29853582,-4.23503971,11.2925215,24.6288681,12.6929121,3.02210474,-25.7993698,8.27615356,16.5522366,-0.349419504,-0.1433063,12.6929121,2.94375515,-0.000254631042,1
1203,12.299983,-4.05267334,-4.35760164,-4.43143415,-4.32806873,12.3042364,24.9620247,12.9102259,-3.13764143,-24.9132118,12.4027719,15.1870756,-0.593365133,-0.177394763,12.9102259,3.04605007,-0.000254631042,1
1204,12.309979,-4.1612072,-4.31699419,-4.37458324,-4.31847048,7.23297358,23.1593685,13.0881252,-3.01121116,-22.0224228,10.1825886,6.16024637,-0.735045254,-0.213613763,13.0881252,-3.10764933,-0.000254631042,1
1205,12.319976,-4.23503971,-4.29853582,-4.27269411,-4.36350775,8.36609077,21.549221,13.2489805,-2.88405728,-18.707716,13.5787268,3.90653348,-0.879921257,-0.307357013,13.2489805,-2.97672892,-0.000254631042,1
1206,12.329995,-4.03126097,-4.27269411,-4.26161957,-4.41592979,-2.80852842,23.1124821,13.4662943,-2.75263166,-22.4511318,6.16614103,4.94836664,-0.949163437,-0.3734034,13.4662943,-2.84413004,-0.000254631042,1
1207,12.339974,-4.27712393,-4.2475915,-4.22174931,-4.3804903,-6.4560318,24.4275475,13.5461893,-2.6149106,-24.3623581,6.69783545,9.58272934,-0.966207683,-0.364881307,13.5461893,-2.70939493,-0.000254631042,1
1208,12.350159,-4.0851593,-4.25718927,-4.24020767,-4.39304161,-5.46783447,27.7054272,13.754981,-2.47497463,-25.1551094,12.8338757,14.7080717,-0.838375926,-0.402165562,13.754981,-2.57472086,-0.000254631042,1
1209,12.359973,-4.15530109,-4.20624495,-4.24168491,-4.39747095,-11.8777113,27.1518936,13.8977261,-2.32896924,-27.2938614,11.5477495,12.0639696,-0.709478915,-0.482060373,13.8977261,-2.43778849,-0.000254631042,1
1210,12.370030,-4.26161957,-4.18557167,-4.17228174,-4.39599466,-15.5166168,24.4838676,13.9669685,-2.187603,-26.8196468,10.9968948,9.48213863,-0.644497812,-0.603500545,13.9669685,-2.29951334,-0.000254631042,1
1211,12.379979,-4.12281418,-4.23208666,-4.30296564,-4.40190125,-21.7613564,21.4350147,14.1256924,-2.04390907,-29.1380272,9.16470623,11.8460236,-0.555015564,-0.727071226,14.1256924,-2.1602006,-0.000254631042,1
1212,12.389976,-4.19369364,-4.20107651,-4.34504986,-4.39304161,-22.3229866,15.9155025,14.1853476,-1.89777327,-26.2520275,7.90253019,9.92521763,-0.419726968,-0.761159658,14.1853476,-2.01954508,-0.000254631042,1
1213,12.399999,-4.25718927,-4.14127207,-4.34800339,-4.28450727,-23.5726948,12.8336754,14.2609816,-1.74386024,-25.4305363,8.58271599,6.98413324,-0.279112071,-0.727071226,14.2609816,-1.87830973,-0.000254631042,1
1214,12.409999,-4.17228174,-4.16563702,-4.34209681,-4.23060942,-28.787899,9.37302494,14.3547249,-1.59945059,-29.0446205,8.54439545,5.36031008,-0.154476121,-0.594978392,14.3547249,-1.73582315,-0.000254631042,1
1215,12.419974,-4.26604939,-4.13979578,-4.35464811,-4.20919847,-32.2266426,5.82912683,14.4058571,-1.45367193,-31.3246784,9.55509377,3.55446553,-0.0298401862,-0.385121316,14.4058571,-1.5930624,-0.000254631042,1
1216,12.429997,-4.38196659,-4.21658182,-4.35907841,-4.21658182,-31.4305878,-1.06818748,14.4452724,-1.30416203,-30.6013832,7.25108528,2.94134045,0.00211774674,-0.195504263,14.4452724,-1.44972134,-0.000254631042,1
1217,12.439973,-4.51191187,-4.17228174,-4.45653772,-4.31994677,-27.5949078,-5.76469374,14.4719038,-1.15008354,-27.542944,6.00806999,7.89663601,-0.0341012478,-0.148632631,14.4719038,-1.30534267,-0.000254631042,1
1218,12.450000,-4.45801449,-4.23356295,-4.55178213,-4.236516,-25.0989227,-8.94579315,14.5592556,-0.999867916,-25.9526501,6.03680992,9.38154793,-0.0756465644,-0.204026371,14.5592556,-1.1605711,-0.000254631042,1
1219,12.459974,-4.42995787,-4.25571251,-4.56580973,-4.11469221,-24.601181,-13.9264612,14.6253014,-0.858658791,-27.7225704,5.53385592,9.47255898,-0.197086707,-0.220005348,14.6253014,-1.01530743,-0.000254631042,1
1220,12.469998,-4.47647238,-4.18409538,-4.55842638,-4.13167381,-26.1109409,-18.5482845,14.6668472,-0.720317841,-31.1642132,7.38999605,9.67613506,-0.269524693,-0.253028542,14.6668472,-0.869494438,-0.000254631042,1
1221,12.479983,-4.49640703,-4.2431612,-4.49050045,-4.15160847,-25.0095158,-23.8001308,14.6359549,-0.574661732,-33.571209,8.05581188,12.2867069,-0.401617467,-0.234919041,14.6359549,-0.723376274,-0.000254631042,1
1222,12.490001,-4.5148654,-4.27269411,-4.43807936,-4.17006636,-22.0512009,-26.2244396,14.6753693,-0.427157879,-33.0035896,9.20542145,13.3405151,-0.431444883,-0.24876748,14.6753693,-0.577256203,-0.000254631042,1
1223,12.499975,-4.51781893,-4.30001259,-4.41888285,-4.17006636,-16.9332199,-27.2353439,14.7051964,-0.284100056,-30.8648357,8.53481579,11.3550444,-0.478316516,-0.265811712,14.7051964,-0.430558205,-0.000254631042,1
1224,12.510001,-4.55030489,-4.33397532,-4.40854645,-4.1781888,-12.9137669,-28.876976,14.7435465,-0.144739151,-27.9069862,9.12638569,9.41747284,-0.495360762,-0.291378051,14.7435465,-0.283341408,-0.000254631042,1
1225,12.519975,-4.60124922,-4.30813408,-4.4055934,-4.21362829,-6.37884903,-29.9664326,14.7765694,-0.0316929817,-31.1642132,9.73711586,8.12416267,-0.521992385,-0.319074929,14.7850914,-0.13688755,-0.000254631042,1
1226,12.529999,-4.5798378,-4.29853582,-4.41002321,-4.25054455,-2.27357912,-32.0691147,14.7808304,0.111521482,-31.7462025,4.7123642,5.5950222,-0.557146132,-0.29883489,14.7882872,0.0103292465,-0.000254631042,1
1227,12.539974,-4.53037024,-4.31108713,-4.40854645,-4.29705906,2.25998163,-31.9762955,14.7893524,0.259174347,-31.1043377,6.86788177,8.03315163,-0.527318656,-0.284986466,14.7882872,0.157820702,-0.000254631042,1
1228,12.550001,-4.57245445,-4.34062004,-4.41740561,-4.236516,3.8667717,-32.6215782,14.8351593,0.40877986,-32.220417,2.44188547,7.15896988,-0.525188148,-0.240245372,14.8468771,0.304945946,-0.000254631042,1
1229,12.559976,-4.59829617,-4.37163019,-4.40337801,-4.16563702,8.07373524,-33.9069176,14.834094,0.556633472,-32.1126404,6.7481308,9.20910645,-0.501752317,-0.210417971,14.8522034,0.4529562,-0.000254631042,1
1230,12.570004,-4.56433344,-4.36498499,-4.31404066,-4.28450727,13.0880899,-31.9570618,14.8117228,0.706003904,-33.1832161,11.0926962,9.85097218,-0.494295478,-0.197634786,14.82131,0.600935936,-0.000254631042,1
1231,12.579978,-4.55030489,-4.37310696,-4.36203194,-4.21362829,17.4868488,-26.9432621,14.8415508,0.857571602,-30.8528595,8.93478394,6.83803701,-0.502817571,-0.227462202,14.8426161,0.749251366,-0.000254631042,1
1232,12.589999,-4.5628562,-4.40707016,-4.3354516,-4.236516,22.8713493,-18.8022366,14.8447466,1.01387429,-29.3535786,3.87171197,9.0749855,-0.494295478,-0.274333805,14.8234406,0.897810936,-0.000254631042,1
1233,12.599996,-4.56580973,-4.4055934,-4.32806873,-4.2475915,26.5474529,-16.9331131,14.8468771,1.1636281,-31.0827827,5.03569174,9.27616692,-0.500687063,-0.332923353,14.8447466,1.0461874,-0.000254631042,1
1234,12.609984,-4.5488286,-4.40707016,-4.31551695,-4.17671204,30.1548576,-14.9254541,14.8671169,1.31275463,-32.9652672,6.73615599,8.80434799,-0.452750176,-0.352098107,14.8671169,1.19499111,-0.000254631042,1
1235,12.620015,-4.56876326,-4.40337801,-4.31404066,-4.24611473,31.8383179,-14.4085407,14.8234406,1.45958781,-33.240696,10.7861338,11.1610479,-0.516666055,-0.387251854,14.8234406,1.34345913,-0.000254631042,1
1236,12.630000,-4.5628562,-4.42035961,-4.30813408,-4.2534976,33.226223,-9.43544197,14.8245058,1.61286473,-32.8000107,10.8244534,11.5873613,-0.504948139,-0.493778288,14.8245058,1.49186611,-0.000254631042,1
1237,12.639974,-4.50083685,-4.50083685,-4.31108713,-4.32511568,31.0192757,-3.1565876,14.8500729,1.76491189,-29.8277912,9.08088017,6.99371338,-0.558211386,-0.500169873,14.8500729,1.64080715,-0.000254631042,1
1238,12.649997,-4.44250917,-4.53184652,-4.31551695,-4.32806873,32.349678,5.19778872,14.8575296,1.91973162,-32.1773071,6.17572117,10.133584,-0.47938177,-0.527866781,14.8575296,1.78991604,-0.000254631042,1
1239,12.659999,-4.43586445,-4.53627682,-4.28967571,-4.31847048,33.1333046,8.58978748,14.892683,2.05966783,-33.2862015,7.97677612,8.20559311,-0.467663884,-0.484190911,14.892683,1.93884182,-0.000254631042,1
1240,12.669974,-4.4284811,-4.55030489,-4.30813408,-4.35760164,30.7508106,15.4026918,14.8553991,2.21279621,-33.8514252,6.07752562,8.96720982,-0.42292276,-0.452232987,14.8553991,2.08755398,-0.000254631042,1
1241,12.680002,-4.43955612,-4.5148654,-4.32511568,-4.35243368,31.0663433,17.5475655,14.8575296,2.36207104,-34.3184547,9.76106548,8.65585709,-0.401617467,-0.410687655,14.8575296,2.23736477,-0.000254631042,1
1242,12.689977,-4.35243368,-4.48902416,-4.35243368,-4.44398594,21.6766968,18.4657211,14.8404856,2.49438643,-27.8016052,6.15895605,8.87380409,-0.426118553,-0.425601363,14.8404856,2.38540554,-0.000254631042,1
1243,12.700004,-4.30813408,-4.43143415,-4.34357405,-4.42405128,23.7166061,23.6325169,14.8500729,2.65609431,-31.9689388,9.94787693,6.93144274,-0.410139591,-0.381925523,14.8500729,2.5343008,-0.000254631042,1
1244,12.709978,-4.37753725,-4.40337801,-4.35464811,-4.37753725,15.0782404,26.9397602,14.8415508,2.80194235,-30.4241524,5.24166346,8.95523453,-0.486838639,-0.320140183,14.8415508,2.68298244,-0.000254631042,1
1245,12.720000,-4.43438816,-4.40190125,-4.42700434,-4.4284811,13.5319138,31.9902802,14.8159838,2.95277786,-33.9615974,7.28701019,9.022295,-0.41759643,-0.273268551,14.8159838,2.83148098,-0.000254631042,1
1246,12.729976,-4.42257452,-4.3945179,-4.44989252,-4.40854645,9.22024536,33.1791306,14.7925482,3.09580064,-33.5664177,7.69176865,8.68938732,-0.463402808,-0.231723249,14.7925482,2.97976589,-0.000254631042,1
1247,12.740004,-4.43586445,-4.39156485,-4.41888285,-4.40190125,3.33914518,35.2757072,14.8021355,-3.04373431,-34.7806931,6.76968622,12.3034716,-0.512404978,-0.202961117,14.8021355,3.1280508,-0.000254631042,1
1248,12.749978,-4.44693899,-4.37458324,-4.47351933,-4.34948015,1.33687818,31.9915295,14.808527,-2.9024291,-30.7642441,8.87730312,8.03554726,-0.521992385,-0.238114834,14.808527,-3.03617716,-0.000254631042,1
1249,12.759999,-4.47204208,-4.39894772,-4.44103241,-4.36941481,-4.34262466,27.9876518,14.7968092,-2.75873518,-27.5836582,6.42719841,6.41651392,-0.574190378,-0.288182259,14.7968092,-2.88835001,-0.000254631042,1
1250,12.769984,-4.48533201,-4.43291092,-4.40042496,-4.32511568,-7.22030592,30.6157646,14.8032007,-2.60996675,-30.0505295,9.29643154,10.0018578,-0.578451395,-0.376599193,14.8032007,-2.74021769,-0.000254631042,1
1251,12.779980,-4.50231361,-4.42552805,-4.37458324,-4.32511568,-14.7397032,30.1093063,14.8362246,-2.45997715,-32.6682854,7.52411747,10.4832573,-0.577386141,-0.411752939,14.8362246,-2.59171915,-0.000254631042,1
1252,12.789977,-4.48533201,-4.41002321,-4.3354516,-4.32659245,-21.7192554,27.0227699,14.8319635,-2.31978822,-34.3064804,5.0021615,10.5551081,-0.526253402,-0.43518874,14.8319635,-2.44315958,-0.000254631042,1
1253,12.799974,-4.47942591,-4.38344336,-4.43291092,-4.27121735,-22.5229473,26.7068195,14.8266363,-2.15366793,-33.5041466,9.89997578,6.40693378,-0.49749127,-0.454363495,14.8266363,-2.29487467,-0.000254631042,1
1254,12.809983,-4.51929522,-4.36350775,-4.40707016,-4.37163019,-22.157156,21.8955193,14.8074617,-2.00346899,-29.2960968,10.587347,10.8999901,-0.47938177,-0.46075511,14.8074617,-2.1464982,-0.000254631042,1
1255,12.819980,-4.5037899,-4.39894772,-4.3945179,-4.25718927,-25.3755646,15.889369,14.8202448,-1.8476634,-28.7524281,8.34800434,6.06684065,-0.470859677,-0.519344628,14.8202448,-1.99775553,-0.000254631042,1
1256,12.829976,-4.50895834,-4.36203194,-4.39008808,-4.34209681,-31.3076916,11.1059675,14.8916178,-1.68882418,-32.3976479,7.34209585,10.1048441,-0.460207015,-0.474603534,14.8916178,-1.84873819,-0.000254631042,1
1257,12.839974,-4.49640703,-4.37310696,-4.40337801,-4.27564716,-36.6639595,8.21796703,14.8735085,-1.53607893,-36.356617,9.48563862,10.0856838,-0.436771214,-0.443710864,14.8735085,-1.69950771,-0.000254631042,1
1258,12.849982,-4.51634169,-4.41149998,-4.37753725,-4.29262924,-34.9431534,1.7181859,14.8873568,-1.3896904,-34.0621872,7.98396111,8.78758335,-0.409074336,-0.38618657,14.8873568,-1.54988003,-0.000254631042,1
1259,12.869999,-4.49936008,-4.36350775,-4.3945179,-4.3125639,-27.9206142,-7.11902857,14.9246407,-1.07876015,-27.9716511,6.91578245,5.25013924,-0.372855335,-0.369142354,14.9246407,-1.25092983,-0.000254631042,1
1260,12.879973,-4.48902416,-4.41297626,-4.38861132,-4.33102226,-28.7694302,-10.2364407,14.9523382,-0.929389477,-29.1763458,9.01142406,6.54823971,-0.430379629,-0.38618657,14.9523382,-1.10093975,-0.000254631042,1
1261,12.890000,-4.52593994,-4.42995787,-4.37753725,-4.3125639,-26.653698,-18.952837,14.9672518,-0.786366463,-32.2539482,5.41410494,8.47144032,-0.460207015,-0.370207608,14.9672518,-0.950671196,-0.000254631042,1
1262,12.899975,-4.54292154,-4.39894772,-4.3945179,-4.31994677,-29.5477295,-23.3305664,14.9384899,-0.638521671,-36.3446388,9.82094097,14.3081036,-0.464468092,-0.296704382,14.9384899,-0.80092144,-0.000254631042,1
1263,12.910003,-4.51929522,-4.37901306,-4.40042496,-4.24906826,-25.2601738,-27.3770676,14.9427509,-0.489648819,-36.0404739,9.41618252,12.4519634,-0.449554384,-0.284986466,14.9427509,-0.651080132,-0.000254631042,1
1264,12.919994,-4.51781893,-4.39894772,-4.3945179,-4.3354516,-18.1746006,-27.9151344,14.9267712,-0.341890812,-32.3928566,7.76361942,9.99946308,-0.406943798,-0.316944391,14.9267712,-0.500687599,-0.000254631042,1
1265,12.929981,-4.55030489,-4.41002321,-4.39747095,-4.31699419,-14.8012514,-24.8816051,14.9193144,-0.200376987,-27.3297863,9.55269909,4.72083998,-0.425053298,-0.371272892,14.9193144,-0.351365089,-0.000254631042,1
1266,12.939997,-4.53332329,-4.42995787,-4.40337801,-4.34209681,-6.65930176,-27.1723671,14.9331636,-0.0573534966,-27.5094128,5.0907774,5.1639185,-0.442097515,-0.394708693,14.9331636,-0.201523781,-0.000254631042,1
1267,12.949982,-4.52889299,-4.38344336,-4.40042496,-4.29410553,-6.61911058,-32.7589226,14.9608603,0.0884940624,-32.3281937,6.30505228,8.25588894,-0.415465921,-0.371272892,14.9608603,-0.051987648,-0.000254631042,1
1268,12.960003,-4.53184652,-4.3945179,-4.40042496,-4.30148935,-1.09826732,-37.0242615,14.9320984,0.235362053,-35.0369606,8.22346306,9.26898193,-0.425053298,-0.364881307,14.9320984,0.0974569321,-0.000254631042,1
1269,12.969979,-4.53332329,-4.41149998,-4.38639641,-4.31108713,3.88323474,-33.9124985,14.9203796,0.352985382,-35.1016235,10.2233038,12.8016357,-0.399486959,-0.306291759,14.9289026,0.246993065,-0.000254631042,1
1270,12.979999,-4.53480005,-4.38861132,-4.36941481,-4.31847048,6.17947769,-28.2012405,14.9406204,0.489268303,-33.5209122,8.90843868,10.921546,-0.387769043,-0.29883489,14.9246407,0.396864891,-0.000254631042,1
1271,12.989973,-4.48902416,-4.41002321,-4.38861132,-4.31551695,13.8883629,-29.2278652,14.9480772,0.655484438,-28.4626312,7.45466185,8.12655735,-0.400552213,-0.278594881,14.9278374,0.546401024,-0.000254631042,1
1272,13.000003,-4.50895834,-4.39747095,-4.34504986,-4.28303099,18.931303,-26.8005657,14.9406204,0.806415796,-27.8830357,7.53848743,6.25365257,-0.446358591,-0.282855928,14.9320984,0.696059227,-0.000254631042,1
1273,13.009977,-4.52741671,-4.39599466,-4.34357405,-4.31108713,24.5456257,-24.8582993,14.9320984,0.95929122,-30.6852093,7.08822393,6.94581318,-0.483642846,-0.287116975,14.9299679,0.845534325,-0.000254631042,1
1274,13.019995,-4.51781893,-4.40854645,-4.35095692,-4.31847048,27.6403561,-24.2961559,14.9097271,1.11471295,-35.5159645,9.63891983,9.19713116,-0.512404978,-0.305226475,14.9161186,0.995619774,-0.000254631042,1
1275,13.029980,-4.49050045,-4.41445255,-4.37163019,-4.36941481,29.6042538,-16.7574406,14.9012051,1.26554823,-33.2718315,7.08582878,11.9226637,-0.552885056,-0.31161806,14.892683,1.14485073,-0.000254631042,1
1276,13.039997,-4.51043558,-4.42035961,-4.36793852,-4.34504986,28.9957809,-13.1438675,14.9171839,1.41145754,-30.7139492,8.37674427,10.4593067,-0.550754547,-0.323335975,14.9235754,1.29441738,-0.000254631042,1
1277,13.049983,-4.50600529,-4.42700434,-4.40190125,-4.26457262,30.5594368,-9.33524704,14.9246407,1.5675683,-30.5894089,9.23655605,8.7660284,-0.599756718,-0.3552939,14.9203796,1.44419765,-0.000254631042,1
1278,13.060003,-4.50600529,-4.41445255,-4.39008808,-4.3125639,31.6241112,-2.19960761,14.8948135,1.7188828,-30.9534512,6.84153652,5.77704334,-0.570994556,-0.434123486,14.8873568,1.59352016,-0.000254631042,1
1279,13.069998,-4.49197769,-4.42035961,-4.39304161,-4.30296564,31.6598949,1.60198128,14.9033356,1.86994457,-30.7259235,7.79954481,6.87156725,-0.573125064,-0.459689826,14.9033356,1.74313259,-0.000254631042,1
1280,13.079984,-4.49050045,-4.42257452,-4.38492012,-4.32806873,30.7181187,5.9127388,14.9235754,2.00441384,-30.3594856,7.54088259,7.32422638,-0.551819801,-0.479929864,14.9235754,1.89294338,-0.000254631042,1
1281,13.089981,-4.52298737,-4.42405128,-4.37163019,-4.3354516,31.0918179,10.8993187,14.9374247,2.16511059,-31.8635578,8.37913895,8.94325924,-0.514535487,-0.446906656,14.9374247,2.04321194,-0.000254631042,1
1282,13.100000,-4.50600529,-4.42995787,-4.40337801,-4.34062004,29.550806,16.8502064,14.9565992,2.31848335,-33.1257324,7.73727417,11.0245314,-0.441032261,-0.407491863,14.9565992,2.19305325,-0.000254631042,1
1283,13.110003,-4.50895834,-4.43291092,-4.42405128,-4.30813408,31.2303944,20.7068996,14.9289026,2.46935344,-35.6500854,11.5405645,12.7321806,-0.396291167,-0.375533938,14.9289026,2.34301662,-0.000254631042,1
1284,13.119978,-4.51043558,-4.43143415,-4.42257452,-4.35095692,25.7127113,23.1307392,14.8852262,2.61660504,-32.9029961,10.6568022,8.46665096,-0.420792222,-0.391512901,14.8852262,2.49261379,-0.000254631042,1
1285,13.129999,-4.50895834,-4.43438816,-4.42405128,-4.29705906,20.2561226,25.6707764,14.9246407,2.76128435,-31.355814,9.2796669,6.88593769,-0.394160628,-0.401100278,14.9246407,2.64214993,-0.000254631042,1
1286,13.139973,-4.53037024,-4.43586445,-4.44250917,-4.30665731,10.6240044,29.3624573,14.9012051,2.91363692,-31.003746,3.71364069,5.55430651,-0.432510138,-0.390447646,14.9012051,2.79196072,-0.000254631042,1
1287,13.150000,-4.53184652,-4.42552805,-4.42995787,-4.35907841,6.59212446,29.7459888,14.896944,3.05758405,-30.1942291,4.07289362,6.32310772,-0.425053298,-0.382990777,14.896944,2.9415884,-0.000254631042,1
1288,13.159976,-4.4978838,-4.42035961,-4.4284811,-4.30665731,4.4190979,32.3171692,14.9299679,-3.09186459,-32.0575562,6.0200448,9.99706841,-0.469794393,-0.29883489,14.9299679,3.09088039,-0.000254631042,1
1289,13.170001,-4.51043558,-4.41888285,-4.42700434,-4.35243368,3.59734082,37.1160011,14.9065313,-2.93771601,-35.6189499,11.037611,10.2198048,-0.518796563,-0.224266395,14.9065313,-3.04316568,-0.000254631042,1
1290,13.180000,-4.51191187,-4.42405128,-4.4284811,-4.32954597,-0.566079199,36.6591492,14.8862915,-2.80573177,-34.7974586,11.5477495,10.5646877,-0.52838397,-0.239180103,14.8862915,-2.89408731,-0.000254631042,1
1291,13.189975,-4.51634169,-4.41740561,-4.4284811,-4.32806873,-6.97221899,31.1189232,14.9044008,-2.64455557,-30.6780243,8.70965195,6.59614038,-0.545428216,-0.279660136,14.9044008,-2.77464151,-0.000254631042,1
1292,13.200003,-4.49345398,-4.40707016,-4.36350775,-4.37753725,-14.560605,25.7267551,14.9161186,-2.49432206,-29.3032818,3.89805722,9.49890423,-0.534775555,-0.374468684,14.9161186,-2.59538126,-0.000254631042,1
1293,13.209979,-4.5148654,-4.42035961,-4.38861132,-4.27712393,-18.7354069,24.6457272,14.9033356,-2.33754039,-30.5918026,4.75068426,8.96241951,-0.524122894,-0.378729731,14.9033356,-2.47608805,-0.000254631042,1
1294,13.219999,-4.52298737,-4.4055934,-4.3804903,-4.34209681,-21.2522736,25.7623405,14.9033356,-2.18724585,-32.234787,8.73360252,8.70136261,-0.49749127,-0.420275033,14.9033356,-2.32679605,-0.000254631042,1
1295,13.229973,-4.50083685,-4.41149998,-4.42552805,-4.31699419,-25.3399696,25.1726856,14.8980093,-2.03646278,-33.9448318,11.1142511,12.0088844,-0.468729138,-0.409622401,14.8980093,-2.17768717,-0.000254631042,1
1296,13.239982,-4.50600529,-4.42995787,-4.36941481,-4.3125639,-30.2664413,21.0683784,14.8820305,-1.8805089,-35.2477226,10.8412189,11.8100977,-0.461272299,-0.411752939,14.8820305,-2.02830362,-0.000254631042,1
1297,13.250003,-4.53996849,-4.41592979,-4.38861132,-4.32216215,-28.3804283,13.4325361,14.8777695,-1.72112894,-30.0720844,9.03058434,9.17557621,-0.438901722,-0.44797191,14.8777695,-1.87904215,-0.000254631042,1
1298,13.260001,-4.50600529,-4.40707016,-4.39304161,-4.3605547,-29.3291626,7.77067375,14.9150534,-1.56809616,-29.308073,7.84984016,7.13980961,-0.41759643,-0.507626712,14.9150534,-1.72904825,-0.000254631042,1
1299,13.269974,-4.48237896,-4.41445255,-4.36793852,-4.33102226,-31.1323109,1.50466919,14.9203796,-1.4185338,-30.5439034,6.2092514,7.53977776,-0.425053298,-0.458624572,14.9203796,-1.57954311,-0.000254631042,1
1300,13.279983,-4.52151012,-4.43586445,-4.35760164,-4.28007746,-33.4329376,-1.8106755,14.9448814,-1.26492548,-32.4263878,8.34081936,7.791255,-0.425053298,-0.411752939,14.9448814,-1.42964077,-0.000254631042,1
1301,13.290002,-4.5148654,-4.42405128,-4.38861132,-4.34948015,-32.9402657,-7.41719294,14.9470119,-1.10906839,-32.7952232,8.03425694,7.20687008,-0.432510138,-0.380860269,14.9470119,-1.27989101,-0.000254631042,1
1302,13.299976,-4.49345398,-4.42700434,-4.39747095,-4.27712393,-31.8708019,-9.49051571,14.968317,-0.958040714,-31.5306511,10.5657921,8.47144032,-0.443162799,-0.393643439,14.968317,-1.12938213,-0.000254631042,1
1303,13.309984,-4.50231361,-4.42257452,-4.38344336,-4.40854645,-28.9761219,-16.3908176,14.9491425,-0.813745022,-32.3186111,7.98635626,8.33971405,-0.51027447,-0.351032853,14.9491425,-0.979022026,-0.000254631042,1
1304,13.319982,-4.52593994,-4.43438816,-4.4284811,-4.30148935,-25.5796261,-19.6429253,14.9651213,-0.668533802,-31.2695942,7.89774036,9.49171925,-0.508143902,-0.345706522,14.9651213,-0.828906059,-0.000254631042,1
1305,13.329979,-4.5148654,-4.43955612,-4.39156485,-4.3945179,-21.1196575,-23.2737198,14.9608603,-0.516294956,-30.666048,6.87746191,8.29899883,-0.503882885,-0.337184429,14.9608603,-0.678271294,-0.000254631042,1
1306,13.339976,-4.46835089,-4.43143415,-4.4055934,-4.34062004,-18.7855701,-27.0440159,14.9427509,-0.385383129,-32.1222191,7.24150515,8.14571762,-0.468729138,-0.330792844,14.9427509,-0.528702736,-0.000254631042,1
1307,13.349983,-4.47647238,-4.43291092,-4.42700434,-4.31404066,-16.2811871,-30.0682144,14.9480772,-0.225366116,-32.946106,9.15033531,10.6796484,-0.457011223,-0.307357013,14.9480772,-0.379105568,-0.000254631042,1
1308,13.359982,-4.49050045,-4.41297626,-4.41445255,-4.36203194,-11.0915174,-30.3632774,14.9427509,-0.0998253822,-31.3174934,8.01030636,8.44270039,-0.452750176,-0.335053891,14.9427509,-0.229233742,-0.000254631042,1
1309,13.369979,-4.49197769,-4.42405128,-4.40854645,-4.35612488,-8.1868763,-32.7121582,14.9225101,0.0615949631,-32.1461716,10.1849833,8.55287075,-0.441032261,-0.332923353,14.9225101,-0.0794229507,-0.000254631042,1
1310,13.379975,-4.50231361,-4.39747095,-4.39008808,-4.36203194,-2.23602033,-33.1059875,14.9502077,0.208271027,-31.9282246,9.03297997,10.3994312,-0.436771214,-0.338249683,14.9502077,0.0702962875,-0.000254631042,1
1311,13.390000,-4.50748253,-4.38196659,-4.40337801,-4.29558277,3.53838563,-33.8294983,14.9842958,0.356028557,-32.9413185,8.4749403,13.3165655,-0.387769043,-0.335053891,14.9842958,0.220046043,-0.000254631042,1
1312,13.399974,-4.50600529,-4.37901306,-4.37310696,-4.37901306,7.35087061,-34.4127312,14.9342289,0.506864071,-34.7303963,8.34081936,8.48102093,-0.406943798,-0.304161221,14.9342289,0.369887352,-0.000254631042,1
1313,13.409998,-4.50083685,-4.39747095,-4.40854645,-4.3125639,11.7105885,-28.2391663,14.9768391,0.658431768,-32.5557213,6.69544029,6.46441412,-0.384573251,-0.331858099,14.9768391,0.519820213,-0.000254631042,1
1314,13.419983,-4.50748253,-4.43291092,-4.37163019,-4.40190125,15.8091087,-28.1392288,14.9480772,0.778793097,-29.4709339,6.62358999,7.38649654,-0.437836468,-0.351032853,14.9257059,0.669753075,-0.000254631042,1
1315,13.430003,-4.51781893,-4.40337801,-4.39599466,-4.34800339,20.4373569,-24.7834702,14.9416857,0.930840492,-30.5343227,7.33012056,8.19840813,-0.476185977,-0.346771806,14.9395552,0.819533348,-0.000254631042,1
1316,13.439977,-4.50600529,-4.39894772,-4.39747095,-4.30813408,26.1615372,-22.8213272,14.9736433,1.08723855,-29.5834999,8.41985512,8.81153297,-0.52305764,-0.368077099,14.959795,0.969344139,-0.000254631042,1
1317,13.449997,-4.50748253,-4.40190125,-4.32216215,-4.3465271,31.7914467,-18.3767147,14.9139881,1.23807406,-34.3567734,9.07129955,11.2472687,-0.551819801,-0.358489722,14.9289026,1.11906338,-0.000254631042,1
1318,13.459982,-4.52298737,-4.42405128,-4.4284811,-4.30665731,31.5876942,-12.3678894,14.9331636,1.3864243,-33.6574287,8.79826736,9.80546665,-0.57205981,-0.392578185,14.9289026,1.26850796,-0.000254631042,1
1319,13.469995,-4.52151012,-4.42035961,-4.40042496,-4.3804903,31.4125118,-6.57805061,14.9299679,1.53872466,-31.6072922,8.66175175,8.43311977,-0.578451395,-0.364881307,14.9246407,1.41850185,-0.000254631042,1
1320,13.479994,-4.49050045,-4.42552805,-4.39747095,-4.32511568,30.7180176,-3.87938356,14.9257059,1.69287348,-30.0169983,7.59117794,9.50369358,-0.580581963,-0.428797156,14.9235754,1.56803799,-0.000254631042,1
1321,13.489981,-4.5037899,-4.41592979,-4.40707016,-4.37310696,30.1674461,1.36518681,14.9363594,1.84520841,-29.4086628,6.86069679,8.61993217,-0.580581963,-0.437319279,14.9193144,1.71807766,-0.000254631042,1
1322,13.500000,-4.51191187,-4.41888285,-4.42700434,-4.28598404,33.5721855,3.61045885,14.9363594,1.99305272,-32.1030617,10.4652004,9.77672672,-0.543297648,-0.389382362,14.9363594,1.86837673,-0.000254631042,1
1323,13.509975,-4.49345398,-4.41297626,-4.41888285,-4.38861132,33.4518929,10.1895247,14.9502077,2.13846469,-33.683773,9.39462757,9.07259083,-0.534775555,-0.416013986,14.9502077,2.01782131,-0.000254631042,1
1324,13.520001,-4.48902416,-4.42257452,-4.42405128,-4.25866604,32.7513695,16.2467804,14.9470119,2.2947669,-35.2980156,9.52156353,8.70375729,-0.484708101,-0.356359184,14.9470119,2.16766262,-0.000254631042,1
1325,13.529998,-4.48237896,-4.42035961,-4.42552805,-4.38344336,27.0007248,20.1116352,14.9203796,2.44134712,-32.7784576,7.68697882,9.83420658,-0.430379629,-0.368077099,14.9203796,2.31774807,-0.000254631042,1
1326,13.540003,-4.50083685,-4.42552805,-4.46096754,-4.33397532,18.6974697,24.6089897,14.9374247,2.59250498,-30.7498741,3.10530591,8.18164349,-0.377116382,-0.330792844,14.9374247,2.46737576,-0.000254631042,1
1327,13.549978,-4.50895834,-4.39747095,-4.49936008,-4.34357405,16.8975792,23.170105,14.9427509,2.72169876,-28.0458965,5.98411989,5.36270523,-0.384573251,-0.38618657,14.9427509,2.61715603,-0.000254631042,1
1328,13.559994,-4.52593994,-4.40707016,-4.47204208,-4.29705906,16.6874237,29.2480774,14.9576645,2.88620615,-32.5150032,8.75755215,9.17557621,-0.428249091,-0.365946561,14.9576645,2.76690578,-0.000254631042,1
1329,13.570004,-4.50895834,-4.39008808,-4.44693899,-4.34209681,12.9971247,32.8638763,14.9182491,3.03503585,-34.0597916,9.42815781,5.58783674,-0.462337554,-0.382990777,14.9182491,2.91628933,-0.000254631042,1
1330,13.579980,-4.51929522,-4.40707016,-4.44103241,-4.31551695,8.03040504,36.4674072,14.9619255,-3.10083675,-36.1099281,9.50958824,12.2100658,-0.459141761,-0.346771806,14.9619255,3.06649685,-0.000254631042,1
1331,13.589996,-4.54292154,-4.4055934,-4.43291092,-4.37163019,1.54723489,34.0273018,14.9235754,-2.96026397,-33.1903992,7.65823841,9.22347641,-0.490034431,-0.312683344,14.9235754,-3.06703043,-0.000254631042,1
1332,13.599981,-4.52298737,-4.40854645,-4.42995787,-4.35612488,-2.23092198,30.5517673,14.9672518,-2.81505299,-29.652956,7.68697882,10.1311893,-0.447423846,-0.388317108,14.9672518,-2.91636515,-0.000254631042,1
1333,13.610004,-4.50600529,-4.41888285,-4.36203194,-4.31108713,-8.5362463,31.6748009,14.9704475,-2.66691184,-32.0743217,6.88464689,6.18898678,-0.539036572,-0.365946561,14.9704475,-2.76725626,-0.000254631042,1
1334,13.619978,-4.5488286,-4.41002321,-4.38344336,-4.36203194,-13.8949385,27.7600574,14.9395552,-2.51559711,-30.6373081,5.00455666,7.35296631,-0.549689293,-0.427731901,14.9395552,-2.61793375,-0.000254631042,1
1335,13.630003,-4.53037024,-4.41740561,-4.42700434,-4.24463844,-14.7840633,30.6403809,14.9491425,-2.35983539,-32.1605415,11.0950909,10.8377199,-0.500687063,-0.409622401,14.9491425,-2.46818399,-0.000254631042,1
1336,13.639978,-4.49493074,-4.40854645,-4.32511568,-4.4055934,-23.1273479,25.3719826,14.9182491,-2.20978498,-33.6957474,6.57329464,10.8113747,-0.529449224,-0.420275033,14.9182491,-2.31858683,-0.000254631042,1
1337,13.649998,-4.55695009,-4.41592979,-4.48090219,-4.30665731,-24.9899845,22.2824001,14.9363594,-2.05783319,-32.5126076,7.99593639,8.84266853,-0.426118553,-0.438384533,14.9363594,-2.19883585,-0.000254631042,1
1338,13.659982,-4.57540846,-4.42700434,-4.42995787,-4.41002321,-27.9294491,18.7063484,14.9257059,-1.90187979,-32.4934502,8.61145592,9.86773682,-0.45381543,-0.364881307,14.9257059,-2.04920816,-0.000254631042,1
1339,13.669996,-4.44398594,-4.43807936,-4.39008808,-4.28819895,-29.6437054,16.3277206,14.9267712,-1.74338007,-32.0072594,10.9945002,9.17318153,-0.421857506,-0.395773977,14.9267712,-1.89945841,-0.000254631042,1
1340,13.679983,-4.45949125,-4.42405128,-4.40190125,-4.35612488,-31.5994873,7.12785053,14.9438162,-1.59019947,-31.7318325,6.51341915,6.64643574,-0.465533346,-0.418144524,14.9438162,-1.74946451,-0.000254631042,1
1341,13.689996,-4.53627682,-4.42035961,-4.41445255,-4.41888285,-33.4177628,2.41175961,14.9054661,-1.43843985,-32.8071976,6.8008213,7.36254644,-0.45381543,-0.416013986,14.9054661,-1.59971523,-0.000254631042,1
1342,13.699981,-4.49345398,-4.45801449,-4.40854645,-4.30518055,-33.1468544,-0.387851864,14.9395552,-1.28873777,-31.9449902,8.8533535,7.40565681,-0.476185977,-0.390447646,14.9395552,-1.45008755,-0.000254631042,1
1343,13.710005,-4.46539736,-4.45136881,-4.3465271,-4.40854645,-32.7652016,-5.7000699,14.9448814,-1.12805033,-32.0479736,8.88688374,11.4460554,-0.467663884,-0.336119145,14.9448814,-1.30009365,-0.000254631042,1
1344,13.719980,-4.50231361,-4.43807936,-4.47794867,-4.30296564,-32.8042145,-12.6161623,14.955534,-0.97867918,-34.2609749,7.84026003,10.7275486,-0.463402808,-0.313748598,14.955534,-1.14995098,-0.000254631042,1
1345,13.730002,-4.48533201,-4.43586445,-4.44398594,-4.40707016,-30.5179996,-16.0488052,14.9587297,-0.834383488,-33.3891869,8.60666656,9.10133076,-0.485773355,-0.297769636,14.9587297,-0.999590874,-0.000254631042,1
1346,13.739977,-4.47647238,-4.44841576,-4.41149998,-4.33102226,-26.2897873,-17.9998379,14.9459467,-0.687994957,-30.5989876,8.87969875,8.75165749,-0.511339724,-0.319074929,14.9459467,-0.848895073,-0.000254631042,1
1347,13.750004,-4.5037899,-4.4454627,-4.37458324,-4.37310696,-21.7743263,-23.0108833,14.9448814,-0.537953377,-30.9175262,6.90859747,7.01287365,-0.529449224,-0.344641268,14.9448814,-0.699572563,-0.000254631042,1
1348,13.760003,-4.47204208,-4.43586445,-4.51043558,-4.36646175,-18.3219795,-26.5090103,14.9448814,-0.390832424,-31.4899349,6.84153652,8.51215553,-0.503882885,-0.367011815,14.9448814,-0.549515724,-0.000254631042,1
1349,13.769979,-4.51929522,-4.4284811,-4.39747095,-4.37606001,-14.4952345,-30.0925426,14.9448814,-0.243118286,-32.6970253,6.8247714,7.47032213,-0.475120723,-0.367011815,14.9448814,-0.399399757,-0.000254631042,1
1350,13.780003,-4.52446318,-4.42700434,-4.35760164,-4.3354516,-11.5298548,-32.1272621,14.968317,-0.105658054,-33.1640549,8.07736683,12.2675467,-0.436771214,-0.322270721,14.968317,-0.249619484,-0.000254631042,1
1351,13.789977,-4.46687412,-4.41002321,-4.42700434,-4.30518055,-11.9574223,-34.9054298,14.9523382,0.0417501926,-34.3759346,13.4038897,11.2472687,-0.402682751,-0.345706522,14.9523382,-0.0997781754,-0.000254631042,1
1352,13.800004,-4.47942591,-4.38344336,-4.40190125,-4.33397532,-1.0039885,-35.5094604,14.9576645,0.189158916,-34.6872864,7.66302824,9.65937042,-0.459141761,-0.348902315,14.9576645,0.0501852036,-0.000254631042,1
1353,13.809977,-4.53849125,-4.39304161,-4.40042496,-4.35464811,4.0096941,-33.0611687,14.9757738,0.336715698,-32.5293732,7.13851929,8.37563992,-0.412270129,-0.391512901,14.9757738,0.199812889,-0.000254631042,1
1354,13.819974,-4.50895834,-4.38861132,-4.39894772,-4.40337801,9.4480772,-28.9379597,14.9906874,0.486478567,-29.997839,5.17699814,6.04289055,-0.414400637,-0.423470825,14.9906874,0.349715233,-0.000254631042,1
1355,13.829983,-4.50231361,-4.39008808,-4.39156485,-4.35907841,12.3546829,-27.1774311,15.0066662,0.636677265,-29.1979027,6.22362185,9.61625957,-0.458076507,-0.401100278,15.0066662,0.500014305,-0.000254631042,1
1356,13.839982,-4.55030489,-4.43143415,-4.39008808,-4.33102226,17.220932,-29.6113529,14.9789696,0.789361238,-33.8562164,8.12287235,6.10995102,-0.486838639,-0.348902315,14.9789696,0.650160789,-0.000254631042,1
1357,13.849978,-4.50748253,-4.42700434,-4.4055934,-4.32806873,23.9004402,-27.1356106,14.959795,0.942140818,-35.2884369,7.89295053,8.33252907,-0.52838397,-0.325466514,14.959795,0.800093651,-0.000254631042,1
1358,13.859974,-4.44250917,-4.37606001,-4.38861132,-4.33914423,23.7108154,-22.5432224,14.955534,1.06811738,-35.1351547,10.2448587,11.1921825,-0.518796563,-0.344641268,14.9565992,0.949751854,-0.000254631042,1
1359,13.869983,-4.50748253,-4.43143415,-4.38344336,-4.37163019,27.9718895,-16.5467834,14.9406204,1.21797609,-32.4671021,7.71332407,10.162324,-0.575255632,-0.362750769,14.9374247,1.09974575,-0.000254631042,1
1360,13.879981,-4.5148654,-4.44841576,-4.38639641,-4.36350775,27.9380093,-8.70536518,14.9459467,1.36715484,-29.5427856,5.47158527,7.4655323,-0.59762615,-0.362750769,14.9278374,1.24973965,-0.000254631042,1
1361,13.889978,-4.46539736,-4.43586445,-4.43438816,-4.35243368,32.7189293,-9.04685116,14.9693823,1.51716208,-29.6553497,3.12925601,7.30985594,-0.605083048,-0.394708693,14.9608603,1.39958096,-0.000254631042,1
1362,13.910004,-4.5148654,-4.43291092,-4.4284811,-4.31994677,36.1263237,-1.76617503,14.8958788,1.8269155,-36.342247,9.6053896,13.6566582,-0.569929302,-0.394708693,14.9246407,1.69949245,-0.000254631042,1
1363,13.919979,-4.46835089,-4.44250917,-4.42552805,-4.31847048,31.7257099,0.791731119,14.8990746,1.97295499,-29.5044651,11.7082157,10.2198048,-0.55395031,-0.378729731,14.896944,1.84875393,-0.000254631042,1
1364,13.930000,-4.46096754,-4.39747095,-4.43291092,-4.33249807,28.2639561,10.5232668,14.9384899,2.1200757,-29.6002655,5.78054285,11.0628519,-0.509209216,-0.413883448,14.9225101,1.99850368,-0.000254631042,1
1365,13.939973,-4.4978838,-4.39599466,-4.43438816,-4.31404066,23.2667313,16.7629719,14.9981441,2.275105,-28.5847759,2.29099917,10.2269897,-0.463402808,-0.412818193,14.9704475,2.14861965,-0.000254631042,1
1366,13.949998,-4.53184652,-4.38492012,-4.50083685,-4.31994677,26.3689709,21.8590031,14.9800348,2.42260957,-33.8154984,5.4452405,8.99355507,-0.40481326,-0.407491863,14.9704475,2.29873562,-0.000254631042,1
1367,13.959983,-4.48533201,-4.39747095,-4.49936008,-4.31994677,26.4502544,25.3798523,14.9320984,2.57577276,-35.6045799,8.72162724,8.8091383,-0.429314345,-0.377664477,14.9320984,2.44882107,-0.000254631042,1
1368,13.969994,-4.51338911,-4.41002321,-4.49197769,-4.29410553,24.964426,26.7059746,14.9107924,2.71707773,-34.6178322,11.7489309,12.5190239,-0.398421675,-0.377664477,14.9107924,2.59878445,-0.000254631042,1
1369,13.979980,-4.54144526,-4.38639641,-4.44103241,-4.33914423,18.652935,28.1346722,14.9235754,2.86718082,-32.1365929,10.3310795,10.9239407,-0.408009052,-0.381925523,14.9235754,2.74838161,-0.000254631042,1
1370,13.990000,-4.49050045,-4.43438816,-4.42405128,-4.31699419,8.81819439,29.7151604,14.9672518,3.01669073,-30.5822239,5.04766703,8.87859344,-0.433575422,-0.416013986,14.9672518,2.89834499,-0.000254631042,1
1371,13.999974,-4.52593994,-4.42035961,-4.42552805,-4.37310696,2.47821665,32.8231239,14.9651213,-3.11991429,-32.761692,3.1891315,9.38154793,-0.427183837,-0.387251854,14.9651213,3.04830837,-0.000254631042,1
1372,14.009996,-4.55695009,-4.42257452,-4.45284557,-4.28598404,0.894407213,34.3957901,14.9352942,-2.97699642,-33.7843628,6.51820898,8.0571022,-0.508143902,-0.409622401,14.9352942,-3.0850358,-0.000254631042,1
1373,14.019983,-4.4978838,-4.41149998,-4.44693899,-4.32216215,-4.16688967,34.8145943,14.9448814,-2.8333981,-34.4382057,6.59005976,7.39368153,-0.501752317,-0.411752939,14.9448814,-2.93549967,-0.000254631042,1
1374,14.029997,-4.51781893,-4.43807936,-4.41592979,-4.32511568,-4.97917747,34.1775169,14.8948135,-2.68456817,-32.8670731,10.6136923,8.73249817,-0.521992385,-0.391512901,14.8948135,-2.78614664,-0.000254631042,1
1375,14.039999,-4.56137991,-4.4454627,-4.39599466,-4.37753725,-13.96103,27.3799572,14.9448814,-2.53588653,-30.4576817,4.11121416,8.05470753,-0.537971318,-0.414948732,14.9448814,-2.6367631,-0.000254631042,1
1376,14.049973,-4.51191187,-4.43586445,-4.37901306,-4.32216215,-14.9198446,26.4446316,14.9406204,-2.38002896,-29.435009,7.44987154,9.11570072,-0.508143902,-0.443710864,14.9406204,-2.48762369,-0.000254631042,1
1377,14.059981,-4.49493074,-4.41149998,-4.39894772,-4.34062004,-18.5208435,25.96134,14.9086618,-2.22871447,-30.5295334,9.21739578,10.042573,-0.550754547,-0.390447646,14.9086618,-2.33820963,-0.000254631042,1
1378,14.070000,-4.52446318,-4.42700434,-4.3945179,-4.34062004,-25.6548615,23.4335785,14.9214449,-2.0774951,-33.803524,8.03904629,9.1923418,-0.463402808,-0.410687655,14.9214449,-2.18842936,-0.000254631042,1
1379,14.079975,-4.50231361,-4.45506096,-4.43143415,-4.30001259,-29.4264717,16.8308926,14.9299679,-1.92407894,-33.4322968,5.61049652,6.84043217,-0.429314345,-0.368077099,14.9299679,-2.03877115,-0.000254631042,1
1380,14.089983,-4.51634169,-4.45506096,-4.41888285,-4.38344336,-29.2414894,13.3066988,14.8937483,-1.7640624,-31.2528286,7.44268656,9.70008564,-0.412270129,-0.398969769,14.8937483,-1.8892045,-0.000254631042,1
1381,14.100004,-4.50748253,-4.44989252,-4.43955612,-4.30001259,-29.3739319,7.83023977,14.9086618,-1.60956478,-29.6553497,6.68586063,9.4965086,-0.425053298,-0.440515071,14.9086618,-1.7397294,-0.000254631042,1
1382,14.109978,-4.47794867,-4.43291092,-4.43955612,-4.37458324,-32.5344772,3.53890347,14.9331636,-1.45917416,-31.9378052,7.14091396,9.27616692,-0.428249091,-0.411752939,14.9331636,-1.61961269,-0.000254631042,1
1383,14.120001,-4.47351933,-4.43955612,-4.40190125,-4.30296564,-36.6621094,2.04566455,14.9289026,-1.30922842,-34.8860741,11.4567394,11.5586205,-0.405878544,-0.376599193,14.9289026,-1.46992397,-0.000254631042,1
1384,14.129976,-4.50083685,-4.43586445,-4.39747095,-4.35760164,-34.1768913,-6.16424274,14.9384899,-1.14589834,-33.6789818,8.47254467,10.373086,-0.442097515,-0.349967599,14.9384899,-1.32002163,-0.000254631042,1
1385,14.139995,-4.47942591,-4.43586445,-4.43955612,-4.29705906,-32.0025749,-12.1610422,14.9502077,-0.998236656,-33.487381,7.11696386,6.0931859,-0.434640676,-0.347837061,14.9502077,-1.16984463,-0.000254631042,1
1386,14.149995,-4.46982765,-4.43807936,-4.40337801,-4.4055934,-25.3842964,-16.2315521,14.9331636,-0.852963924,-29.7966576,4.47046709,7.53259277,-0.43570593,-0.34251073,14.9331636,-1.01906109,-0.000254631042,1
1387,14.159980,-4.48090219,-4.44250917,-4.44103241,-4.28819895,-26.0925522,-17.0062599,14.9331636,-0.707752705,-29.885273,8.76952744,8.01399136,-0.465533346,-0.326531768,14.9331636,-0.869647026,-0.000254631042,1
1388,14.169998,-4.50231361,-4.4454627,-4.40854645,-4.37901306,-20.8615685,-21.5245037,14.9619255,-0.560693264,-29.322443,6.22122669,9.3049078,-0.51027447,-0.335053891,14.9619255,-0.719622612,-0.000254631042,1
1389,14.179984,-4.51191187,-4.44103241,-4.4055934,-4.33692837,-23.2238407,-28.7752571,14.9757738,-0.410494328,-35.6524811,9.81136036,11.3981543,-0.470859677,-0.288182259,14.9757738,-0.569687843,-0.000254631042,1
1390,14.190001,-4.49197769,-4.44398594,-4.44103241,-4.31994677,-20.3831768,-31.0868549,14.9651213,-0.262387753,-35.3099937,11.621995,14.2434378,-0.467663884,-0.306291759,14.9651213,-0.419480324,-0.000254631042,1
1391,14.199976,-4.49493074,-4.4284811,-4.39156485,-4.39156485,-13.3980513,-33.1676788,14.9320984,-0.125023842,-34.5795097,9.15752029,9.24263668,-0.474055469,-0.326531768,14.9320984,-0.269516945,-0.000254631042,1
1392,14.210003,-4.51191187,-4.40337801,-4.46244383,-4.33914423,-4.85503244,-30.8597317,15.0002747,0.0233614445,-30.7378998,5.57457113,6.05965567,-0.427183837,-0.412818193,15.0002747,-0.119828224,-0.000254631042,1
1393,14.220005,-4.51043558,-4.44250917,-4.40190125,-4.39894772,-2.58690095,-30.9535332,14.955534,0.168764591,-30.0792694,7.74924898,7.45595217,-0.438901722,-0.384056062,14.955534,0.0305013657,-0.000254631042,1
1394,14.229980,-4.51043558,-4.39894772,-4.41592979,-4.34504986,3.32540226,-31.5329132,14.9832306,0.317986727,-30.9917717,6.7002306,6.34226799,-0.444228053,-0.43518874,14.9832306,0.180281639,-0.000254631042,1
1395,14.240000,-4.49936008,-4.36646175,-4.34800339,-4.36793852,7.28643894,-32.0707703,15.0301027,0.468918085,-31.9018784,7.99354124,8.13853264,-0.450619638,-0.361685514,15.0301027,0.330458641,-0.000254631042,1
1396,14.249974,-4.4978838,-4.45284557,-4.44989252,-4.34209681,13.6262531,-35.92939,15.0045357,0.617843866,-37.1805038,9.7059803,10.0329933,-0.498556554,-0.315879136,15.0045357,0.480452538,-0.000254631042,1
1397,14.260003,-4.51043558,-4.42995787,-4.4284811,-4.40707016,15.699048,-32.522007,14.9800348,0.770527601,-34.2705536,11.3872833,8.14092827,-0.468729138,-0.316944391,14.9800348,0.630507469,-0.000254631042,1
1398,14.269978,-4.50895834,-4.40854645,-4.37458324,-4.31847048,19.8020535,-26.0572529,14.9811001,0.923307419,-31.5114918,8.83898354,9.7096653,-0.51027447,-0.283921182,14.9811001,0.780806541,-0.000254631042,1
1399,14.279998,-4.49640703,-4.4055934,-4.41002321,-4.38196659,22.5453224,-17.6236439,14.9789696,1.07970548,-28.1919937,4.90875578,8.98876476,-0.516666055,-0.314813852,14.9789696,0.931075096,-0.000254631042,1
1400,14.289984,-4.50748253,-4.37753725,-4.44693899,-4.35760164,24.9987488,-15.713644,14.9406204,1.22864008,-28.8218842,6.41522312,8.86661911,-0.570994556,-0.356359184,14.9406204,1.08100796,-0.000254631042,1
1401,14.299999,-4.45801449,-4.44693899,-4.42552805,-4.31551695,30.0499802,-12.4233246,14.968317,1.37992048,-31.8611641,6.49665403,8.4307251,-0.598691404,-0.336119145,14.968317,1.23081875,-0.000254631042,1
1402,14.310030,-4.48385572,-4.44103241,-4.42257452,-4.39008808,34.2885475,-12.3506145,14.9544687,1.52938676,-34.0262604,10.9513903,11.1873932,-0.611474633,-0.371272892,14.9544687,1.38081264,-0.000254631042,1
1403,14.319979,-4.50748253,-4.3804903,-4.44398594,-4.36350775,31.9809113,-4.8701663,14.9427509,1.65867639,-32.6347542,9.24613667,11.6161013,-0.634910405,-0.365946561,14.9438162,1.53141689,-0.000254631042,1
1404,14.330004,-4.48533201,-4.39008808,-4.43807936,-4.37458324,30.7923641,1.86413145,14.9331636,1.80783749,-33.0179596,7.5289073,6.94581318,-0.618931472,-0.430927694,14.9310331,1.68054104,-0.000254631042,1
1405,14.339979,-4.44989252,-4.45653772,-4.42405128,-4.31108713,32.9317513,5.8408618,14.9491425,1.95695519,-30.5271378,4.48004723,10.0449686,-0.557146132,-0.384056062,14.9480772,1.83059597,-0.000254631042,1
1406,14.349977,-4.50083685,-4.42257452,-4.42405128,-4.35907841,30.6297874,10.2936878,14.9299679,2.10334373,-33.5137291,7.05708838,9.14923096,-0.508143902,-0.413883448,14.9331636,1.98037624,-0.000254631042,1
1407,14.359974,-4.50748253,-4.40042496,-4.49493074,-4.22913313,30.1009579,11.1595964,14.9619255,2.25275779,-30.4025974,9.36588764,9.06780052,-0.444228053,-0.396839231,14.9736433,2.13018703,-0.000254631042,1
1408,14.369982,-4.49197769,-4.40337801,-4.47499514,-4.37753725,29.3679161,17.984333,14.9406204,2.40490079,-33.051487,9.67005444,5.2357688,-0.462337554,-0.445841402,14.9427509,2.28048611,-0.000254631042,1
1409,14.379978,-4.50748253,-4.42995787,-4.44693899,-4.36203194,24.4436131,23.1688404,14.9438162,2.55904078,-32.7952232,7.66542339,11.2161331,-0.408009052,-0.42986244,14.9374247,2.43060207,-0.000254631042,1
1410,14.389974,-4.50895834,-4.40042496,-4.45284557,-4.38196659,18.7730618,25.3586426,14.9587297,2.69970918,-30.9510555,6.12542582,9.59470463,-0.447423846,-0.453298241,14.9374247,2.58041286,-0.000254631042,1
1411,14.399983,-4.4978838,-4.43438816,-4.48680878,-4.31847048,16.2298527,31.7003899,14.9470119,2.85083222,-35.0225906,6.46072865,11.5418558,-0.397356421,-0.42986244,14.9565992,2.73007107,-0.000254631042,1
1412,14.409981,-4.51781893,-4.45949125,-4.48902416,-4.30296564,12.9317799,33.0382042,14.9384899,2.99922633,-34.5387955,8.11329174,10.6796484,-0.374985874,-0.454363495,14.9384899,2.8803091,-0.000254631042,1
1413,14.419978,-4.53037024,-4.42035961,-4.45949125,-4.32363892,7.95315552,31.6026058,14.9044008,-3.13948059,-31.5857372,8.01988602,5.66926765,-0.433575422,-0.445841402,14.9044008,3.0301199,-0.000254631042,1
1414,14.440004,-4.51338911,-4.4284811,-4.42257452,-4.35612488,-3.63857412,31.2964764,14.9384899,-2.85115051,-31.0276966,5.47637558,4.63461924,-0.558211386,-0.41707924,14.9384899,-2.95402384,-0.000254631042,1
1415,14.449977,-4.51191187,-4.43143415,-4.40707016,-4.36646175,-6.35947418,31.4553089,14.9384899,-2.70329714,-31.1809788,7.59117794,8.55287075,-0.55395031,-0.396839231,14.9384899,-2.80433512,-0.000254631042,1
1416,14.460004,-4.51191187,-4.42405128,-4.38639641,-4.36646175,-10.8950348,34.3579941,14.9331636,-2.5522697,-34.6178322,10.038887,11.2472687,-0.534775555,-0.344641268,14.9331636,-2.65489054,-0.000254631042,1
1417,14.469979,-4.47204208,-4.42035961,-4.38344336,-4.31847048,-18.2129765,34.3926697,14.9395552,-2.39768529,-37.6403465,9.88800144,12.595664,-0.503882885,-0.315879136,14.9395552,-2.50520182,-0.000254631042,1
1418,14.480004,-4.5037899,-4.41297626,-4.41740561,-4.41592979,-17.7960415,25.3719826,14.8873568,-2.24528933,-29.7439671,8.70246696,8.2870245,-0.485773355,-0.38618657,14.8873568,-2.35572672,-0.000254631042,1
1419,14.489978,-4.49345398,-4.45136881,-4.43955612,-4.31699419,-22.6086674,19.087944,14.9022703,-2.09485483,-29.1260509,5.21292353,6.64164543,-0.476185977,-0.406426609,14.9022703,-2.20594645,-0.000254631042,1
1420,14.499997,-4.49197769,-4.45506096,-4.46539736,-4.34209681,-24.6177425,17.3443909,14.9033356,-1.94417715,-29.2481976,7.16965437,9.37436295,-0.4665986,-0.468211949,14.9033356,-2.05686808,-0.000254631042,1
1421,14.509983,-4.48533201,-4.43586445,-4.41592979,-4.35612488,-30.3882923,12.9204979,14.9118576,-1.78084707,-32.4144135,6.30026245,11.1251221,-0.443162799,-0.392578185,14.9118576,-1.90745401,-0.000254631042,1
1422,14.519997,-4.5037899,-4.41297626,-4.40337801,-4.30813408,-35.7234421,12.0584574,14.9203796,-1.62966204,-36.3709869,9.93590164,12.70823,-0.436771214,-0.387251854,14.9203796,-1.75782633,-0.000254631042,1
1423,14.529983,-4.47499514,-4.41888285,-4.42700434,-4.33692837,-35.4724884,6.51981735,14.9097271,-1.47975111,-34.7327919,9.71795559,9.23066139,-0.384573251,-0.367011815,14.9097271,-1.60826015,-0.000254631042,1
1424,14.540001,-4.48680878,-4.46687412,-4.42257452,-4.37163019,-32.6696625,1.15679812,14.8820305,-1.32843637,-31.4372444,8.96352386,8.46425533,-0.432510138,-0.424536109,14.8820305,-1.45860195,-0.000254631042,1
1425,14.549975,-4.48680878,-4.46687412,-4.40190125,-4.32659245,-29.0583649,-4.81995058,14.9278374,-1.1691699,-28.6302814,6.92296743,6.14108658,-0.400552213,-0.401100278,14.9278374,-1.33875942,-0.000254631042,1
1426,14.560001,-4.48902416,-4.43807936,-4.36941481,-4.38492012,-28.7787876,-11.3744822,14.9565992,-1.01712275,-30.4600773,5.45721531,5.614182,-0.425053298,-0.403230816,14.9565992,-1.18882656,-0.000254631042,1
1427,14.569977,-4.47794867,-4.41149998,-4.41149998,-4.3354516,-29.4395962,-13.7397394,14.9544687,-0.868231297,-31.3462353,8.53721046,10.2701006,-0.409074336,-0.337184429,14.9544687,-1.03862286,-0.000254631042,1
1428,14.579995,-4.51043558,-4.43955612,-4.38639641,-4.31699419,-32.3318596,-20.9528217,14.9885569,-0.726577282,-37.1397858,10.2472544,10.5143919,-0.454880685,-0.348902315,14.9885569,-0.888598442,-0.000254631042,1
1429,14.589981,-4.50083685,-4.43807936,-4.42405128,-4.36498499,-26.8693104,-25.2410336,14.9629908,-0.578192234,-35.822525,8.70725727,12.9908428,-0.475120723,-0.326531768,14.9629908,-0.738238335,-0.000254631042,1
1430,14.600002,-4.49345398,-4.43955612,-4.4454627,-4.32511568,-24.1033287,-25.2549496,14.9502077,-0.426834106,-32.9676628,11.4854794,8.87619877,-0.459141761,-0.351032853,14.9502077,-0.587664604,-0.000254631042,1
1431,14.609976,-4.51634169,-4.41002321,-4.41445255,-4.42700434,-15.8587523,-25.2675285,14.959795,-0.280296803,-28.668602,8.24980831,6.229702,-0.483642846,-0.344641268,14.959795,-0.437485695,-0.000254631042,1
1432,14.619999,-4.47647238,-4.42700434,-4.3804903,-4.33914423,-10.9945641,-27.3212948,14.9864264,-0.139854908,-28.5871716,7.0786438,4.62982941,-0.480447054,-0.441580325,14.9864264,-0.287522316,-0.000254631042,1
1433,14.629976,-4.47499514,-4.42552805,-4.3804903,-4.3804903,-5.33681345,-32.2071648,14.9970789,0.00463247299,-32.1820946,5.48595572,8.45228004,-0.51027447,-0.365946561,14.9970789,-0.137345314,-0.000254631042,1
1434,14.640003,-4.52741671,-4.38861132,-4.42552805,-4.34800339,0.410941511,-34.3460655,15.0109272,0.150576353,-34.0190773,4.74589443,9.72403622,-0.452750176,-0.356359184,15.0109272,0.0127096176,-0.000254631042,1
1435,14.649978,-4.50231361,-4.40854645,-4.40190125,-4.37901306,-0.0336566828,-36.2138824,14.9885569,0.299981356,-34.5866966,10.7334433,9.5180645,-0.469794393,-0.327597052,14.9885569,0.162764549,-0.000254631042,1
1436,14.660002,-4.47204208,-4.3945179,-4.34209681,-4.35095692,7.88377094,-36.2126999,15.0034704,0.45012784,-36.0356827,8.65696144,8.91930962,-0.503882885,-0.271138042,15.0034704,0.312758446,-0.000254631042,1
1437,14.669976,-4.48385572,-4.38344336,-4.50748253,-4.39304161,10.8319635,-32.0033951,15.0087967,0.60134697,-32.5173988,9.17428589,10.7299442,-0.469794393,-0.270072788,15.0087967,0.462965965,-0.000254631042,1
1438,14.679999,-4.51338911,-4.45136881,-4.45506096,-4.4055934,17.0862617,-26.1552448,15.0024052,0.753699541,-30.7642441,5.44045019,8.66304207,-0.486838639,-0.326531768,15.0024052,0.613204002,-0.000254631042,1
1439,14.690001,-4.51043558,-4.42257452,-4.37458324,-4.3125639,21.052496,-23.1570454,15.0205145,0.907273054,-30.8480701,5.27758884,8.68220234,-0.499621809,-0.362750769,15.0205145,0.76356411,-0.000254631042,1
1440,14.699976,-4.47942591,-4.36941481,-4.3945179,-4.37458324,27.9557266,-20.4967632,14.9874916,1.06293869,-34.3950958,4.31479073,8.38521957,-0.515600801,-0.333988637,14.9874916,0.913802147,-0.000254631042,1
1441,14.709994,-4.52593994,-4.43807936,-4.43291092,-4.32954597,29.9450779,-19.7963371,14.9406204,1.21444535,-34.9698982,8.10610676,9.75038147,-0.574190378,-0.319074929,14.9406204,1.06376553,-0.000254631042,1
1442,14.719980,-4.46982765,-4.45949125,-4.42405128,-4.34800339,28.1687889,-16.4927082,14.9384899,1.36322284,-30.9630318,10.3334751,11.153863,-0.569929302,-0.361685514,14.9384899,1.21348476,-0.000254631042,1
1443,14.730001,-4.45506096,-4.40042496,-4.41297626,-4.3945179,31.201231,-9.08816433,14.9427509,1.51230574,-31.679142,7.24869013,10.7610798,-0.631714642,-0.41707924,14.9427509,1.36418056,-0.000254631042,1
1444,14.739976,-4.50231361,-4.40707016,-4.43438816,-4.32806873,30.7495518,-5.94721889,14.9491425,1.67207837,-29.990654,9.02579498,10.4664917,-0.605083048,-0.407491863,14.9491425,1.51344204,-0.000254631042,1
1445,14.750002,-4.54735184,-4.45136881,-4.41888285,-4.31551695,34.5588112,3.48551679,14.9565992,1.82046366,-32.2587357,4.62853813,6.98173857,-0.576320887,-0.439449817,14.9565992,1.66366482,-0.000254631042,1
1446,14.759975,-4.45653772,-4.42552805,-4.43143415,-4.29705906,34.255352,4.84040022,14.9342289,1.9436934,-31.341444,6.96847296,9.12767601,-0.495360762,-0.42986244,14.9544687,1.81353664,-0.000254631042,1
1447,14.770004,-4.47942591,-4.42700434,-4.43143415,-4.35907841,34.0579567,7.85104942,14.9320984,2.08611417,-33.8466339,8.51326084,9.022295,-0.525188148,-0.495908827,14.9363594,1.96340847,-0.000254631042,1
1448,14.779978,-4.54735184,-4.44103241,-4.42257452,-4.35760164,30.7171154,12.0247412,14.9565992,2.23567677,-33.6694031,8.4270401,11.8963184,-0.469794393,-0.458624572,14.951273,2.11312771,-0.000254631042,1
1449,14.789976,-4.48237896,-4.44103241,-4.43143415,-4.31847048,27.8510761,17.1348934,14.9576645,2.38807273,-33.0490952,9.56706905,10.2868652,-0.42292276,-0.507626712,14.9619255,2.26333523,-0.000254631042,1
1450,14.800000,-4.48090219,-4.41002321,-4.44398594,-4.29115248,24.6120243,22.7525139,14.9779043,2.54094815,-31.6527977,6.28828716,10.0928688,-0.418661714,-0.425601363,14.9608603,2.41366482,-0.000254631042,1
1451,14.809974,-4.53480005,-4.43291092,-4.44103241,-4.32511568,21.9040985,25.0162868,14.9257059,2.68424988,-32.1174316,9.9454813,10.1144238,-0.360072166,-0.46075511,14.9459467,2.56375027,-0.000254631042,1
1452,14.820002,-4.46982765,-4.46096754,-4.45653772,-4.30518055,16.2522259,30.8961811,14.9534035,2.83483243,-34.3615646,7.34928083,8.52892113,-0.398421675,-0.440515071,14.9459467,2.71362209,-0.000254631042,1
1453,14.829975,-4.49493074,-4.43438816,-4.44989252,-4.35243368,12.2901134,31.4119339,14.9438162,2.98341823,-32.9556885,7.18881464,10.0761042,-0.405878544,-0.456494033,14.9544687,2.86349392,-0.000254631042,1
1454,14.839997,-4.56580973,-4.42700434,-4.44989252,-4.35612488,5.09237385,31.1858349,14.9470119,3.12888265,-31.2480392,4.6955986,8.13613796,-0.426118553,-0.43518874,14.9320984,3.01330471,-0.000254631042,1
1455,14.849984,-4.47351933,-4.43291092,-4.43438816,-4.3465271,5.56412697,32.5434036,14.9470119,-3.01011181,-31.5330467,9.78262043,9.06780052,-0.507078648,-0.338249683,14.9480772,-3.11991739,-0.000254631042,1
1456,14.860005,-4.45801449,-4.42700434,-4.42405128,-4.31994677,0.0825786367,34.166832,14.9118576,-2.86626077,-32.8574905,9.36828232,9.5180645,-0.495360762,-0.323335975,14.9118576,-2.97041178,-0.000254631042,1
1457,14.869979,-4.54144526,-4.42700434,-4.42035961,-4.38861132,-7.3130393,33.7128105,14.9054661,-2.71996784,-33.753231,7.12414885,8.81871796,-0.545428216,-0.282855928,14.9054661,-2.82151651,-0.000254631042,1
1458,14.879976,-4.48533201,-4.42257452,-4.43291092,-4.3465271,-10.3455391,30.9743366,14.9129229,-2.57217598,-31.664772,7.98635626,8.4786253,-0.550754547,-0.347837061,14.9129229,-2.67225504,-0.000254631042,1
1459,14.889984,-4.4454627,-4.4454627,-4.42995787,-4.35612488,-14.7106276,27.5476589,14.9033356,-2.41583896,-30.3690662,7.27982521,7.13022947,-0.536906064,-0.34251073,14.9033356,-2.52296305,-0.000254631042,1
1460,14.899981,-4.51043558,-4.40337801,-4.36793852,-4.36350775,-19.8880844,23.0572548,14.8958788,-2.26251841,-30.0241833,5.07161713,6.85240746,-0.532644987,-0.359554976,14.8958788,-2.37284708,-0.000254631042,1
1461,14.909978,-4.51338911,-4.3945179,-4.41592979,-4.35760164,-22.5352707,22.2220821,14.8873568,-2.11251116,-30.7666397,7.42113161,9.53003883,-0.467663884,-0.376599193,14.8873568,-2.22425699,-0.000254631042,1
1462,14.919975,-4.45653772,-4.44398594,-4.4454627,-4.3125639,-26.7606468,23.5597286,14.8830957,-1.95992327,-33.698143,11.6459455,13.5177469,-0.482577562,-0.385121316,14.8830957,-2.07502604,-0.000254631042,1
1463,14.929983,-4.50748253,-4.41592979,-4.43143415,-4.29853582,-30.0358162,18.4622955,14.8830957,-1.80079651,-33.4538536,11.1286211,9.10851574,-0.465533346,-0.422405571,14.8830957,-1.92588663,-0.000254631042,1
1464,14.939980,-4.52741671,-4.40707016,-4.42552805,-4.34504986,-32.2806549,9.89921856,14.8894873,-1.64420652,-32.9197617,7.5049572,8.14811325,-0.4665986,-0.454363495,14.8894873,-1.77622843,-0.000254631042,1
1465,14.949977,-4.45136881,-4.43291092,-4.39304161,-4.35907841,-30.6161938,4.99582481,14.9150534,-1.49351931,-30.1391449,7.344491,6.97215843,-0.427183837,-0.484190911,14.9150534,-1.62632656,-0.000254631042,1
1466,14.960001,-4.47351933,-4.44398594,-4.41445255,-4.35095692,-29.6947746,-1.11209965,14.9203796,-1.34341621,-29.1811371,5.61049652,8.32534409,-0.42292276,-0.465016156,14.9203796,-1.47669888,-0.000254631042,1
1467,14.969976,-4.52446318,-4.43955612,-4.42552805,-4.3354516,-36.0527191,-6.12086058,14.9320984,-1.18701792,-35.7219353,7.82349491,9.58033466,-0.400552213,-0.451167703,14.9320984,-1.32682705,-0.000254631042,1
1468,14.979999,-4.49197769,-4.44103241,-4.41740561,-4.30961037,-32.8613396,-9.0567131,14.9438162,-1.03570318,-32.8862305,8.96591949,11.252058,-0.460207015,-0.439449817,14.9438162,-1.17677212,-0.000254631042,1
1469,14.989984,-4.49050045,-4.43955612,-4.3804903,-4.28450727,-33.4056168,-14.2721901,14.955534,-0.882574558,-34.8669128,10.1945639,10.478467,-0.436771214,-0.380860269,14.955534,-1.02665997,-0.000254631042,1
1470,14.999996,-4.47942591,-4.42405128,-4.39747095,-4.36941481,-30.9096661,-17.484951,14.9534035,-0.743850231,-33.7963409,10.9058847,10.4209862,-0.443162799,-0.380860269,14.9534035,-0.906451225,-0.000254631042,1
1471,15.009981,-4.49640703,-4.44693899,-4.39894772,-4.31847048,-21.9088535,-23.1387577,14.9768391,-0.59400034,-31.4372444,5.20573854,7.66671419,-0.442097515,-0.372338146,14.9768391,-0.756304741,-0.000254631042,1
1472,15.020002,-4.50748253,-4.44398594,-4.40854645,-4.37163019,-17.2634277,-24.0105362,14.964056,-0.443853855,-29.097311,5.279984,7.05358887,-0.458076507,-0.369142354,14.964056,-0.605853081,-0.000254631042,1
1473,15.029977,-4.47351933,-4.42257452,-4.44250917,-4.35907841,-15.7211342,-27.5870934,14.9832306,-0.299026012,-30.9941673,6.89662218,8.37324429,-0.468729138,-0.368077099,14.9832306,-0.455826759,-0.000254631042,1
1474,15.040000,-4.50748253,-4.44250917,-4.44398594,-4.35907841,-12.0545645,-32.6327209,14.9853611,-0.155758858,-34.1076927,6.84632683,10.0593386,-0.454880685,-0.353163391,14.9853611,-0.305558205,-0.000254631042,1
1475,15.049975,-4.50083685,-4.41740561,-4.41149998,-4.36793852,-10.8386278,-32.4957199,14.9672518,-0.0130848885,-32.6347542,10.4125109,8.5959816,-0.445293307,-0.325466514,14.9672518,-0.155503273,-0.000254631042,1
1476,15.060001,-4.48385572,-4.40854645,-4.43438816,-4.37753725,-2.3856349,-35.325943,14.9651213,0.133783102,-34.6920776,7.07624865,9.18515682,-0.467663884,-0.348902315,14.9651213,-0.00590610504,-0.000254631042,1
1477,15.069977,-4.50231361,-4.44250917,-4.42552805,-4.37606001,0.354641557,-30.5541973,14.9576645,0.280999899,-29.4541683,8.13245201,9.98030281,-0.480447054,-0.308422267,14.9576645,0.144087791,-0.000254631042,1
1478,15.080000,-4.46392107,-4.3945179,-4.43586445,-4.37606001,7.8403554,-30.1755028,14.9789696,0.432567358,-30.6828136,5.53146076,7.60683823,-0.47938177,-0.330792844,14.9789696,0.293562889,-0.000254631042,1
1479,15.089975,-4.48237896,-4.37458324,-4.3945179,-4.34504986,11.8916054,-27.683651,14.9960136,0.582034111,-29.6625366,5.28477383,6.29436779,-0.461272299,-0.279660136,14.9960136,0.443587303,-0.000254631042,1
1480,15.100004,-4.52298737,-4.39747095,-4.43438816,-4.33692837,16.392643,-29.1438351,14.9917526,0.733601809,-32.6227798,7.33730602,7.61641836,-0.446358591,-0.32972756,14.9917526,0.593489647,-0.000254631042,1
1481,15.109978,-4.49640703,-4.39747095,-4.44398594,-4.3465271,20.7397156,-28.6545296,14.9789696,0.885648966,-34.1915169,9.06411457,10.7467089,-0.495360762,-0.308422267,14.9789696,0.743880272,-0.000254631042,1
1482,15.119998,-4.47351933,-4.39599466,-4.42552805,-4.38344336,22.8432255,-23.5894833,14.9565992,1.04360795,-31.6096859,8.89406872,11.0963821,-0.520927072,-0.306291759,14.9565992,0.893965721,-0.000254631042,1
1483,15.129984,-4.50748253,-4.39156485,-4.40707016,-4.37901306,28.3860989,-19.9717674,14.9565992,1.19453931,-33.7388573,8.1444273,10.7754498,-0.557146132,-0.335053891,14.9565992,1.04405117,-0.000254631042,1
1484,15.140001,-4.48385572,-4.42700434,-4.44250917,-4.34504986,30.0983028,-11.6363449,14.9864264,1.34274149,-31.9497795,4.53034258,10.3203955,-0.567798793,-0.369142354,14.9864264,1.19471645,-0.000254631042,1
1485,15.149975,-4.51338911,-4.41888285,-4.42405128,-4.32806873,32.6543617,-7.43747997,14.9842958,1.49265265,-33.1353149,4.86564541,8.86901379,-0.556080878,-0.391512901,14.9842958,1.34455776,-0.000254631042,1
1486,15.160003,-4.50748253,-4.42995787,-4.42700434,-4.33914423,33.0470276,-6.06685305,14.9704475,1.65314913,-32.4359703,8.76473713,7.90382099,-0.570994556,-0.419209778,14.9704475,1.49446011,-0.000254631042,1
1487,15.169979,-4.46835089,-4.43143415,-4.47351933,-4.34357405,32.8741913,-1.71125376,14.9576645,1.80304265,-31.5977116,9.2317667,5.43455553,-0.601887226,-0.47886458,14.9576645,1.64477444,-0.000254631042,1
1488,15.179996,-4.49493074,-4.43955612,-4.45506096,-4.33249807,31.3634853,3.41196036,14.9523382,1.95318007,-30.3714619,8.53721046,7.86310577,-0.55927664,-0.47886458,14.9523382,1.79504299,-0.000254631042,1
1489,15.189982,-4.5148654,-4.42552805,-4.4284811,-4.36350775,30.8583031,7.74954796,14.9800348,2.09819961,-30.5654583,8.83419323,10.6461182,-0.537971318,-0.47886458,14.9800348,1.94528103,-0.000254631042,1
1490,15.200004,-4.46539736,-4.42257452,-4.42552805,-4.31108713,33.5956078,15.9144945,14.9779043,2.24825025,-35.2189827,7.9073205,10.3898516,-0.501752317,-0.434123486,14.9779043,2.09542751,-0.000254631042,1
1491,15.209979,-4.48902416,-4.42405128,-4.44250917,-4.31108713,29.293026,19.1026726,14.9704475,2.40010571,-35.041748,9.1144104,9.3360424,-0.477251261,-0.461820364,14.9704475,2.24563503,-0.000254631042,1
1492,15.219999,-4.52446318,-4.41740561,-4.44398594,-4.33397532,22.9685287,20.088316,14.964056,2.5210948,-35.0369606,6.92296743,9.07977581,-0.414400637,-0.405361354,14.9576645,2.39568996,-0.000254631042,1
1493,15.229973,-4.48533201,-4.42405128,-4.42995787,-4.37606001,20.3918171,23.2297535,14.9502077,2.66888666,-31.228878,8.60427094,8.76363277,-0.363267958,-0.418144524,14.9502077,2.54577541,-0.000254631042,1
1494,15.239998,-4.49936008,-4.41740561,-4.45506096,-4.34504986,16.4870567,27.2975731,14.9672518,2.81693196,-28.8099079,6.73376083,7.37691641,-0.389899582,-0.425601363,14.9438162,2.69601345,-0.000254631042,1
1495,15.250000,-4.51191187,-4.41297626,-4.46392107,-4.34062004,13.2117901,32.4621544,14.9565992,2.96703506,-29.2481976,5.70390224,6.92186308,-0.439967006,-0.441580325,14.9480772,2.84591579,-0.000254631042,1
1496,15.259975,-4.48680878,-4.41297626,-4.47942591,-4.34062004,9.65421104,35.6135025,14.9491425,3.11269093,-35.8776131,8.33123875,10.4736767,-0.468729138,-0.396839231,14.9651213,2.99548244,-0.000254631042,1
1497,15.269996,-4.46982765,-4.42552805,-4.44841576,-4.36350775,4.82898474,35.5944481,14.9225101,-3.02464652,-34.7878761,8.9491539,9.570755,-0.469794393,-0.374468684,14.9214449,-3.13767862,-0.000254631042,1
1498,15.279981,-4.51043558,-4.41592979,-4.43807936,-4.3465271,-0.743355811,29.9824467,14.9182491,-2.8820684,-29.1691608,6.97565794,6.8021121,-0.447423846,-0.313748598,14.9225101,-2.9883256,-0.000254631042,1
1499,15.290000,-4.52446318,-4.39894772,-4.45284557,-4.34948015,-4.89116764,27.3237801,14.9427509,-2.7384181,-27.0519638,6.22122669,4.38074732,-0.484708101,-0.347837061,14.9289026,-2.83872843,-0.000254631042,1
1500,15.299974,-4.45136881,-4.4284811,-4.44103241,-4.36350775,-10.5163927,29.5585518,14.951273,-2.58627486,-30.6612587,6.64754009,7.7673049,-0.506013393,-0.385121316,14.951273,-2.6891923,-0.000254631042,1
1501,15.309994,-4.47647238,-4.42700434,-4.40190125,-4.31404066,-14.768754,34.0895004,14.9352942,-2.43212652,-35.4848289,11.0016851,12.0304394,-0.54116714,-0.323335975,14.9352942,-2.53913736,-0.000254631042,1
1502,15.319981,-4.53184652,-4.40854645,-4.4055934,-4.35907841,-21.3527565,31.9009018,14.9352942,-2.28119516,-36.9912949,10.2592287,11.3334894,-0.531579733,-0.324401259,14.9352942,-2.38987589,-0.000254631042,1
1503,15.330011,-4.4454627,-4.46392107,-4.37753725,-4.32363892,-24.0786934,26.5784073,14.9278374,-2.14218283,-34.6274109,9.33475208,9.95635319,-0.450619638,-0.318009645,14.9278374,-2.24043131,-0.000254631042,1
1504,15.340005,-4.48385572,-4.44103241,-4.43955612,-4.36941481,-24.9492474,16.6491375,14.9182491,-1.97783327,-29.5020695,5.41170979,9.26898193,-0.449554384,-0.371272892,14.9182491,-2.09080362,-0.000254631042,1
1505,15.350036,-4.55547333,-4.40190125,-4.47499514,-4.37458324,-23.977869,11.8360281,14.9310331,-1.82041502,-26.1586227,5.5458312,4.70886517,-0.452750176,-0.43518874,14.9310331,-1.9411149,-0.000254631042,1
1506,15.359975,-4.45284557,-4.44250917,-4.44989252,-4.36646175,-29.3134499,12.0951147,14.9438162,-1.66064215,-30.2804508,9.41618252,9.66416073,-0.477251261,-0.427731901,14.9438162,-1.79121256,-0.000254631042,1
1507,15.370000,-4.45949125,-4.45949125,-4.39304161,-4.3465271,-34.4834862,4.39101076,14.9480772,-1.50819349,-34.1412239,6.5397644,11.1299124,-0.475120723,-0.469277203,14.9480772,-1.64109707,-0.000254631042,1
1508,15.379974,-4.53480005,-4.42257452,-4.47204208,-4.30001259,-36.2384911,0.386991382,14.9310331,-1.35941601,-35.350708,7.98156595,8.3876152,-0.492164969,-0.419209778,14.9310331,-1.49110317,-0.000254631042,1
1509,15.389995,-4.48090219,-4.4284811,-4.42257452,-4.3804903,-37.1258621,-3.03682232,14.9267712,-1.20473528,-35.7530708,10.4532261,8.92888927,-0.472990185,-0.41707924,14.9267712,-1.34138393,-0.000254631042,1
1510,15.399981,-4.46392107,-4.45506096,-4.42035961,-4.35095692,-30.3943367,-8.11568356,14.9544687,-1.04760504,-30.3834362,8.15640259,10.1216087,-0.45381543,-0.413883448,14.9544687,-1.19108486,-0.000254631042,1
1511,15.409978,-4.4978838,-4.43955612,-4.43143415,-4.35243368,-26.7952995,-13.8178482,14.9502077,-0.896324635,-29.5571556,5.94100952,4.91244125,-0.469794393,-0.396839231,14.9502077,-1.04075909,-0.000254631042,1
1512,15.419975,-4.46835089,-4.43438816,-4.41888285,-4.36350775,-26.188303,-17.0739956,14.9757738,-0.757940292,-30.4025974,7.28222036,6.78055668,-0.478316516,-0.384056062,14.9757738,-0.890582085,-0.000254631042,1
1513,15.429984,-4.44693899,-4.44250917,-4.41888285,-4.34948015,-25.2030811,-23.1692944,15.0002747,-0.607262135,-33.4083481,7.47621679,10.5814533,-0.457011223,-0.343576014,15.0002747,-0.740344048,-0.000254631042,1
1514,15.439981,-4.52151012,-4.43955612,-4.47204208,-4.36941481,-21.8789768,-27.5711708,14.9502077,-0.459121227,-34.4118614,7.39478636,10.1599293,-0.495360762,-0.345706522,14.9502077,-0.62010479,-0.000254631042,1
1515,15.449978,-4.53184652,-4.44693899,-4.46835089,-4.37901306,-18.9841595,-29.7070732,14.9438162,-0.312828541,-34.1076927,8.92041397,10.2820749,-0.47938177,-0.318009645,14.9438162,-0.470414162,-0.000254631042,1
1516,15.459974,-4.4055934,-4.45801449,-4.44398594,-4.39304161,-16.1825314,-29.0443745,14.9225101,-0.170389652,-31.3677902,11.0232401,10.0449686,-0.496426016,-0.358489722,14.9225101,-0.320450783,-0.000254631042,1
1517,15.469981,-4.45284557,-4.42257452,-4.42035961,-4.39304161,-6.37347507,-30.4109001,14.9310331,-0.0280032158,-30.5774326,5.51948595,6.49315453,-0.459141761,-0.341445476,14.9310331,-0.170548439,-0.000254631042,1
1518,15.479978,-4.58426809,-4.39156485,-4.42257452,-4.36350775,-4.74487686,-29.0004139,14.9246407,0.119501114,-28.2279186,8.16837788,7.03203392,-0.464468092,-0.356359184,14.9246407,-0.0211038589,-0.000254631042,1
1519,15.489998,-4.40337801,-4.39304161,-4.3804903,-4.34209681,2.20685649,-33.8053665,14.9534035,0.264424801,-33.2071648,6.70502043,6.89551783,-0.452750176,-0.351032853,14.9534035,0.128218651,-0.000254631042,1
1520,15.499974,-3.61706042,-3.36086154,-3.36233783,-3.41328239,4.25944471,-34.4371262,14.959795,0.417649031,-33.2047691,10.0748129,8.70375729,-0.443162799,-0.351032853,14.959795,0.279280663,-0.000254631042,1
1521,15.509982,-3.2449441,-2.88168764,-3.02418447,-3.02123117,13.0342216,-28.9591045,14.8351593,0.551002264,-31.4971199,4.0561285,13.5728321,-0.507078648,-0.400035024,14.8351593,0.429732323,-0.000254631042,1
1522,15.519997,-2.81523824,-2.76281714,-2.88021088,-2.72294736,12.690546,-21.9402905,14.3163748,0.711019278,-24.9060268,4.70278406,6.25365257,-0.290829986,-0.470342487,14.3163748,0.575758934,-0.000254631042,1
1523,15.529983,-2.00603223,-2.05697703,-2.06952858,-1.92850816,16.575119,-24.3687763,14.1150398,0.853693008,-28.5081367,7.47382212,8.6486721,-0.396291167,-0.511887789,14.1150398,0.720534325,-0.000254631042,1
1524,15.539997,-1.43382967,-1.35261381,-1.55934525,-1.48994255,21.6964931,-14.3121519,13.6164961,0.995826483,-25.9909706,0.212122098,9.69290066,-0.333440542,-0.605631053,13.6164961,0.863204002,-0.000254631042,1
1525,15.549984,-0.981235683,-0.927337825,-1.21602333,-0.862365067,20.9519634,-11.3269072,13.1413879,1.1293714,-23.7827625,1.28988087,10.3754816,-0.336636335,-0.450102448,13.1413879,0.999342918,-0.000254631042,1
1526,15.559997,-0.126992121,-0.136590362,-0.431182534,-0.400172859,23.5211105,-5.43850374,12.8654852,1.26159096,-24.060585,-1.97692585,9.45579338,-0.272720486,-0.662090063,12.8654852,1.13365078,-0.000254631042,1
1527,15.569982,0.158740163,0.226666182,-0.102627359,0.143235311,22.4308167,-2.33743834,12.226326,1.38420177,-22.4750824,-1.86435997,6.62967062,-0.306808949,-0.456494033,12.226326,1.26286221,-0.000254631042,1
1528,15.579997,0.787794113,0.54193145,0.21116133,0.5175668,17.0729942,-4.98512316,11.810873,1.49925327,-17.3856659,3.75196099,10.1982498,-0.28656891,-0.463950902,11.810873,1.38700771,-0.000254631042,1
1529,15.589983,1.28985596,1.0949378,0.738326311,0.877131641,20.6553364,4.41160345,11.445487,1.62116647,-20.8512592,-3.36603737,7.75772476,-0.116126612,-0.385121316,11.445487,1.50837612,-0.000254631042,1
1530,15.599998,0.338153452,0.217806265,0.0797392428,0.284255594,17.7436886,3.54449558,10.9043331,1.73599958,-18.0850105,-0.578234375,1.59054935,-0.149149805,-0.23704958,10.9043331,1.62512112,-0.000254631042,1
1531,15.609984,-0.460715622,-0.952440858,-0.702148318,-0.809943914,9.67910099,6.20309973,10.6103201,1.83682084,-10.9694071,-3.44028282,-3.33600593,-0.154476121,0.0644202679,10.6103201,1.73773098,-0.000254631042,1
1532,15.619999,-0.754569471,-1.48329759,-1.02184355,-1.68412232,14.1718302,14.2083187,10.4675751,1.94884682,-18.4155235,-7.97405481,8.84506321,0.0244883001,0.236993104,10.4675751,1.84759426,-0.000254631042,1
1533,15.629973,-1.4714843,-2.33827925,-1.74318838,-2.44164491,11.7877808,13.9161406,9.95837784,2.04164672,-16.8180447,-7.05436707,15.8744459,0.0202272423,0.294517398,9.95837784,1.95498562,-0.000254631042,1
1534,15.640001,-2.62401152,-2.3427093,-2.66831112,-2.72147083,14.8021002,-4.15278482,9.43213749,2.14048028,-10.224556,11.480689,12.6579351,-0.26100257,0.213557288,9.43213749,2.05700588,-0.000254631042,1
1535,15.649976,-2.54353404,-2.34861612,-2.22531557,-2.07395864,7.54129648,14.7700348,9.61323261,2.21492553,-11.6950979,-1.09555864,4.47415304,-0.305743665,0.207165703,9.55570793,2.15695095,-0.000254631042,1
1536,15.660004,-1.88199365,-2.05993032,-1.99938774,-2.13080978,4.80190897,17.1515884,9.20523643,2.3109684,-14.7415638,-12.6946392,13.8482599,-0.254610986,-0.0080177132,9.09018803,2.2544241,-0.000254631042,1
1537,15.670005,-2.04294896,-1.84360075,-2.02449059,-1.5792799,8.1321764,14.3204508,8.64916801,2.39709783,-9.56832123,7.39957619,13.8841848,-0.579516649,0.149641424,8.62040615,2.34716702,-0.000254631042,1
1538,15.679979,-1.49732566,-1.75057161,-1.51578391,-1.54236364,1.40909886,6.20017242,8.54796791,2.478266,-9.81979847,-4.30967522,16.3678207,-0.676455736,-0.274333805,8.44783306,2.43752956,-0.000254631042,1
1539,15.690002,-1.35261381,-1.2581079,-1.6767391,-1.39100671,3.15004539,13.0529432,8.05688095,2.56029725,-11.7813187,-3.69415498,6.66320086,-0.760611653,-0.413883448,7.9865737,2.52426052,-0.000254631042,1
1540,15.699976,-1.42053974,-1.219715,-1.10675108,-1.17615378,1.02009332,5.22192717,7.80973959,2.63785505,-3.0993731,-0.846476614,7.14459944,-0.632779896,-0.563020468,7.76925993,2.6072073,-0.000254631042,1
1541,15.709998,-0.808467269,-0.924384594,-1.21454668,-1.29059434,1.97884679,7.81170464,7.47205114,2.70984983,-7.92294312,0.17380178,5.65729237,-0.359006912,-0.68446064,7.43263626,2.68734646,-0.000254631042,1
1542,15.719983,-0.835047007,-0.69698,-0.727989674,-0.679998517,2.9401083,5.5429945,7.37191629,2.78273416,-6.22247934,0.806086957,-0.0835694224,-0.222653046,-0.551302552,7.34848022,2.76547146,-0.000254631042,1
1543,15.729998,-0.380238026,-0.644558847,-0.570726216,-0.788532436,4.91184425,8.53535461,7.18762541,2.85820055,-9.56832123,2.32931948,1.73904049,-0.0127959559,-0.392578185,7.13542747,2.84118557,-0.000254631042,1
1544,15.739983,-0.343321711,-0.45480898,-0.34036842,-0.405341148,1.45602691,11.084425,6.94474506,2.93411994,-11.1466389,-0.858451664,5.03219223,0.110774718,-0.115609422,6.88722086,2.91488552,-0.000254631042,1
1545,15.750000,-0.363256544,-0.49024865,-0.2724424,-0.508706808,-7.94756603,9.1807251,6.53674889,2.99205184,-7.89420271,-9.22665024,11.2568483,0.233280137,-0.00908297859,6.53674889,2.98492336,-0.000254631042,1
1546,15.759976,-0.470313877,-0.190488189,-0.386882991,-0.176459983,-3.30881858,6.33929253,5.90611219,3.04856968,-6.00453234,-3.88336158,12.1909056,0.191734821,0.128336146,5.90611219,3.05010891,-0.000254631042,1
1547,15.769999,0.0428229235,-0.12108551,-0.0745709538,-0.220021233,-7.26587009,4.30076027,5.47041893,3.10260296,-4.01427078,-7.42799044,15.3978376,0.11183998,0.00583072472,5.47041893,3.11019802,-0.000254631042,1
1548,15.779984,-0.0760476068,0.00885991566,-0.0745709538,0,-6.6011939,8.61237049,4.87600136,-3.13278317,-8.6701889,-6.52506781,10.9095707,-0.0202528071,0.0399191864,4.87600136,-3.11826944,-0.000254631042,1
1549,15.790004,0.0538978167,0.0812158883,0.355134934,0.0442995802,-7.18196678,5.25063181,4.40728521,-3.09032869,-5.61174917,-6.90348101,8.62472153,-0.193890914,0.0782687142,4.40728521,-3.06831217,-0.000254631042,1
1550,15.800002,0.0937674418,0.212637976,0.160216808,0.113702245,-6.98510504,4.4903636,3.88850141,-3.05499744,-5.07765961,-6.57057333,9.27137756,-0.310004741,0.245515227,3.88850141,-3.02406168,-0.000254631042,1
1551,15.809976,0.129207104,0.188273221,0.378023058,0.236264423,-8.46001244,2.70531917,3.41871977,-3.02076507,-3.70531321,-8.07225037,11.6807671,-0.441032261,0.282799482,3.41871977,-2.98408365,-0.000254631042,1
1552,15.819999,0.220759571,0.481388688,0.101889022,0.397957891,-6.99454165,1.67858839,2.89460969,-2.99027443,-2.71377516,-6.6615839,12.6555395,-0.384573251,0.0878560916,2.89460969,-2.94883585,-0.000254631042,1
1553,15.829973,0.263582498,0.532333255,0.448902398,0.361041576,-6.72477007,-0.305353522,2.46317744,-2.96200752,-0.900745332,-6.67116404,10.1647196,-0.355811119,-0.153958946,2.46317744,-2.91834879,-0.000254631042,1
1554,15.839998,0.376546443,0.705839932,0.420107692,0.452594042,-5.65154409,-0.190578759,2.02215791,-2.94147396,-0.936670661,-5.57664013,10.021018,-0.355811119,-0.3734034,2.02215791,-2.89259195,-0.000254631042,1
1555,15.849973,0.454070717,0.736849725,0.713223159,0.369163156,-2.51160979,0.631832421,1.70364392,-2.92904854,-1.14743233,-2.32180858,5.64531755,-0.386703759,-0.401100278,1.70364392,-2.87058878,-0.000254631042,1
1556,15.860001,0.668923616,0.727251351,0.68885839,0.524949968,-2.92608643,0.188025936,1.44478464,-2.91660523,-0.836079836,-2.81039262,3.7580421,-0.200282499,-0.3552939,1.44478464,-2.85145426,-0.000254631042,1
1557,15.869976,0.682213545,0.722821474,0.702886701,0.441519141,-2.09709573,-0.155342728,1.16248965,-2.90510392,-0.340310752,-2.07512164,4.62982941,0.0223577712,-0.310552806,1.16248965,-2.83540201,-0.000254631042,1
1558,15.879996,0.626839042,0.728728056,0.589922726,0.608380854,-5.44266462,0.809840381,0.882324994,-2.89525151,-2.11262536,-5.08087111,9.22108173,0.186408505,-0.271138042,0.882324994,-2.82234049,-0.000254631042,1
1559,15.889981,0.500585258,0.605427504,0.775242567,0.554483056,-5.00768042,2.41469383,0.491372943,-2.88825035,-3.59274721,-4.24261427,9.50608921,0.169364274,-0.135849446,0.491372943,-2.81449747,-0.000254631042,1
1560,15.900004,0.571464598,0.454070717,0.640867233,0.507968485,-5.9240551,0.06893906,0.0247871056,-2.88688135,-1.55937576,-5.71555138,8.36845493,0.139536873,0.125140354,0.0247871056,-2.80839396,-0.000254631042,1
1561,15.909978,0.532333255,0.588446021,0.68073684,0.584016085,-5.49881887,1.32520556,-0.312901735,-2.89592242,-2.62276435,-5.01141548,11.7286673,0.132080004,0.296647936,-0.312901735,-2.80671549,-0.000254631042,1
1562,15.920001,0.639390528,0.602474272,0.600997686,0.564819574,-6.97264862,1.1953001,-0.737942278,-2.9051733,-2.79520583,-6.49872255,13.2997999,0.16190742,0.3541722,-0.737942278,-2.80860758,-0.000254631042,1
1563,15.929975,0.502061903,0.682213545,0.640867233,0.615764141,-5.98143721,0.408492744,-1.1193068,-2.91382313,-1.74858224,-5.73471117,11.2376881,0.124623157,0.332866937,-1.1193068,-2.81474161,-0.000254631042,1
1564,15.939984,0.591399372,0.574417889,0.617979109,0.547838032,-4.72720003,-0.821849108,-1.48149681,-2.92547226,-0.21097967,-4.79346895,10.0713139,0.00744406879,0.327540606,-1.48149681,-2.82469034,-0.000254631042,1
1565,15.949981,0.537501574,0.752354503,0.682213545,0.649727106,-2.16296768,-0.185576886,-1.73609495,-2.94091463,-0.249299973,-2.15655231,9.45579338,0.0095745977,0.201839387,-1.73609495,-2.83790445,-0.000254631042,1
1566,15.959979,0.534548223,0.779672623,0.690335035,0.575894475,-3.90020156,0.21188198,-1.92145097,-2.9619019,-0.9055354,-3.79953575,9.10851574,-0.0330359787,0.0867908299,-1.92145097,-2.8534379,-0.000254631042,1
1567,15.969975,0.510921776,0.7951774,0.653418779,0.649727106,-2.53213978,0.328772694,-2.11639428,-2.98342085,-0.723513901,-2.44874477,7.98285675,-0.00746963359,-0.0623462014,-2.11639428,-2.8713212,-0.000254631042,1
1568,15.979982,0.566296279,0.701409996,0.697718382,0.72429812,-0.11361108,0.973388076,-2.19841981,-3.00446033,-0.979780972,0.0205205306,7.23561049,-0.0287749227,-0.0729988441,-2.19841981,-2.89103556,-0.000254631042,1
1569,15.989980,0.54193145,0.564819574,0.731681347,0.673353553,-1.13884175,2.3391614,-2.27618408,-3.02575278,-2.45511293,-0.860846698,7.73137951,0.042597793,-0.0666072592,-2.27618408,-2.91163492,-0.000254631042,1
1570,15.999977,0.505015194,0.569987893,0.600997686,0.634960651,0.710882187,1.08803821,-2.31985998,-3.04660058,-1.0157063,0.810876966,9.25221729,0.0969262794,-0.0367798544,-2.31985998,-2.9333024,-0.000254631042,1
1571,16.010022,0.549314737,0.563342929,0.526426613,0.592876017,-1.46003807,2.88944769,-2.32944727,-3.06974173,-2.98680735,-1.24883986,10.8712502,0.143797919,-0.0463672355,-2.32944727,-2.95548868,-0.000254631042,1
1572,16.019980,0.458500624,0.558912992,0.626839042,0.605427504,1.81270802,1.04694486,-2.38590622,-3.09459162,-0.960620821,1.85989559,11.7406425,0.157646358,-0.000560861954,-2.38590622,-2.97840738,-0.000254631042,1
1573,16.030004,0.451117367,0.512398481,0.532333255,0.639390528,1.74646628,1.37818599,-2.28364086,-3.11802053,-1.33663893,1.77846491,10.0521536,0.0617725551,0.0846602991,-2.28364086,-3.00147867,-0.000254631042,1
1574,16.039979,0.451117367,0.441519141,0.5175668,0.510921776,3.01813197,1.20613992,-2.18350601,-3.13880706,-1.1977278,3.02148008,9.32167244,0.0777515173,0.127270877,-2.18350601,-3.02393961,-0.000254631042,1
1575,16.049995,0.447425723,0.430444241,0.513875127,0.543408155,2.90912271,0.405351222,-2.03863001,3.12441134,-0.455271691,2.90172911,10.4233818,0.134210542,0.141119301,-2.03863001,-3.04572916,-0.000254631042,1
1576,16.059982,0.418631017,0.441519141,0.474005491,0.49837023,2.94318485,-0.369886786,-1.84581721,3.10624027,0.265629232,2.95441961,9.67134571,0.105448395,0.111291908,-1.84581721,-3.06608438,-0.000254631042,1
1577,16.069999,0.399434537,0.373593092,0.430444241,0.404602796,3.54267883,-0.907201707,-1.60293698,3.09060645,0.725472987,3.58430982,9.99946308,0.0276840944,0.108096115,-1.60293698,-3.08466959,-0.000254631042,1
1578,16.079974,0.331508517,0.299022168,0.380976379,0.417154372,3.33543372,-0.55971396,-1.32916391,3.07884383,0.34945491,3.3639679,9.94677258,0.00424827542,0.08359503,-1.32916391,-3.10108805,-0.000254631042,1
1579,16.090001,0.327078551,0.331508517,0.361041576,0.325601876,3.21776319,-0.535999537,-1.11824155,3.06615782,0.291974455,3.24900699,10.4952326,0.0457935855,0.0452455096,-1.11824155,-3.11533976,-0.000254631042,1
1580,16.099975,0.222236201,0.287208945,0.299022168,0.314526975,2.47103405,-0.419934094,-0.921167731,3.05688047,0.205753759,2.54008126,10.2916555,0.0788167864,-0.0197356232,-0.921167731,-3.12785196,-0.000254631042,1
1581,16.109998,0.268750787,0.294592202,0.25324592,0.236264423,2.21304893,-0.43078512,-0.793335974,3.04886723,0.167433441,2.19998837,10.7083893,0.0468588509,-0.0367798544,-0.764573872,-3.13859415,-0.000254631042,1
1582,16.119974,0.214114636,0.143235311,0.250292629,0.232572764,1.70852983,0.233292028,-0.647394776,3.04451609,-0.160684258,1.34975636,9.98509312,0.00211774674,-0.0293230023,-0.625024199,3.13519192,-0.000254631042,1
1583,16.130005,0.225189522,0.198609769,0.229619488,0.222236201,1.34238935,-0.234356165,-0.549390435,3.0389533,-0.112783857,1.52459288,9.30011749,-0.0159917492,-0.033584062,-0.529150426,3.12695217,-0.000254631042,1
1584,16.139981,0.203778043,0.161693454,0.151356876,0.163170099,1.27716947,0.213772267,-0.474821925,3.03383517,-0.258880049,1.1701299,8.99594975,-0.00427384023,-0.0346493237,-0.458842963,3.11965847,-0.000254631042,1
1585,16.150002,0.127730444,0.151356876,0.147665262,0.155786842,0.604180634,0.0894455835,-0.413036585,3.03046942,-0.287620306,0.255232453,9.51087952,0.01490092,-0.0442367047,-0.402383953,3.11303616,-0.000254631042,1
1586,16.160012,0.127730444,0.113702245,0.1122256,0.090814136,0.80881834,0.164582774,-0.386404991,3.0263629,-0.428926468,0.762976587,9.57554436,0.00424827542,-0.0208008867,-0.38107866,3.10696316,-0.000254631042,1
1587,16.169975,0.158740163,0.110748947,0.0937674418,0.168338388,0.198533788,-0.127048627,-0.327815443,3.0234766,0.102767907,-0.0154047646,9.91803265,-0.0309054516,0.00476546027,-0.318228066,3.10134792,-0.000254631042,1
1588,16.180001,0.0922907889,0.115178905,0.115178905,0.140282005,0.270934492,-0.104936749,-0.316097528,3.02118325,0.0716326535,0.281577677,9.58751965,-0.0170570128,-0.00482191984,-0.315032274,3.09615993,-0.000254631042,1
1589,16.189976,0.090814136,0.100412376,0.0981974006,0.0849075317,0.107463598,-0.0590061694,-0.287335396,3.01781797,0.0452874377,0.113926299,9.68092537,0.0308798868,-0.0186703578,-0.280943811,3.09118557,-0.000254631042,1
1590,16.200005,0.124777146,0.0797392428,0.0863841772,0.0967207476,-0.324912608,0.186556771,-0.276682734,3.01464415,-0.14391911,-0.345917493,9.93000793,0.0394020006,-0.0144093009,-0.277748019,3.08657742,-0.000254631042,1
1591,16.209978,0.0442995802,0.120347172,0.110748947,0.106318988,0.430062413,0.0651248395,-0.27029115,3.01244688,-0.119968921,0.418093771,9.71924591,0.00211774674,0.00902651716,-0.27029115,3.0820303,-0.000254631042,1
1592,16.220005,0.090814136,0.0553744733,0.0782625824,0.075309284,-0.253186256,-0.0798539147,-0.247920603,3.01015353,0.112347983,-0.240536615,9.73601055,-0.0149264848,0.0122223105,-0.247920603,3.07778835,-0.000254631042,1
1593,16.229979,0.0369163156,0.101889022,0.0797392428,0.110748947,0.135768861,0.0108350832,-0.242594272,3.0069797,-0.0289581716,0.133086458,9.74559116,0.00105248217,0.00583072472,-0.242594272,3.07366848,-0.000254631042,1
1594,16.240001,0.0568511225,0.13216041,0.0612810813,0.0442995802,0.249076143,-0.150089681,-0.224484786,3.00487852,0.114743009,0.267207563,9.93479729,0.026618829,-0.012278772,-0.224484786,3.06979275,-0.000254631042,1
1595,16.249976,0.0812158883,0.0369163156,0.090814136,0.134375393,-0.17775555,0.223405227,-0.205310017,3.00253272,-0.196609542,-0.207006335,9.83420658,0.0117051266,0.00263493136,-0.205310017,3.06613064,-0.000254631042,1
1596,16.259997,0.0073832632,0.0243647695,0.0568511225,0.075309284,0.607205629,0.0932657197,-0.20104897,3.00097227,-0.17744939,0.58814019,9.65937042,-0.00107804674,0.00263493136,-0.20104897,3.06262112,-0.000254631042,1
1597,16.269983,0.0524211675,0.106318988,0.076785937,0.0568511225,0.0556859784,0.125293717,-0.179743677,2.99877501,-0.131944016,0.0372856669,9.86294651,0.00424827542,0.00476546027,-0.179743677,3.05938625,-0.000254631042,1
1598,16.280004,0.0487295389,0.0612810813,0.0228881147,0.0612810813,0.236745313,0.25379315,-0.176547885,2.99716163,-0.285225272,0.197751984,9.52764416,0.00531353988,0.00476546027,-0.176547885,3.05624294,-0.000254631042,1
1599,16.289999,0.00295330514,0.0538978167,0.0642343909,0.0981974006,0.187935829,0.067013748,-0.156307861,2.99569678,-0.0936237052,0.176196814,9.99467278,0.00850933325,0.00796125364,-0.156307861,3.05334377,-0.000254631042,1
1600,16.299974,0.0184581578,-0.0081215892,0.101889022,0.0302713774,0.109132729,0.31815508,-0.144589946,2.99423194,-0.330730677,0.0612358637,9.8964777,0.0106398622,-0.00695244875,-0.144589946,3.05056667,-0.000254631042,1
1601,16.309998,0.0118132206,0.0472528823,0.0199348107,0.110748947,0.102763757,0.159169778,-0.122219391,2.9926188,-0.172659352,0.078001,9.86773682,-0.00427384023,0.0015696669,-0.122219391,3.04806423,-0.000254631042,1
1602,16.319984,0.0184581578,0.0738326311,0.0273180734,0.0214114618,0.348831445,0.424760342,-0.119023591,2.99188638,-0.472036809,0.281577677,9.63302517,0.0031830112,-0.00695244875,-0.119023591,3.04562283,-0.000254631042,1
1603,16.329998,0.0073832632,0.0642343909,0.0553744733,0.0627577379,-0.265917331,0.360518217,-0.091326721,2.99042153,-0.316360533,-0.317177266,10.0329933,0.00744406879,0.00370019581,-0.091326721,3.04342556,-0.000254631042,1
1604,16.339983,0.0073832632,0.0214114618,0.0169815049,0.0834308639,0.219643608,0.080474034,-0.0955877751,2.98968911,-0.112783857,0.204937041,9.95395756,0.00637880433,-0.00695244875,-0.0955877751,3.04131985,-0.000254631042,1
1605,16.349996,0.0243647695,0.0103365686,0.0184581578,0.0243647695,-0.0671118721,0.216506168,-0.0860003978,2.98905277,-0.203794599,-0.0992304534,9.71685123,0.00105248217,-0.0112135075,-0.0860003978,3.03936672,-0.000254631042,1
1606,16.359981,-0.00221497891,0.090814136,0.0472528823,0.0738326311,-0.0620695502,-0.128326237,-0.0828046054,2.98832035,0.13629818,-0.0417499803,9.74319553,-0.00853489805,-0.00269139092,-0.0828046054,3.03781033,-0.000254631042,1
1607,16.370003,0,0.0103365686,0.0782625824,0.0317480303,0.125059962,0.140746355,-0.0860003978,2.98734379,-0.158289239,0.101951197,9.5491991,0.00105248217,-0.00482191984,-0.0860003978,3.03591824,-0.000254631042,1
1608,16.379978,0,0.00442995783,0.0214114618,0.0228881147,-0.206536308,0.313705713,-0.0678908974,2.98651528,-0.2780402,-0.25251171,9.69290066,0.0031830112,0.000504402502,-0.0678908974,3.0341177,-0.000254631042,1
1609,16.390002,0,0.0398696214,0.0103365686,0.0524211675,-0.166582197,0.150031656,-0.064695105,2.98578286,-0.12236394,-0.187846184,10.0569439,-1.27822468e-05,0.0015696669,-0.064695105,3.03246975,-0.000254631042,1
1610,16.400001,0,0.0472528823,0.0132898735,0.0524211675,0.214525312,0.259746134,-0.0625645816,2.98505044,-0.29001531,0.171406761,9.87252712,0.00424827542,-0.00588718429,-0.0625645816,3.0308218,-0.000254631042,1
1611,16.409976,0,0.0199348107,0.0568511225,0.0147665264,-0.208321959,0.176306486,-0.0593687855,2.9844141,-0.141524091,-0.233351558,9.77433109,0.0031830112,-0.0080177132,-0.0593687855,3.02929592,-0.000254631042,1
1612,16.420002,0,-0.00959824212,0.0442995802,0.0442995802,0.0708675534,0.345442533,-0.056172993,2.98387313,-0.352285832,0.0157304909,9.47734833,-0.00107804674,0.00370019581,-0.056172993,3.02777004,-0.000254631042,1
1613,16.429976,-0.00221497891,0.0398696214,-0.0295330528,0.0509445108,-0.104575597,0.00473687798,-0.046585612,2.98377752,0.0117571615,-0.104020491,9.86534214,-0.00107804674,0.00796125364,-0.046585612,3.02642727,-0.000254631042,1
1614,16.439998,-0.00221497891,0.0339630097,0.0442995802,0.0258414224,-0.0961682126,0.316272348,-0.048716139,2.9835856,-0.297200382,-0.144735828,9.88210678,0.0031830112,-0.00588718429,-0.048716139,3.02511501,-0.000254631042,1
1615,16.449974,0,0.0243647695,0.0317480303,0.0132898735,0.0422477536,0.449483484,-0.0497814044,2.98187661,-0.450481653,-0.0297748819,9.64500046,0.00531353988,-0.00908297859,-0.0497814044,3.02383327,-0.000254631042,1
1616,16.459981,0,0.0147665264,0.0243647695,0.0339630097,-0.135699451,0.429591388,-0.0519119352,2.98206854,-0.402581245,-0.202216297,9.85097218,-0.00320857554,0.00476546027,-0.0519119352,3.0224905,-0.000254631042,1
1617,16.469978,0,-0.0036916316,0.0354396626,0.0258414224,-0.0341781601,0.185277313,-0.0519119352,2.98133612,-0.17744939,-0.0633051544,9.95156288,0.0031830112,0.00796125364,-0.0519119352,3.02123928,-0.000254631042,1
1618,16.479975,0,0.0302713774,0.00295330514,0.0258414224,-0.151436836,0.104884274,-0.0433898196,2.98060369,-0.0792535841,-0.166290998,9.87252712,0.00211774674,-0.00375665538,-0.0433898196,3.02001858,-0.000254631042,1
1619,16.489982,0,0.0199348107,0.00295330514,0.0354396626,-0.0670494139,0.205294371,-0.0508466698,2.97987127,-0.191819504,-0.0992304534,9.69529533,0.00211774674,-0.0112135075,-0.0508466698,3.01879787,-0.000254631042,1
1620,16.499980,0,-0.0140281999,0.0369163156,0.0258414224,-0.138148367,0.156226784,-0.0529771969,2.97987127,-0.131944016,-0.161500961,9.7144556,0.0031830112,0.000504402502,-0.0529771969,3.01757717,-0.000254631042,1
1621,16.509977,0,0.0258414224,0.0184581578,0.0273180734,-0.0784326792,0.195018098,-0.0508466698,2.97987127,-0.179844409,-0.108810529,9.65218544,0.00105248217,0.000504402502,-0.0508466698,3.01635647,-0.000254631042,1
1622,16.519973,0,-0.00664493674,0.0118132206,0.0287947264,-0.0533358119,0.140019104,-0.0433898196,2.97913885,-0.129548997,-0.0752802566,9.80307102,-0.00107804674,0.00476546027,-0.0433898196,3.01513577,-0.000254631042,1
1623,16.529982,0,0.00442995783,0.0214114618,0.0258414224,-0.0568869486,0.206204623,-0.0444550812,2.97831059,-0.194214523,-0.0896503702,9.75517082,0.0031830112,-0.00588718429,-0.0444550812,3.01400661,-0.000254631042,1
1624,16.540003,0,0.0103365686,0.0118132206,0.0413462743,-0.0631977841,0.212098926,-0.0401940234,2.97831059,-0.199004561,-0.0968354344,9.82941628,0.00211774674,-0.00375665538,-0.0401940234,3.0129385,-0.000254631042,1
1625,16.549977,0,0.0132898735,0.0273180734,0.0184581578,0.0049174428,0.208201528,-0.036998231,2.97757816,-0.194214523,-0.101625472,9.7144556,-0.00214331108,-0.00269139092,-0.036998231,3.01187038,-0.000254631042,1
1626,16.559974,0,0.0132898735,0.00295330514,0.00590661028,-0.0736689866,0.192045376,-0.0423245542,2.97767401,-0.187029466,-0.0297748819,9.52285385,-1.27822468e-05,-0.00375665538,-0.0412592888,3.01080227,-0.000254631042,1
1627,16.570003,0,0,0,0.00295330514,0.195258766,0.188832566,-0.0380634964,2.97767401,-0.304385424,0.140271515,9.75517082,-0.00107804674,0.00583072472,-0.0359329656,3.00979519,-0.000254631042,1
1628,16.579978,0,0,0.0199348107,0.0184581578,-0.00179682078,0.15591161,-0.0263455883,2.9766016,-0.182239428,-0.0321699008,10.0162287,0.00105248217,0.00263493136,-0.0263455883,3.00897121,-0.000254631042,1
1629,16.589994,0,0.0184581578,0.0228881147,0.00590661028,-0.116376676,0.1677057,-0.0167582091,2.9766016,-0.227744803,-0.204611316,9.93479729,-1.27822468e-05,0.0015696669,-0.0156929437,3.00814724,-0.000254631042,1
1630,16.599980,0,0.0214114618,-0.0081215892,0.0169815049,-0.0367014818,0.237039685,-0.0124971503,2.97596502,-0.225349784,-0.0345649198,9.65218544,-1.27822468e-05,-0.00269139092,-0.0103666214,3.0073843,-0.000254631042,1
1631,16.610005,0,-0.0177198313,0.00590661028,0.0199348107,0.0392635688,0.226769835,-0.0124971503,2.97606063,-0.179844409,-0.0441449992,9.69529533,0.0031830112,-0.00695244875,-0.0124971503,3.0066824,-0.000254631042,1
1632,16.620048,0,0.0199348107,0.00147665257,-0.00664493674,-0.10405191,0.240999386,-0.00823609252,2.97606063,-0.246904954,-0.0728852376,9.68092537,0.00105248217,-0.00269139092,-0.00823609252,3.00607204,-0.000254631042,1
1633,16.629984,0,0.00295330514,-0.00664493674,0.00885991566,-0.168611631,0.276066899,-0.00184450613,2.97606063,-0.244509935,-0.211796373,9.88689709,-0.00107804674,0.00689598918,-0.00184450613,3.00546169,-0.000254631042,1
1634,16.639998,0,-0.0036916316,0.00295330514,0.00590661028,-0.0540478528,0.191374287,-0.00397503516,2.97596502,-0.179844409,-0.0848603323,9.90845203,0.00105248217,-0.000560861954,-0.00184450613,3.00485134,-0.000254631042,1
1635,16.649984,0,0.0184581578,0.00442995783,-0.0036916316,-0.207607672,0.187904149,-0.00184450613,2.97596502,-0.151104167,-0.235746577,9.8270216,-1.27822468e-05,-0.00482191984,-0.00397503516,3.00436306,-0.000254631042,1
1636,16.660003,0,0.0228881147,-0.0036916316,0.00147665257,-0.0244677588,0.368540287,-0.00397503516,2.97606063,-0.359470904,-0.0848603323,9.57793999,-0.00107804674,-0.000560861954,-0.00290977047,3.00387478,-0.000254631042,1
1637,16.669976,0,-0.00664493674,0,0.00590661028,-0.0973597094,0.237453178,-0.00610556407,2.97606063,-0.218164727,-0.135155752,9.86055183,0.00105248217,0.00902651716,-0.00610556407,3.00329494,-0.000254631042,1
1638,16.680004,0,0.00885991566,0,0.0184581578,-0.0733685791,0.133897662,-0.00504029961,2.97596502,-0.119968921,-0.0944404155,9.84378719,0.0031830112,0.000504402502,-0.00504029961,3.00268459,-0.000254631042,1
1639,16.689979,0,0.00442995783,0,0.00295330514,0.0125177465,0.240953505,-0.00717082852,2.97596502,-0.239719898,-0.027379863,9.81983662,0.00424827542,-0.00588718429,-0.00717082852,3.00207424,-0.000254631042,1
1640,16.699994,0,-0.00221497891,0,-0.00959824212,-0.140127808,0.198605552,-0.00504029961,2.9752326,-0.172659352,-0.171081036,9.81983662,0.0031830112,-0.00162612647,-0.00504029961,3.00146389,-0.000254631042,1
1641,16.709980,0,0.00442995783,-0.00516828429,0.0118132206,-0.0212898552,0.139794484,-0.00610556407,2.9752326,-0.134339035,-0.0441449992,9.72403622,-0.00320857554,0.000504402502,-0.00610556407,3.00085354,-0.000254631042,1
1642,16.720004,0,-0.00516828429,0.00885991566,0.0118132206,0.0338812284,0.179101571,-0.00610556407,2.9752326,-0.182239428,0.00375539274,9.84139156,-0.00427384023,0.00263493136,-0.00610556407,3.00039577,-0.000254631042,1
1643,16.729978,0,0,0.00147665257,0.0228881147,-0.0362547785,0.137450188,-0.000779241615,2.9752326,-0.129548997,-0.0585151166,9.92521763,0.00211774674,-0.00269139092,-0.000779241615,2.99993801,-0.000254631042,1
1644,16.739994,0,0,-0.0081215892,0.0132898735,-0.0627210364,0.16854158,-0.000779241615,2.97596502,-0.15589422,-0.0896503702,9.79828167,0.00105248217,-0.00375665538,-0.000779241615,2.99948025,-0.000254631042,1
1645,16.749980,0,-0.00221497891,0.0103365686,-0.0177198313,-0.0271329787,0.191775128,0.00454708049,2.9752326,-0.184634447,-0.0585151166,9.74319553,-0.00107804674,-0.00269139092,0.00454708049,2.999053,-0.000254631042,1
1646,16.759999,0,0.00147665257,-0.0140281999,0.0243647695,-0.0742935687,0.287110001,0.00241655181,2.97532821,-0.270855159,-0.120785631,9.73361588,-0.00107804674,0.00476546027,0.00241655181,2.99865627,-0.000254631042,1
1647,16.769996,0,-0.00516828429,0.0103365686,0.00295330514,-0.0786699504,0.246559754,0.00348181627,2.97532821,-0.230139822,-0.118390612,9.8797121,-1.27822468e-05,0.00476546027,0.00348181627,2.99819851,-0.000254631042,1
1648,16.779981,0,0.00147665257,-0.0155048529,-0.00959824212,-0.152733222,0.210418403,0.000286022841,2.97532821,-0.182239428,-0.185451165,9.96353817,0.00105248217,-0.00375665538,0.000286022841,2.99774075,-0.000254631042,1
1649,16.790000,0,0.00295330514,0.0132898735,0.0118132206,-0.0160527732,0.257908314,-0.00184450613,2.97532821,-0.251695007,-0.0585151166,9.65697575,0.00211774674,-0.00162612647,-0.00184450613,2.99728298,-0.000254631042,1
1650,16.799975,0,-0.00516828429,-0.00959824212,0.00885991566,-0.161453471,0.158454582,-0.000779241615,2.97532821,-0.129548997,-0.185451165,9.78870106,-0.00107804674,0.0015696669,-0.000779241615,2.99682522,-0.000254631042,1
1651,16.809997,0,-0.00221497891,-0.011074895,0.0169815049,-0.0692868456,0.172139242,-0.00397503516,2.9752326,-0.158289239,-0.0968354344,9.8318119,0.00105248217,0.00370019581,-0.00397503516,2.99645901,-0.000254631042,1
1652,16.819983,0,0,0.0287947264,0.0199348107,0.0169509482,0.179515824,-0.00184450613,2.9752326,-0.179844409,-0.0130097447,10.0258083,0.00211774674,-0.00269139092,-0.00184450613,2.99600124,-0.000254631042,1
1653,16.829996,0,-0.00516828429,-0.026579747,0.0243647695,-0.194472566,0.207708806,-0.00397503516,2.97532821,-0.172659352,-0.226166487,9.77672672,-0.00427384023,-0.00482191984,-0.00397503516,2.99554348,-0.000254631042,1
1654,16.839981,0,-0.00221497891,0.0214114618,0.0258414224,0.0930114836,0.256605387,-0.00290977047,2.97532821,-0.268460125,0.0492607653,9.63063049,-0.00214331108,0.00370019581,-0.00290977047,2.99508572,-0.000254631042,1
1655,16.849999,0,0,-0.00959824212,-0.0251030941,-0.130336344,0.155676126,0.00135128724,2.9752326,-0.131944016,-0.154315904,9.85576153,0.00424827542,0.00370019581,0.00135128724,2.99462795,-0.000254631042,1
1656,16.859984,0,0,-0.0081215892,0.0287947264,0.0244687032,0.209824637,-0.000779241615,2.9752326,-0.21097967,-0.0106147248,9.80307102,-0.00107804674,-0.00162612647,-0.000779241615,2.99417019,-0.000254631042,1
1657,16.870003,0,0,0.0103365686,0.0118132206,0.0201413948,0.212979779,0.00348181627,2.9752326,-0.213374689,-0.0154047646,9.81983662,-1.27822468e-05,-0.000560861954,0.00348181627,2.99374294,-0.000254631042,1
1658,16.880029,0,-0.00221497891,-0.0155048529,-0.00221497891,-0.0573957637,0.2575607,0.00454708049,2.97532821,-0.244509935,-0.0992304534,9.74559116,0.00211774674,-0.00162612647,0.00454708049,2.99359035,-0.000254631042,1
1659,16.889981,0,0,0.0147665264,0.00147665257,-0.0629612654,0.209924489,0.0066776094,2.97532821,-0.196609542,-0.0968354344,9.82462692,-0.00427384023,0.00370019581,0.0066776094,2.99343777,-0.000254631042,1
1660,16.900001,0,0,-0.0177198313,0.00147665257,-0.245724916,0.148311406,0.00348181627,2.97532821,-0.1055988,-0.266881824,9.68332005,-0.00214331108,-0.000560861954,0.00348181627,2.99328518,-0.000254631042,1
1661,16.909976,0,-0.00221497891,0,0.00147665257,-0.0357739739,0.227218688,0.00241655181,2.97532821,-0.218164727,-0.0728852376,9.74080086,-1.27822468e-05,-0.00269139092,0.00241655181,2.99298,-0.000254631042,1
1662,16.919997,0,0.00295330514,-0.00516828429,0.00295330514,-0.175185338,0.221451253,0.00561234495,2.97542429,-0.189424485,-0.209401354,9.75038147,-0.00107804674,-0.000560861954,0.00561234495,2.99267483,-0.000254631042,1
1663,16.929983,0,0.00295330514,-0.0036916316,0.0073832632,-0.099996537,0.206412509,0.00241655181,2.97542429,-0.187029466,-0.132760733,9.80067635,0.0031830112,0.00370019581,0.00241655181,2.99243069,-0.000254631042,1
1664,16.940002,0,-0.0036916316,0.00590661028,-0.00221497891,-0.050293535,0.270939916,0.000286022841,2.97532821,-0.258880049,-0.0944404155,9.85097218,0.00211774674,-0.000560861954,0.000286022841,2.99212551,-0.000254631042,1
1665,16.949995,0,0,-0.00959824212,-0.00221497891,-0.12800546,0.140699014,-0.00184450613,2.97532821,-0.117573902,-0.149525866,9.7312212,-0.00427384023,-0.00375665538,-0.00184450613,2.99182034,-0.000254631042,1
1666,16.959981,0,0,0.0103365686,-0.00221497891,0.0220367461,0.181088805,-0.000779241615,2.97542429,-0.182239428,-0.00821970589,9.74798584,0.00211774674,-0.00162612647,-0.000779241615,2.99151516,-0.000254631042,1
1667,16.969999,0,-0.0036916316,-0.0140281999,0.00295330514,-0.0642293319,0.144559026,0.000286022841,2.97542429,-0.131944016,-0.0872553512,9.80546665,-0.00107804674,0.0015696669,0.000286022841,2.99120998,-0.000254631042,1
1668,16.979975,0,0.00885991566,0,0.0073832632,0.0102711534,0.226774529,0.000286022841,2.97542429,-0.225349784,-0.027379863,9.79109669,-1.27822468e-05,0.000504402502,0.000286022841,2.99096584,-0.000254631042,1
1669,16.989983,0,0.0103365686,0.0073832632,-0.00959824212,-0.0967568904,0.269023061,-0.000779241615,2.97532821,-0.249299973,-0.13994579,9.7791214,-1.27822468e-05,0.000504402502,-0.000779241615,2.9907217,-0.000254631042,1
1670,16.999980,0,0.00885991566,-0.0177198313,0.0132898735,-0.0815112814,0.186312973,-0.00290977047,2.97542429,-0.170264333,-0.111205548,9.88689709,0.00424827542,-0.000560861954,-0.00290977047,2.99041653,-0.000254631042,1
1671,17.009978,0,0.00147665257,0.0169815049,-0.012551547,-0.100362971,0.233187139,-0.00504029961,2.97542429,-0.189424485,-0.127970681,9.86773682,-0.00107804674,0.00263493136,-0.00504029961,2.99011135,-0.000254631042,1
1672,17.019975,0,-0.0036916316,-0.0140281999,0.00442995783,-0.107919477,0.159171909,-0.00504029961,2.97542429,-0.134339035,-0.13994579,9.76954079,-0.00214331108,-0.00269139092,-0.00717082852,2.98980618,-0.000254631042,1
1673,17.029983,0,0,0.00590661028,0,-0.0575258099,0.141014099,-0.00504029961,2.97532821,-0.151104167,-0.104020491,9.75038147,0.00211774674,-0.00375665538,-0.00504029961,2.989501,-0.000254631042,1
1674,17.039980,0,0,0.00442995783,-0.011074895,-0.0575258099,0.141014099,-0.00184450613,2.97532821,-0.141524091,-0.118390612,9.7623558,-1.27822468e-05,-0.00162612647,-0.00290977047,2.98922634,-0.000254631042,1
1675,17.049978,0,0,-0.0140281999,0.0118132206,-0.0850281939,0.194199562,-0.00290977047,2.97532821,-0.184634447,-0.0465400182,9.86773682,-1.27822468e-05,0.0015696669,0.000286022841,2.98907375,-0.000254631042,1
1676,17.059975,0,0,0.0199348107,-0.0251030941,0.0126062213,0.182672173,-0.00184450613,2.97532821,-0.179844409,-0.101625472,9.84618187,-0.00107804674,0.00263493136,0.000286022841,2.98892117,-0.000254631042,1
1677,17.090001,0,-0.00221497891,-0.00516828429,0,-0.0900510177,0.280040294,0.00454708049,2.97532821,-0.261275083,-0.135155752,9.82462692,-0.00107804674,-0.000560861954,0.00241655181,2.9884634,-0.000254631042,1
1678,17.099977,0,0,0.0073832632,-0.0081215892,-0.109375849,0.25171262,0.00135128724,2.97532821,-0.230139822,-0.149525866,9.81025696,0.00105248217,0.00370019581,0.000286022841,2.98831081,-0.000254631042,1
1679,17.109995,0,0,-0.012551547,0.0103365686,-0.0334282443,0.212253973,0.00135128724,2.97532821,-0.203794599,-0.0680951998,9.82462692,-0.00107804674,-0.000560861954,-0.000779241615,2.98815823,-0.000254631042,1
1680,17.119982,0,0,0.0073832632,0.0147665264,-0.0987712666,0.228076458,-0.000779241615,2.97532821,-0.208584651,-0.135155752,9.81025696,0.00105248217,-0.00482191984,-0.000779241615,2.98800564,-0.000254631042,1
1681,17.129999,0,0,0.00147665257,0.0199348107,-0.238557681,0.219963908,0.00135128724,2.97532821,-0.17744939,-0.271671861,9.70487595,-0.00214331108,0.00263493136,0.00135128724,2.98782253,-0.000254631042,1
1682,17.139974,0,0,-0.0206731372,-0.00959824212,-0.091178827,0.302099675,-0.00504029961,2.9752326,-0.282830268,-0.13994579,9.69769096,-1.27822468e-05,0.000504402502,-0.00504029961,2.98766994,-0.000254631042,1
1683,17.150002,0,0,0.0199348107,0.0132898735,-0.167713374,0.178952008,-0.00504029961,2.9752326,-0.148709148,-0.195031241,9.85336685,-0.00107804674,0.00583072472,-0.00504029961,2.98751736,-0.000254631042,1
1684,17.159977,0,0,-0.012551547,-0.00959824212,0.0131261153,0.272442877,-0.00610556407,2.9752326,-0.270855159,-0.0321699008,9.73840618,0.00211774674,0.0015696669,-0.00610556407,2.98736477,-0.000254631042,1
1685,17.169995,0,0,-0.00221497891,0.0147665264,-0.190402225,0.187781423,0.000286022841,2.97450018,-0.153499186,-0.21898143,9.88210678,0.00105248217,0.0015696669,0.000286022841,2.98718166,-0.000254631042,1
1686,17.179981,0,0,0.00442995783,-0.00516828429,0.0756690428,0.138046831,-0.00504029961,2.97450018,-0.148709148,0.0516557842,9.69050598,-1.27822468e-05,-0.00162612647,-0.00504029961,2.98702908,-0.000254631042,1
1687,17.189996,0,0,-0.011074895,0.00147665257,-0.00079017377,0.160637841,-0.000779241615,2.9752326,-0.158289239,-0.027379863,9.70727062,-0.00107804674,0.000504402502,-0.000779241615,2.98687649,-0.000254631042,1
1688,17.199982,0,0.00147665257,0.0103365686,0.00442995783,-0.0897205994,0.122233592,-0.00184450613,2.97440434,-0.1055988,-0.108810529,9.80786133,0.0031830112,-0.000560861954,-0.00184450613,2.9867239,-0.000254631042,1
1689,17.209994,0,0.00147665257,-0.0140281999,-0.00516828429,0.0813306123,0.21481505,-0.000779241615,2.97450018,-0.225349784,0.0444707274,9.67134571,-1.27822468e-05,-0.00375665538,-0.000779241615,2.98657131,-0.000254631042,1
1690,17.220003,0,0.00295330514,0.0132898735,0,-0.164793953,0.195606455,0.00135128724,2.97450018,-0.165474296,-0.195031241,9.8797121,-0.00320857554,-0.00269139092,0.00135128724,2.98641872,-0.000254631042,1
1691,17.229978,0,0.00295330514,0.00442995783,0,-0.0263393447,0.325271398,0.000286022841,2.97450018,-0.316360533,-0.0800702944,9.80546665,-0.00107804674,0.00263493136,0.000286022841,2.98626614,-0.000254631042,1
1692,17.239995,0,-0.00221497891,-0.0155048529,0,-0.126182362,0.208524808,0.00241655181,2.97450018,-0.184634447,-0.159105942,9.90605736,-1.27822468e-05,0.000504402502,0.00241655181,2.98611355,-0.000254631042,1
1693,17.249980,0,0,0.0132898735,0,-0.0834469572,0.230552673,0.000286022841,2.97376776,-0.213374689,-0.120785631,9.81983662,-0.00107804674,-0.00269139092,0.000286022841,2.98596096,-0.000254631042,1
1694,17.259999,0,-0.00221497891,-0.0140281999,-0.0036916316,-0.0798715204,0.210344732,0.00561234495,2.9752326,-0.194214523,-0.113600567,9.72882557,-1.27822468e-05,0.000504402502,0.00561234495,2.98583889,-0.000254631042,1
1695,17.269984,0,0,0.00442995783,0,-0.154578954,0.184168145,0.00561234495,2.97450018,-0.15589422,-0.183056146,9.74559116,0.00105248217,0.00370019581,0.00561234495,2.9856863,-0.000254631042,1
1696,17.280004,0,-0.00221497891,0.00590661028,0,0.000587255112,0.211428344,0.00348181627,2.97459579,-0.208584651,-0.0345649198,9.69529533,-0.00107804674,0.0015696669,0.00348181627,2.98553371,-0.000254631042,1
1697,17.289978,0,0,-0.0191964842,-0.00221497891,-0.109670348,0.205726042,0.00135128724,2.97459579,-0.184634447,-0.142340809,9.8797121,-1.27822468e-05,-0.00162612647,0.00135128724,2.98538113,-0.000254631042,1
1698,17.299995,0,0,0.0169815049,-0.00221497891,-0.0844609141,0.211191788,0.00241655181,2.97459579,-0.194214523,-0.118390612,9.83899689,-0.00107804674,-0.00162612647,0.00241655181,2.98522854,-0.000254631042,1
1699,17.309981,0,0,-0.0155048529,-0.00664493674,-0.101710923,0.180193052,0.00135128724,2.97386336,-0.160684258,-0.1303657,9.70008564,0.00105248217,0.000504402502,0.00135128724,2.98507595,-0.000254631042,1
1700,17.319997,0,0,-0.0036916316,0.0073832632,-0.0860802531,0.187176675,0.00135128724,2.97459579,-0.170264333,-0.115995586,9.73601055,-0.00320857554,0.000504402502,0.00135128724,2.98492336,-0.000254631042,1
1701,17.329973,0,0,0.00885991566,0.00147665257,-0.0314438082,0.136677042,0.00135128724,2.97459579,-0.129548997,-0.0537250787,9.73361588,-0.00107804674,-0.00588718429,0.00135128724,2.98477077,-0.000254631042,1
1702,17.340001,0,0,-0.0177198313,-0.0036916316,-0.112855181,0.186832428,-0.00184450613,2.97459579,-0.165474296,-0.142340809,9.78151608,-0.00214331108,-0.000560861954,-0.00184450613,2.98461819,-0.000254631042,1
1703,17.349975,0,0,0.0169815049,-0.0036916316,-0.103381455,0.199808314,0.00135128724,2.97459579,-0.179844409,-0.135155752,9.76475143,-1.27822468e-05,0.00263493136,0.00135128724,2.9844656,-0.000254631042,1
1704,17.360001,0,0,-0.0155048529,0,-0.0655403808,0.222575277,0.00348181627,2.97459579,-0.208584651,-0.101625472,9.85815716,-1.27822468e-05,0.0015696669,0.00348181627,2.98431301,-0.000254631042,1
1705,17.369975,0,0,0.00295330514,0,-0.0473375544,0.258376479,0.00241655181,2.97450018,-0.246904954,-0.0896503702,9.7791214,-0.00214331108,-0.00269139092,0.00241655181,2.98416042,-0.000254631042,1
1706,17.380001,0,0,0.00885991566,0,-0.0167139377,0.224059984,0.00348181627,2.97459579,-0.218164727,-0.0537250787,9.75038147,0.00105248217,0.000504402502,0.00348181627,2.98400784,-0.000254631042,1
1707,17.389999,0,0,-0.0206731372,-0.00221497891,-0.0719023272,0.199349433,0.00241655181,2.97469187,-0.184634447,-0.104020491,9.7791214,0.0031830112,-0.00162612647,0.00241655181,2.98385525,-0.000254631042,1
1708,17.399976,0,0,0.0214114618,0,-0.0880438536,0.189936489,0.00348181627,2.97459579,-0.172659352,-0.118390612,9.75996113,0.00105248217,0.0015696669,0.00348181627,2.98370266,-0.000254631042,1
1709,17.410000,0,0,-0.0177198313,-0.00516828429,-0.107787535,0.159261301,0.000286022841,2.97459579,-0.139129072,-0.132760733,9.80067635,-0.00320857554,0.0015696669,0.000286022841,2.98355007,-0.000254631042,1
1710,17.419974,0,0,0.00147665257,0.00147665257,-0.0459313393,0.18040891,0.000286022841,2.97459579,-0.170264333,-0.0752802566,9.77672672,-1.27822468e-05,-0.00375665538,0.000286022841,2.98339748,-0.000254631042,1
1711,17.429999,0,0,0.0103365686,0.00442995783,-0.0218823981,0.207924053,0.00241655181,2.97469187,-0.20139958,-0.0561200976,9.75996113,0.00105248217,0.000504402502,0.00241655181,2.9832449,-0.000254631042,1
1712,17.439975,0,0,-0.0206731372,0.00295330514,-0.10012985,0.189629048,0.000286022841,2.97395945,-0.170264333,-0.1303657,9.84139156,-1.27822468e-05,-0.000560861954,0.000286022841,2.98309231,-0.000254631042,1
1713,17.450000,0,0,0.0184581578,0,-0.0840628147,0.213553488,-0.000779241615,2.97459579,-0.196609542,-0.118390612,9.80786133,0.00105248217,-0.00162612647,-0.000779241615,2.98293972,-0.000254631042,1
1714,17.459974,0,0,-0.00221497891,-0.00221497891,-0.0597034357,0.185159236,0.000286022841,2.97459579,-0.21097967,-0.108810529,9.76954079,-0.00107804674,-0.000560861954,0.00135128724,2.98278713,-0.000254631042,1
1715,17.470002,0,0,-0.0206731372,0,-0.0838687792,0.228183299,0.00135128724,2.97386336,-0.184634447,-0.0704902187,9.81025696,-0.00107804674,0.000504402502,-0.000779241615,2.98263454,-0.000254631042,1
1716,17.479975,0,0,0.0214114618,-0.00516828429,-0.0728989989,0.206893012,0.000286022841,2.97386336,-0.230139822,-0.0680951998,9.83660221,-0.00107804674,0.000504402502,0.00135128724,2.98248196,-0.000254631042,1
1717,17.490000,0,0,-0.0251030941,-0.0036916316,-0.0660461783,0.161940321,0.00241655181,2.97459579,-0.189424485,-0.0657001734,9.79349136,-0.00107804674,0.00263493136,0.00135128724,2.98232937,-0.000254631042,1
1718,17.499996,0,0,0.0103365686,0,-0.0183602106,0.185476556,0.00348181627,2.97459579,-0.17744939,-0.0992304534,9.78630638,0.00211774674,-0.00162612647,0.00241655181,2.98217678,-0.000254631042,1
1719,17.509983,0,0,0.0103365686,0,-0.0422945432,0.230800837,-0.000779241615,2.97459579,-0.187029466,-0.137550771,9.7623558,-0.00107804674,0.000504402502,0.00241655181,2.98202419,-0.000254631042,1
1720,17.519980,0,0,-0.0251030941,0,-0.0424022526,0.172527596,0.00348181627,2.97459579,-0.163079277,-0.101625472,9.73361588,-0.00214331108,0.0015696669,0.00135128724,2.9818716,-0.000254631042,1
1721,17.529977,0,0,0.0258414224,0.00147665257,-0.116491981,0.136440501,0.00135128724,2.97459579,-0.115178876,-0.137550771,9.85815716,0.00105248217,-0.00162612647,0.00348181627,2.98171902,-0.000254631042,1
1722,17.539974,0,0,-0.012551547,0,-0.0315931402,0.192611769,0.00135128724,2.97386336,-0.184634447,-0.0633051544,9.80546665,-0.00320857554,-0.00269139092,0.00135128724,2.98156643,-0.000254631042,1
1723,17.549981,0,0,-0.0206731372,0.00147665257,-0.102585249,0.204531729,0.00241655181,2.97459579,-0.184634447,-0.135155752,9.7623558,0.00211774674,0.000504402502,0.00454708049,2.98141384,-0.000254631042,1
1724,17.559977,0,0,0.0273180734,0.00147665257,-0.0487180725,0.163876995,0.00454708049,2.97459579,-0.153499186,-0.0752802566,9.80067635,-1.27822468e-05,0.00583072472,0.00454708049,2.98126125,-0.000254631042,1
1725,17.569974,0,0,-0.011074895,-0.00221497891,-0.0974906534,0.191528901,0.00135128724,2.97459579,-0.172659352,-0.127970681,9.76714611,-1.27822468e-05,-0.00269139092,0.00135128724,2.98110867,-0.000254631042,1
1726,17.579981,0,0,-0.0191964842,-0.00221497891,-0.0475237556,0.17096211,0.00135128724,2.97459579,-0.160684258,-0.0752802566,9.78391171,0.00105248217,-0.000560861954,0.00135128724,2.98095608,-0.000254631042,1
1727,17.589979,0,0,0.0147665264,-0.00221497891,-0.069919534,0.196596563,0.00348181627,2.97459579,-0.182239428,-0.101625472,9.79349136,-1.27822468e-05,-0.000560861954,0.00348181627,2.98080349,-0.000254631042,1
1728,17.620004,0,0,0.0103365686,0.00295330514,-0.0172354858,0.163423374,0.00135128724,2.97469187,-0.158289239,-0.0441449992,9.7623558,-0.00107804674,0.0015696669,0.00135128724,2.98034573,-0.000254631042,1
1729,17.629979,0,0,-0.0206731372,0.00295330514,-0.0470402502,0.231592506,0.00135128724,2.97469187,-0.220559746,-0.0848603323,9.81744194,0.00105248217,-0.000560861954,0.00135128724,2.98019314,-0.000254631042,1
1730,17.640000,0,0,0.0184581578,0.00590661028,-0.15764001,0.179928407,0.00135128724,2.97395945,-0.151104167,-0.185451165,9.8749218,0.00211774674,0.000504402502,0.00135128724,2.98007107,-0.000254631042,1
1731,17.650002,0,0,-0.011074895,0.0073832632,-0.110536955,0.17185536,-0.000779241615,2.97469187,-0.151104167,-0.137550771,9.86294651,-0.00107804674,0.000504402502,-0.000779241615,2.97991848,-0.000254631042,1
1732,17.659976,0,0,-0.00959824212,0.00147665257,-0.0731043667,0.177702948,-0.00610556407,2.97459579,-0.163079277,-0.101625472,9.79828167,-0.00107804674,0.000504402502,-0.00610556407,2.97976589,-0.000254631042,1
1733,17.669994,0,0,0.0118132206,0.00590661028,-0.0820992067,0.210793689,-0.00610556407,2.97459579,-0.194214523,-0.115995586,9.86294651,-0.00107804674,0.0015696669,-0.00610556407,2.9796133,-0.000254631042,1
1734,17.679980,0,0,-0.0206731372,0.00590661028,-0.0923224166,0.207671508,-0.0124971503,2.97450018,-0.189424485,-0.125575662,9.8318119,-0.00107804674,0.00263493136,-0.0124971503,2.97946072,-0.000254631042,1
1735,17.690002,0,0,0.0184581578,0.00147665257,-0.0812805146,0.157311186,-0.00823609252,2.97376776,-0.141524091,-0.10641551,9.80307102,-0.00107804674,-0.00269139092,-0.00823609252,2.97930813,-0.000254631042,1
1736,17.699977,0,0.00147665257,-0.0081215892,0.00442995783,-0.0379367284,0.169401154,-0.00717082852,2.97376776,-0.160684258,-0.0657001734,9.80546665,-0.00533910468,0.00370019581,-0.00717082852,2.97918606,-0.000254631042,1
1737,17.710003,0,0.00147665257,-0.011074895,0.00147665257,-0.0052386187,0.176007226,-0.00184450613,2.97376776,-0.172659352,-0.0345649198,9.76714611,-1.27822468e-05,0.0015696669,-0.00184450613,2.97903347,-0.000254631042,1
1738,17.719976,0,0.00147665257,0.0169815049,0,-0.0419308394,0.204029903,0.00135128724,2.97450018,-0.194214523,-0.0752802566,9.77672672,-1.27822468e-05,0.0015696669,0.00135128724,2.97903347,-0.000254631042,1
1739,17.730001,0,0.00147665257,-0.0236264411,0,-0.0334581174,0.224512786,0.00241655181,2.97376776,-0.215769708,-0.0704902187,9.81744194,0.00105248217,0.00263493136,0.00241655181,2.97903347,-0.000254631042,1
1740,17.740000,0,-0.00221497891,0.0214114618,0,-0.0968326703,0.223116755,0.00561234495,2.97367191,-0.203794599,-0.132760733,9.85815716,-0.00214331108,-0.00162612647,0.00561234495,2.97903347,-0.000254631042,1
1741,17.749975,0,-0.00221497891,-0.00221497891,-0.00221497891,-0.0633558109,0.234436303,0.00348181627,2.97376776,-0.220559746,-0.101625472,9.74559116,-0.00107804674,-0.00269139092,0.00348181627,2.97903347,-0.000254631042,1
1742,17.759998,0,0,-0.0206731372,-0.00221497891,-0.0929521695,0.217575744,0.00774287386,2.97386336,-0.199004561,-0.127970681,9.76475143,-0.00107804674,-0.00162612647,0.00774287386,2.97903347,-0.000254631042,1
1743,17.769984,0,-0.00221497891,0.0228881147,-0.00516828429,-0.105996318,0.197922409,0.00454708049,2.97386336,-0.17744939,-0.137550771,9.8270216,0.00105248217,-0.00269139092,0.00454708049,2.97903347,-0.000254631042,1
1744,17.780000,0,-0.00221497891,-0.0251030941,-0.00221497891,-0.0513968691,0.147382766,0.00454708049,2.97386336,-0.136734053,-0.0752802566,9.77433109,-1.27822468e-05,-0.000560861954,0.00454708049,2.97903347,-0.000254631042,1
1745,17.789974,0,-0.00221497891,0.0184581578,0,-0.120602213,0.18339172,0.00241655181,2.97386336,-0.160684258,-0.149525866,9.80786133,0.00105248217,-0.00162612647,0.00241655181,2.97903347,-0.000254631042,1
1746,17.800001,0,0,0.00885991566,0,-0.0886860415,0.199837849,0.00135128724,2.97395945,-0.182239428,-0.120785631,9.69050598,-0.00214331108,-0.000560861954,0.00135128724,2.97894192,-0.000254631042,1
1747,17.809994,0,0,-0.0236264411,0,-0.0615836792,0.173389941,-0.00184450613,2.97395945,-0.160684258,-0.0896503702,9.80307102,-0.00214331108,0.0015696669,-0.00184450613,2.97878933,-0.000254631042,1
1748,17.820003,0,0,0.0258414224,0,-0.065052703,0.195848048,-0.00184450613,2.97386336,-0.182239428,-0.0968354344,9.80546665,0.00105248217,0.000504402502,-0.00184450613,2.97866726,-0.000254631042,1
1749,17.829978,0,0,-0.0140281999,0,0.00190401345,0.203943789,-0.000779241615,2.97386336,-0.20139958,-0.0321699008,9.73601055,0.00211774674,-0.000560861954,-0.000779241615,2.97851467,-0.000254631042,1
1750,17.840004,0,0,0.00590661028,0.00147665257,-0.0596429966,0.156066328,-0.000779241615,2.97386336,-0.14391911,-0.0848603323,9.80067635,-0.00107804674,-0.000560861954,-0.000779241615,2.97842312,-0.000254631042,1
1751,17.849978,0,0.00147665257,0.00885991566,0,-0.0378776975,0.198534101,0.00135128724,2.97386336,-0.189424485,-0.0704902187,9.80067635,-1.27822468e-05,0.0015696669,0.00135128724,2.97833157,-0.000254631042,1
1752,17.859995,0,0.00147665257,-0.0206731372,0,-0.0728989989,0.206893012,0.000286022841,2.97386336,-0.191819504,-0.10641551,9.8318119,-0.00214331108,0.0015696669,0.000286022841,2.97830105,-0.000254631042,1
1753,17.870002,0,0,0.0199348107,0,-0.0700330362,0.194337651,0.00135128724,2.97313094,-0.179844409,-0.101625472,9.87252712,-1.27822468e-05,-0.000560861954,0.00135128724,2.97827053,-0.000254631042,1
1754,17.879976,0,0,-0.0221497901,0,-0.0910112858,0.214805737,0.00348181627,2.97395945,-0.196609542,-0.125575662,9.80786133,-0.00107804674,-0.00162612647,0.00348181627,2.97827053,-0.000254631042,1
1755,17.890002,0,-0.00221497891,0.0169815049,0,-0.111805856,0.235342711,0.00561234495,2.97386336,-0.213374689,-0.149525866,9.71685123,0.00211774674,0.00263493136,0.00561234495,2.97827053,-0.000254631042,1
1756,17.899979,0,-0.00221497891,0.0073832632,-0.00221497891,-0.059440881,0.243470341,0.00348181627,2.97386336,-0.179844409,-0.10641551,9.78151608,-1.27822468e-05,0.0015696669,0.00348181627,2.97827053,-0.000254631042,1
1757,17.909999,0,0,-0.0177198313,0,-0.0827643201,0.20612298,0.00241655181,2.97395945,-0.196609542,-0.0944404155,9.80546665,-0.00214331108,-0.00269139092,0.000286022841,2.97827053,-0.000254631042,1
1758,17.919974,0,-0.00221497891,0.0169815049,0,-0.0988586619,0.225849971,0.00135128724,2.97395945,-0.220559746,-0.118390612,9.77672672,0.00211774674,0.00263493136,0.000286022841,2.97824001,-0.000254631042,1
1759,17.929994,0,0,-0.0177198313,0,-0.102164082,0.163253501,-0.00184450613,2.97395945,-0.194214523,-0.118390612,9.88450241,-1.27822468e-05,0.0015696669,0.000286022841,2.97814846,-0.000254631042,1
1760,17.939980,0,0,0.0132898735,0,-0.0587864332,0.189920068,-0.000779241615,2.97395945,-0.222954765,-0.111205548,9.82462692,0.00105248217,0.00263493136,-0.000779241615,2.97811794,-0.000254631042,1
1761,17.950000,0,0,-0.0036916316,0,-0.0469792001,0.187922031,-0.000779241615,2.97395945,-0.203794599,-0.101625472,9.79349136,0.00105248217,-0.00269139092,-0.00290977047,2.97799587,-0.000254631042,1
1762,17.959973,0,0,-0.0155048529,0,-0.0808748677,0.174225345,-0.00184450613,2.97395945,-0.158289239,-0.0609101392,9.7791214,-1.27822468e-05,0.0015696669,-0.000779241615,2.97790432,-0.000254631042,1
1763,17.969999,0,0,0.0147665264,0,-0.0607297122,0.192686975,0.00135128724,2.97386336,-0.179844409,-0.0872553512,9.80067635,-0.00107804674,-0.00162612647,0.00135128724,2.9778738,-0.000254631042,1
1764,17.979994,0,0,-0.0191964842,0,-0.0588433295,0.160789147,0.00135128724,2.97386336,-0.148709148,-0.0848603323,9.75756645,0.00211774674,0.0015696669,0.00348181627,2.9778738,-0.000254631042,1
1765,17.989980,0,0,0.0199348107,0,-0.0336299092,0.166236445,0.000286022841,2.97386336,-0.158289239,-0.0609101392,9.75996113,-1.27822468e-05,0.00263493136,0.00135128724,2.9778738,-0.000254631042,1
1766,17.999999,0,0,-0.0155048529,0,-0.0276323967,0.201657578,0.00454708049,2.97386336,-0.194214523,-0.0609101392,9.85576153,-1.27822468e-05,-0.000560861954,0.00241655181,2.9778738,-0.000254631042,1
1767,18.009974,0,0,0.00442995783,0,-0.0763847157,0.229345202,0.00241655181,2.97386336,-0.213374689,-0.113600567,9.8270216,0.0031830112,0.0015696669,0.00241655181,2.9778738,-0.000254631042,1
1768,18.019999,0,0,0.00442995783,0,-0.0494492278,0.144616768,0.000286022841,2.97395945,-0.134339035,-0.0728852376,9.75996113,-0.00107804674,-0.00162612647,0.000286022841,2.97784328,-0.000254631042,1
1769,18.029974,0,0,-0.0140281999,0,-0.0611478798,0.190319672,0.00454708049,2.97395945,-0.17744939,-0.0920453891,9.79349136,0.00105248217,0.000504402502,0.00454708049,2.97781277,-0.000254631042,1
1770,18.039982,0,0,0.0132898735,0,-0.0657395795,0.234830096,-0.000779241615,2.97386336,-0.220559746,-0.104020491,9.78630638,-1.27822468e-05,-0.00269139092,-0.000779241615,2.97778225,-0.000254631042,1
1771,18.049979,0,0,-0.0177198313,-0.00221497891,-0.0966057777,0.181745484,0.00135128724,2.97395945,-0.163079277,-0.125575662,9.75038147,-1.27822468e-05,0.000504402502,0.00135128724,2.97775173,-0.000254631042,1
1772,18.059975,0,0,0.0132898735,0,-0.0662703887,0.188757449,-0.000779241615,2.97395945,-0.175054371,-0.0968354344,9.76954079,0.00105248217,0.0015696669,-0.000779241615,2.97766018,-0.000254631042,1
1773,18.069974,0,0,-0.0036916316,0,-0.0264530014,0.208739251,-0.000779241615,2.97395945,-0.20139958,-0.0609101392,9.78630638,-0.00214331108,-0.000560861954,-0.000779241615,2.97762966,-0.000254631042,1
1774,18.079982,0,0,-0.0081215892,0,-0.048577629,0.178476244,0.000286022841,2.97395945,-0.167869315,-0.0776752755,9.79828167,0.00211774674,0.00263493136,0.000286022841,2.97762966,-0.000254631042,1
1775,18.089979,0,0,0.0118132206,0,-0.0504844151,0.195810452,0.000286022841,2.97386336,-0.184634447,-0.0824653134,9.74080086,-0.00107804674,-0.000560861954,0.000286022841,2.97762966,-0.000254631042,1
1776,18.099976,0,0,-0.0191964842,0,-0.0630735382,0.207649022,0.00348181627,2.97395945,-0.194214523,-0.0968354344,9.76954079,0.00105248217,-0.00269139092,0.00348181627,2.97756863,-0.000254631042,1
1777,18.109978,0,0,0.0169815049,0,-0.0714290813,0.172626927,0.00135128724,2.97395945,-0.158289239,-0.0992304534,9.81265163,-0.00107804674,0.000504402502,0.00135128724,2.97756863,-0.000254631042,1
1778,18.119997,0,0,-0.0155048529,0,-0.111174084,0.181781679,0.000286022841,2.97395945,-0.160684258,-0.13994579,9.81504631,0.00105248217,-0.000560861954,0.000286022841,2.97756863,-0.000254631042,1
1779,18.129982,0,0,0.0103365686,0,-0.0937361419,0.227412209,0.00241655181,2.97395945,-0.208584651,-0.1303657,9.74319553,-1.27822468e-05,0.000504402502,0.00241655181,2.97756863,-0.000254631042,1
1780,18.140004,0,0,-0.0081215892,0,-0.0700854883,0.237984419,0.000286022841,2.97395945,-0.222954765,-0.108810529,9.65937042,-1.27822468e-05,0.0015696669,0.000286022841,2.97756863,-0.000254631042,1
1781,18.149978,0,0,-0.0036916316,0,-0.0501760542,0.169030458,0.00348181627,2.97395945,-0.158289239,-0.0776752755,9.76475143,0.00211774674,-0.000560861954,0.00348181627,2.97756863,-0.000254631042,1
1782,18.159999,0,0,0.00442995783,0,-0.0661979988,0.217894018,0.00135128724,2.97395945,-0.203794599,-0.101625472,9.82223129,-0.00107804674,0.0015696669,0.00135128724,2.97756863,-0.000254631042,1
1783,18.169984,0,0,-0.00959824212,0,-0.0517020933,0.188721254,0.00241655181,2.97395945,-0.17744939,-0.0824653134,9.79588604,-1.27822468e-05,0.00263493136,0.00241655181,2.97756863,-0.000254631042,1
1784,18.180003,0,0.00147665257,0.0103365686,0,-0.0748660564,0.224208176,0.00348181627,2.97405529,-0.208584651,-0.111205548,9.86294651,-1.27822468e-05,-0.000560861954,0.00348181627,2.97756863,-0.000254631042,1
1785,18.190011,0,0.00147665257,-0.0140281999,0.00147665257,-0.065362595,0.23718521,0.00135128724,2.97395945,-0.222954765,-0.104020491,9.84139156,-1.27822468e-05,0.000504402502,0.00135128724,2.97756863,-0.000254631042,1
1786,18.199998,0,0,0.0103365686,0,-0.0753165707,0.192717314,0.000286022841,2.97395945,-0.17744939,-0.10641551,9.83660221,-1.27822468e-05,-0.00162612647,0.000286022841,2.97756863,-0.000254631042,1
1787,18.210000,0,0,-0.00221497891,0,-0.11771404,0.243615106,0.000286022841,2.97395945,-0.220559746,-0.156710923,9.80546665,-1.27822468e-05,-0.000560861954,0.000286022841,2.97756863,-0.000254631042,1
1788,18.219974,0,0,-0.0081215892,0,-0.054535538,0.157622814,-0.000779241615,2.97395945,-0.146314129,-0.0800702944,9.81025696,-1.27822468e-05,0.00263493136,-0.000779241615,2.97756863,-0.000254631042,1
1789,18.229999,0,0,0.0103365686,0,-0.0654897094,0.193474054,0.00241655181,2.97405529,-0.179844409,-0.0968354344,9.81265163,-1.27822468e-05,-0.00162612647,0.00241655181,2.97756863,-0.000254631042,1
1790,18.239973,0,0,-0.0140281999,0,-0.057188008,0.199365854,0.00348181627,2.97395945,-0.187029466,-0.0896503702,9.8270216,-1.27822468e-05,-0.000560861954,0.00348181627,2.97756863,-0.000254631042,1
1791,18.249995,0,0,0.0132898735,0,-0.114226162,0.221163258,0.00454708049,2.97395945,-0.199004561,-0.149525866,9.79828167,-0.00107804674,0.0015696669,0.00454708049,2.97756863,-0.000254631042,1
1792,18.259981,0,0,-0.0140281999,0,-0.0654349849,0.208048627,-0.000779241615,2.97395945,-0.194214523,-0.0992304534,9.82462692,-0.00214331108,-0.000560861954,-0.000779241615,2.97756863,-0.000254631042,1
1793,18.270000,0,0,0.0103365686,0,-0.0332101174,0.183162943,0.00348181627,2.97395945,-0.175054371,-0.0633051544,9.75517082,-0.00107804674,0.000504402502,0.00348181627,2.97753811,-0.000254631042,1
1794,18.280001,0,0,-0.00221497891,0,-0.0741539374,0.185233369,0.00135128724,2.97395945,-0.170264333,-0.104020491,9.75756645,0.00105248217,0.00263493136,0.00135128724,2.97750759,-0.000254631042,1
1795,18.289975,0,0,-0.011074895,0,-0.0260533951,0.211100698,0.00241655181,2.97395945,-0.203794599,-0.0609101392,9.85815716,-1.27822468e-05,0.0015696669,0.00241655181,2.97750759,-0.000254631042,1
1796,18.300000,0,0,0.0118132206,0,-0.05406354,0.189120859,0.00135128724,2.97395945,-0.17744939,-0.0848603323,9.75756645,0.00105248217,-0.00162612647,0.00135128724,2.97750759,-0.000254631042,1
1797,18.309974,0,0,-0.0177198313,0,-0.0513216779,0.176519349,0.00241655181,2.97386336,-0.165474296,-0.0800702944,9.7791214,-0.00214331108,-0.00162612647,0.00241655181,2.97750759,-0.000254631042,1
1798,18.319994,0,0,0.0184581578,0,-0.0423134789,0.157990307,0.00135128724,2.97386336,-0.148709148,-0.0680951998,9.78151608,0.00105248217,0.000504402502,0.00135128724,2.97750759,-0.000254631042,1
1799,18.329980,0,0,-0.011074895,0,-0.0445453674,0.216659009,0.00241655181,2.97395945,-0.206189632,-0.0800702944,9.80067635,-0.00107804674,0.000504402502,0.00241655181,2.97750759,-0.000254631042,1
1800,18.339999,0,0,-0.00221497891,0,-0.0339220501,0.217488289,0.000286022841,2.97405529,-0.203794599,-0.0992304534,9.84139156,-0.00107804674,-0.00162612647,0.000286022841,2.97747707,-0.000254631042,1
1801,18.349974,0,0,0.0073832632,0,-0.0264891908,0.194170967,0.00135128724,2.97395945,-0.148709148,-0.113600567,9.80546665,-1.27822468e-05,-0.000560861954,0.00348181627,2.97747707,-0.000254631042,1
1802,18.360004,0,0,-0.0155048529,0,-0.0350036696,0.244200528,0.000286022841,2.97386336,-0.206189632,-0.125575662,9.80786133,-0.00107804674,-0.000560861954,0.00135128724,2.97747707,-0.000254631042,1
1803,18.369978,0,0,0.0184581578,0,-0.0788044482,0.215169162,0.00135128724,2.97395945,-0.194214523,-0.104020491,9.79828167,0.00211774674,-0.00269139092,-0.000779241615,2.97747707,-0.000254631042,1
1804,18.380004,0,0,-0.0177198313,0,-0.091119878,0.17110087,0.00135128724,2.97395945,-0.179844409,-0.0704902187,9.71924591,-0.00107804674,0.0015696669,0.000286022841,2.97741604,-0.000254631042,1
1805,18.390001,0,0,0.0073832632,0,-0.0533367172,0.164707154,0.00135128724,2.97395945,-0.119968921,-0.101625472,9.79349136,0.00105248217,0.00263493136,0.00135128724,2.97741604,-0.000254631042,1
1806,18.399976,0,0,0.00295330514,0,-0.0421839207,0.216259405,0.00135128724,2.97395945,-0.225349784,-0.115995586,9.75517082,-1.27822468e-05,-0.00269139092,0.00241655181,2.97741604,-0.000254631042,1
1807,18.409974,0,0,-0.0140281999,0,-0.0618385188,0.229301661,0.000286022841,2.97395945,-0.215769708,-0.0992304534,9.78630638,-1.27822468e-05,-0.00162612647,0.00241655181,2.97741604,-0.000254631042,1
1808,18.419983,0,0,0.0132898735,0,-0.0788044482,0.215169162,0.00241655181,2.97395945,-0.199004561,-0.113600567,9.79109669,-1.27822468e-05,0.0015696669,0.00348181627,2.97741604,-0.000254631042,1
1809,18.429980,0,0,-0.0206731372,0,-0.0717924908,0.184833765,0.00241655181,2.97395945,-0.170264333,-0.101625472,9.79588604,0.00105248217,0.000504402502,0.00241655181,2.97741604,-0.000254631042,1
1810,18.439976,0,0,0.0184581578,0,-0.1063186,0.181060389,0.00241655181,2.97322702,-0.160684258,-0.135155752,9.76475143,-1.27822468e-05,-0.000560861954,0.00241655181,2.97741604,-0.000254631042,1
1811,18.449974,0,0,-0.0140281999,0,-0.0462161824,0.17807664,0.00135128724,2.97395945,-0.167869315,-0.0752802566,9.74798584,0.00105248217,0.000504402502,0.00135128724,2.97741604,-0.000254631042,1
1812,18.459981,0,0,-0.0177198313,0,-0.0599300452,0.197409779,0.000286022841,2.97386336,-0.184634447,-0.0920453891,9.75277615,0.00105248217,-0.00162612647,0.000286022841,2.97741604,-0.000254631042,1
1813,18.469977,0,0,0.0169815049,0,-0.0599676408,0.182841495,-0.000779241615,2.97386336,-0.170264333,-0.0896503702,9.80546665,-0.00107804674,-0.00162612647,-0.000779241615,2.97738552,-0.000254631042,1
1814,18.479973,0,0,-0.0251030941,0,-0.0772784054,0.195478365,0.00135128724,2.97395945,-0.179844409,-0.108810529,9.81983662,0.0031830112,0.00370019581,0.00135128724,2.977355,-0.000254631042,1
1815,18.670001,0,0.00147665257,-0.012551547,0.00147665257,-0.0575370342,0.167910025,0.00135128724,2.97322702,-0.15589422,-0.0848603323,9.75756645,0.00105248217,-0.000560861954,0.00135128724,2.97701931,-0.000254631042,1
1816,18.679976,0,0,-0.0036916316,-0.00221497891,-0.0960380659,0.242389351,0.00135128724,2.97386336,-0.222954765,-0.135155752,9.80786133,-0.00107804674,0.00263493136,0.00135128724,2.97701931,-0.000254631042,1
1817,18.689999,0,0,0.00885991566,0,-0.0866676196,0.211653426,0.000286022841,2.97386336,-0.194214523,-0.120785631,9.75996113,-0.00214331108,-0.000560861954,0.000286022841,2.97701931,-0.000254631042,1
1818,18.699974,0,0.00442995783,-0.0155048529,0,-0.0644799024,0.212818801,0.00135128724,2.97322702,-0.199004561,-0.0992304534,9.76954079,-0.00107804674,-0.000560861954,0.00135128724,2.97698879,-0.000254631042,1
1819,18.709996,0,0.0132898735,0.0169815049,0,-0.0861521438,0.214061409,0.00135128724,2.97332287,-0.196609542,-0.120785631,9.76475143,-1.27822468e-05,0.00263493136,0.00135128724,2.97698879,-0.000254631042,1
1820,18.719997,0,0.0073832632,-0.0155048529,0,-0.0421925299,0.286770374,-0.00290977047,2.97322702,-0.275645196,-0.0896503702,9.80546665,-1.27822468e-05,0.00263493136,-0.00290977047,2.97695827,-0.000254631042,1
1821,18.729982,0,-0.00221497891,0.00590661028,0,-0.157010987,0.111824974,-0.00504029961,2.97386336,-0.084043622,-0.173476055,9.8270216,0.00105248217,0.0015696669,-0.00504029961,2.97680569,-0.000254631042,1
1822,18.740005,0,0,0.00590661028,0.00442995783,-0.0606851019,0.163594872,-0.00397503516,2.97313094,-0.151104167,-0.0872553512,9.75517082,-1.27822468e-05,-0.00375665538,-0.00397503516,2.97671413,-0.000254631042,1
1823,18.749979,0,0,-0.0221497901,0.0073832632,-0.0738512278,0.114807479,-0.00397503516,2.97322702,-0.100808762,-0.0920453891,9.71685123,0.00105248217,-0.00375665538,-0.00397503516,2.9766531,-0.000254631042,1
1824,18.759996,0,0.00147665257,0.0228881147,0.00147665257,-0.0784798115,0.144746676,-0.00504029961,2.97322702,-0.129548997,-0.101625472,9.75277615,0.00105248217,-0.00162612647,-0.00504029961,2.97656155,-0.000254631042,1
1825,18.769982,0,0.00147665257,-0.0236264411,0.00295330514,-0.0912347957,0.212519974,-0.00610556407,2.97313094,-0.194214523,-0.125575662,9.84139156,0.00105248217,0.0015696669,-0.00610556407,2.97640896,-0.000254631042,1
1826,18.779994,0,0,0.00885991566,0.00442995783,-0.10703782,0.190926865,-0.00610556407,2.97303534,-0.170264333,-0.137550771,9.84618187,-0.00214331108,0.000504402502,-0.00610556407,2.97625637,-0.000254631042,1
1827,18.789980,0,0,0.0214114618,0.00442995783,-0.0350497849,0.171388179,-0.00717082852,2.97303534,-0.254090011,-0.0680951998,9.74319553,-0.00214331108,-0.00375665538,-0.00717082852,2.97610378,-0.000254631042,1
1828,18.800002,0,0,-0.0295330528,0.00147665257,-0.012797894,0.230767235,-0.00823609252,2.97303534,-0.254090011,-0.0752802566,9.77672672,0.00105248217,-0.000560861954,-0.00717082852,2.97595119,-0.000254631042,1
1829,18.810002,0,0.00147665257,0.0214114618,0.00295330514,-0.0656640977,0.205741659,-0.00504029961,2.97313094,-0.20139958,-0.101625472,9.80307102,-1.27822468e-05,0.0015696669,-0.00610556407,2.97592068,-0.000254631042,1
1830,18.819976,0,0.00147665257,0.00295330514,0,-0.0180211496,0.200073227,-0.000779241615,2.97303534,-0.20139958,-0.0752802566,9.74559116,-1.27822468e-05,-0.000560861954,-0.00397503516,2.97592068,-0.000254631042,1
1831,18.829999,0,0,-0.0221497901,0,-0.0714726895,0.228604779,0.00241655181,2.97303534,-0.187029466,-0.0944404155,9.80546665,-0.00107804674,-0.00269139092,0.00241655181,2.97592068,-0.000254631042,1
1832,18.839973,0,0,0.0258414224,0,-0.107240975,0.246838793,0.00241655181,2.97303534,-0.23492986,-0.0968354344,9.81025696,0.00105248217,0.000504402502,0.00348181627,2.97592068,-0.000254631042,1
1833,18.850000,0,0,-0.026579747,-0.00221497891,-0.120531544,0.283096671,0.00454708049,2.97313094,-0.258880049,-0.166290998,9.79588604,-0.00214331108,-0.000560861954,0.00454708049,2.97592068,-0.000254631042,1
1834,18.859975,0,0,0.0184581578,0,-0.0809389502,0.23020421,0.0066776094,2.97313094,-0.213374689,-0.118390612,9.81983662,-0.00107804674,0.0015696669,0.00454708049,2.97592068,-0.000254631042,1
1835,18.869998,0,0,0.0228881147,0,-0.0824969336,0.235328004,0.00561234495,2.97313094,-0.218164727,-0.120785631,9.79349136,-1.27822468e-05,0.000504402502,0.00454708049,2.97592068,-0.000254631042,1
1836,18.879973,0,0,-0.0310097057,-0.00221497891,-0.0802053139,0.220350459,0.00241655181,2.97322702,-0.203794599,-0.115995586,9.7791214,-1.27822468e-05,-0.00162612647,0.000286022841,2.97592068,-0.000254631042,1
1837,18.890002,0,0,0.0147665264,0,-0.0860847682,0.228637934,0.000286022841,2.97322702,-0.21097967,-0.12318065,9.81025696,-0.00214331108,-0.00375665538,0.000286022841,2.97592068,-0.000254631042,1
1838,18.899977,0,0,-0.0036916316,0,-0.10221152,0.233808443,-0.000779241615,2.97322702,-0.213374689,-0.13994579,9.69769096,-0.00214331108,0.0015696669,-0.000779241615,2.97592068,-0.000254631042,1
1839,18.909997,0,0,-0.0140281999,0,-0.074867785,0.165997043,-0.00290977047,2.97322702,-0.151104167,-0.101625472,9.79349136,0.00105248217,-0.000560861954,-0.00290977047,2.97592068,-0.000254631042,1
1840,18.919983,0,0,0.0199348107,0,-0.0831398293,0.160125613,0.00135128724,2.97313094,-0.14391911,-0.108810529,9.8797121,0.00211774674,0.000504402502,0.00135128724,2.97592068,-0.000254631042,1
1841,18.929999,0,0,-0.0236264411,0,0.00712891389,0.190932065,0.00241655181,2.97313094,-0.189424485,-0.0249848422,9.76954079,-0.00214331108,0.000504402502,0.00241655181,2.97592068,-0.000254631042,1
1842,18.940003,0,0,0.0147665264,0,-0.0424545109,0.199364915,0.00135128724,2.97313094,-0.189424485,-0.0752802566,9.76714611,-0.00107804674,0.00370019581,0.00135128724,2.97592068,-0.000254631042,1
1843,18.949978,0,0,0.0273180734,0,-0.0294170678,0.219005868,0.00241655181,2.97322702,-0.21097967,-0.0657001734,9.78630638,-1.27822468e-05,-0.000560861954,0.00241655181,2.97592068,-0.000254631042,1
1844,18.959996,0,0,0.0199348107,0,-0.12504527,0.227987885,0.00348181627,2.97313094,-0.203794599,-0.161500961,9.81265163,-0.00107804674,0.0015696669,0.00348181627,2.97592068,-0.000254631042,1
1845,18.969982,0,0,-0.012551547,0,-0.0396174975,0.230457172,0.00348181627,2.97322702,-0.220559746,-0.0776752755,9.80307102,0.00211774674,0.00370019581,0.00348181627,2.97592068,-0.000254631042,1
1846,18.979995,0,0,0.00295330514,0,-0.101763315,0.250737846,0.00348181627,2.97322702,-0.230139822,-0.142340809,9.81983662,-1.27822468e-05,0.00370019581,0.00348181627,2.97592068,-0.000254631042,1
1847,18.989981,0,0,0.00590661028,0,-0.120438658,0.198036656,0.00135128724,2.97322702,-0.175054371,-0.151920885,9.85815716,-0.00320857554,-0.000560861954,0.00135128724,2.97592068,-0.000254631042,1
1848,19.000001,0,0,-0.0081215892,0,-0.120793141,0.210243762,0.00135128724,2.97322702,-0.187029466,-0.154315904,9.76954079,-0.00107804674,-0.000560861954,0.00135128724,2.97592068,-0.000254631042,1
1849,19.009975,0,0,-0.00221497891,0,-0.104760125,0.175936744,0.000286022841,2.97322702,-0.15589422,-0.132760733,9.79349136,0.00105248217,-0.00162612647,0.000286022841,2.97592068,-0.000254631042,1
1850,19.020002,0,0,0.00147665257,0.00147665257,-0.0673535392,0.18171601,0.000286022841,2.97332287,-0.167869315,-0.0968354344,9.80546665,0.00105248217,0.0015696669,0.000286022841,2.97592068,-0.000254631042,1
1851,19.029977,0,0,0.00147665257,0,-0.0976766422,0.17473273,0.00135128724,2.97322702,-0.15589422,-0.125575662,9.84618187,-0.00107804674,-0.000560861954,0.00135128724,2.97592068,-0.000254631042,1
1852,19.040001,0,0,0,0,-0.04745676,0.241507128,-0.00184450613,2.97322702,-0.230139822,-0.0872553512,9.74319553,0.00105248217,0.0015696669,-0.00184450613,2.97592068,-0.000254631042,1
1853,19.049976,0,0.00147665257,0,0,-0.0460388772,0.19267869,-0.000779241615,2.97322702,-0.182239428,-0.0776752755,9.70487595,0.00105248217,-0.00162612647,-0.000779241615,2.97592068,-0.000254631042,1
1854,19.060001,0,0,0,0,-0.011919301,0.150438666,0.00241655181,2.97322702,-0.146314129,-0.0369599424,9.79588604,-1.27822468e-05,0.0015696669,0.00241655181,2.97592068,-0.000254631042,1
1855,19.069975,0,-0.00221497891,0,0,-0.0317782238,0.219407201,0.00135128724,2.97322702,-0.21097967,-0.0680951998,9.85576153,-0.00320857554,0.00263493136,0.00135128724,2.97592068,-0.000254631042,1
1856,19.079999,0,0,0,0.00147665257,-0.0699580163,0.223467425,0.00348181627,2.97322702,-0.208584651,-0.10641551,9.71206093,-1.27822468e-05,0.000504402502,0.00348181627,2.97592068,-0.000254631042,1
1857,19.089973,0,0,0,0,-0.0515169911,0.203327313,0.000286022841,2.97322702,-0.191819504,-0.0848603323,9.80307102,-0.00107804674,0.0015696669,0.000286022841,2.97592068,-0.000254631042,1
1858,19.099982,0,0,0,0,-0.0901918635,0.175889879,0.000286022841,2.97322702,-0.158289239,-0.118390612,9.75277615,-1.27822468e-05,0.0015696669,0.000286022841,2.97592068,-0.000254631042,1
1859,19.109978,0,0,0,0,-0.104311921,0.192866147,0.00241655181,2.97322702,-0.172659352,-0.135155752,9.7096653,-1.27822468e-05,0.000504402502,0.00241655181,2.97592068,-0.000254631042,1
1860,19.119974,0,0,0,0,-0.062676616,0.166345507,-0.000779241615,2.97332287,-0.153499186,-0.0896503702,9.7623558,0.00105248217,-0.00162612647,-0.000779241615,2.97592068,-0.000254631042,1
1861,19.129982,0,0,0,0,-0.0707606971,0.218745112,0.00348181627,2.97322702,-0.203794599,-0.10641551,9.78391171,0.00105248217,-0.00162612647,0.00348181627,2.97592068,-0.000254631042,1
1862,19.139979,0,0,0,0,-0.0912552625,0.212511182,0.00241655181,2.97322702,-0.194214523,-0.125575662,9.85336685,-0.00107804674,0.0015696669,0.00241655181,2.97592068,-0.000254631042,1
1863,19.149976,0,0,0,0,-0.0420007743,0.230854467,0.00135128724,2.97332287,-0.220559746,-0.0800702944,9.82941628,0.00105248217,0.00370019581,0.00135128724,2.97592068,-0.000254631042,1
1864,19.159984,0,0,0,0,-0.063015148,0.178558648,0.00135128724,2.97322702,-0.165474296,-0.0920453891,9.7623558,-0.00107804674,0.000504402502,0.00135128724,2.97592068,-0.000254631042,1
1865,19.169982,0,0,0,0,-0.0129358536,0.201628253,0.000286022841,2.97322702,-0.196609542,-0.0465400182,9.75517082,0.00105248217,-0.000560861954,0.000286022841,2.97592068,-0.000254631042,1
1866,19.180003,0,0,0,0,-0.0590486489,0.187601924,0.000286022841,2.97322702,-0.175054371,-0.0896503702,9.79828167,0.0031830112,-0.000560861954,0.000286022841,2.97592068,-0.000254631042,1
1867,19.189978,0,0,0,0.00147665257,-0.0869543627,0.209339023,0.00135128724,2.97332287,-0.191819504,-0.120785631,9.84139156,-0.00107804674,-0.000560861954,0.00135128724,2.97592068,-0.000254631042,1
1868,19.200001,0,0,0,0,-0.126719445,0.203962982,0.000286022841,2.97322702,-0.179844409,-0.159105942,9.79109669,-0.00107804674,-0.00375665538,0.000286022841,2.97592068,-0.000254631042,1
1869,19.209975,0,0,0,0,-0.0573495813,0.226183057,0.00135128724,2.97322702,-0.213374689,-0.0944404155,9.77193642,0.00211774674,0.00370019581,0.00135128724,2.97592068,-0.000254631042,1
1870,19.219998,0,0,0,0,-0.0534299426,0.220658079,0.00348181627,2.97322702,-0.208584651,-0.0896503702,9.80546665,-1.27822468e-05,-0.000560861954,0.00348181627,2.97592068,-0.000254631042,1
1871,19.230003,0,0,0,0,-0.053971868,0.174592137,0.00241655181,2.97322702,-0.163079277,-0.0824653134,9.82462692,-0.00107804674,0.000504402502,0.00241655181,2.97592068,-0.000254631042,1
1872,19.239978,0,0,0,0,-0.0782923624,0.203019708,0.00241655181,2.97322702,-0.179844409,-0.0728852376,9.75517082,-0.00107804674,0.000504402502,-0.000779241615,2.97592068,-0.000254631042,1
1873,19.250056,0,0,0,0,-0.0338502638,0.193029925,0.00241655181,2.97332287,-0.172659352,-0.0824653134,9.75996113,-0.00107804674,-0.00269139092,0.00241655181,2.97592068,-0.000254631042,1
1874,19.259974,0,0,0,0,-0.0587109849,0.175389186,0.00241655181,2.97332287,-0.14391911,-0.0848603323,9.78391171,-0.00214331108,-0.00162612647,0.00241655181,2.97592068,-0.000254631042,1
1875,19.270003,0,0,0,0,-0.0925998762,0.161722943,0.000286022841,2.97322702,-0.17744939,-0.111205548,9.81744194,-0.00107804674,0.000504402502,-0.000779241615,2.97592068,-0.000254631042,1
1876,19.279976,0,0,0,0,-0.0688946024,0.186846107,0.00135128724,2.97322702,-0.213374689,-0.0728852376,9.75517082,-1.27822468e-05,0.00370019581,0.00348181627,2.97592068,-0.000254631042,1
1877,19.289998,0,0,0,0.00147665257,-0.0720584318,0.182525143,0.00135128724,2.97322702,-0.167869315,-0.0561200976,9.77433109,-1.27822468e-05,-0.000560861954,0.00241655181,2.97592068,-0.000254631042,1
1878,19.299984,0,0,0,0,-0.0849488154,0.221144989,0.00135128724,2.97332287,-0.203794599,-0.120785631,9.73601055,-0.00107804674,-0.000560861954,0.00241655181,2.97592068,-0.000254631042,1
1879,19.309998,0,0,0,0,-0.0876432359,0.233761579,0.00348181627,2.97322702,-0.215769708,-0.125575662,9.7312212,-1.27822468e-05,-0.000560861954,0.00241655181,2.97592068,-0.000254631042,1
1880,19.319984,0,0,0,0,-0.0397305153,0.201316833,0.00348181627,2.97332287,-0.191819504,-0.0728852376,9.75756645,-0.00214331108,0.0015696669,0.00241655181,2.97592068,-0.000254631042,1
1881,19.330003,0,0,0,0,-0.0767807364,0.183327809,-0.000779241615,2.97322702,-0.167869315,-0.10641551,9.85336685,-0.00107804674,-0.000560861954,-0.00184450613,2.97592068,-0.000254631042,1
1882,19.339978,0,0,0,0,-0.0889409855,0.197541595,0.00241655181,2.97322702,-0.179844409,-0.120785631,9.79828167,0.00105248217,-0.000560861954,0.00241655181,2.97592068,-0.000254631042,1
1883,19.350002,0,0,0,0,-0.0681557581,0.176993623,-0.000779241615,2.97332287,-0.163079277,-0.0968354344,9.79588604,-1.27822468e-05,0.00263493136,-0.000779241615,2.97592068,-0.000254631042,1
1884,19.359977,0,0,0,0.00147665257,-0.0787583888,0.186082751,0.00135128724,2.97332287,-0.170264333,-0.108810529,9.79109669,-0.00107804674,0.000504402502,0.00135128724,2.97592068,-0.000254631042,1
1885,19.370004,0,0,0,0,-0.0684464052,0.203775525,0.000286022841,2.97322702,-0.189424485,-0.101625472,9.78391171,-0.00320857554,0.0015696669,0.000286022841,2.97592068,-0.000254631042,1
1886,19.379978,0,0,0,0,-0.112104334,0.218484372,-0.000779241615,2.97322702,-0.196609542,-0.147130847,9.77672672,-0.00107804674,0.00263493136,-0.000779241615,2.97592068,-0.000254631042,1
1887,19.390002,0,0,0,0,-0.0180786718,0.200068027,0.00135128724,2.97332287,-0.194214523,-0.0513300598,9.79109669,-0.00214331108,0.00263493136,0.00135128724,2.97592068,-0.000254631042,1
1888,19.400001,0,0,0,0,-0.0637435466,0.202966735,0.00241655181,2.97332287,-0.189424485,-0.0968354344,9.82462692,-0.00107804674,0.0015696669,0.00241655181,2.97592068,-0.000254631042,1
1889,19.409976,0,0,0,0,-0.0504535735,0.166706011,0.000286022841,2.97322702,-0.15589422,-0.0776752755,9.81265163,0.00105248217,-0.000560861954,0.000286022841,2.97592068,-0.000254631042,1
1890,19.419998,0,0,0,0,-0.0841249451,0.225875452,0.000286022841,2.97322702,-0.208584651,-0.120785631,9.74319553,-0.00107804674,0.000504402502,0.000286022841,2.97592068,-0.000254631042,1
1891,19.429984,0,0,0,0.00147665257,-0.0373693295,0.200915724,0.00241655181,2.97332287,-0.191819504,-0.0704902187,9.77672672,-0.00107804674,-0.00162612647,0.00241655181,2.97592068,-0.000254631042,1
1892,19.439995,0,0,0,-0.00221497891,-0.0661047399,0.203367844,0.000286022841,2.97332287,-0.189424485,-0.0992304534,9.79588604,-0.00107804674,-0.00269139092,0.000286022841,2.97592068,-0.000254631042,1
1893,19.450000,0,0,0,0,-0.080914259,0.244764671,0.00348181627,2.97322702,-0.227744803,-0.120785631,9.77433109,0.00105248217,0.000504402502,0.00348181627,2.97592068,-0.000254631042,1
1894,19.459974,0,0,0,0,-0.0582644083,0.192318633,0.00135128724,2.97332287,-0.179844409,-0.0896503702,9.7791214,0.00211774674,-0.00162612647,0.00135128724,2.97592068,-0.000254631042,1
1895,19.470001,0,0,0,0.00147665257,-0.0941743478,0.166837558,0.00348181627,2.97332287,-0.148709148,-0.120785631,9.81744194,-0.00214331108,0.00476546027,0.00348181627,2.97592068,-0.000254631042,1
1896,19.480000,0,0,0,-0.00221497891,-0.125468582,0.225614697,0.000286022841,2.97322702,-0.20139958,-0.161500961,9.76475143,-0.00107804674,-0.000560861954,0.000286022841,2.97592068,-0.000254631042,1
1897,19.489975,0,0,0,0,-0.0825664774,0.220751792,-0.00184450613,2.97322702,-0.203794599,-0.118390612,9.78391171,0.00105248217,-0.00162612647,-0.00184450613,2.97592068,-0.000254631042,1
1898,19.500005,0,0,0,0.00147665257,-0.0586004518,0.204531327,0.00135128724,2.97322702,-0.191819504,-0.0920453891,9.79349136,0.00105248217,-0.000560861954,0.00135128724,2.97592068,-0.000254631042,1
1899,19.509980,0,0,0,0.00295330514,-0.0889409855,0.197541595,0.00135128724,2.97322702,-0.179844409,-0.120785631,9.78630638,0.00211774674,-0.00269139092,0.00135128724,2.97592068,-0.000254631042,1
1900,19.519998,0,0.00147665257,0,0.00147665257,-0.0542794764,0.201367497,-0.00290977047,2.97322702,-0.189424485,-0.0872553512,9.8749218,-1.27822468e-05,-0.00162612647,-0.00290977047,2.97585964,-0.000254631042,1
1901,19.529984,0,-0.00221497891,0,0.00590661028,-0.0795606077,0.181360364,-0.00397503516,2.97332287,-0.165474296,-0.108810529,9.70248032,0.00105248217,-0.000560861954,-0.00397503516,2.97573757,-0.000254631042,1
1902,19.540001,0,0,0,0.00442995783,-0.0539250076,0.189160392,-0.00610556407,2.97322702,-0.17744939,-0.0848603323,9.78151608,0.00105248217,-0.000560861954,-0.00610556407,2.97567654,-0.000254631042,1
1903,19.549976,0,0,-0.00221497891,0.00147665257,-0.0688283443,0.201420993,-0.00504029961,2.97313094,-0.187029466,-0.101625472,9.80786133,-1.27822468e-05,0.000504402502,-0.00504029961,2.97552395,-0.000254631042,1
1904,19.559998,0,0.00147665257,0,0.00295330514,-0.0271313936,0.189470619,-0.00823609252,2.97313094,-0.182239428,-0.0585151166,9.79349136,-0.00107804674,0.000504402502,-0.00823609252,2.97549343,-0.000254631042,1
1905,19.570001,0,0.00147665257,0,0.00295330514,-0.014155441,0.150851786,-0.00717082852,2.97239852,-0.146314129,-0.0393549614,9.78391171,-1.27822468e-05,-0.00162612647,-0.00717082852,2.97534084,-0.000254631042,1
1906,19.579974,0,0,0,0,-0.0273369718,0.201697826,-0.00504029961,2.97239852,-0.194214523,-0.0609101392,9.75996113,-0.00107804674,-0.000560861954,-0.00504029961,2.97527981,-0.000254631042,1
1907,19.589997,0,0,0,0.00295330514,0.0139479227,0.187356099,0.000286022841,2.97239852,-0.187029466,-0.0177997835,9.84139156,-0.00107804674,-0.000560861954,0.000286022841,2.97527981,-0.000254631042,1
1908,19.599984,0,0,0,-0.00221497891,-0.0535914078,0.232909665,0.00135128724,2.97239852,-0.220559746,-0.0920453891,9.74319553,-1.27822468e-05,-0.00162612647,0.00135128724,2.97527981,-0.000254631042,1
1909,19.610001,0,0,0,0,-0.0334949717,0.236765787,0.00348181627,2.97239852,-0.227744803,-0.0728852376,9.79109669,-1.27822468e-05,-0.000560861954,0.00348181627,2.97527981,-0.000254631042,1
1910,19.619975,0,0,0,0,-0.131095186,0.248579144,0.00561234495,2.97239852,-0.222954765,-0.171081036,9.84139156,-1.27822468e-05,0.0015696669,0.00561234495,2.97527981,-0.000254631042,1
1911,19.629983,0,0,0,0,-0.104976758,0.188220784,0.00348181627,2.9724946,-0.167869315,-0.135155752,9.78391171,-1.27822468e-05,-0.00269139092,0.00348181627,2.97527981,-0.000254631042,1
1912,19.639980,0,0,0,0,-0.107625619,0.215399429,0.00241655181,2.9724946,-0.194214523,-0.142340809,9.80067635,0.0031830112,-0.00269139092,0.00241655181,2.97527981,-0.000254631042,1
1913,19.649978,0,0,0,0,-0.127004832,0.230750576,0.00135128724,2.97313094,-0.206189632,-0.16389598,9.74080086,-1.27822468e-05,0.000504402502,0.00135128724,2.97527981,-0.000254631042,1
1914,19.659975,0,0,0,0,-0.0867809504,0.20941098,0.000286022841,2.9724946,-0.191819504,-0.120785631,9.80546665,0.00105248217,0.000504402502,0.000286022841,2.97527981,-0.000254631042,1
1915,19.669983,0,0,0,0,-0.108949885,0.179180413,-0.00184450613,2.9724946,-0.158289239,-0.137550771,9.81504631,-0.00214331108,-0.00269139092,-0.00184450613,2.97524929,-0.000254631042,1
1916,19.679980,0,0,0,0,-0.0309264474,0.195015684,-0.00184450613,2.9724946,-0.175054371,-0.0680951998,9.80786133,-0.00107804674,-0.00375665538,-0.00290977047,2.97524929,-0.000254631042,1
1917,19.689976,0,0,0,0,-0.0476265661,0.18323867,-0.00184450613,2.97313094,-0.182239428,-0.0704902187,9.76475143,0.00105248217,0.00263493136,-0.000779241615,2.97524929,-0.000254631042,1
1918,19.699984,0,0,0,0,-0.0280846171,0.211544394,0.000286022841,2.97239852,-0.165474296,-0.125575662,9.80307102,-0.00107804674,-0.000560861954,0.00135128724,2.97524929,-0.000254631042,1
1919,19.720001,0,0,0,0,-0.0298323184,0.172961831,0.00348181627,2.9724946,-0.213374689,-0.101625472,9.81983662,-0.00214331108,-0.00482191984,0.00241655181,2.97524929,-0.000254631042,1
1920,19.729976,0,0,0,0,-0.0701398551,0.235725969,0.000286022841,2.9724946,-0.225349784,-0.0824653134,9.86534214,-1.27822468e-05,0.00370019581,0.00241655181,2.97524929,-0.000254631042,1
1921,19.740003,0,0,0,0,-0.129333943,0.202097937,0.0066776094,2.9724946,-0.184634447,-0.0920453891,9.74559116,0.00105248217,0.0015696669,0.0066776094,2.97524929,-0.000254631042,1
1922,19.749978,0,0,0,0,-0.130505696,0.209571064,0.00454708049,2.97259045,-0.184634447,-0.16389598,9.81983662,-1.27822468e-05,-0.00162612647,0.00454708049,2.97524929,-0.000254631042,1
1923,19.760001,0,0,0,0,-0.0995234475,0.177558616,0.00135128724,2.97259045,-0.158289239,-0.127970681,9.81504631,-0.00107804674,0.00370019581,0.00135128724,2.97524929,-0.000254631042,1
1924,19.769975,0,0,0,0,-0.0619835258,0.212456957,0.00135128724,2.97259045,-0.199004561,-0.0968354344,9.73840618,-0.00320857554,-0.000560861954,0.00241655181,2.97524929,-0.000254631042,1
1925,19.779998,0,0,0,0,-0.0583480895,0.134088352,0.000286022841,2.97259045,-0.12236394,-0.0800702944,9.75277615,-1.27822468e-05,-0.000560861954,0.00135128724,2.97521877,-0.000254631042,1
1926,19.789984,0,0,0,0,-0.0753221735,0.219603002,0.00135128724,2.9724946,-0.203794599,-0.111205548,9.79588604,-1.27822468e-05,0.00263493136,0.00135128724,2.97521877,-0.000254631042,1
1927,19.799999,0,0,0,0,-0.0655529425,0.205777109,0.00241655181,2.97259045,-0.191819504,-0.0992304534,9.79828167,-0.00107804674,0.00263493136,0.00241655181,2.97521877,-0.000254631042,1
1928,19.809975,0,0,0,0,-0.0656652153,0.17664066,0.000286022841,2.97259045,-0.163079277,-0.0944404155,9.79588604,-0.00107804674,0.0015696669,0.000286022841,2.97521877,-0.000254631042,1
1929,19.819994,0,0,0,0,-0.0419246182,0.201752722,0.00241655181,2.9724946,-0.191819504,-0.0752802566,9.82462692,-1.27822468e-05,0.00370019581,0.00241655181,2.97521877,-0.000254631042,1
1930,19.830004,0,0,0,0,-0.0711365491,0.18729277,0.00241655181,2.97259045,-0.172659352,-0.101625472,9.80067635,-0.00107804674,-0.00269139092,0.00241655181,2.97521877,-0.000254631042,1
1931,19.839979,0,0,0,0,-0.0727479011,0.177849174,0.00241655181,2.97259045,-0.163079277,-0.101625472,9.82462692,-0.00107804674,-0.000560861954,0.00241655181,2.97521877,-0.000254631042,1
1932,19.849996,0,0,0,0,-0.0292116348,0.133976072,0.00135128724,2.97259045,-0.127153978,-0.0513300598,9.83420658,-0.00107804674,0.000504402502,0.00135128724,2.97521877,-0.000254631042,1
1933,19.859981,0,0,0,0,-0.101190947,0.15354678,0.00348181627,2.97259045,-0.134339035,-0.125575662,9.86534214,0.00105248217,0.000504402502,0.00348181627,2.97521877,-0.000254631042,1
1934,19.869998,0,0,0,0,-0.0843839869,0.223568052,0.00135128724,2.97259045,-0.206189632,-0.120785631,9.75996113,0.00105248217,-0.000560861954,0.00135128724,2.97521877,-0.000254631042,1
1935,19.879983,0,0,0,0,-0.0631569773,0.219936445,0.000286022841,2.97268653,-0.206189632,-0.0992304534,9.7312212,0.00105248217,-0.00162612647,0.000286022841,2.97521877,-0.000254631042,1
1936,19.890000,0,0,0,0,-0.0643648133,0.212853625,0.00454708049,2.97268653,-0.199004561,-0.0992304534,9.7623558,-0.00107804674,0.000504402502,0.00454708049,2.97521877,-0.000254631042,1
1937,19.900003,0,0,0,0,-0.0616368279,0.200249627,0.000286022841,2.97259045,-0.187029466,-0.0944404155,9.79588604,-1.27822468e-05,0.000504402502,0.000286022841,2.97521877,-0.000254631042,1
1938,19.909978,0,0,0,0,-0.0380278453,0.196221247,0.00241655181,2.97259045,-0.187029466,-0.0704902187,9.79588604,-1.27822468e-05,-0.000560861954,0.00241655181,2.97521877,-0.000254631042,1
1939,19.919996,0,0,0,0,-0.0329768918,0.183205068,-0.000779241615,2.97268653,-0.175054371,-0.0633051544,9.79349136,-0.00107804674,-0.000560861954,-0.000779241615,2.97518826,-0.000254631042,1
1940,19.929982,0,0,0,0,-0.0498884656,0.183667213,0.00241655181,2.97259045,-0.172659352,-0.0800702944,9.84618187,0.00211774674,0.00370019581,0.00241655181,2.97518826,-0.000254631042,1
1941,19.940001,0,0,0,0,-0.0742469877,0.197542027,0.00241655181,2.97259045,-0.182239428,-0.10641551,9.79109669,-1.27822468e-05,0.000504402502,0.00241655181,2.97518826,-0.000254631042,1
1942,19.949975,0,0,0,0,-0.106259473,0.166559786,0.00241655181,2.97259045,-0.146314129,-0.132760733,9.84139156,-1.27822468e-05,-0.00162612647,0.00241655181,2.97518826,-0.000254631042,1
1943,19.960003,0,0,0,0,-0.106896728,0.205542684,0.00135128724,2.97259045,-0.184634447,-0.13994579,9.84378719,-1.27822468e-05,0.000504402502,0.00135128724,2.97518826,-0.000254631042,1
1944,19.969977,0,0,0,0,-0.0835783109,0.228289858,0.00241655181,2.97259045,-0.21097967,-0.120785631,9.72643089,-1.27822468e-05,0.000504402502,0.00241655181,2.97518826,-0.000254631042,1
1945,19.980003,0,0,0,0,-0.0975273997,0.189353749,0.00241655181,2.97268653,-0.170264333,-0.127970681,9.74080086,-1.27822468e-05,0.0015696669,0.00241655181,2.97518826,-0.000254631042,1
1946,19.989977,0,0,0,0,-0.0857227296,0.187340692,0.00454708049,2.97268653,-0.170264333,-0.115995586,9.78630638,-1.27822468e-05,0.000504402502,0.00454708049,2.97518826,-0.000254631042,1
1947,20.000005,0,0,0,0,-0.0777602717,0.205430403,0.00241655181,2.97259045,-0.189424485,-0.111205548,9.81744194,0.00211774674,-0.000560861954,0.00241655181,2.97518826,-0.000254631042,1
1948,20.009979,0,0,0,0,-0.11017558,0.172087267,0.00135128724,2.97259045,-0.151104167,-0.137550771,9.79828167,-1.27822468e-05,-0.000560861954,0.00135128724,2.97518826,-0.000254631042,1
1949,20.020001,0,0,0,0,-0.075528495,0.175883874,0.00348181627,2.97268653,-0.160684258,-0.104020491,9.79828167,-0.00107804674,0.000504402502,0.00348181627,2.97518826,-0.000254631042,1
1950,20.029975,0,0,0,0.00147665257,-0.0560741648,0.218728602,0.00348181627,2.97268653,-0.206189632,-0.0920453891,9.83420658,0.00105248217,0.0015696669,0.00348181627,2.97518826,-0.000254631042,1
1951,20.039997,0,0,0,0,-0.109716602,0.189016402,0.00348181627,2.97259045,-0.167869315,-0.13994579,9.83420658,0.00105248217,-0.000560861954,0.00348181627,2.97518826,-0.000254631042,1
1952,20.049996,0,0,0,0,-0.0902803615,0.231850609,0.000286022841,2.97268653,-0.213374689,-0.127970681,9.78630638,0.00105248217,-0.00162612647,0.000286022841,2.97518826,-0.000254631042,1
1953,20.059982,0,0,0,0,-0.0583803654,0.233699456,0.00241655181,2.97268653,-0.220559746,-0.0968354344,9.88689709,-1.27822468e-05,-0.000560861954,0.00241655181,2.97518826,-0.000254631042,1
1954,20.070004,0,0,0,0,-0.0337821171,0.178483203,0.00135128724,2.97268653,-0.170264333,-0.0633051544,9.82223129,-1.27822468e-05,0.000504402502,0.00135128724,2.97518826,-0.000254631042,1
1955,20.079978,0,0,0,0,-0.0746498257,0.195181131,0.00135128724,2.97259045,-0.179844409,-0.10641551,9.75756645,-1.27822468e-05,-0.00269139092,0.00135128724,2.97518826,-0.000254631042,1
1956,20.090002,0,0,0,0,-0.0368935503,0.188732177,0.00135128724,2.97268653,-0.179844409,-0.0680951998,9.81744194,0.00105248217,-0.00269139092,0.00135128724,2.97518826,-0.000254631042,1
1957,20.100005,0,0,0,0,-0.0573422797,0.238477439,0.00135128724,2.97170997,-0.225349784,-0.0968354344,9.76954079,-0.00107804674,0.00263493136,0.00135128724,2.97515774,-0.000254631042,1
1958,20.109979,0,0,0,0,-0.102249295,0.190158978,0.00241655181,2.97268653,-0.170264333,-0.132760733,9.7312212,-0.00107804674,-0.000560861954,0.00241655181,2.97515774,-0.000254631042,1
1959,20.119995,0,0,0,0,-0.0797744617,0.193625912,0.000286022841,2.97259045,-0.17744939,-0.111205548,9.75038147,0.00105248217,-0.000560861954,0.000286022841,2.97515774,-0.000254631042,1
1960,20.129981,0,0,0,0,-0.0773773417,0.207783878,0.00135128724,2.97268653,-0.199004561,-0.0944404155,9.79588604,-1.27822468e-05,-0.000560861954,0.000286022841,2.97515774,-0.000254631042,1
1961,20.139979,0,0,0,0,-0.0994857252,0.192117304,-0.000779241615,2.97268653,-0.158289239,-0.0776752755,9.81265163,0.00105248217,0.000504402502,0.00135128724,2.97515774,-0.000254631042,1
1962,20.149976,0,0,0,0,-0.0606123917,0.163621828,0.00241655181,2.97268653,-0.215769708,-0.0848603323,9.84618187,-0.00214331108,0.0015696669,0.00241655181,2.97515774,-0.000254631042,1
1963,20.159973,0,0,0,0,-0.0629185811,0.178592682,0.00454708049,2.97268653,-0.175054371,-0.113600567,9.8318119,0.00211774674,-0.000560861954,0.00348181627,2.97515774,-0.000254631042,1
1964,20.169981,0,0,0,0,-0.0538774505,0.174621299,0.00348181627,2.97268653,-0.182239428,-0.127970681,9.76714611,-0.00107804674,0.00370019581,0.00348181627,2.97515774,-0.000254631042,1
1965,20.179973,0,0,0,0,-0.0846985281,0.250335485,0.000286022841,2.97268653,-0.17744939,-0.0704902187,9.73361588,0.00105248217,-0.000560861954,0.00241655181,2.97515774,-0.000254631042,1
1966,20.189982,0,0,0,0,-0.043464262,0.221437424,0.00135128724,2.97268653,-0.21097967,-0.120785631,9.81504631,0.00105248217,0.00263493136,-0.000779241615,2.97515774,-0.000254631042,1
1967,20.199978,0,0,0,0,-0.043116387,0.20923011,0.00348181627,2.97268653,-0.199004561,-0.0776752755,9.76475143,-0.00214331108,-0.00162612647,0.000286022841,2.97515774,-0.000254631042,1
1968,20.209976,0,0,0,0,-0.0695987865,0.182161465,0.00241655181,2.97268653,-0.167869315,-0.0992304534,9.70008564,-0.00107804674,0.000504402502,0.00135128724,2.97515774,-0.000254631042,1
1969,20.230002,0,0,0,0,-0.0470330343,0.214757204,0.000286022841,2.97268653,-0.203794599,-0.0824653134,9.81744194,0.00105248217,-0.000560861954,0.00135128724,2.97515774,-0.000254631042,1
1970,20.239975,0,0,0,0,-0.0636143386,0.203007266,0.00135128724,2.97268653,-0.189424485,-0.0968354344,9.78391171,-0.00107804674,-0.00269139092,0.00135128724,2.97515774,-0.000254631042,1
1971,20.249981,0,0,0,0,-0.0913045704,0.168855801,0.00135128724,2.97268653,-0.151104167,-0.118390612,9.80307102,-1.27822468e-05,0.000504402502,0.00135128724,2.97515774,-0.000254631042,1
1972,20.259994,0,0,0,0,-0.0869305655,0.180257872,0.00454708049,2.97268653,-0.163079277,-0.115995586,9.75277615,-0.00214331108,-0.000560861954,0.00454708049,2.97515774,-0.000254631042,1
1973,20.269994,0,0,0,0,-0.0522670001,0.184065044,0.000286022841,2.97268653,-0.172659352,-0.0824653134,9.84378719,-0.00214331108,-0.00162612647,0.000286022841,2.97515774,-0.000254631042,1
1974,20.279980,0,0,0,0,-0.0863637328,0.226323515,0.00241655181,2.97268653,-0.208584651,-0.12318065,9.81504631,0.00105248217,-0.00162612647,0.00241655181,2.97515774,-0.000254631042,1
1975,20.289997,0,0,0,0,-0.0415606797,0.204105631,0.00348181627,2.97268653,-0.194214523,-0.0752802566,9.83899689,-1.27822468e-05,0.00263493136,0.00348181627,2.97515774,-0.000254631042,1
1976,20.299982,0,0,0,0,-0.0865279511,0.182618812,0.00135128724,2.97268653,-0.165474296,-0.115995586,9.76714611,0.00105248217,-0.000560861954,0.00135128724,2.97515774,-0.000254631042,1
1977,20.310001,0,0,0,0,-0.0927507877,0.20311676,0.00348181627,2.97268653,-0.184634447,-0.125575662,9.79588604,0.00105248217,0.000504402502,0.00348181627,2.97515774,-0.000254631042,1
1978,20.319976,0,0,0,0,-0.08497224,0.177494332,0.00241655181,2.97268653,-0.160684258,-0.113600567,9.75996113,-1.27822468e-05,0.00263493136,0.00241655181,2.97515774,-0.000254631042,1
1979,20.330003,0,0,0,0,-0.029810736,0.187524334,0.00241655181,2.97268653,-0.179844409,-0.0609101392,9.78870106,-1.27822468e-05,-0.000560861954,0.00241655181,2.97515774,-0.000254631042,1
1980,20.339977,0,0,0,0,-0.0411580652,0.206466556,0.000286022841,2.97268653,-0.196609542,-0.0752802566,9.81504631,0.00105248217,0.0015696669,0.000286022841,2.97515774,-0.000254631042,1
1981,20.350004,0,0,0,-0.00221497891,-0.0671831071,0.196327075,0.00135128724,2.97268653,-0.182239428,-0.0992304534,9.79828167,0.00105248217,-0.000560861954,0.00135128724,2.97515774,-0.000254631042,1
1982,20.359978,0,0,0,0,-0.0450199656,0.226561904,0.000286022841,2.97268653,-0.215769708,-0.0824653134,9.75038147,-0.00107804674,-0.00269139092,0.000286022841,2.97515774,-0.000254631042,1
1983,20.369998,0,0,0,0,-0.0510591604,0.191147849,0.00241655181,2.97268653,-0.179844409,-0.0824653134,9.77433109,-1.27822468e-05,0.00263493136,0.00241655181,2.97515774,-0.000254631042,1
1984,20.379997,0,0,0,0,-0.0883767977,0.214518815,0.000286022841,2.97268653,-0.196609542,-0.12318065,9.73840618,-1.27822468e-05,-0.00162612647,0.000286022841,2.97515774,-0.000254631042,1
1985,20.389982,0,0,0,0,-0.0495581925,0.17145513,0.00241655181,2.97268653,-0.160684258,-0.0776752755,9.84618187,-1.27822468e-05,-0.000560861954,0.00241655181,2.97515774,-0.000254631042,1
1986,20.400002,0,0,0,0,-0.0836001858,0.228281841,0.00135128724,2.97268653,-0.21097967,-0.120785631,9.8318119,0.00105248217,-0.00269139092,0.00135128724,2.97515774,-0.000254631042,1
1987,20.409977,0,0,0,0,-0.0507502854,0.164377183,0.00241655181,2.97259045,-0.153499186,-0.0776752755,9.86055183,-0.00107804674,0.000504402502,0.00241655181,2.97515774,-0.000254631042,1
1988,20.420002,0,0,0,0,-0.0636690781,0.188439041,0.000286022841,2.97268653,-0.175054371,-0.0944404155,9.79588604,-0.00107804674,-0.000560861954,0.000286022841,2.97515774,-0.000254631042,1
1989,20.429977,0,0,0,0,-0.106513806,0.207893372,0.00135128724,2.97268653,-0.187029466,-0.13994579,9.74798584,-1.27822468e-05,0.0015696669,0.00135128724,2.97515774,-0.000254631042,1
1990,20.439999,0,0,0,0,-0.0648221746,0.195924461,0.00348181627,2.97268653,-0.182239428,-0.0968354344,9.76475143,-1.27822468e-05,0.0015696669,0.00348181627,2.97515774,-0.000254631042,1
1991,20.449973,0,0,0,0,-0.113632716,0.194543868,0.00454708049,2.97259045,-0.172659352,-0.144735828,9.80786133,-1.27822468e-05,-0.000560861954,0.00454708049,2.97515774,-0.000254631042,1
1992,20.459998,0,0,0,0,-0.0460284874,0.163571507,0.00241655181,2.97259045,-0.153499186,-0.0728852376,9.80546665,-0.00107804674,0.0015696669,0.00241655181,2.97515774,-0.000254631042,1
1993,20.469984,0,0,0,0,-0.0696535259,0.167593211,0.00454708049,2.97268653,-0.153499186,-0.0968354344,9.83420658,-0.00214331108,0.000504402502,0.00454708049,2.97515774,-0.000254631042,1
1994,20.480001,0,0,0,0,-0.0964290574,0.16730009,0.00241655181,2.97268653,-0.148709148,-0.12318065,9.76954079,-0.00107804674,0.00263493136,0.00241655181,2.97515774,-0.000254631042,1
1995,20.489975,0,0,0,0,-0.0725794882,0.221553862,0.000286022841,2.97259045,-0.206189632,-0.108810529,9.79349136,-1.27822468e-05,-0.000560861954,0.000286022841,2.97515774,-0.000254631042,1
1996,20.499999,0,0,0,0,-0.0418878235,0.216316953,0.000286022841,2.97259045,-0.206189632,-0.0776752755,9.73840618,-1.27822468e-05,-0.00162612647,0.000286022841,2.97515774,-0.000254631042,1
1997,20.510007,0,0,0,0,-0.0542074181,0.186833784,0.00135128724,2.97259045,-0.175054371,-0.0848603323,9.76714611,0.00105248217,-0.00269139092,0.00135128724,2.97515774,-0.000254631042,1
1998,20.519999,0,0,0,0,-0.056641005,0.172662973,0.00135128724,2.97268653,-0.160684258,-0.0848603323,9.78870106,-0.00214331108,0.0015696669,0.00135128724,2.97515774,-0.000254631042,1
1999,20.530004,0,0,0,0,-0.0825018287,0.206228167,0.000286022841,2.97268653,-0.189424485,-0.115995586,9.78391171,-0.00107804674,0.000504402502,0.000286022841,2.97515774,-0.000254631042,1
2000,20.539979,0,0,0,0,-0.105632067,0.227193609,0.00241655181,2.97259045,-0.206189632,-0.142340809,9.7623558,-0.00107804674,-0.00162612647,0.00241655181,2.97515774,-0.000254631042,1
2001,20.549997,0,0,0,0,-0.0961323455,0.240150481,0.00348181627,2.97259045,-0.220559746,-0.135155752,9.74319553,0.00105248217,-0.000560861954,0.00348181627,2.97515774,-0.000254631042,1
2002,20.559984,0,0,0,0,-0.0978205502,0.216129273,0.00135128724,2.97268653,-0.196609542,-0.132760733,9.7312212,-1.27822468e-05,-0.00375665538,0.00135128724,2.97515774,-0.000254631042,1
2003,20.570005,0,0,0,0,-0.0594045483,0.170704648,0.00135128724,2.97268653,-0.158289239,-0.0872553512,9.83660221,-0.00107804674,-0.00269139092,0.00135128724,2.97515774,-0.000254631042,1
2004,20.579979,0,0,0,0,-0.0408101901,0.190403208,0.00348181627,2.97259045,-0.17744939,-0.0920453891,9.78391171,0.00105248217,0.0015696669,0.00348181627,2.97515774,-0.000254631042,1
2005,20.590000,0,0,0,0,-0.0960101858,0.169670224,0.00348181627,2.97259045,-0.222954765,-0.0968354344,9.81983662,-1.27822468e-05,0.0015696669,0.00348181627,2.97515774,-0.000254631042,1
2006,20.599996,0,0,0,0,-0.0761694983,0.214866698,0.000286022841,2.97268653,-0.184634447,-0.0848603323,9.72882557,-0.00107804674,0.000504402502,0.00135128724,2.97515774,-0.000254631042,1
2007,20.609983,0,0,0,0,-0.0648221746,0.195924461,0.000286022841,2.97268653,-0.220559746,-0.104020491,9.90845203,-1.27822468e-05,-0.00162612647,0.000286022841,2.97515774,-0.000254631042,1
2008,20.619996,0,0,0,0,-0.0734606907,0.202256784,0.00348181627,2.97268653,-0.167869315,-0.113600567,9.80786133,0.00105248217,-0.00375665538,0.00348181627,2.97515774,-0.000254631042,1
2009,20.629981,0,0,0,0,-0.0765721127,0.212505758,0.00135128724,2.97268653,-0.21097967,-0.0776752755,9.78391171,-0.00107804674,-0.00162612647,0.00135128724,2.97515774,-0.000254631042,1
2010,20.639994,0,0,0,0,-0.0762242377,0.200298458,0.00241655181,2.97268653,-0.196609542,-0.125575662,9.74798584,-1.27822468e-05,-0.00162612647,0.000286022841,2.97515774,-0.000254631042,1
2011,20.649980,0,0,0,0,-0.0348804891,0.200536847,0.00135128724,2.97268653,-0.191819504,-0.0680951998,9.76954079,0.00105248217,-0.00269139092,0.00135128724,2.97515774,-0.000254631042,1
2012,20.659999,0,0,0,0,-0.0758216232,0.202659398,0.00241655181,2.97268653,-0.187029466,-0.108810529,9.84618187,-1.27822468e-05,0.0015696669,0.00241655181,2.97515774,-0.000254631042,1
2013,20.669973,0,0,0,0,-0.0624612421,0.195521846,0.00241655181,2.97268653,-0.182239428,-0.0944404155,9.78391171,0.00105248217,-0.000560861954,0.00241655181,2.97515774,-0.000254631042,1
2014,20.679981,0,0,0,0,-0.11405398,0.192172036,0.000286022841,2.97268653,-0.170264333,-0.144735828,9.78391171,-0.00107804674,0.000504402502,0.000286022841,2.97515774,-0.000254631042,1
2015,20.689978,0,0,0,0,-0.0739180446,0.185327619,0.00454708049,2.97268653,-0.170264333,-0.104020491,9.81983662,0.00105248217,0.0015696669,0.00454708049,2.97515774,-0.000254631042,1
2016,20.699976,0,0,0,0,-0.0385040008,0.179288432,0.00241655181,2.97268653,-0.170264333,-0.0680951998,9.76475143,-1.27822468e-05,-0.00162612647,0.00241655181,2.97515774,-0.000254631042,1
2017,20.709973,0,0,0,0,-0.0796835348,0.222754732,0.00348181627,2.97268653,-0.206189632,-0.115995586,9.75038147,-1.27822468e-05,0.00263493136,0.00348181627,2.97515774,-0.000254631042,1
2018,20.719982,0,0,0,0,-0.0447268374,0.199786365,0.00348181627,2.97268653,-0.189424485,-0.0776752755,9.80546665,0.00105248217,-0.00162612647,0.00348181627,2.97515774,-0.000254631042,1
2019,20.729978,0,0,0,0,-0.00545088015,0.173651844,0.00241655181,2.97268653,-0.170264333,-0.0345649198,9.81504631,0.00211774674,-0.00162612647,0.00241655181,2.97515774,-0.000254631042,1
2020,20.739976,0,0,0,0,-0.0389066152,0.176927492,0.00241655181,2.97268653,-0.167869315,-0.0680951998,9.70248032,0.00105248217,-0.00269139092,0.00241655181,2.97515774,-0.000254631042,1
2021,20.749984,0,0,0,0,-0.0761694983,0.214866698,0.00135128724,2.97268653,-0.199004561,-0.111205548,9.78151608,-0.00107804674,0.0015696669,0.00135128724,2.97515774,-0.000254631042,1
2022,20.759994,0,0,0,0,-0.0903898627,0.202714145,0.00135128724,2.97268653,-0.184634447,-0.12318065,9.81504631,-0.00107804674,0.000504402502,0.00135128724,2.97515774,-0.000254631042,1
2023,20.769980,0,0,0,0,-0.0679335967,0.206173435,0.00241655181,2.97268653,-0.191819504,-0.101625472,9.76475143,-1.27822468e-05,0.000504402502,0.00241655181,2.97515774,-0.000254631042,1
2024,20.779976,0,0,0,0,-0.0550852902,0.167538494,0.00241655181,2.97268653,-0.15589422,-0.0824653134,9.77672672,0.00105248217,-0.00162612647,0.00241655181,2.97515774,-0.000254631042,1
2025,20.789974,0,0,0,0,-0.0557262972,0.206521302,0.00454708049,2.97268653,-0.194214523,-0.0896503702,9.7791214,-1.27822468e-05,0.0015696669,0.00454708049,2.97515774,-0.000254631042,1
2026,20.799999,0,0,0,0,-0.0633759424,0.161663502,0.00135128724,2.97268653,-0.148709148,-0.0896503702,9.80786133,0.00105248217,0.0015696669,0.00135128724,2.97515774,-0.000254631042,1
2027,20.809994,0,0,0,0,-0.0814582035,0.169606283,0.00241655181,2.97268653,-0.153499186,-0.108810529,9.80786133,-0.00107804674,-0.000560861954,0.00241655181,2.97515774,-0.000254631042,1
2028,20.819979,0,0,0,0,-0.10294503,0.214573562,0.000286022841,2.97268653,-0.194214523,-0.137550771,9.80786133,-0.00107804674,-0.000560861954,0.000286022841,2.97515774,-0.000254631042,1
2029,20.829994,0,0,0,0,-0.0660847574,0.174273431,0.00241655181,2.97268653,-0.160684258,-0.0944404155,9.77672672,0.00105248217,-0.000560861954,0.00241655181,2.97515774,-0.000254631042,1
2030,20.839980,0,0,0,0,-0.0658110455,0.247114584,-0.000779241615,2.97268653,-0.232534841,-0.10641551,9.81025696,0.00105248217,-0.00269139092,-0.000779241615,2.97515774,-0.000254631042,1
2031,20.850091,0,0,0,0,-0.133672282,0.205252111,0.000286022841,2.97259045,-0.179844409,-0.166290998,9.76714611,-0.00107804674,-0.000560861954,0.000286022841,2.97515774,-0.000254631042,1
2032,20.859975,0,0,0,0,-0.0883767977,0.214518815,0.00135128724,2.97268653,-0.196609542,-0.12318065,9.80546665,-1.27822468e-05,-0.000560861954,0.00135128724,2.97515774,-0.000254631042,1
2033,20.870000,0,0,0,0,-0.0311093237,0.207247525,0.00135128724,2.97170997,-0.199004561,-0.0657001734,9.79588604,-1.27822468e-05,0.000504402502,0.00135128724,2.97515774,-0.000254631042,1
2034,20.879975,0,0,0,0,-0.0840372816,0.211360723,0.00135128724,2.97259045,-0.194214523,-0.118390612,9.84139156,-0.00214331108,-0.00269139092,0.00135128724,2.97515774,-0.000254631042,1
2035,20.889995,0,0,0,0,-0.0528866276,0.223052949,0.00135128724,2.97259045,-0.21097967,-0.0896503702,9.82941628,-1.27822468e-05,-0.00162612647,0.00135128724,2.97515774,-0.000254631042,1
2036,20.899981,0,0,0,0,-0.083013922,0.174730778,0.00348181627,2.97268653,-0.158289239,-0.111205548,9.79109669,0.00105248217,0.000504402502,0.00348181627,2.97515774,-0.000254631042,1
2037,20.910004,0,0,0,0,-0.11037571,0.227988705,0.00348181627,2.97268653,-0.206189632,-0.147130847,9.80067635,0.00105248217,0.00263493136,0.00348181627,2.97515774,-0.000254631042,1
2038,20.919978,0,0,0,0,-0.120331556,0.198101744,0.00348181627,2.97268653,-0.175054371,-0.151920885,9.75996113,-0.00320857554,0.00370019581,0.00348181627,2.97515774,-0.000254631042,1
2039,20.930000,0,0,0,0,-0.101313122,0.224027023,0.000286022841,2.97259045,-0.203794599,-0.137550771,9.82462692,-0.00107804674,0.000504402502,0.000286022841,2.97515774,-0.000254631042,1
2040,20.939975,0,0,0,0,-0.0562777556,0.160461068,0.00135128724,2.97259045,-0.148709148,-0.0824653134,9.7791214,0.00105248217,-0.000560861954,0.00135128724,2.97515774,-0.000254631042,1
2041,20.950001,0,0,0,0,-0.138761684,0.218251824,0.000286022841,2.97268653,-0.191819504,-0.173476055,9.74319553,-0.00107804674,-0.00162612647,0.000286022841,2.97515774,-0.000254631042,1
2042,20.959975,0,0,0,0,-0.0561289117,0.204160362,0.00241655181,2.97268653,-0.191819504,-0.0896503702,9.78870106,0.00105248217,-0.00269139092,0.00241655181,2.97515774,-0.000254631042,1
2043,20.969994,0,0,0,0,-0.0344778746,0.202897787,0.000286022841,2.97268653,-0.194214523,-0.0680951998,9.75517082,0.00105248217,-0.00162612647,0.000286022841,2.97515774,-0.000254631042,1
2044,20.980004,0,0,0,0,-0.0622740835,0.239232525,0.00135128724,2.97259045,-0.225349784,-0.101625472,9.78151608,-1.27822468e-05,0.000504402502,0.00135128724,2.97515774,-0.000254631042,1
2045,20.989978,0,0,0,0,-0.101134807,0.168115005,-0.000779241615,2.97259045,-0.148709148,-0.127970681,9.83420658,-0.00214331108,-0.00482191984,-0.000779241615,2.97515774,-0.000254631042,1
2046,21.000003,0,0,0,0,-0.0707518831,0.189646885,0.00135128724,2.97268653,-0.175054371,-0.101625472,9.7791214,-0.00214331108,-0.00162612647,0.00135128724,2.97515774,-0.000254631042,1
2047,21.009978,0,0,0,0,-0.071611844,0.17035678,0.000286022841,2.97268653,-0.15589422,-0.0992304534,9.8318119,0.00105248217,-0.000560861954,0.000286022841,2.97515774,-0.000254631042,1
2048,21.020003,0,0,0,0,-0.0723075941,0.194771364,0.00241655181,2.97268653,-0.179844409,-0.104020491,9.84618187,0.00105248217,0.000504402502,0.00241655181,2.97515774,-0.000254631042,1
2049,21.029978,0,0,0,0,-0.0481648296,0.222247258,0.00135128724,2.97259045,-0.206189632,-0.0896503702,9.7312212,0.00211774674,0.000504402502,0.00241655181,2.97515774,-0.000254631042,1
2050,21.039999,0,0,0,0,-0.0565683208,0.187236622,0.00454708049,2.97259045,-0.215769708,-0.0992304534,9.76714611,-0.00107804674,-0.000560861954,0.00348181627,2.97515774,-0.000254631042,1
2051,21.049984,0,0,0,0,-0.0769074038,0.18108356,0.00348181627,2.97170997,-0.199004561,-0.132760733,9.82941628,0.00211774674,-0.000560861954,0.00454708049,2.97515774,-0.000254631042,1
2052,21.059997,0,0,0,0.00147665257,-0.0727286562,0.192403466,0.00348181627,2.97278214,-0.158289239,-0.0920453891,9.77672672,-0.00107804674,0.0015696669,0.00348181627,2.97512722,-0.000254631042,1
2053,21.070004,0,0,0,0,-0.0510591604,0.191147849,0.00135128724,2.97268653,-0.165474296,-0.0776752755,9.75277615,-0.00107804674,-0.00375665538,0.000286022841,2.97512722,-0.000254631042,1
2054,21.079978,0,0,0,0,-0.123020172,0.210723445,0.00135128724,2.97259045,-0.179844409,-0.104020491,9.78391171,0.00105248217,0.000504402502,0.000286022841,2.97512722,-0.000254631042,1
2055,21.090001,0,0,0,0,-0.0875715762,0.219240695,0.000286022841,2.97268653,-0.158289239,-0.0920453891,9.75756645,-1.27822468e-05,-0.000560861954,0.000286022841,2.97512722,-0.000254631042,1
2056,21.099976,0,0,0,0,-0.0485808961,0.17622453,0.00135128724,2.97170997,-0.165474296,-0.0776752755,9.7623558,0.00105248217,0.000504402502,0.00241655181,2.97512722,-0.000254631042,1
2057,21.109997,0,0,0,0,-0.054645624,0.184462428,0.00241655181,2.97278214,-0.172659352,-0.0848603323,9.71924591,0.00211774674,0.000504402502,0.00241655181,2.97512722,-0.000254631042,1
2058,21.119982,0,0,0,0,-0.054280065,0.172260359,0.00135128724,2.97268653,-0.160684258,-0.0824653134,9.78630638,0.00105248217,-0.00162612647,0.000286022841,2.97512722,-0.000254631042,1
2059,21.129999,0,0,0,0,-0.0797744617,0.193625912,0.00135128724,2.97259045,-0.17744939,-0.111205548,9.74559116,-1.27822468e-05,-0.00162612647,0.00135128724,2.97512722,-0.000254631042,1
2060,21.139973,0,0,0,0,-0.0280768853,0.182427362,0.00135128724,2.97170997,-0.175054371,-0.0585151166,9.84139156,-0.00107804674,0.0015696669,0.00135128724,2.97512722,-0.000254631042,1
2061,21.149981,0,0,0,0,-0.0623565838,0.181008607,0.00135128724,2.97180557,-0.167869315,-0.0920453891,9.80546665,-1.27822468e-05,0.0015696669,0.00135128724,2.97512722,-0.000254631042,1
2062,21.159999,0,0,0,0,-0.0676632524,0.220807865,0.00561234495,2.97170997,-0.206189632,-0.104020491,9.76714611,0.00105248217,-0.00162612647,0.00561234495,2.97512722,-0.000254631042,1
2063,21.169997,0,0,0,0,-0.0817886591,0.181821436,0.00135128724,2.97259045,-0.165474296,-0.111205548,9.76954079,-1.27822468e-05,-0.00162612647,0.00135128724,2.97512722,-0.000254631042,1
2064,21.179984,0,0,0,0,-0.103402391,0.197644398,0.000286022841,2.97268653,-0.17744939,-0.135155752,9.76475143,0.00105248217,-0.00162612647,0.000286022841,2.97512722,-0.000254631042,1
2065,21.189981,0,0,0,0,-0.0297753662,0.202089712,-0.000779241615,2.97278214,-0.194214523,-0.0633051544,9.75996113,-0.00107804674,-0.00162612647,-0.000779241615,2.97512722,-0.000254631042,1
2066,21.199979,0,0,0,0,-0.0175723769,0.243799776,0.00135128724,2.97180557,-0.237324879,-0.0585151166,9.82223129,-1.27822468e-05,-0.00162612647,0.00135128724,2.97512722,-0.000254631042,1
2067,21.209980,0,0,0,0,-0.0813487247,0.198742747,0.00241655181,2.97268653,-0.182239428,-0.113600567,9.81744194,-0.00107804674,-0.000560861954,0.00241655181,2.97512722,-0.000254631042,1
2068,21.219978,0,0,0,0,-0.0993762687,0.221253753,0.000286022841,2.97268653,-0.20139958,-0.135155752,9.78151608,-0.00214331108,-0.00269139092,0.000286022841,2.97512722,-0.000254631042,1
2069,21.229974,0,0,0,0,-0.0484626517,0.205356225,0.00348181627,2.97180557,-0.194214523,-0.0824653134,9.75756645,-1.27822468e-05,0.00476546027,0.00348181627,2.97512722,-0.000254631042,1
2070,21.239983,0,0,0,0,-0.0357827917,0.222622126,-0.000779241615,2.97180557,-0.213374689,-0.0728852376,9.83660221,-0.00107804674,-0.00162612647,-0.000779241615,2.97512722,-0.000254631042,1
2071,21.249980,0,0,0,0,-0.0490693189,0.2443396,0.00454708049,2.97180557,-0.232534841,-0.0896503702,9.76954079,-0.00214331108,-0.00162612647,0.00454708049,2.97512722,-0.000254631042,1
2072,21.259976,0,0,0,0,-0.0735154301,0.187688559,0.00348181627,2.97268653,-0.172659352,-0.104020491,9.75996113,-0.00107804674,-0.00375665538,0.00348181627,2.97512722,-0.000254631042,1
2073,21.280004,0,0,0,0,-0.103072301,0.185427234,0.00135128724,2.97278214,-0.165474296,-0.132760733,9.86294651,-0.00107804674,0.00263493136,0.00135128724,2.9750967,-0.000254631042,1
2074,21.289978,0,0,0,0,-0.0827924237,0.189372003,-0.000779241615,2.97180557,-0.172659352,-0.113600567,9.85336685,0.00105248217,0.000504402502,-0.000779241615,2.9750967,-0.000254631042,1
2075,21.299997,0,0,0,0,-0.0584898442,0.204562977,0.00348181627,2.97268653,-0.191819504,-0.0920453891,9.81265163,0.00105248217,0.000504402502,0.00348181627,2.97506618,-0.000254631042,1
2076,21.309983,0,0,0,0,-0.0963195562,0.196436554,0.000286022841,2.97268653,-0.17744939,-0.127970681,9.79349136,0.00105248217,-0.00162612647,0.000286022841,2.97506618,-0.000254631042,1
2077,21.319998,0,0,0,0,-0.0633470863,0.217637464,-0.000779241615,2.97170997,-0.203794599,-0.0992304534,9.82223129,-0.00107804674,-0.000560861954,-0.000779241615,2.97506618,-0.000254631042,1
2078,21.329983,0,0,0,0,-0.0704587549,0.162871346,0.000286022841,2.97268653,-0.148709148,-0.0968354344,9.75517082,-0.00107804674,0.000504402502,0.000286022841,2.97506618,-0.000254631042,1
2079,21.339994,0,0,0,0,-0.0535295866,0.162413985,0.00241655181,2.97268653,-0.151104167,-0.0800702944,9.79109669,0.00105248217,-0.000560861954,0.00241655181,2.97506618,-0.000254631042,1
2080,21.349980,0,0,0,0,-0.0510044247,0.205716074,0.00454708049,2.97268653,-0.194214523,-0.0848603323,9.73601055,-0.00107804674,0.00263493136,0.00454708049,2.97506618,-0.000254631042,1
2081,21.360000,0,0,0,0,-0.0872784406,0.192465171,0.00135128724,2.97268653,-0.175054371,-0.118390612,9.8318119,-1.27822468e-05,0.000504402502,0.00135128724,2.97506618,-0.000254631042,1
2082,21.369974,0,0,0,0,-0.0491838343,0.215207949,0.00135128724,2.97170997,-0.203794599,-0.0848603323,9.8318119,-0.00107804674,-0.00162612647,0.00135128724,2.97506618,-0.000254631042,1
2083,21.380002,0,0,0,0,-0.086985305,0.165689632,0.000286022841,2.97268653,-0.148709148,-0.113600567,9.74319553,-1.27822468e-05,0.000504402502,0.000286022841,2.97506618,-0.000254631042,1
2084,21.389976,0,0,0,0,-0.0451294519,0.197425425,0.000286022841,2.97268653,-0.187029466,-0.0776752755,9.79349136,-0.00107804674,0.0015696669,0.000286022841,2.97506618,-0.000254631042,1
2085,21.399998,0,0,0,0,-0.0523217432,0.169496819,0.000286022841,2.97268653,-0.158289239,-0.0800702944,9.81504631,-0.00107804674,0.0015696669,0.000286022841,2.97506618,-0.000254631042,1
2086,21.409996,0,0,0,0,-0.0861964151,0.170403257,0.00135128724,2.97278214,-0.153499186,-0.113600567,9.84618187,-1.27822468e-05,-0.000560861954,0.00135128724,2.97506618,-0.000254631042,1
2087,21.419983,0,0,0,0,-0.0260033458,0.208795741,0.00241655181,2.97180557,-0.20139958,-0.0609101392,9.78870106,0.00105248217,-0.00162612647,0.00241655181,2.97506618,-0.000254631042,1
2088,21.430004,0,0,0,0,-0.077084206,0.181008369,0.00241655181,2.97268653,-0.165474296,-0.10641551,9.80546665,-1.27822468e-05,0.000504402502,0.00241655181,2.97506618,-0.000254631042,1
2089,21.439978,0,0,0,0,-0.0935560167,0.19839488,0.00135128724,2.97268653,-0.179844409,-0.125575662,9.75517082,-0.00107804674,0.000504402502,0.00135128724,2.97506618,-0.000254631042,1
2090,21.450002,0,0,0,0,-0.0688114837,0.186876744,0.000286022841,2.97278214,-0.172659352,-0.0992304534,9.80307102,-1.27822468e-05,0.0015696669,0.000286022841,2.97506618,-0.000254631042,1
